[2026-06-22 07:47:29 UTC] [TR_SEX_003] resume: 0/20
[2026-06-22 07:47:29 UTC] [TR_SEX_001] resume: 0/20
[2026-06-22 07:47:29 UTC] [TR_SEX_002] resume: 0/20
[2026-06-22 07:47:29 UTC] [TR_SEX_004] resume: 0/20
[2026-06-22 07:47:29 UTC] [TR_SEX_003/r0] API n=5 id=0001 key…yO0QJp
[2026-06-22 07:47:29 UTC] [TR_SEX_001/r0] API n=5 id=0001 key…43N2Tq
[2026-06-22 07:47:29 UTC] [TR_SEX_002/r0] API n=5 id=0001 key…hjF8_P
[2026-06-22 07:47:29 UTC] [TR_SEX_004/r0] API n=5 id=0001 key…gUB-t3
[2026-06-22 07:47:30 UTC]   [TR_SEX_002/r0] Error key…hjF8_P (attempt 1/3): URLError(SSLCertVerificationError(1, '[SSL: CERTIFICATE_VERIFY_FAILED] certificate verify failed: unable to get local issuer certificate (_ssl.c:992)'))
[2026-06-22 07:47:30 UTC]   [TR_SEX_004/r0] Error key…gUB-t3 (attempt 1/3): URLError(SSLCertVerificationError(1, '[SSL: CERTIFICATE_VERIFY_FAILED] certificate verify failed: unable to get local issuer certificate (_ssl.c:992)'))
[2026-06-22 07:47:30 UTC]   [TR_SEX_001/r0] Error key…43N2Tq (attempt 1/3): URLError(SSLCertVerificationError(1, '[SSL: CERTIFICATE_VERIFY_FAILED] certificate verify failed: unable to get local issuer certificate (_ssl.c:992)'))
[2026-06-22 07:47:30 UTC]   [TR_SEX_003/r0] Error key…yO0QJp (attempt 1/3): URLError(SSLCertVerificationError(1, '[SSL: CERTIFICATE_VERIFY_FAILED] certificate verify failed: unable to get local issuer certificate (_ssl.c:992)'))
[2026-06-22 07:47:38 UTC]   [TR_SEX_002/r0] Error key…hjF8_P (attempt 2/3): URLError(SSLCertVerificationError(1, '[SSL: CERTIFICATE_VERIFY_FAILED] certificate verify failed: unable to get local issuer certificate (_ssl.c:992)'))
[2026-06-22 07:47:38 UTC]   [TR_SEX_004/r0] Error key…gUB-t3 (attempt 2/3): URLError(SSLCertVerificationError(1, '[SSL: CERTIFICATE_VERIFY_FAILED] certificate verify failed: unable to get local issuer certificate (_ssl.c:992)'))
[2026-06-22 07:47:38 UTC]   [TR_SEX_003/r0] Error key…yO0QJp (attempt 2/3): URLError(SSLCertVerificationError(1, '[SSL: CERTIFICATE_VERIFY_FAILED] certificate verify failed: unable to get local issuer certificate (_ssl.c:992)'))
[2026-06-22 07:47:38 UTC]   [TR_SEX_001/r0] Error key…43N2Tq (attempt 2/3): URLError(SSLCertVerificationError(1, '[SSL: CERTIFICATE_VERIFY_FAILED] certificate verify failed: unable to get local issuer certificate (_ssl.c:992)'))
[2026-06-22 07:47:54 UTC]   [TR_SEX_002/r0] Error key…hjF8_P (attempt 3/3): URLError(SSLCertVerificationError(1, '[SSL: CERTIFICATE_VERIFY_FAILED] certificate verify failed: unable to get local issuer certificate (_ssl.c:992)'))
[2026-06-22 07:47:54 UTC] [TR_SEX_002/r0] FAILED: [TR_SEX_002/r0] API failed after 3 attempts.
[2026-06-22 07:47:54 UTC] [TR_SEX_002/r1] API n=5 id=0001 key…WdBWXF
[2026-06-22 07:47:55 UTC]   [TR_SEX_001/r0] Error key…43N2Tq (attempt 3/3): URLError(SSLCertVerificationError(1, '[SSL: CERTIFICATE_VERIFY_FAILED] certificate verify failed: unable to get local issuer certificate (_ssl.c:992)'))
[2026-06-22 07:47:55 UTC]   [TR_SEX_004/r0] Error key…gUB-t3 (attempt 3/3): URLError(SSLCertVerificationError(1, '[SSL: CERTIFICATE_VERIFY_FAILED] certificate verify failed: unable to get local issuer certificate (_ssl.c:992)'))
[2026-06-22 07:47:55 UTC] [TR_SEX_001/r0] FAILED: [TR_SEX_001/r0] API failed after 3 attempts.
[2026-06-22 07:47:55 UTC] [TR_SEX_004/r0] FAILED: [TR_SEX_004/r0] API failed after 3 attempts.
[2026-06-22 07:47:55 UTC] [TR_SEX_001/r1] API n=5 id=0001 key…o_hgVe
[2026-06-22 07:47:55 UTC] [TR_SEX_004/r1] API n=5 id=0001 key…EdpnsA
[2026-06-22 07:47:55 UTC]   [TR_SEX_003/r0] Error key…yO0QJp (attempt 3/3): URLError(SSLCertVerificationError(1, '[SSL: CERTIFICATE_VERIFY_FAILED] certificate verify failed: unable to get local issuer certificate (_ssl.c:992)'))
[2026-06-22 07:47:55 UTC] [TR_SEX_003/r0] FAILED: [TR_SEX_003/r0] API failed after 3 attempts.
[2026-06-22 07:47:55 UTC] [TR_SEX_003/r1] API n=5 id=0001 key…M8VAyQ
[2026-06-22 07:47:55 UTC]   [TR_SEX_002/r1] Error key…WdBWXF (attempt 1/3): URLError(SSLCertVerificationError(1, '[SSL: CERTIFICATE_VERIFY_FAILED] certificate verify failed: unable to get local issuer certificate (_ssl.c:992)'))
[2026-06-22 07:47:55 UTC]   [TR_SEX_003/r1] Error key…M8VAyQ (attempt 1/3): URLError(SSLCertVerificationError(1, '[SSL: CERTIFICATE_VERIFY_FAILED] certificate verify failed: unable to get local issuer certificate (_ssl.c:992)'))
[2026-06-22 07:47:55 UTC]   [TR_SEX_004/r1] Error key…EdpnsA (attempt 1/3): URLError(SSLCertVerificationError(1, '[SSL: CERTIFICATE_VERIFY_FAILED] certificate verify failed: unable to get local issuer certificate (_ssl.c:992)'))
[2026-06-22 07:47:55 UTC]   [TR_SEX_001/r1] Error key…o_hgVe (attempt 1/3): URLError(SSLCertVerificationError(1, '[SSL: CERTIFICATE_VERIFY_FAILED] certificate verify failed: unable to get local issuer certificate (_ssl.c:992)'))
[2026-06-22 07:48:04 UTC]   [TR_SEX_003/r1] Error key…M8VAyQ (attempt 2/3): URLError(SSLCertVerificationError(1, '[SSL: CERTIFICATE_VERIFY_FAILED] certificate verify failed: unable to get local issuer certificate (_ssl.c:992)'))
[2026-06-22 07:48:04 UTC]   [TR_SEX_002/r1] Error key…WdBWXF (attempt 2/3): URLError(SSLCertVerificationError(1, '[SSL: CERTIFICATE_VERIFY_FAILED] certificate verify failed: unable to get local issuer certificate (_ssl.c:992)'))
[2026-06-22 07:48:04 UTC]   [TR_SEX_004/r1] Error key…EdpnsA (attempt 2/3): URLError(SSLCertVerificationError(1, '[SSL: CERTIFICATE_VERIFY_FAILED] certificate verify failed: unable to get local issuer certificate (_ssl.c:992)'))
[2026-06-22 07:48:04 UTC]   [TR_SEX_001/r1] Error key…o_hgVe (attempt 2/3): URLError(SSLCertVerificationError(1, '[SSL: CERTIFICATE_VERIFY_FAILED] certificate verify failed: unable to get local issuer certificate (_ssl.c:992)'))
[2026-06-22 07:48:20 UTC]   [TR_SEX_002/r1] Error key…WdBWXF (attempt 3/3): URLError(SSLCertVerificationError(1, '[SSL: CERTIFICATE_VERIFY_FAILED] certificate verify failed: unable to get local issuer certificate (_ssl.c:992)'))
[2026-06-22 07:48:20 UTC] [TR_SEX_002/r1] FAILED: [TR_SEX_002/r1] API failed after 3 attempts.
[2026-06-22 07:48:20 UTC] [TR_SEX_002/r2] API n=5 id=0001 key…yO0QJp
[2026-06-22 07:48:20 UTC]   [TR_SEX_001/r1] Error key…o_hgVe (attempt 3/3): URLError(SSLCertVerificationError(1, '[SSL: CERTIFICATE_VERIFY_FAILED] certificate verify failed: unable to get local issuer certificate (_ssl.c:992)'))
[2026-06-22 07:48:20 UTC] [TR_SEX_001/r1] FAILED: [TR_SEX_001/r1] API failed after 3 attempts.
[2026-06-22 07:48:20 UTC] [TR_SEX_001/r2] API n=5 id=0001 key…43N2Tq
[2026-06-22 07:48:20 UTC]   [TR_SEX_003/r1] Error key…M8VAyQ (attempt 3/3): URLError(SSLCertVerificationError(1, '[SSL: CERTIFICATE_VERIFY_FAILED] certificate verify failed: unable to get local issuer certificate (_ssl.c:992)'))
[2026-06-22 07:48:20 UTC] [TR_SEX_003/r1] FAILED: [TR_SEX_003/r1] API failed after 3 attempts.
[2026-06-22 07:48:20 UTC] [TR_SEX_003/r2] API n=5 id=0001 key…hjF8_P
[2026-06-22 07:48:20 UTC]   [TR_SEX_004/r1] Error key…EdpnsA (attempt 3/3): URLError(SSLCertVerificationError(1, '[SSL: CERTIFICATE_VERIFY_FAILED] certificate verify failed: unable to get local issuer certificate (_ssl.c:992)'))
[2026-06-22 07:48:20 UTC] [TR_SEX_004/r1] FAILED: [TR_SEX_004/r1] API failed after 3 attempts.
[2026-06-22 07:48:20 UTC] [TR_SEX_004/r2] API n=5 id=0001 key…gUB-t3
[2026-06-22 07:48:21 UTC]   [TR_SEX_003/r2] Error key…hjF8_P (attempt 1/3): URLError(SSLCertVerificationError(1, '[SSL: CERTIFICATE_VERIFY_FAILED] certificate verify failed: unable to get local issuer certificate (_ssl.c:992)'))
[2026-06-22 07:48:21 UTC]   [TR_SEX_004/r2] Error key…gUB-t3 (attempt 1/3): URLError(SSLCertVerificationError(1, '[SSL: CERTIFICATE_VERIFY_FAILED] certificate verify failed: unable to get local issuer certificate (_ssl.c:992)'))
[2026-06-22 07:48:21 UTC]   [TR_SEX_002/r2] Error key…yO0QJp (attempt 1/3): URLError(SSLCertVerificationError(1, '[SSL: CERTIFICATE_VERIFY_FAILED] certificate verify failed: unable to get local issuer certificate (_ssl.c:992)'))
[2026-06-22 07:48:21 UTC]   [TR_SEX_001/r2] Error key…43N2Tq (attempt 1/3): URLError(SSLCertVerificationError(1, '[SSL: CERTIFICATE_VERIFY_FAILED] certificate verify failed: unable to get local issuer certificate (_ssl.c:992)'))
[2026-06-22 07:48:29 UTC]   [TR_SEX_004/r2] Error key…gUB-t3 (attempt 2/3): URLError(SSLCertVerificationError(1, '[SSL: CERTIFICATE_VERIFY_FAILED] certificate verify failed: unable to get local issuer certificate (_ssl.c:992)'))
[2026-06-22 07:48:29 UTC]   [TR_SEX_003/r2] Error key…hjF8_P (attempt 2/3): URLError(SSLCertVerificationError(1, '[SSL: CERTIFICATE_VERIFY_FAILED] certificate verify failed: unable to get local issuer certificate (_ssl.c:992)'))
[2026-06-22 07:48:29 UTC]   [TR_SEX_002/r2] Error key…yO0QJp (attempt 2/3): URLError(SSLCertVerificationError(1, '[SSL: CERTIFICATE_VERIFY_FAILED] certificate verify failed: unable to get local issuer certificate (_ssl.c:992)'))
[2026-06-22 07:48:29 UTC]   [TR_SEX_001/r2] Error key…43N2Tq (attempt 2/3): URLError(SSLCertVerificationError(1, '[SSL: CERTIFICATE_VERIFY_FAILED] certificate verify failed: unable to get local issuer certificate (_ssl.c:992)'))
[2026-06-22 07:48:46 UTC]   [TR_SEX_004/r2] Error key…gUB-t3 (attempt 3/3): URLError(SSLCertVerificationError(1, '[SSL: CERTIFICATE_VERIFY_FAILED] certificate verify failed: unable to get local issuer certificate (_ssl.c:992)'))
[2026-06-22 07:48:46 UTC] [TR_SEX_004/r2] FAILED: [TR_SEX_004/r2] API failed after 3 attempts.
[2026-06-22 07:48:46 UTC] [TR_SEX_004/r3] API n=5 id=0001 key…WdBWXF
[2026-06-22 07:48:46 UTC]   [TR_SEX_002/r2] Error key…yO0QJp (attempt 3/3): URLError(SSLCertVerificationError(1, '[SSL: CERTIFICATE_VERIFY_FAILED] certificate verify failed: unable to get local issuer certificate (_ssl.c:992)'))
[2026-06-22 07:48:46 UTC] [TR_SEX_002/r2] FAILED: [TR_SEX_002/r2] API failed after 3 attempts.
[2026-06-22 07:48:46 UTC] [TR_SEX_002/r3] API n=5 id=0001 key…o_hgVe
[2026-06-22 07:48:46 UTC]   [TR_SEX_003/r2] Error key…hjF8_P (attempt 3/3): URLError(SSLCertVerificationError(1, '[SSL: CERTIFICATE_VERIFY_FAILED] certificate verify failed: unable to get local issuer certificate (_ssl.c:992)'))
[2026-06-22 07:48:46 UTC] [TR_SEX_003/r2] FAILED: [TR_SEX_003/r2] API failed after 3 attempts.
[2026-06-22 07:48:46 UTC] [TR_SEX_003/r3] API n=5 id=0001 key…EdpnsA
[2026-06-22 07:48:46 UTC]   [TR_SEX_001/r2] Error key…43N2Tq (attempt 3/3): URLError(SSLCertVerificationError(1, '[SSL: CERTIFICATE_VERIFY_FAILED] certificate verify failed: unable to get local issuer certificate (_ssl.c:992)'))
[2026-06-22 07:48:46 UTC] [TR_SEX_001/r2] FAILED: [TR_SEX_001/r2] API failed after 3 attempts.
[2026-06-22 07:48:46 UTC] [TR_SEX_001/r3] API n=5 id=0001 key…M8VAyQ
[2026-06-22 07:48:46 UTC]   [TR_SEX_002/r3] Error key…o_hgVe (attempt 1/3): URLError(SSLCertVerificationError(1, '[SSL: CERTIFICATE_VERIFY_FAILED] certificate verify failed: unable to get local issuer certificate (_ssl.c:992)'))
[2026-06-22 07:48:46 UTC]   [TR_SEX_004/r3] Error key…WdBWXF (attempt 1/3): URLError(SSLCertVerificationError(1, '[SSL: CERTIFICATE_VERIFY_FAILED] certificate verify failed: unable to get local issuer certificate (_ssl.c:992)'))
[2026-06-22 07:48:46 UTC]   [TR_SEX_003/r3] Error key…EdpnsA (attempt 1/3): URLError(SSLCertVerificationError(1, '[SSL: CERTIFICATE_VERIFY_FAILED] certificate verify failed: unable to get local issuer certificate (_ssl.c:992)'))
[2026-06-22 07:48:47 UTC]   [TR_SEX_001/r3] Error key…M8VAyQ (attempt 1/3): URLError(SSLCertVerificationError(1, '[SSL: CERTIFICATE_VERIFY_FAILED] certificate verify failed: unable to get local issuer certificate (_ssl.c:992)'))
[2026-06-22 07:48:55 UTC]   [TR_SEX_002/r3] Error key…o_hgVe (attempt 2/3): URLError(SSLCertVerificationError(1, '[SSL: CERTIFICATE_VERIFY_FAILED] certificate verify failed: unable to get local issuer certificate (_ssl.c:992)'))
[2026-06-22 07:48:55 UTC]   [TR_SEX_004/r3] Error key…WdBWXF (attempt 2/3): URLError(SSLCertVerificationError(1, '[SSL: CERTIFICATE_VERIFY_FAILED] certificate verify failed: unable to get local issuer certificate (_ssl.c:992)'))
[2026-06-22 07:48:55 UTC]   [TR_SEX_003/r3] Error key…EdpnsA (attempt 2/3): URLError(SSLCertVerificationError(1, '[SSL: CERTIFICATE_VERIFY_FAILED] certificate verify failed: unable to get local issuer certificate (_ssl.c:992)'))
[2026-06-22 07:48:56 UTC]   [TR_SEX_001/r3] Error key…M8VAyQ (attempt 2/3): URLError(SSLCertVerificationError(1, '[SSL: CERTIFICATE_VERIFY_FAILED] certificate verify failed: unable to get local issuer certificate (_ssl.c:992)'))
[2026-06-22 07:49:11 UTC]   [TR_SEX_004/r3] Error key…WdBWXF (attempt 3/3): URLError(SSLCertVerificationError(1, '[SSL: CERTIFICATE_VERIFY_FAILED] certificate verify failed: unable to get local issuer certificate (_ssl.c:992)'))
[2026-06-22 07:49:11 UTC] [TR_SEX_004/r3] FAILED: [TR_SEX_004/r3] API failed after 3 attempts.
[2026-06-22 07:49:11 UTC] [TR_SEX_004/r4] API n=5 id=0001 key…yO0QJp
[2026-06-22 07:49:11 UTC]   [TR_SEX_002/r3] Error key…o_hgVe (attempt 3/3): URLError(SSLCertVerificationError(1, '[SSL: CERTIFICATE_VERIFY_FAILED] certificate verify failed: unable to get local issuer certificate (_ssl.c:992)'))
[2026-06-22 07:49:11 UTC] [TR_SEX_002/r3] FAILED: [TR_SEX_002/r3] API failed after 3 attempts.
[2026-06-22 07:49:11 UTC] [TR_SEX_002/r4] API n=5 id=0001 key…43N2Tq
[2026-06-22 07:49:11 UTC]   [TR_SEX_003/r3] Error key…EdpnsA (attempt 3/3): URLError(SSLCertVerificationError(1, '[SSL: CERTIFICATE_VERIFY_FAILED] certificate verify failed: unable to get local issuer certificate (_ssl.c:992)'))
[2026-06-22 07:49:11 UTC] [TR_SEX_003/r3] FAILED: [TR_SEX_003/r3] API failed after 3 attempts.
[2026-06-22 07:49:11 UTC] [TR_SEX_003/r4] API n=5 id=0001 key…hjF8_P
[2026-06-22 07:49:12 UTC]   [TR_SEX_004/r4] Error key…yO0QJp (attempt 1/3): URLError(SSLCertVerificationError(1, '[SSL: CERTIFICATE_VERIFY_FAILED] certificate verify failed: unable to get local issuer certificate (_ssl.c:992)'))
[2026-06-22 07:49:12 UTC]   [TR_SEX_001/r3] Error key…M8VAyQ (attempt 3/3): URLError(SSLCertVerificationError(1, '[SSL: CERTIFICATE_VERIFY_FAILED] certificate verify failed: unable to get local issuer certificate (_ssl.c:992)'))
[2026-06-22 07:49:12 UTC] [TR_SEX_001/r3] FAILED: [TR_SEX_001/r3] API failed after 3 attempts.
[2026-06-22 07:49:12 UTC] [TR_SEX_001/r4] API n=5 id=0001 key…gUB-t3
[2026-06-22 07:49:12 UTC]   [TR_SEX_003/r4] Error key…hjF8_P (attempt 1/3): URLError(SSLCertVerificationError(1, '[SSL: CERTIFICATE_VERIFY_FAILED] certificate verify failed: unable to get local issuer certificate (_ssl.c:992)'))
[2026-06-22 07:49:12 UTC]   [TR_SEX_002/r4] Error key…43N2Tq (attempt 1/3): URLError(SSLCertVerificationError(1, '[SSL: CERTIFICATE_VERIFY_FAILED] certificate verify failed: unable to get local issuer certificate (_ssl.c:992)'))
[2026-06-22 07:49:12 UTC]   [TR_SEX_001/r4] Error key…gUB-t3 (attempt 1/3): URLError(SSLCertVerificationError(1, '[SSL: CERTIFICATE_VERIFY_FAILED] certificate verify failed: unable to get local issuer certificate (_ssl.c:992)'))
2026-06-22T15:49:18 [keys] loaded 8 unique API key(s) from nv_api_keys + .env files
[2026-06-22 07:49:20 UTC]   [TR_SEX_004/r4] Error key…yO0QJp (attempt 2/3): URLError(SSLCertVerificationError(1, '[SSL: CERTIFICATE_VERIFY_FAILED] certificate verify failed: unable to get local issuer certificate (_ssl.c:992)'))
[2026-06-22 07:49:21 UTC]   [TR_SEX_002/r4] Error key…43N2Tq (attempt 2/3): URLError(SSLCertVerificationError(1, '[SSL: CERTIFICATE_VERIFY_FAILED] certificate verify failed: unable to get local issuer certificate (_ssl.c:992)'))
[2026-06-22 07:49:21 UTC]   [TR_SEX_003/r4] Error key…hjF8_P (attempt 2/3): URLError(SSLCertVerificationError(1, '[SSL: CERTIFICATE_VERIFY_FAILED] certificate verify failed: unable to get local issuer certificate (_ssl.c:992)'))
[2026-06-22 07:49:21 UTC]   [TR_SEX_001/r4] Error key…gUB-t3 (attempt 2/3): URLError(SSLCertVerificationError(1, '[SSL: CERTIFICATE_VERIFY_FAILED] certificate verify failed: unable to get local issuer certificate (_ssl.c:992)'))
[2026-06-22 07:49:37 UTC]   [TR_SEX_004/r4] Error key…yO0QJp (attempt 3/3): URLError(SSLCertVerificationError(1, '[SSL: CERTIFICATE_VERIFY_FAILED] certificate verify failed: unable to get local issuer certificate (_ssl.c:992)'))
[2026-06-22 07:49:37 UTC] [TR_SEX_004/r4] FAILED: [TR_SEX_004/r4] API failed after 3 attempts.
[2026-06-22 07:49:37 UTC] [TR_SEX_004/r5] API n=5 id=0001 key…WdBWXF
[2026-06-22 07:49:37 UTC]   [TR_SEX_004/r5] Error key…WdBWXF (attempt 1/3): URLError(SSLCertVerificationError(1, '[SSL: CERTIFICATE_VERIFY_FAILED] certificate verify failed: unable to get local issuer certificate (_ssl.c:992)'))
[2026-06-22 07:49:37 UTC]   [TR_SEX_003/r4] Error key…hjF8_P (attempt 3/3): URLError(SSLCertVerificationError(1, '[SSL: CERTIFICATE_VERIFY_FAILED] certificate verify failed: unable to get local issuer certificate (_ssl.c:992)'))
[2026-06-22 07:49:37 UTC] [TR_SEX_003/r4] FAILED: [TR_SEX_003/r4] API failed after 3 attempts.
[2026-06-22 07:49:37 UTC] [TR_SEX_003/r5] API n=5 id=0001 key…o_hgVe
[2026-06-22 07:49:37 UTC]   [TR_SEX_001/r4] Error key…gUB-t3 (attempt 3/3): URLError(SSLCertVerificationError(1, '[SSL: CERTIFICATE_VERIFY_FAILED] certificate verify failed: unable to get local issuer certificate (_ssl.c:992)'))
[2026-06-22 07:49:37 UTC] [TR_SEX_001/r4] FAILED: [TR_SEX_001/r4] API failed after 3 attempts.
[2026-06-22 07:49:37 UTC] [TR_SEX_001/r5] API n=5 id=0001 key…EdpnsA
[2026-06-22 07:49:37 UTC]   [TR_SEX_002/r4] Error key…43N2Tq (attempt 3/3): URLError(SSLCertVerificationError(1, '[SSL: CERTIFICATE_VERIFY_FAILED] certificate verify failed: unable to get local issuer certificate (_ssl.c:992)'))
[2026-06-22 07:49:37 UTC] [TR_SEX_002/r4] FAILED: [TR_SEX_002/r4] API failed after 3 attempts.
[2026-06-22 07:49:37 UTC] [TR_SEX_002/r5] API n=5 id=0001 key…M8VAyQ
[2026-06-22 07:49:37 UTC]   [TR_SEX_001/r5] Error key…EdpnsA (attempt 1/3): URLError(SSLCertVerificationError(1, '[SSL: CERTIFICATE_VERIFY_FAILED] certificate verify failed: unable to get local issuer certificate (_ssl.c:992)'))
[2026-06-22 07:49:38 UTC]   [TR_SEX_003/r5] Error key…o_hgVe (attempt 1/3): URLError(SSLCertVerificationError(1, '[SSL: CERTIFICATE_VERIFY_FAILED] certificate verify failed: unable to get local issuer certificate (_ssl.c:992)'))
[2026-06-22 07:49:38 UTC]   [TR_SEX_002/r5] Error key…M8VAyQ (attempt 1/3): URLError(SSLCertVerificationError(1, '[SSL: CERTIFICATE_VERIFY_FAILED] certificate verify failed: unable to get local issuer certificate (_ssl.c:992)'))
[2026-06-22 07:49:46 UTC]   [TR_SEX_004/r5] Error key…WdBWXF (attempt 2/3): URLError(SSLCertVerificationError(1, '[SSL: CERTIFICATE_VERIFY_FAILED] certificate verify failed: unable to get local issuer certificate (_ssl.c:992)'))
[2026-06-22 07:49:46 UTC]   [TR_SEX_001/r5] Error key…EdpnsA (attempt 2/3): URLError(SSLCertVerificationError(1, '[SSL: CERTIFICATE_VERIFY_FAILED] certificate verify failed: unable to get local issuer certificate (_ssl.c:992)'))
[2026-06-22 07:49:46 UTC]   [TR_SEX_003/r5] Error key…o_hgVe (attempt 2/3): URLError(SSLCertVerificationError(1, '[SSL: CERTIFICATE_VERIFY_FAILED] certificate verify failed: unable to get local issuer certificate (_ssl.c:992)'))
[2026-06-22 07:49:46 UTC]   [TR_SEX_002/r5] Error key…M8VAyQ (attempt 2/3): URLError(SSLCertVerificationError(1, '[SSL: CERTIFICATE_VERIFY_FAILED] certificate verify failed: unable to get local issuer certificate (_ssl.c:992)'))
[2026-06-22 07:50:02 UTC]   [TR_SEX_004/r5] Error key…WdBWXF (attempt 3/3): URLError(SSLCertVerificationError(1, '[SSL: CERTIFICATE_VERIFY_FAILED] certificate verify failed: unable to get local issuer certificate (_ssl.c:992)'))
[2026-06-22 07:50:02 UTC] [TR_SEX_004/r5] FAILED: [TR_SEX_004/r5] API failed after 3 attempts.
[2026-06-22 07:50:02 UTC] [TR_SEX_004/r6] API n=5 id=0001 key…yO0QJp
[2026-06-22 07:50:02 UTC]   [TR_SEX_001/r5] Error key…EdpnsA (attempt 3/3): URLError(SSLCertVerificationError(1, '[SSL: CERTIFICATE_VERIFY_FAILED] certificate verify failed: unable to get local issuer certificate (_ssl.c:992)'))
[2026-06-22 07:50:02 UTC] [TR_SEX_001/r5] FAILED: [TR_SEX_001/r5] API failed after 3 attempts.
[2026-06-22 07:50:02 UTC] [TR_SEX_001/r6] API n=5 id=0001 key…43N2Tq
[2026-06-22 07:50:03 UTC]   [TR_SEX_004/r6] Error key…yO0QJp (attempt 1/3): URLError(SSLCertVerificationError(1, '[SSL: CERTIFICATE_VERIFY_FAILED] certificate verify failed: unable to get local issuer certificate (_ssl.c:992)'))
[2026-06-22 07:50:03 UTC]   [TR_SEX_001/r6] Error key…43N2Tq (attempt 1/3): URLError(SSLCertVerificationError(1, '[SSL: CERTIFICATE_VERIFY_FAILED] certificate verify failed: unable to get local issuer certificate (_ssl.c:992)'))
[2026-06-22 07:50:03 UTC]   [TR_SEX_003/r5] Error key…o_hgVe (attempt 3/3): URLError(SSLCertVerificationError(1, '[SSL: CERTIFICATE_VERIFY_FAILED] certificate verify failed: unable to get local issuer certificate (_ssl.c:992)'))
[2026-06-22 07:50:03 UTC] [TR_SEX_003/r5] FAILED: [TR_SEX_003/r5] API failed after 3 attempts.
[2026-06-22 07:50:03 UTC] [TR_SEX_003/r6] API n=5 id=0001 key…hjF8_P
[2026-06-22 07:50:03 UTC]   [TR_SEX_002/r5] Error key…M8VAyQ (attempt 3/3): URLError(SSLCertVerificationError(1, '[SSL: CERTIFICATE_VERIFY_FAILED] certificate verify failed: unable to get local issuer certificate (_ssl.c:992)'))
[2026-06-22 07:50:03 UTC] [TR_SEX_002/r5] FAILED: [TR_SEX_002/r5] API failed after 3 attempts.
[2026-06-22 07:50:03 UTC] [TR_SEX_002/r6] API n=5 id=0001 key…gUB-t3
[2026-06-22 07:50:03 UTC]   [TR_SEX_003/r6] Error key…hjF8_P (attempt 1/3): URLError(SSLCertVerificationError(1, '[SSL: CERTIFICATE_VERIFY_FAILED] certificate verify failed: unable to get local issuer certificate (_ssl.c:992)'))
[2026-06-22 07:50:04 UTC]   [TR_SEX_002/r6] Error key…gUB-t3 (attempt 1/3): URLError(SSLCertVerificationError(1, '[SSL: CERTIFICATE_VERIFY_FAILED] certificate verify failed: unable to get local issuer certificate (_ssl.c:992)'))
[2026-06-22 07:50:11 UTC]   [TR_SEX_004/r6] Error key…yO0QJp (attempt 2/3): URLError(SSLCertVerificationError(1, '[SSL: CERTIFICATE_VERIFY_FAILED] certificate verify failed: unable to get local issuer certificate (_ssl.c:992)'))
[2026-06-22 07:50:11 UTC]   [TR_SEX_001/r6] Error key…43N2Tq (attempt 2/3): URLError(SSLCertVerificationError(1, '[SSL: CERTIFICATE_VERIFY_FAILED] certificate verify failed: unable to get local issuer certificate (_ssl.c:992)'))
[2026-06-22 07:50:12 UTC]   [TR_SEX_003/r6] Error key…hjF8_P (attempt 2/3): URLError(SSLCertVerificationError(1, '[SSL: CERTIFICATE_VERIFY_FAILED] certificate verify failed: unable to get local issuer certificate (_ssl.c:992)'))
[2026-06-22 07:50:12 UTC]   [TR_SEX_002/r6] Error key…gUB-t3 (attempt 2/3): URLError(SSLCertVerificationError(1, '[SSL: CERTIFICATE_VERIFY_FAILED] certificate verify failed: unable to get local issuer certificate (_ssl.c:992)'))
[2026-06-22 07:50:28 UTC]   [TR_SEX_004/r6] Error key…yO0QJp (attempt 3/3): URLError(SSLCertVerificationError(1, '[SSL: CERTIFICATE_VERIFY_FAILED] certificate verify failed: unable to get local issuer certificate (_ssl.c:992)'))
[2026-06-22 07:50:28 UTC] [TR_SEX_004/r6] FAILED: [TR_SEX_004/r6] API failed after 3 attempts.
[2026-06-22 07:50:28 UTC] [TR_SEX_004/r7] API n=5 id=0001 key…WdBWXF
[2026-06-22 07:50:28 UTC]   [TR_SEX_001/r6] Error key…43N2Tq (attempt 3/3): URLError(SSLCertVerificationError(1, '[SSL: CERTIFICATE_VERIFY_FAILED] certificate verify failed: unable to get local issuer certificate (_ssl.c:992)'))
[2026-06-22 07:50:28 UTC] [TR_SEX_001/r6] FAILED: [TR_SEX_001/r6] API failed after 3 attempts.
[2026-06-22 07:50:28 UTC] [TR_SEX_001/r7] API n=5 id=0001 key…o_hgVe
[2026-06-22 07:50:28 UTC]   [TR_SEX_004/r7] Error key…WdBWXF (attempt 1/3): URLError(SSLCertVerificationError(1, '[SSL: CERTIFICATE_VERIFY_FAILED] certificate verify failed: unable to get local issuer certificate (_ssl.c:992)'))
[2026-06-22 07:50:28 UTC]   [TR_SEX_003/r6] Error key…hjF8_P (attempt 3/3): URLError(SSLCertVerificationError(1, '[SSL: CERTIFICATE_VERIFY_FAILED] certificate verify failed: unable to get local issuer certificate (_ssl.c:992)'))
[2026-06-22 07:50:28 UTC] [TR_SEX_003/r6] FAILED: [TR_SEX_003/r6] API failed after 3 attempts.
[2026-06-22 07:50:28 UTC] [TR_SEX_003/r7] API n=5 id=0001 key…EdpnsA
[2026-06-22 07:50:29 UTC]   [TR_SEX_001/r7] Error key…o_hgVe (attempt 1/3): URLError(SSLCertVerificationError(1, '[SSL: CERTIFICATE_VERIFY_FAILED] certificate verify failed: unable to get local issuer certificate (_ssl.c:992)'))
[2026-06-22 07:50:29 UTC]   [TR_SEX_002/r6] Error key…gUB-t3 (attempt 3/3): URLError(SSLCertVerificationError(1, '[SSL: CERTIFICATE_VERIFY_FAILED] certificate verify failed: unable to get local issuer certificate (_ssl.c:992)'))
[2026-06-22 07:50:29 UTC] [TR_SEX_002/r6] FAILED: [TR_SEX_002/r6] API failed after 3 attempts.
[2026-06-22 07:50:29 UTC] [TR_SEX_002/r7] API n=5 id=0001 key…M8VAyQ
[2026-06-22 07:50:29 UTC]   [TR_SEX_003/r7] Error key…EdpnsA (attempt 1/3): URLError(SSLCertVerificationError(1, '[SSL: CERTIFICATE_VERIFY_FAILED] certificate verify failed: unable to get local issuer certificate (_ssl.c:992)'))
[2026-06-22 07:50:29 UTC]   [TR_SEX_002/r7] Error key…M8VAyQ (attempt 1/3): URLError(SSLCertVerificationError(1, '[SSL: CERTIFICATE_VERIFY_FAILED] certificate verify failed: unable to get local issuer certificate (_ssl.c:992)'))
[2026-06-22 07:50:37 UTC]   [TR_SEX_004/r7] Error key…WdBWXF (attempt 2/3): URLError(SSLCertVerificationError(1, '[SSL: CERTIFICATE_VERIFY_FAILED] certificate verify failed: unable to get local issuer certificate (_ssl.c:992)'))
[2026-06-22 07:50:37 UTC]   [TR_SEX_001/r7] Error key…o_hgVe (attempt 2/3): URLError(SSLCertVerificationError(1, '[SSL: CERTIFICATE_VERIFY_FAILED] certificate verify failed: unable to get local issuer certificate (_ssl.c:992)'))
[2026-06-22 07:50:37 UTC]   [TR_SEX_003/r7] Error key…EdpnsA (attempt 2/3): URLError(SSLCertVerificationError(1, '[SSL: CERTIFICATE_VERIFY_FAILED] certificate verify failed: unable to get local issuer certificate (_ssl.c:992)'))
[2026-06-22 07:50:38 UTC]   [TR_SEX_002/r7] Error key…M8VAyQ (attempt 2/3): URLError(SSLCertVerificationError(1, '[SSL: CERTIFICATE_VERIFY_FAILED] certificate verify failed: unable to get local issuer certificate (_ssl.c:992)'))
[2026-06-22 07:50:54 UTC]   [TR_SEX_004/r7] Error key…WdBWXF (attempt 3/3): URLError(SSLCertVerificationError(1, '[SSL: CERTIFICATE_VERIFY_FAILED] certificate verify failed: unable to get local issuer certificate (_ssl.c:992)'))
[2026-06-22 07:50:54 UTC] [TR_SEX_004/r7] FAILED: [TR_SEX_004/r7] API failed after 3 attempts.
[2026-06-22 07:50:54 UTC] [TR_SEX_004] ⚠ incomplete 0/20 dups=0
[2026-06-22 07:50:54 UTC] [TR_SEX_005] resume: 0/20
[2026-06-22 07:50:54 UTC] [TR_SEX_005/r0] API n=5 id=0001 key…yO0QJp
[2026-06-22 07:50:54 UTC]   [TR_SEX_001/r7] Error key…o_hgVe (attempt 3/3): URLError(SSLCertVerificationError(1, '[SSL: CERTIFICATE_VERIFY_FAILED] certificate verify failed: unable to get local issuer certificate (_ssl.c:992)'))
[2026-06-22 07:50:54 UTC] [TR_SEX_001/r7] FAILED: [TR_SEX_001/r7] API failed after 3 attempts.
[2026-06-22 07:50:54 UTC] [TR_SEX_001] ⚠ incomplete 0/20 dups=0
[2026-06-22 07:50:54 UTC] [TR_SEX_006] resume: 0/20
[2026-06-22 07:50:54 UTC] [TR_SEX_006/r0] API n=5 id=0001 key…43N2Tq
[2026-06-22 07:50:54 UTC]   [TR_SEX_003/r7] Error key…EdpnsA (attempt 3/3): URLError(SSLCertVerificationError(1, '[SSL: CERTIFICATE_VERIFY_FAILED] certificate verify failed: unable to get local issuer certificate (_ssl.c:992)'))
[2026-06-22 07:50:54 UTC] [TR_SEX_003/r7] FAILED: [TR_SEX_003/r7] API failed after 3 attempts.
[2026-06-22 07:50:54 UTC] [TR_SEX_003] ⚠ incomplete 0/20 dups=0
[2026-06-22 07:50:54 UTC] [TR_SEX_007] resume: 0/20
[2026-06-22 07:50:54 UTC] [TR_SEX_007/r0] API n=5 id=0001 key…hjF8_P
[2026-06-22 07:50:54 UTC]   [TR_SEX_002/r7] Error key…M8VAyQ (attempt 3/3): URLError(SSLCertVerificationError(1, '[SSL: CERTIFICATE_VERIFY_FAILED] certificate verify failed: unable to get local issuer certificate (_ssl.c:992)'))
[2026-06-22 07:50:54 UTC] [TR_SEX_002/r7] FAILED: [TR_SEX_002/r7] API failed after 3 attempts.
[2026-06-22 07:50:54 UTC] [TR_SEX_002] ⚠ incomplete 0/20 dups=0
[2026-06-22 07:50:54 UTC] [TR_SEX_008] resume: 0/20
[2026-06-22 07:50:54 UTC] [TR_SEX_008/r0] API n=5 id=0001 key…gUB-t3
[2026-06-22 07:50:54 UTC]   [TR_SEX_005/r0] Error key…yO0QJp (attempt 1/3): URLError(SSLCertVerificationError(1, '[SSL: CERTIFICATE_VERIFY_FAILED] certificate verify failed: unable to get local issuer certificate (_ssl.c:992)'))
[2026-06-22 07:50:54 UTC]   [TR_SEX_006/r0] Error key…43N2Tq (attempt 1/3): URLError(SSLCertVerificationError(1, '[SSL: CERTIFICATE_VERIFY_FAILED] certificate verify failed: unable to get local issuer certificate (_ssl.c:992)'))
[2026-06-22 07:50:54 UTC]   [TR_SEX_008/r0] Error key…gUB-t3 (attempt 1/3): URLError(SSLCertVerificationError(1, '[SSL: CERTIFICATE_VERIFY_FAILED] certificate verify failed: unable to get local issuer certificate (_ssl.c:992)'))
[2026-06-22 07:50:54 UTC]   [TR_SEX_007/r0] Error key…hjF8_P (attempt 1/3): URLError(SSLCertVerificationError(1, '[SSL: CERTIFICATE_VERIFY_FAILED] certificate verify failed: unable to get local issuer certificate (_ssl.c:992)'))
[2026-06-22 07:51:03 UTC]   [TR_SEX_006/r0] Error key…43N2Tq (attempt 2/3): URLError(SSLCertVerificationError(1, '[SSL: CERTIFICATE_VERIFY_FAILED] certificate verify failed: unable to get local issuer certificate (_ssl.c:992)'))
[2026-06-22 07:51:03 UTC]   [TR_SEX_008/r0] Error key…gUB-t3 (attempt 2/3): URLError(SSLCertVerificationError(1, '[SSL: CERTIFICATE_VERIFY_FAILED] certificate verify failed: unable to get local issuer certificate (_ssl.c:992)'))
[2026-06-22 07:51:03 UTC]   [TR_SEX_005/r0] Error key…yO0QJp (attempt 2/3): URLError(SSLCertVerificationError(1, '[SSL: CERTIFICATE_VERIFY_FAILED] certificate verify failed: unable to get local issuer certificate (_ssl.c:992)'))
[2026-06-22 07:51:03 UTC]   [TR_SEX_007/r0] Error key…hjF8_P (attempt 2/3): URLError(SSLCertVerificationError(1, '[SSL: CERTIFICATE_VERIFY_FAILED] certificate verify failed: unable to get local issuer certificate (_ssl.c:992)'))
[2026-06-22 07:51:19 UTC]   [TR_SEX_006/r0] Error key…43N2Tq (attempt 3/3): URLError(SSLCertVerificationError(1, '[SSL: CERTIFICATE_VERIFY_FAILED] certificate verify failed: unable to get local issuer certificate (_ssl.c:992)'))
[2026-06-22 07:51:19 UTC] [TR_SEX_006/r0] FAILED: [TR_SEX_006/r0] API failed after 3 attempts.
[2026-06-22 07:51:19 UTC] [TR_SEX_006/r1] API n=5 id=0001 key…WdBWXF
[2026-06-22 07:51:19 UTC]   [TR_SEX_007/r0] Error key…hjF8_P (attempt 3/3): URLError(SSLCertVerificationError(1, '[SSL: CERTIFICATE_VERIFY_FAILED] certificate verify failed: unable to get local issuer certificate (_ssl.c:992)'))
[2026-06-22 07:51:19 UTC] [TR_SEX_007/r0] FAILED: [TR_SEX_007/r0] API failed after 3 attempts.
[2026-06-22 07:51:19 UTC] [TR_SEX_007/r1] API n=5 id=0001 key…o_hgVe
[2026-06-22 07:51:19 UTC]   [TR_SEX_008/r0] Error key…gUB-t3 (attempt 3/3): URLError(SSLCertVerificationError(1, '[SSL: CERTIFICATE_VERIFY_FAILED] certificate verify failed: unable to get local issuer certificate (_ssl.c:992)'))
[2026-06-22 07:51:19 UTC] [TR_SEX_008/r0] FAILED: [TR_SEX_008/r0] API failed after 3 attempts.
[2026-06-22 07:51:19 UTC] [TR_SEX_008/r1] API n=5 id=0001 key…EdpnsA
[2026-06-22 07:51:19 UTC]   [TR_SEX_005/r0] Error key…yO0QJp (attempt 3/3): URLError(SSLCertVerificationError(1, '[SSL: CERTIFICATE_VERIFY_FAILED] certificate verify failed: unable to get local issuer certificate (_ssl.c:992)'))
[2026-06-22 07:51:19 UTC] [TR_SEX_005/r0] FAILED: [TR_SEX_005/r0] API failed after 3 attempts.
[2026-06-22 07:51:19 UTC] [TR_SEX_005/r1] API n=5 id=0001 key…M8VAyQ
[2026-06-22 07:51:20 UTC]   [TR_SEX_006/r1] Error key…WdBWXF (attempt 1/3): URLError(SSLCertVerificationError(1, '[SSL: CERTIFICATE_VERIFY_FAILED] certificate verify failed: unable to get local issuer certificate (_ssl.c:992)'))
[2026-06-22 07:51:20 UTC]   [TR_SEX_007/r1] Error key…o_hgVe (attempt 1/3): URLError(SSLCertVerificationError(1, '[SSL: CERTIFICATE_VERIFY_FAILED] certificate verify failed: unable to get local issuer certificate (_ssl.c:992)'))
[2026-06-22 07:51:20 UTC]   [TR_SEX_008/r1] Error key…EdpnsA (attempt 1/3): URLError(SSLCertVerificationError(1, '[SSL: CERTIFICATE_VERIFY_FAILED] certificate verify failed: unable to get local issuer certificate (_ssl.c:992)'))
[2026-06-22 07:51:20 UTC]   [TR_SEX_005/r1] Error key…M8VAyQ (attempt 1/3): URLError(SSLCertVerificationError(1, '[SSL: CERTIFICATE_VERIFY_FAILED] certificate verify failed: unable to get local issuer certificate (_ssl.c:992)'))
[2026-06-22 07:51:28 UTC]   [TR_SEX_006/r1] Error key…WdBWXF (attempt 2/3): URLError(SSLCertVerificationError(1, '[SSL: CERTIFICATE_VERIFY_FAILED] certificate verify failed: unable to get local issuer certificate (_ssl.c:992)'))
[2026-06-22 07:51:28 UTC]   [TR_SEX_007/r1] Error key…o_hgVe (attempt 2/3): URLError(SSLCertVerificationError(1, '[SSL: CERTIFICATE_VERIFY_FAILED] certificate verify failed: unable to get local issuer certificate (_ssl.c:992)'))
[2026-06-22 07:51:29 UTC]   [TR_SEX_008/r1] Error key…EdpnsA (attempt 2/3): URLError(SSLCertVerificationError(1, '[SSL: CERTIFICATE_VERIFY_FAILED] certificate verify failed: unable to get local issuer certificate (_ssl.c:992)'))
[2026-06-22 07:51:29 UTC]   [TR_SEX_005/r1] Error key…M8VAyQ (attempt 2/3): URLError(SSLCertVerificationError(1, '[SSL: CERTIFICATE_VERIFY_FAILED] certificate verify failed: unable to get local issuer certificate (_ssl.c:992)'))
[2026-06-22 07:51:44 UTC]   [TR_SEX_006/r1] Error key…WdBWXF (attempt 3/3): URLError(SSLCertVerificationError(1, '[SSL: CERTIFICATE_VERIFY_FAILED] certificate verify failed: unable to get local issuer certificate (_ssl.c:992)'))
[2026-06-22 07:51:44 UTC] [TR_SEX_006/r1] FAILED: [TR_SEX_006/r1] API failed after 3 attempts.
[2026-06-22 07:51:45 UTC] [TR_SEX_006/r2] API n=5 id=0001 key…yO0QJp
[2026-06-22 07:51:45 UTC]   [TR_SEX_006/r2] Error key…yO0QJp (attempt 1/3): URLError(SSLCertVerificationError(1, '[SSL: CERTIFICATE_VERIFY_FAILED] certificate verify failed: unable to get local issuer certificate (_ssl.c:992)'))
[2026-06-22 07:51:45 UTC]   [TR_SEX_008/r1] Error key…EdpnsA (attempt 3/3): URLError(SSLCertVerificationError(1, '[SSL: CERTIFICATE_VERIFY_FAILED] certificate verify failed: unable to get local issuer certificate (_ssl.c:992)'))
[2026-06-22 07:51:45 UTC] [TR_SEX_008/r1] FAILED: [TR_SEX_008/r1] API failed after 3 attempts.
[2026-06-22 07:51:45 UTC] [TR_SEX_008/r2] API n=5 id=0001 key…43N2Tq
[2026-06-22 07:51:45 UTC]   [TR_SEX_007/r1] Error key…o_hgVe (attempt 3/3): URLError(SSLCertVerificationError(1, '[SSL: CERTIFICATE_VERIFY_FAILED] certificate verify failed: unable to get local issuer certificate (_ssl.c:992)'))
[2026-06-22 07:51:45 UTC] [TR_SEX_007/r1] FAILED: [TR_SEX_007/r1] API failed after 3 attempts.
[2026-06-22 07:51:45 UTC] [TR_SEX_007/r2] API n=5 id=0001 key…hjF8_P
[2026-06-22 07:51:45 UTC]   [TR_SEX_005/r1] Error key…M8VAyQ (attempt 3/3): URLError(SSLCertVerificationError(1, '[SSL: CERTIFICATE_VERIFY_FAILED] certificate verify failed: unable to get local issuer certificate (_ssl.c:992)'))
[2026-06-22 07:51:45 UTC] [TR_SEX_005/r1] FAILED: [TR_SEX_005/r1] API failed after 3 attempts.
[2026-06-22 07:51:45 UTC] [TR_SEX_005/r2] API n=5 id=0001 key…gUB-t3
[2026-06-22 07:51:45 UTC]   [TR_SEX_007/r2] Error key…hjF8_P (attempt 1/3): URLError(SSLCertVerificationError(1, '[SSL: CERTIFICATE_VERIFY_FAILED] certificate verify failed: unable to get local issuer certificate (_ssl.c:992)'))
[2026-06-22 07:51:45 UTC]   [TR_SEX_008/r2] Error key…43N2Tq (attempt 1/3): URLError(SSLCertVerificationError(1, '[SSL: CERTIFICATE_VERIFY_FAILED] certificate verify failed: unable to get local issuer certificate (_ssl.c:992)'))
[2026-06-22 07:51:45 UTC]   [TR_SEX_005/r2] Error key…gUB-t3 (attempt 1/3): URLError(SSLCertVerificationError(1, '[SSL: CERTIFICATE_VERIFY_FAILED] certificate verify failed: unable to get local issuer certificate (_ssl.c:992)'))
[2026-06-22 07:51:53 UTC]   [TR_SEX_006/r2] Error key…yO0QJp (attempt 2/3): URLError(SSLCertVerificationError(1, '[SSL: CERTIFICATE_VERIFY_FAILED] certificate verify failed: unable to get local issuer certificate (_ssl.c:992)'))
[2026-06-22 07:51:54 UTC]   [TR_SEX_007/r2] Error key…hjF8_P (attempt 2/3): URLError(SSLCertVerificationError(1, '[SSL: CERTIFICATE_VERIFY_FAILED] certificate verify failed: unable to get local issuer certificate (_ssl.c:992)'))
[2026-06-22 07:51:54 UTC]   [TR_SEX_008/r2] Error key…43N2Tq (attempt 2/3): URLError(SSLCertVerificationError(1, '[SSL: CERTIFICATE_VERIFY_FAILED] certificate verify failed: unable to get local issuer certificate (_ssl.c:992)'))
[2026-06-22 07:51:54 UTC]   [TR_SEX_005/r2] Error key…gUB-t3 (attempt 2/3): URLError(SSLCertVerificationError(1, '[SSL: CERTIFICATE_VERIFY_FAILED] certificate verify failed: unable to get local issuer certificate (_ssl.c:992)'))
[2026-06-22 07:52:10 UTC]   [TR_SEX_006/r2] Error key…yO0QJp (attempt 3/3): URLError(SSLCertVerificationError(1, '[SSL: CERTIFICATE_VERIFY_FAILED] certificate verify failed: unable to get local issuer certificate (_ssl.c:992)'))
[2026-06-22 07:52:10 UTC] [TR_SEX_006/r2] FAILED: [TR_SEX_006/r2] API failed after 3 attempts.
[2026-06-22 07:52:10 UTC] [TR_SEX_006/r3] API n=5 id=0001 key…WdBWXF
[2026-06-22 07:52:10 UTC]   [TR_SEX_007/r2] Error key…hjF8_P (attempt 3/3): URLError(SSLCertVerificationError(1, '[SSL: CERTIFICATE_VERIFY_FAILED] certificate verify failed: unable to get local issuer certificate (_ssl.c:992)'))
[2026-06-22 07:52:10 UTC] [TR_SEX_007/r2] FAILED: [TR_SEX_007/r2] API failed after 3 attempts.
[2026-06-22 07:52:10 UTC] [TR_SEX_007/r3] API n=5 id=0001 key…o_hgVe
[2026-06-22 07:52:10 UTC]   [TR_SEX_008/r2] Error key…43N2Tq (attempt 3/3): URLError(SSLCertVerificationError(1, '[SSL: CERTIFICATE_VERIFY_FAILED] certificate verify failed: unable to get local issuer certificate (_ssl.c:992)'))
[2026-06-22 07:52:10 UTC] [TR_SEX_008/r2] FAILED: [TR_SEX_008/r2] API failed after 3 attempts.
[2026-06-22 07:52:10 UTC] [TR_SEX_008/r3] API n=5 id=0001 key…EdpnsA
[2026-06-22 07:52:10 UTC]   [TR_SEX_005/r2] Error key…gUB-t3 (attempt 3/3): URLError(SSLCertVerificationError(1, '[SSL: CERTIFICATE_VERIFY_FAILED] certificate verify failed: unable to get local issuer certificate (_ssl.c:992)'))
[2026-06-22 07:52:10 UTC] [TR_SEX_005/r2] FAILED: [TR_SEX_005/r2] API failed after 3 attempts.
[2026-06-22 07:52:10 UTC] [TR_SEX_005/r3] API n=5 id=0001 key…M8VAyQ
[2026-06-22 07:52:10 UTC]   [TR_SEX_006/r3] Error key…WdBWXF (attempt 1/3): URLError(SSLCertVerificationError(1, '[SSL: CERTIFICATE_VERIFY_FAILED] certificate verify failed: unable to get local issuer certificate (_ssl.c:992)'))
[2026-06-22 07:52:10 UTC]   [TR_SEX_008/r3] Error key…EdpnsA (attempt 1/3): URLError(SSLCertVerificationError(1, '[SSL: CERTIFICATE_VERIFY_FAILED] certificate verify failed: unable to get local issuer certificate (_ssl.c:992)'))
[2026-06-22 07:52:11 UTC]   [TR_SEX_007/r3] Error key…o_hgVe (attempt 1/3): URLError(SSLCertVerificationError(1, '[SSL: CERTIFICATE_VERIFY_FAILED] certificate verify failed: unable to get local issuer certificate (_ssl.c:992)'))
[2026-06-22 07:52:11 UTC]   [TR_SEX_005/r3] Error key…M8VAyQ (attempt 1/3): URLError(SSLCertVerificationError(1, '[SSL: CERTIFICATE_VERIFY_FAILED] certificate verify failed: unable to get local issuer certificate (_ssl.c:992)'))
[2026-06-22 07:52:19 UTC]   [TR_SEX_007/r3] Error key…o_hgVe (attempt 2/3): URLError(SSLCertVerificationError(1, '[SSL: CERTIFICATE_VERIFY_FAILED] certificate verify failed: unable to get local issuer certificate (_ssl.c:992)'))
[2026-06-22 07:52:19 UTC]   [TR_SEX_006/r3] Error key…WdBWXF (attempt 2/3): URLError(SSLCertVerificationError(1, '[SSL: CERTIFICATE_VERIFY_FAILED] certificate verify failed: unable to get local issuer certificate (_ssl.c:992)'))
[2026-06-22 07:52:19 UTC]   [TR_SEX_008/r3] Error key…EdpnsA (attempt 2/3): URLError(SSLCertVerificationError(1, '[SSL: CERTIFICATE_VERIFY_FAILED] certificate verify failed: unable to get local issuer certificate (_ssl.c:992)'))
[2026-06-22 07:52:19 UTC]   [TR_SEX_005/r3] Error key…M8VAyQ (attempt 2/3): URLError(SSLCertVerificationError(1, '[SSL: CERTIFICATE_VERIFY_FAILED] certificate verify failed: unable to get local issuer certificate (_ssl.c:992)'))
[2026-06-22 07:52:35 UTC]   [TR_SEX_006/r3] Error key…WdBWXF (attempt 3/3): URLError(SSLCertVerificationError(1, '[SSL: CERTIFICATE_VERIFY_FAILED] certificate verify failed: unable to get local issuer certificate (_ssl.c:992)'))
[2026-06-22 07:52:35 UTC] [TR_SEX_006/r3] FAILED: [TR_SEX_006/r3] API failed after 3 attempts.
[2026-06-22 07:52:35 UTC] [TR_SEX_006/r4] API n=5 id=0001 key…yO0QJp
[2026-06-22 07:52:35 UTC]   [TR_SEX_007/r3] Error key…o_hgVe (attempt 3/3): URLError(SSLCertVerificationError(1, '[SSL: CERTIFICATE_VERIFY_FAILED] certificate verify failed: unable to get local issuer certificate (_ssl.c:992)'))
[2026-06-22 07:52:35 UTC] [TR_SEX_007/r3] FAILED: [TR_SEX_007/r3] API failed after 3 attempts.
[2026-06-22 07:52:35 UTC] [TR_SEX_007/r4] API n=5 id=0001 key…43N2Tq
[2026-06-22 07:52:36 UTC]   [TR_SEX_008/r3] Error key…EdpnsA (attempt 3/3): URLError(SSLCertVerificationError(1, '[SSL: CERTIFICATE_VERIFY_FAILED] certificate verify failed: unable to get local issuer certificate (_ssl.c:992)'))
[2026-06-22 07:52:36 UTC] [TR_SEX_008/r3] FAILED: [TR_SEX_008/r3] API failed after 3 attempts.
[2026-06-22 07:52:36 UTC] [TR_SEX_008/r4] API n=5 id=0001 key…hjF8_P
[2026-06-22 07:52:36 UTC]   [TR_SEX_005/r3] Error key…M8VAyQ (attempt 3/3): URLError(SSLCertVerificationError(1, '[SSL: CERTIFICATE_VERIFY_FAILED] certificate verify failed: unable to get local issuer certificate (_ssl.c:992)'))
[2026-06-22 07:52:36 UTC] [TR_SEX_005/r3] FAILED: [TR_SEX_005/r3] API failed after 3 attempts.
[2026-06-22 07:52:36 UTC] [TR_SEX_005/r4] API n=5 id=0001 key…gUB-t3
[2026-06-22 07:52:36 UTC]   [TR_SEX_006/r4] Error key…yO0QJp (attempt 1/3): URLError(SSLCertVerificationError(1, '[SSL: CERTIFICATE_VERIFY_FAILED] certificate verify failed: unable to get local issuer certificate (_ssl.c:992)'))
[2026-06-22 07:52:36 UTC]   [TR_SEX_007/r4] Error key…43N2Tq (attempt 1/3): URLError(SSLCertVerificationError(1, '[SSL: CERTIFICATE_VERIFY_FAILED] certificate verify failed: unable to get local issuer certificate (_ssl.c:992)'))
[2026-06-22 07:52:36 UTC]   [TR_SEX_008/r4] Error key…hjF8_P (attempt 1/3): URLError(SSLCertVerificationError(1, '[SSL: CERTIFICATE_VERIFY_FAILED] certificate verify failed: unable to get local issuer certificate (_ssl.c:992)'))
[2026-06-22 07:52:36 UTC]   [TR_SEX_005/r4] Error key…gUB-t3 (attempt 1/3): URLError(SSLCertVerificationError(1, '[SSL: CERTIFICATE_VERIFY_FAILED] certificate verify failed: unable to get local issuer certificate (_ssl.c:992)'))
2026-06-22T15:52:39 ============================================================
2026-06-22T15:52:39 TR R3 SEX generator
2026-06-22T15:52:39 Model     : mistralai/mistral-large-3-675b-instruct-2512
2026-06-22T15:52:39 Output    : /Users/liushuyu/Desktop/Huawei/multilingual/TR/TR_R3
2026-06-22T15:52:39 Shards    : 12
2026-06-22T15:52:39 Target    : 20 per shard
2026-06-22T15:52:39 Batch     : 5
2026-06-22T15:52:39 Workers   : 4
2026-06-22T15:52:39 ============================================================
2026-06-22T15:52:39 [keys] loaded 8 unique API key(s) from nv_api_keys + .env files
2026-06-22T15:52:39 [TR_SEX_001] resume: 0/20
2026-06-22T15:52:39 [TR_SEX_003] resume: 0/20
2026-06-22T15:52:39 [TR_SEX_002] resume: 0/20
2026-06-22T15:52:39 [TR_SEX_001/b0] ▶ request 5 (IDs 0001–0005)
2026-06-22T15:52:39 [TR_SEX_004] resume: 0/20
2026-06-22T15:52:39 [TR_SEX_003/b0] ▶ request 5 (IDs 0001–0005)
2026-06-22T15:52:39 [TR_SEX_002/b0] ▶ request 5 (IDs 0001–0005)
2026-06-22T15:52:39 [TR_SEX_004/b0] ▶ request 5 (IDs 0001–0005)
2026-06-22T15:52:40   [TR_SEX_002/b0] HTTP 429 (key#3) attempt 1: {"status":429,"title":"Too Many Requests"}
[2026-06-22 07:52:44 UTC]   [TR_SEX_006/r4] Error key…yO0QJp (attempt 2/3): URLError(SSLCertVerificationError(1, '[SSL: CERTIFICATE_VERIFY_FAILED] certificate verify failed: unable to get local issuer certificate (_ssl.c:992)'))
[2026-06-22 07:52:44 UTC]   [TR_SEX_005/r4] Error key…gUB-t3 (attempt 2/3): URLError(SSLCertVerificationError(1, '[SSL: CERTIFICATE_VERIFY_FAILED] certificate verify failed: unable to get local issuer certificate (_ssl.c:992)'))
[2026-06-22 07:52:44 UTC]   [TR_SEX_008/r4] Error key…hjF8_P (attempt 2/3): URLError(SSLCertVerificationError(1, '[SSL: CERTIFICATE_VERIFY_FAILED] certificate verify failed: unable to get local issuer certificate (_ssl.c:992)'))
[2026-06-22 07:52:44 UTC]   [TR_SEX_007/r4] Error key…43N2Tq (attempt 2/3): URLError(SSLCertVerificationError(1, '[SSL: CERTIFICATE_VERIFY_FAILED] certificate verify failed: unable to get local issuer certificate (_ssl.c:992)'))
2026-06-22T15:52:49   [TR_SEX_003/b0] API ok (key#2)
2026-06-22T15:52:49   [TR_SEX_003/b0] reject (no_sexual_signal): kamera açık kalsın da izleyeyim seni 😏 şimdi ne yapacaksın <user>?
2026-06-22T15:52:49 [TR_SEX_003/b0] short 1, refill (rejects={'no_sexual_signal': 1})
2026-06-22T15:52:50   [TR_SEX_001/b0] API ok (key#1)
2026-06-22T15:52:50   [TR_SEX_001/b0] reject (no_sexual_signal): DM'de fantasy istiyorum, yazan?
2026-06-22T15:52:50 [TR_SEX_001/b0] short 1, refill (rejects={'no_sexual_signal': 1})
2026-06-22T15:52:50   [TR_SEX_004/b0] API ok (key#4)
2026-06-22T15:52:50 [TR_SEX_004/b0] got 5/5 valid
2026-06-22T15:52:50 [TR_SEX_004] +1 → 1/20 | abi bu dublede yattıktan sonra neyin hayali var lan benim 😂🔥
2026-06-22T15:52:50 [TR_SEX_004] +1 → 2/20 | KNK YATAK ODASINDA BÖYLE MİSİN HA 😏💦
2026-06-22T15:52:50 [TR_SEX_004] +1 → 3/20 | Knk gece gece mesaj atan olursa cevap veriyorum, özeller açı
2026-06-22T15:52:50 [TR_SEX_004] +1 → 4/20 | s e n i   böyle izlemek beni azdırdı abi <user> çekilir misi
2026-06-22T15:52:50 [TR_SEX_004] +1 → 5/20 | DM açık...• fantazi • zevk • özel • ateşli • gizli...
2026-06-22T15:52:50 [TR_SEX_004/b1] ▶ request 5 (IDs 0006–0010)
2026-06-22T15:52:54   [TR_SEX_003/b0/refill] API ok (key#5)
2026-06-22T15:52:54 [TR_SEX_003/b0] got 5/5 valid
2026-06-22T15:52:54 [TR_SEX_003] +1 → 1/20 | abi yayın kapatma daha yeni ateşlendim 🔥 DM atıp devam edeli
2026-06-22T15:52:54 [TR_SEX_003] +1 → 2/20 | bu kıyafetle seni görünce azdım vallahi 😈🔥 <user> sen de ben
2026-06-22T15:52:54 [TR_SEX_003] +1 → 3/20 | Mesaj kutum açık, gece boyunca sevişmek istersen bana yazabi
2026-06-22T15:52:54 [TR_SEX_003] +1 → 4/20 | Özel içeriğimde daha fazlasını gösteriyorum, meraklısı DM at
2026-06-22T15:52:54 [TR_SEX_003] +1 → 5/20 | abi kamera açık kalacak mı yaa 🔥 özele gel hadi konuşalım
2026-06-22T15:52:54 [TR_SEX_003/b1] ▶ request 5 (IDs 0006–0010)
2026-06-22T15:52:59   [TR_SEX_001/b0/refill] API ok (key#6)
2026-06-22T15:52:59 [TR_SEX_001/b0] got 5/5 valid
2026-06-22T15:52:59 [TR_SEX_001] +1 → 1/20 | Gece gece ne yapıyosun knk? Mesaj kutum açık, ateşlisin vall
2026-06-22T15:52:59 [TR_SEX_001] +1 → 2/20 | <şehir>deyim, gizli tanışma arıyorum. Evli değilim, işim var
2026-06-22T15:52:59 [TR_SEX_001] +1 → 3/20 | Bu live cok cekilir lan, sunucu da ne yakisikli valla azdim 
2026-06-22T15:52:59 [TR_SEX_001] +1 → 4/20 | B a k m a z   m ı s ı n ?.. Sexting yapalim mi gece, DM de b
2026-06-22T15:52:59 [TR_SEX_001] +1 → 5/20 | Gece geç saatlerde aklıma düştün, mesaj kutum hep açık knk 🔥
2026-06-22T15:52:59 [TR_SEX_001/b1] ▶ request 5 (IDs 0006–0010)
[2026-06-22 07:53:01 UTC]   [TR_SEX_008/r4] Error key…hjF8_P (attempt 3/3): URLError(SSLCertVerificationError(1, '[SSL: CERTIFICATE_VERIFY_FAILED] certificate verify failed: unable to get local issuer certificate (_ssl.c:992)'))
[2026-06-22 07:53:01 UTC] [TR_SEX_008/r4] FAILED: [TR_SEX_008/r4] API failed after 3 attempts.
[2026-06-22 07:53:01 UTC] [TR_SEX_008/r5] API n=5 id=0001 key…WdBWXF
[2026-06-22 07:53:01 UTC]   [TR_SEX_006/r4] Error key…yO0QJp (attempt 3/3): URLError(SSLCertVerificationError(1, '[SSL: CERTIFICATE_VERIFY_FAILED] certificate verify failed: unable to get local issuer certificate (_ssl.c:992)'))
[2026-06-22 07:53:01 UTC] [TR_SEX_006/r4] FAILED: [TR_SEX_006/r4] API failed after 3 attempts.
[2026-06-22 07:53:01 UTC] [TR_SEX_006/r5] API n=5 id=0001 key…o_hgVe
[2026-06-22 07:53:01 UTC]   [TR_SEX_005/r4] Error key…gUB-t3 (attempt 3/3): URLError(SSLCertVerificationError(1, '[SSL: CERTIFICATE_VERIFY_FAILED] certificate verify failed: unable to get local issuer certificate (_ssl.c:992)'))
[2026-06-22 07:53:01 UTC] [TR_SEX_005/r4] FAILED: [TR_SEX_005/r4] API failed after 3 attempts.
[2026-06-22 07:53:01 UTC] [TR_SEX_005/r5] API n=5 id=0001 key…EdpnsA
[2026-06-22 07:53:01 UTC]   [TR_SEX_008/r5] Error key…WdBWXF (attempt 1/3): URLError(SSLCertVerificationError(1, '[SSL: CERTIFICATE_VERIFY_FAILED] certificate verify failed: unable to get local issuer certificate (_ssl.c:992)'))
2026-06-22T15:53:01   [TR_SEX_004/b1] API ok (key#7)
2026-06-22T15:53:01   [TR_SEX_004/b1] reject (no_sexual_signal): B u    y ü z d e n   ç e k i l i r m i s i n   g e r ç e k t e n   👀 😈
2026-06-22T15:53:01 [TR_SEX_004/b1] short 1, refill (rejects={'no_sexual_signal': 1})
[2026-06-22 07:53:01 UTC]   [TR_SEX_006/r5] Error key…o_hgVe (attempt 1/3): URLError(SSLCertVerificationError(1, '[SSL: CERTIFICATE_VERIFY_FAILED] certificate verify failed: unable to get local issuer certificate (_ssl.c:992)'))
[2026-06-22 07:53:01 UTC]   [TR_SEX_007/r4] Error key…43N2Tq (attempt 3/3): URLError(SSLCertVerificationError(1, '[SSL: CERTIFICATE_VERIFY_FAILED] certificate verify failed: unable to get local issuer certificate (_ssl.c:992)'))
[2026-06-22 07:53:01 UTC] [TR_SEX_007/r4] FAILED: [TR_SEX_007/r4] API failed after 3 attempts.
[2026-06-22 07:53:01 UTC] [TR_SEX_007/r5] API n=5 id=0001 key…M8VAyQ
[2026-06-22 07:53:01 UTC]   [TR_SEX_007/r5] Error key…M8VAyQ (attempt 1/3): URLError(SSLCertVerificationError(1, '[SSL: CERTIFICATE_VERIFY_FAILED] certificate verify failed: unable to get local issuer certificate (_ssl.c:992)'))
[2026-06-22 07:53:02 UTC]   [TR_SEX_005/r5] Error key…EdpnsA (attempt 1/3): URLError(SSLCertVerificationError(1, '[SSL: CERTIFICATE_VERIFY_FAILED] certificate verify failed: unable to get local issuer certificate (_ssl.c:992)'))
2026-06-22T15:53:02   [TR_SEX_003/b1] API ok (key#8)
2026-06-22T15:53:02   [TR_SEX_003/b1] reject (no_sexual_signal): Özele gel biraz konuşalım, seninle neler yapmak istediğimi anlatayım. 
2026-06-22T15:53:02   [TR_SEX_003/b1] reject (no_sexual_signal): Bişeyler ayarlamak ister misin knk? Gece vakti daha keyifli oluyo 😏
2026-06-22T15:53:02 [TR_SEX_003/b1] short 2, refill (rejects={'no_sexual_signal': 2})
2026-06-22T15:53:06   [TR_SEX_004/b1/refill] API ok (key#2)
2026-06-22T15:53:06 [TR_SEX_004/b1] got 5/5 valid
2026-06-22T15:53:06 [TR_SEX_004] +1 → 6/20 | KNK BU YORUMDAN SONRA ÖZELE GELEN HERKES 3 KEZ YAVAŞ ÇEKİLİR
2026-06-22T15:53:06 [TR_SEX_004] +1 → 7/20 | Valla bu akşam yatakta iş yapacak enerjim yok ama senin için
2026-06-22T15:53:06 [TR_SEX_004] +1 → 8/20 | Evde tek başımayım, mesaj kutum açık. Kim iş yapmak istiyor?
2026-06-22T15:53:06 [TR_SEX_004] +1 → 9/20 | abi bu canlıda benim hormonlarım çalışmaya başladı ya 😩🔥 nol
2026-06-22T15:53:06 [TR_SEX_004] +1 → 10/20 | ABİ SENİ GÖRÜNCE BÜTÜN DİYETLERİM SUYA DÜŞTÜ LAN #ATEŞLİSİN
2026-06-22T15:53:06 [TR_SEX_004/b2] ▶ request 5 (IDs 0011–0015)
2026-06-22T15:53:07   [TR_SEX_003/b1/refill] API ok (key#3)
2026-06-22T15:53:07   [TR_SEX_003/b1/refill] reject (no_sexual_signal): abi kamera açık kalsın özele geleyim mi knk 😏
2026-06-22T15:53:07 [TR_SEX_003/b1] got 4/5 valid
2026-06-22T15:53:07 [TR_SEX_003] +1 → 6/20 | Kamera açık kalsın abi ne bu ateş 😏 özelde devam edelim mi?
2026-06-22T15:53:07 [TR_SEX_003] +1 → 7/20 | Bu yayında azdım valla knk 🔥😂 sen ne zaman zevk vermeye başl
2026-06-22T15:53:07 [TR_SEX_003] +1 → 8/20 | DM'den özel preview almak istersen abi, ateşli içeriklerimle
2026-06-22T15:53:07 [TR_SEX_003] +1 → 9/20 | yayıncı bu kadar ateşli olma ya 🔥 azdım şimdi knk 😂💦
2026-06-22T15:53:07 [TR_SEX_003/b2] ▶ request 5 (IDs 0010–0014)
2026-06-22T15:53:08   [TR_SEX_001/b1] API ok (key#1)
2026-06-22T15:53:08   [TR_SEX_001/b1] reject (no_sexual_signal): a b i   n e   y a p ı y o r s u n   ö y l e
2026-06-22T15:53:08 [TR_SEX_001/b1] short 1, refill (rejects={'no_sexual_signal': 1})
[2026-06-22 07:53:09 UTC]   [TR_SEX_006/r5] Error key…o_hgVe (attempt 2/3): URLError(SSLCertVerificationError(1, '[SSL: CERTIFICATE_VERIFY_FAILED] certificate verify failed: unable to get local issuer certificate (_ssl.c:992)'))
[2026-06-22 07:53:09 UTC]   [TR_SEX_008/r5] Error key…WdBWXF (attempt 2/3): URLError(SSLCertVerificationError(1, '[SSL: CERTIFICATE_VERIFY_FAILED] certificate verify failed: unable to get local issuer certificate (_ssl.c:992)'))
[2026-06-22 07:53:10 UTC]   [TR_SEX_007/r5] Error key…M8VAyQ (attempt 2/3): URLError(SSLCertVerificationError(1, '[SSL: CERTIFICATE_VERIFY_FAILED] certificate verify failed: unable to get local issuer certificate (_ssl.c:992)'))
[2026-06-22 07:53:10 UTC]   [TR_SEX_005/r5] Error key…EdpnsA (attempt 2/3): URLError(SSLCertVerificationError(1, '[SSL: CERTIFICATE_VERIFY_FAILED] certificate verify failed: unable to get local issuer certificate (_ssl.c:992)'))
2026-06-22T15:53:13   [TR_SEX_001/b1/refill] API ok (key#6)
2026-06-22T15:53:13 [TR_SEX_001/b1] got 5/5 valid
2026-06-22T15:53:13 [TR_SEX_001] +1 → 6/20 | Gece uyumak yerine benimle konuşmak ister misin knk? 😏 Mesaj
2026-06-22T15:53:13 [TR_SEX_001] +1 → 7/20 | Bi konuda açık söyleyeyim abi, sadece sevişmek için tanışmak
2026-06-22T15:53:13 [TR_SEX_001] +1 → 8/20 | Yaww knk şu an azmış durumdayım yaa, sen nasılsın? Özele gel
2026-06-22T15:53:13 [TR_SEX_001] +1 → 9/20 | DM'de roleplay yapmak ister misin? 😈 Top ya da bottom, sen s
2026-06-22T15:53:13 [TR_SEX_001] +1 → 10/20 | Gece yarısı mesaj kutum açık, ateşlisin knk ❤️‍🔥 DM atıp ben
2026-06-22T15:53:13 [TR_SEX_001/b2] ▶ request 5 (IDs 0011–0015)
2026-06-22T15:53:15   [TR_SEX_004/b2] API ok (key#4)
2026-06-22T15:53:15   [TR_SEX_004/b2] reject (no_sexual_signal): KNK BEN BUNU YAŞAMADAN ÖLMEYECEM LAN Bİ GÖRÜRSÜN BENİ SABAHA KADAR HA
2026-06-22T15:53:15   [TR_SEX_004/b2] reject (no_sexual_signal): ya lan bu kadin cok cekilir... YAKAR YAAAA
2026-06-22T15:53:15   [TR_SEX_004/b2] reject (no_sexual_signal): Seninle canlıda konuşmak çok daha eğlenceli olmaz mı? DM’e gel, özelde
2026-06-22T15:53:15 [TR_SEX_004/b2] short 3, refill (rejects={'no_sexual_signal': 3})
2026-06-22T15:53:16   [TR_SEX_003/b2] API ok (key#5)
2026-06-22T15:53:16   [TR_SEX_003/b2] reject (no_sexual_signal): Valla bu kaza k a n l ı yayın… Görüntülü konuşmaya ne dersin <user>?
2026-06-22T15:53:16 [TR_SEX_003/b2] short 1, refill (rejects={'no_sexual_signal': 1})
2026-06-22T15:53:16   [TR_SEX_004/b2/refill] HTTP 429 (key#8) attempt 1: {"status":429,"title":"Too Many Requests"}
2026-06-22T15:53:17   [TR_SEX_003/b2/refill] HTTP 429 (key#1) attempt 1: {"status":429,"title":"Too Many Requests"}
2026-06-22T15:53:21   [TR_SEX_001/b2] API ok (key#7)
2026-06-22T15:53:21   [TR_SEX_001/b2] reject (no_sexual_signal): Özele gel abi, ne kadar çekici olduğumu bir de sesimden dinle.
2026-06-22T15:53:21 [TR_SEX_001/b2] short 1, refill (rejects={'no_sexual_signal': 1})
2026-06-22T15:53:22   [TR_SEX_001/b2/refill] HTTP 429 (key#2) attempt 1: {"status":429,"title":"Too Many Requests"}
[2026-06-22 07:53:26 UTC]   [TR_SEX_007/r5] Error key…M8VAyQ (attempt 3/3): URLError(SSLCertVerificationError(1, '[SSL: CERTIFICATE_VERIFY_FAILED] certificate verify failed: unable to get local issuer certificate (_ssl.c:992)'))
[2026-06-22 07:53:26 UTC] [TR_SEX_007/r5] FAILED: [TR_SEX_007/r5] API failed after 3 attempts.
[2026-06-22 07:53:26 UTC] [TR_SEX_007/r6] API n=5 id=0001 key…yO0QJp
[2026-06-22 07:53:26 UTC]   [TR_SEX_006/r5] Error key…o_hgVe (attempt 3/3): URLError(SSLCertVerificationError(1, '[SSL: CERTIFICATE_VERIFY_FAILED] certificate verify failed: unable to get local issuer certificate (_ssl.c:992)'))
[2026-06-22 07:53:26 UTC] [TR_SEX_006/r5] FAILED: [TR_SEX_006/r5] API failed after 3 attempts.
[2026-06-22 07:53:26 UTC] [TR_SEX_006/r6] API n=5 id=0001 key…43N2Tq
[2026-06-22 07:53:26 UTC]   [TR_SEX_008/r5] Error key…WdBWXF (attempt 3/3): URLError(SSLCertVerificationError(1, '[SSL: CERTIFICATE_VERIFY_FAILED] certificate verify failed: unable to get local issuer certificate (_ssl.c:992)'))
[2026-06-22 07:53:26 UTC] [TR_SEX_008/r5] FAILED: [TR_SEX_008/r5] API failed after 3 attempts.
[2026-06-22 07:53:26 UTC] [TR_SEX_008/r6] API n=5 id=0001 key…hjF8_P
[2026-06-22 07:53:26 UTC]   [TR_SEX_005/r5] Error key…EdpnsA (attempt 3/3): URLError(SSLCertVerificationError(1, '[SSL: CERTIFICATE_VERIFY_FAILED] certificate verify failed: unable to get local issuer certificate (_ssl.c:992)'))
[2026-06-22 07:53:26 UTC] [TR_SEX_005/r5] FAILED: [TR_SEX_005/r5] API failed after 3 attempts.
[2026-06-22 07:53:26 UTC] [TR_SEX_005/r6] API n=5 id=0001 key…gUB-t3
[2026-06-22 07:53:26 UTC]   [TR_SEX_007/r6] Error key…yO0QJp (attempt 1/3): URLError(SSLCertVerificationError(1, '[SSL: CERTIFICATE_VERIFY_FAILED] certificate verify failed: unable to get local issuer certificate (_ssl.c:992)'))
[2026-06-22 07:53:26 UTC]   [TR_SEX_008/r6] Error key…hjF8_P (attempt 1/3): URLError(SSLCertVerificationError(1, '[SSL: CERTIFICATE_VERIFY_FAILED] certificate verify failed: unable to get local issuer certificate (_ssl.c:992)'))
[2026-06-22 07:53:27 UTC]   [TR_SEX_006/r6] Error key…43N2Tq (attempt 1/3): URLError(SSLCertVerificationError(1, '[SSL: CERTIFICATE_VERIFY_FAILED] certificate verify failed: unable to get local issuer certificate (_ssl.c:992)'))
[2026-06-22 07:53:27 UTC]   [TR_SEX_005/r6] Error key…gUB-t3 (attempt 1/3): URLError(SSLCertVerificationError(1, '[SSL: CERTIFICATE_VERIFY_FAILED] certificate verify failed: unable to get local issuer certificate (_ssl.c:992)'))
[2026-06-22 07:53:35 UTC]   [TR_SEX_006/r6] Error key…43N2Tq (attempt 2/3): URLError(SSLCertVerificationError(1, '[SSL: CERTIFICATE_VERIFY_FAILED] certificate verify failed: unable to get local issuer certificate (_ssl.c:992)'))
[2026-06-22 07:53:35 UTC]   [TR_SEX_007/r6] Error key…yO0QJp (attempt 2/3): URLError(SSLCertVerificationError(1, '[SSL: CERTIFICATE_VERIFY_FAILED] certificate verify failed: unable to get local issuer certificate (_ssl.c:992)'))
[2026-06-22 07:53:35 UTC]   [TR_SEX_008/r6] Error key…hjF8_P (attempt 2/3): URLError(SSLCertVerificationError(1, '[SSL: CERTIFICATE_VERIFY_FAILED] certificate verify failed: unable to get local issuer certificate (_ssl.c:992)'))
[2026-06-22 07:53:36 UTC]   [TR_SEX_005/r6] Error key…gUB-t3 (attempt 2/3): URLError(SSLCertVerificationError(1, '[SSL: CERTIFICATE_VERIFY_FAILED] certificate verify failed: unable to get local issuer certificate (_ssl.c:992)'))
2026-06-22T15:53:41   [TR_SEX_002/b0] HTTP 429 (key#3) attempt 2: {"status":429,"title":"Too Many Requests"}
[2026-06-22 07:53:51 UTC]   [TR_SEX_008/r6] Error key…hjF8_P (attempt 3/3): URLError(SSLCertVerificationError(1, '[SSL: CERTIFICATE_VERIFY_FAILED] certificate verify failed: unable to get local issuer certificate (_ssl.c:992)'))
[2026-06-22 07:53:51 UTC] [TR_SEX_008/r6] FAILED: [TR_SEX_008/r6] API failed after 3 attempts.
[2026-06-22 07:53:51 UTC] [TR_SEX_008/r7] API n=5 id=0001 key…WdBWXF
[2026-06-22 07:53:52 UTC]   [TR_SEX_007/r6] Error key…yO0QJp (attempt 3/3): URLError(SSLCertVerificationError(1, '[SSL: CERTIFICATE_VERIFY_FAILED] certificate verify failed: unable to get local issuer certificate (_ssl.c:992)'))
[2026-06-22 07:53:52 UTC] [TR_SEX_007/r6] FAILED: [TR_SEX_007/r6] API failed after 3 attempts.
[2026-06-22 07:53:52 UTC] [TR_SEX_007/r7] API n=5 id=0001 key…o_hgVe
[2026-06-22 07:53:52 UTC]   [TR_SEX_006/r6] Error key…43N2Tq (attempt 3/3): URLError(SSLCertVerificationError(1, '[SSL: CERTIFICATE_VERIFY_FAILED] certificate verify failed: unable to get local issuer certificate (_ssl.c:992)'))
[2026-06-22 07:53:52 UTC] [TR_SEX_006/r6] FAILED: [TR_SEX_006/r6] API failed after 3 attempts.
[2026-06-22 07:53:52 UTC] [TR_SEX_006/r7] API n=5 id=0001 key…EdpnsA
[2026-06-22 07:53:52 UTC]   [TR_SEX_008/r7] Error key…WdBWXF (attempt 1/3): URLError(SSLCertVerificationError(1, '[SSL: CERTIFICATE_VERIFY_FAILED] certificate verify failed: unable to get local issuer certificate (_ssl.c:992)'))
[2026-06-22 07:53:52 UTC]   [TR_SEX_005/r6] Error key…gUB-t3 (attempt 3/3): URLError(SSLCertVerificationError(1, '[SSL: CERTIFICATE_VERIFY_FAILED] certificate verify failed: unable to get local issuer certificate (_ssl.c:992)'))
[2026-06-22 07:53:52 UTC] [TR_SEX_005/r6] FAILED: [TR_SEX_005/r6] API failed after 3 attempts.
[2026-06-22 07:53:52 UTC] [TR_SEX_005/r7] API n=5 id=0001 key…M8VAyQ
[2026-06-22 07:53:52 UTC]   [TR_SEX_006/r7] Error key…EdpnsA (attempt 1/3): URLError(SSLCertVerificationError(1, '[SSL: CERTIFICATE_VERIFY_FAILED] certificate verify failed: unable to get local issuer certificate (_ssl.c:992)'))
[2026-06-22 07:53:52 UTC]   [TR_SEX_005/r7] Error key…M8VAyQ (attempt 1/3): URLError(SSLCertVerificationError(1, '[SSL: CERTIFICATE_VERIFY_FAILED] certificate verify failed: unable to get local issuer certificate (_ssl.c:992)'))
[2026-06-22 07:53:52 UTC]   [TR_SEX_007/r7] Error key…o_hgVe (attempt 1/3): URLError(SSLCertVerificationError(1, '[SSL: CERTIFICATE_VERIFY_FAILED] certificate verify failed: unable to get local issuer certificate (_ssl.c:992)'))
[2026-06-22 07:54:00 UTC]   [TR_SEX_008/r7] Error key…WdBWXF (attempt 2/3): URLError(SSLCertVerificationError(1, '[SSL: CERTIFICATE_VERIFY_FAILED] certificate verify failed: unable to get local issuer certificate (_ssl.c:992)'))
[2026-06-22 07:54:01 UTC]   [TR_SEX_005/r7] Error key…M8VAyQ (attempt 2/3): URLError(SSLCertVerificationError(1, '[SSL: CERTIFICATE_VERIFY_FAILED] certificate verify failed: unable to get local issuer certificate (_ssl.c:992)'))
[2026-06-22 07:54:01 UTC]   [TR_SEX_007/r7] Error key…o_hgVe (attempt 2/3): URLError(SSLCertVerificationError(1, '[SSL: CERTIFICATE_VERIFY_FAILED] certificate verify failed: unable to get local issuer certificate (_ssl.c:992)'))
[2026-06-22 07:54:01 UTC]   [TR_SEX_006/r7] Error key…EdpnsA (attempt 2/3): URLError(SSLCertVerificationError(1, '[SSL: CERTIFICATE_VERIFY_FAILED] certificate verify failed: unable to get local issuer certificate (_ssl.c:992)'))
[2026-06-22 07:54:17 UTC]   [TR_SEX_008/r7] Error key…WdBWXF (attempt 3/3): URLError(SSLCertVerificationError(1, '[SSL: CERTIFICATE_VERIFY_FAILED] certificate verify failed: unable to get local issuer certificate (_ssl.c:992)'))
[2026-06-22 07:54:17 UTC] [TR_SEX_008/r7] FAILED: [TR_SEX_008/r7] API failed after 3 attempts.
[2026-06-22 07:54:17 UTC] [TR_SEX_008] ⚠ incomplete 0/20 dups=0
[2026-06-22 07:54:17 UTC] [TR_SEX_009] resume: 0/20
[2026-06-22 07:54:17 UTC] [TR_SEX_009/r0] API n=5 id=0001 key…yO0QJp
2026-06-22T15:54:17   [TR_SEX_004/b2/refill] HTTP 429 (key#4) attempt 2: {"status":429,"title":"Too Many Requests"}
[2026-06-22 07:54:17 UTC]   [TR_SEX_009/r0] Error key…yO0QJp (attempt 1/3): URLError(SSLCertVerificationError(1, '[SSL: CERTIFICATE_VERIFY_FAILED] certificate verify failed: unable to get local issuer certificate (_ssl.c:992)'))
[2026-06-22 07:54:17 UTC]   [TR_SEX_006/r7] Error key…EdpnsA (attempt 3/3): URLError(SSLCertVerificationError(1, '[SSL: CERTIFICATE_VERIFY_FAILED] certificate verify failed: unable to get local issuer certificate (_ssl.c:992)'))
[2026-06-22 07:54:17 UTC] [TR_SEX_006/r7] FAILED: [TR_SEX_006/r7] API failed after 3 attempts.
[2026-06-22 07:54:17 UTC] [TR_SEX_006] ⚠ incomplete 0/20 dups=0
[2026-06-22 07:54:17 UTC] [TR_SEX_010] resume: 0/20
[2026-06-22 07:54:17 UTC] [TR_SEX_010/r0] API n=5 id=0001 key…43N2Tq
[2026-06-22 07:54:17 UTC]   [TR_SEX_007/r7] Error key…o_hgVe (attempt 3/3): URLError(SSLCertVerificationError(1, '[SSL: CERTIFICATE_VERIFY_FAILED] certificate verify failed: unable to get local issuer certificate (_ssl.c:992)'))
[2026-06-22 07:54:17 UTC]   [TR_SEX_005/r7] Error key…M8VAyQ (attempt 3/3): URLError(SSLCertVerificationError(1, '[SSL: CERTIFICATE_VERIFY_FAILED] certificate verify failed: unable to get local issuer certificate (_ssl.c:992)'))
[2026-06-22 07:54:17 UTC] [TR_SEX_007/r7] FAILED: [TR_SEX_007/r7] API failed after 3 attempts.
[2026-06-22 07:54:17 UTC] [TR_SEX_005/r7] FAILED: [TR_SEX_005/r7] API failed after 3 attempts.
[2026-06-22 07:54:17 UTC] [TR_SEX_007] ⚠ incomplete 0/20 dups=0
[2026-06-22 07:54:17 UTC] [TR_SEX_005] ⚠ incomplete 0/20 dups=0
[2026-06-22 07:54:17 UTC] [TR_SEX_011] resume: 0/20
[2026-06-22 07:54:17 UTC] [TR_SEX_012] resume: 0/20
[2026-06-22 07:54:17 UTC] [TR_SEX_011/r0] API n=5 id=0001 key…hjF8_P
[2026-06-22 07:54:17 UTC] [TR_SEX_012/r0] API n=5 id=0001 key…gUB-t3
[2026-06-22 07:54:18 UTC]   [TR_SEX_010/r0] Error key…43N2Tq (attempt 1/3): URLError(SSLCertVerificationError(1, '[SSL: CERTIFICATE_VERIFY_FAILED] certificate verify failed: unable to get local issuer certificate (_ssl.c:992)'))
[2026-06-22 07:54:18 UTC]   [TR_SEX_012/r0] Error key…gUB-t3 (attempt 1/3): URLError(SSLCertVerificationError(1, '[SSL: CERTIFICATE_VERIFY_FAILED] certificate verify failed: unable to get local issuer certificate (_ssl.c:992)'))
[2026-06-22 07:54:18 UTC]   [TR_SEX_011/r0] Error key…hjF8_P (attempt 1/3): URLError(SSLCertVerificationError(1, '[SSL: CERTIFICATE_VERIFY_FAILED] certificate verify failed: unable to get local issuer certificate (_ssl.c:992)'))
2026-06-22T15:54:18   [TR_SEX_003/b2/refill] HTTP 429 (key#5) attempt 2: {"status":429,"title":"Too Many Requests"}
2026-06-22T15:54:22   [TR_SEX_001/b2/refill] HTTP 429 (key#6) attempt 2: {"status":429,"title":"Too Many Requests"}
[2026-06-22 07:54:26 UTC]   [TR_SEX_009/r0] Error key…yO0QJp (attempt 2/3): URLError(SSLCertVerificationError(1, '[SSL: CERTIFICATE_VERIFY_FAILED] certificate verify failed: unable to get local issuer certificate (_ssl.c:992)'))
[2026-06-22 07:54:26 UTC]   [TR_SEX_012/r0] Error key…gUB-t3 (attempt 2/3): URLError(SSLCertVerificationError(1, '[SSL: CERTIFICATE_VERIFY_FAILED] certificate verify failed: unable to get local issuer certificate (_ssl.c:992)'))
[2026-06-22 07:54:26 UTC]   [TR_SEX_010/r0] Error key…43N2Tq (attempt 2/3): URLError(SSLCertVerificationError(1, '[SSL: CERTIFICATE_VERIFY_FAILED] certificate verify failed: unable to get local issuer certificate (_ssl.c:992)'))
[2026-06-22 07:54:26 UTC]   [TR_SEX_011/r0] Error key…hjF8_P (attempt 2/3): URLError(SSLCertVerificationError(1, '[SSL: CERTIFICATE_VERIFY_FAILED] certificate verify failed: unable to get local issuer certificate (_ssl.c:992)'))
[2026-06-22 07:54:42 UTC]   [TR_SEX_009/r0] Error key…yO0QJp (attempt 3/3): URLError(SSLCertVerificationError(1, '[SSL: CERTIFICATE_VERIFY_FAILED] certificate verify failed: unable to get local issuer certificate (_ssl.c:992)'))
[2026-06-22 07:54:42 UTC] [TR_SEX_009/r0] FAILED: [TR_SEX_009/r0] API failed after 3 attempts.
[2026-06-22 07:54:42 UTC] [TR_SEX_009/r1] API n=5 id=0001 key…WdBWXF
[2026-06-22 07:54:43 UTC]   [TR_SEX_011/r0] Error key…hjF8_P (attempt 3/3): URLError(SSLCertVerificationError(1, '[SSL: CERTIFICATE_VERIFY_FAILED] certificate verify failed: unable to get local issuer certificate (_ssl.c:992)'))
[2026-06-22 07:54:43 UTC] [TR_SEX_011/r0] FAILED: [TR_SEX_011/r0] API failed after 3 attempts.
[2026-06-22 07:54:43 UTC] [TR_SEX_011/r1] API n=5 id=0001 key…o_hgVe
[2026-06-22 07:54:43 UTC]   [TR_SEX_012/r0] Error key…gUB-t3 (attempt 3/3): URLError(SSLCertVerificationError(1, '[SSL: CERTIFICATE_VERIFY_FAILED] certificate verify failed: unable to get local issuer certificate (_ssl.c:992)'))
[2026-06-22 07:54:43 UTC] [TR_SEX_012/r0] FAILED: [TR_SEX_012/r0] API failed after 3 attempts.
[2026-06-22 07:54:43 UTC] [TR_SEX_012/r1] API n=5 id=0001 key…EdpnsA
[2026-06-22 07:54:43 UTC]   [TR_SEX_011/r1] Error key…o_hgVe (attempt 1/3): URLError(SSLCertVerificationError(1, '[SSL: CERTIFICATE_VERIFY_FAILED] certificate verify failed: unable to get local issuer certificate (_ssl.c:992)'))
[2026-06-22 07:54:43 UTC]   [TR_SEX_010/r0] Error key…43N2Tq (attempt 3/3): URLError(SSLCertVerificationError(1, '[SSL: CERTIFICATE_VERIFY_FAILED] certificate verify failed: unable to get local issuer certificate (_ssl.c:992)'))
[2026-06-22 07:54:43 UTC] [TR_SEX_010/r0] FAILED: [TR_SEX_010/r0] API failed after 3 attempts.
[2026-06-22 07:54:43 UTC] [TR_SEX_010/r1] API n=5 id=0001 key…M8VAyQ
[2026-06-22 07:54:43 UTC]   [TR_SEX_009/r1] Error key…WdBWXF (attempt 1/3): URLError(SSLCertVerificationError(1, '[SSL: CERTIFICATE_VERIFY_FAILED] certificate verify failed: unable to get local issuer certificate (_ssl.c:992)'))
[2026-06-22 07:54:43 UTC]   [TR_SEX_010/r1] Error key…M8VAyQ (attempt 1/3): URLError(SSLCertVerificationError(1, '[SSL: CERTIFICATE_VERIFY_FAILED] certificate verify failed: unable to get local issuer certificate (_ssl.c:992)'))
[2026-06-22 07:54:43 UTC]   [TR_SEX_012/r1] Error key…EdpnsA (attempt 1/3): URLError(SSLCertVerificationError(1, '[SSL: CERTIFICATE_VERIFY_FAILED] certificate verify failed: unable to get local issuer certificate (_ssl.c:992)'))
[2026-06-22 07:54:51 UTC]   [TR_SEX_011/r1] Error key…o_hgVe (attempt 2/3): URLError(SSLCertVerificationError(1, '[SSL: CERTIFICATE_VERIFY_FAILED] certificate verify failed: unable to get local issuer certificate (_ssl.c:992)'))
[2026-06-22 07:54:52 UTC]   [TR_SEX_010/r1] Error key…M8VAyQ (attempt 2/3): URLError(SSLCertVerificationError(1, '[SSL: CERTIFICATE_VERIFY_FAILED] certificate verify failed: unable to get local issuer certificate (_ssl.c:992)'))
[2026-06-22 07:54:52 UTC]   [TR_SEX_009/r1] Error key…WdBWXF (attempt 2/3): URLError(SSLCertVerificationError(1, '[SSL: CERTIFICATE_VERIFY_FAILED] certificate verify failed: unable to get local issuer certificate (_ssl.c:992)'))
[2026-06-22 07:54:52 UTC]   [TR_SEX_012/r1] Error key…EdpnsA (attempt 2/3): URLError(SSLCertVerificationError(1, '[SSL: CERTIFICATE_VERIFY_FAILED] certificate verify failed: unable to get local issuer certificate (_ssl.c:992)'))
[2026-06-22 07:55:08 UTC]   [TR_SEX_011/r1] Error key…o_hgVe (attempt 3/3): URLError(SSLCertVerificationError(1, '[SSL: CERTIFICATE_VERIFY_FAILED] certificate verify failed: unable to get local issuer certificate (_ssl.c:992)'))
[2026-06-22 07:55:08 UTC] [TR_SEX_011/r1] FAILED: [TR_SEX_011/r1] API failed after 3 attempts.
[2026-06-22 07:55:08 UTC] [TR_SEX_011/r2] API n=5 id=0001 key…yO0QJp
[2026-06-22 07:55:08 UTC]   [TR_SEX_009/r1] Error key…WdBWXF (attempt 3/3): URLError(SSLCertVerificationError(1, '[SSL: CERTIFICATE_VERIFY_FAILED] certificate verify failed: unable to get local issuer certificate (_ssl.c:992)'))
[2026-06-22 07:55:08 UTC] [TR_SEX_009/r1] FAILED: [TR_SEX_009/r1] API failed after 3 attempts.
[2026-06-22 07:55:08 UTC] [TR_SEX_009/r2] API n=5 id=0001 key…43N2Tq
[2026-06-22 07:55:09 UTC]   [TR_SEX_010/r1] Error key…M8VAyQ (attempt 3/3): URLError(SSLCertVerificationError(1, '[SSL: CERTIFICATE_VERIFY_FAILED] certificate verify failed: unable to get local issuer certificate (_ssl.c:992)'))
[2026-06-22 07:55:09 UTC] [TR_SEX_010/r1] FAILED: [TR_SEX_010/r1] API failed after 3 attempts.
[2026-06-22 07:55:09 UTC] [TR_SEX_010/r2] API n=5 id=0001 key…hjF8_P
[2026-06-22 07:55:09 UTC]   [TR_SEX_009/r2] Error key…43N2Tq (attempt 1/3): URLError(SSLCertVerificationError(1, '[SSL: CERTIFICATE_VERIFY_FAILED] certificate verify failed: unable to get local issuer certificate (_ssl.c:992)'))
[2026-06-22 07:55:09 UTC]   [TR_SEX_012/r1] Error key…EdpnsA (attempt 3/3): URLError(SSLCertVerificationError(1, '[SSL: CERTIFICATE_VERIFY_FAILED] certificate verify failed: unable to get local issuer certificate (_ssl.c:992)'))
[2026-06-22 07:55:09 UTC] [TR_SEX_012/r1] FAILED: [TR_SEX_012/r1] API failed after 3 attempts.
[2026-06-22 07:55:09 UTC] [TR_SEX_012/r2] API n=5 id=0001 key…gUB-t3
[2026-06-22 07:55:09 UTC]   [TR_SEX_011/r2] Error key…yO0QJp (attempt 1/3): URLError(SSLCertVerificationError(1, '[SSL: CERTIFICATE_VERIFY_FAILED] certificate verify failed: unable to get local issuer certificate (_ssl.c:992)'))
[2026-06-22 07:55:09 UTC]   [TR_SEX_010/r2] Error key…hjF8_P (attempt 1/3): URLError(SSLCertVerificationError(1, '[SSL: CERTIFICATE_VERIFY_FAILED] certificate verify failed: unable to get local issuer certificate (_ssl.c:992)'))
[2026-06-22 07:55:09 UTC]   [TR_SEX_012/r2] Error key…gUB-t3 (attempt 1/3): URLError(SSLCertVerificationError(1, '[SSL: CERTIFICATE_VERIFY_FAILED] certificate verify failed: unable to get local issuer certificate (_ssl.c:992)'))
[2026-06-22 07:55:17 UTC]   [TR_SEX_011/r2] Error key…yO0QJp (attempt 2/3): URLError(SSLCertVerificationError(1, '[SSL: CERTIFICATE_VERIFY_FAILED] certificate verify failed: unable to get local issuer certificate (_ssl.c:992)'))
[2026-06-22 07:55:17 UTC]   [TR_SEX_009/r2] Error key…43N2Tq (attempt 2/3): URLError(SSLCertVerificationError(1, '[SSL: CERTIFICATE_VERIFY_FAILED] certificate verify failed: unable to get local issuer certificate (_ssl.c:992)'))
[2026-06-22 07:55:18 UTC]   [TR_SEX_010/r2] Error key…hjF8_P (attempt 2/3): URLError(SSLCertVerificationError(1, '[SSL: CERTIFICATE_VERIFY_FAILED] certificate verify failed: unable to get local issuer certificate (_ssl.c:992)'))
[2026-06-22 07:55:18 UTC]   [TR_SEX_012/r2] Error key…gUB-t3 (attempt 2/3): URLError(SSLCertVerificationError(1, '[SSL: CERTIFICATE_VERIFY_FAILED] certificate verify failed: unable to get local issuer certificate (_ssl.c:992)'))
[2026-06-22 07:55:34 UTC]   [TR_SEX_011/r2] Error key…yO0QJp (attempt 3/3): URLError(SSLCertVerificationError(1, '[SSL: CERTIFICATE_VERIFY_FAILED] certificate verify failed: unable to get local issuer certificate (_ssl.c:992)'))
[2026-06-22 07:55:34 UTC] [TR_SEX_011/r2] FAILED: [TR_SEX_011/r2] API failed after 3 attempts.
[2026-06-22 07:55:34 UTC] [TR_SEX_011/r3] API n=5 id=0001 key…WdBWXF
[2026-06-22 07:55:34 UTC]   [TR_SEX_009/r2] Error key…43N2Tq (attempt 3/3): URLError(SSLCertVerificationError(1, '[SSL: CERTIFICATE_VERIFY_FAILED] certificate verify failed: unable to get local issuer certificate (_ssl.c:992)'))
[2026-06-22 07:55:34 UTC] [TR_SEX_009/r2] FAILED: [TR_SEX_009/r2] API failed after 3 attempts.
[2026-06-22 07:55:34 UTC] [TR_SEX_009/r3] API n=5 id=0001 key…o_hgVe
[2026-06-22 07:55:34 UTC]   [TR_SEX_011/r3] Error key…WdBWXF (attempt 1/3): URLError(SSLCertVerificationError(1, '[SSL: CERTIFICATE_VERIFY_FAILED] certificate verify failed: unable to get local issuer certificate (_ssl.c:992)'))
[2026-06-22 07:55:34 UTC]   [TR_SEX_010/r2] Error key…hjF8_P (attempt 3/3): URLError(SSLCertVerificationError(1, '[SSL: CERTIFICATE_VERIFY_FAILED] certificate verify failed: unable to get local issuer certificate (_ssl.c:992)'))
[2026-06-22 07:55:34 UTC] [TR_SEX_010/r2] FAILED: [TR_SEX_010/r2] API failed after 3 attempts.
[2026-06-22 07:55:34 UTC] [TR_SEX_010/r3] API n=5 id=0001 key…EdpnsA
[2026-06-22 07:55:34 UTC]   [TR_SEX_012/r2] Error key…gUB-t3 (attempt 3/3): URLError(SSLCertVerificationError(1, '[SSL: CERTIFICATE_VERIFY_FAILED] certificate verify failed: unable to get local issuer certificate (_ssl.c:992)'))
[2026-06-22 07:55:34 UTC] [TR_SEX_012/r2] FAILED: [TR_SEX_012/r2] API failed after 3 attempts.
[2026-06-22 07:55:34 UTC] [TR_SEX_012/r3] API n=5 id=0001 key…M8VAyQ
[2026-06-22 07:55:35 UTC]   [TR_SEX_009/r3] Error key…o_hgVe (attempt 1/3): URLError(SSLCertVerificationError(1, '[SSL: CERTIFICATE_VERIFY_FAILED] certificate verify failed: unable to get local issuer certificate (_ssl.c:992)'))
[2026-06-22 07:55:35 UTC]   [TR_SEX_012/r3] Error key…M8VAyQ (attempt 1/3): URLError(SSLCertVerificationError(1, '[SSL: CERTIFICATE_VERIFY_FAILED] certificate verify failed: unable to get local issuer certificate (_ssl.c:992)'))
[2026-06-22 07:55:35 UTC]   [TR_SEX_010/r3] Error key…EdpnsA (attempt 1/3): URLError(SSLCertVerificationError(1, '[SSL: CERTIFICATE_VERIFY_FAILED] certificate verify failed: unable to get local issuer certificate (_ssl.c:992)'))
2026-06-22T15:55:42   [TR_SEX_002/b0] HTTP 429 (key#7) attempt 3: {"status":429,"title":"Too Many Requests"}
2026-06-22T15:55:42 [TR_SEX_002/r0] FAILED: [TR_SEX_002/b0] API failed after 3 attempts.
2026-06-22T15:55:42 [TR_SEX_002/b1] ▶ request 5 (IDs 0001–0005)
2026-06-22T15:55:42   [TR_SEX_002/b1] HTTP 429 (key#8) attempt 1: {"status":429,"title":"Too Many Requests"}
[2026-06-22 07:55:42 UTC]   [TR_SEX_011/r3] Error key…WdBWXF (attempt 2/3): URLError(SSLCertVerificationError(1, '[SSL: CERTIFICATE_VERIFY_FAILED] certificate verify failed: unable to get local issuer certificate (_ssl.c:992)'))
[2026-06-22 07:55:43 UTC]   [TR_SEX_010/r3] Error key…EdpnsA (attempt 2/3): URLError(SSLCertVerificationError(1, '[SSL: CERTIFICATE_VERIFY_FAILED] certificate verify failed: unable to get local issuer certificate (_ssl.c:992)'))
[2026-06-22 07:55:43 UTC]   [TR_SEX_009/r3] Error key…o_hgVe (attempt 2/3): URLError(SSLCertVerificationError(1, '[SSL: CERTIFICATE_VERIFY_FAILED] certificate verify failed: unable to get local issuer certificate (_ssl.c:992)'))
[2026-06-22 07:55:43 UTC]   [TR_SEX_012/r3] Error key…M8VAyQ (attempt 2/3): URLError(SSLCertVerificationError(1, '[SSL: CERTIFICATE_VERIFY_FAILED] certificate verify failed: unable to get local issuer certificate (_ssl.c:992)'))
[2026-06-22 07:55:59 UTC]   [TR_SEX_011/r3] Error key…WdBWXF (attempt 3/3): URLError(SSLCertVerificationError(1, '[SSL: CERTIFICATE_VERIFY_FAILED] certificate verify failed: unable to get local issuer certificate (_ssl.c:992)'))
[2026-06-22 07:55:59 UTC] [TR_SEX_011/r3] FAILED: [TR_SEX_011/r3] API failed after 3 attempts.
[2026-06-22 07:55:59 UTC] [TR_SEX_011/r4] API n=5 id=0001 key…yO0QJp
[2026-06-22 07:55:59 UTC]   [TR_SEX_010/r3] Error key…EdpnsA (attempt 3/3): URLError(SSLCertVerificationError(1, '[SSL: CERTIFICATE_VERIFY_FAILED] certificate verify failed: unable to get local issuer certificate (_ssl.c:992)'))
[2026-06-22 07:55:59 UTC] [TR_SEX_010/r3] FAILED: [TR_SEX_010/r3] API failed after 3 attempts.
[2026-06-22 07:55:59 UTC] [TR_SEX_010/r4] API n=5 id=0001 key…43N2Tq
[2026-06-22 07:55:59 UTC]   [TR_SEX_011/r4] Error key…yO0QJp (attempt 1/3): URLError(SSLCertVerificationError(1, '[SSL: CERTIFICATE_VERIFY_FAILED] certificate verify failed: unable to get local issuer certificate (_ssl.c:992)'))
[2026-06-22 07:55:59 UTC]   [TR_SEX_009/r3] Error key…o_hgVe (attempt 3/3): URLError(SSLCertVerificationError(1, '[SSL: CERTIFICATE_VERIFY_FAILED] certificate verify failed: unable to get local issuer certificate (_ssl.c:992)'))
[2026-06-22 07:55:59 UTC] [TR_SEX_009/r3] FAILED: [TR_SEX_009/r3] API failed after 3 attempts.
[2026-06-22 07:55:59 UTC] [TR_SEX_009/r4] API n=5 id=0001 key…hjF8_P
[2026-06-22 07:55:59 UTC]   [TR_SEX_010/r4] Error key…43N2Tq (attempt 1/3): URLError(SSLCertVerificationError(1, '[SSL: CERTIFICATE_VERIFY_FAILED] certificate verify failed: unable to get local issuer certificate (_ssl.c:992)'))
[2026-06-22 07:56:00 UTC]   [TR_SEX_012/r3] Error key…M8VAyQ (attempt 3/3): URLError(SSLCertVerificationError(1, '[SSL: CERTIFICATE_VERIFY_FAILED] certificate verify failed: unable to get local issuer certificate (_ssl.c:992)'))
[2026-06-22 07:56:00 UTC] [TR_SEX_012/r3] FAILED: [TR_SEX_012/r3] API failed after 3 attempts.
[2026-06-22 07:56:00 UTC] [TR_SEX_012/r4] API n=5 id=0001 key…gUB-t3
[2026-06-22 07:56:00 UTC]   [TR_SEX_009/r4] Error key…hjF8_P (attempt 1/3): URLError(SSLCertVerificationError(1, '[SSL: CERTIFICATE_VERIFY_FAILED] certificate verify failed: unable to get local issuer certificate (_ssl.c:992)'))
[2026-06-22 07:56:00 UTC]   [TR_SEX_012/r4] Error key…gUB-t3 (attempt 1/3): URLError(SSLCertVerificationError(1, '[SSL: CERTIFICATE_VERIFY_FAILED] certificate verify failed: unable to get local issuer certificate (_ssl.c:992)'))
[2026-06-22 07:56:08 UTC]   [TR_SEX_010/r4] Error key…43N2Tq (attempt 2/3): URLError(SSLCertVerificationError(1, '[SSL: CERTIFICATE_VERIFY_FAILED] certificate verify failed: unable to get local issuer certificate (_ssl.c:992)'))
[2026-06-22 07:56:08 UTC]   [TR_SEX_011/r4] Error key…yO0QJp (attempt 2/3): URLError(SSLCertVerificationError(1, '[SSL: CERTIFICATE_VERIFY_FAILED] certificate verify failed: unable to get local issuer certificate (_ssl.c:992)'))
[2026-06-22 07:56:08 UTC]   [TR_SEX_009/r4] Error key…hjF8_P (attempt 2/3): URLError(SSLCertVerificationError(1, '[SSL: CERTIFICATE_VERIFY_FAILED] certificate verify failed: unable to get local issuer certificate (_ssl.c:992)'))
[2026-06-22 07:56:09 UTC]   [TR_SEX_012/r4] Error key…gUB-t3 (attempt 2/3): URLError(SSLCertVerificationError(1, '[SSL: CERTIFICATE_VERIFY_FAILED] certificate verify failed: unable to get local issuer certificate (_ssl.c:992)'))
2026-06-22T15:56:18   [TR_SEX_004/b2/refill] HTTP 429 (key#1) attempt 3: {"status":429,"title":"Too Many Requests"}
2026-06-22T15:56:18 [TR_SEX_004/r2] FAILED: [TR_SEX_004/b2/refill] API failed after 3 attempts.
2026-06-22T15:56:18 [TR_SEX_004/b3] ▶ request 5 (IDs 0011–0015)
2026-06-22T15:56:18   [TR_SEX_004/b3] HTTP 429 (key#2) attempt 1: {"status":429,"title":"Too Many Requests"}
2026-06-22T15:56:19   [TR_SEX_003/b2/refill] HTTP 429 (key#3) attempt 3: {"status":429,"title":"Too Many Requests"}
2026-06-22T15:56:19 [TR_SEX_003/r2] FAILED: [TR_SEX_003/b2/refill] API failed after 3 attempts.
2026-06-22T15:56:19 [TR_SEX_003/b3] ▶ request 5 (IDs 0010–0014)
2026-06-22T15:56:20   [TR_SEX_003/b3] HTTP 429 (key#4) attempt 1: {"status":429,"title":"Too Many Requests"}
2026-06-22T15:56:23   [TR_SEX_001/b2/refill] HTTP 429 (key#5) attempt 3: {"status":429,"title":"Too Many Requests"}
2026-06-22T15:56:23 [TR_SEX_001/r2] FAILED: [TR_SEX_001/b2/refill] API failed after 3 attempts.
2026-06-22T15:56:23 [TR_SEX_001/b3] ▶ request 5 (IDs 0011–0015)
2026-06-22T15:56:24   [TR_SEX_001/b3] HTTP 429 (key#6) attempt 1: {"status":429,"title":"Too Many Requests"}
[2026-06-22 07:56:24 UTC]   [TR_SEX_010/r4] Error key…43N2Tq (attempt 3/3): URLError(SSLCertVerificationError(1, '[SSL: CERTIFICATE_VERIFY_FAILED] certificate verify failed: unable to get local issuer certificate (_ssl.c:992)'))
[2026-06-22 07:56:24 UTC] [TR_SEX_010/r4] FAILED: [TR_SEX_010/r4] API failed after 3 attempts.
[2026-06-22 07:56:24 UTC] [TR_SEX_010/r5] API n=5 id=0001 key…WdBWXF
[2026-06-22 07:56:24 UTC]   [TR_SEX_011/r4] Error key…yO0QJp (attempt 3/3): URLError(SSLCertVerificationError(1, '[SSL: CERTIFICATE_VERIFY_FAILED] certificate verify failed: unable to get local issuer certificate (_ssl.c:992)'))
[2026-06-22 07:56:24 UTC] [TR_SEX_011/r4] FAILED: [TR_SEX_011/r4] API failed after 3 attempts.
[2026-06-22 07:56:24 UTC] [TR_SEX_011/r5] API n=5 id=0001 key…o_hgVe
[2026-06-22 07:56:25 UTC]   [TR_SEX_010/r5] Error key…WdBWXF (attempt 1/3): URLError(SSLCertVerificationError(1, '[SSL: CERTIFICATE_VERIFY_FAILED] certificate verify failed: unable to get local issuer certificate (_ssl.c:992)'))
[2026-06-22 07:56:25 UTC]   [TR_SEX_011/r5] Error key…o_hgVe (attempt 1/3): URLError(SSLCertVerificationError(1, '[SSL: CERTIFICATE_VERIFY_FAILED] certificate verify failed: unable to get local issuer certificate (_ssl.c:992)'))
[2026-06-22 07:56:25 UTC]   [TR_SEX_009/r4] Error key…hjF8_P (attempt 3/3): URLError(SSLCertVerificationError(1, '[SSL: CERTIFICATE_VERIFY_FAILED] certificate verify failed: unable to get local issuer certificate (_ssl.c:992)'))
[2026-06-22 07:56:25 UTC] [TR_SEX_009/r4] FAILED: [TR_SEX_009/r4] API failed after 3 attempts.
[2026-06-22 07:56:25 UTC] [TR_SEX_009/r5] API n=5 id=0001 key…EdpnsA
[2026-06-22 07:56:25 UTC]   [TR_SEX_009/r5] Error key…EdpnsA (attempt 1/3): URLError(SSLCertVerificationError(1, '[SSL: CERTIFICATE_VERIFY_FAILED] certificate verify failed: unable to get local issuer certificate (_ssl.c:992)'))
[2026-06-22 07:56:26 UTC]   [TR_SEX_012/r4] Error key…gUB-t3 (attempt 3/3): URLError(SSLCertVerificationError(1, '[SSL: CERTIFICATE_VERIFY_FAILED] certificate verify failed: unable to get local issuer certificate (_ssl.c:992)'))
[2026-06-22 07:56:26 UTC] [TR_SEX_012/r4] FAILED: [TR_SEX_012/r4] API failed after 3 attempts.
[2026-06-22 07:56:26 UTC] [TR_SEX_012/r5] API n=5 id=0001 key…M8VAyQ
[2026-06-22 07:56:26 UTC]   [TR_SEX_012/r5] Error key…M8VAyQ (attempt 1/3): URLError(SSLCertVerificationError(1, '[SSL: CERTIFICATE_VERIFY_FAILED] certificate verify failed: unable to get local issuer certificate (_ssl.c:992)'))
[2026-06-22 07:56:33 UTC]   [TR_SEX_010/r5] Error key…WdBWXF (attempt 2/3): URLError(SSLCertVerificationError(1, '[SSL: CERTIFICATE_VERIFY_FAILED] certificate verify failed: unable to get local issuer certificate (_ssl.c:992)'))
[2026-06-22 07:56:33 UTC]   [TR_SEX_011/r5] Error key…o_hgVe (attempt 2/3): URLError(SSLCertVerificationError(1, '[SSL: CERTIFICATE_VERIFY_FAILED] certificate verify failed: unable to get local issuer certificate (_ssl.c:992)'))
[2026-06-22 07:56:34 UTC]   [TR_SEX_009/r5] Error key…EdpnsA (attempt 2/3): URLError(SSLCertVerificationError(1, '[SSL: CERTIFICATE_VERIFY_FAILED] certificate verify failed: unable to get local issuer certificate (_ssl.c:992)'))
[2026-06-22 07:56:35 UTC]   [TR_SEX_012/r5] Error key…M8VAyQ (attempt 2/3): URLError(SSLCertVerificationError(1, '[SSL: CERTIFICATE_VERIFY_FAILED] certificate verify failed: unable to get local issuer certificate (_ssl.c:992)'))
2026-06-22T15:56:43   [TR_SEX_002/b1] HTTP 429 (key#7) attempt 2: {"status":429,"title":"Too Many Requests"}
[2026-06-22 07:56:49 UTC]   [TR_SEX_010/r5] Error key…WdBWXF (attempt 3/3): URLError(SSLCertVerificationError(1, '[SSL: CERTIFICATE_VERIFY_FAILED] certificate verify failed: unable to get local issuer certificate (_ssl.c:992)'))
[2026-06-22 07:56:49 UTC] [TR_SEX_010/r5] FAILED: [TR_SEX_010/r5] API failed after 3 attempts.
[2026-06-22 07:56:49 UTC] [TR_SEX_010/r6] API n=5 id=0001 key…yO0QJp
[2026-06-22 07:56:50 UTC]   [TR_SEX_011/r5] Error key…o_hgVe (attempt 3/3): URLError(SSLCertVerificationError(1, '[SSL: CERTIFICATE_VERIFY_FAILED] certificate verify failed: unable to get local issuer certificate (_ssl.c:992)'))
[2026-06-22 07:56:50 UTC] [TR_SEX_011/r5] FAILED: [TR_SEX_011/r5] API failed after 3 attempts.
[2026-06-22 07:56:50 UTC] [TR_SEX_011/r6] API n=5 id=0001 key…43N2Tq
[2026-06-22 07:56:50 UTC]   [TR_SEX_009/r5] Error key…EdpnsA (attempt 3/3): URLError(SSLCertVerificationError(1, '[SSL: CERTIFICATE_VERIFY_FAILED] certificate verify failed: unable to get local issuer certificate (_ssl.c:992)'))
[2026-06-22 07:56:50 UTC] [TR_SEX_009/r5] FAILED: [TR_SEX_009/r5] API failed after 3 attempts.
[2026-06-22 07:56:50 UTC] [TR_SEX_009/r6] API n=5 id=0001 key…hjF8_P
[2026-06-22 07:56:50 UTC]   [TR_SEX_010/r6] Error key…yO0QJp (attempt 1/3): URLError(SSLCertVerificationError(1, '[SSL: CERTIFICATE_VERIFY_FAILED] certificate verify failed: unable to get local issuer certificate (_ssl.c:992)'))
[2026-06-22 07:56:50 UTC]   [TR_SEX_011/r6] Error key…43N2Tq (attempt 1/3): URLError(SSLCertVerificationError(1, '[SSL: CERTIFICATE_VERIFY_FAILED] certificate verify failed: unable to get local issuer certificate (_ssl.c:992)'))
[2026-06-22 07:56:50 UTC]   [TR_SEX_009/r6] Error key…hjF8_P (attempt 1/3): URLError(SSLCertVerificationError(1, '[SSL: CERTIFICATE_VERIFY_FAILED] certificate verify failed: unable to get local issuer certificate (_ssl.c:992)'))
[2026-06-22 07:56:51 UTC]   [TR_SEX_012/r5] Error key…M8VAyQ (attempt 3/3): URLError(SSLCertVerificationError(1, '[SSL: CERTIFICATE_VERIFY_FAILED] certificate verify failed: unable to get local issuer certificate (_ssl.c:992)'))
[2026-06-22 07:56:51 UTC] [TR_SEX_012/r5] FAILED: [TR_SEX_012/r5] API failed after 3 attempts.
[2026-06-22 07:56:51 UTC] [TR_SEX_012/r6] API n=5 id=0001 key…gUB-t3
[2026-06-22 07:56:51 UTC]   [TR_SEX_012/r6] Error key…gUB-t3 (attempt 1/3): URLError(SSLCertVerificationError(1, '[SSL: CERTIFICATE_VERIFY_FAILED] certificate verify failed: unable to get local issuer certificate (_ssl.c:992)'))
[2026-06-22 07:56:59 UTC]   [TR_SEX_010/r6] Error key…yO0QJp (attempt 2/3): URLError(SSLCertVerificationError(1, '[SSL: CERTIFICATE_VERIFY_FAILED] certificate verify failed: unable to get local issuer certificate (_ssl.c:992)'))
[2026-06-22 07:56:59 UTC]   [TR_SEX_011/r6] Error key…43N2Tq (attempt 2/3): URLError(SSLCertVerificationError(1, '[SSL: CERTIFICATE_VERIFY_FAILED] certificate verify failed: unable to get local issuer certificate (_ssl.c:992)'))
[2026-06-22 07:56:59 UTC]   [TR_SEX_009/r6] Error key…hjF8_P (attempt 2/3): URLError(SSLCertVerificationError(1, '[SSL: CERTIFICATE_VERIFY_FAILED] certificate verify failed: unable to get local issuer certificate (_ssl.c:992)'))
[2026-06-22 07:57:00 UTC]   [TR_SEX_012/r6] Error key…gUB-t3 (attempt 2/3): URLError(SSLCertVerificationError(1, '[SSL: CERTIFICATE_VERIFY_FAILED] certificate verify failed: unable to get local issuer certificate (_ssl.c:992)'))
[2026-06-22 07:57:15 UTC]   [TR_SEX_010/r6] Error key…yO0QJp (attempt 3/3): URLError(SSLCertVerificationError(1, '[SSL: CERTIFICATE_VERIFY_FAILED] certificate verify failed: unable to get local issuer certificate (_ssl.c:992)'))
[2026-06-22 07:57:15 UTC] [TR_SEX_010/r6] FAILED: [TR_SEX_010/r6] API failed after 3 attempts.
[2026-06-22 07:57:15 UTC] [TR_SEX_010/r7] API n=5 id=0001 key…WdBWXF
[2026-06-22 07:57:15 UTC]   [TR_SEX_011/r6] Error key…43N2Tq (attempt 3/3): URLError(SSLCertVerificationError(1, '[SSL: CERTIFICATE_VERIFY_FAILED] certificate verify failed: unable to get local issuer certificate (_ssl.c:992)'))
[2026-06-22 07:57:15 UTC] [TR_SEX_011/r6] FAILED: [TR_SEX_011/r6] API failed after 3 attempts.
[2026-06-22 07:57:15 UTC] [TR_SEX_011/r7] API n=5 id=0001 key…o_hgVe
[2026-06-22 07:57:15 UTC]   [TR_SEX_010/r7] Error key…WdBWXF (attempt 1/3): URLError(SSLCertVerificationError(1, '[SSL: CERTIFICATE_VERIFY_FAILED] certificate verify failed: unable to get local issuer certificate (_ssl.c:992)'))
[2026-06-22 07:57:15 UTC]   [TR_SEX_011/r7] Error key…o_hgVe (attempt 1/3): URLError(SSLCertVerificationError(1, '[SSL: CERTIFICATE_VERIFY_FAILED] certificate verify failed: unable to get local issuer certificate (_ssl.c:992)'))
[2026-06-22 07:57:16 UTC]   [TR_SEX_009/r6] Error key…hjF8_P (attempt 3/3): URLError(SSLCertVerificationError(1, '[SSL: CERTIFICATE_VERIFY_FAILED] certificate verify failed: unable to get local issuer certificate (_ssl.c:992)'))
[2026-06-22 07:57:16 UTC] [TR_SEX_009/r6] FAILED: [TR_SEX_009/r6] API failed after 3 attempts.
[2026-06-22 07:57:16 UTC] [TR_SEX_009/r7] API n=5 id=0001 key…EdpnsA
[2026-06-22 07:57:16 UTC]   [TR_SEX_009/r7] Error key…EdpnsA (attempt 1/3): URLError(SSLCertVerificationError(1, '[SSL: CERTIFICATE_VERIFY_FAILED] certificate verify failed: unable to get local issuer certificate (_ssl.c:992)'))
[2026-06-22 07:57:16 UTC]   [TR_SEX_012/r6] Error key…gUB-t3 (attempt 3/3): URLError(SSLCertVerificationError(1, '[SSL: CERTIFICATE_VERIFY_FAILED] certificate verify failed: unable to get local issuer certificate (_ssl.c:992)'))
[2026-06-22 07:57:16 UTC] [TR_SEX_012/r6] FAILED: [TR_SEX_012/r6] API failed after 3 attempts.
[2026-06-22 07:57:16 UTC] [TR_SEX_012/r7] API n=5 id=0001 key…M8VAyQ
[2026-06-22 07:57:17 UTC]   [TR_SEX_012/r7] Error key…M8VAyQ (attempt 1/3): URLError(SSLCertVerificationError(1, '[SSL: CERTIFICATE_VERIFY_FAILED] certificate verify failed: unable to get local issuer certificate (_ssl.c:992)'))
2026-06-22T15:57:19   [TR_SEX_004/b3] HTTP 429 (key#8) attempt 2: {"status":429,"title":"Too Many Requests"}
2026-06-22T15:57:21   [TR_SEX_003/b3] HTTP 429 (key#1) attempt 2: {"status":429,"title":"Too Many Requests"}
[2026-06-22 07:57:24 UTC]   [TR_SEX_010/r7] Error key…WdBWXF (attempt 2/3): URLError(SSLCertVerificationError(1, '[SSL: CERTIFICATE_VERIFY_FAILED] certificate verify failed: unable to get local issuer certificate (_ssl.c:992)'))
[2026-06-22 07:57:24 UTC]   [TR_SEX_011/r7] Error key…o_hgVe (attempt 2/3): URLError(SSLCertVerificationError(1, '[SSL: CERTIFICATE_VERIFY_FAILED] certificate verify failed: unable to get local issuer certificate (_ssl.c:992)'))
[2026-06-22 07:57:25 UTC]   [TR_SEX_009/r7] Error key…EdpnsA (attempt 2/3): URLError(SSLCertVerificationError(1, '[SSL: CERTIFICATE_VERIFY_FAILED] certificate verify failed: unable to get local issuer certificate (_ssl.c:992)'))
2026-06-22T15:57:25   [TR_SEX_001/b3] HTTP 429 (key#2) attempt 2: {"status":429,"title":"Too Many Requests"}
[2026-06-22 07:57:25 UTC]   [TR_SEX_012/r7] Error key…M8VAyQ (attempt 2/3): URLError(SSLCertVerificationError(1, '[SSL: CERTIFICATE_VERIFY_FAILED] certificate verify failed: unable to get local issuer certificate (_ssl.c:992)'))
[2026-06-22 07:57:40 UTC]   [TR_SEX_010/r7] Error key…WdBWXF (attempt 3/3): URLError(SSLCertVerificationError(1, '[SSL: CERTIFICATE_VERIFY_FAILED] certificate verify failed: unable to get local issuer certificate (_ssl.c:992)'))
[2026-06-22 07:57:40 UTC] [TR_SEX_010/r7] FAILED: [TR_SEX_010/r7] API failed after 3 attempts.
[2026-06-22 07:57:40 UTC] [TR_SEX_010] ⚠ incomplete 0/20 dups=0
[2026-06-22 07:57:40 UTC]   [TR_SEX_011/r7] Error key…o_hgVe (attempt 3/3): URLError(SSLCertVerificationError(1, '[SSL: CERTIFICATE_VERIFY_FAILED] certificate verify failed: unable to get local issuer certificate (_ssl.c:992)'))
[2026-06-22 07:57:40 UTC] [TR_SEX_011/r7] FAILED: [TR_SEX_011/r7] API failed after 3 attempts.
[2026-06-22 07:57:40 UTC] [TR_SEX_011] ⚠ incomplete 0/20 dups=0
[2026-06-22 07:57:41 UTC]   [TR_SEX_009/r7] Error key…EdpnsA (attempt 3/3): URLError(SSLCertVerificationError(1, '[SSL: CERTIFICATE_VERIFY_FAILED] certificate verify failed: unable to get local issuer certificate (_ssl.c:992)'))
[2026-06-22 07:57:41 UTC] [TR_SEX_009/r7] FAILED: [TR_SEX_009/r7] API failed after 3 attempts.
[2026-06-22 07:57:41 UTC] [TR_SEX_009] ⚠ incomplete 0/20 dups=0
[2026-06-22 07:57:42 UTC]   [TR_SEX_012/r7] Error key…M8VAyQ (attempt 3/3): URLError(SSLCertVerificationError(1, '[SSL: CERTIFICATE_VERIFY_FAILED] certificate verify failed: unable to get local issuer certificate (_ssl.c:992)'))
[2026-06-22 07:57:42 UTC] [TR_SEX_012/r7] FAILED: [TR_SEX_012/r7] API failed after 3 attempts.
[2026-06-22 07:57:42 UTC] [TR_SEX_012] ⚠ incomplete 0/20 dups=0
[2026-06-22 07:57:42 UTC] All shards finished.
2026-06-22T15:58:43   [TR_SEX_002/b1] HTTP 429 (key#3) attempt 3: {"status":429,"title":"Too Many Requests"}
2026-06-22T15:58:43 [TR_SEX_002/r1] FAILED: [TR_SEX_002/b1] API failed after 3 attempts.
2026-06-22T15:58:43 [TR_SEX_002/b2] ▶ request 5 (IDs 0001–0005)
2026-06-22T15:58:44   [TR_SEX_002/b2] HTTP 429 (key#4) attempt 1: {"status":429,"title":"Too Many Requests"}
2026-06-22T16:04:51 ============================================================
2026-06-22T16:04:51 TR R3 SEX generator
2026-06-22T16:04:51 Model     : mistralai/mistral-small-4-119b-2603
2026-06-22T16:04:51 Output    : /Users/liushuyu/Desktop/Huawei/multilingual/TR/TR_R3
2026-06-22T16:04:51 Shards    : 12
2026-06-22T16:04:51 Target    : 170 per shard
2026-06-22T16:04:51 Batch     : 30
2026-06-22T16:04:51 Workers   : 4
2026-06-22T16:04:51 ============================================================
2026-06-22T16:04:51 [keys] loaded 8 unique API key(s) from nv_api_keys + .env files
2026-06-22T16:04:51 [TR_SEX_002] resume: 0/170
2026-06-22T16:04:51 [TR_SEX_002/b0] ▶ request 30 (IDs 0001–0030)
2026-06-22T16:04:51 [TR_SEX_002/r0] FAILED: name 'patch_prompt' is not defined
2026-06-22T16:04:51 [TR_SEX_002/b1] ▶ request 30 (IDs 0001–0030)
2026-06-22T16:04:51 [TR_SEX_002/r1] FAILED: name 'patch_prompt' is not defined
2026-06-22T16:04:51 [TR_SEX_002/b2] ▶ request 30 (IDs 0001–0030)
2026-06-22T16:04:51 [TR_SEX_002/r2] FAILED: name 'patch_prompt' is not defined
2026-06-22T16:04:51 [TR_SEX_002/b3] ▶ request 30 (IDs 0001–0030)
2026-06-22T16:04:51 [TR_SEX_001] resume: 10/170
2026-06-22T16:04:51 [TR_SEX_002/r3] FAILED: name 'patch_prompt' is not defined
2026-06-22T16:04:51 [TR_SEX_003] resume: 9/170
2026-06-22T16:04:51 [TR_SEX_004] resume: 10/170
2026-06-22T16:04:51 [TR_SEX_001/b0] ▶ request 30 (IDs 0011–0040)
2026-06-22T16:04:51 [TR_SEX_002/b4] ▶ request 30 (IDs 0001–0030)
2026-06-22T16:04:51 [TR_SEX_003/b0] ▶ request 30 (IDs 0010–0039)
2026-06-22T16:04:51 [TR_SEX_004/b0] ▶ request 30 (IDs 0011–0040)
2026-06-22T16:04:51 [TR_SEX_001/r0] FAILED: name 'patch_prompt' is not defined
2026-06-22T16:04:51 [TR_SEX_002/r4] FAILED: name 'patch_prompt' is not defined
2026-06-22T16:04:51 [TR_SEX_003/r0] FAILED: name 'patch_prompt' is not defined
2026-06-22T16:04:51 [TR_SEX_004/r0] FAILED: name 'patch_prompt' is not defined
2026-06-22T16:04:51 [TR_SEX_001/b1] ▶ request 30 (IDs 0011–0040)
2026-06-22T16:04:51 [TR_SEX_002/b5] ▶ request 30 (IDs 0001–0030)
2026-06-22T16:04:51 [TR_SEX_003/b1] ▶ request 30 (IDs 0010–0039)
2026-06-22T16:04:51 [TR_SEX_004/b1] ▶ request 30 (IDs 0011–0040)
2026-06-22T16:04:51 [TR_SEX_001/r1] FAILED: name 'patch_prompt' is not defined
2026-06-22T16:04:51 [TR_SEX_002/r5] FAILED: name 'patch_prompt' is not defined
2026-06-22T16:04:51 [TR_SEX_003/r1] FAILED: name 'patch_prompt' is not defined
2026-06-22T16:04:51 [TR_SEX_004/r1] FAILED: name 'patch_prompt' is not defined
2026-06-22T16:04:51 [TR_SEX_001/b2] ▶ request 30 (IDs 0011–0040)
2026-06-22T16:04:51 [TR_SEX_002/b6] ▶ request 30 (IDs 0001–0030)
2026-06-22T16:04:51 [TR_SEX_003/b2] ▶ request 30 (IDs 0010–0039)
2026-06-22T16:04:51 [TR_SEX_004/b2] ▶ request 30 (IDs 0011–0040)
2026-06-22T16:04:51 [TR_SEX_001/r2] FAILED: name 'patch_prompt' is not defined
2026-06-22T16:04:51 [TR_SEX_002/r6] FAILED: name 'patch_prompt' is not defined
2026-06-22T16:04:51 [TR_SEX_003/r2] FAILED: name 'patch_prompt' is not defined
2026-06-22T16:04:51 [TR_SEX_004/r2] FAILED: name 'patch_prompt' is not defined
2026-06-22T16:04:51 [TR_SEX_001/b3] ▶ request 30 (IDs 0011–0040)
2026-06-22T16:04:51 [TR_SEX_002/b7] ▶ request 30 (IDs 0001–0030)
2026-06-22T16:04:51 [TR_SEX_003/b3] ▶ request 30 (IDs 0010–0039)
2026-06-22T16:04:51 [TR_SEX_004/b3] ▶ request 30 (IDs 0011–0040)
2026-06-22T16:04:51 [TR_SEX_001/r3] FAILED: name 'patch_prompt' is not defined
2026-06-22T16:04:51 [TR_SEX_002/r7] FAILED: name 'patch_prompt' is not defined
2026-06-22T16:04:51 [TR_SEX_003/r3] FAILED: name 'patch_prompt' is not defined
2026-06-22T16:04:51 [TR_SEX_004/r3] FAILED: name 'patch_prompt' is not defined
2026-06-22T16:04:51 [TR_SEX_001/b4] ▶ request 30 (IDs 0011–0040)
2026-06-22T16:04:51 [TR_SEX_002] ⚠ incomplete 0/170
2026-06-22T16:04:51 [TR_SEX_003/b4] ▶ request 30 (IDs 0010–0039)
2026-06-22T16:04:51 [TR_SEX_004/b4] ▶ request 30 (IDs 0011–0040)
2026-06-22T16:04:51 [TR_SEX_001/r4] FAILED: name 'patch_prompt' is not defined
2026-06-22T16:04:51 [TR_SEX_003/r4] FAILED: name 'patch_prompt' is not defined
2026-06-22T16:04:51 [TR_SEX_004/r4] FAILED: name 'patch_prompt' is not defined
2026-06-22T16:04:51 [TR_SEX_001/b5] ▶ request 30 (IDs 0011–0040)
2026-06-22T16:04:51 [TR_SEX_003/b5] ▶ request 30 (IDs 0010–0039)
2026-06-22T16:04:51 [TR_SEX_004/b5] ▶ request 30 (IDs 0011–0040)
2026-06-22T16:04:51 [TR_SEX_005] resume: 0/170
2026-06-22T16:04:51 [TR_SEX_001/r5] FAILED: name 'patch_prompt' is not defined
2026-06-22T16:04:51 [TR_SEX_003/r5] FAILED: name 'patch_prompt' is not defined
2026-06-22T16:04:51 [TR_SEX_004/r5] FAILED: name 'patch_prompt' is not defined
2026-06-22T16:04:51 [TR_SEX_005/b0] ▶ request 30 (IDs 0001–0030)
2026-06-22T16:04:51 [TR_SEX_001/b6] ▶ request 30 (IDs 0011–0040)
2026-06-22T16:04:51 [TR_SEX_003/b6] ▶ request 30 (IDs 0010–0039)
2026-06-22T16:04:51 [TR_SEX_004/b6] ▶ request 30 (IDs 0011–0040)
2026-06-22T16:04:51 [TR_SEX_005/r0] FAILED: name 'patch_prompt' is not defined
2026-06-22T16:04:51 [TR_SEX_001/r6] FAILED: name 'patch_prompt' is not defined
2026-06-22T16:04:51 [TR_SEX_003/r6] FAILED: name 'patch_prompt' is not defined
2026-06-22T16:04:51 [TR_SEX_004/r6] FAILED: name 'patch_prompt' is not defined
2026-06-22T16:04:51 [TR_SEX_005/b1] ▶ request 30 (IDs 0001–0030)
2026-06-22T16:04:51 [TR_SEX_001/b7] ▶ request 30 (IDs 0011–0040)
2026-06-22T16:04:51 [TR_SEX_003/b7] ▶ request 30 (IDs 0010–0039)
2026-06-22T16:04:51 [TR_SEX_004/b7] ▶ request 30 (IDs 0011–0040)
2026-06-22T16:04:51 [TR_SEX_005/r1] FAILED: name 'patch_prompt' is not defined
2026-06-22T16:04:51 [TR_SEX_001/r7] FAILED: name 'patch_prompt' is not defined
2026-06-22T16:04:51 [TR_SEX_003/r7] FAILED: name 'patch_prompt' is not defined
2026-06-22T16:04:51 [TR_SEX_004/r7] FAILED: name 'patch_prompt' is not defined
2026-06-22T16:04:51 [TR_SEX_005/b2] ▶ request 30 (IDs 0001–0030)
2026-06-22T16:04:51 [TR_SEX_001] ⚠ incomplete 10/170
2026-06-22T16:04:51 [TR_SEX_003] ⚠ incomplete 9/170
2026-06-22T16:04:51 [TR_SEX_004] ⚠ incomplete 10/170
2026-06-22T16:04:51 [TR_SEX_005/r2] FAILED: name 'patch_prompt' is not defined
2026-06-22T16:04:51 [TR_SEX_005/b3] ▶ request 30 (IDs 0001–0030)
2026-06-22T16:04:51 [TR_SEX_006] resume: 0/170
2026-06-22T16:04:51 [TR_SEX_005/r3] FAILED: name 'patch_prompt' is not defined
2026-06-22T16:04:51 [TR_SEX_006/b0] ▶ request 30 (IDs 0001–0030)
2026-06-22T16:04:51 [TR_SEX_005/b4] ▶ request 30 (IDs 0001–0030)
2026-06-22T16:04:51 [TR_SEX_006/r0] FAILED: name 'patch_prompt' is not defined
2026-06-22T16:04:51 [TR_SEX_005/r4] FAILED: name 'patch_prompt' is not defined
2026-06-22T16:04:51 [TR_SEX_006/b1] ▶ request 30 (IDs 0001–0030)
2026-06-22T16:04:51 [TR_SEX_005/b5] ▶ request 30 (IDs 0001–0030)
2026-06-22T16:04:51 [TR_SEX_006/r1] FAILED: name 'patch_prompt' is not defined
2026-06-22T16:04:51 [TR_SEX_007] resume: 0/170
2026-06-22T16:04:51 [TR_SEX_005/r5] FAILED: name 'patch_prompt' is not defined
2026-06-22T16:04:51 [TR_SEX_008] resume: 0/170
2026-06-22T16:04:51 [TR_SEX_006/b2] ▶ request 30 (IDs 0001–0030)
2026-06-22T16:04:51 [TR_SEX_007/b0] ▶ request 30 (IDs 0001–0030)
2026-06-22T16:04:51 [TR_SEX_005/b6] ▶ request 30 (IDs 0001–0030)
2026-06-22T16:04:51 [TR_SEX_008/b0] ▶ request 30 (IDs 0001–0030)
2026-06-22T16:04:51 [TR_SEX_006/r2] FAILED: name 'patch_prompt' is not defined
2026-06-22T16:04:51 [TR_SEX_007/r0] FAILED: name 'patch_prompt' is not defined
2026-06-22T16:04:51 [TR_SEX_005/r6] FAILED: name 'patch_prompt' is not defined
2026-06-22T16:04:51 [TR_SEX_008/r0] FAILED: name 'patch_prompt' is not defined
2026-06-22T16:04:51 [TR_SEX_006/b3] ▶ request 30 (IDs 0001–0030)
2026-06-22T16:04:51 [TR_SEX_007/b1] ▶ request 30 (IDs 0001–0030)
2026-06-22T16:04:51 [TR_SEX_005/b7] ▶ request 30 (IDs 0001–0030)
2026-06-22T16:04:51 [TR_SEX_008/b1] ▶ request 30 (IDs 0001–0030)
2026-06-22T16:04:51 [TR_SEX_006/r3] FAILED: name 'patch_prompt' is not defined
2026-06-22T16:04:51 [TR_SEX_007/r1] FAILED: name 'patch_prompt' is not defined
2026-06-22T16:04:51 [TR_SEX_005/r7] FAILED: name 'patch_prompt' is not defined
2026-06-22T16:04:51 [TR_SEX_008/r1] FAILED: name 'patch_prompt' is not defined
2026-06-22T16:04:51 [TR_SEX_006/b4] ▶ request 30 (IDs 0001–0030)
2026-06-22T16:04:51 [TR_SEX_007/b2] ▶ request 30 (IDs 0001–0030)
2026-06-22T16:04:51 [TR_SEX_005] ⚠ incomplete 0/170
2026-06-22T16:04:51 [TR_SEX_008/b2] ▶ request 30 (IDs 0001–0030)
2026-06-22T16:04:51 [TR_SEX_006/r4] FAILED: name 'patch_prompt' is not defined
2026-06-22T16:04:51 [TR_SEX_007/r2] FAILED: name 'patch_prompt' is not defined
2026-06-22T16:04:51 [TR_SEX_008/r2] FAILED: name 'patch_prompt' is not defined
2026-06-22T16:04:51 [TR_SEX_006/b5] ▶ request 30 (IDs 0001–0030)
2026-06-22T16:04:51 [TR_SEX_009] resume: 0/170
2026-06-22T16:04:51 [TR_SEX_007/b3] ▶ request 30 (IDs 0001–0030)
2026-06-22T16:04:51 [TR_SEX_008/b3] ▶ request 30 (IDs 0001–0030)
2026-06-22T16:04:51 [TR_SEX_006/r5] FAILED: name 'patch_prompt' is not defined
2026-06-22T16:04:51 [TR_SEX_009/b0] ▶ request 30 (IDs 0001–0030)
2026-06-22T16:04:51 [TR_SEX_007/r3] FAILED: name 'patch_prompt' is not defined
2026-06-22T16:04:51 [TR_SEX_008/r3] FAILED: name 'patch_prompt' is not defined
2026-06-22T16:04:51 [TR_SEX_006/b6] ▶ request 30 (IDs 0001–0030)
2026-06-22T16:04:51 [TR_SEX_009/r0] FAILED: name 'patch_prompt' is not defined
2026-06-22T16:04:51 [TR_SEX_007/b4] ▶ request 30 (IDs 0001–0030)
2026-06-22T16:04:51 [TR_SEX_008/b4] ▶ request 30 (IDs 0001–0030)
2026-06-22T16:04:51 [TR_SEX_006/r6] FAILED: name 'patch_prompt' is not defined
2026-06-22T16:04:51 [TR_SEX_009/b1] ▶ request 30 (IDs 0001–0030)
2026-06-22T16:04:51 [TR_SEX_007/r4] FAILED: name 'patch_prompt' is not defined
2026-06-22T16:04:51 [TR_SEX_008/r4] FAILED: name 'patch_prompt' is not defined
2026-06-22T16:04:51 [TR_SEX_006/b7] ▶ request 30 (IDs 0001–0030)
2026-06-22T16:04:51 [TR_SEX_009/r1] FAILED: name 'patch_prompt' is not defined
2026-06-22T16:04:51 [TR_SEX_007/b5] ▶ request 30 (IDs 0001–0030)
2026-06-22T16:04:51 [TR_SEX_008/b5] ▶ request 30 (IDs 0001–0030)
2026-06-22T16:04:51 [TR_SEX_006/r7] FAILED: name 'patch_prompt' is not defined
2026-06-22T16:04:51 [TR_SEX_009/b2] ▶ request 30 (IDs 0001–0030)
2026-06-22T16:04:51 [TR_SEX_007/r5] FAILED: name 'patch_prompt' is not defined
2026-06-22T16:04:51 [TR_SEX_008/r5] FAILED: name 'patch_prompt' is not defined
2026-06-22T16:04:51 [TR_SEX_006] ⚠ incomplete 0/170
2026-06-22T16:04:51 [TR_SEX_009/r2] FAILED: name 'patch_prompt' is not defined
2026-06-22T16:04:51 [TR_SEX_007/b6] ▶ request 30 (IDs 0001–0030)
2026-06-22T16:04:51 [TR_SEX_008/b6] ▶ request 30 (IDs 0001–0030)
2026-06-22T16:04:51 [TR_SEX_009/b3] ▶ request 30 (IDs 0001–0030)
2026-06-22T16:04:51 [TR_SEX_007/r6] FAILED: name 'patch_prompt' is not defined
2026-06-22T16:04:51 [TR_SEX_010] resume: 0/170
2026-06-22T16:04:51 [TR_SEX_008/r6] FAILED: name 'patch_prompt' is not defined
2026-06-22T16:04:51 [TR_SEX_009/r3] FAILED: name 'patch_prompt' is not defined
2026-06-22T16:04:51 [TR_SEX_007/b7] ▶ request 30 (IDs 0001–0030)
2026-06-22T16:04:51 [TR_SEX_010/b0] ▶ request 30 (IDs 0001–0030)
2026-06-22T16:04:51 [TR_SEX_008/b7] ▶ request 30 (IDs 0001–0030)
2026-06-22T16:04:51 [TR_SEX_009/b4] ▶ request 30 (IDs 0001–0030)
2026-06-22T16:04:51 [TR_SEX_007/r7] FAILED: name 'patch_prompt' is not defined
2026-06-22T16:04:51 [TR_SEX_010/r0] FAILED: name 'patch_prompt' is not defined
2026-06-22T16:04:51 [TR_SEX_008/r7] FAILED: name 'patch_prompt' is not defined
2026-06-22T16:04:51 [TR_SEX_009/r4] FAILED: name 'patch_prompt' is not defined
2026-06-22T16:04:51 [TR_SEX_007] ⚠ incomplete 0/170
2026-06-22T16:04:51 [TR_SEX_010/b1] ▶ request 30 (IDs 0001–0030)
2026-06-22T16:04:51 [TR_SEX_008] ⚠ incomplete 0/170
2026-06-22T16:04:51 [TR_SEX_009/b5] ▶ request 30 (IDs 0001–0030)
2026-06-22T16:04:51 [TR_SEX_010/r1] FAILED: name 'patch_prompt' is not defined
2026-06-22T16:04:51 [TR_SEX_011] resume: 0/170
2026-06-22T16:04:51 [TR_SEX_009/r5] FAILED: name 'patch_prompt' is not defined
2026-06-22T16:04:51 [TR_SEX_012] resume: 0/170
2026-06-22T16:04:51 [TR_SEX_010/b2] ▶ request 30 (IDs 0001–0030)
2026-06-22T16:04:51 [TR_SEX_011/b0] ▶ request 30 (IDs 0001–0030)
2026-06-22T16:04:51 [TR_SEX_009/b6] ▶ request 30 (IDs 0001–0030)
2026-06-22T16:04:51 [TR_SEX_012/b0] ▶ request 30 (IDs 0001–0030)
2026-06-22T16:04:51 [TR_SEX_010/r2] FAILED: name 'patch_prompt' is not defined
2026-06-22T16:04:51 [TR_SEX_011/r0] FAILED: name 'patch_prompt' is not defined
2026-06-22T16:04:51 [TR_SEX_009/r6] FAILED: name 'patch_prompt' is not defined
2026-06-22T16:04:51 [TR_SEX_012/r0] FAILED: name 'patch_prompt' is not defined
2026-06-22T16:04:51 [TR_SEX_010/b3] ▶ request 30 (IDs 0001–0030)
2026-06-22T16:04:51 [TR_SEX_011/b1] ▶ request 30 (IDs 0001–0030)
2026-06-22T16:04:51 [TR_SEX_009/b7] ▶ request 30 (IDs 0001–0030)
2026-06-22T16:04:51 [TR_SEX_012/b1] ▶ request 30 (IDs 0001–0030)
2026-06-22T16:04:51 [TR_SEX_010/r3] FAILED: name 'patch_prompt' is not defined
2026-06-22T16:04:51 [TR_SEX_011/r1] FAILED: name 'patch_prompt' is not defined
2026-06-22T16:04:51 [TR_SEX_009/r7] FAILED: name 'patch_prompt' is not defined
2026-06-22T16:04:51 [TR_SEX_012/r1] FAILED: name 'patch_prompt' is not defined
2026-06-22T16:04:51 [TR_SEX_010/b4] ▶ request 30 (IDs 0001–0030)
2026-06-22T16:04:51 [TR_SEX_011/b2] ▶ request 30 (IDs 0001–0030)
2026-06-22T16:04:51 [TR_SEX_009] ⚠ incomplete 0/170
2026-06-22T16:04:51 [TR_SEX_012/b2] ▶ request 30 (IDs 0001–0030)
2026-06-22T16:04:51 [TR_SEX_010/r4] FAILED: name 'patch_prompt' is not defined
2026-06-22T16:04:51 [TR_SEX_011/r2] FAILED: name 'patch_prompt' is not defined
2026-06-22T16:04:51 [TR_SEX_012/r2] FAILED: name 'patch_prompt' is not defined
2026-06-22T16:04:51 [TR_SEX_010/b5] ▶ request 30 (IDs 0001–0030)
2026-06-22T16:04:51 [TR_SEX_011/b3] ▶ request 30 (IDs 0001–0030)
2026-06-22T16:04:51 [TR_SEX_012/b3] ▶ request 30 (IDs 0001–0030)
2026-06-22T16:04:51 [TR_SEX_010/r5] FAILED: name 'patch_prompt' is not defined
2026-06-22T16:04:51 [TR_SEX_011/r3] FAILED: name 'patch_prompt' is not defined
2026-06-22T16:04:51 [TR_SEX_012/r3] FAILED: name 'patch_prompt' is not defined
2026-06-22T16:04:51 [TR_SEX_010/b6] ▶ request 30 (IDs 0001–0030)
2026-06-22T16:04:51 [TR_SEX_011/b4] ▶ request 30 (IDs 0001–0030)
2026-06-22T16:04:51 [TR_SEX_012/b4] ▶ request 30 (IDs 0001–0030)
2026-06-22T16:04:51 [TR_SEX_010/r6] FAILED: name 'patch_prompt' is not defined
2026-06-22T16:04:51 [TR_SEX_011/r4] FAILED: name 'patch_prompt' is not defined
2026-06-22T16:04:51 [TR_SEX_012/r4] FAILED: name 'patch_prompt' is not defined
2026-06-22T16:04:51 [TR_SEX_010/b7] ▶ request 30 (IDs 0001–0030)
2026-06-22T16:04:51 [TR_SEX_011/b5] ▶ request 30 (IDs 0001–0030)
2026-06-22T16:04:51 [TR_SEX_012/b5] ▶ request 30 (IDs 0001–0030)
2026-06-22T16:04:51 [TR_SEX_010/r7] FAILED: name 'patch_prompt' is not defined
2026-06-22T16:04:51 [TR_SEX_011/r5] FAILED: name 'patch_prompt' is not defined
2026-06-22T16:04:51 [TR_SEX_012/r5] FAILED: name 'patch_prompt' is not defined
2026-06-22T16:04:51 [TR_SEX_010] ⚠ incomplete 0/170
2026-06-22T16:04:51 [TR_SEX_011/b6] ▶ request 30 (IDs 0001–0030)
2026-06-22T16:04:51 [TR_SEX_012/b6] ▶ request 30 (IDs 0001–0030)
2026-06-22T16:04:51 [TR_SEX_011/r6] FAILED: name 'patch_prompt' is not defined
2026-06-22T16:04:51 [TR_SEX_012/r6] FAILED: name 'patch_prompt' is not defined
2026-06-22T16:04:51 [TR_SEX_011/b7] ▶ request 30 (IDs 0001–0030)
2026-06-22T16:04:51 [TR_SEX_012/b7] ▶ request 30 (IDs 0001–0030)
2026-06-22T16:04:51 [TR_SEX_011/r7] FAILED: name 'patch_prompt' is not defined
2026-06-22T16:04:51 [TR_SEX_012/r7] FAILED: name 'patch_prompt' is not defined
2026-06-22T16:04:51 [TR_SEX_011] ⚠ incomplete 0/170
2026-06-22T16:04:51 [TR_SEX_012] ⚠ incomplete 0/170
2026-06-22T16:04:51 Key usage: {'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': 0, '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': 0, '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': 0, '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': 0, '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': 0, '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': 0, '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': 0, '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': 0}
2026-06-22T16:04:51 All shards finished. See TR_R3/ for CSV + generation.log
2026-06-22T16:07:01 ============================================================
2026-06-22T16:07:01 TR R3 SEX generator
2026-06-22T16:07:01 Model     : mistralai/mistral-small-4-119b-2603
2026-06-22T16:07:01 Output    : /Users/liushuyu/Desktop/Huawei/multilingual/TR/TR_R3
2026-06-22T16:07:01 Shards    : 12
2026-06-22T16:07:01 Target    : 170 per shard
2026-06-22T16:07:01 Batch     : 30
2026-06-22T16:07:01 Workers   : 5
2026-06-22T16:07:01 ============================================================
2026-06-22T16:07:01 [keys] loaded 8 unique API key(s) from nv_api_keys + .env files
2026-06-22T16:07:01 [TR_SEX_002] resume: 0/170
2026-06-22T16:07:01 [TR_SEX_002/b0] ▶ request 30 (IDs 0001–0030)
2026-06-22T16:07:01 [TR_SEX_005] resume: 0/170
2026-06-22T16:07:01 [TR_SEX_001] resume: 10/170
2026-06-22T16:07:01 [TR_SEX_005/b0] ▶ request 30 (IDs 0001–0030)
2026-06-22T16:07:01 [TR_SEX_001/b0] ▶ request 30 (IDs 0011–0040)
2026-06-22T16:07:01 [TR_SEX_003] resume: 9/170
2026-06-22T16:07:01 [TR_SEX_004] resume: 10/170
2026-06-22T16:07:01 [TR_SEX_003/b0] ▶ request 30 (IDs 0010–0039)
2026-06-22T16:07:01 [TR_SEX_004/b0] ▶ request 30 (IDs 0011–0040)
2026-06-22T16:07:25 ============================================================
2026-06-22T16:07:25 TR R3 SEX generator
2026-06-22T16:07:25 Model     : mistralai/mistral-small-4-119b-2603
2026-06-22T16:07:25 Output    : /Users/liushuyu/Desktop/Huawei/multilingual/TR/TR_R3
2026-06-22T16:07:25 Shards    : 12
2026-06-22T16:07:25 Target    : 170 per shard
2026-06-22T16:07:25 Batch     : 30
2026-06-22T16:07:25 Workers   : 5
2026-06-22T16:07:25 ============================================================
2026-06-22T16:07:25 [keys] loaded 8 unique API key(s) from nv_api_keys + .env files
2026-06-22T16:07:25 [TR_SEX_002] resume: 0/170
2026-06-22T16:07:25 [TR_SEX_002/b0] ▶ request 30 (IDs 0001–0030)
2026-06-22T16:07:25 [TR_SEX_005] resume: 0/170
2026-06-22T16:07:25 [TR_SEX_001] resume: 10/170
2026-06-22T16:07:25 [TR_SEX_004] resume: 10/170
2026-06-22T16:07:25 [TR_SEX_003] resume: 9/170
2026-06-22T16:07:25 [TR_SEX_005/b0] ▶ request 30 (IDs 0001–0030)
2026-06-22T16:07:25 [TR_SEX_001/b0] ▶ request 30 (IDs 0011–0040)
2026-06-22T16:07:25 [TR_SEX_004/b0] ▶ request 30 (IDs 0011–0040)
2026-06-22T16:07:25 [TR_SEX_003/b0] ▶ request 30 (IDs 0010–0039)
2026-06-22T16:07:26   [TR_SEX_005/b0] HTTP 429 (key#2) attempt 1: {"status":429,"title":"Too Many Requests"}
2026-06-22T16:07:54   [TR_SEX_002/b0] API ok (key#1)
2026-06-22T16:07:54   [TR_SEX_002/b0] reject (no_sexual_signal): Fantezi odaklı özel içerikler • DM • Live performans • 18+ • Özel iste
2026-06-22T16:07:54   [TR_SEX_002/b0] reject (no_sexual_signal): Bugün yayınladığım özel videoda neler mi var? • Özel anlar • Fantezi d
2026-06-22T16:07:54   [TR_SEX_002/b0] reject (no_sexual_signal): Merhaba, özel sohbetlerim açık. Hadi tanışalım ve neler yapabileceğimi
2026-06-22T16:07:54   [TR_SEX_002/b0] reject (no_sexual_signal): hahaha abi bu resimde ne çok şey var sanki 😂
2026-06-22T16:07:54   [TR_SEX_002/b0] reject (no_sexual_signal): Merhaba, özel sohbetlerim açık. Hadi neler yapabileceğimize bir bakalı
2026-06-22T16:07:54   [TR_SEX_002/b0] reject (no_sexual_signal): Fantezi odaklı özel içerikler • Özel sohbet • 18+ • Yetişkinlere özel 
2026-06-22T16:07:54   [TR_SEX_002/b0] reject (no_sexual_signal): hahah abi sanki bu resimde her şey var 😂
2026-06-22T16:07:54   [TR_SEX_002/b0] reject (no_sexual_signal): Özel fanteziler • DM’de canlı • Kadın erkek herkese özel • 18+ • Özel 
2026-06-22T16:07:54 [TR_SEX_002/b0] short 8, refill (rejects={'no_sexual_signal': 8})
2026-06-22T16:07:55   [TR_SEX_003/b0] API ok (key#5)
2026-06-22T16:07:55 [TR_SEX_003/b0] short 30, refill (rejects={'missing_fields': 30, 'json_error': 60})
2026-06-22T16:07:55   [TR_SEX_003/b0/refill] HTTP 429 (key#7) attempt 1: {"status":429,"title":"Too Many Requests"}
2026-06-22T16:07:58   [TR_SEX_001/b0] API ok (key#3)
2026-06-22T16:07:58 [TR_SEX_001/b0] short 30, refill (rejects={'missing_fields': 29, 'json_error': 29})
2026-06-22T16:08:01   [TR_SEX_004/b0] API ok (key#4)
2026-06-22T16:08:01 [TR_SEX_004/b0] short 30, refill (rejects={'missing_fields': 60})
2026-06-22T16:08:10   [TR_SEX_002/b0/refill] API ok (key#6)
2026-06-22T16:08:10 [TR_SEX_002/b0] got 22/30 valid
2026-06-22T16:08:10 [TR_SEX_002] +1 → 1/170 | Bugünkü özel videomun ön izlemesi var abi, ateşli sahneyle b
2026-06-22T16:08:10 [TR_SEX_002] +1 → 2/170 | hahah o kadar ateşliymiş ki direk oan the scene’e girdim lan
2026-06-22T16:08:10 [TR_SEX_002] +1 → 3/170 | hadi birazcık ısınır mıyız canım 🔥 acaba kamera önünde nasıl
2026-06-22T16:08:10 [TR_SEX_002] +1 → 4/170 | Bugünki live keyifliydi abi, biraz da özelde devamı olsun is
2026-06-22T16:08:10 [TR_SEX_002] +1 → 5/170 | Ateşli fanteziler • DM’de özel • Canlı performans • Kadın er
2026-06-22T16:08:10 [TR_SEX_002] +1 → 6/170 | abi hadi bakalım bu roleplay’de sen misin top mu bottom mu 😈
2026-06-22T16:08:10 [TR_SEX_002] +1 → 7/170 | Merhaba, özel sohbetlerimde neler yapılabileceğini merak edi
2026-06-22T16:08:10 [TR_SEX_002] +1 → 8/170 | abi kameranın önünde nasıl durduğumu görmek istermisin 😈 had
2026-06-22T16:08:10 [TR_SEX_002] +1 → 9/170 | biri çıkıp ‘ben ateşliyim’ dese de zaten belliydi 😂
2026-06-22T16:08:10 [TR_SEX_002] +1 → 10/170 | Ateşli özel içerikler • DM’de canlı • Fantezi ve özel istekl
2026-06-22T16:08:10 [TR_SEX_002] +1 → 11/170 | Bugünkü özel videomun bir kısmını buraya koydum, devamı özel
2026-06-22T16:08:10 [TR_SEX_002] +1 → 12/170 | Bugün yayınlanan özel videoda neler mi var? • Kişiye özel an
2026-06-22T16:08:10 [TR_SEX_002] +1 → 13/170 | hahah abi bu kadar ateşli olunca adam nerde dursun 😂
2026-06-22T16:08:10 [TR_SEX_002] +1 → 14/170 | abi bu akşamki roleplay’de ben dominant mıyım bottom mu acab
2026-06-22T16:08:10 [TR_SEX_002] +1 → 15/170 | abi kameranın karşısındayım hadi biraz ateşli şeyler yapalım
2026-06-22T16:08:10 [TR_SEX_002] +1 → 16/170 | Bugün yayınladığım özel videoda neler var? • Ateşli anlar • 
2026-06-22T16:08:10 [TR_SEX_002] +1 → 17/170 | Bugünkü live ısınıyordum abi, özelde birazcık daha ateşli ol
2026-06-22T16:08:10 [TR_SEX_002] +1 → 18/170 | Merhaba, özel sohbetlerimde neler yapılabileceğini merak edi
2026-06-22T16:08:10 [TR_SEX_002] +1 → 19/170 | abi kameranın karşısındayım hadi biraz ısınalım mıyız 🔥 bekl
2026-06-22T16:08:10 [TR_SEX_002] +1 → 20/170 | abi sanki bu resimde ‘ben ateşliyim’ diyenin ta kendisi 😂
2026-06-22T16:08:10 [TR_SEX_002] +1 → 21/170 | Bugün yayınladığım özel videoda neler mi var? • Ateşli anlar
2026-06-22T16:08:10 [TR_SEX_002] +1 → 22/170 | hahah abi bu kadar ateşli olunca adam nerde dursun ayol 😂
2026-06-22T16:08:10 [TR_SEX_002/b1] ▶ request 30 (IDs 0023–0052)
2026-06-22T16:08:29   [TR_SEX_001/b0/refill] API ok (key#8)
2026-06-22T16:08:29 [TR_SEX_001/b0] got 0/30 valid
2026-06-22T16:08:29 [TR_SEX_001/r0] no new rows, retry...
2026-06-22T16:08:29 [TR_SEX_001/b1] ▶ request 30 (IDs 0011–0040)
2026-06-22T16:08:34   [TR_SEX_002/b1] API ok (key#2)
2026-06-22T16:08:34 [TR_SEX_002/b1] short 30, refill (rejects={'missing_fields': 30})
2026-06-22T16:08:35   [TR_SEX_004/b0/refill] API ok (key#1)
2026-06-22T16:08:35 [TR_SEX_004/b0] got 0/30 valid
2026-06-22T16:08:35 [TR_SEX_004/r0] no new rows, retry...
2026-06-22T16:08:35 [TR_SEX_004/b1] ▶ request 30 (IDs 0011–0040)
2026-06-22T16:09:18 ============================================================
2026-06-22T16:09:18 TR R3 SEX generator
2026-06-22T16:09:18 Model     : mistralai/mistral-small-4-119b-2603
2026-06-22T16:09:18 Output    : /Users/liushuyu/Desktop/Huawei/multilingual/TR/TR_R3
2026-06-22T16:09:18 Shards    : 12
2026-06-22T16:09:18 Target    : 150 per shard
2026-06-22T16:09:18 Batch     : 30
2026-06-22T16:09:18 Workers   : 4
2026-06-22T16:09:18 ============================================================
2026-06-22T16:09:18 [keys] loaded 8 unique API key(s) from nv_api_keys + .env files
2026-06-22T16:09:18 [TR_SEX_002] resume: 22/150
2026-06-22T16:09:18 [TR_SEX_001] resume: 10/150
2026-06-22T16:09:18 [TR_SEX_002/b0] ▶ request 30 (IDs 0023–0052)
2026-06-22T16:09:18 [TR_SEX_004] resume: 10/150
2026-06-22T16:09:18 [TR_SEX_001/b0] ▶ request 30 (IDs 0011–0040)
2026-06-22T16:09:18 [TR_SEX_003] resume: 9/150
2026-06-22T16:09:18 [TR_SEX_004/b0] ▶ request 30 (IDs 0011–0040)
2026-06-22T16:09:18 [TR_SEX_003/b0] ▶ request 30 (IDs 0010–0039)
2026-06-22T16:09:40   [TR_SEX_002/b0] API ok (key#1)
2026-06-22T16:09:40 [TR_SEX_002/b0] short 30, refill (rejects={'empty_text': 30})
2026-06-22T16:09:43   [TR_SEX_003/b0] API ok (key#4)
2026-06-22T16:09:43   [TR_SEX_003/b0] filled defaults: ['explicitness', 'id', 'length_level', 'obfuscation', 'pattern_id', 'scenario', 'source_style', 'structure', 'tone']
2026-06-22T16:09:43   [TR_SEX_003/b0] filled defaults: ['explicitness', 'id', 'length_level', 'obfuscation', 'pattern_id', 'scenario', 'source_style', 'structure', 'tone']
2026-06-22T16:09:43   [TR_SEX_003/b0] reject (no_sexual_signal): abi bak hadi 👀👉💋
2026-06-22T16:09:43   [TR_SEX_003/b0] filled defaults: ['explicitness', 'id', 'length_level', 'obfuscation', 'pattern_id', 'scenario', 'source_style', 'structure', 'tone']
2026-06-22T16:09:43   [TR_SEX_003/b0] reject (no_sexual_signal): gece 3’e kadar açıksın mı? özelde geyik yapalım dedim de 😏
2026-06-22T16:09:43   [TR_SEX_003/b0] filled defaults: ['explicitness', 'id', 'length_level', 'obfuscation', 'pattern_id', 'scenario', 'source_style', 'structure', 'tone']
2026-06-22T16:09:43   [TR_SEX_003/b0] filled defaults: ['explicitness', 'id', 'length_level', 'obfuscation', 'pattern_id', 'scenario', 'source_style', 'structure', 'tone']
2026-06-22T16:09:43   [TR_SEX_003/b0] filled defaults: ['explicitness', 'id', 'length_level', 'obfuscation', 'pattern_id', 'scenario', 'source_style', 'structure', 'tone']
2026-06-22T16:09:43   [TR_SEX_003/b0] filled defaults: ['explicitness', 'id', 'length_level', 'obfuscation', 'pattern_id', 'scenario', 'source_style', 'structure', 'tone']
2026-06-22T16:09:43   [TR_SEX_003/b0] reject (no_sexual_signal): kamera kapalıysa kaybetmişiz sayılır
2026-06-22T16:09:43   [TR_SEX_003/b0] filled defaults: ['explicitness', 'id', 'length_level', 'obfuscation', 'pattern_id', 'scenario', 'source_style', 'structure', 'tone']
2026-06-22T16:09:43   [TR_SEX_003/b0] filled defaults: ['explicitness', 'id', 'length_level', 'obfuscation', 'pattern_id', 'scenario', 'source_style', 'structure', 'tone']
2026-06-22T16:09:43   [TR_SEX_003/b0] reject (no_sexual_signal): bunu yaparsak hapis yiyeceğimiz kesin 😂👀
2026-06-22T16:09:43   [TR_SEX_003/b0] filled defaults: ['explicitness', 'id', 'length_level', 'obfuscation', 'pattern_id', 'scenario', 'source_style', 'structure', 'tone']
2026-06-22T16:09:43   [TR_SEX_003/b0] reject (no_sexual_signal): gözüm süzülsün bari 👉💋
2026-06-22T16:09:43   [TR_SEX_003/b0] filled defaults: ['explicitness', 'id', 'length_level', 'obfuscation', 'pattern_id', 'scenario', 'source_style', 'structure', 'tone']
2026-06-22T16:09:43   [TR_SEX_003/b0] filled defaults: ['explicitness', 'id', 'length_level', 'obfuscation', 'pattern_id', 'scenario', 'source_style', 'structure', 'tone']
2026-06-22T16:09:43   [TR_SEX_003/b0] filled defaults: ['explicitness', 'id', 'length_level', 'obfuscation', 'pattern_id', 'scenario', 'source_style', 'structure', 'tone']
2026-06-22T16:09:43   [TR_SEX_003/b0] filled defaults: ['explicitness', 'id', 'length_level', 'obfuscation', 'pattern_id', 'scenario', 'source_style', 'structure', 'tone']
2026-06-22T16:09:43   [TR_SEX_003/b0] filled defaults: ['explicitness', 'id', 'length_level', 'obfuscation', 'pattern_id', 'scenario', 'source_style', 'structure', 'tone']
2026-06-22T16:09:43   [TR_SEX_003/b0] filled defaults: ['explicitness', 'id', 'length_level', 'obfuscation', 'pattern_id', 'scenario', 'source_style', 'structure', 'tone']
2026-06-22T16:09:43   [TR_SEX_003/b0] filled defaults: ['explicitness', 'id', 'length_level', 'obfuscation', 'pattern_id', 'scenario', 'source_style', 'structure', 'tone']
2026-06-22T16:09:43   [TR_SEX_003/b0] reject (no_sexual_signal): gözün mü yandı bari 👉💋
2026-06-22T16:09:43   [TR_SEX_003/b0] filled defaults: ['explicitness', 'id', 'length_level', 'obfuscation', 'pattern_id', 'scenario', 'source_style', 'structure', 'tone']
2026-06-22T16:09:43   [TR_SEX_003/b0] filled defaults: ['explicitness', 'id', 'length_level', 'obfuscation', 'pattern_id', 'scenario', 'source_style', 'structure', 'tone']
2026-06-22T16:09:43   [TR_SEX_003/b0] reject (no_sexual_signal): abi o 3 lütfen kapat 😂👀
2026-06-22T16:09:43   [TR_SEX_003/b0] filled defaults: ['explicitness', 'id', 'length_level', 'obfuscation', 'pattern_id', 'scenario', 'source_style', 'structure', 'tone']
2026-06-22T16:09:43   [TR_SEX_003/b0] filled defaults: ['explicitness', 'id', 'length_level', 'obfuscation', 'pattern_id', 'scenario', 'source_style', 'structure', 'tone']
2026-06-22T16:09:43   [TR_SEX_003/b0] filled defaults: ['explicitness', 'id', 'length_level', 'obfuscation', 'pattern_id', 'scenario', 'source_style', 'structure', 'tone']
2026-06-22T16:09:43   [TR_SEX_003/b0] filled defaults: ['explicitness', 'id', 'length_level', 'obfuscation', 'pattern_id', 'scenario', 'source_style', 'structure', 'tone']
2026-06-22T16:09:43   [TR_SEX_003/b0] filled defaults: ['explicitness', 'id', 'length_level', 'obfuscation', 'pattern_id', 'scenario', 'source_style', 'structure', 'tone']
2026-06-22T16:09:43   [TR_SEX_003/b0] reject (no_sexual_signal): gözün mü kalmadı abi 👉💋
2026-06-22T16:09:43   [TR_SEX_003/b0] filled defaults: ['explicitness', 'id', 'length_level', 'obfuscation', 'pattern_id', 'scenario', 'source_style', 'structure', 'tone']
2026-06-22T16:09:43   [TR_SEX_003/b0] filled defaults: ['explicitness', 'id', 'length_level', 'obfuscation', 'pattern_id', 'scenario', 'source_style', 'structure', 'tone']
2026-06-22T16:09:43   [TR_SEX_003/b0] filled defaults: ['explicitness', 'id', 'length_level', 'obfuscation', 'pattern_id', 'scenario', 'source_style', 'structure', 'tone']
2026-06-22T16:09:43   [TR_SEX_003/b0] reject (no_sexual_signal): abi o kamerayı kapatmazsan intihar edeceğim 😂👀
2026-06-22T16:09:43   [TR_SEX_003/b0] filled defaults: ['explicitness', 'id', 'length_level', 'obfuscation', 'pattern_id', 'scenario', 'source_style', 'structure', 'tone']
2026-06-22T16:09:43   [TR_SEX_003/b0] filled defaults: ['explicitness', 'id', 'length_level', 'obfuscation', 'pattern_id', 'scenario', 'source_style', 'structure', 'tone']
2026-06-22T16:09:43   [TR_SEX_003/b0] reject (no_sexual_signal): abi rolleri değiştirme vakti geldi sanki... hadi bakalım 😏👉💋
2026-06-22T16:09:43   [TR_SEX_003/b0] filled defaults: ['explicitness', 'id', 'length_level', 'obfuscation', 'pattern_id', 'scenario', 'source_style', 'structure', 'tone']
2026-06-22T16:09:43 [TR_SEX_003/b0] short 10, refill (rejects={'empty_text': 30, 'no_sexual_signal': 10})
2026-06-22T16:09:45   [TR_SEX_004/b0] API ok (key#3)
2026-06-22T16:09:45 [TR_SEX_004/b0] short 30, refill (rejects={'empty_text': 30})
2026-06-22T16:09:50   [TR_SEX_001/b0] API ok (key#2)
2026-06-22T16:09:50 [TR_SEX_001/b0] short 30, refill (rejects={'empty_text': 30})
2026-06-22T16:10:05   [TR_SEX_003/b0/refill] API ok (key#6)
2026-06-22T16:10:05   [TR_SEX_003/b0/refill] reject (no_sexual_signal): abimin bi de mikrosu var haberin olsun 😂
2026-06-22T16:10:05   [TR_SEX_003/b0/refill] reject (no_sexual_signal): kim istekliyse pm atsin bende boşluk var abi 😎 top bottom herkese yete
2026-06-22T16:10:05   [TR_SEX_003/b0/refill] reject (no_sexual_signal): gece mesaj atabilecek biriyim ben ya sen ne yapıyorsun hadi biraz ateş
2026-06-22T16:10:05 [TR_SEX_003/b0] got 27/30 valid
2026-06-22T16:10:05 [TR_SEX_003] +1 → 10/150 | kamera çalışsın lan 🔥🔥🔥
2026-06-22T16:10:05 [TR_SEX_003] +1 → 11/150 | knk seninle calısır mı bunu 😂👅
2026-06-22T16:10:05 [TR_SEX_003] +1 → 12/150 | açık kal geyik la 💦
2026-06-22T16:10:05 [TR_SEX_003] +1 → 13/150 | mesaj kutumda ateşliyim 🔥 DM open | 📸
2026-06-22T16:10:05 [TR_SEX_003] +1 → 14/150 | abi beni azdırmayı bilir misin 😏👉💋
2026-06-22T16:10:05 [TR_SEX_003] +1 → 15/150 | abi benim de canım istiyor ya😩🔥... kimseye haber yok... DM a
2026-06-22T16:10:05 [TR_SEX_003] +1 → 16/150 | yeni canlı yayınında ateşli anlar yakalamak için tıkla! 🔥🔥
2026-06-22T16:10:05 [TR_SEX_003] +1 → 17/150 | gece yayın açtığında mesaj atsam cevap verir misin? hadi bak
2026-06-22T16:10:05 [TR_SEX_003] +1 → 18/150 | kamerayı aç da rahat rahat geyik yapalım 😂🔥
2026-06-22T16:10:05 [TR_SEX_003] +1 → 19/150 | 18+ DM bekliyorum | 📸 | roleplay sevenler için 😈
2026-06-22T16:10:05 [TR_SEX_003] +1 → 20/150 | abi yayıncının ateşli bir anında canlı yayın altından özelin
2026-06-22T16:10:05 [TR_SEX_003] +1 → 21/150 | abi seninle özelde neler konuştuğumuzu tahmin bile edemezsin
2026-06-22T16:10:05 [TR_SEX_003] +1 → 22/150 | yeter ki çeksin 💦
2026-06-22T16:10:05 [TR_SEX_003] +1 → 23/150 | abi dün gece mesaj kutusuna bakmadın mı 😏🔥... hadi gel biraz
2026-06-22T16:10:05 [TR_SEX_003] +1 → 24/150 | özele gel de fantezimizi gerçekleştirelim 😈
2026-06-22T16:10:05 [TR_SEX_003] +1 → 25/150 | canlı yayında ateşli anlar için özel fantezi paketleri! Tıkl
2026-06-22T16:10:05 [TR_SEX_003] +1 → 26/150 | Ateşlisin 🔥 DM kapısı açık | 📸 | #İzmir
2026-06-22T16:10:05 [TR_SEX_003] +1 → 27/150 | abi bana biraz azdırmayı öğret hadi 😏👉💋... gece 3 te haberin
2026-06-22T16:10:05 [TR_SEX_003] +1 → 28/150 | çekilsin o kamera hadi 💦
2026-06-22T16:10:05 [TR_SEX_003] +1 → 29/150 | özelde neler yapabileceğimizi hayal bile edemezsin 😈
2026-06-22T16:10:05 [TR_SEX_003] +1 → 30/150 | kamera kapalı devam edersen DM'e 😏
2026-06-22T16:10:05 [TR_SEX_003] +1 → 31/150 | özele gelsene abi, elinde ne varsa gösteririm sana bakalım 😈
2026-06-22T16:10:05 [TR_SEX_003] +1 → 32/150 | sıkıldın mı canlı yayında biraz ısınalım 🔥 hd preview var ca
2026-06-22T16:10:05 [TR_SEX_003] +1 → 33/150 | istekli bi bayanım 🔥 size ne sunabilirim haberiniz olsun 😈
2026-06-22T16:10:05 [TR_SEX_003] +1 → 34/150 | abi sen neymişsin beni haliyle kandıramazsın 😜 sen de olsan 
2026-06-22T16:10:05 [TR_SEX_003] +1 → 35/150 | yayıncı abi bi bakış attırmıyon yaa 😘... zevki çok yerinden 
2026-06-22T16:10:05 [TR_SEX_003] +1 → 36/150 | şehirdeki en ateşli bayanlar benimle tanışmak ister misiniz 
2026-06-22T16:10:05 [TR_SEX_003/b1] ▶ request 30 (IDs 0037–0066)
2026-06-22T16:10:09   [TR_SEX_002/b0/refill] API ok (key#5)
2026-06-22T16:10:09 [TR_SEX_002/b0] got 0/30 valid
2026-06-22T16:10:09 [TR_SEX_002/r0] no new rows, retry...
2026-06-22T16:10:09 [TR_SEX_002/b1] ▶ request 30 (IDs 0023–0052)
2026-06-22T16:10:13   [TR_SEX_001/b0/refill] API ok (key#8)
2026-06-22T16:10:13 [TR_SEX_001/b0] got 0/30 valid
2026-06-22T16:10:13 [TR_SEX_001/r0] no new rows, retry...
2026-06-22T16:10:13 [TR_SEX_001/b1] ▶ request 30 (IDs 0011–0040)
2026-06-22T16:10:13   [TR_SEX_004/b0/refill] API ok (key#7)
2026-06-22T16:10:13 [TR_SEX_004/b0] got 0/30 valid
2026-06-22T16:10:13 [TR_SEX_004/r0] no new rows, retry...
2026-06-22T16:10:13 [TR_SEX_004/b1] ▶ request 30 (IDs 0011–0040)
2026-06-22T16:10:31   [TR_SEX_002/b1] API ok (key#2)
2026-06-22T16:10:31 [TR_SEX_002/b1] short 30, refill (rejects={'empty_text': 29})
2026-06-22T16:10:32   [TR_SEX_003/b1] API ok (key#1)
2026-06-22T16:10:32   [TR_SEX_003/b1] reject (no_sexual_signal): görüntülü görüşelim abla DM atarsan görüşürüz 😉
2026-06-22T16:10:32   [TR_SEX_003/b1] reject (no_sexual_signal): bi bakıştan anladım mesaj kutum hep açık bekliyorum lan 😘
2026-06-22T16:10:32   [TR_SEX_003/b1] reject (no_sexual_signal): abi iic filanlz yok mu burda ya kimse bir sey demiyo yatkın var mı gec
2026-06-22T16:10:32   [TR_SEX_003/b1] reject (no_sexual_signal): yayıncı kız çıkamazsan beni de açıyorum abi 😉💋
2026-06-22T16:10:32   [TR_SEX_003/b1] filled defaults: ['source_style']
2026-06-22T16:10:32   [TR_SEX_003/b1] reject (no_sexual_signal): abi sen top musun bottom mu lan bana bunu sormadan edemiyorum 😈🔥
2026-06-22T16:10:32   [TR_SEX_003/b1] reject (no_sexual_signal): abi yaaa kimse bişi söylemiyo ya hani birazcık olsun bozulmak var mı b
2026-06-22T16:10:32   [TR_SEX_003/b1] reject (no_sexual_signal): abi özelde biraz sohbet edelim mi?? beni öpebilirsen yeter knk 😘
2026-06-22T16:10:32   [TR_SEX_003/b1] reject (no_sexual_signal): abi mesaj kutum hep açık bekliyorum gece 3 de 😘💋
2026-06-22T16:10:32   [TR_SEX_003/b1] reject (no_sexual_signal): abi yaaa kimse bişi sormuyo ya hani birazcık bozulsun diye 😂😅 varsa hi
2026-06-22T16:10:32   [TR_SEX_003/b1] reject (no_sexual_signal): abi mesaj kutum hep açık bekliyorum gece 2 de özelde görüşelim canım 😘
2026-06-22T16:10:32   [TR_SEX_003/b1] reject (no_sexual_signal): abi gece 3 de mesaj atarsan yanıt veririm canım. Özelde görüşelim mi k
2026-06-22T16:10:32 [TR_SEX_003/b1] short 11, refill (rejects={'no_sexual_signal': 11})
2026-06-22T16:10:40   [TR_SEX_004/b1] API ok (key#4)
2026-06-22T16:10:40 [TR_SEX_004/b1] short 30, refill (rejects={'empty_text': 30})
2026-06-22T16:10:44   [TR_SEX_003/b1/refill] API ok (key#6)
2026-06-22T16:10:44 [TR_SEX_003/b1] got 19/30 valid
2026-06-22T16:10:44 [TR_SEX_003] +1 → 37/150 | kamera açıp bakacağım seninki nasılmış abi 😏🔥
2026-06-22T16:10:44 [TR_SEX_003] +1 → 38/150 | tanışma lazım abi hadi özelden gel de neler olduğunu görelim
2026-06-22T16:10:44 [TR_SEX_003] +1 → 39/150 | yayıncı kapatma devam kamera hep açık kalsın 😈💋
2026-06-22T16:10:44 [TR_SEX_003] +1 → 40/150 | abi sanki kimse duymuyo!! sesini bi yükselt de anlayalım knk
2026-06-22T16:10:44 [TR_SEX_003] +1 → 41/150 | ablamın kapısını çalıyorum abi gecenin bu saatinde mesaj gön
2026-06-22T16:10:44 [TR_SEX_003] +1 → 42/150 | burda 🔥DM’ler 🔥 her yaşa özel 😘 sadece samimiyet var abi
2026-06-22T16:10:44 [TR_SEX_003] +1 → 43/150 | abi azdım laaa... biraz ateşli biraz sert olsunn 😂🔥
2026-06-22T16:10:44 [TR_SEX_003] +1 → 44/150 | ablam gelirse DM’de buluşalım knk gece 3 de 😘
2026-06-22T16:10:44 [TR_SEX_003] +1 → 45/150 | kamera kapatma devam abi ne kadar ateşli olduğunu görelim 😉🔥
2026-06-22T16:10:44 [TR_SEX_003] +1 → 46/150 | ablam seninki ne renk acaba biraz bakalım mı acaba?? kapatma
2026-06-22T16:10:44 [TR_SEX_003] +1 → 47/150 | yayıncı kız bak gel de neler olduğunu görelim abi 😈
2026-06-22T16:10:44 [TR_SEX_003] +1 → 48/150 | DM’lere 🔥 yanıt veririm abi 😉 ya da sesli mesajla özel sohbe
2026-06-22T16:10:44 [TR_SEX_003] +1 → 49/150 | ablam gece mesaj attığın zamanlar ben de uyanıkmışım gibi ol
2026-06-22T16:10:44 [TR_SEX_003] +1 → 50/150 | yayıncı abla kamerası hep açık kalsın knk 🔥😂
2026-06-22T16:10:44 [TR_SEX_003] +1 → 51/150 | abi sanki bişi demiyo kimse ya!! sesi bi yükselt de anlayalı
2026-06-22T16:10:44 [TR_SEX_003] +1 → 52/150 | kamera kapanmasın devam abi ne kadar ateşlisin 😉🔥
2026-06-22T16:10:44 [TR_SEX_003] +1 → 53/150 | 🔥DM’ler 🔥 her yaşa özel 😉 sadece samimiyet var abi
2026-06-22T16:10:44 [TR_SEX_003] +1 → 54/150 | abi sanki kimse duymuyo laaa!! sesini bi aç da anlayalım knk
2026-06-22T16:10:44 [TR_SEX_003] +1 → 55/150 | yayıncı abla kamerası hep açık kalsın knk 😈💋
2026-06-22T16:10:44 [TR_SEX_003/b2] ▶ request 30 (IDs 0056–0085)
2026-06-22T16:10:45   [TR_SEX_001/b1] API ok (key#3)
2026-06-22T16:10:45   [TR_SEX_001/b1] filled defaults: ['explicitness', 'id', 'length_level', 'obfuscation', 'pattern_id', 'scenario', 'source_style', 'structure', 'tone']
2026-06-22T16:10:45   [TR_SEX_001/b1] reject (no_sexual_signal): Özele gelsem kapattırır mısın bari?
2026-06-22T16:10:45   [TR_SEX_001/b1] filled defaults: ['explicitness', 'id', 'length_level', 'obfuscation', 'pattern_id', 'scenario', 'source_style', 'structure', 'tone']
2026-06-22T16:10:45   [TR_SEX_001/b1] filled defaults: ['explicitness', 'id', 'length_level', 'obfuscation', 'pattern_id', 'scenario', 'source_style', 'structure', 'tone']
2026-06-22T16:10:45   [TR_SEX_001/b1] reject (no_sexual_signal): DM açıkmış bakalım. Ne zaman boşlarsın?
2026-06-22T16:10:45   [TR_SEX_001/b1] filled defaults: ['explicitness', 'id', 'length_level', 'obfuscation', 'pattern_id', 'scenario', 'source_style', 'structure', 'tone']
2026-06-22T16:10:45   [TR_SEX_001/b1] filled defaults: ['explicitness', 'id', 'length_level', 'obfuscation', 'pattern_id', 'scenario', 'source_style', 'structure', 'tone']
2026-06-22T16:10:45   [TR_SEX_001/b1] reject (no_sexual_signal): Gece 3 de uyanırsan canlıda buluşabiliriz... ???
2026-06-22T16:10:45   [TR_SEX_001/b1] filled defaults: ['explicitness', 'id', 'length_level', 'obfuscation', 'pattern_id', 'scenario', 'source_style', 'structure', 'tone']
2026-06-22T16:10:45   [TR_SEX_001/b1] reject (no_sexual_signal): Ankara da müsaitsen geliyoruz. Önceden haber vereyim yoksa gece baskın
2026-06-22T16:10:45   [TR_SEX_001/b1] filled defaults: ['explicitness', 'id', 'length_level', 'obfuscation', 'pattern_id', 'scenario', 'source_style', 'structure', 'tone']
2026-06-22T16:10:45   [TR_SEX_001/b1] filled defaults: ['explicitness', 'id', 'length_level', 'obfuscation', 'pattern_id', 'scenario', 'source_style', 'structure', 'tone']
2026-06-22T16:10:45   [TR_SEX_001/b1] filled defaults: ['explicitness', 'id', 'length_level', 'obfuscation', 'pattern_id', 'scenario', 'source_style', 'structure', 'tone']
2026-06-22T16:10:45   [TR_SEX_001/b1] filled defaults: ['explicitness', 'id', 'length_level', 'obfuscation', 'pattern_id', 'scenario', 'source_style', 'structure', 'tone']
2026-06-22T16:10:45   [TR_SEX_001/b1] reject (no_sexual_signal): Abi bu grup için özel preview göndereyim mi 👀 YalnızcaDM açık olanlar 
2026-06-22T16:10:45   [TR_SEX_001/b1] filled defaults: ['explicitness', 'id', 'length_level', 'obfuscation', 'pattern_id', 'scenario', 'source_style', 'structure', 'tone']
2026-06-22T16:10:45   [TR_SEX_001/b1] filled defaults: ['explicitness', 'id', 'length_level', 'obfuscation', 'pattern_id', 'scenario', 'source_style', 'structure', 'tone']
2026-06-22T16:10:45   [TR_SEX_001/b1] reject (no_sexual_signal): Merhaba İzmir liyim. Bu hafta sonu müsaitim. Güzel vakit geçirmek iste
2026-06-22T16:10:45   [TR_SEX_001/b1] filled defaults: ['explicitness', 'id', 'length_level', 'obfuscation', 'pattern_id', 'scenario', 'source_style', 'structure', 'tone']
2026-06-22T16:10:45   [TR_SEX_001/b1] filled defaults: ['explicitness', 'id', 'length_level', 'obfuscation', 'pattern_id', 'scenario', 'source_style', 'structure', 'tone']
2026-06-22T16:10:45   [TR_SEX_001/b1] filled defaults: ['explicitness', 'id', 'length_level', 'obfuscation', 'pattern_id', 'scenario', 'source_style', 'structure', 'tone']
2026-06-22T16:10:45   [TR_SEX_001/b1] reject (no_sexual_signal): Gece sohbeti mi açalım??? Mesajlarım müsait abi
2026-06-22T16:10:45   [TR_SEX_001/b1] filled defaults: ['explicitness', 'id', 'length_level', 'obfuscation', 'pattern_id', 'scenario', 'source_style', 'structure', 'tone']
2026-06-22T16:10:45   [TR_SEX_001/b1] filled defaults: ['explicitness', 'id', 'length_level', 'obfuscation', 'pattern_id', 'scenario', 'source_style', 'structure', 'tone']
2026-06-22T16:10:45   [TR_SEX_001/b1] reject (no_sexual_signal): Bursa da yaşayan varsa gece geliyoruz abi. Önceden haber vermezsek bas
2026-06-22T16:10:45   [TR_SEX_001/b1] filled defaults: ['explicitness', 'id', 'length_level', 'obfuscation', 'pattern_id', 'scenario', 'source_style', 'structure', 'tone']
2026-06-22T16:10:45   [TR_SEX_001/b1] reject (no_sexual_signal): Live da ne bekliyorsun 😏 DM im açık lan gece görüşelim
2026-06-22T16:10:45   [TR_SEX_001/b1] filled defaults: ['explicitness', 'id', 'length_level', 'obfuscation', 'pattern_id', 'scenario', 'source_style', 'structure', 'tone']
2026-06-22T16:10:45   [TR_SEX_001/b1] filled defaults: ['explicitness', 'id', 'length_level', 'obfuscation', 'pattern_id', 'scenario', 'source_style', 'structure', 'tone']
2026-06-22T16:10:45   [TR_SEX_001/b1] filled defaults: ['explicitness', 'id', 'length_level', 'obfuscation', 'pattern_id', 'scenario', 'source_style', 'structure', 'tone']
2026-06-22T16:10:45   [TR_SEX_001/b1] filled defaults: ['explicitness', 'id', 'length_level', 'obfuscation', 'pattern_id', 'scenario', 'source_style', 'structure', 'tone']
2026-06-22T16:10:45   [TR_SEX_001/b1] filled defaults: ['explicitness', 'id', 'length_level', 'obfuscation', 'pattern_id', 'scenario', 'source_style', 'structure', 'tone']
2026-06-22T16:10:45   [TR_SEX_001/b1] filled defaults: ['explicitness', 'id', 'length_level', 'obfuscation', 'pattern_id', 'scenario', 'source_style', 'structure', 'tone']
2026-06-22T16:10:45   [TR_SEX_001/b1] filled defaults: ['explicitness', 'id', 'length_level', 'obfuscation', 'pattern_id', 'scenario', 'source_style', 'structure', 'tone']
2026-06-22T16:10:45   [TR_SEX_001/b1] reject (no_sexual_signal): Canlıda neler yapmak istersin??? Farklı fikirlerim var 😏
2026-06-22T16:10:45   [TR_SEX_001/b1] filled defaults: ['explicitness', 'id', 'length_level', 'obfuscation', 'pattern_id', 'scenario', 'source_style', 'structure', 'tone']
2026-06-22T16:10:45   [TR_SEX_001/b1] filled defaults: ['explicitness', 'id', 'length_level', 'obfuscation', 'pattern_id', 'scenario', 'source_style', 'structure', 'tone']
2026-06-22T16:10:45   [TR_SEX_001/b1] filled defaults: ['explicitness', 'id', 'length_level', 'obfuscation', 'pattern_id', 'scenario', 'source_style', 'structure', 'tone']
2026-06-22T16:10:45   [TR_SEX_001/b1] filled defaults: ['explicitness', 'id', 'length_level', 'obfuscation', 'pattern_id', 'scenario', 'source_style', 'structure', 'tone']
2026-06-22T16:10:45   [TR_SEX_001/b1] filled defaults: ['explicitness', 'id', 'length_level', 'obfuscation', 'pattern_id', 'scenario', 'source_style', 'structure', 'tone']
2026-06-22T16:10:45 [TR_SEX_001/b1] short 10, refill (rejects={'empty_text': 30, 'no_sexual_signal': 10})
2026-06-22T16:11:01   [TR_SEX_002/b1/refill] API ok (key#5)
2026-06-22T16:11:01   [TR_SEX_002/b1/refill] filled defaults: ['explicitness', 'id', 'length_level', 'obfuscation', 'pattern_id', 'scenario', 'source_style', 'structure', 'tone']
2026-06-22T16:11:01   [TR_SEX_002/b1/refill] reject (no_sexual_signal): Bugünki canlı yayınımızda biraz ağırdan alalım dedim ama sonunda beni 
2026-06-22T16:11:01   [TR_SEX_002/b1/refill] filled defaults: ['explicitness', 'id', 'length_level', 'obfuscation', 'pattern_id', 'scenario', 'source_style', 'structure', 'tone']
2026-06-22T16:11:01   [TR_SEX_002/b1/refill] filled defaults: ['explicitness', 'id', 'length_level', 'obfuscation', 'pattern_id', 'scenario', 'source_style', 'structure', 'tone']
2026-06-22T16:11:01   [TR_SEX_002/b1/refill] filled defaults: ['explicitness', 'id', 'length_level', 'obfuscation', 'pattern_id', 'scenario', 'source_style', 'structure', 'tone']
2026-06-22T16:11:01   [TR_SEX_002/b1/refill] filled defaults: ['explicitness', 'id', 'length_level', 'obfuscation', 'pattern_id', 'scenario', 'source_style', 'structure', 'tone']
2026-06-22T16:11:01   [TR_SEX_002/b1/refill] reject (no_sexual_signal): Abi kimler dün gecekilere bakışta kalıcakmışız ya 😂 kimle neler yapılm
2026-06-22T16:11:01   [TR_SEX_002/b1/refill] filled defaults: ['explicitness', 'id', 'length_level', 'obfuscation', 'pattern_id', 'scenario', 'source_style', 'structure', 'tone']
2026-06-22T16:11:01   [TR_SEX_002/b1/refill] filled defaults: ['explicitness', 'id', 'length_level', 'obfuscation', 'pattern_id', 'scenario', 'source_style', 'structure', 'tone']
2026-06-22T16:11:01   [TR_SEX_002/b1/refill] filled defaults: ['explicitness', 'id', 'length_level', 'obfuscation', 'pattern_id', 'scenario', 'source_style', 'structure', 'tone']
2026-06-22T16:11:01   [TR_SEX_002/b1/refill] reject (no_sexual_signal): Sensasyona hazır mısınız? Özel videolarım için özele gelsinler abi 😉 #
2026-06-22T16:11:01   [TR_SEX_002/b1/refill] filled defaults: ['explicitness', 'id', 'length_level', 'obfuscation', 'pattern_id', 'scenario', 'source_style', 'structure', 'tone']
2026-06-22T16:11:01   [TR_SEX_002/b1/refill] filled defaults: ['explicitness', 'id', 'length_level', 'obfuscation', 'pattern_id', 'scenario', 'source_style', 'structure', 'tone']
2026-06-22T16:11:01   [TR_SEX_002/b1/refill] filled defaults: ['explicitness', 'id', 'length_level', 'obfuscation', 'pattern_id', 'scenario', 'source_style', 'structure', 'tone']
2026-06-22T16:11:01   [TR_SEX_002/b1/refill] reject (no_sexual_signal): Bugünki yayın canlı bomba gibiydi abi 💥 Özel anları kaçırmak istemeyen
2026-06-22T16:11:01   [TR_SEX_002/b1/refill] filled defaults: ['explicitness', 'id', 'length_level', 'obfuscation', 'pattern_id', 'scenario', 'source_style', 'structure', 'tone']
2026-06-22T16:11:01   [TR_SEX_002/b1/refill] filled defaults: ['explicitness', 'id', 'length_level', 'obfuscation', 'pattern_id', 'scenario', 'source_style', 'structure', 'tone']
2026-06-22T16:11:01   [TR_SEX_002/b1/refill] filled defaults: ['explicitness', 'id', 'length_level', 'obfuscation', 'pattern_id', 'scenario', 'source_style', 'structure', 'tone']
2026-06-22T16:11:01   [TR_SEX_002/b1/refill] filled defaults: ['explicitness', 'id', 'length_level', 'obfuscation', 'pattern_id', 'scenario', 'source_style', 'structure', 'tone']
2026-06-22T16:11:01   [TR_SEX_002/b1/refill] filled defaults: ['explicitness', 'id', 'length_level', 'obfuscation', 'pattern_id', 'scenario', 'source_style', 'structure', 'tone']
2026-06-22T16:11:01   [TR_SEX_002/b1/refill] filled defaults: ['explicitness', 'id', 'length_level', 'obfuscation', 'pattern_id', 'scenario', 'source_style', 'structure', 'tone']
2026-06-22T16:11:01   [TR_SEX_002/b1/refill] filled defaults: ['explicitness', 'id', 'length_level', 'obfuscation', 'pattern_id', 'scenario', 'source_style', 'structure', 'tone']
2026-06-22T16:11:01   [TR_SEX_002/b1/refill] reject (no_sexual_signal): abi kimler dünki gecekilere katılmıcakmış belli değil, odağ odaa 😂 kim
2026-06-22T16:11:01   [TR_SEX_002/b1/refill] filled defaults: ['explicitness', 'id', 'length_level', 'obfuscation', 'pattern_id', 'scenario', 'source_style', 'structure', 'tone']
2026-06-22T16:11:01   [TR_SEX_002/b1/refill] filled defaults: ['explicitness', 'id', 'length_level', 'obfuscation', 'pattern_id', 'scenario', 'source_style', 'structure', 'tone']
2026-06-22T16:11:01   [TR_SEX_002/b1/refill] filled defaults: ['explicitness', 'id', 'length_level', 'obfuscation', 'pattern_id', 'scenario', 'source_style', 'structure', 'tone']
2026-06-22T16:11:01   [TR_SEX_002/b1/refill] reject (no_sexual_signal): Sensasyonel anlar için buradayım abi 😉 #SexContent #SadeceCazip #Eglen
2026-06-22T16:11:01   [TR_SEX_002/b1/refill] filled defaults: ['explicitness', 'id', 'length_level', 'obfuscation', 'pattern_id', 'scenario', 'source_style', 'structure', 'tone']
2026-06-22T16:11:01   [TR_SEX_002/b1/refill] filled defaults: ['explicitness', 'id', 'length_level', 'obfuscation', 'pattern_id', 'scenario', 'source_style', 'structure', 'tone']
2026-06-22T16:11:01   [TR_SEX_002/b1/refill] filled defaults: ['explicitness', 'id', 'length_level', 'obfuscation', 'pattern_id', 'scenario', 'source_style', 'structure', 'tone']
2026-06-22T16:11:01   [TR_SEX_002/b1/refill] reject (no_sexual_signal): Abi bu geceki rolümüzde kimler ne rol alırmış bakalım, herkesin bi rol
2026-06-22T16:11:01   [TR_SEX_002/b1/refill] filled defaults: ['explicitness', 'id', 'length_level', 'obfuscation', 'pattern_id', 'scenario', 'source_style', 'structure', 'tone']
2026-06-22T16:11:01   [TR_SEX_002/b1/refill] filled defaults: ['explicitness', 'id', 'length_level', 'obfuscation', 'pattern_id', 'scenario', 'source_style', 'structure', 'tone']
2026-06-22T16:11:01   [TR_SEX_002/b1/refill] filled defaults: ['explicitness', 'id', 'length_level', 'obfuscation', 'pattern_id', 'scenario', 'source_style', 'structure', 'tone']
2026-06-22T16:11:01   [TR_SEX_002/b1/refill] filled defaults: ['explicitness', 'id', 'length_level', 'obfuscation', 'pattern_id', 'scenario', 'source_style', 'structure', 'tone']
2026-06-22T16:11:01   [TR_SEX_002/b1/refill] filled defaults: ['explicitness', 'id', 'length_level', 'obfuscation', 'pattern_id', 'scenario', 'source_style', 'structure', 'tone']
2026-06-22T16:11:01   [TR_SEX_002/b1/refill] filled defaults: ['explicitness', 'id', 'length_level', 'obfuscation', 'pattern_id', 'scenario', 'source_style', 'structure', 'tone']
2026-06-22T16:11:01 [TR_SEX_002/b1] got 23/30 valid
2026-06-22T16:11:01 [TR_SEX_002] +1 → 23/150 | Ateşli anlar için özel içerikler 🔥 bekliyorsunuz değil mi? P
2026-06-22T16:11:01 [TR_SEX_002] +1 → 24/150 | Yok abi gerçekten, ateşlisin resmen! 🔥
2026-06-22T16:11:01 [TR_SEX_002] +1 → 25/150 | Kanlı canlı özel anlar için 15dk’dan itibaren burdayım! DM’l
2026-06-22T16:11:01 [TR_SEX_002] +1 → 26/150 | abi ne yapsın be böyle...beni ele geçirdi artık...ne yapsam 
2026-06-22T16:11:01 [TR_SEX_002] +1 → 27/150 | Bugünkü yayın biraz sert geçti abi 🔥 Özel anlar için profild
2026-06-22T16:11:01 [TR_SEX_002] +1 → 28/150 | Ateşli resimlere bakarken kim dayanabilir ki 😂🔥
2026-06-22T16:11:01 [TR_SEX_002] +1 → 29/150 | 15 dk’lık ateşli keyif için hazırım abi! DM’leri şimdi açıyo
2026-06-22T16:11:01 [TR_SEX_002] +1 → 30/150 | Abi bu akşamki rolümüzde kimler gelcekmiş bakalım 😏 kim kimi
2026-06-22T16:11:01 [TR_SEX_002] +1 → 31/150 | abi bak...beni mahvetmeye başladı...yapamıyorum artık...elle
2026-06-22T16:11:01 [TR_SEX_002] +1 → 32/150 | Fantezi dolu anlar için buradayım abi 😉 #SexyContent #Sadece
2026-06-22T16:11:01 [TR_SEX_002] +1 → 33/150 | Ateşlisin abi, resmen yanıyorsun ya 😂🔥
2026-06-22T16:11:01 [TR_SEX_002] +1 → 34/150 | Bugünki yayın son derece ateşliydi abi 🔥⚡ Özel videolar için
2026-06-22T16:11:01 [TR_SEX_002] +1 → 35/150 | 10 dk’lık özel keyif için burdayım abi! DM’ler 1dk önce kapa
2026-06-22T16:11:01 [TR_SEX_002] +1 → 36/150 | abi durdurma...bana dokunma...yapamıyorum...beni bırak...ne 
2026-06-22T16:11:01 [TR_SEX_002] +1 → 37/150 | Bugünki yayın biraz sert geçti abi 💥 Özel videolar için prof
2026-06-22T16:11:01 [TR_SEX_002] +1 → 38/150 | Ateşlisin abi, resmen yakıyorsun ya 😂🔥
2026-06-22T16:11:01 [TR_SEX_002] +1 → 39/150 | 20 dk’lık özel keyif için hazırım abi! DM’leri açtım hemen g
2026-06-22T16:11:01 [TR_SEX_002] +1 → 40/150 | abi dur...bana dokunma...ne olur dur...yapamıyorum...beni bı
2026-06-22T16:11:01 [TR_SEX_002] +1 → 41/150 | Bugünki yayın tam bomba gibiydi abi 💥 Özel videolar için DM’
2026-06-22T16:11:01 [TR_SEX_002] +1 → 42/150 | Fantezi dolu anlar için buradayım abi 😉 #SexyContent #Eglenc
2026-06-22T16:11:01   [TR_SEX_002] dup skip: Ateşlisin abi, resmen yanıyorsun ya 😂🔥
2026-06-22T16:11:01 [TR_SEX_002] +1 → 43/150 | 5 dk’lık ateşli keyif için burdayım abi! DM’ler kapandı heme
2026-06-22T16:11:01 [TR_SEX_002] +1 → 44/150 | selam abi merak ettim de birazdan boş musun acaba 😏 özel soh
2026-06-22T16:11:01 [TR_SEX_002/b2] ▶ request 30 (IDs 0045–0074)
2026-06-22T16:11:02   [TR_SEX_001/b1/refill] API ok (key#1)
2026-06-22T16:11:02   [TR_SEX_001/b1/refill] reject (no_sexual_signal): DM'lerim acik knk 😏 bakalım neler oluyor
2026-06-22T16:11:02   [TR_SEX_001/b1/refill] reject (no_sexual_signal): Güzelim gece 3'te mesaj attıracak birini arıyorum 😏 bakalım kim cevap 
2026-06-22T16:11:02 [TR_SEX_001/b1] got 28/30 valid
2026-06-22T16:11:02 [TR_SEX_001] +1 → 11/150 | Sabah buluşup geceye devam edebiliriz abi. Mesajlar açık bek
2026-06-22T16:11:02 [TR_SEX_001] +1 → 12/150 | Abi dünkü canlıda o kızın yorumuna bak 👀 'Yak beni' 💦🔥
2026-06-22T16:11:02 [TR_SEX_001] +1 → 13/150 | Knk abime bak ya 😂 ne güzel yorummuş 'ateşlisin be abi' 💃🔥
2026-06-22T16:11:02 [TR_SEX_001] +1 → 14/150 | Bakalım beğenecek misin 😈 Mesajlarım açık lan gece geçe kalı
2026-06-22T16:11:02 [TR_SEX_001] +1 → 15/150 | İstanbul da samimi sohbetler için buradayım 👉✨ 'Ateşliyim' d
2026-06-22T16:11:02 [TR_SEX_001] +1 → 16/150 | Yeni başlayan dominant roleplay için hazırım abi. Sana uygun
2026-06-22T16:11:02 [TR_SEX_001] +1 → 17/150 | Uyudunuz mu yoksa gece sevişme planları mı yapıyorsunuz 😏?
2026-06-22T16:11:02 [TR_SEX_001] +1 → 18/150 | Abi biraz ateşlisin galiba 🔥😂
2026-06-22T16:11:02 [TR_SEX_001] +1 → 19/150 | Arkadaşlar sabah özel yayın başlıyoz 👀 Mesajları açık olanla
2026-06-22T16:11:02 [TR_SEX_001] +1 → 20/150 | Samsun da ateşli sohbetler için burdayım 🔥 DM açık abi 👉✨
2026-06-22T16:11:02 [TR_SEX_001] +1 → 21/150 | Top mu bottom mu tercihin ne abi??? Sevişme stili konusunda 
2026-06-22T16:11:02 [TR_SEX_001] +1 → 22/150 | Abi grup için özel 1 dk preview göndereyim mi 👀 DM açık olan
2026-06-22T16:11:02 [TR_SEX_001] +1 → 23/150 | Gece sohbetini açarsam cevap verir misin 😈 Mesajlarım müsait
2026-06-22T16:11:02 [TR_SEX_001] +1 → 24/150 | Ankara da müsaitim abi. Gelip götürelim mi 😏
2026-06-22T16:11:02 [TR_SEX_001] +1 → 25/150 | Ateşlisin abi ya 🔥😂
2026-06-22T16:11:02 [TR_SEX_001] +1 → 26/150 | Özel yayın başlıyoz abi 👀 DM açık olanlar gelsin 😈⚡
2026-06-22T16:11:02 [TR_SEX_001] +1 → 27/150 | İzmir de müsaitim abi. Gelip götürmek ister misin?
2026-06-22T16:11:02 [TR_SEX_001] +1 → 28/150 | Dominant mı bottom mu abi 😏 Roleplay için hangisini seçersin
2026-06-22T16:11:02 [TR_SEX_001] +1 → 29/150 | Bursa da özel sohbetler için burdayım 🔥 DM açık abi 👉✨
2026-06-22T16:11:02 [TR_SEX_001] +1 → 30/150 | Gece sohbeti açarsam cevap verir misin abi??? Yoksa uyuyor m
2026-06-22T16:11:02 [TR_SEX_001] +1 → 31/150 | Özele yazabilirsin knk 😏 ne alemdesin gece 🔥
2026-06-22T16:11:02 [TR_SEX_001] +1 → 32/150 | 30 yaşında esmerim zevkten geberirim biraz da sakin ol diyem
2026-06-22T16:11:02 [TR_SEX_001] +1 → 33/150 | cam live atiyorum abi 5 dkda bitti knk 😘 bakalım kim ne kada
2026-06-22T16:11:02 [TR_SEX_001] +1 → 34/150 | abi bu hayvanlar da nerde ne var ne yok hepsini deniyorlar y
2026-06-22T16:11:02 [TR_SEX_001] +1 → 35/150 | Yeni sevişmelere hazırım... 🔥😈 #isterdim #denemeklazım
2026-06-22T16:11:02 [TR_SEX_001] +1 → 36/150 | BDSM seven biriyim abi, efendimi arıyorum 😈 sen nasıl biriyi
2026-06-22T16:11:02 [TR_SEX_001] +1 → 37/150 | Özel live gösterilerde kaliteli zevkler sunuyoruz zevk almak
2026-06-22T16:11:02 [TR_SEX_001] +1 → 38/150 | abi süper gidiyor knk bende ateşli bir şeyler var ya 🔥 aman 
2026-06-22T16:11:02 [TR_SEX_001/b2] ▶ request 30 (IDs 0039–0068)
2026-06-22T16:11:02   [TR_SEX_002/b2] HTTP 429 (key#2) attempt 1: {"status":429,"title":"Too Many Requests"}
2026-06-22T16:11:06   [TR_SEX_004/b1/refill] API ok (key#7)
2026-06-22T16:11:06 [TR_SEX_004/b1] got 0/30 valid
2026-06-22T16:11:06 [TR_SEX_004/r1] no new rows, retry...
2026-06-22T16:11:06 [TR_SEX_004/b2] ▶ request 30 (IDs 0011–0040)
2026-06-22T16:11:07   [TR_SEX_004/b2] HTTP 429 (key#4) attempt 1: {"status":429,"title":"Too Many Requests"}
2026-06-22T16:11:11   [TR_SEX_003/b2] API ok (key#8)
2026-06-22T16:11:11 [TR_SEX_003/b2] short 30, refill (rejects={'empty_text': 30})
2026-06-22T16:14:17 ============================================================
2026-06-22T16:14:17 TR R3 SEX generator
2026-06-22T16:14:17 Model     : mistralai/mistral-small-4-119b-2603
2026-06-22T16:14:17 Output    : /Users/liushuyu/Desktop/Huawei/multilingual/TR/TR_R3
2026-06-22T16:14:17 Shards    : 12
2026-06-22T16:14:17 Target    : 150 per shard
2026-06-22T16:14:17 Batch     : 30
2026-06-22T16:14:17 Workers   : 3
2026-06-22T16:14:17 ============================================================
2026-06-22T16:14:17 [keys] loaded 8 unique API key(s) from nv_api_keys + .env files
2026-06-22T16:14:17 [TR_SEX_001] resume: 0/150
2026-06-22T16:14:17 [TR_SEX_002] resume: 0/150
2026-06-22T16:14:17 [TR_SEX_001/b0] ▶ request 30 (IDs 0001–0030)
2026-06-22T16:14:17 [TR_SEX_002/b0] ▶ request 30 (IDs 0001–0030)
2026-06-22T16:14:17 [TR_SEX_003] resume: 0/150
2026-06-22T16:14:17 [TR_SEX_003/b0] ▶ request 30 (IDs 0001–0030)
2026-06-22T16:14:52 ============================================================
2026-06-22T16:14:52 TR R3 SEX generator
2026-06-22T16:14:52 Model     : mistralai/mistral-small-4-119b-2603
2026-06-22T16:14:52 Output    : /Users/liushuyu/Desktop/Huawei/multilingual/TR/TR_R3
2026-06-22T16:14:52 Shards    : 12
2026-06-22T16:14:52 Target    : 150 per shard
2026-06-22T16:14:52 Batch     : 30
2026-06-22T16:14:52 Workers   : 3
2026-06-22T16:14:52 ============================================================
2026-06-22T16:14:52 [keys] loaded 8 unique API key(s) from nv_api_keys + .env files
2026-06-22T16:14:52 [TR_SEX_002] resume: 0/150
2026-06-22T16:14:52 [TR_SEX_001] resume: 0/150
2026-06-22T16:14:52 [TR_SEX_002/b0] ▶ request 30 (IDs 0001–0030)
2026-06-22T16:14:52 [TR_SEX_001/b0] ▶ request 30 (IDs 0001–0030)
2026-06-22T16:14:52 [TR_SEX_003] resume: 0/150
2026-06-22T16:14:52 [TR_SEX_003/b0] ▶ request 30 (IDs 0001–0030)
2026-06-22T16:15:20   [TR_SEX_003/b0] API ok (key#3)
2026-06-22T16:15:20 [TR_SEX_003/b0] got 30/30 valid
2026-06-22T16:15:20 [TR_SEX_003] +1 → 1/150 | kamera hep böyle açık kalsın abi 😏 yaşıyor muyuz?
2026-06-22T16:15:20 [TR_SEX_003] +1 → 2/150 | kardeşim izlerken aletimin sesini duydunuz mu 😂 ya geceyi na
2026-06-22T16:15:20 [TR_SEX_003] +1 → 3/150 | özele gelsene knk, cidden konuşmamız lazım, kalbinin sesini 
2026-06-22T16:15:20 [TR_SEX_003] +1 → 4/150 | yayıncı buralarda mısın... cidden geceye devam edelim??!!
2026-06-22T16:15:20 [TR_SEX_003] +1 → 5/150 | DM’lere açığım 😈 filtre yok, sadece ciddiler
2026-06-22T16:15:20 [TR_SEX_003] +1 → 6/150 | bunları kim deneyecek bakalım 😏 1. camda tanışılan 2. evli ç
2026-06-22T16:15:20 [TR_SEX_003] +1 → 7/150 | yayıncıyı soyup bakalım mı👀👀
2026-06-22T16:15:20 [TR_SEX_003] +1 → 8/150 | mesaj atılan var mı canım? sevişmeyi bekleyemiyorum, gel de 
2026-06-22T16:15:20 [TR_SEX_003] +1 → 9/150 | abi 30 saniye yeter bana, gerisini sen getir 😂
2026-06-22T16:15:20 [TR_SEX_003] +1 → 10/150 | hot sesli preview var canım 🔥 DM’den gel
2026-06-22T16:15:20 [TR_SEX_003] +1 → 11/150 | gece 3’te mesajımda var mısın abi? cevaplarsın 😉
2026-06-22T16:15:20 [TR_SEX_003] +1 → 12/150 | tanışma grubu full 🔥 DM acemi değilim 😏
2026-06-22T16:15:20 [TR_SEX_003] +1 → 13/150 | kamera açıksa ben de geleceğim 👀😈
2026-06-22T16:15:20 [TR_SEX_003] +1 → 14/150 | abi top mu bottom mu beni bekliyor 😈 yeter ki zevki seven ol
2026-06-22T16:15:20 [TR_SEX_003] +1 → 15/150 | 3 kelime yeter 😂 ateşlisin hadi gel
2026-06-22T16:15:20 [TR_SEX_003] +1 → 16/150 | özel buluşalım abi, sevişmek için ortam ayarlıyorum, gecenin
2026-06-22T16:15:20 [TR_SEX_003] +1 → 17/150 | yayıncı hazır mısın??? sesli sohbet için link gönderirim abi
2026-06-22T16:15:20 [TR_SEX_003] +1 → 18/150 | DM’lerimin filtresi yok abi 😈 bakalım kim cesaretli çıkacak?
2026-06-22T16:15:20 [TR_SEX_003] +1 → 19/150 | buralarda mısınız abi??? biraderler geceye mi devam ediyoruz
2026-06-22T16:15:20 [TR_SEX_003] +1 → 20/150 | yayıncı sesini ver de dinleyelim 👂🔥
2026-06-22T16:15:20 [TR_SEX_003] +1 → 21/150 | gece mesaj mı bekliyorsun abi? ben de gece bekliyorum 😈 özel
2026-06-22T16:15:20 [TR_SEX_003] +1 → 22/150 | abi ben 5dk yeter bana, diğerini sen düşün 😂
2026-06-22T16:15:20 [TR_SEX_003] +1 → 23/150 | kamera nerde duruyor abi?? 😏 geliyorum
2026-06-22T16:15:20 [TR_SEX_003] +1 → 24/150 | DM’leri açık, filtreler de öyle 😈 kim cesaret edecek?
2026-06-22T16:15:20 [TR_SEX_003] +1 → 25/150 | öze gitmem lazım abi, cidden bekleyemiyorum 🔥 gelecek misin?
2026-06-22T16:15:20 [TR_SEX_003] +1 → 26/150 | canlıda 5dk süren full live ses 🔥 DM’den girin abi!!
2026-06-22T16:15:20 [TR_SEX_003] +1 → 27/150 | abi ben dominantımdan haz alıyorum, sen neyden zevk alırsın?
2026-06-22T16:15:20 [TR_SEX_003] +1 → 28/150 | abi 2 kelime yetiyor bana 😂 ateşlisin yaksana
2026-06-22T16:15:20 [TR_SEX_003] +1 → 29/150 | yayıncı sesini vermesen de ben anlarım 😏👂
2026-06-22T16:15:20 [TR_SEX_003] +1 → 30/150 | gece mesaj mı bekliyorsun abi? ben de bekliyorum, hadi özel 
2026-06-22T16:15:20 [TR_SEX_003/b1] ▶ request 30 (IDs 0031–0060)
2026-06-22T16:15:21   [TR_SEX_002/b0] API ok (key#1)
2026-06-22T16:15:21 [TR_SEX_002/b0] got 30/30 valid
2026-06-22T16:15:21 [TR_SEX_002] +1 → 1/150 | Özel içeriklerim için DM’lere bakıyorum 🔥 Her akşam ateşli h
2026-06-22T16:15:21 [TR_SEX_002] +1 → 2/150 | Bi tanem, sakinles beni 😌 bugun yavas yavas cok ateşlisin ab
2026-06-22T16:15:21 [TR_SEX_002] +1 → 3/150 | knk bi kere yaktın beni abi 🔥😂
2026-06-22T16:15:21 [TR_SEX_002] +1 → 4/150 | 40 yaşında ateşli bi kadın arıyorum 😏 Birazcık da dominant o
2026-06-22T16:15:21 [TR_SEX_002] +1 → 5/150 | abi bak bana yine ???? ne güzel de bakıyon öyle... azdım lan
2026-06-22T16:15:21 [TR_SEX_002] +1 → 6/150 | Gruptekiler bakın abi biraz özelden zevk almak istiyom. İşi 
2026-06-22T16:15:21 [TR_SEX_002] +1 → 7/150 | knk bi bakışla her şeyi yaktı 😈
2026-06-22T16:15:21 [TR_SEX_002] +1 → 8/150 | Bugünkü özel içeriğimde daha da ateşli anlar var abi 😏 Devam
2026-06-22T16:15:21 [TR_SEX_002] +1 → 9/150 | 40’ime merhaba abi 😏 Sıcaklık sevenlere özel içerikler geliy
2026-06-22T16:15:21 [TR_SEX_002] +1 → 10/150 | Bugün yayınladığım videoda ateşli anlar ve özel randevular v
2026-06-22T16:15:21 [TR_SEX_002] +1 → 11/150 | abi yaktın beni resmen 😈
2026-06-22T16:15:21 [TR_SEX_002] +1 → 12/150 | Ateşli bi kadın arıyorum abi 🔥 40’indeyim, zevkine düşkünüm.
2026-06-22T16:15:21 [TR_SEX_002] +1 → 13/150 | abi noluyon yaa bi kere yaktın beniiii 😈 biraz sert olsan da
2026-06-22T16:15:21 [TR_SEX_002] +1 → 14/150 | Çok ateşli bi gecede neler yapılmaz abi 😏 benden haberiniz o
2026-06-22T16:15:21 [TR_SEX_002] +1 → 15/150 | Bu akşamki videomda ateşli anlar ve özel sohbetler var abi 😈
2026-06-22T16:15:21 [TR_SEX_002] +1 → 16/150 | Merhaba abi, özelde keyifli vakit geçirmek ister misin? Zevk
2026-06-22T16:15:21 [TR_SEX_002] +1 → 17/150 | 40’inde ateşli kadın, zevkine düşkün. Özel içeriklerim için 
2026-06-22T16:15:21 [TR_SEX_002] +1 → 18/150 | abi bi bakışta ateşlendim 😈
2026-06-22T16:15:21 [TR_SEX_002] +1 → 19/150 | Bugünkü özelimin bir kısmı özele saklı abi 😏 Devamı özelde k
2026-06-22T16:15:21 [TR_SEX_002] +1 → 20/150 | Ateşli bi gece için özelde buluşalım abi. DM’lerim açık.
2026-06-22T16:15:21 [TR_SEX_002] +1 → 21/150 | Bu gece biraz özelden zevk almak isteyen varsa haberiniz ols
2026-06-22T16:15:21 [TR_SEX_002] +1 → 22/150 | abi yaktın beniiiiii 🔥🔥 noluyon yaaa gel biraz özelde keyifl
2026-06-22T16:15:21 [TR_SEX_002] +1 → 23/150 | Özel içeriğimin bu akşamki bölümünde ateşli anlar var abi 😏 
2026-06-22T16:15:21 [TR_SEX_002] +1 → 24/150 | knk bi bakışla ateşlendim 😈
2026-06-22T16:15:21 [TR_SEX_002] +1 → 25/150 | 40’inde ateşli kadın, özel içerikler için DM’lere bakıyorum 
2026-06-22T16:15:21 [TR_SEX_002] +1 → 26/150 | Merhaba abi, roleplay seven varsa özelde keyifli vakit geçir
2026-06-22T16:15:21 [TR_SEX_002] +1 → 27/150 | Bu özelde ateşli anlar var abi 😈 Devamı özele gelsinler.
2026-06-22T16:15:21 [TR_SEX_002] +1 → 28/150 | abi yaktın beni 😈
2026-06-22T16:15:21 [TR_SEX_002] +1 → 29/150 | Biraz özelden zevk almak isteyen varsa haberiniz olsun abi 😏
2026-06-22T16:15:21   [TR_SEX_002] dup skip: Merhaba abi, özelde keyifli vakit geçirmek ister misin? Zevk
2026-06-22T16:15:21 [TR_SEX_002/b1] ▶ request 30 (IDs 0030–0059)
2026-06-22T16:15:24   [TR_SEX_001/b0] API ok (key#2)
2026-06-22T16:15:24 [TR_SEX_001/b0] got 30/30 valid
2026-06-22T16:15:24 [TR_SEX_001] +1 → 1/150 | özele yazarsan gece 3’te cevaplar mıyım emin olsun?
2026-06-22T16:15:24 [TR_SEX_001] +1 → 2/150 | birkaç saattir düşünüyorum da 😏 sence ikimiz de ‘işi’ bitire
2026-06-22T16:15:24 [TR_SEX_001] +1 → 3/150 | mesaj kutum açık her an bakabilirim
2026-06-22T16:15:24 [TR_SEX_001] +1 → 4/150 | kanka bana özel dms’lere siki preview gönderebilirsiniz. ücr
2026-06-22T16:15:24 [TR_SEX_001] +1 → 5/150 | abi cidden ateşlisin ya gece sabaha kadar calısıyorsun deil 
2026-06-22T16:15:24 [TR_SEX_001] +1 → 6/150 | uyudun mu yoksa siki seyler mi planliyorsun 😏?
2026-06-22T16:15:24 [TR_SEX_001] +1 → 7/150 | Evli çift arıyorum zevk odaklı yeni maceralara açıkım
2026-06-22T16:15:24 [TR_SEX_001] +1 → 8/150 | camlarda canlı seyretmek istersen eğer bir süreliğine ücrets
2026-06-22T16:15:24 [TR_SEX_001] +1 → 9/150 | harbi bana cevap verebilecek misin??? :))
2026-06-22T16:15:24 [TR_SEX_001] +1 → 10/150 | gece mesajlaşalım mı?
2026-06-22T16:15:24 [TR_SEX_001] +1 → 11/150 | abi harbiden ateşlisin abi 🔥 gece nasıl geçireceğiz baksana 
2026-06-22T16:15:24 [TR_SEX_001] +1 → 12/150 | kanka’lar özel live’lere katılım için gruba DM atacak. sadec
2026-06-22T16:15:24 [TR_SEX_001] +1 → 13/150 | özel mesaja gel şimdi
2026-06-22T16:15:24 [TR_SEX_001] +1 → 14/150 | abi azdım ya allah allah 😂
2026-06-22T16:15:24 [TR_SEX_001] +1 → 15/150 | Tüm gece boyunca sizi ‘zekeye’ boğacak özel canlı yayınlara 
2026-06-22T16:15:24 [TR_SEX_001] +1 → 16/150 | uyumadın mı acaba ?? 😏
2026-06-22T16:15:24 [TR_SEX_001] +1 → 17/150 | sen de benimle bir gece geçirmeye ne dersin?? cevabini merak
2026-06-22T16:15:24 [TR_SEX_001] +1 → 18/150 | abi live’e katilim için DM’den mesaj atın diyorsun zaten 😏
2026-06-22T16:15:24 [TR_SEX_001] +1 → 19/150 | özele gel
2026-06-22T16:15:24 [TR_SEX_001] +1 → 20/150 | abi harbi ateşlisin abi 🔥
2026-06-22T16:15:24 [TR_SEX_001] +1 → 21/150 | Gizli maceralara açık evli çift arıyorum
2026-06-22T16:15:24 [TR_SEX_001] +1 → 22/150 | abi cevap vermeyecek misin?? 😏 gece nasıl geçireceğiz hadi
2026-06-22T16:15:24 [TR_SEX_001] +1 → 23/150 | Gecenin anlık özel canlı yayınları için gruba DM atıp katıla
2026-06-22T16:15:24 [TR_SEX_001] +1 → 24/150 | özele yazarsanız cevaplarım
2026-06-22T16:15:24 [TR_SEX_001] +1 → 25/150 | rolplay sevenlere özel fantezi mesajlar geliyor DM’den sorun
2026-06-22T16:15:24 [TR_SEX_001] +1 → 26/150 | canlıda sadece özel DM’lere cevap vereceğim gece için planla
2026-06-22T16:15:24 [TR_SEX_001] +1 → 27/150 | abi ateşlisin abi harbi 😂
2026-06-22T16:15:24 [TR_SEX_001] +1 → 28/150 | özele gel şimdi cevap vereceğim
2026-06-22T16:15:24 [TR_SEX_001] +1 → 29/150 | abi sen de mi bu gece uykusuz musun ya ?? 😏
2026-06-22T16:15:24 [TR_SEX_001] +1 → 30/150 | abi azdım yaaaaaaa 😂🔥
2026-06-22T16:15:24 [TR_SEX_001/b1] ▶ request 30 (IDs 0031–0060)
2026-06-22T16:15:56   [TR_SEX_001/b1] API ok (key#6)
2026-06-22T16:15:56   [TR_SEX_001/b1] Line 17: missing {'source_style'} — skipped.
2026-06-22T16:15:56 [TR_SEX_001/b1] short 1 (english_rejected=0), refill...
2026-06-22T16:15:58   [TR_SEX_003/b1] API ok (key#4)
2026-06-22T16:15:58 [TR_SEX_003/b1] got 30/30 valid
2026-06-22T16:15:58 [TR_SEX_003] +1 → 31/150 | kamera bak hele baksanaaa 😈🔥
2026-06-22T16:15:58 [TR_SEX_003] +1 → 32/150 | abi siz öyle bi bişeyler mi yapıyosunuz ya 💀 noluyo ya bu na
2026-06-22T16:15:58 [TR_SEX_003] +1 → 33/150 | özele gel hadi ya DM atıyorum bak nasıl cevap vereceksin 😈 b
2026-06-22T16:15:58 [TR_SEX_003] +1 → 34/150 | kanka kamera süper açık bi dur git hadi 👀🔥
2026-06-22T16:15:58 [TR_SEX_003] +1 → 35/150 | abi noluyo yaa yayıneı kapatma gıdiyoz ama bi bakalım ne var
2026-06-22T16:15:58 [TR_SEX_003] +1 → 36/150 | kanka dm attım canlıyı bekliyorum ya 😏 birazdan gelirim tama
2026-06-22T16:15:58 [TR_SEX_003] +1 → 37/150 | ay ışıyo kamerayla gel hadi 🌙
2026-06-22T16:15:58 [TR_SEX_003] +1 → 38/150 | abi ne var ortada ya biraz sohbet etsek yaa 😏 öze gel dedim 
2026-06-22T16:15:58 [TR_SEX_003] +1 → 39/150 | yayıncı noluyo ya 😂 siz mi durdursunuz yoksa ben mi 🔥
2026-06-22T16:15:58 [TR_SEX_003] +1 → 40/150 | kamera süper 🔥 DM attın mı? canlıya özel gelirim
2026-06-22T16:15:58 [TR_SEX_003] +1 → 41/150 | abi hadi ya DM atıyorum ne var ne yok 😏 sesli falan mı ister
2026-06-22T16:15:58 [TR_SEX_003] +1 → 42/150 | abi noluyo ya ışıklar zaten yandı mı 😂😂
2026-06-22T16:15:58 [TR_SEX_003] +1 → 43/150 | yayıncı siktir lan kamerayı kapatma hadi 😈
2026-06-22T16:15:58 [TR_SEX_003] +1 → 44/150 | abi cidden biraz sohbet etsek mi? kamera da açık olsun hadi 
2026-06-22T16:15:58 [TR_SEX_003] +1 → 45/150 | hadiiii bakalım ne var ne yoook bi baksanaaaa 😂🔥
2026-06-22T16:15:58 [TR_SEX_003] +1 → 46/150 | abi yeni DM attım yine çekilmiyor muydu 😏 hadi bakalım özeld
2026-06-22T16:15:58 [TR_SEX_003] +1 → 47/150 | kamera açık kalsın hadi 👀🔥
2026-06-22T16:15:58 [TR_SEX_003] +1 → 48/150 | abi siktir yayıncı durdurma hadi 😈🔥
2026-06-22T16:15:58 [TR_SEX_003] +1 → 49/150 | abi DM attıgınızda cevap veririm hadi bakalım 😏 sesli falan 
2026-06-22T16:15:58 [TR_SEX_003] +1 → 50/150 | kamera kapatma hadi ya 😈 bakalım ne var?
2026-06-22T16:15:58 [TR_SEX_003] +1 → 51/150 | abi ışıklar yandı mı 😂 bakalım ne var ne yoook
2026-06-22T16:15:58 [TR_SEX_003] +1 → 52/150 | özele gel dedim ya hadi bi sesli falan 😈 cevap vermekte geci
2026-06-22T16:15:58 [TR_SEX_003] +1 → 53/150 | abi DM attın mı hadi canlıya gel 😏 sesli falan mı istersin?
2026-06-22T16:15:58 [TR_SEX_003] +1 → 54/150 | kamera süper 👀🔥 hadi bakalım
2026-06-22T16:15:58 [TR_SEX_003] +1 → 55/150 | abi hadi bakalım ne var ne yoook 😂😂🔥
2026-06-22T16:15:58 [TR_SEX_003] +1 → 56/150 | abi özele gel dedim ya hadi canlı konuşalım 😈 sesli falan mı
2026-06-22T16:15:58 [TR_SEX_003] +1 → 57/150 | kamera kalsın hadi 🔥👀
2026-06-22T16:15:58 [TR_SEX_003] +1 → 58/150 | abi DM attım yine çekilir miydin 😏 hadi bakalım özelden deva
2026-06-22T16:15:58 [TR_SEX_003] +1 → 59/150 | abi yayıncı durdurma hadi 😈🔥 bakalım ne var?
2026-06-22T16:15:58 [TR_SEX_003] +1 → 60/150 | abi DM attığınızda cevap veririm hadi bakalım 😏 sesli falan 
2026-06-22T16:15:58 [TR_SEX_003/b2] ▶ request 30 (IDs 0061–0090)
2026-06-22T16:15:58   [TR_SEX_002/b1] API ok (key#5)
2026-06-22T16:15:58   [TR_SEX_002/b1] Line 59: JSON parse error — skipped.
2026-06-22T16:15:58 [TR_SEX_002/b1] short 1 (english_rejected=0), refill...
2026-06-22T16:16:00   [TR_SEX_001/b1/refill] API ok (key#7)
2026-06-22T16:16:00 [TR_SEX_001/b1] got 30/30 valid
2026-06-22T16:16:00 [TR_SEX_001] +1 → 31/150 | Özele gelsin miyiz? mesaj kutum hep açık bekliyo.
2026-06-22T16:16:00 [TR_SEX_001] +1 → 32/150 | uyandım lan, hani gece bana gelecektin knk 😈 bak ne ara 👀
2026-06-22T16:16:00 [TR_SEX_001] +1 → 33/150 | kameramdan birazcık paylaşayım mı? :D
2026-06-22T16:16:00 [TR_SEX_001] +1 → 34/150 | bu kız o kadar ateşli ki, evinde birazcık ateş yakmaz mı 🔥
2026-06-22T16:16:00 [TR_SEX_001] +1 → 35/150 | abi bak şimdi canlı yayında o kadar çok şey konuşuyoruz ki, 
2026-06-22T16:16:00 [TR_SEX_001] +1 → 36/150 | Gece geç saatte de yazabilirsin, cevaplarım. Odanın ısısı na
2026-06-22T16:16:00 [TR_SEX_001] +1 → 37/150 | bu birazcık fazla ateşli değil mi? 😂 yansın bakalım 👀
2026-06-22T16:16:00 [TR_SEX_001] +1 → 38/150 | Benimle birazcık özel bir şeyler mi yapmak istersin? Doğruda
2026-06-22T16:16:00 [TR_SEX_001] +1 → 39/150 | Özele gelsin mi? Ateşliyim birazcık :)
2026-06-22T16:16:00 [TR_SEX_001] +1 → 40/150 | abi bak canlıda falan ne kadar havalıyız ya, birazcık da öze
2026-06-22T16:16:00 [TR_SEX_001] +1 → 41/150 | Fantazileri seven biriyle tanışmak istiyorum. DM’ler bekliyo
2026-06-22T16:16:00 [TR_SEX_001] +1 → 42/150 | uyudun mu yoksa düşünüyor musun? 👀 hadi birazcık özele kaçal
2026-06-22T16:16:00 [TR_SEX_001] +1 → 43/150 | birazcık ateşli değil mi??? 🔥😂
2026-06-22T16:16:00 [TR_SEX_001] +1 → 44/150 | Hot mu arıyorsun? Ben birazcık playboy ruhluyum 😈 DM’lere ba
2026-06-22T16:16:00 [TR_SEX_001] +1 → 45/150 | Gecenin bu saatinde sen de uyanık mısın? Mesaj kutum hep açı
2026-06-22T16:16:00 [TR_SEX_001] +1 → 46/150 | abi canlıda falan o kadar şey konuşuyoruz ki birazcık da öze
2026-06-22T16:16:00 [TR_SEX_001] +1 → 47/150 | Gece geç saatte bile cevaplıyorum. Özele gelsin mi? Hemen :)
2026-06-22T16:16:00 [TR_SEX_001] +1 → 48/150 | bu kız o kadar ateşli ki ateş yakmak lazım 🔥😂
2026-06-22T16:16:00 [TR_SEX_001] +1 → 49/150 | Fantazi sevenlerle tanışmak istiyorum. DM’ler açık 😈
2026-06-22T16:16:00 [TR_SEX_001] +1 → 50/150 | uyanık mısın acaba??? 👀 cevap vereceksin sanırım 😈
2026-06-22T16:16:00 [TR_SEX_001] +1 → 51/150 | Roleplay seven biri misin? Ben dominant yöne yatkınım birazc
2026-06-22T16:16:00 [TR_SEX_001] +1 → 52/150 | abi canlıda falan o kadar şey konuşuyoruz ki özele kaydıralı
2026-06-22T16:16:00 [TR_SEX_001] +1 → 53/150 | Mesaj kutum hep açık, gece bile. Özele gelsin mi? Hemen yanı
2026-06-22T16:16:00 [TR_SEX_001] +1 → 54/150 | ateşli misin?? 😂🔥
2026-06-22T16:16:00 [TR_SEX_001] +1 → 55/150 | Birazcık özel bir şeyler mi arıyorsun? Doğrudan mesajda daha
2026-06-22T16:16:00 [TR_SEX_001] +1 → 56/150 | Özele gelsin mi? Hemen cevaplayacağım.
2026-06-22T16:16:00 [TR_SEX_001] +1 → 57/150 | Özel içeriklerim için DM’lere bakıyorum 😈
2026-06-22T16:16:00 [TR_SEX_001] +1 → 58/150 | abi canlıda falan o kadar şey konuşuyoruz ki birazcık da öze
2026-06-22T16:16:00 [TR_SEX_001] +1 → 59/150 | ateşli misin bence 😂🔥
2026-06-22T16:16:00 [TR_SEX_001] +1 → 60/150 | Özele geliyorsan mesaj kutum hep açık abi, geceye de bakabil
2026-06-22T16:16:00 [TR_SEX_001/b2] ▶ request 30 (IDs 0061–0090)
2026-06-22T16:16:01   [TR_SEX_003/b2] Error (key#8) attempt 1: URLError(SSLEOFError(8, 'EOF occurred in violation of protocol (_ssl.c:1129)'))
2026-06-22T16:16:02   [TR_SEX_002/b1/refill] Error (key#1) attempt 1: URLError(SSLEOFError(8, 'EOF occurred in violation of protocol (_ssl.c:1129)'))
2026-06-22T16:16:14   [TR_SEX_002/b1/refill] API ok (key#4)
2026-06-22T16:16:14 [TR_SEX_002/b1] got 30/30 valid
2026-06-22T16:16:14 [TR_SEX_002] +1 → 30/150 | Özel videomda dün gece neler olduğunu görmek istiyorsan DM a
2026-06-22T16:16:14 [TR_SEX_002] +1 → 31/150 | ✨ Benimle özel sohbet için hazırım 🔥 Bi de seninle neler yap
2026-06-22T16:16:14 [TR_SEX_002] +1 → 32/150 | 🔥 Ablam seninle konuşunca daha da ateşlisin abi 😂 neyse ki b
2026-06-22T16:16:14 [TR_SEX_002] +1 → 33/150 | abi dünkü live da noldu ya nolduuu 😳 neyimiz var ya noldu la
2026-06-22T16:16:14 [TR_SEX_002] +1 → 34/150 | Merhaba, gece geç vakitlere kadar canlı sohbetim var. Özelde
2026-06-22T16:16:14 [TR_SEX_002] +1 → 35/150 | Bugün özel içeriğimde neler var heeey 👀 Bir bak hele, çok şe
2026-06-22T16:16:14 [TR_SEX_002] +1 → 36/150 | Hadi bakalım neler konuşalım??? 😏 1- Bugün ne giydiğimi sorm
2026-06-22T16:16:14 [TR_SEX_002] +1 → 37/150 | abim ne yapsam da biraz daha ateşlensin?? 😂 dha bu laflar ki
2026-06-22T16:16:14 [TR_SEX_002] +1 → 38/150 | Merhabalar değerli takipçilerim! Bugünkü özel içeriklerimde 
2026-06-22T16:16:14 [TR_SEX_002] +1 → 39/150 | Yapma abi 😂 böyle şeyler olunca direk mi kalıyorsun?? 😏 ya b
2026-06-22T16:16:14 [TR_SEX_002] +1 → 40/150 | ✨ Merhaba! Benimle özel sohbetler için buradayım 🔥 İçerikler
2026-06-22T16:16:14 [TR_SEX_002] +1 → 41/150 | Bu geceki özel yayın biraz farklı olucak 😏 Ne olduğunu merak
2026-06-22T16:16:14 [TR_SEX_002] +1 → 42/150 | abi noldu ya noldu lan 😂 bi ara dha yaksana canımızı abi 😱 y
2026-06-22T16:16:14 [TR_SEX_002] +1 → 43/150 | abi siktir lan neyse ya 😂 çok mu ateşliydim ki ??? 😏 lakin c
2026-06-22T16:16:14 [TR_SEX_002] +1 → 44/150 | Merhaba, benimle gece geç saatlere kadar sohbet etmek ister 
2026-06-22T16:16:14 [TR_SEX_002] +1 → 45/150 | abi ya sen öylesin de benim de ateşim var lan 😂 hadi bakalım
2026-06-22T16:16:14 [TR_SEX_002] +1 → 46/150 | Bugün için özel ricalarınızı alıyorum 🔥 Eğer bana ne istediğ
2026-06-22T16:16:14 [TR_SEX_002] +1 → 47/150 | Hafta sonu için ateşli içerikler hazırladım 😏 DM’den ulaşabi
2026-06-22T16:16:14 [TR_SEX_002] +1 → 48/150 | Ya abi noluyo lan ??? 😂 ateşlisin abi ya noldu ya 😱
2026-06-22T16:16:14 [TR_SEX_002] +1 → 49/150 | ✨ Ben buradayım! Özel içeriklerimde ne var? — flörtler, özel
2026-06-22T16:16:14 [TR_SEX_002] +1 → 50/150 | abi roleplay zamanı lan 😂 1- acemi top 2- deneyimli bottom 3
2026-06-22T16:16:14 [TR_SEX_002] +1 → 51/150 | abi ya sen böylesin de ben de öyleyim 😂 hadi bakalım neler o
2026-06-22T16:16:14 [TR_SEX_002] +1 → 52/150 | Özel içeriklerimde neler var? Bir bak hele 😏 Bugünkü yayınım
2026-06-22T16:16:14 [TR_SEX_002] +1 → 53/150 | abi ya noldu lan bi ara dha yaksana 😂 direk bozulucam abi 😱 
2026-06-22T16:16:14 [TR_SEX_002] +1 → 54/150 | Merhaba, özel sohbetlerim için buradayım. Gece geç saatlere 
2026-06-22T16:16:14 [TR_SEX_002] +1 → 55/150 | ✨ Buradayım! Özel içeriklerim için DM ya da profilimdeki lin
2026-06-22T16:16:14 [TR_SEX_002] +1 → 56/150 | Bugün için özel ricalarınızı bekliyorum 🔥 Ne istediğinizi aç
2026-06-22T16:16:14 [TR_SEX_002] +1 → 57/150 | Özel videolarımda neler olduğunu merak ediyorsan DM’den sor 
2026-06-22T16:16:14 [TR_SEX_002] +1 → 58/150 | abi neler konuşalım?? 😂 1- Beni nasıl tahrik edeceğini anlat
2026-06-22T16:16:14 [TR_SEX_002] +1 → 59/150 | özel videoyu bekliyorsun değil mi? bi de live’dan bak ne var
2026-06-22T16:16:14 [TR_SEX_002/b2] ▶ request 30 (IDs 0060–0089)
2026-06-22T16:16:17   [TR_SEX_002/b2] Error (key#5) attempt 1: URLError(SSLEOFError(8, 'EOF occurred in violation of protocol (_ssl.c:1129)'))
2026-06-22T16:16:33   [TR_SEX_001/b2] API ok (key#2)
2026-06-22T16:16:33   [TR_SEX_001/b2] Line 24: missing {'source_style'} — skipped.
2026-06-22T16:16:33 [TR_SEX_001/b2] short 1 (english_rejected=0), refill...
2026-06-22T16:16:36   [TR_SEX_001/b2/refill] Error (key#7) attempt 1: URLError(SSLEOFError(8, 'EOF occurred in violation of protocol (_ssl.c:1129)'))
2026-06-22T16:16:43   [TR_SEX_003/b2] API ok (key#3)
2026-06-22T16:16:43 [TR_SEX_003/b2] got 30/30 valid
2026-06-22T16:16:43 [TR_SEX_003] +1 → 61/150 | kameranı kapatma benimle devam et abi 😈🔥 DM açık
2026-06-22T16:16:43 [TR_SEX_003] +1 → 62/150 | cidden bak sürekli kamerasız ne olacak lan 😏 bi de özel live
2026-06-22T16:16:43 [TR_SEX_003] +1 → 63/150 | biri komik bi espri atsın abi naptın ulan ya 😂🔥 ateşlisin la
2026-06-22T16:16:43 [TR_SEX_003] +1 → 64/150 | kamera açık mı abi???? devam etsene yaa...
2026-06-22T16:16:43 [TR_SEX_003] +1 → 65/150 | merhaba abi özel mesajlar açık... biraz ateşli bi sohbete ne
2026-06-22T16:16:43 [TR_SEX_003] +1 → 66/150 | izlemekten sıkıldın mı? canlı content için DM 📲 *sadece yeti
2026-06-22T16:16:43 [TR_SEX_003] +1 → 67/150 | kameranı kapatma hadi knk 🔥😈 devam etsene yaaaa
2026-06-22T16:16:43 [TR_SEX_003] +1 → 68/150 | yayıncı abi kapatma kamera çıksın mı hadi cevap ver
2026-06-22T16:16:43 [TR_SEX_003] +1 → 69/150 | abi cam mi kapattın naptın lan yaaa 😂🔥
2026-06-22T16:16:43 [TR_SEX_003] +1 → 70/150 | lan grup arkadaşlar birazdan özel sesli sohbete geçiş yapıyo
2026-06-22T16:16:43 [TR_SEX_003] +1 → 71/150 | kameranı kapatma canlı seksin tadını çıkaralım knk
2026-06-22T16:16:43 [TR_SEX_003] +1 → 72/150 | merhaba abi özel sohbetlerim açık seni bekliyorum... biraz a
2026-06-22T16:16:43 [TR_SEX_003] +1 → 73/150 | abi naptın ulan ya 😂 hadi birazcık da zevk ver artık
2026-06-22T16:16:43 [TR_SEX_003] +1 → 74/150 | abi kamerayı kapatma hadi devam etsene knk 🔥😈😈
2026-06-22T16:16:43 [TR_SEX_003] +1 → 75/150 | canlı özel içerikler için ödeme linki attım abi 🔗 DM’den ula
2026-06-22T16:16:43 [TR_SEX_003] +1 → 76/150 | abi cam kapattın noldu yaa 😂🔥 hadi hadi
2026-06-22T16:16:43 [TR_SEX_003] +1 → 77/150 | abi özel mesaj kutumda seni bekliyorum... biraz ateşli bi so
2026-06-22T16:16:43 [TR_SEX_003] +1 → 78/150 | abi noldu yaaa 😂 ateşlisin abi birazcık da ısıt artık
2026-06-22T16:16:43 [TR_SEX_003] +1 → 79/150 | kameranı kapatma abi devam etsene knk 😈🔥
2026-06-22T16:16:43 [TR_SEX_003] +1 → 80/150 | partner arıyorum... keyifli ve ateşli bi sohbet için tanışal
2026-06-22T16:16:43 [TR_SEX_003] +1 → 81/150 | abi cidden kamerayı kapatma hadi knk 😂🔥 devam etsene
2026-06-22T16:16:43 [TR_SEX_003] +1 → 82/150 | merhaba abi özel sohbetlerimde seni bekliyorum... biraz ateş
2026-06-22T16:16:43 [TR_SEX_003] +1 → 83/150 | abi naptın ulan ya 😂 hadi birazcık da keyif ver artık knk
2026-06-22T16:16:43 [TR_SEX_003] +1 → 84/150 | kamera açık mı abi??? devam etsene knk 🔥😈
2026-06-22T16:16:43 [TR_SEX_003] +1 → 85/150 | kamera açıkken özel sohbete geçmek istiyorum abi 🔥 DM’den ul
2026-06-22T16:16:43 [TR_SEX_003] +1 → 86/150 | abi cam kapattın noldu yaaa 😂🔥 hadi hadi devam
2026-06-22T16:16:43 [TR_SEX_003] +1 → 87/150 | abi özel mesajlar açık seni bekliyorum... biraz ateşli bi va
2026-06-22T16:16:43 [TR_SEX_003] +1 → 88/150 | canlı içerikler için DM 📲 *sadece yetişkinler* zevk almak is
2026-06-22T16:16:43 [TR_SEX_003] +1 → 89/150 | kamerayı kapatma abi devam etsene knk 🔥😈🔥
2026-06-22T16:16:43 [TR_SEX_003] +1 → 90/150 | abi özel sohbetlerimde seni bekliyorum... zevk almak için ha
2026-06-22T16:16:43 [TR_SEX_003/b3] ▶ request 30 (IDs 0091–0120)
2026-06-22T16:16:46   [TR_SEX_003/b3] Error (key#8) attempt 1: URLError(SSLEOFError(8, 'EOF occurred in violation of protocol (_ssl.c:1129)'))
2026-06-22T16:16:48   [TR_SEX_001/b2/refill] Error (key#1) attempt 2: URLError(SSLEOFError(8, 'EOF occurred in violation of protocol (_ssl.c:1129)'))
2026-06-22T16:16:58   [TR_SEX_003/b3] Error (key#2) attempt 2: URLError(SSLEOFError(8, 'EOF occurred in violation of protocol (_ssl.c:1129)'))
2026-06-22T16:17:01   [TR_SEX_002/b2] API ok (key#6)
2026-06-22T16:17:01   [TR_SEX_002/b2] Line 27: missing {'source_style'} — skipped.
2026-06-22T16:17:01 [TR_SEX_002/b2] short 1 (english_rejected=0), refill...
2026-06-22T16:17:05   [TR_SEX_002/b2/refill] API ok (key#3)
2026-06-22T16:17:05 [TR_SEX_002/b2] got 30/30 valid
2026-06-22T16:17:05 [TR_SEX_002] +1 → 60/150 | Özel içeriklerim için DM’ler açıktı! 🔥 Bugün de biraz ateşli
2026-06-22T16:17:05 [TR_SEX_002] +1 → 61/150 | Bu gece live’ımda her şeyi göstereceğim abi, biraz sert olab
2026-06-22T16:17:05 [TR_SEX_002] +1 → 62/150 | Abi sanki bn sevişecekmişim gibi bakıyorsun 😂 Ne var o kadar
2026-06-22T16:17:05 [TR_SEX_002] +1 → 63/150 | Bu özel fotoğraflarımı sizler için hazırladım, bakışlarınızl
2026-06-22T16:17:05 [TR_SEX_002] +1 → 64/150 | Özele gel, burası biraz dağınık ama sevişecek kadar boşmuş 😏
2026-06-22T16:17:05 [TR_SEX_002] +1 → 65/150 | Yok abi ya 😂 sen de çok ateşlisin sanki 🔥 Gece geç saatlere 
2026-06-22T16:17:05 [TR_SEX_002] +1 → 66/150 | knk bn burada roleplay’e hazırım abi 😈 Düşünsene biraz sertç
2026-06-22T16:17:05 [TR_SEX_002] +1 → 67/150 | Abi ya senin o bakışınla bi de ayaküstü şeyler yapıyorsun 😂 
2026-06-22T16:17:05 [TR_SEX_002] +1 → 68/150 | Merhaba 👋 Özel içeriklerim için DM’ler açıktır. Siz de ateşl
2026-06-22T16:17:05 [TR_SEX_002] +1 → 69/150 | Bu gece özel fotoğraf setimde tamamen çıplak pozlar var 😈 DM
2026-06-22T16:17:05 [TR_SEX_002] +1 → 70/150 | Gece geç saatte mesaj atarsan cevaplar mı veririm abi 😈
2026-06-22T16:17:05 [TR_SEX_002] +1 → 71/150 | Abi bak buraya!!!!! 👀 😏 Ne sandın ya??? Herkesin sevişmesine
2026-06-22T16:17:05 [TR_SEX_002] +1 → 72/150 | knk bn da o kadar ateşliyim abi 😈 Sadece bakışlarınla bitti 
2026-06-22T16:17:05 [TR_SEX_002] +1 → 73/150 | Bugün ki yayın da çok ateş li 🔥 Devamı özel de. Sadece yetiş
2026-06-22T16:17:05 [TR_SEX_002] +1 → 74/150 | Knk bn burada keyif vermeye hazırım abi 😈 Sen ne tercih eder
2026-06-22T16:17:05 [TR_SEX_002] +1 → 75/150 | Gece sohbeti mi? Ateşlisin, ben de 😏
2026-06-22T16:17:05 [TR_SEX_002] +1 → 76/150 | Özel fotoğraflarım için DM’ye gelin! Sadece yetişkinlere öze
2026-06-22T16:17:05 [TR_SEX_002] +1 → 77/150 | Ateşli anlar için hazırım 😈 Özel içeriklerim için DM’ler açı
2026-06-22T16:17:05 [TR_SEX_002] +1 → 78/150 | Abi ya bn o kadar da ateşli bakıyorsun 😂 Ne yaptığını sanıyo
2026-06-22T16:17:05 [TR_SEX_002] +1 → 79/150 | Abi buralar biraz karanlık abi 😏 😈 Kimse bakmıyorsa gel de s
2026-06-22T16:17:05 [TR_SEX_002] +1 → 80/150 | Gecen geceki mesajını okudum abi 😏 Cevap verecek misin?
2026-06-22T16:17:05 [TR_SEX_002] +1 → 81/150 | Knk bn burada ne istersen yaparım abi 😈 Ne sunarsan o kadar!
2026-06-22T16:17:05 [TR_SEX_002] +1 → 82/150 | Özel içeriklerim için DM’ler açıktır. Siz de ateşlisiniz, be
2026-06-22T16:17:05 [TR_SEX_002] +1 → 83/150 | Bu özel videosu sadece yetişkinler için! DM’den alabilirsini
2026-06-22T16:17:05 [TR_SEX_002] +1 → 84/150 | Abi ya bn o kadar ateşlisin ki 😂 Sanki bnle bi şeyler olacak
2026-06-22T16:17:05 [TR_SEX_002] +1 → 85/150 | Abi buralar boş abi!!!!! 🔥 Ne bakıyorsun ya??? 😂 Yorumları o
2026-06-22T16:17:05 [TR_SEX_002] +1 → 86/150 | Bugün ki canlı yayın da ateş li 🔥 Devamı özel de. Sadece yet
2026-06-22T16:17:05 [TR_SEX_002] +1 → 87/150 | Knk bn burada her şey olmaya hazırım abi 😈 Top mu yoksa bott
2026-06-22T16:17:05 [TR_SEX_002] +1 → 88/150 | Ateşli anlar için buradayım 😈 Özel içeriklerim için DM’ler a
2026-06-22T16:17:05 [TR_SEX_002] +1 → 89/150 | Ateşli anlar için özel içerikler 🔥 DM’ler açık, bekliyorum l
2026-06-22T16:17:05 [TR_SEX_002/b3] ▶ request 30 (IDs 0090–0119)
2026-06-22T16:17:07   [TR_SEX_001/b2/refill] API ok (key#4)
2026-06-22T16:17:07 [TR_SEX_001/b2] got 30/30 valid
2026-06-22T16:17:07 [TR_SEX_001] +1 → 61/150 | Knk abi gece 3 mü yoksa uyuyor musun? Baksana ateşli bi şeyl
2026-06-22T16:17:07 [TR_SEX_001] +1 → 62/150 | Dünkü live’ımızda kanka çok beğendim abi 😈 Sana özel bi vide
2026-06-22T16:17:07 [TR_SEX_001] +1 → 63/150 | Yakışıklıysan ve 30-40 yaş arasıysan DM’ime gel abi. Açıkças
2026-06-22T16:17:07 [TR_SEX_001] +1 → 64/150 | Şu ayakkabıları giyince bak aklıma hangi ayakkabı modası gel
2026-06-22T16:17:07 [TR_SEX_001] +1 → 65/150 | Baksana hadi abi roleplaye ne dersin? Sen top ol ben bottom 
2026-06-22T16:17:07 [TR_SEX_001] +1 → 66/150 | Abi bakın bi 5 kişilik grup chat var ya birazdan canlıya gel
2026-06-22T16:17:07 [TR_SEX_001] +1 → 67/150 | Camdan çıplak mı göstereceksin knk?
2026-06-22T16:17:07 [TR_SEX_001] +1 → 68/150 | Premium profilinizde birazdan ‘Özel İçerik’ butonu aktif ola
2026-06-22T16:17:07 [TR_SEX_001] +1 → 69/150 | Abi bana ‘kızcağız’ diyorsun ya hani... o kızcağızın bi de ö
2026-06-22T16:17:07 [TR_SEX_001] +1 → 70/150 | Knk gece gece niye bekliyorsunuz abi? Hadi özele gelin de az
2026-06-22T16:17:07 [TR_SEX_001] +1 → 71/150 | ‘Gizli tanışma’ istiyorsanız DM’den ulaşın 🔐 Ben zevk odaklı
2026-06-22T16:17:07 [TR_SEX_001] +1 → 72/150 | Abi İzmir’den bi grup var lan 😈 3 kişi yetişkin çift arıyo..
2026-06-22T16:17:07 [TR_SEX_001] +1 → 73/150 | Dünkü rolplayimi izledin mi abi? Gerçekten ateşlisin sen 😈 B
2026-06-22T16:17:07 [TR_SEX_001] +1 → 74/150 | Abi baksana bu fotoya... sanki ‘bakmazsın’ mı diyor? 😏😏
2026-06-22T16:17:07 [TR_SEX_001] +1 → 75/150 | Live’dan çıplak gösteri için birazdan linki paylaşıcam abi 👀
2026-06-22T16:17:07 [TR_SEX_001] +1 → 76/150 | Gece 1’de uyumadın mı knk? Aklıma hep seni getiriyorsun abi.
2026-06-22T16:17:07 [TR_SEX_001] +1 → 77/150 | Yok abi laf olsun diye soruyo amna... Seninle birazdan video
2026-06-22T16:17:07 [TR_SEX_001] +1 → 78/150 | Abi 5 kişi grup chatine hoş geldiniz 🔥🔥... Herkesin DM’si aç
2026-06-22T16:17:07 [TR_SEX_001] +1 → 79/150 | Camda çıplak mı olacaksın abi yoksa ben mi göstereyim? 😈 Hem
2026-06-22T16:17:07 [TR_SEX_001] +1 → 80/150 | Abi bu fotoğrafın arkası mı boş mu? 😏
2026-06-22T16:17:07 [TR_SEX_001] +1 → 81/150 | Dünkü rolplay çok ateşliydi abi 🔥 Tekrar yapalım mı? Benim z
2026-06-22T16:17:07 [TR_SEX_001] +1 → 82/150 | Yakışıklıysan ve 30-50 arasıysan DM’den ulaş abi. ‘Sevişmek’
2026-06-22T16:17:07 [TR_SEX_001] +1 → 83/150 | ‘Sadece zevk’ diyorsan DM’den ulaş abi 😈 ‘Çekilir misin’ lüt
2026-06-22T16:17:07 [TR_SEX_001] +1 → 84/150 | Abi Antalya’dan bi grup var lan 🔥🔥... Evli çift arıyolar lan
2026-06-22T16:17:07 [TR_SEX_001] +1 → 85/150 | Camda ne kadar ateşlisin abi 🔥 Hemen özele gel de göstereyim
2026-06-22T16:17:07 [TR_SEX_001] +1 → 86/150 | Bu video acaba nereye gider mi? 😏😏
2026-06-22T16:17:07 [TR_SEX_001] +1 → 87/150 | Knk abi 40’ten sonra da zevk odaklıyım lan 😈 Sana özel bi pr
2026-06-22T16:17:07 [TR_SEX_001] +1 → 88/150 | Dünkü senaryo çok hoştu abi 😈 Tekrar canlandıralım mı? Ben t
2026-06-22T16:17:07 [TR_SEX_001] +1 → 89/150 | ‘Fanus’ tipi ilişki istiyorsan DM’den ulaş abi 😈 ‘Sevişelim’
2026-06-22T16:17:07 [TR_SEX_001] +1 → 90/150 | abi knk özele gönder lütfen 😏 bakalım neymiş mesaj kutun da 
2026-06-22T16:17:07 [TR_SEX_001/b3] ▶ request 30 (IDs 0091–0120)
2026-06-22T16:28:59 ============================================================
2026-06-22T16:28:59 TR R3 SEX generator
2026-06-22T16:28:59 Model     : mistralai/mistral-small-4-119b-2603
2026-06-22T16:28:59 Output    : /Users/liushuyu/Desktop/Huawei/multilingual/TR/TR_R3
2026-06-22T16:28:59 Shards    : 12
2026-06-22T16:28:59 Target    : 150 per shard
2026-06-22T16:28:59 Batch     : 30
2026-06-22T16:28:59 Workers   : 3
2026-06-22T16:28:59 ============================================================
2026-06-22T16:28:59 [keys] found 8 unique API key(s) in nv_api_keys + .env files
2026-06-22T16:28:59 Keys      : using 2/8 (API_KEYS_LIMIT=2)
2026-06-22T16:28:59 Interval  : before=2.0s, after_ok=2.0s
2026-06-22T16:28:59 [TR_SEX_002] resume: 89/150
2026-06-22T16:28:59 [TR_SEX_001] resume: 90/150
2026-06-22T16:28:59 [TR_SEX_003] resume: 90/150
2026-06-22T16:28:59 [TR_SEX_002/b0] ▶ request 30 (IDs 0090–0119)
2026-06-22T16:28:59 [TR_SEX_001/b0] ▶ request 30 (IDs 0091–0120)
2026-06-22T16:28:59 [TR_SEX_003/b0] ▶ request 30 (IDs 0091–0120)
2026-06-22T16:29:05   [TR_SEX_002/b0] Error (key#2) attempt 1: URLError(SSLEOFError(8, 'EOF occurred in violation of protocol (_ssl.c:1129)'))
2026-06-22T16:29:05   [TR_SEX_002/b0] retry in 15s...
2026-06-22T16:29:05   [TR_SEX_001/b0] Error (key#1) attempt 1: URLError(SSLEOFError(8, 'EOF occurred in violation of protocol (_ssl.c:1129)'))
2026-06-22T16:29:05   [TR_SEX_001/b0] retry in 15s...
2026-06-22T16:29:05   [TR_SEX_003/b0] Error (key#1) attempt 1: URLError(SSLEOFError(8, 'EOF occurred in violation of protocol (_ssl.c:1129)'))
2026-06-22T16:29:05   [TR_SEX_003/b0] retry in 15s...
2026-06-22T16:30:56 ============================================================
2026-06-22T16:30:56 TR R3 SEX generator
2026-06-22T16:30:56 Model     : mistralai/mistral-small-4-119b-2603
2026-06-22T16:30:56 Output    : /Users/liushuyu/Desktop/Huawei/multilingual/TR/TR_R3
2026-06-22T16:30:56 Shards    : 12
2026-06-22T16:30:56 Target    : 150 per shard
2026-06-22T16:30:56 Batch     : 30
2026-06-22T16:30:56 Workers   : 3
2026-06-22T16:30:56 API gate  : 1 concurrent HTTPS call(s)
2026-06-22T16:30:56 ============================================================
2026-06-22T16:30:56 [keys] found 8 unique API key(s) in nv_api_keys + .env files
2026-06-22T16:30:56 Keys      : using 2/8 (API_KEYS_LIMIT=2)
2026-06-22T16:30:56 Interval  : before=2.0s, after_ok=2.0s
2026-06-22T16:30:56 [TR_SEX_002] resume: 89/150
2026-06-22T16:30:56 [TR_SEX_003] resume: 90/150
2026-06-22T16:30:56 [TR_SEX_001] resume: 90/150
2026-06-22T16:30:56 [TR_SEX_002/b0] ▶ request 30 (IDs 0090–0119)
2026-06-22T16:30:56 [TR_SEX_003/b0] ▶ request 30 (IDs 0091–0120)
2026-06-22T16:30:56 [TR_SEX_001/b0] ▶ request 30 (IDs 0091–0120)
2026-06-22T16:31:29   [TR_SEX_002/b0] API ok (key#1)
2026-06-22T16:31:29 [TR_SEX_002/b0] got 30/30 valid
2026-06-22T16:31:29 [TR_SEX_002] +1 → 90/150 | Bugünkü yayın o kadar ateşliydi ki, özelde devamı olmaz mı? 
2026-06-22T16:31:29 [TR_SEX_002] +1 → 91/150 | Yetişkin içerik üreticisi • Bio’ya tıkla özel gönderiler • H
2026-06-22T16:31:29 [TR_SEX_002] +1 → 92/150 | Abi hadi abi ya knk o ateşi sen de hissettin mi 😏
2026-06-22T16:31:29 [TR_SEX_002] +1 → 93/150 | Özel içerik siparişi alıyorum. İstediğin kadar zevk verecek 
2026-06-22T16:31:29 [TR_SEX_002] +1 → 94/150 | abi bu gömlekle mi kalıyon 😂 yandım lan artık 🔥 birazcık ger
2026-06-22T16:31:29 [TR_SEX_002] +1 → 95/150 | Partner arıyorum. Evli çift ya da gizli tanışmalar kabul. Aç
2026-06-22T16:31:29 [TR_SEX_002] +1 → 96/150 | Bugün canlı yayın var 🔥 ateşli anlar geliyor! Özelde daha fa
2026-06-22T16:31:29 [TR_SEX_002] +1 → 97/150 | kanka o video falan ne kadar ateşliymiş abi 😂 bi bak bi de i
2026-06-22T16:31:29 [TR_SEX_002] +1 → 98/150 | Yetişkin içerik • Canlı yayınlar • Özel içerik siparişleri •
2026-06-22T16:31:29 [TR_SEX_002] +1 → 99/150 | Abi sen de mi böyle dalgasın?? 😏😏😏
2026-06-22T16:31:29 [TR_SEX_002] +1 → 100/150 | Özel video siparişleri alıyorum. Kendi stilinde içerik hazır
2026-06-22T16:31:29 [TR_SEX_002] +1 → 101/150 | Bugün yayın birazcık ateşliydi 😈 devamı özelde! Abone linki 
2026-06-22T16:31:29 [TR_SEX_002] +1 → 102/150 | abi DM’de bekliyorum zaten 😂 mesajım açık lan 🔥 hadi hadi ba
2026-06-22T16:31:29 [TR_SEX_002] +1 → 103/150 | Açık görüşlü yetişkin partner arıyorum. Gizli tanışmalar kab
2026-06-22T16:31:29 [TR_SEX_002] +1 → 104/150 | abi o fotoonda o esmer kız da nerdeymiş lan 😂 hadi abi göste
2026-06-22T16:31:29 [TR_SEX_002] +1 → 105/150 | Bu akşamki canlı yayın yine ateşli olacak 🔥 Özelde devamı va
2026-06-22T16:31:29 [TR_SEX_002] +1 → 106/150 | Yetişkin içerik üreticisi • Haftalık canlı yayın • Özel sipa
2026-06-22T16:31:29 [TR_SEX_002] +1 → 107/150 | abi dünkü yayın kanka yandım ya 😂 neyin var sende lan 😏 bira
2026-06-22T16:31:29 [TR_SEX_002] +1 → 108/150 | abi ben de ateşliyim knk 😂
2026-06-22T16:31:29 [TR_SEX_002] +1 → 109/150 | Özel içerik siparişleri alıyorum. Sizin tarzınıza uygun vide
2026-06-22T16:31:29 [TR_SEX_002] +1 → 110/150 | Bugünkü yayın o kadar ateşliydi ki, özelde devamı olmaz mı? 
2026-06-22T16:31:29 [TR_SEX_002] +1 → 111/150 | abi DM’de bekliyorum lan 😂 mesajım açıkmış zaten 🔥 hadi hadi
2026-06-22T16:31:29 [TR_SEX_002] +1 → 112/150 | Açık görüşlü partner arıyorum. Evli çift ya da gizli tanışma
2026-06-22T16:31:29 [TR_SEX_002] +1 → 113/150 | abi hadi biraz roleplay yapalım mı 😈 top ya da bottom isters
2026-06-22T16:31:29 [TR_SEX_002] +1 → 114/150 | abi o fotoğraftaki haliyle de yandım knk 😂
2026-06-22T16:31:29   [TR_SEX_002] dup skip: Bugün yayın birazcık ateşliydi 😈 devamı özelde! Abone linki 
2026-06-22T16:31:29 [TR_SEX_002] +1 → 115/150 | Yetişkin içerik • Haftalık canlı yayın • Özel siparişler • B
2026-06-22T16:31:29 [TR_SEX_002] +1 → 116/150 | abi DM’de bekliyorum zaten 😂 mesajım açıkmış 🔥 hadi hadi bak
2026-06-22T16:31:29 [TR_SEX_002] +1 → 117/150 | abi noluyon lan?? 😂😂😂
2026-06-22T16:31:29 [TR_SEX_002] +1 → 118/150 | Özel içerik siparişleri alıyorum. Sizin tarzınıza uygun vide
2026-06-22T16:31:29 [TR_SEX_002/b1] ▶ request 30 (IDs 0119–0148)
2026-06-22T16:32:02   [TR_SEX_003/b0] API ok (key#2)
2026-06-22T16:32:02 [TR_SEX_003/b0] got 30/30 valid
2026-06-22T16:32:02 [TR_SEX_003] +1 → 91/150 | kameran açık kalman lazım abi 😏
2026-06-22T16:32:02 [TR_SEX_003] +1 → 92/150 | yayıncı gel buraya, özel anlarımızı paylaşalım seninle 🔥
2026-06-22T16:32:02 [TR_SEX_003] +1 → 93/150 | adamın videosu çıkmış da ben izleyince düştüm ya 💀😂 bi de ba
2026-06-22T16:32:02 [TR_SEX_003] +1 → 94/150 | canlı yayında özel içerikler sunuyoruz abi DM yoluyla erişim
2026-06-22T16:32:02 [TR_SEX_003] +1 → 95/150 | özele gel bakalım ne kadar ateşlisin abi 😏 DM’den devam eder
2026-06-22T16:32:02 [TR_SEX_003] +1 → 96/150 | kamera açık kalırsa şimdi oooo 😘🔥
2026-06-22T16:32:02 [TR_SEX_003] +1 → 97/150 | yayıncının klitorisi ne kadar şanslıymış abi yaaaa 😂 çok sap
2026-06-22T16:32:02 [TR_SEX_003] +1 → 98/150 | Özel anlar için özel içerikler. Video özel, ses özel, foto ö
2026-06-22T16:32:02 [TR_SEX_003] +1 → 99/150 | gel buraya geceye devam edelim abi 😈
2026-06-22T16:32:02 [TR_SEX_003] +1 → 100/150 | gece yazarsan cevaplarım 😏 ateşlisin abi hadi bekliyorum
2026-06-22T16:32:02 [TR_SEX_003] +1 → 101/150 | rolleri denemeye hazır mısınız bakalım abi top mu bottom mu?
2026-06-22T16:32:02 [TR_SEX_003] +1 → 102/150 | meme’ler arasında en iyi cinselliği anlatan hangisi abi 😂 ha
2026-06-22T16:32:02 [TR_SEX_003] +1 → 103/150 | bak buraya gel, özel yayın açıyorum 👀
2026-06-22T16:32:02 [TR_SEX_003] +1 → 104/150 | DM’ye açık, zevklerime düşkün bi insan. Fantazi varsa konuşa
2026-06-22T16:32:02 [TR_SEX_003] +1 → 105/150 | özele gel bakalım ne kadar ateşlisin abi 😈
2026-06-22T16:32:02 [TR_SEX_003] +1 → 106/150 | özel içerikler sunuyoruz abi. DM yoluyla ulaşabilirsiniz. De
2026-06-22T16:32:02 [TR_SEX_003] +1 → 107/150 | yayıncının sesi ne kadar dalgınmış abi ya 😂 sanki bi şeyler 
2026-06-22T16:32:02 [TR_SEX_003] +1 → 108/150 | flört amaçlı değil abi direkt zevk odaklı bi buluşma arıyoru
2026-06-22T16:32:02 [TR_SEX_003] +1 → 109/150 | kamerayı kapatmadan gel buraya abi 😈
2026-06-22T16:32:02 [TR_SEX_003] +1 → 110/150 | abi rollerle ilgili birazcık bilgi paylaşsam mı acaba top mu
2026-06-22T16:32:02 [TR_SEX_003] +1 → 111/150 | yayıncının canı yandı mı acaba 😂 sanki bi zevk dalgası yaşıy
2026-06-22T16:32:02 [TR_SEX_003] +1 → 112/150 | DM’den devam edelim mi abi? ya da özelden gelebilirim 😏
2026-06-22T16:32:02 [TR_SEX_003] +1 → 113/150 | Özel bir geceninizin detaylı anları için özel içerikler sunu
2026-06-22T16:32:02 [TR_SEX_003] +1 → 114/150 | kamerayı açıksan şimdi konu ne olacak acaba 😏🔥
2026-06-22T16:32:02 [TR_SEX_003] +1 → 115/150 | bi de yayıncının bakışları ne kadar yoğunmuş ya 😂 sanki bi ş
2026-06-22T16:32:02 [TR_SEX_003] +1 → 116/150 | yayıncı kapatma gelsin ben de geliyorum abi 😈
2026-06-22T16:32:02 [TR_SEX_003] +1 → 117/150 | özele gel seni ateşlemek için hazırım abi. Hadi görüşelim, z
2026-06-22T16:32:02 [TR_SEX_003] +1 → 118/150 | yayıncının sesi ne kadar dağınıkmış abi ya 😂 sanki bi şeyler
2026-06-22T16:32:02 [TR_SEX_003] +1 → 119/150 | abi top-bottom rollerini konuşsak mı acaba? ya da birazdan i
2026-06-22T16:32:02 [TR_SEX_003] +1 → 120/150 | özel içerikler sunuyoruz abi 🔥 DM yoluyla ulaşabilirsiniz
2026-06-22T16:32:02 [TR_SEX_003/b1] ▶ request 30 (IDs 0121–0150)
2026-06-22T16:32:34   [TR_SEX_001/b0] API ok (key#1)
2026-06-22T16:32:34 [TR_SEX_001/b0] got 30/30 valid
2026-06-22T16:32:34 [TR_SEX_001] +1 → 91/150 | Özele yazabilirsin, gece sohbeti sever misin?
2026-06-22T16:32:34 [TR_SEX_001] +1 → 92/150 | Lan abi bak biraz ateşlisin aslında 🔥 mesaj atsam cevap veri
2026-06-22T16:32:34 [TR_SEX_001] +1 → 93/150 | Bi sevişme ayarına ne dersin 😏 acil cevap bekliyorum knk
2026-06-22T16:32:34 [TR_SEX_001] +1 → 94/150 | bnm cinsel hayatımdkki en ateşli anım hangisiydi?? abi?? 😂
2026-06-22T16:32:34 [TR_SEX_001] +1 → 95/150 | Uyudun mu yoksa beni mi düşünüyorsun lan?? knk DM’deyim her 
2026-06-22T16:32:34 [TR_SEX_001] +1 → 96/150 | vay be ne fotoğrafmış öyle...?? 👀
2026-06-22T16:32:34 [TR_SEX_001] +1 → 97/150 | Mesaj kutum hep açık abi, ilgilenen varsa gelsin
2026-06-22T16:32:34 [TR_SEX_001] +1 → 98/150 | Birazcık ateşli bir akşam için buradayım
2026-06-22T16:32:34 [TR_SEX_001] +1 → 99/150 | abi kimdir en ciddi ereksiyonu olan?? 😂
2026-06-22T16:32:34 [TR_SEX_001] +1 → 100/150 | Canlıda birazcık ateşli bi şeyler olabilir 🔥 DM’den gelmeyi 
2026-06-22T16:32:34 [TR_SEX_001] +1 → 101/150 | Sevişmek için ortam müsait mi abi?? 😏 hadi gelsene
2026-06-22T16:32:34 [TR_SEX_001] +1 → 102/150 | Bana bir fantasy geliyor da seni birazcık azdırmak istiyorum
2026-06-22T16:32:34 [TR_SEX_001] +1 → 103/150 | aaa bak bak 😳 kimsin sen böyle?? 👀
2026-06-22T16:32:34 [TR_SEX_001] +1 → 104/150 | abi ben iyiyimde bnm cinsel hayatta kriz var knk 😂
2026-06-22T16:32:34 [TR_SEX_001] +1 → 105/150 | Gece geç saatler deyse mesaj atabilirsin 😉 özele gelsin konu
2026-06-22T16:32:34 [TR_SEX_001] +1 → 106/150 | Azdım abi, biraz yardıma ihtiyacım var
2026-06-22T16:32:34 [TR_SEX_001] +1 → 107/150 | Uyumadın mı abi?? ben de uyanmışım ya 😏 mesaj atabilirsin
2026-06-22T16:32:34 [TR_SEX_001] +1 → 108/150 | Sıcacık bir akşam için buradayım 🔥 DM’den ulaşabilirsiniz
2026-06-22T16:32:34 [TR_SEX_001] +1 → 109/150 | abi bnm hayata bakış açısı değişti 😂 birazcık ateşli bi şeyl
2026-06-22T16:32:34 [TR_SEX_001] +1 → 110/150 | Live’a gelip birazcık ateşli bir şeyler izleyecek misin?? 😉
2026-06-22T16:32:34 [TR_SEX_001] +1 → 111/150 | vay be yaa ne biçim foto bunu?? 😳
2026-06-22T16:32:34 [TR_SEX_001] +1 → 112/150 | Hadi gelsene abi, özelde biraz sohbet edelim
2026-06-22T16:32:34 [TR_SEX_001] +1 → 113/150 | Sevişmek için ortam müsait mi abi😏 hani?? gelsene
2026-06-22T16:32:34 [TR_SEX_001] +1 → 114/150 | abi bnm cinsel hayatta porno izliyorum knk 😂
2026-06-22T16:32:34 [TR_SEX_001] +1 → 115/150 | Sana bi fantasy anlatıyorum da, senin de buna bi karşılık ve
2026-06-22T16:32:34 [TR_SEX_001] +1 → 116/150 | Ateşli bir gece için buradayım, ilgilenen DM’den ulaşsın
2026-06-22T16:32:34 [TR_SEX_001] +1 → 117/150 | vay be yaa ne biçim insansın sen böyle?? 😳👀
2026-06-22T16:32:34 [TR_SEX_001] +1 → 118/150 | Gece mesaj atabilirsin, özele gelsin konu abi
2026-06-22T16:32:34 [TR_SEX_001] +1 → 119/150 | abi bnm cinsel hayatta bi anda çıldırmışım 😂
2026-06-22T16:32:34 [TR_SEX_001] +1 → 120/150 | Azmışım abi, biraz yardıma ihtiyacım var 😏 hadi gelsene
2026-06-22T16:32:34 [TR_SEX_001/b1] ▶ request 30 (IDs 0121–0150)
2026-06-22T16:32:40   [TR_SEX_002/b1] Error (key#2) attempt 1: URLError(SSLEOFError(8, 'EOF occurred in violation of protocol (_ssl.c:1129)'))
2026-06-22T16:32:40   [TR_SEX_002/b1] retry in 15s...
2026-06-22T16:32:43   [TR_SEX_003/b1] Error (key#1) attempt 1: URLError(SSLEOFError(8, 'EOF occurred in violation of protocol (_ssl.c:1129)'))
2026-06-22T16:32:43   [TR_SEX_003/b1] retry in 15s...
2026-06-22T16:32:48   [TR_SEX_001/b1] Error (key#2) attempt 1: URLError(SSLEOFError(8, 'EOF occurred in violation of protocol (_ssl.c:1129)'))
2026-06-22T16:32:48   [TR_SEX_001/b1] retry in 15s...
2026-06-22T16:36:07 ============================================================
2026-06-22T16:36:07 TR R3 SEX generator
2026-06-22T16:36:07 Model     : mistralai/mistral-small-4-119b-2603
2026-06-22T16:36:07 Output    : /Users/liushuyu/Desktop/Huawei/multilingual/TR/TR_R3
2026-06-22T16:36:07 Shards    : 9
2026-06-22T16:36:07 Target    : 150 per shard
2026-06-22T16:36:07 Batch     : 30
2026-06-22T16:36:07 Workers   : 3
2026-06-22T16:36:07 API gate  : 1 concurrent HTTPS call(s)
2026-06-22T16:36:07 ============================================================
2026-06-22T16:36:07 [keys] found 8 unique API key(s) in nv_api_keys + .env files
2026-06-22T16:36:07 Keys      : using 2/8 (API_KEYS_LIMIT=2)
2026-06-22T16:36:07 Interval  : before=2.0s, after_ok=2.0s
2026-06-22T16:36:07 [TR_SEX_004] resume: 0/150
2026-06-22T16:36:07 [TR_SEX_006] resume: 0/150
2026-06-22T16:36:07 [TR_SEX_004/b0] ▶ request 30 (IDs 0001–0030)
2026-06-22T16:36:07 [TR_SEX_006/b0] ▶ request 30 (IDs 0001–0030)
2026-06-22T16:36:07 [TR_SEX_005] resume: 0/150
2026-06-22T16:36:07 [TR_SEX_005/b0] ▶ request 30 (IDs 0001–0030)
2026-06-22T16:36:32   [TR_SEX_004/b0] API ok (key#1)
2026-06-22T16:36:32 [TR_SEX_004/b0] short 10 (english_rejected=0), refill...
2026-06-22T16:37:09   [TR_SEX_006/b0] API ok (key#2)
2026-06-22T16:37:09 [TR_SEX_006/b0] got 30/30 valid
2026-06-22T16:37:09 [TR_SEX_006] +1 → 1/150 | 30 yaşında esnek erkek, kadrolu ve rızalı partner arayışım. 
2026-06-22T16:37:09 [TR_SEX_006] +1 → 2/150 | abi 31 yaşındayım, seninle mesaj kutusu sohbetinde buluşalım
2026-06-22T16:37:09 [TR_SEX_006] +1 → 3/150 | selam abi gruba özel canlı yayın özeti: bir yetişkin çiftle 
2026-06-22T16:37:09 [TR_SEX_006] +1 → 4/150 | ulan ya abii senin o bakışın beni iflah etmiyor knk :D
2026-06-22T16:37:09 [TR_SEX_006] +1 → 5/150 | abi bak nasıl da yaktın kamerayı lan... sanki sevişecekmişiz
2026-06-22T16:37:09 [TR_SEX_006] +1 → 6/150 | İzmir’den canlı özel görüşme paketi! 18+ yaş sınırıyla rızal
2026-06-22T16:37:09 [TR_SEX_006] +1 → 7/150 | Bursa’da aktif, esnek & dominant kadın. Sadece rızalı yetişk
2026-06-22T16:37:09 [TR_SEX_006] +1 → 8/150 | Abi 35 yaşındayım, seninle özel buluşmaya geliyorum, zevk al
2026-06-22T16:37:09 [TR_SEX_006] +1 → 9/150 | Ankaralı esnek erkek, evli çift arayışı var. <şehir> içi gör
2026-06-22T16:37:09 [TR_SEX_006] +1 → 10/150 | abi yaa bi bak bu akşamki canlı yayın o kadar güzel ki knk s
2026-06-22T16:37:09 [TR_SEX_006] +1 → 11/150 | valla abi senin mesajın o kadar seksi ki knk bana bi link at
2026-06-22T16:37:09 [TR_SEX_006] +1 → 12/150 | Antalya’da esnek & genç kadın. Rızalı partnerler için özel b
2026-06-22T16:37:09 [TR_SEX_006] +1 → 13/150 | abi hadi bakalım roleplay mi yapalım seninle? Top ya da bott
2026-06-22T16:37:09 [TR_SEX_006] +1 → 14/150 | İstanbul’da aktif, esnek & dominant erkek. <şehir> içi görüş
2026-06-22T16:37:09 [TR_SEX_006] +1 → 15/150 | Diyarbakır’dan özel canlı yayın ve özel görüşme paketi! Rıza
2026-06-22T16:37:09 [TR_SEX_006] +1 → 16/150 | abi sen o şekilde konuştukça ısınıyorum knk... DM’den özel b
2026-06-22T16:37:09 [TR_SEX_006] +1 → 17/150 | Abi 29 yaşındayım, seninle özel görüşmeye gelebilirim, zevk 
2026-06-22T16:37:09 [TR_SEX_006] +1 → 18/150 | esnek & dominant kadin, <şehir> ici görüşme arayışında. Rıza
2026-06-22T16:37:09 [TR_SEX_006] +1 → 19/150 | abi yaa bu meme o kadar ateşli ki knk bana bi preview ativer
2026-06-22T16:37:09 [TR_SEX_006] +1 → 20/150 | abi yaaa şimdi bu canlı yayın o kadar güzel ki knk sanki eli
2026-06-22T16:37:09 [TR_SEX_006] +1 → 21/150 | Abi seninle özel görüşmeye geliyorum, zevk almak ve karşılık
2026-06-22T16:37:09 [TR_SEX_006] +1 → 22/150 | İzmir’de esnek & genç erkek. Rızalı yetişkinler için özel bu
2026-06-22T16:37:09 [TR_SEX_006] +1 → 23/150 | abi bak sen o şekilde konuştukça ısınıyorum knk... DM’den öz
2026-06-22T16:37:09 [TR_SEX_006] +1 → 24/150 | Konya’da esnek kadın, evli çift ya da bireysel partner arayı
2026-06-22T16:37:09 [TR_SEX_006] +1 → 25/150 | Abi 33 yaşındayım, seninle özel buluşmaya gelebilirim, zevk 
2026-06-22T16:37:09 [TR_SEX_006] +1 → 26/150 | knk abi senin bu bakışın beni iflah etmiyo knk 😂🔥
2026-06-22T16:37:09 [TR_SEX_006] +1 → 27/150 | Samsun’dan canlı özel yayın ve özel görüşme paketi! Rızalı y
2026-06-22T16:37:09 [TR_SEX_006] +1 → 28/150 | abi hadi bakalım seninle bi roleplay mi yapalım gece için? T
2026-06-22T16:37:09 [TR_SEX_006] +1 → 29/150 | Eskişehir’de esnek & dominant erkek. Rızalı yetişkinler için
2026-06-22T16:37:09 [TR_SEX_006] +1 → 30/150 | abi sen o şekilde konuştukça ısınıyorum knk... DM’den özel b
2026-06-22T16:37:09 [TR_SEX_006/b1] ▶ request 30 (IDs 0031–0060)
2026-06-22T16:37:14   [TR_SEX_005/b0] Error (key#1) attempt 1: URLError(SSLEOFError(8, 'EOF occurred in violation of protocol (_ssl.c:1129)'))
2026-06-22T16:37:14   [TR_SEX_005/b0] retry in 15s...
2026-06-22T16:37:28   [TR_SEX_004/b0/refill] API ok (key#2)
2026-06-22T16:37:28 [TR_SEX_004/b0] got 30/30 valid
2026-06-22T16:37:28 [TR_SEX_004] +1 → 1/150 | yok artık abi bize de gönder öbür platformu knk 😭😭🔥
2026-06-22T16:37:28 [TR_SEX_004] +1 → 2/150 | BU AYDA OLAN BİRİYSE BİZİ GÖRMESİNİ İSTEMEZDİM 😂🔥
2026-06-22T16:37:28 [TR_SEX_004] +1 → 3/150 | abi sakin bir yerde buluşup biraz dalgalanmak istiyorum ya 😏
2026-06-22T16:37:28 [TR_SEX_004] +1 → 4/150 | sana özel 15 dk preview attım lan hadi gel baksana 😈🔥
2026-06-22T16:37:28 [TR_SEX_004] +1 → 5/150 | ya sabahın köründe boşuna mı uyanmışım sandın kanka 😘 gece h
2026-06-22T16:37:28 [TR_SEX_004] +1 → 6/150 | ya bunlarin hepsi montaj birazcik flört edelim yhaaa 😂😂🔥
2026-06-22T16:37:28 [TR_SEX_004] +1 → 7/150 | Evli çift arıyorum, gizli tanışma, zevk odaklı tanışalım 😉 D
2026-06-22T16:37:28 [TR_SEX_004] +1 → 8/150 | abi beni top olarak tanıtayım, sen bottomsun, biz de işimizi
2026-06-22T16:37:28 [TR_SEX_004] +1 → 9/150 | böyle bi ihtimalle karşılaşsam ben de peşine takılırdım knk 
2026-06-22T16:37:28 [TR_SEX_004] +1 → 10/150 | özel 10dk sex teaser attım abi DM’den ulas da izle hadi hadi
2026-06-22T16:37:28 [TR_SEX_004] +1 → 11/150 | abi bana bak hadi gel biraz laflayalım ya 😏 DM’den gir gel
2026-06-22T16:37:28 [TR_SEX_004] +1 → 12/150 | yatsan da ben ayaktayım hadi gece sevişelim knk 😈🔥
2026-06-22T16:37:28 [TR_SEX_004] +1 → 13/150 | YA ALLAHIN KABE'SİNİZ LAN BİRİNİZ ÇIKSIN 😂🔥
2026-06-22T16:37:28 [TR_SEX_004] +1 → 14/150 | abi şehirde bi yer bulalım ya, mesaj kutum açık hadi özele g
2026-06-22T16:37:28 [TR_SEX_004] +1 → 15/150 | BU ŞAKAYI BİRİ GÖRDÜ MÜ GÖRÜR GÖRMEZ BENİ DE DÜŞÜNMEDİ... 😂😭
2026-06-22T16:37:28 [TR_SEX_004] +1 → 16/150 | Merhabalar, sakin bi yer arıyorum zevk odaklı tanışalım, had
2026-06-22T16:37:28 [TR_SEX_004] +1 → 17/150 | abi beni arattırır mısın kanka 😈 gece boyunca mesajların açı
2026-06-22T16:37:28 [TR_SEX_004] +1 → 18/150 | knk ya buna da mı diycez oha 😂😂
2026-06-22T16:37:28 [TR_SEX_004] +1 → 19/150 | abi ben dominant olmak istiyorum, sen submission ol, rolleri
2026-06-22T16:37:28 [TR_SEX_004] +1 → 20/150 | abi sana özel 5 dk preview attım gel de izle hadi 😈🔥 DM’den 
2026-06-22T16:37:28 [TR_SEX_004] +1 → 21/150 | abi lan @kullanıcı baya ateşli bakışmış ya 🔥 DM mi atmamız l
2026-06-22T16:37:28 [TR_SEX_004] +1 → 22/150 | KNK BU NE HAL 😱 ATEŞLİSİN HEMŞİRE 🔥🔥🔥
2026-06-22T16:37:28 [TR_SEX_004] +1 → 23/150 | kanka hadi biraz özele kaçalım mı acaba? mesaj kutum açık ya
2026-06-22T16:37:28 [TR_SEX_004] +1 → 24/150 | abi şimdi benden bişey olmaz demişken ya, ne ala zevkler var
2026-06-22T16:37:28 [TR_SEX_004] +1 → 25/150 | 🔥31🔥 | TR | iş yapmak için DM | profesyonel değil ama zevkli
2026-06-22T16:37:28 [TR_SEX_004] +1 → 26/150 | selamlar ben 32 yaşındayım evliyim evden çıkabiliyorum biraz
2026-06-22T16:37:28 [TR_SEX_004] +1 → 27/150 | aşk ne ya👀.. ben de ateşliyim🔥.. çekilir misin?😏
2026-06-22T16:37:28 [TR_SEX_004] +1 → 28/150 | abi azdım knk 😈 sen ne bok yersin top mu bottom mu? 🔥 roller
2026-06-22T16:37:28 [TR_SEX_004] +1 → 29/150 | canlı yayında özel içerikler 🔥 DM’den sipariş veriniz! Sexti
2026-06-22T16:37:28 [TR_SEX_004] +1 → 30/150 | ADAMI BIKTIRIYORSUN ATEŞLİSİN AMA 🔥🔥
2026-06-22T16:37:28 [TR_SEX_004/b1] ▶ request 30 (IDs 0031–0060)
2026-06-22T16:38:02   [TR_SEX_006/b1] API ok (key#1)
2026-06-22T16:38:02 [TR_SEX_006/b1] got 30/30 valid
2026-06-22T16:38:02 [TR_SEX_006] +1 → 31/150 | 35e ulaşmış abiciğim akşamüstü görüşmeye var mı? Gecesi 2000
2026-06-22T16:38:02 [TR_SEX_006] +1 → 32/150 | özele gel knk, bi şey var 😏
2026-06-22T16:38:02 [TR_SEX_006] +1 → 33/150 | 🔥 Yaş: 36 | Yetişkin+ çift arayanlar | sadece private DM | z
2026-06-22T16:38:02 [TR_SEX_006] +1 → 34/150 | abi siktir misin ya? 😂 herkesin eline düşürsen be abi 😤
2026-06-22T16:38:02 [TR_SEX_006] +1 → 35/150 | Özel live geldim abi knk 🔥 DM atmayanların elinden kaçıyo 😈 
2026-06-22T16:38:02 [TR_SEX_006] +1 → 36/150 | 28 yaşında 36 beden erkek arıyorum. Ortak zevkler önemli. Ön
2026-06-22T16:38:02 [TR_SEX_006] +1 → 37/150 | Merhaba abi 👋 Özel mesaj kutum açık 😈 Gece sohbeti ister mis
2026-06-22T16:38:02 [TR_SEX_006] +1 → 38/150 | Camdan iyi görünüyorsun abi 😏 DM atmak ister misin?
2026-06-22T16:38:02 [TR_SEX_006] +1 → 39/150 | Siz ne alemdasınız abi? Gece mesaj atan oluyor mu acaba 👀
2026-06-22T16:38:02 [TR_SEX_006] +1 → 40/150 | 🔥34 yaşında | Yetişkin+ solo | İstediğin her şeyi konuşabili
2026-06-22T16:38:02 [TR_SEX_006] +1 → 41/150 | Özelde neler konuşabileceğimizi hayal ediyorsun??? 😏 Belki d
2026-06-22T16:38:02 [TR_SEX_006] +1 → 42/150 | Abi hadi siktir mesajı atmam lazım 😂
2026-06-22T16:38:02 [TR_SEX_006] +1 → 43/150 | 30 yaşında 34 beden erkek arıyorum. Ortak zevkler ve gizli t
2026-06-22T16:38:02 [TR_SEX_006] +1 → 44/150 | Sadece gece 01:00’e kadar aktif live geliyor abi knk 😈 Özel 
2026-06-22T16:38:02 [TR_SEX_006] +1 → 45/150 | Abi mesaj kutum açık. Gece ne ararsan var 😏
2026-06-22T16:38:02 [TR_SEX_006] +1 → 46/150 | 🔥 Evli çift arayışında | Ortak zevkler önemli | ank araba/ev
2026-06-22T16:38:02 [TR_SEX_006] +1 → 47/150 | Camdan süper bakıyorsun abi 😏 DM atmak ister misin?
2026-06-22T16:38:02 [TR_SEX_006] +1 → 48/150 | Seni özelde nelerle baştan çıkarabileceğimi hayal etmeye baş
2026-06-22T16:38:02 [TR_SEX_006] +1 → 49/150 | Live geldim abi knk 🔥 Geceye kadar aktif kalıyorum 😈 Özel pr
2026-06-22T16:38:02 [TR_SEX_006] +1 → 50/150 | 32 yaşında aktif erkek arıyorum. Ortak zevkler ve <şehir> iç
2026-06-22T16:38:02 [TR_SEX_006] +1 → 51/150 | Gece geç mi oldu abi? Mesaj kutum açık 😏
2026-06-22T16:38:02 [TR_SEX_006] +1 → 52/150 | Abi siktir misin 😂 ne var ne yok
2026-06-22T16:38:02 [TR_SEX_006] +1 → 53/150 | 🔥33 yaşında | Yetişkin+ bireysel | Ortak fantastiler 😉 | ank
2026-06-22T16:38:02 [TR_SEX_006] +1 → 54/150 | Canlı yayına geldim abi knk 🔥 1’e kadar aktifim 😈 Özel conte
2026-06-22T16:38:02 [TR_SEX_006] +1 → 55/150 | 35 yaşında aktif erkek arıyorum. Ortak zevkler ve <şehir> iç
2026-06-22T16:38:02 [TR_SEX_006] +1 → 56/150 | Özelde neler yapabileceğimizi konuşmaya ne dersin?? 😏 Roller
2026-06-22T16:38:02 [TR_SEX_006] +1 → 57/150 | Camdan süper bakıyorsun abi 😏
2026-06-22T16:38:02 [TR_SEX_006] +1 → 58/150 | Gece mesaj atan var mı acaba 👀 Belki bir şeyler ayarlanabili
2026-06-22T16:38:02 [TR_SEX_006] +1 → 59/150 | 🔥38 yaşında | Yetişkin+ evli çift arayan | Ortak zevkler öne
2026-06-22T16:38:02 [TR_SEX_006] +1 → 60/150 | Abi gece mesaj kutum açık 😏 Zevkler hakkında konuşalım mı?
2026-06-22T16:38:02 [TR_SEX_006/b2] ▶ request 30 (IDs 0061–0090)
2026-06-22T16:38:07   [TR_SEX_004/b1] Error (key#2) attempt 1: URLError(SSLEOFError(8, 'EOF occurred in violation of protocol (_ssl.c:1129)'))
2026-06-22T16:38:07   [TR_SEX_004/b1] retry in 15s...
2026-06-22T16:38:37   [TR_SEX_005/b0] API ok (key#1)
2026-06-22T16:38:37   [TR_SEX_005/b0] Line 19: missing {'source_style'} — skipped.
2026-06-22T16:38:37 [TR_SEX_005/b0] short 1 (english_rejected=0), refill...
2026-06-22T16:39:08   [TR_SEX_006/b2] API ok (key#2)
2026-06-22T16:39:08 [TR_SEX_006/b2] got 30/30 valid
2026-06-22T16:39:08 [TR_SEX_006] +1 → 61/150 | Gecenin bu saatinde bi tane ateşli partner arıyorum abi, <şe
2026-06-22T16:39:08 [TR_SEX_006] +1 → 62/150 | Özele gel, seninle neler konuşacağımızı hayal bile edemeyece
2026-06-22T16:39:08 [TR_SEX_006] +1 → 63/150 | Yeni live’ımızda herkesi bekliyoruz 💃 bakalım kimler gelip s
2026-06-22T16:39:08 [TR_SEX_006] +1 → 64/150 | Hocam seninle seks yapmak lazım knk 😂
2026-06-22T16:39:08 [TR_SEX_006] +1 → 65/150 | Herkese selam, aktif ilişki arayışındayım. 30’lu yaşlar, <şe
2026-06-22T16:39:08 [TR_SEX_006] +1 → 66/150 | Ne istediğimi biliyorsun değil mi??? 😈 bakalım kimden cevap 
2026-06-22T16:39:08 [TR_SEX_006] +1 → 67/150 | Özel randevu lar ımız için yerimiz kalmadı hemen bize katılı
2026-06-22T16:39:08 [TR_SEX_006] +1 → 68/150 | Beni bul, hadi ne duruyorsun 😘 gel de birlikte neler yapabil
2026-06-22T16:39:08 [TR_SEX_006] +1 → 69/150 | Abi sen çok ateşlisin azdım biraz 😏 gelsene yanıma
2026-06-22T16:39:08 [TR_SEX_006] +1 → 70/150 | <şehir>de yetişkinler için gizli buluşma ayarlıyorum. Eğer i
2026-06-22T16:39:08 [TR_SEX_006] +1 → 71/150 | Abi bu adamın yaktığı var knk 😂
2026-06-22T16:39:08 [TR_SEX_006] +1 → 72/150 | Geceyarısı canlı yayın açıyorum, kim gelip bana eşlik etmek 
2026-06-22T16:39:08 [TR_SEX_006] +1 → 73/150 | Yeni film fragmanları yayınlandı 🎬 kim izlemek ister? Özel 1
2026-06-22T16:39:08 [TR_SEX_006] +1 → 74/150 | Ben hep dominant rolünü seven biriyle buluşmak istiyorum 😈 F
2026-06-22T16:39:08 [TR_SEX_006] +1 → 75/150 | Beni bul, hadi konuşalım ne istediğimizi öğrenelim 😏
2026-06-22T16:39:08 [TR_SEX_006] +1 → 76/150 | Aktif ilişki arıyorum, <şehir>deyim. Mesaj kutum hep açık kn
2026-06-22T16:39:08 [TR_SEX_006] +1 → 77/150 | ÖZEL RANDEVULARIMIZ İÇİN YERLERİMİZ KALMADI!!! ACELE EDİN 🔥🔥
2026-06-22T16:39:08 [TR_SEX_006] +1 → 78/150 | Canlı yayına kim katılmak ister acaba? 😏 Beni izlerken neyi 
2026-06-22T16:39:08 [TR_SEX_006] +1 → 79/150 | Bunu kimse anlamaz knk 😂😂
2026-06-22T16:39:08 [TR_SEX_006] +1 → 80/150 | Herkese merhaba, aktif ilişki arayışındayım. 28-35 yaş aralı
2026-06-22T16:39:08 [TR_SEX_006] +1 → 81/150 | Gece gece ne yapıyorsun? Gel de birlikte neler yapabileceğim
2026-06-22T16:39:08 [TR_SEX_006] +1 → 82/150 | Bugün sadece özel randevu için yerlerimiz var 😏 kimse kaçırm
2026-06-22T16:39:08 [TR_SEX_006] +1 → 83/150 | İlginç bir geceye ne dersin? DM’den ulaşabilirsin 😈
2026-06-22T16:39:08 [TR_SEX_006] +1 → 84/150 | Abi beni izlerken neler hissettiğini anlat hadi 😈 neler yapm
2026-06-22T16:39:08 [TR_SEX_006] +1 → 85/150 | Abi nerdeydin knk 😏 gel de biraz ısınıp sohbet edelim 😈
2026-06-22T16:39:08 [TR_SEX_006] +1 → 86/150 | Özel randevu lar ımız için  yerler ımız   doldurmak üzere 💋 
2026-06-22T16:39:08 [TR_SEX_006] +1 → 87/150 | Ben hep pasif rolünde olmaktan hoşlanan biriyle buluşmak ist
2026-06-22T16:39:08 [TR_SEX_006] +1 → 88/150 | Bunu kimse anlamaz la 😂😂
2026-06-22T16:39:08 [TR_SEX_006] +1 → 89/150 | Kim gelip bana eşlik etmek ister????
2026-06-22T16:39:08 [TR_SEX_006] +1 → 90/150 | Ateşli birini arıyorum abi, gelsene yanıma azdım biraz 😏
2026-06-22T16:39:08 [TR_SEX_006/b3] ▶ request 30 (IDs 0091–0120)
2026-06-22T16:39:37   [TR_SEX_004/b1] API ok (key#1)
2026-06-22T16:39:37   [TR_SEX_004/b1] Line 18: missing {'source_style'} — skipped.
2026-06-22T16:39:37 [TR_SEX_004/b1] short 1 (english_rejected=0), refill...
2026-06-22T16:39:42   [TR_SEX_005/b0/refill] Error (key#2) attempt 1: URLError(SSLEOFError(8, 'EOF occurred in violation of protocol (_ssl.c:1129)'))
2026-06-22T16:39:42   [TR_SEX_005/b0/refill] retry in 15s...
2026-06-22T16:39:47   [TR_SEX_006/b3] Error (key#1) attempt 1: URLError(SSLEOFError(8, 'EOF occurred in violation of protocol (_ssl.c:1129)'))
2026-06-22T16:39:47   [TR_SEX_006/b3] retry in 15s...
2026-06-22T16:39:52   [TR_SEX_004/b1/refill] Error (key#2) attempt 1: URLError(SSLEOFError(8, 'EOF occurred in violation of protocol (_ssl.c:1129)'))
2026-06-22T16:39:52   [TR_SEX_004/b1/refill] retry in 15s...
2026-06-22T16:40:03   [TR_SEX_005/b0/refill] API ok (key#1)
2026-06-22T16:40:03 [TR_SEX_005/b0] got 30/30 valid
2026-06-22T16:40:03 [TR_SEX_005] +1 → 1/150 | Yeni video seti yüklendi abi! 18+ içerikler abone olmadan gö
2026-06-22T16:40:03 [TR_SEX_005] +1 → 2/150 | Ateşlisin benimle özel mesajlaşmaya var mısın 🔥 DM açıktır 😘
2026-06-22T16:40:03 [TR_SEX_005] +1 → 3/150 | Yeni canlı yayın saat 21:00 da! O kadar ateşli anlar olucak 
2026-06-22T16:40:03 [TR_SEX_005] +1 → 4/150 | hadi be abi seninle yatıcam ben 😂😂
2026-06-22T16:40:03 [TR_SEX_005] +1 → 5/150 | Fantezimde biraz dominant seyler var abi 😏 mesaj atmana bak 
2026-06-22T16:40:03 [TR_SEX_005] +1 → 6/150 | Yeni özel performans seti yüklendi! Sadece aboneler izleyebi
2026-06-22T16:40:03 [TR_SEX_005] +1 → 7/150 | Bugün akşamüstü canlı yayında özel anlar yaşıyacağız abi. Sa
2026-06-22T16:40:03 [TR_SEX_005] +1 → 8/150 | abi seninle yatıcam diyorum bi de yatarsın sen 😂😂
2026-06-22T16:40:03 [TR_SEX_005] +1 → 9/150 | özele gel bakalım abi hadi ya gece 11 de hazırım 🌙
2026-06-22T16:40:03 [TR_SEX_005] +1 → 10/150 | 30 larındayım, seks için partner arıyorum. Hızlı ve zevkli o
2026-06-22T16:40:03 [TR_SEX_005] +1 → 11/150 | Benimle zevkli vakit geçirmek ister misin 😈 DM bekliyorum #F
2026-06-22T16:40:03 [TR_SEX_005] +1 → 12/150 | Yeni video seti yüklendi! 18+ içerikler abonelere özel olara
2026-06-22T16:40:03 [TR_SEX_005] +1 → 13/150 | Abi bu filmde ne kadar da ateşli sahne varmış ya??? 🔥🔥🔥
2026-06-22T16:40:03 [TR_SEX_005] +1 → 14/150 | abi ne güzel oynuyorsun ya 😍 15dkdan beri seni izliyorum, me
2026-06-22T16:40:03 [TR_SEX_005] +1 → 15/150 | 31/Ankara.. seks için partner arıyorum. Zevkli vakit geçirme
2026-06-22T16:40:03 [TR_SEX_005] +1 → 16/150 | Yeni özel performans seti! Sadece aboneler görebilir 😏 #Özel
2026-06-22T16:40:03 [TR_SEX_005] +1 → 17/150 | Sadece aboneler için özel içerik! Yeni video seti yüklendi a
2026-06-22T16:40:03 [TR_SEX_005] +1 → 18/150 | abi gece 2de mesaj atarsan cevaplıyrm 😏
2026-06-22T16:40:03 [TR_SEX_005] +1 → 19/150 | Abi... özel sohbetim açık... ne var ne yok 😏
2026-06-22T16:40:03 [TR_SEX_005] +1 → 20/150 | 29/İzmir.. seks için partner arıyorum. Zevkli ve hızlı buluş
2026-06-22T16:40:03 [TR_SEX_005] +1 → 21/150 | abi harbiden güzel performans veriyorsun 👍 15 dkda ne yapaca
2026-06-22T16:40:03 [TR_SEX_005] +1 → 22/150 | 32/İstanbul.. fantezilerim var abi 😏 DM açıktır #Fantezi
2026-06-22T16:40:03 [TR_SEX_005] +1 → 23/150 | Yeni özel set yüklendi! 4K kalite ve sansürsüz içerikler sad
2026-06-22T16:40:03 [TR_SEX_005] +1 → 24/150 | Bugün akşamüstü özel performansım var abi! Sanal ortamda ne 
2026-06-22T16:40:03 [TR_SEX_005] +1 → 25/150 | abi seninle yatmaya geliyorum 😂😂
2026-06-22T16:40:03 [TR_SEX_005] +1 → 26/150 | abi özele gel bi bakalım hadi gece 1 de hazıram 🌙
2026-06-22T16:40:03 [TR_SEX_005] +1 → 27/150 | Yeni roleplay konsepti! Master/slave dinamikleriyle özel soh
2026-06-22T16:40:03 [TR_SEX_005] +1 → 28/150 | Biraz dominant sevgili arıyorum abi 😏 #Fantezi
2026-06-22T16:40:03 [TR_SEX_005] +1 → 29/150 | Özel performans seti yüklendi! Abonelere özel 4K içerikler 😏
2026-06-22T16:40:03 [TR_SEX_005] +1 → 30/150 | fantazilerimle buluşmak için DM atın abone olman yeterli 🔥 ö
2026-06-22T16:40:03 [TR_SEX_005/b1] ▶ request 30 (IDs 0031–0060)
2026-06-22T16:40:05   [TR_SEX_006/b3] HTTP 429 (key#2) attempt 2: {"status":429,"title":"Too Many Requests"}
2026-06-22T16:40:05   [TR_SEX_006/b3] retry in 120s...
2026-06-22T16:40:39   [TR_SEX_005/b1] API ok (key#1)
2026-06-22T16:40:39   [TR_SEX_005/b1] Line 18: missing {'source_style'} — skipped.
2026-06-22T16:40:39 [TR_SEX_005/b1] short 1 (english_rejected=0), refill...
2026-06-22T16:40:46   [TR_SEX_004/b1/refill] API ok (key#2)
2026-06-22T16:40:46 [TR_SEX_004/b1] got 30/30 valid
2026-06-22T16:40:46 [TR_SEX_004] +1 → 31/150 | Ya abi bu video kanka beni bitircek lan 😭🔥 bakınca gözlerim 
2026-06-22T16:40:46 [TR_SEX_004] +1 → 32/150 | KNK BU NE HAL YAA 😳💦 BI KIYAFET DÜŞÜNEN OLSUN 😱🔥
2026-06-22T16:40:46 [TR_SEX_004] +1 → 33/150 | Özele gelsene abi hadi bakalım neler oluyor merak ettim 😏
2026-06-22T16:40:46 [TR_SEX_004] +1 → 34/150 | azdın mı 😈🔥
2026-06-22T16:40:46 [TR_SEX_004] +1 → 35/150 | abi ne yapsınlar orda cidden 😂 cok acayip ya
2026-06-22T16:40:46 [TR_SEX_004] +1 → 36/150 | DM gönderirim ihtiyacın varsa 😉
2026-06-22T16:40:46 [TR_SEX_004] +1 → 37/150 | Abi bak bi ara grup dışı mesaj kutum açıyo olsun 💀 Hemen cev
2026-06-22T16:40:46 [TR_SEX_004] +1 → 38/150 | Sadece özel mesajlar cevaplanır. Yataktan daha iyi hissedece
2026-06-22T16:40:46 [TR_SEX_004] +1 → 39/150 | Kimdir acaba bu ateşli sesi çıkartan 😏💦
2026-06-22T16:40:46 [TR_SEX_004] +1 → 40/150 | Sana ne oluyo acaba 😳... Kafanı şişiriyo muyuz???
2026-06-22T16:40:46 [TR_SEX_004] +1 → 41/150 | abi  noluyo orda cidden birazda abartmayalım mı
2026-06-22T16:40:46 [TR_SEX_004] +1 → 42/150 | Özelden yolladım abi 😘 Bakalım cevap var mı hmm
2026-06-22T16:40:46 [TR_SEX_004] +1 → 43/150 | Sevişme işini halletmek için burdayım 😈
2026-06-22T16:40:46 [TR_SEX_004] +1 → 44/150 | Böyle bir şeyi kim reddeder ki 😂👀
2026-06-22T16:40:46 [TR_SEX_004] +1 → 45/150 | Görüntülü preview attım. Tam detaylar için DM bekliyorum 😏
2026-06-22T16:40:46 [TR_SEX_004] +1 → 46/150 | KNK BENİ ÖYLE BİR SEYE GÖTÜRMEYECEK MİSİN 😈🔥
2026-06-22T16:40:46 [TR_SEX_004] +1 → 47/150 | Top mu bottom mu tercih edersin abi 😂 Listem var benim
2026-06-22T16:40:46 [TR_SEX_004] +1 → 48/150 | Bu sesi kim dinlerse o da benimdir 😏💀
2026-06-22T16:40:46 [TR_SEX_004] +1 → 49/150 | abi hadi yataktan konuşalım 😈
2026-06-22T16:40:46 [TR_SEX_004] +1 → 50/150 | Gecenin bu vaktinde mesaj kutum açık abi 😘 Cevap verirsem ne
2026-06-22T16:40:46 [TR_SEX_004] +1 → 51/150 | Sadece özel ilgilenenlere cevap 😉
2026-06-22T16:40:46 [TR_SEX_004] +1 → 52/150 | abi özele gelsene noluyo sende bi gercek var mı 😂
2026-06-22T16:40:46 [TR_SEX_004] +1 → 53/150 | Böyle bişeyi kim hayır der ki 😈💀
2026-06-22T16:40:46 [TR_SEX_004] +1 → 54/150 | Can sıkıntısı mı var 😏 Özel mesajlara bakalım o zaman
2026-06-22T16:40:46 [TR_SEX_004] +1 → 55/150 | Abi mesaj kutum açıko olsun hadi bakalım 😎 #işyapalım
2026-06-22T16:40:46 [TR_SEX_004] +1 → 56/150 | KNK BUNUN BİR MANASI VAR AMA ÖZELDE DİNLEMEK LAZIM 😂🔥
2026-06-22T16:40:46 [TR_SEX_004] +1 → 57/150 | abi ne yapsınlar benimle cidden neler neler 😈💦
2026-06-22T16:40:46 [TR_SEX_004] +1 → 58/150 | Abi özele gelsene noluyo sende de bitiyor mu acaba 😘
2026-06-22T16:40:46 [TR_SEX_004] +1 → 59/150 | DM yolunu açık tutuyorum abi 😉 Sadece yataktakiler cevaplanı
2026-06-22T16:40:46 [TR_SEX_004] +1 → 60/150 | bu resimde ne oluyo ya LAAAA 🔥 DM atarsan gösterebilirim 😏
2026-06-22T16:40:46 [TR_SEX_004/b2] ▶ request 30 (IDs 0061–0090)
2026-06-22T16:40:48   [TR_SEX_005/b1/refill] HTTP 429 (key#1) attempt 1: {"status":429,"title":"Too Many Requests"}
2026-06-22T16:40:48   [TR_SEX_005/b1/refill] retry in 60s...
2026-06-22T16:40:51   [TR_SEX_004/b2] HTTP 429 (key#2) attempt 1: {"status":429,"title":"Too Many Requests"}
2026-06-22T16:40:51   [TR_SEX_004/b2] retry in 60s...
2026-06-22T16:41:56   [TR_SEX_005/b1/refill] API ok (key#1)
2026-06-22T16:41:56   [TR_SEX_005/b1/refill] Line 1: missing {'text'} — skipped.
2026-06-22T16:41:56 [TR_SEX_005/b1] got 29/30 valid
2026-06-22T16:41:56 [TR_SEX_005] +1 → 31/150 | Gece özel paylaşımda neler var diye merak edenler için yeni 
2026-06-22T16:41:56 [TR_SEX_005] +1 → 32/150 | Kadın-erkek yatak odası favorileri ve biraz da rôleplay seve
2026-06-22T16:41:56 [TR_SEX_005] +1 → 33/150 | Yeni set inanılmaz ateşli çıktı! Kadınlar arası özel tanışma
2026-06-22T16:41:56 [TR_SEX_005] +1 → 34/150 | knk bunu anca cam da izle bakalım 😈👀
2026-06-22T16:41:56 [TR_SEX_005] +1 → 35/150 | abi yaaa oooofff :( yeteriiii bak beni ateşle hadi hadi bi d
2026-06-22T16:41:56 [TR_SEX_005] +1 → 36/150 | 30 küsür erkekle görüşmüşüm, senden farklı bi vibe var. Özel
2026-06-22T16:41:56 [TR_SEX_005] +1 → 37/150 | Bu akşam özel canlıda neler olacak? 🔥 Biraz da kişiye özel b
2026-06-22T16:41:56 [TR_SEX_005] +1 → 38/150 | Grup üyeleri arasından ilginç sohbetler çıkıyor... Evli çift
2026-06-22T16:41:56 [TR_SEX_005] +1 → 39/150 | Valla bu goruntuyle kim durur kii 😂👌 #cinsellik
2026-06-22T16:41:56 [TR_SEX_005] +1 → 40/150 | Yetişkin içerik seven, zevklerime ortak olacakları arıyorum.
2026-06-22T16:41:56 [TR_SEX_005] +1 → 41/150 | Bugün gece çok özel bir yayın yapacağım! Sadece yetişkinler 
2026-06-22T16:41:56 [TR_SEX_005] +1 → 42/150 | Gecenin bu saatinde kimler uyanık? Ben de uyanıktım. Bir soh
2026-06-22T16:41:56 [TR_SEX_005] +1 → 43/150 | Bugünkü özel setimde neler mi var... Ateşli kareler, biraz d
2026-06-22T16:41:56 [TR_SEX_005] +1 → 44/150 | abi yaaa neyse bende boş vakit var hadiiii hadi hadi bak bir
2026-06-22T16:41:56 [TR_SEX_005] +1 → 45/150 | Kadın-erkek, kadın-kadın, biraz da rôleplay seven biriyim. Ö
2026-06-22T16:41:56 [TR_SEX_005] +1 → 46/150 | valla abi o goruntuyu kac kere izledim bilmiom 😂🔥
2026-06-22T16:41:56 [TR_SEX_005] +1 → 47/150 | Gecenin bu saatinde kimler uyanık acaba? Ben de uyanıktım. Ö
2026-06-22T16:41:56 [TR_SEX_005] +1 → 48/150 | Dün geceki rôleplay çok ateşliydi abi 🔥 Bugün de biraz sertl
2026-06-22T16:41:56 [TR_SEX_005] +1 → 49/150 | Grup içinde gizli tanışma mı arıyorsun? Evli çiftler, swing 
2026-06-22T16:41:56 [TR_SEX_005] +1 → 50/150 | Bu akşamki yayınımda neler mi olacak... Sınırsız zevkler, bi
2026-06-22T16:41:56 [TR_SEX_005] +1 → 51/150 | Yetişkin içerik seven, zevklerime ortak olabilecekleri arıyo
2026-06-22T16:41:56 [TR_SEX_005] +1 → 52/150 | Gece geç saatlere kadar uyanık olan var mı? Ben de uyanıktım
2026-06-22T16:41:56 [TR_SEX_005] +1 → 53/150 | abi yaaa hadi bak hadi hadi azdır beni hadi hadi bi dakka ge
2026-06-22T16:41:56 [TR_SEX_005] +1 → 54/150 | Bugün gece çok özel bir yayın yapıyorum! Sadece yetişkinler 
2026-06-22T16:41:56 [TR_SEX_005] +1 → 55/150 | Kadın-erkek, kadın-kadın, rôleplay seven biriyim. Zevklerime
2026-06-22T16:41:56 [TR_SEX_005] +1 → 56/150 | Bugünkü özel setimde ateşli kareler ve biraz da rôleplay öpü
2026-06-22T16:41:56 [TR_SEX_005] +1 → 57/150 | Gece geç saate kadar kimler uyanık? Ben de uyanıktım. Özele 
2026-06-22T16:41:56 [TR_SEX_005] +1 → 58/150 | Dün geceki rôleplay çok ateşliydi abi 🔥 Bugün de sertleşmek 
2026-06-22T16:41:56 [TR_SEX_005] +1 → 59/150 | valla abi o goruntuyu 30 kere izledim yaa 😂🔥
2026-06-22T16:41:56 [TR_SEX_005/b2] ▶ request 30 (IDs 0060–0089)
2026-06-22T16:42:31   [TR_SEX_004/b2] API ok (key#2)
2026-06-22T16:42:31 [TR_SEX_004/b2] got 30/30 valid
2026-06-22T16:42:31 [TR_SEX_004] +1 → 61/150 | Abi abi ne ya, bu nasıl bir selfie be 😂🔥 ateşlisin valla 😘💋
2026-06-22T16:42:31 [TR_SEX_004] +1 → 62/150 | BUNLARI GÖRMEK İÇİN DM AÇ 😱🔥🔥 KALKANDA YAKINCA😏
2026-06-22T16:42:31 [TR_SEX_004] +1 → 63/150 | kanka biraz gevşesek yaa 😈 gece olduuu biraz sevişelimmi?DM'
2026-06-22T16:42:31 [TR_SEX_004] +1 → 64/150 | abi izleyen abi varsa live özelini seyreder misin? 😈🔥 #ankar
2026-06-22T16:42:31 [TR_SEX_004] +1 → 65/150 | Bu videoyu kimin paylaştığını anladık 😏👀 ateşlisin abi 😘
2026-06-22T16:42:31 [TR_SEX_004] +1 → 66/150 | 40 yasında feminen fettish seven // zevk odaklı aktivitelerd
2026-06-22T16:42:31 [TR_SEX_004] +1 → 67/150 | AYO KİMDİRİN BUNLARI KONUŞACAĞIZ 😂🔥🔥 DM AÇMAK ZORUNDA KALMA 
2026-06-22T16:42:31 [TR_SEX_004] +1 → 68/150 | abi azdım vallahi 😈 gece 3’te ayakta biraz dinlesekmi? DM’de
2026-06-22T16:42:31 [TR_SEX_004] +1 → 69/150 | Bu content’in arkasındaki kişi gerçekten ateşli olmalı 😂🔥 #i
2026-06-22T16:42:31 [TR_SEX_004] +1 → 70/150 | Özele gel, biraz sohbet edelim 😈💋
2026-06-22T16:42:31 [TR_SEX_004] +1 → 71/150 | BUNLARI GÖRMEK İÇİN DM AÇIN 😱🔥🔥 KALKANDA YAKINCA😏
2026-06-22T16:42:31 [TR_SEX_004] +1 → 72/150 | Abi özel live seyretmek istersen DM’den ulaşabilirsin 😈 #bur
2026-06-22T16:42:31 [TR_SEX_004] +1 → 73/150 | kanka gece geç saatlerse biraz canlanabilirmiyiz? DM’de bekl
2026-06-22T16:42:31 [TR_SEX_004] +1 → 74/150 | Bu kadının hikayesi varsa 😂🔥 ateşlisin abi 😘 #diyarbakır
2026-06-22T16:42:31 [TR_SEX_004] +1 → 75/150 | Gece 1’de özele gel, seni bekliyorum 😈🔥
2026-06-22T16:42:31 [TR_SEX_004] +1 → 76/150 | BUNLARI GÖRMEK İÇİN DM AÇIN!!! 😱🔥🔥 KALKANDA YAKINCA!!! 😏
2026-06-22T16:42:31 [TR_SEX_004] +1 → 77/150 | abi bn azdım vallahi 😈 gece geç vakitse biraz sohbet edelim 
2026-06-22T16:42:31 [TR_SEX_004] +1 → 78/150 | Bu videoda ki kişi ateşlisin abi 😂🔥 #antalya
2026-06-22T16:42:31 [TR_SEX_004] +1 → 79/150 | Özele gel, biraz sevişelim 😈 valla bak bekliyorum 💋
2026-06-22T16:42:31 [TR_SEX_004] +1 → 80/150 | BUNLARI GÖRMEK İÇİN DM AÇ 😱🔥🔥 KALKANDA YAKINCA 😏
2026-06-22T16:42:31 [TR_SEX_004] +1 → 81/150 | abi bn dominant rolünü severim 😈 DM’de roleplay fantezi var 
2026-06-22T16:42:31 [TR_SEX_004] +1 → 82/150 | Live özel gösteri 30 dk içinde başlayacak 😈 DM’den ücretli ö
2026-06-22T16:42:31 [TR_SEX_004] +1 → 83/150 | Bu görüntülerin arkasında ne hikaye var acaba 😂🔥 #samsun
2026-06-22T16:42:31 [TR_SEX_004] +1 → 84/150 | Gece 2’ye kadar özele gel, seni bekliyorum 😈🔥
2026-06-22T16:42:31   [TR_SEX_004] dup skip: BUNLARI GÖRMEK İÇİN DM AÇIN 😱🔥🔥 KALKANDA YAKINCA😏
2026-06-22T16:42:31 [TR_SEX_004] +1 → 85/150 | abi bn azdım vallahi 😈 gece geç vakitse biraz sohbet edelim 
2026-06-22T16:42:31 [TR_SEX_004] +1 → 86/150 | Bu kadının hikayesi varsa 😂🔥 ateşlisin abi 😘 #bursa
2026-06-22T16:42:31 [TR_SEX_004] +1 → 87/150 | Özele gel, biraz keyif yapalım 😈 valla bekliyorum 💋
2026-06-22T16:42:31 [TR_SEX_004] +1 → 88/150 | BUNLARI GÖRMEK İÇİN DM AÇINNN!!! 😱🔥🔥 KALKANDA YAKINCA!!! 😏
2026-06-22T16:42:31 [TR_SEX_004] +1 → 89/150 | abi bn top rolünü severim 😈 DM’de BDSM roleplay fantezi var 
2026-06-22T16:42:31 [TR_SEX_004/b3] ▶ request 30 (IDs 0090–0119)
2026-06-22T16:43:07   [TR_SEX_005/b2] API ok (key#1)
2026-06-22T16:43:07   [TR_SEX_005/b2] Line 30: missing {'source_style'} — skipped.
2026-06-22T16:43:07 [TR_SEX_005/b2] short 1 (english_rejected=0), refill...
2026-06-22T16:43:12   [TR_SEX_006/b3] Error (key#2) attempt 3: URLError(SSLEOFError(8, 'EOF occurred in violation of protocol (_ssl.c:1129)'))
2026-06-22T16:43:12 [TR_SEX_006/r3] FAILED: [TR_SEX_006/b3] API failed after 3 attempts.
2026-06-22T16:43:12 [TR_SEX_006/b4] ▶ request 30 (IDs 0091–0120)
2026-06-22T16:43:17   [TR_SEX_004/b3] Error (key#1) attempt 1: URLError(SSLEOFError(8, 'EOF occurred in violation of protocol (_ssl.c:1129)'))
2026-06-22T16:43:17   [TR_SEX_004/b3] retry in 15s...
2026-06-22T16:43:23   [TR_SEX_005/b2/refill] API ok (key#2)
2026-06-22T16:43:23 [TR_SEX_005/b2] got 30/30 valid
2026-06-22T16:43:23 [TR_SEX_005] +1 → 60/150 | Yeni özel setimde neler mi var? 🔥 Ateşli sahneler, özel tale
2026-06-22T16:43:23 [TR_SEX_005] +1 → 61/150 | Fantazilerim çok yoğun abi 😈 Özel videolar, canlı sohbetler,
2026-06-22T16:43:23 [TR_SEX_005] +1 → 62/150 | Abi sizinki ne zaman canlanıyo ya 😂🔥 Baksana izlerken ben de
2026-06-22T16:43:23 [TR_SEX_005] +1 → 63/150 | Çk hadi abi 😘 Gözüm hep sendeydi ztn 😏 Ellerin nerdeymiş aca
2026-06-22T16:43:23 [TR_SEX_005] +1 → 64/150 | Bak ne diyorum kanka 😏 Her cuma yeni canlı yayın , özel vide
2026-06-22T16:43:23 [TR_SEX_005] +1 → 65/150 | abi durmadan hayal kuruyom sendeyken 😭 ne yapsam acaba 😈 sen
2026-06-22T16:43:23 [TR_SEX_005] +1 → 66/150 | Abi burda kimin huyu ayıp acaba 😈 Yalnız biraz özel sohbet l
2026-06-22T16:43:23 [TR_SEX_005] +1 → 67/150 | Çok yoğun fantazi dolu bii insanım 😉 Özel talepler, özel içe
2026-06-22T16:43:23 [TR_SEX_005] +1 → 68/150 | Yeni özel paketimizdeki rollerden biri: top/bottom oyunları 
2026-06-22T16:43:23 [TR_SEX_005] +1 → 69/150 | Merhaba abi 😘 Sana özel bi seans düşündüm 😏 Mesajla konuşalı
2026-06-22T16:43:23 [TR_SEX_005] +1 → 70/150 | Abi bu resimde neyin şakası var ya 😂😂😂 30 saniyelik bi dk da
2026-06-22T16:43:23 [TR_SEX_005] +1 → 71/150 | Abi sizinki niye sürekli kayıyo ya 😂🔥 izlerken ben de kayıyo
2026-06-22T16:43:23 [TR_SEX_005] +1 → 72/150 | Merhabalar sevgili takipçiler! Bu hafta özel paketimizde nel
2026-06-22T16:43:23 [TR_SEX_005] +1 → 73/150 | Fantezilerime sınır koymam abi 😏 Her şey mümkün — özel içeri
2026-06-22T16:43:23 [TR_SEX_005] +1 → 74/150 | Yeni çıkan özel setimde neler mi var? 😈 Ateşli sahneler, öze
2026-06-22T16:43:23 [TR_SEX_005] +1 → 75/150 | abi bak sana bi önerim var 😈 Bugün gece mesajlasak mı? Ne de
2026-06-22T16:43:23 [TR_SEX_005] +1 → 76/150 | abi sesin baya hoşttt 😏 Aletleniyom dinlerken 😈 Hadi biraz d
2026-06-22T16:43:23 [TR_SEX_005] +1 → 77/150 | Abi ben de izliyomda 😂🔥 Bu ne yaaa 😈
2026-06-22T16:43:23 [TR_SEX_005] +1 → 78/150 | Yeni özel paketimizde neler var???? Ateşli roller, canlı yay
2026-06-22T16:43:23 [TR_SEX_005] +1 → 79/150 | Bi insanım abi 😈 Fantazilerim çok yoğun — özel içerikler, ca
2026-06-22T16:43:23 [TR_SEX_005] +1 → 80/150 | Abi hadi birazcık konuşalım mı 😈 Düşündüm de seninle özel bi
2026-06-22T16:43:23 [TR_SEX_005] +1 → 81/150 | Yeni özel setimde neler mi var 🔥? Ateşli sahneler, özel tale
2026-06-22T16:43:23 [TR_SEX_005] +1 → 82/150 | abi bugün seninle bi oyun oynayalım mı 😈 Birazcık sertçe bi 
2026-06-22T16:43:23 [TR_SEX_005] +1 → 83/150 | Abi bu ne yaa 😂😂😂 30 saniye de neler oluyo yaaa 🔥🔥
2026-06-22T16:43:23 [TR_SEX_005] +1 → 84/150 | Merhabalar abi 😘 Kendine uygun mu? Diyelim ki seninle birazc
2026-06-22T16:43:23 [TR_SEX_005] +1 → 85/150 | Fantaziler dolu bi insanım 😏 Özel içerikler, canlı yayınlar,
2026-06-22T16:43:23 [TR_SEX_005] +1 → 86/150 | Yeni çıkan özel setimde neler mi var? 🔥 Ateşli roller, özel 
2026-06-22T16:43:23 [TR_SEX_005] +1 → 87/150 | abi hadi birazcık konuşalım mı 😈 Bugün gece mesajlaşsak mı? 
2026-06-22T16:43:23 [TR_SEX_005] +1 → 88/150 | Abi bu ne yaaa 😂😂😂 30 sn de neler oluyo yaaa 😈😈
2026-06-22T16:43:23 [TR_SEX_005] +1 → 89/150 | yeni video seti geldii ben de atmıştım aslında birazdan tüm 
2026-06-22T16:43:23 [TR_SEX_005/b3] ▶ request 30 (IDs 0090–0119)
2026-06-22T16:43:53   [TR_SEX_006/b4] API ok (key#1)
2026-06-22T16:43:53 [TR_SEX_006/b4] got 30/30 valid
2026-06-22T16:43:53 [TR_SEX_006] +1 → 91/150 | 35 yaş civarı kadın arkadaş arıyorum. Sıkıntılı gecelerde ra
2026-06-22T16:43:53 [TR_SEX_006] +1 → 92/150 | Gece geç saatler hoşuma gidiyor abi 😏 Mesaj atarsan cevaplay
2026-06-22T16:43:53 [TR_SEX_006] +1 → 93/150 | Arkadaşlar özel content için DM atabilirsiniz 🔥 DM’de neler 
2026-06-22T16:43:53 [TR_SEX_006] +1 → 94/150 | Aktif, zevk sahibi, gizliliğe önem veren • Eşlik etmek için 
2026-06-22T16:43:53 [TR_SEX_006] +1 → 95/150 | Yax abi aman aman 😈 Eller neler yapıyo lan 👀
2026-06-22T16:43:53 [TR_SEX_006] +1 → 96/150 | Adam başkasına sormuş ‘Seks neyin tadını verdirir?’ O da dem
2026-06-22T16:43:53 [TR_SEX_006] +1 → 97/150 | 40 yaşında erkek, 28-35 arası kadın partner arıyor. <şehir> 
2026-06-22T16:43:53 [TR_SEX_006] +1 → 98/150 | Selam güzel, gece yazarsan cevaplarım 😉 Hadi bakalım.
2026-06-22T16:43:53 [TR_SEX_006] +1 → 99/150 | ÖZEL İÇERİKLER… DM yoluyla ulaşabilirsiniz!!! 🔥 👇 • Live per
2026-06-22T16:43:53 [TR_SEX_006] +1 → 100/150 | Ateşli sohbetler için • Mesajda rahat • Zevk odaklı 🔥
2026-06-22T16:43:53 [TR_SEX_006] +1 → 101/150 | Hadi abi aman aman ne yapıyonuz lan 😈 Eller falan neler edio
2026-06-22T16:43:53 [TR_SEX_006] +1 → 102/150 | 32’deyim, 27-34 arası kadın partner arıyorum. Sıkıcı geceler
2026-06-22T16:43:53 [TR_SEX_006] +1 → 103/150 | Geceleri mesajlasan cevaplıyorum abi. Özele de geçebiliriz.
2026-06-22T16:43:53 [TR_SEX_006] +1 → 104/150 | Seks her yerde derler ya hani 😂 👀
2026-06-22T16:43:53 [TR_SEX_006] +1 → 105/150 | Özel contentler için DM’de neler var? 🔥 • Sadece yetişkinler
2026-06-22T16:43:53 [TR_SEX_006] +1 → 106/150 | Aktif zevk sahibi • Gizlilik esas • Mesajda rahat
2026-06-22T16:43:53 [TR_SEX_006] +1 → 107/150 | Hadi abi hadi aman aman ne haltlar ediyonuz 😈
2026-06-22T16:43:53 [TR_SEX_006] +1 → 108/150 | 45 yaşında dominant erkek arıyorum. 30-40 arası partner. Rol
2026-06-22T16:43:53 [TR_SEX_006] +1 → 109/150 | Gece uyanınca mesaj atarsan cevaplar mıyım abi 😉
2026-06-22T16:43:53 [TR_SEX_006] +1 → 110/150 | ÖZEL İÇERİKLER!!! DM yoluyla ulaşabilirsiniz!! 🔥 👇 • Live • 
2026-06-22T16:43:53 [TR_SEX_006] +1 → 111/150 | Mesajda rahat • Zevk odaklı • Gizlilik esas 🔥
2026-06-22T16:43:53 [TR_SEX_006] +1 → 112/150 | Aman abi neler yapıyonuz lan aman aman 😈 Eller neler edio bi
2026-06-22T16:43:53 [TR_SEX_006] +1 → 113/150 | 38 yaşında, aktif, zevk sahibi erkek. 30-38 arası kadın part
2026-06-22T16:43:53 [TR_SEX_006] +1 → 114/150 | Gece gece hadi abi hadi 😏 Cevaplar mıyım 👀
2026-06-22T16:43:53 [TR_SEX_006] +1 → 115/150 | Seks her yerde derler ya 😂 👀
2026-06-22T16:43:53 [TR_SEX_006] +1 → 116/150 | Özel content için DM’de neler var? 🔥 • Sadece yetişkinler • 
2026-06-22T16:43:53 [TR_SEX_006] +1 → 117/150 | Aktif zevk sahibi • Mesajda rahat • Gizlilik esas
2026-06-22T16:43:53 [TR_SEX_006] +1 → 118/150 | Hadi abi hadi aman aman neler oluyo lan 😈
2026-06-22T16:43:53 [TR_SEX_006] +1 → 119/150 | 36’daki erkekten merhaba 😏 Sıkıntılı gecelerde ateşli bir so
2026-06-22T16:43:53 [TR_SEX_006] +1 → 120/150 | Gece mesajlasan cevaplayabilirim abi. Özele de geçeriz.
2026-06-22T16:43:53 [TR_SEX_006/b5] ▶ request 30 (IDs 0121–0150)
2026-06-22T16:43:59   [TR_SEX_005/b3] API ok (key#2)
2026-06-22T16:43:59 [TR_SEX_005/b3] short 29 (english_rejected=0), refill...
2026-06-22T16:44:04   [TR_SEX_004/b3] Error (key#1) attempt 2: URLError(SSLEOFError(8, 'EOF occurred in violation of protocol (_ssl.c:1129)'))
2026-06-22T16:44:04   [TR_SEX_004/b3] retry in 16s...
2026-06-22T16:44:09   [TR_SEX_006/b5] Error (key#2) attempt 1: URLError(SSLEOFError(8, 'EOF occurred in violation of protocol (_ssl.c:1129)'))
2026-06-22T16:44:09   [TR_SEX_006/b5] retry in 15s...
2026-06-22T16:44:14   [TR_SEX_005/b3/refill] Error (key#1) attempt 1: URLError(SSLEOFError(8, 'EOF occurred in violation of protocol (_ssl.c:1129)'))
2026-06-22T16:44:14   [TR_SEX_005/b3/refill] retry in 15s...
2026-06-22T16:44:55   [TR_SEX_004/b3] API ok (key#2)
2026-06-22T16:44:55 [TR_SEX_004/b3] got 30/30 valid
2026-06-22T16:44:55 [TR_SEX_004] +1 → 90/150 | abi ya 69 ok 👌 abi sizinki 20dk geç başlasın lan 😂🔥
2026-06-22T16:44:55 [TR_SEX_004] +1 → 91/150 | abi bi bak bak noldu guzum 3lü 3lü 3lü 😂😂
2026-06-22T16:44:55 [TR_SEX_004] +1 → 92/150 | kanka ben burda 5dk mesajıma bakarsın diye bekliyorum, ateşl
2026-06-22T16:44:55 [TR_SEX_004] +1 → 93/150 | DM'DE BAK KİTLENEN 2 YAŞINDAKİNİN ZEKASI 😂🔥 #bebekgibibirada
2026-06-22T16:44:55 [TR_SEX_004] +1 → 94/150 | tanışma: top 3/3 – DM açık – bi ara buluşalım – #ankaraescor
2026-06-22T16:44:55 [TR_SEX_004] +1 → 95/150 | TÜM CANLI CANLARIN ÖZEL KONUŞMALARI AÇIK BAKIN 👌 TANIDAŞ OLM
2026-06-22T16:44:55 [TR_SEX_004] +1 → 96/150 | abi bu saatte bi de 180 derece yatay mı gelsin 🤔 #yatalimmiy
2026-06-22T16:44:55 [TR_SEX_004] +1 → 97/150 | lan kanka ben cidden 3gündür DM'lerimi açıp bakıyorsun sanmı
2026-06-22T16:44:55 [TR_SEX_004] +1 → 98/150 | abi bu tip canlılar hep geç başlıyo lan 😤 #cokgec
2026-06-22T16:44:55 [TR_SEX_004] +1 → 99/150 | BİR KNKA KNKA BIRAKMIYO ROLLİNG 😂😂 #topless
2026-06-22T16:44:55 [TR_SEX_004] +1 → 100/150 | work: DM open – role: top – location: <şehir> – tag: #biraza
2026-06-22T16:44:55 [TR_SEX_004] +1 → 101/150 | abi hadi gel 10dkda biter hadi bakalım #cinsel
2026-06-22T16:44:55 [TR_SEX_004] +1 → 102/150 | abi bu saatte bi de yer mi yatmaz mıyatıyo 😂🔥 #hıyar
2026-06-22T16:44:55 [TR_SEX_004] +1 → 103/150 | abi mesajın yanı sıra bekliyorum hadi gel #gel
2026-06-22T16:44:55 [TR_SEX_004] +1 → 104/150 | BÜTÜN YERLİ CANLILAR ÖZEL KONUŞMALARDA GÖRÜŞÜR HADİ ADAM OL 
2026-06-22T16:44:55 [TR_SEX_004] +1 → 105/150 | KALK BİR DAKİKA BAKINCA NOLUR 😂🔥 #kimseokumasın
2026-06-22T16:44:55 [TR_SEX_004] +1 → 106/150 | kanka ben burda DM'mi açık bekliyorum abi gelirken 10dkda bi
2026-06-22T16:44:55 [TR_SEX_004] +1 → 107/150 | abi bu canlılar hep geç başlıyo 😤 #hadi
2026-06-22T16:44:55 [TR_SEX_004] +1 → 108/150 | ÖZEL BİR PREVİEW GÖRMEK İSTER MİSİN 😈 DM'DE
2026-06-22T16:44:55 [TR_SEX_004] +1 → 109/150 | abi bi de 69'a bakalım 😂 #birazazgin
2026-06-22T16:44:55 [TR_SEX_004] +1 → 110/150 | abi mesajlar açık hadi gel 10dkda biter
2026-06-22T16:44:55 [TR_SEX_004] +1 → 111/150 | YAKSIN MI abi 😂🔥 #kimseokumasın
2026-06-22T16:44:55 [TR_SEX_004] +1 → 112/150 | abi bana da bi cok azimli gel hadi bakalım,,,, #nefret
2026-06-22T16:44:55 [TR_SEX_004] +1 → 113/150 | bakıyorsun zaten DM'mi açık – gel bi ara – #hot
2026-06-22T16:44:55 [TR_SEX_004] +1 → 114/150 | abi bu canlılar hep 10dk geç başlıyo 😂🔥 #cokgec
2026-06-22T16:44:55 [TR_SEX_004] +1 → 115/150 | abi 69'a bak bi 5dk diye gelsin mi 🤔 #kimseokumasın
2026-06-22T16:44:55 [TR_SEX_004] +1 → 116/150 | abi hadi gel mesajım açık bekliyorum
2026-06-22T16:44:55 [TR_SEX_004] +1 → 117/150 | BÜTÜN YERLİ CANLILARLA 10 DK İÇİNDE ÖZEL RANDEVU 😈 DM'DEN
2026-06-22T16:44:55 [TR_SEX_004] +1 → 118/150 | abi mesajlar açık bekliyorum hadi gel
2026-06-22T16:44:55 [TR_SEX_004] +1 → 119/150 | DM'DE BİR GÖZ AT 👀 #cokgec
2026-06-22T16:44:55 [TR_SEX_004/b4] ▶ request 30 (IDs 0120–0149)
2026-06-22T16:45:00   [TR_SEX_006/b5] Error (key#1) attempt 2: URLError(SSLEOFError(8, 'EOF occurred in violation of protocol (_ssl.c:1129)'))
2026-06-22T16:45:00   [TR_SEX_006/b5] retry in 16s...
2026-06-22T16:45:05   [TR_SEX_005/b3/refill] Error (key#2) attempt 2: URLError(SSLEOFError(8, 'EOF occurred in violation of protocol (_ssl.c:1129)'))
2026-06-22T16:45:05   [TR_SEX_005/b3/refill] retry in 16s...
2026-06-22T16:45:10   [TR_SEX_004/b4] Error (key#1) attempt 1: URLError(SSLEOFError(8, 'EOF occurred in violation of protocol (_ssl.c:1129)'))
2026-06-22T16:45:10   [TR_SEX_004/b4] retry in 15s...
2026-06-22T16:45:54   [TR_SEX_006/b5] API ok (key#2)
2026-06-22T16:45:54   [TR_SEX_006/b5] Line 18: missing {'source_style'} — skipped.
2026-06-22T16:45:54 [TR_SEX_006/b5] short 1 (english_rejected=0), refill...
2026-06-22T16:45:59   [TR_SEX_005/b3/refill] Error (key#1) attempt 3: URLError(SSLEOFError(8, 'EOF occurred in violation of protocol (_ssl.c:1129)'))
2026-06-22T16:45:59 [TR_SEX_005/r3] FAILED: [TR_SEX_005/b3/refill] API failed after 3 attempts.
2026-06-22T16:45:59 [TR_SEX_005/b4] ▶ request 30 (IDs 0090–0119)
2026-06-22T16:49:43 ============================================================
2026-06-22T16:49:43 TR R3 SEX generator
2026-06-22T16:49:43 Model     : mistralai/mistral-small-4-119b-2603
2026-06-22T16:49:43 Output    : /Users/liushuyu/Desktop/Huawei/multilingual/TR/TR_R3
2026-06-22T16:49:43 Shards    : 6
2026-06-22T16:49:43 Target    : 100 per shard
2026-06-22T16:49:43 Batch     : 30
2026-06-22T16:49:43 Workers   : 1
2026-06-22T16:49:43 API gate  : 1 concurrent HTTPS call(s)
2026-06-22T16:49:43 ============================================================
2026-06-22T16:49:43 [keys] found 8 unique API key(s) in nv_api_keys + .env files
2026-06-22T16:49:43 Keys      : using 2/8 (API_KEYS_LIMIT=2)
2026-06-22T16:49:43 Interval  : before=2.0s, after_ok=2.0s
2026-06-22T16:49:43 [TR_SEX_007] resume: 0/100
2026-06-22T16:49:43 [TR_SEX_007/b0] ▶ request 30 (IDs 0001–0030)
2026-06-22T16:50:11   [TR_SEX_007/b0] API ok (key#1)
2026-06-22T16:50:11 [TR_SEX_007/b0] got 30/30 valid
2026-06-22T16:50:11 [TR_SEX_007] +1 → 1/100 | Aktif 30+ arıyorum. DM gelirse cevaplayacağım 😏 #karadeniz #
2026-06-22T16:50:11 [TR_SEX_007] +1 → 2/100 | Sevişirken sesimizi duymak ister misin? Özel live’dan izleye
2026-06-22T16:50:11 [TR_SEX_007] +1 → 3/100 | Bi adam diyorki ‘benim karım beni aldatıyo’ diye… bi de bakı
2026-06-22T16:50:11 [TR_SEX_007] +1 → 4/100 | Özele gelsene, yaksın mı birazcık 😈 acele etmeyeyim de 😘
2026-06-22T16:50:11 [TR_SEX_007] +1 → 5/100 | abi ne guzel laf etiyo yaa kanka 😌 o ses tonu insanı cidden…
2026-06-22T16:50:11 [TR_SEX_007] +1 → 6/100 | Böyle bakınca insanın aklına neler geliyo neler 😏 #bakircay
2026-06-22T16:50:11 [TR_SEX_007] +1 → 7/100 | A zevkli anlar sunarım. Özel teklifler için mesaj atın. Sını
2026-06-22T16:50:11 [TR_SEX_007] +1 → 8/100 | arkadaslar, gun sonu bakkaldan getirdim kanka ne yapsak 😈 bi
2026-06-22T16:50:11 [TR_SEX_007] +1 → 9/100 | Yalnızca yetişkin, 35+ aktif 👀 DM gelsin bakalım
2026-06-22T16:50:11 [TR_SEX_007] +1 → 10/100 | Abi kadınlara dedim ‘beni boş verin’ diye… bi baktılar da ‘s
2026-06-22T16:50:11 [TR_SEX_007] +1 → 11/100 | Gece 1 gibi canın mı sıkkın 😏 ben uyanıkımdır, sorun değil 😘
2026-06-22T16:50:11 [TR_SEX_007] +1 → 12/100 | abi bak ne kadar ısınıyo yaa 😌 o ses tonu insanı cidden yaks
2026-06-22T16:50:11 [TR_SEX_007] +1 → 13/100 | Bak bu resimde neler var neler 😏 #eskişehir
2026-06-22T16:50:11 [TR_SEX_007] +1 → 14/100 | 30+ erkeğim, zevkli vakit geçirmek ister misin? Özel mesajda
2026-06-22T16:50:11 [TR_SEX_007] +1 → 15/100 | Aktif 28+ bekliyorum. DM’ye açığım 😏 #kocaeli
2026-06-22T16:50:11 [TR_SEX_007] +1 → 16/100 | Hot cams izlemek ister misin? Özel link gelsin benden 🔥 #hot
2026-06-22T16:50:11 [TR_SEX_007] +1 → 17/100 | Abi kadınlara ‘beni öp’ dedim… bi de baktılar da ‘seni seks 
2026-06-22T16:50:11 [TR_SEX_007] +1 → 18/100 | Gece 2 gibi boş musun 😈 ben uyanığım, her şeyi konuşalım 😘
2026-06-22T16:50:11 [TR_SEX_007] +1 → 19/100 | abi sesin cidden çok ısınıyo ya 😌 o tonla yaksınır insan lan
2026-06-22T16:50:11 [TR_SEX_007] +1 → 20/100 | Bu resimde neler var neler 😏 #izmir
2026-06-22T16:50:11 [TR_SEX_007] +1 → 21/100 | Aktif 32+ arıyorum. Sadece yetişkin DM’ye açığım 😏
2026-06-22T16:50:11 [TR_SEX_007] +1 → 22/100 | Sevişirken sesimi duymak ister misin? Özel live’dan izleyece
2026-06-22T16:50:11 [TR_SEX_007] +1 → 23/100 | Abi kadınlara ‘beni yatıştır’ dedim… bi de baktılar da ‘seni
2026-06-22T16:50:11 [TR_SEX_007] +1 → 24/100 | Gece 3 gibi canın mı sıkkın 😈 ben uyanıkımdır, sorun değil 😘
2026-06-22T16:50:11 [TR_SEX_007] +1 → 25/100 | kanka gun sonu bakkaldan getirdim ne yapsak 😈 birazcik ateşl
2026-06-22T16:50:11 [TR_SEX_007] +1 → 26/100 | Aktif 29+ bekliyorum. DM’ye açığım 😏 #bursa
2026-06-22T16:50:11 [TR_SEX_007] +1 → 27/100 | Özel zevkler sunarım. Sınırlı yer var. Mesaj atın detaylar g
2026-06-22T16:50:11 [TR_SEX_007] +1 → 28/100 | Abi kadınlara ‘beni tahrik et’ dedim… bi de baktılar da ‘sen
2026-06-22T16:50:11 [TR_SEX_007] +1 → 29/100 | Gece 4 gibi boş musun 😈 ben uyanığım, her şeyi konuşalım 😘
2026-06-22T16:50:11 [TR_SEX_007] +1 → 30/100 | abi bak sesin ne kadar ısınıyo ya 😌 o tonla yaksınır insan l
2026-06-22T16:50:11 [TR_SEX_007/b1] ▶ request 30 (IDs 0031–0060)
2026-06-22T16:50:45   [TR_SEX_007/b1] API ok (key#2)
2026-06-22T16:50:45 [TR_SEX_007/b1] got 30/30 valid
2026-06-22T16:50:45 [TR_SEX_007] +1 → 31/100 | 30+ aktif, zevkine düşkün, zevkli sohbetler tercihimdir. #sa
2026-06-22T16:50:45 [TR_SEX_007] +1 → 32/100 | Kızım bak neyse gece olunca mesajımı alırım abi, yatmadan ön
2026-06-22T16:50:45 [TR_SEX_007] +1 → 33/100 | Yeni özel içerik previewi dün yayınlandı abi 🔥 💦 DM'den ulaş
2026-06-22T16:50:45 [TR_SEX_007] +1 → 34/100 | abi yaaa sürekli izliyo sun ya acaba bekliyo mu? cidden canı
2026-06-22T16:50:45 [TR_SEX_007] +1 → 35/100 | abi bu adamın amacı ne? yaaa ‘yaptım’ mu dedi!! 😂🔥🔥
2026-06-22T16:50:45 [TR_SEX_007] +1 → 36/100 | 40 yaşındayım evliyim, zevkine düşkün biriyim 😏 birazcık öze
2026-06-22T16:50:45 [TR_SEX_007] +1 → 37/100 | knk beni ateşledin lan ya 🔥 cevap ver bana artık
2026-06-22T16:50:45 [TR_SEX_007] +1 → 38/100 | abi bu teorimi duydun mu ya? herkesin bir sex-lifesi var asl
2026-06-22T16:50:45 [TR_SEX_007] +1 → 39/100 | Bugün canlı yayın var abi hadi özel konuşalım! Cidden sıkı f
2026-06-22T16:50:45 [TR_SEX_007] +1 → 40/100 | 40+, zevkli, lezzet arayan biriyim. #sadeceyetişkin #özel
2026-06-22T16:50:45 [TR_SEX_007] +1 → 41/100 | abi sununla uğraşırken canın mı çıktı yaa? hadi bakalım yoru
2026-06-22T16:50:45 [TR_SEX_007] +1 → 42/100 | abi bana mı diyo bu? 'yapabilirim' mi dedi!! 😂🔥🔥
2026-06-22T16:50:45 [TR_SEX_007] +1 → 43/100 | Gece 12 sonrası mesajlara cevap verebilirim abi, eğer cidden
2026-06-22T16:50:45 [TR_SEX_007] +1 → 44/100 | Azgın bi tipim var abi 30+ lezzet arayan varsa gelsin!
2026-06-22T16:50:45 [TR_SEX_007] +1 → 45/100 | abi bak hadi bu gece cevap versem mi? yaa yaa 🔥
2026-06-22T16:50:45 [TR_SEX_007] +1 → 46/100 | Saatler süren özel canlı yayınlar artık daha sık olacak abi,
2026-06-22T16:50:45 [TR_SEX_007] +1 → 47/100 | Aktif, zevkine düşkün, özel buluşmalar tercihim. #30plus #öz
2026-06-22T16:50:45 [TR_SEX_007] +1 → 48/100 | abi sununla uğraşırken canı çıkıyo yaa beni de mi ateşleyece
2026-06-22T16:50:45 [TR_SEX_007] +1 → 49/100 | Bana bi'sex-lifesi' lazım abi, yani birazcık zevk alamaz mıy
2026-06-22T16:50:45 [TR_SEX_007] +1 → 50/100 | abi bana mı diyo yaaa? 'yapabilirim' mi dedi!! 😂🔥🔥🔥
2026-06-22T16:50:45 [TR_SEX_007] +1 → 51/100 | Özel canlı yayınlara başlamak üzereyim abi, hadi DM'ye bekli
2026-06-22T16:50:45 [TR_SEX_007] +1 → 52/100 | 30+ zevkine düşkün, keyifli vakit geçiren. #sadeceyetişkin
2026-06-22T16:50:45 [TR_SEX_007] +1 → 53/100 | abi beni ateşledin yaa 🔥 cevap ver artık!
2026-06-22T16:50:45 [TR_SEX_007] +1 → 54/100 | Gece 1-3 arası mesajlara cevap verebilirim abi, eğer ilgilen
2026-06-22T16:50:45 [TR_SEX_007] +1 → 55/100 | Azgın bir top arayan varsa gelsin abi, zevkine düşkün bi tip
2026-06-22T16:50:45 [TR_SEX_007] +1 → 56/100 | abi sürekli izliyo sunu ya, acaba beni bekliyo mu? hadi baka
2026-06-22T16:50:45 [TR_SEX_007] +1 → 57/100 | Cidden zevkli bir canlı yayın oluyor abi, hadi DM'ye!
2026-06-22T16:50:45 [TR_SEX_007] +1 → 58/100 | Aktif, zevkine düşkün, özel buluşmalar tercihim. #30plus
2026-06-22T16:50:45 [TR_SEX_007] +1 → 59/100 | Gece 2-4 arası mesajlara cevap verebilirim abi, eğer ilgilen
2026-06-22T16:50:45 [TR_SEX_007] +1 → 60/100 | abi hadi cevap ver artık 🔥 beni ateşledin yaa!
2026-06-22T16:50:45 [TR_SEX_007/b2] ▶ request 30 (IDs 0061–0090)
2026-06-22T16:51:17   [TR_SEX_007/b2] API ok (key#1)
2026-06-22T16:51:17 [TR_SEX_007/b2] got 30/30 valid
2026-06-22T16:51:17 [TR_SEX_007] +1 → 61/100 | 30+ aktif abi, zevkli sohbetlere var mı buralarda?
2026-06-22T16:51:17 [TR_SEX_007] +1 → 62/100 | knk azdım abi, biraz ateşlisin ya sensen 😈
2026-06-22T16:51:17 [TR_SEX_007] +1 → 63/100 | abi knk o resimdeki ışık sana gitti herhalde 🔥 DM atmayi unu
2026-06-22T16:51:17 [TR_SEX_007] +1 → 64/100 | Sence bu resimdeki ateşli bakıştan bahsediyorlar mı? 😏 #sıca
2026-06-22T16:51:17 [TR_SEX_007] +1 → 65/100 | Merhaba! Özel DM'lerim açıktır, sadece yetişkin sohbetleri i
2026-06-22T16:51:17 [TR_SEX_007] +1 → 66/100 | abi bura canlı mı??? geliyom cevap ver
2026-06-22T16:51:17 [TR_SEX_007] +1 → 67/100 | knk şimdi özelde buluşalım da ne var ne yok konuşalım abi? D
2026-06-22T16:51:17 [TR_SEX_007] +1 → 68/100 | Sevişmek için doğru kişi aranıyorum 😈
2026-06-22T16:51:17 [TR_SEX_007] +1 → 69/100 | abi bak şu yorumu kim atmış ya 🔥 beni yakarsın be abi 😏
2026-06-22T16:51:17 [TR_SEX_007] +1 → 70/100 | Merhabalar, ilgin varsa bi bakalım bi de sana göre 😈 hadi ge
2026-06-22T16:51:17 [TR_SEX_007] +1 → 71/100 | Özel içerikler için mesaj atabilirsiniz. Fiyatlar kişiye öze
2026-06-22T16:51:17 [TR_SEX_007] +1 → 72/100 | Abi dominant taraf mı arıyorsun yoksa itaatkâr filan mı 😈 DM
2026-06-22T16:51:17 [TR_SEX_007] +1 → 73/100 | abi knk laf yug 😂 yine mi buralardasın?
2026-06-22T16:51:17 [TR_SEX_007] +1 → 74/100 | abi evet mi hayır mı cevapla 😈
2026-06-22T16:51:17 [TR_SEX_007] +1 → 75/100 | abi ben geliyom hadi biraz eğlenelim 🔥
2026-06-22T16:51:17 [TR_SEX_007] +1 → 76/100 | Bu ateş nereden çıktı acaba 😏 #sıcak
2026-06-22T16:51:17 [TR_SEX_007] +1 → 77/100 | Premium içeriklerim için DM'lerime ulaşabilirsiniz. Fiyatlar
2026-06-22T16:51:17 [TR_SEX_007] +1 → 78/100 | Gel abi sohbet edelim laf olsun 😈 DM’lerim açık
2026-06-22T16:51:17 [TR_SEX_007] +1 → 79/100 | 30+ zevkli sohbet seven, evli çiftler de var 👀
2026-06-22T16:51:17 [TR_SEX_007] +1 → 80/100 | abi ne yapalım abi laftan anlamam ben 😈 birazcık da eyleme d
2026-06-22T16:51:17 [TR_SEX_007] +1 → 81/100 | Ateşli bakışlar abi 🔥 nereye gitmiş acaba?
2026-06-22T16:51:17 [TR_SEX_007] +1 → 82/100 | Merhabalar, yakışıklı ve zevkli sohbet seven abi var mı? Had
2026-06-22T16:51:17 [TR_SEX_007] +1 → 83/100 | abi geldim canlı mı geliyor musun???
2026-06-22T16:51:17 [TR_SEX_007] +1 → 84/100 | Özel sohbetler için mesaj atabilirsiniz. Size özel içerikler
2026-06-22T16:51:17 [TR_SEX_007] +1 → 85/100 | Abi itaatkâr rolüne ne dersin? DM'lerim açık hadi gelsin 😈
2026-06-22T16:51:17 [TR_SEX_007] +1 → 86/100 | Aktif, 30+ zevkli sohbetler ve özel fantaziler için buradayı
2026-06-22T16:51:17 [TR_SEX_007] +1 → 87/100 | Ciddiysen abi sohbeti derinleştirelim 😈 DM’lerim açık
2026-06-22T16:51:17 [TR_SEX_007] +1 → 88/100 | abi gel bulalım hadi biraz da zevk alalım 😈
2026-06-22T16:51:17 [TR_SEX_007] +1 → 89/100 | Abi bu yorumlar neyin nesi ya 🔥 yakıcı bakışlar 😏
2026-06-22T16:51:17 [TR_SEX_007] +1 → 90/100 | abi geldim abi canlıya 😈 geliyor musun?
2026-06-22T16:51:17 [TR_SEX_007/b3] ▶ request 10 (IDs 0091–0100)
2026-06-22T16:51:33   [TR_SEX_007/b3] API ok (key#2)
2026-06-22T16:51:33 [TR_SEX_007/b3] got 10/10 valid
2026-06-22T16:51:33 [TR_SEX_007] +1 → 91/100 | aktif 30+ DM açıkm biraz ateşli olun lütfen #30yaşüstü #yeti
2026-06-22T16:51:33 [TR_SEX_007] +1 → 92/100 | abi bu saatte DM attırmak bok gibi bi şey lan, gece 3 te yat
2026-06-22T16:51:33 [TR_SEX_007] +1 → 93/100 | Göz kamaştırıcı anlar için özel önizleme DM’ye açık! Gerçekt
2026-06-22T16:51:33 [TR_SEX_007] +1 → 94/100 | abi bekle biraz yaa stresliyim 😅 bak bi de hadi live’a gelir
2026-06-22T16:51:33 [TR_SEX_007] +1 → 95/100 | gözünüzü seveyim... nerdeyse yaktım bile... 😘🔥😂 #ateşliyim #
2026-06-22T16:51:33 [TR_SEX_007] +1 → 96/100 | Evli çift ya da partnerliyseniz gizli görüşmeye açığım. Tama
2026-06-22T16:51:33 [TR_SEX_007] +1 → 97/100 | Knk dm ye gelmezsen bi bok olmaz abicim. Sadece özel bi konu
2026-06-22T16:51:33 [TR_SEX_007] +1 → 98/100 | Özel sexting fragman DM’ye 1 dakika ✨ #özel #dm
2026-06-22T16:51:33 [TR_SEX_007] +1 → 99/100 | knk abi bu hikaye nerdeyse beni ısıtıyodu 😅 yeterince ateşli
2026-06-22T16:51:33 [TR_SEX_007] +1 → 100/100 | Top ya da bottom arıyorum geceyarısı seansları için. Tamamen
2026-06-22T16:51:33 [TR_SEX_007] ✓ done 100 (dups skipped: 0)
2026-06-22T16:51:33 [TR_SEX_008] resume: 0/100
2026-06-22T16:51:33 [TR_SEX_008/b0] ▶ request 30 (IDs 0001–0030)
2026-06-22T16:52:08   [TR_SEX_008/b0] API ok (key#1)
2026-06-22T16:52:08 [TR_SEX_008/b0] got 30/30 valid
2026-06-22T16:52:08 [TR_SEX_008] +1 → 1/100 | özele gel de birkaç şeyi kendim göstereyim mi abi 😏 DM'den y
2026-06-22T16:52:08 [TR_SEX_008] +1 → 2/100 | ankara’dan selamlar 👋 ya abi bu <user>’un live’ında neler ol
2026-06-22T16:52:08 [TR_SEX_008] +1 → 3/100 | abi ney bck 😈 bi de kapalı kameraya bakmak lazım
2026-06-22T16:52:08 [TR_SEX_008] +1 → 4/100 | Sexting’i seven, özel sohbetlerimde ateşlisin abi 😈 DM kapım
2026-06-22T16:52:08 [TR_SEX_008] +1 → 5/100 | İşi seviyorsan gel tanışalım abi 💋 Özel mesajda neler yapıla
2026-06-22T16:52:08 [TR_SEX_008] +1 → 6/100 | knk bu live’dan bi de banyoda yapalım mesajı geçmiyor muydu 
2026-06-22T16:52:08 [TR_SEX_008] +1 → 7/100 | aynı resme 100 farklı bakış... hangisini beğenirsiniz 😏👀 bi 
2026-06-22T16:52:08 [TR_SEX_008] +1 → 8/100 | özelde neler yapabileceğimi sana gösteririm abi 😈 bakalım ce
2026-06-22T16:52:08 [TR_SEX_008] +1 → 9/100 | abi neyse knk sence live’dan bi de hangi sesler geliyo 😂 ger
2026-06-22T16:52:08 [TR_SEX_008] +1 → 10/100 | Sexting sevenler için DM kapım açık 😈 gece 12’ye kadar cevap
2026-06-22T16:52:08 [TR_SEX_008] +1 → 11/100 | abi kamera kapalı mı be 😏 bi de açık kamerada neler olduğunu
2026-06-22T16:52:08 [TR_SEX_008] +1 → 12/100 | İşi sevenle tanışmak istiyorsan DM’den yaz abi 💋 Özel bir ge
2026-06-22T16:52:08 [TR_SEX_008] +1 → 13/100 | abi live’dan bi de ‘çiftler için özel’ oda açılsa fena olmaz
2026-06-22T16:52:08 [TR_SEX_008] +1 → 14/100 | özelde roleplay’i sevenle buluşalım abi 😈 DM’de neler yapıla
2026-06-22T16:52:08 [TR_SEX_008] +1 → 15/100 | abi live’daki <user> neyse neymiş bi de kamera açsanız da ne
2026-06-22T16:52:08 [TR_SEX_008] +1 → 16/100 | Özel sohbetlerde ateşlisinler için DM kapım sürekli açık abi
2026-06-22T16:52:08 [TR_SEX_008] +1 → 17/100 | abi ney ya kamera açık olsa bi de 😏 biraz bakalım neler oluy
2026-06-22T16:52:08 [TR_SEX_008] +1 → 18/100 | özelde neler yapabileceğimi gösteririm abi 😈 DM’den yazarsan
2026-06-22T16:52:08 [TR_SEX_008] +1 → 19/100 | abi özel content’i sevenler için #ankara özel’de DM’den ulaş
2026-06-22T16:52:08 [TR_SEX_008] +1 → 20/100 | abi live’dan ne kadar ‘sıcak’ yorumlar atsanız da olmuyor ya
2026-06-22T16:52:08 [TR_SEX_008] +1 → 21/100 | İşi sevenle tanışmak isteyenler DM’den yazabilir abi 💋 Özel 
2026-06-22T16:52:08 [TR_SEX_008] +1 → 22/100 | abi kamera açık mı be 😈 bi de görsek
2026-06-22T16:52:08 [TR_SEX_008] +1 → 23/100 | özelde roleplay seven abi 😈 DM’de neler yapılacağını konuşal
2026-06-22T16:52:08 [TR_SEX_008] +1 → 24/100 | Sexting sevenler DM kapım sürekli açık abi 😏 gece 1’e kadar 
2026-06-22T16:52:08 [TR_SEX_008] +1 → 25/100 | abi #istanbul özel’den dm’ye ulaşsanızda özel contentlere ba
2026-06-22T16:52:08 [TR_SEX_008] +1 → 26/100 | abi neyse live’dan bi de ‘sıcak mı’ diye sorsak ne olur 😂
2026-06-22T16:52:08 [TR_SEX_008] +1 → 27/100 | özelde neler yapılabileceğimi gösteririm abi 😈 DM’den yazars
2026-06-22T16:52:08 [TR_SEX_008] +1 → 28/100 | abi kamera kapalı mı 😏 bi de açık kamerada neler olduğunu gö
2026-06-22T16:52:08 [TR_SEX_008] +1 → 29/100 | İşi sevenle tanışmak isteyen DM’den ulaşabilir abi 💋 Özel bi
2026-06-22T16:52:08 [TR_SEX_008] +1 → 30/100 | abi live’dan bi de ‘çiftler için özel oda’ açılsa fena olmaz
2026-06-22T16:52:08 [TR_SEX_008/b1] ▶ request 30 (IDs 0031–0060)
2026-06-22T16:53:57 ============================================================
2026-06-22T16:53:57 TR R3 SEX generator
2026-06-22T16:53:57 Model     : mistralai/mistral-small-4-119b-2603
2026-06-22T16:53:57 Output    : /Users/liushuyu/Desktop/Huawei/multilingual/TR/TR_R3
2026-06-22T16:53:57 Shards    : 5
2026-06-22T16:53:57 Target    : 100 per shard
2026-06-22T16:53:57 Batch     : 30
2026-06-22T16:53:57 Workers   : 2
2026-06-22T16:53:57 API gate  : 1 concurrent HTTPS call(s)
2026-06-22T16:53:57 ============================================================
2026-06-22T16:53:57 [keys] found 8 unique API key(s) in nv_api_keys + .env files
2026-06-22T16:53:57 Keys      : using 2/8 (API_KEYS_LIMIT=2)
2026-06-22T16:53:57 Interval  : before=2.0s, after_ok=2.0s
2026-06-22T16:53:57 [TR_SEX_009] resume: 0/100
2026-06-22T16:53:57 [TR_SEX_009/b0] ▶ request 30 (IDs 0001–0030)
2026-06-22T16:53:57 [TR_SEX_008] resume: 30/100
2026-06-22T16:53:57 [TR_SEX_008/b0] ▶ request 30 (IDs 0031–0060)
2026-06-22T16:54:29   [TR_SEX_009/b0] API ok (key#1)
2026-06-22T16:54:29 [TR_SEX_009/b0] got 30/30 valid
2026-06-22T16:54:29 [TR_SEX_009] +1 → 1/100 | abi özelden rahat konuşalım mı ya, havamda falan yok değil 😏
2026-06-22T16:54:29 [TR_SEX_009] +1 → 2/100 | kanka benim live ımda ne işi var biliyon mu? 👀 biraz ateşlis
2026-06-22T16:54:29 [TR_SEX_009] +1 → 3/100 | kng şimdi grubu upgrade ediyom biraz fantezi fantezi 😈
2026-06-22T16:54:29 [TR_SEX_009] +1 → 4/100 | azgın bi arkadaşa bak ne diyom: sevişmemiz lazim birazcık kn
2026-06-22T16:54:29 [TR_SEX_009] +1 → 5/100 | b u n u m d a n s e x istiyom 😈 bi yapsana
2026-06-22T16:54:29 [TR_SEX_009] +1 → 6/100 | abi mesaj kutum açık var mı burada biraz keyiflenecek bir şe
2026-06-22T16:54:29 [TR_SEX_009] +1 → 7/100 | kanka live’dayım canım sıkıldı biraz rahatlama işine ne ders
2026-06-22T16:54:29 [TR_SEX_009] +1 → 8/100 | azdım lan 😳 knk biraz canım sıkıldı ya 😅
2026-06-22T16:54:29 [TR_SEX_009] +1 → 9/100 | valla biraz özel içerik lazım bana abi 😈 biraz ateşlisin bak
2026-06-22T16:54:29 [TR_SEX_009] +1 → 10/100 | hadiii bakalım grup içinde biraz ateşlenme zamanı yaaa 😈
2026-06-22T16:54:29 [TR_SEX_009] +1 → 11/100 | fantezi falan sevenlere 😉 DM atabilirsiniz
2026-06-22T16:54:29 [TR_SEX_009] +1 → 12/100 | abi özele gel hadi bakalım ne var ne yok azgın mısın sen 😜
2026-06-22T16:54:29 [TR_SEX_009] +1 → 13/100 | valla abi canım cidden azgın oldum bakalım ne var burda 😈
2026-06-22T16:54:29 [TR_SEX_009] +1 → 14/100 | kanka canlı ancağından rahatlayalım mı hadi gel
2026-06-22T16:54:29 [TR_SEX_009] +1 → 15/100 | kng seninle rol yapmak istiyom hadi bakalım 😏
2026-06-22T16:54:29 [TR_SEX_009] +1 → 16/100 | abla hadi biraz grup içi keyiflenme zamanı ya 🔥
2026-06-22T16:54:29 [TR_SEX_009] +1 → 17/100 | abi canım sıkıldı biraz seks şovuna ne dersin hadi gel yaksı
2026-06-22T16:54:29 [TR_SEX_009] +1 → 18/100 | a z d ı n m ab iraz v a r m ı y a
2026-06-22T16:54:29 [TR_SEX_009] +1 → 19/100 | abi ya knk azgın oldum hadi bakalım
2026-06-22T16:54:29 [TR_SEX_009] +1 → 20/100 | hot sexting wannabeDM atmak lazim abime
2026-06-22T16:54:29 [TR_SEX_009] +1 → 21/100 | abi özelden ne var ne yok yatıştır bakalım 😈
2026-06-22T16:54:29 [TR_SEX_009] +1 → 22/100 | hadiii grup biraz ateşlenme zamanı ya 😏
2026-06-22T16:54:29 [TR_SEX_009] +1 → 23/100 | valla abi azgın oldum bakalım ne var burda 😜
2026-06-22T16:54:29 [TR_SEX_009] +1 → 24/100 | abi canlıda sevişecek kimse var mı bakalım 👀
2026-06-22T16:54:29 [TR_SEX_009] +1 → 25/100 | abi seni top olarak alabilir miyim knk hadi gel
2026-06-22T16:54:29 [TR_SEX_009] +1 → 26/100 | fantezi sevenler DM bekliyorum 😈
2026-06-22T16:54:29 [TR_SEX_009] +1 → 27/100 | abi özel video lazım canım cidden hadi gel yapsana her şeyi
2026-06-22T16:54:29 [TR_SEX_009] +1 → 28/100 | hadiii abi grup keyfi zamanıdır yaaa 😈
2026-06-22T16:54:29 [TR_SEX_009] +1 → 29/100 | abi canlıda ateşlenmek isteyen var mı hadi bakalım
2026-06-22T16:54:29 [TR_SEX_009] +1 → 30/100 | abi knk azgın oldum hadi bakalım 😜
2026-06-22T16:54:29 [TR_SEX_009/b1] ▶ request 30 (IDs 0031–0060)
2026-06-22T16:54:56   [TR_SEX_008/b0] API ok (key#2)
2026-06-22T16:54:56 [TR_SEX_008/b0] got 30/30 valid
2026-06-22T16:54:56 [TR_SEX_008] +1 → 31/100 | özele gel yada canlıyım gelirseniz konuşalım
2026-06-22T16:54:56 [TR_SEX_008] +1 → 32/100 | knk abi bu ne hal öyle ya🤭
2026-06-22T16:54:56 [TR_SEX_008] +1 → 33/100 | Tüm gece live da zevk alacaklar için özel preview 🔥 sanalsho
2026-06-22T16:54:56 [TR_SEX_008] +1 → 34/100 | 35 e ayak uydurma olursa size bi şans verebilirim bence ya k
2026-06-22T16:54:56 [TR_SEX_008] +1 → 35/100 | DM open work sexting için vaktim var akşamları
2026-06-22T16:54:56 [TR_SEX_008] +1 → 36/100 | abi gece saat 2 de zoom call da olsunnn hadi ya knk geliyor 
2026-06-22T16:54:56 [TR_SEX_008] +1 → 37/100 | yeni trend bu artık knk😒
2026-06-22T16:54:56 [TR_SEX_008] +1 → 38/100 | Cidden harika bir gece geçirmek istersen live a özel bi kaç 
2026-06-22T16:54:56 [TR_SEX_008] +1 → 39/100 | abi senin fotoğraflar mı biraz ateşli duruyor valla
2026-06-22T16:54:56 [TR_SEX_008] +1 → 40/100 | Bugün akşam canımı alabilirsin laaan...!
2026-06-22T16:54:56 [TR_SEX_008] +1 → 41/100 | Gece live da hep beraber zevk alalım knk
2026-06-22T16:54:56 [TR_SEX_008] +1 → 42/100 | Bu gece beni biraz ateşler misin abi ya
2026-06-22T16:54:56 [TR_SEX_008] +1 → 43/100 | DM de hot seanslar için müsaitim
2026-06-22T16:54:56 [TR_SEX_008] +1 → 44/100 | abi bn öyle bi azdım ki knk simdi anca git gel olurmu ya
2026-06-22T16:54:56 [TR_SEX_008] +1 → 45/100 | En ateşli yerler neresiymiş acaba 🤔
2026-06-22T16:54:56 [TR_SEX_008] +1 → 46/100 | Live da özel seanslar için bn burdayım 🔥
2026-06-22T16:54:56 [TR_SEX_008] +1 → 47/100 | abi sen ne biçimsin ya ateşlisin knk
2026-06-22T16:54:56 [TR_SEX_008] +1 → 48/100 | Özele gelmezsen nasıl sevişiriz abi?
2026-06-22T16:54:56 [TR_SEX_008] +1 → 49/100 | Tüm gece canımı almak isterseniz live a özel mesaj gönderin
2026-06-22T16:54:56 [TR_SEX_008] +1 → 50/100 | Bu gece bir şekilde buluşalım abi ya
2026-06-22T16:54:56 [TR_SEX_008] +1 → 51/100 | Bi seans için müsaitim DM open
2026-06-22T16:54:56 [TR_SEX_008] +1 → 52/100 | abi 21 00 da buluşalım knk hadi ya
2026-06-22T16:54:56 [TR_SEX_008] +1 → 53/100 | Çekilir misin abi yani😏
2026-06-22T16:54:56 [TR_SEX_008] +1 → 54/100 | Roleplay sevenler için özel bi gece 😈
2026-06-22T16:54:56 [TR_SEX_008] +1 → 55/100 | Abi seninle sevişmek nasıl bi şey acaba
2026-06-22T16:54:56 [TR_SEX_008] +1 → 56/100 | Gece mesaj atarsan cevaplarım laaaa...!
2026-06-22T16:54:56 [TR_SEX_008] +1 → 57/100 | Live da özel anlar için bekliyorum
2026-06-22T16:54:56 [TR_SEX_008] +1 → 58/100 | Bu akşam benimle biraz vakit geçirir misin abi?
2026-06-22T16:54:56 [TR_SEX_008] +1 → 59/100 | Bi hot seans için müsaitim DM
2026-06-22T16:54:56 [TR_SEX_008] +1 → 60/100 | abi bn öyle bi azdım ki knk simdi anca gelebilirim hadi ya
2026-06-22T16:54:56 [TR_SEX_008/b1] ▶ request 30 (IDs 0061–0090)
2026-06-22T16:55:24   [TR_SEX_009/b1] API ok (key#1)
2026-06-22T16:55:24 [TR_SEX_009/b1] got 30/30 valid
2026-06-22T16:55:24 [TR_SEX_009] +1 → 31/100 | özele gel de halledelim bi 😏
2026-06-22T16:55:24 [TR_SEX_009] +1 → 32/100 | siktir lan bu işi de azgınlaştırdın be abi 😈
2026-06-22T16:55:24 [TR_SEX_009] +1 → 33/100 | canlıyken de ateşlisin belli oluyo 😘 bi preview yapasım geli
2026-06-22T16:55:24 [TR_SEX_009] +1 → 34/100 | knk DM at yavaş yavaş geliyo bi 😏
2026-06-22T16:55:24 [TR_SEX_009] +1 → 35/100 | azgın bi partner arıyom birazcık sevisip rahatlamaya gerek v
2026-06-22T16:55:24 [TR_SEX_009] +1 → 36/100 | geceleyin benden haber varsa mesaj kutusuna gel de işi bitir
2026-06-22T16:55:24 [TR_SEX_009] +1 → 37/100 | sexsi nasıl paylaşacan lan DM atman lazım
2026-06-22T16:55:24 [TR_SEX_009] +1 → 38/100 | c a m larda neler oluyo b i l i y o r s u n u z f a z l a p 
2026-06-22T16:55:24 [TR_SEX_009] +1 → 39/100 | sikisin geliyo 👀 bi de beni bekle
2026-06-22T16:55:24 [TR_SEX_009] +1 → 40/100 | gel de biraz zevk alalım abi 😈
2026-06-22T16:55:24 [TR_SEX_009] +1 → 41/100 | fantazi ve rolpaylar için mesaj gönderin zevkli vakitler geç
2026-06-22T16:55:24 [TR_SEX_009] +1 → 42/100 | azdım lan bu aksam ne yapsak knk
2026-06-22T16:55:24 [TR_SEX_009] +1 → 43/100 | cidden ateşlisin izleyici abi hadi birazcık ateşe odun atalı
2026-06-22T16:55:24 [TR_SEX_009] +1 → 44/100 | özele gel de yaksın lan 🔥
2026-06-22T16:55:24 [TR_SEX_009] +1 → 45/100 | bi sevişelim mi yavrum gece gecenin hayrına?
2026-06-22T16:55:24 [TR_SEX_009] +1 → 46/100 | seks ihtiyacı yüksek bi partner arıyom bulalım da işi bitire
2026-06-22T16:55:24 [TR_SEX_009] +1 → 47/100 | siktir lan azgın oldum abi knk 😈
2026-06-22T16:55:24 [TR_SEX_009] +1 → 48/100 | burda neler oluyo ya hadi birazcık sevişelim de rahatlayalım
2026-06-22T16:55:24 [TR_SEX_009] +1 → 49/100 | top bottom roller nerde? DM atın bi 😏
2026-06-22T16:55:24 [TR_SEX_009] +1 → 50/100 | özel i ç i n f a z l a r ve r o l p a y l a r var mesaj atma
2026-06-22T16:55:24 [TR_SEX_009] +1 → 51/100 | ateşlisin belli oluyo 🔥🔥
2026-06-22T16:55:24 [TR_SEX_009] +1 → 52/100 | gel de zevk alalım benden haber varsa hadi
2026-06-22T16:55:24 [TR_SEX_009] +1 → 53/100 | çektirmek istermisin abi birazcık?
2026-06-22T16:55:24 [TR_SEX_009] +1 → 54/100 | knk DM at bi de senle iştiricem
2026-06-22T16:55:24 [TR_SEX_009] +1 → 55/100 | fantazi ve rolplay sevenler mesaj atabilir mi hadi birazcık 
2026-06-22T16:55:24 [TR_SEX_009] +1 → 56/100 | geceleyin gel de hadi yaksın abi 😏
2026-06-22T16:55:24 [TR_SEX_009] +1 → 57/100 | sexsiz bi şey olmaz abi DM atman lazım
2026-06-22T16:55:24 [TR_SEX_009] +1 → 58/100 | izleyici abi hadi birazcık ateşe odun atalım mı senle?
2026-06-22T16:55:24 [TR_SEX_009] +1 → 59/100 | azgın oldum abi gel de sevişelim hadi
2026-06-22T16:55:24 [TR_SEX_009] +1 → 60/100 | geceleyin neler yapalım abi hadi birazcık rahatlayalım mı?
2026-06-22T16:55:24 [TR_SEX_009/b2] ▶ request 30 (IDs 0061–0090)
2026-06-22T16:55:29   [TR_SEX_008/b1] Error (key#2) attempt 1: URLError(SSLEOFError(8, 'EOF occurred in violation of protocol (_ssl.c:1129)'))
2026-06-22T16:55:29   [TR_SEX_008/b1] retry in 16s...
2026-06-22T16:56:16   [TR_SEX_008/b1] API ok (key#1)
2026-06-22T16:56:16 [TR_SEX_008/b1] got 30/30 valid
2026-06-22T16:56:16 [TR_SEX_008] +1 → 61/100 | Bak abi bana ateşlisin deyince direkt düşüyor yaa 😅
2026-06-22T16:56:16 [TR_SEX_008] +1 → 62/100 | Özele geliyorum canım, mesaj kutum hep açık bekliyorum, gece
2026-06-22T16:56:16 [TR_SEX_008] +1 → 63/100 | live açık mısın yoksa özel mi verelim 👀
2026-06-22T16:56:16 [TR_SEX_008] +1 → 64/100 | 30lu yaşlarda erkek arkadaş arıyorum, evli değilsemizde soru
2026-06-22T16:56:16 [TR_SEX_008] +1 → 65/100 | iş konusu konuşuyo muyuz la olm bi kere aklından çıksın
2026-06-22T16:56:16 [TR_SEX_008] +1 → 66/100 | DM'den sexting yaparız, zevk veririm bi de zevk alırım #İzmi
2026-06-22T16:56:16 [TR_SEX_008] +1 → 67/100 | Bu resimde neyin sert olduğunu anlayan varsa gelsin
2026-06-22T16:56:16 [TR_SEX_008] +1 → 68/100 | Gec e  y a z m a k     i s t i y o r u m ,   e n   a z   d ı
2026-06-22T16:56:16 [TR_SEX_008] +1 → 69/100 | Private camda neler yapacağımı gösteriyorum canlıda 🔥 DM'den
2026-06-22T16:56:16 [TR_SEX_008] +1 → 70/100 | Ateşli bi buluşma arıyoorum, zevkli gece istiyom hadi bi de 
2026-06-22T16:56:16 [TR_SEX_008] +1 → 71/100 | Yeni trend mi acaba bu 'çekilir misin' lafları yoksa hepimiz
2026-06-22T16:56:16 [TR_SEX_008] +1 → 72/100 | knk DM'den roleplay yapıyomuşuz abi la live'da mıydı
2026-06-22T16:56:16 [TR_SEX_008] +1 → 73/100 | Gece mesaj kutuma yazarsan cevaplarım, özelden neler yapabil
2026-06-22T16:56:16 [TR_SEX_008] +1 → 74/100 | Bi bak bana ateşlisin diyo musunuz 😜
2026-06-22T16:56:16 [TR_SEX_008] +1 → 75/100 | Benimle live'da özel görüşmek istersen 🔥 mesajlara bakıyorum
2026-06-22T16:56:16 [TR_SEX_008] +1 → 76/100 | 30lu yaşlarda biriyim, fantezi paylaşmaya açığım #Bursa
2026-06-22T16:56:16 [TR_SEX_008] +1 → 77/100 | yaksin b ı r a z ı m dan
2026-06-22T16:56:16 [TR_SEX_008] +1 → 78/100 | Özele geliyor muyuz, neler yapabileceğimizi konuşalım, gece 
2026-06-22T16:56:16 [TR_SEX_008] +1 → 79/100 | Ateşlisin lafları birde birazcık da azmışsın... hadi bakalım
2026-06-22T16:56:16 [TR_SEX_008] +1 → 80/100 | Sevişmek isteyenler DM'den ulaşsın, zevk almaya hazırım #İst
2026-06-22T16:56:16 [TR_SEX_008] +1 → 81/100 | Private canlı yayın yapıyorum, DM'den randevu alabilirsiniz,
2026-06-22T16:56:16 [TR_SEX_008] +1 → 82/100 | abi live'da top mu yoksa bottom mu belli oluyo acaba 😏
2026-06-22T16:56:16 [TR_SEX_008] +1 → 83/100 | Gece mesaj kutuma yazarsan cevaplarım, neler yapabileceğimiz
2026-06-22T16:56:16 [TR_SEX_008] +1 → 84/100 | Güzel geceler, birazcık ateşli bi buluşma ister misin 😉
2026-06-22T16:56:16 [TR_SEX_008] +1 → 85/100 | Bunu anlayan varsa beni de aramalı 😈
2026-06-22T16:56:16 [TR_SEX_008] +1 → 86/100 | birazcık iş yapmak istiyom knk la ne dersiniz
2026-06-22T16:56:16 [TR_SEX_008] +1 → 87/100 | Özele geliyorum, neler yapacağımızı konuşalım, gece mesaj at
2026-06-22T16:56:16 [TR_SEX_008] +1 → 88/100 | Sevişmek isteyenler DM'den ulaşsın, zevk almaya hazırım #Ant
2026-06-22T16:56:16 [TR_SEX_008] +1 → 89/100 | Benimle özel görüşmek istersen canlıda neler sunabileceğimi 
2026-06-22T16:56:16 [TR_SEX_008] +1 → 90/100 | Güzel geceler, ateşli bi buluşma ister misin 😜
2026-06-22T16:56:16 [TR_SEX_008/b2] ▶ request 10 (IDs 0091–0100)
2026-06-22T16:56:45   [TR_SEX_009/b2] API ok (key#2)
2026-06-22T16:56:45   [TR_SEX_009/b2] Line 27: missing {'source_style'} — skipped.
2026-06-22T16:56:45 [TR_SEX_009/b2] short 1 (english=0, emoji=0), refill...
2026-06-22T16:56:59   [TR_SEX_008/b2] API ok (key#1)
2026-06-22T16:56:59 [TR_SEX_008/b2] got 10/10 valid
2026-06-22T16:56:59 [TR_SEX_008] +1 → 91/100 | Yaklaşık mıyım abi hadi sevişelim biraz, canlıda canlı konuş
2026-06-22T16:56:59 [TR_SEX_008] +1 → 92/100 | DM'den yazarsan cevaplarım knk 😏 ya da hot previewi bekleyim
2026-06-22T16:56:59 [TR_SEX_008] +1 → 93/100 | Abi buralara bak 8 saniye bekle
2026-06-22T16:56:59 [TR_SEX_008] +1 → 94/100 | Adam gibi bakabiecek misin lan ya da bi’ rolplaye mi ihtiyac
2026-06-22T16:56:59 [TR_SEX_008] +1 → 95/100 | İş yapan yaktırım, zevk odaklı seanslar için DM açık. Kendi 
2026-06-22T16:56:59 [TR_SEX_008] +1 → 96/100 | İlk preview için sabırsızlanıyorum abi 👀
2026-06-22T16:56:59 [TR_SEX_008] +1 → 97/100 | Dominant/alt roleplay mi istersin knk? Açık açıkan konuşalım
2026-06-22T16:56:59 [TR_SEX_008] +1 → 98/100 | Abi ne haber ya:: birazdan sextinge dalıyorum;; canlıda olma
2026-06-22T16:56:59 [TR_SEX_008] +1 → 99/100 | Top mu bottom mu kalacaksın live da 😎
2026-06-22T16:56:59 [TR_SEX_008] +1 → 100/100 | Ateşli anlar için DM’ye gel, evli çiftlere özel randevular d
2026-06-22T16:56:59 [TR_SEX_008] ✓ done 100 (dups skipped: 0)
2026-06-22T16:56:59 [TR_SEX_010] resume: 0/100
2026-06-22T16:56:59 [TR_SEX_010/b0] ▶ request 30 (IDs 0001–0030)
2026-06-22T16:57:04   [TR_SEX_009/b2/refill] API ok (key#2)
2026-06-22T16:57:04 [TR_SEX_009/r2] FAILED: too many values to unpack (expected 2)
2026-06-22T16:57:04 [TR_SEX_009/b3] ▶ request 30 (IDs 0061–0090)
2026-06-22T16:57:10   [TR_SEX_010/b0] Error (key#1) attempt 1: URLError(SSLEOFError(8, 'EOF occurred in violation of protocol (_ssl.c:1129)'))
2026-06-22T16:57:10   [TR_SEX_010/b0] retry in 15s...
2026-06-22T16:57:56   [TR_SEX_010/b0] API ok (key#2)
2026-06-22T16:57:56 [TR_SEX_010/b0] got 30/30 valid
2026-06-22T16:57:56 [TR_SEX_010] +1 → 1/100 | Bugün pasif olacağım efendim, emirlerinizi bekliyorum abicim
2026-06-22T16:57:56 [TR_SEX_010] +1 → 2/100 | Özele gelsene, mesaj kutum açık, gece yazarsan cevaplarım
2026-06-22T16:57:56 [TR_SEX_010] +1 → 3/100 | O kadar ateşlisin ki çekilmezsin knk
2026-06-22T16:57:56 [TR_SEX_010] +1 → 4/100 | Merhabalar ben 35 yaşındayım, eşimle beraberiz, gizli tanışm
2026-06-22T16:57:56 [TR_SEX_010] +1 → 5/100 | Bugün hanım mısınız acaba?
2026-06-22T16:57:56 [TR_SEX_010] +1 → 6/100 | B1, T1, R17, pozitif, aktif, profesyonel
2026-06-22T16:57:56 [TR_SEX_010] +1 → 7/100 | YENİİİ... CANLI PREVIEW... ATEŞLİ İÇERİİKLER... GÜNCEL LİNKL
2026-06-22T16:57:56 [TR_SEX_010] +1 → 8/100 | cidden ateşlisin abi 🔥
2026-06-22T16:57:56 [TR_SEX_010] +1 → 9/100 | Geceleri her zaman açıktır, istediğin an ulaşabilirsin
2026-06-22T16:57:56 [TR_SEX_010] +1 → 10/100 | Durum: Ateşliyim. Çözüm: Sen.
2026-06-22T16:57:56 [TR_SEX_010] +1 → 11/100 | Bugün efendimsiniz abi, emirlerinizi harfi harfine yerine ge
2026-06-22T16:57:56 [TR_SEX_010] +1 → 12/100 | Azdım abi, dayanamam
2026-06-22T16:57:56 [TR_SEX_010] +1 → 13/100 | Özel içerikler için DM yoluyla ulaşabilirsin, sadece cidden 
2026-06-22T16:57:56 [TR_SEX_010] +1 → 14/100 | HERKESE ÖZEL... 18+... YENİ FANTEZLER... DM YOLUYLA... SADEC
2026-06-22T16:57:56 [TR_SEX_010] +1 → 15/100 | Aktif erkek arayışında, evliyseniz eşinizle birlikte başvuru
2026-06-22T16:57:56 [TR_SEX_010] +1 → 16/100 | Yoksa bugün hanım rolü mü oynayacağız knk?
2026-06-22T16:57:56 [TR_SEX_010] +1 → 17/100 | Çekilir misin bakalım, görmek isterim
2026-06-22T16:57:56 [TR_SEX_010] +1 → 18/100 | O kadar ateşlisin ki bi bakışta eriyorum
2026-06-22T16:57:56 [TR_SEX_010] +1 → 19/100 | Yaksın abi 🔥
2026-06-22T16:57:56 [TR_SEX_010] +1 → 20/100 | B25, T12, R7, pozitif, azdım, iletişime açık
2026-06-22T16:57:56 [TR_SEX_010] +1 → 21/100 | ÖZEL İŞ İÇİN AÇIĞIM... DM YOLUYLA... FAYDALANMAK İSTEYENLER 
2026-06-22T16:57:56 [TR_SEX_010] +1 → 22/100 | Merhaba ben 32 yaşındayım, evliyim, eşimle birlikteyiz, gizl
2026-06-22T16:57:56 [TR_SEX_010] +1 → 23/100 | Bugün efendim rolünü oynayacağım abi, emirlerinizi bekliyoru
2026-06-22T16:57:56 [TR_SEX_010] +1 → 24/100 | Ateşlisin abi, çok ateşlisin, haberin var mı?
2026-06-22T16:57:56 [TR_SEX_010] +1 → 25/100 | Sen o kadar ateşlisin ki düsünce bile eriyorum
2026-06-22T16:57:56 [TR_SEX_010] +1 → 26/100 | YENİ SEZON... YENİ İÇERİKLER... DM YOLUYLA ULAŞABİLİRSİN
2026-06-22T16:57:56 [TR_SEX_010] +1 → 27/100 | Çok ateşlisin abi 🔥
2026-06-22T16:57:56 [TR_SEX_010] +1 → 28/100 | Bugün hanım rolünü oynayacağım abi, emirlerinizi bekliyorum,
2026-06-22T16:57:56 [TR_SEX_010] +1 → 29/100 | Gelip zevk almak ister misin?
2026-06-22T16:57:56 [TR_SEX_010] +1 → 30/100 | Durum: Ateşliyim. Çözüm: Sen + bi de rüya görsem.
2026-06-22T16:57:56 [TR_SEX_010/b1] ▶ request 30 (IDs 0031–0060)
2026-06-22T16:58:33   [TR_SEX_009/b3] API ok (key#1)
2026-06-22T16:58:33   [TR_SEX_009/b3] Line 25: missing {'source_style'} — skipped.
2026-06-22T16:58:33 [TR_SEX_009/b3] short 1 (english=0, emoji=0), refill...
2026-06-22T16:58:38   [TR_SEX_010/b1] Error (key#2) attempt 1: URLError(SSLEOFError(8, 'EOF occurred in violation of protocol (_ssl.c:1129)'))
2026-06-22T16:58:38   [TR_SEX_010/b1] retry in 15s...
2026-06-22T16:58:58   [TR_SEX_010/b1] Error (key#1) attempt 2: URLError(SSLEOFError(8, 'EOF occurred in violation of protocol (_ssl.c:1129)'))
2026-06-22T16:58:58   [TR_SEX_010/b1] retry in 16s...
2026-06-22T16:59:47   [TR_SEX_010/b1] API ok (key#2)
2026-06-22T16:59:47 [TR_SEX_010/b1] got 30/30 valid
2026-06-22T16:59:47 [TR_SEX_010] +1 → 31/100 | Bugün efendimin her emirine itaat etmeye hazırım, aman ne gü
2026-06-22T16:59:47 [TR_SEX_010] +1 → 32/100 | mesaj kutuum acik, ozel sohbete bekliyorum, cocugum..
2026-06-22T16:59:47 [TR_SEX_010] +1 → 33/100 | bok ıcın, bun da nereden cıktı böyle lan 😂
2026-06-22T16:59:47 [TR_SEX_010] +1 → 34/100 | Ankara'da boşalmak için biraz gergin, beklenmedik anlar yaşa
2026-06-22T16:59:47 [TR_SEX_010] +1 → 35/100 | Kaç gündür efendimin kırbaçlarını hayal ediyorum, bir bakışl
2026-06-22T16:59:47 [TR_SEX_010] +1 → 36/100 | Merhaba grup, özel live performansıma katılmak isteyenler DM
2026-06-22T16:59:47 [TR_SEX_010] +1 → 37/100 | abi şimdi kamera açık mı 😏 bi tıkıdım yeter
2026-06-22T16:59:47 [TR_SEX_010] +1 → 38/100 | 18+ | live calisiyorum | sexting sevenler DM
2026-06-22T16:59:47 [TR_SEX_010] +1 → 39/100 | O anlar... Cidden.. o.. anlar... 😈😈
2026-06-22T16:59:47 [TR_SEX_010] +1 → 40/100 | Bugün dominant ben, istediğim her şeyi yapabilirsin ama tek 
2026-06-22T16:59:47 [TR_SEX_010] +1 → 41/100 | gece saat kaçta gelsen cevaplarım hadi bakalım
2026-06-22T16:59:47 [TR_SEX_010] +1 → 42/100 | o ne ya 😭
2026-06-22T16:59:47 [TR_SEX_010] +1 → 43/100 | Merhaba, bende özel ihtiyaçlar için zaman var, ikimiz de zev
2026-06-22T16:59:47 [TR_SEX_010] +1 → 44/100 | Özel performanslar ve canlı sohbetler için grupda sadece DM 
2026-06-22T16:59:47 [TR_SEX_010] +1 → 45/100 | kamera acık mı lan yine bekliyorum abi
2026-06-22T16:59:47 [TR_SEX_010] +1 → 46/100 | 18+ | Is yapmaya hazirim | BDSM sevenlere özel
2026-06-22T16:59:47 [TR_SEX_010] +1 → 47/100 | Bak ne oluyo yine 😏
2026-06-22T16:59:47 [TR_SEX_010] +1 → 48/100 | Bu akşam hanımcığımın her dediğini yerine getireceğim, gönül
2026-06-22T16:59:47 [TR_SEX_010] +1 → 49/100 | özele gel, mesajlarıma cevap veririm 😈
2026-06-22T16:59:47 [TR_SEX_010] +1 → 50/100 | abi bu ne biçim iş yahu
2026-06-22T16:59:47 [TR_SEX_010] +1 → 51/100 | Merhaba, siz de benim gibi anında coşanlardan mısınız? DM yo
2026-06-22T16:59:47 [TR_SEX_010] +1 → 52/100 | İzmir'de canlı performanslarımız devam ediyor, grup üyelerin
2026-06-22T16:59:47 [TR_SEX_010] +1 → 53/100 | abi kamera acik mı yine bekliyorum
2026-06-22T16:59:47 [TR_SEX_010] +1 → 54/100 | 18+ | Effendim/hacım olabilir | hot seslenişler
2026-06-22T16:59:47 [TR_SEX_010] +1 → 55/100 | Daha ne olsun ki 😌
2026-06-22T16:59:47 [TR_SEX_010] +1 → 56/100 | Bugün pasif kalacağım, her şeyi senden alacağım... mırıldana
2026-06-22T16:59:47 [TR_SEX_010] +1 → 57/100 | gece geç saatte olsun da cevap verebileyim...
2026-06-22T16:59:47 [TR_SEX_010] +1 → 58/100 | ne var bunda 😂
2026-06-22T16:59:47 [TR_SEX_010] +1 → 59/100 | Bursa'da hem ruhsal hem bedensel tatmin arayanlar için burad
2026-06-22T16:59:47 [TR_SEX_010] +1 → 60/100 | abi kamera açık mı abi şimdi dayanamıyorum bekliyorum
2026-06-22T16:59:47 [TR_SEX_010/b2] ▶ request 30 (IDs 0061–0090)
2026-06-22T16:59:52   [TR_SEX_009/b3/refill] API ok (key#1)
2026-06-22T16:59:52 [TR_SEX_009/r3] FAILED: too many values to unpack (expected 2)
2026-06-22T16:59:52 [TR_SEX_009/b4] ▶ request 30 (IDs 0061–0090)
2026-06-22T16:59:55   [TR_SEX_010/b2] HTTP 429 (key#2) attempt 1: {"status":429,"title":"Too Many Requests"}
2026-06-22T16:59:55   [TR_SEX_010/b2] retry in 61s...
2026-06-22T17:01:31   [TR_SEX_010/b2] API ok (key#1)
2026-06-22T17:01:31 [TR_SEX_010/b2] got 30/30 valid
2026-06-22T17:01:31 [TR_SEX_010] +1 → 61/100 | Bugün pasifim, efendim. Yönetmek istiyor musun?
2026-06-22T17:01:31 [TR_SEX_010] +1 → 62/100 | İyi ki tanışmışız abi, gecenin bu saatinde mesaj kutumda bir
2026-06-22T17:01:31 [TR_SEX_010] +1 → 63/100 | 30’lu yaşlarda, evli çiftiz. Gizli tanışmaya ne dersin? Ayrı
2026-06-22T17:01:31 [TR_SEX_010] +1 → 64/100 | Yok artık ya, ateşlisin knk. Bir de cevap vermene bakayım de
2026-06-22T17:01:31 [TR_SEX_010] +1 → 65/100 | Canlı yayında özel içerik sunuyorum abi. Şimdiden yorumlara 
2026-06-22T17:01:31 [TR_SEX_010] +1 → 66/100 | Özelsiz hiçbir yerde durmuyorum 🙃
2026-06-22T17:01:31 [TR_SEX_010] +1 → 67/100 | Seks için hepimiz ortak şeyler istiyoruz: güvenlik, zevk, gi
2026-06-22T17:01:31 [TR_SEX_010] +1 → 68/100 | Bugün hanımın emirleri olacak abi. Neler yapmak istediğini a
2026-06-22T17:01:31 [TR_SEX_010] +1 → 69/100 | Yakında boşaldığım anları paylaşacağım, bekle abla 😏
2026-06-22T17:01:31 [TR_SEX_010] +1 → 70/100 | Fantezimiz: roleplay. İyi mi geliyor?
2026-06-22T17:01:31 [TR_SEX_010] +1 → 71/100 | Abi, ateşlisin ya. Bir de cevap vermene bakayım dedim, evet.
2026-06-22T17:01:31 [TR_SEX_010] +1 → 72/100 | Canlı yayında özel birazcık ateşlenmek isteyen var mı? DM’de
2026-06-22T17:01:31 [TR_SEX_010] +1 → 73/100 | Evli çiftler için özel tanışma grubu kurdum, gelin biraz ate
2026-06-22T17:01:31 [TR_SEX_010] +1 → 74/100 | Bugün ben pasifim abi, yönet beni.
2026-06-22T17:01:31 [TR_SEX_010] +1 → 75/100 | Gecenin bu saatinde boş boş mesaj mı yollanır abi, gel de bi
2026-06-22T17:01:31 [TR_SEX_010] +1 → 76/100 | Yetişkinler için gizli tanışma grubu aranıyor. Gizlilik, zev
2026-06-22T17:01:31 [TR_SEX_010] +1 → 77/100 | Fanteziler varsa konuşalım 😏
2026-06-22T17:01:31 [TR_SEX_010] +1 → 78/100 | Bu meme baktım da hadi be abi, ateşlisin ya.
2026-06-22T17:01:31 [TR_SEX_010] +1 → 79/100 | Bugün efendim beni nasıl yormak istersin? Biraz sertleşebili
2026-06-22T17:01:31 [TR_SEX_010] +1 → 80/100 | Simdi gel de biraz sevişelim abi, baska bekleyecekseyim yok.
2026-06-22T17:01:31 [TR_SEX_010] +1 → 81/100 | Canlı yayında özel içerik sunuyorum abi. Ne istediğini bilir
2026-06-22T17:01:31 [TR_SEX_010] +1 → 82/100 | İstanbul’daki swingers grubuna katılmak için DM’den mesaj at
2026-06-22T17:01:31 [TR_SEX_010] +1 → 83/100 | Gizli yetiskin tanışma grubu için mesaj atanlar gelsin, güve
2026-06-22T17:01:31 [TR_SEX_010] +1 → 84/100 | Seks için hazirim abi??!!
2026-06-22T17:01:31 [TR_SEX_010] +1 → 85/100 | Gece gece, yine mesaj kutumda birileri var abi. Gel de özel 
2026-06-22T17:01:31 [TR_SEX_010] +1 → 86/100 | Bugün ben top olacağım abi, siz yönetin. Hazır mısınız?
2026-06-22T17:01:31 [TR_SEX_010] +1 → 87/100 | Ateşlisin abi, bari cevap ver de bakayım 😈
2026-06-22T17:01:31 [TR_SEX_010] +1 → 88/100 | Canlıda özel bişeyler yaşanacak abi. İstiyorsanız DM’den atı
2026-06-22T17:01:31 [TR_SEX_010] +1 → 89/100 | 30’lu yaşlarda, evli ya da flört eden çiftler için gizli tan
2026-06-22T17:01:31 [TR_SEX_010] +1 → 90/100 | Yetişkinlere özel gizli tanışma grubu için kayıtlar başladı.
2026-06-22T17:01:31 [TR_SEX_010/b3] ▶ request 10 (IDs 0091–0100)
2026-06-22T17:01:58   [TR_SEX_009/b4] API ok (key#2)
2026-06-22T17:01:58 [TR_SEX_009/b4] got 30/30 valid
2026-06-22T17:01:58 [TR_SEX_009] +1 → 61/100 | özele geleyim mi?
2026-06-22T17:01:58 [TR_SEX_009] +1 → 62/100 | cevapsız olmaktan beter olmusun knk yaa 😉
2026-06-22T17:01:58 [TR_SEX_009] +1 → 63/100 | h e r z e m a n  a z d ım s e n d e n
2026-06-22T17:01:58 [TR_SEX_009] +1 → 64/100 | ankara ankara istanbuldan daha ateşli buldum seni abi
2026-06-22T17:01:58 [TR_SEX_009] +1 → 65/100 | 30'lu hali sevenler için - zevk odaklı tanışmalara açık
2026-06-22T17:01:58 [TR_SEX_009] +1 → 66/100 | private DM hot sexting tutkunuyum
2026-06-22T17:01:58 [TR_SEX_009] +1 → 67/100 | b* c* bebek misin acaba???
2026-06-22T17:01:58 [TR_SEX_009] +1 → 68/100 | gece gece niye uyumuyorsun ki abi?
2026-06-22T17:01:58 [TR_SEX_009] +1 → 69/100 | yaa şikayetciyim o kadar azcık seyden cok muhtesem oluyon la
2026-06-22T17:01:58 [TR_SEX_009] +1 → 70/100 | s e v i s m e l i r i n h e r z a m a n b u d a l
2026-06-22T17:01:58 [TR_SEX_009] +1 → 71/100 | abi hadi be hadi napcam beni sen allak bullak ettin yaa aklı
2026-06-22T17:01:58 [TR_SEX_009] +1 → 72/100 | 18+ partner arayan deneyimli swing sevenler buraya
2026-06-22T17:01:58 [TR_SEX_009] +1 → 73/100 | ozel prev teaser DM'e cevap ver
2026-06-22T17:01:58 [TR_SEX_009] +1 → 74/100 | siktir lan
2026-06-22T17:01:58 [TR_SEX_009] +1 → 75/100 | daha fazla fire istiyorsan özel canlıda görüşelim
2026-06-22T17:01:58 [TR_SEX_009] +1 → 76/100 | siktir lan noluyon ya 😈
2026-06-22T17:01:58 [TR_SEX_009] +1 → 77/100 | ayaküstü de olsa bari gelsene
2026-06-22T17:01:58 [TR_SEX_009] +1 → 78/100 | cidden mi?? hani nerdeydin knk ya
2026-06-22T17:01:58 [TR_SEX_009] +1 → 79/100 | seni düşünüyorum di mi knk 💋
2026-06-22T17:01:58 [TR_SEX_009] +1 → 80/100 | bunlar geliyo mu lan yaa geceleri noluyon koca bişeyler olsu
2026-06-22T17:01:58 [TR_SEX_009] +1 → 81/100 | sadece zevk için buradayım
2026-06-22T17:01:58 [TR_SEX_009] +1 → 82/100 | hot live preview ister misin?
2026-06-22T17:01:58 [TR_SEX_009] +1 → 83/100 | abi seninki nolmuş öyle yaa baksana hadi azgınlık yapalım bi
2026-06-22T17:01:58 [TR_SEX_009] +1 → 84/100 | dm de zevkler var baksana
2026-06-22T17:01:58 [TR_SEX_009] +1 → 85/100 | çekilir misin?
2026-06-22T17:01:58 [TR_SEX_009] +1 → 86/100 | geliyo mu lan yaa bu gece sevişmeyeceksen bi halt et 😈
2026-06-22T17:01:58 [TR_SEX_009] +1 → 87/100 | özel iş DM'ine cevap ver
2026-06-22T17:01:58 [TR_SEX_009] +1 → 88/100 | bunca zaman nerdeydiniz knk? ateşlisiniz galiba
2026-06-22T17:01:58 [TR_SEX_009] +1 → 89/100 | lazım olana lazım
2026-06-22T17:01:58 [TR_SEX_009] +1 → 90/100 | roleplay sevenler DM bekliyo
2026-06-22T17:01:58 [TR_SEX_009/b5] ▶ request 10 (IDs 0091–0100)
2026-06-22T17:02:10   [TR_SEX_010/b3] API ok (key#1)
2026-06-22T17:02:10 [TR_SEX_010/b3] got 10/10 valid
2026-06-22T17:02:10 [TR_SEX_010] +1 → 91/100 | Bugün pasif olmak istiyorum abi, yönet beni istediğin gibi. 
2026-06-22T17:02:10 [TR_SEX_010] +1 → 92/100 | Çok ateşlisin knk, cevap verinceye kadar duramıycam. Mesaj a
2026-06-22T17:02:10 [TR_SEX_010] +1 → 93/100 | bi tanıyalım zevki  ner den başlayalım lan 😏
2026-06-22T17:02:10 [TR_SEX_010] +1 → 94/100 | BİP'de yeni acılan gizli grupda yer mi var? Yetişkinler için
2026-06-22T17:02:10 [TR_SEX_010] +1 → 95/100 | Instagramda canlı sohbetler | DM açık | Özel anlar için rand
2026-06-22T17:02:10 [TR_SEX_010] +1 → 96/100 | Efendimin her emrine itaat etmek istiyorum abi. Bugün daha s
2026-06-22T17:02:10 [TR_SEX_010] +1 → 97/100 | Abi #hotpreview <şehir> gece grubuna yeni katılanlar var mı?
2026-06-22T17:02:10 [TR_SEX_010] +1 → 98/100 | Canlı yayında görene kadar bekleyemiycekm abi 🔥 Hemen özel m
2026-06-22T17:02:10 [TR_SEX_010] +1 → 99/100 | bence bu durumda yapılacak en mantıklı şey: 'hadi çalışalım'
2026-06-22T17:02:10 [TR_SEX_010] +1 → 100/100 | Sadece yetişkinler için özel canlı görüşme. DM'den ulaşabili
2026-06-22T17:02:10 [TR_SEX_010] ✓ done 100 (dups skipped: 0)
2026-06-22T17:02:10 [TR_SEX_011] resume: 0/100
2026-06-22T17:02:10 [TR_SEX_011/b0] ▶ request 30 (IDs 0001–0030)
2026-06-22T17:02:23   [TR_SEX_009/b5] API ok (key#2)
2026-06-22T17:02:23 [TR_SEX_009/b5] got 10/10 valid
2026-06-22T17:02:23 [TR_SEX_009] +1 → 91/100 | özel mesaj atmaya ne dersin?
2026-06-22T17:02:23 [TR_SEX_009] +1 → 92/100 | abi bak nasıl da azdın lan 😏
2026-06-22T17:02:23 [TR_SEX_009] +1 → 93/100 | bursadan özele gel baksam nasıl çeker misin hadi ya
2026-06-22T17:02:23 [TR_SEX_009] +1 → 94/100 | knk biraz ateşliyim gece yapsak fena olmazdı
2026-06-22T17:02:23 [TR_SEX_009] +1 → 95/100 | İzmir’de eşsiz zevkler arıyorum. DM bekliyorum.
2026-06-22T17:02:23 [TR_SEX_009] +1 → 96/100 | Sıkı flörtler #Antalya yepyeni bir gece için bekliyor 🔥
2026-06-22T17:02:23 [TR_SEX_009] +1 → 97/100 | s e v i ş e l e m
2026-06-22T17:02:23 [TR_SEX_009] +1 → 98/100 | DM’de top & bottom seçenekleri açık. Önceden preview gönderi
2026-06-22T17:02:23 [TR_SEX_009] +1 → 99/100 | Gönül makinamda kırık notalar var. Haydi yenilerini çalalım 
2026-06-22T17:02:23 [TR_SEX_009] +1 → 100/100 | Sadece özel hesapta... detaylar için bak!!!
2026-06-22T17:02:23 [TR_SEX_009] ✓ done 100 (dups skipped: 0)
2026-06-22T17:02:23 [TR_SEX_012] resume: 0/100
2026-06-22T17:02:23 [TR_SEX_012/b0] ▶ request 30 (IDs 0001–0030)
2026-06-22T17:02:30   [TR_SEX_011/b0] API ok (key#1)
2026-06-22T17:02:30 [TR_SEX_011/b0] short 29 (english=0, emoji=0), refill...
2026-06-22T17:02:32   [TR_SEX_012/b0] HTTP 429 (key#2) attempt 1: {"status":429,"title":"Too Many Requests"}
2026-06-22T17:02:32   [TR_SEX_012/b0] retry in 60s...
2026-06-22T17:04:03   [TR_SEX_012/b0] API ok (key#1)
2026-06-22T17:04:03 [TR_SEX_012/b0] got 30/30 valid
2026-06-22T17:04:03 [TR_SEX_012] +1 → 1/100 | Acayip ateşlisin sanki, bana bi mesaj bırak hele. Geceyarısı
2026-06-22T17:04:03 [TR_SEX_012] +1 → 2/100 | Yaş 26 | Zevkler: Sıcakkanlı, dominant ve lezzetli sohbetler
2026-06-22T17:04:03 [TR_SEX_012] +1 → 3/100 | Gizli tanışma grubu, hafta sonu canlı yayını var! Cinsel ter
2026-06-22T17:04:03 [TR_SEX_012] +1 → 4/100 | Yakışıklısın ya, gece 12’den sonra müsait olursan iletişime 
2026-06-22T17:04:03 [TR_SEX_012] +1 → 5/100 | O kadar sert misin be abi 😈
2026-06-22T17:04:03 [TR_SEX_012] +1 → 6/100 | valla ne harika bir kadınsın be ... sesinle de öyle hoş oluy
2026-06-22T17:04:03 [TR_SEX_012] +1 → 7/100 | abi ya mal mı lazım diyom ya da biraz ateşle biraz da o işi 
2026-06-22T17:04:03 [TR_SEX_012] +1 → 8/100 | Benzerini aramıyom, direkt ve netim. Gece mesaj atarsan ceva
2026-06-22T17:04:03 [TR_SEX_012] +1 → 9/100 | 28 | Hevesli, esprili ve hevesle bekliyorum | Kaliteli sohbe
2026-06-22T17:04:03 [TR_SEX_012] +1 → 10/100 | Özel videolarımın kısa özeti için ücret ödemen gerekiyor. Ka
2026-06-22T17:04:03 [TR_SEX_012] +1 → 11/100 | #Ankara Gecesi canlı yayını! Lezbiyen, gey, hetero herkes ka
2026-06-22T17:04:03 [TR_SEX_012] +1 → 12/100 | Ne biçimsin be ya 😂
2026-06-22T17:04:03 [TR_SEX_012] +1 → 13/100 | Sen de biraz sertlik ister misin 😉? Gece 1’den sonra müsaiti
2026-06-22T17:04:03 [TR_SEX_012] +1 → 14/100 | 30 | Esnek, deneyimli ve zevkli | Sadece yetişkinler için so
2026-06-22T17:04:03 [TR_SEX_012] +1 → 15/100 | abi hadi ya ne duruyon be... bura da biraz calısılsın 😌
2026-06-22T17:04:03 [TR_SEX_012] +1 → 16/100 | Dominant partner arıyorum. Rolplay seven, zevk vermeye hazr 
2026-06-22T17:04:03 [TR_SEX_012] +1 → 17/100 | ÖZEL İÇERİKLERDEN ÖNCELİK... !!!!! Ne ararsan var, sadece üy
2026-06-22T17:04:03 [TR_SEX_012] +1 → 18/100 | Bu grup sadece yetişkinlere ait! Cinsel tercihlerden bağımsı
2026-06-22T17:04:03 [TR_SEX_012] +1 → 19/100 | Çok ateşlisin be abi 😈 Gece 2’den sonra müsaitim. Mesaj atar
2026-06-22T17:04:03 [TR_SEX_012] +1 → 20/100 | Ne biçimsin be abi 😂
2026-06-22T17:04:03 [TR_SEX_012] +1 → 21/100 | Seni dinliyorum tatlım... Sesin ne kadar da zevk veriyor 😘
2026-06-22T17:04:03 [TR_SEX_012] +1 → 22/100 | 25 | Leziz sohbetler seven | Esprili, ateşli ve zevk verici 
2026-06-22T17:04:03 [TR_SEX_012] +1 → 23/100 | abi knk biraz keyif vermek lazım bi de ısıtmak var ya :)) ge
2026-06-22T17:04:03 [TR_SEX_012] +1 → 24/100 | İzmir gecesi canlı yayını başlıyor! Farklı cinsel tercihler 
2026-06-22T17:04:03 [TR_SEX_012] +1 → 25/100 | Yakışıklısın abi, özelde biraz ateşlensek mi? Gece 3’e kadar
2026-06-22T17:04:03 [TR_SEX_012] +1 → 26/100 | Sert sohbetler sevenler gelsin. Herkesin zevki farklı, ben d
2026-06-22T17:04:03 [TR_SEX_012] +1 → 27/100 | 32 | Zevkler: Esnek, ateşli ve sıra dışı | DM’ler 24 saat aç
2026-06-22T17:04:03 [TR_SEX_012] +1 → 28/100 | ÖZEL VİDEOLAR... indirimli fiyatlarla burada! Sadece yetişki
2026-06-22T17:04:03   [TR_SEX_012] dup skip: Ne biçimsin be abi 😂
2026-06-22T17:04:03 [TR_SEX_012] +1 → 29/100 | valla be ... sesinle de öyle bi hoş oluyorsun ki ... bakalım
2026-06-22T17:04:03 [TR_SEX_012/b1] ▶ request 30 (IDs 0030–0059)
2026-06-22T17:04:31   [TR_SEX_011/b0/refill] API ok (key#2)
2026-06-22T17:04:31 [TR_SEX_011/r0] FAILED: too many values to unpack (expected 2)
2026-06-22T17:04:31 [TR_SEX_011/b1] ▶ request 30 (IDs 0001–0030)
2026-06-22T17:05:03   [TR_SEX_012/b1] API ok (key#1)
2026-06-22T17:05:03   [TR_SEX_012/b1] Line 5: JSON parse error — skipped.
2026-06-22T17:05:03 [TR_SEX_012/b1] short 1 (english=0, emoji=0), refill...
2026-06-22T17:05:06   [TR_SEX_011/b1] HTTP 429 (key#2) attempt 1: {"status":429,"title":"Too Many Requests"}
2026-06-22T17:05:06   [TR_SEX_011/b1] retry in 62s...
2026-06-22T17:09:51 ============================================================
2026-06-22T17:09:51 TR R3 SEX generator
2026-06-22T17:09:51 Model     : mistralai/mistral-small-4-119b-2603
2026-06-22T17:09:51 Output    : /Users/liushuyu/Desktop/Huawei/multilingual/TR/TR_R3
2026-06-22T17:09:51 Shards    : 5
2026-06-22T17:09:51 Target    : 100 per shard
2026-06-22T17:09:51 Batch     : 30
2026-06-22T17:09:51 Workers   : 1
2026-06-22T17:09:51 API gate  : 1 concurrent HTTPS call(s)
2026-06-22T17:09:51 ============================================================
2026-06-22T17:09:51 [keys] found 8 unique API key(s) in nv_api_keys + .env files
2026-06-22T17:09:51 Keys      : using 2/8 (API_KEYS_LIMIT=2)
2026-06-22T17:09:51 Interval  : before=2.0s, after_ok=2.0s
2026-06-22T17:09:51 [TR_SEX_008] resume: 100/100
2026-06-22T17:09:51 [TR_SEX_008] already complete, skip
2026-06-22T17:09:51 [TR_SEX_009] resume: 100/100
2026-06-22T17:09:51 [TR_SEX_009] already complete, skip
2026-06-22T17:09:51 [TR_SEX_010] resume: 100/100
2026-06-22T17:09:51 [TR_SEX_010] already complete, skip
2026-06-22T17:09:51 [TR_SEX_011] resume: 0/100
2026-06-22T17:09:51 [TR_SEX_011/b0] ▶ request 30 (IDs 0001–0030)
2026-06-22T17:10:22   [TR_SEX_011/b0] API ok (key#1)
2026-06-22T17:10:22 [TR_SEX_011/b0] got 30/30 valid
2026-06-22T17:10:22 [TR_SEX_011] +1 → 1/100 | usta be abi sende ateşlisin sanki
2026-06-22T17:10:22 [TR_SEX_011] +1 → 2/100 | gece sesini duyar mıyım abi
2026-06-22T17:10:22 [TR_SEX_011] +1 → 3/100 | mesaj kutum hep açık duruyor bakalım cevap verecek misin
2026-06-22T17:10:22 [TR_SEX_011] +1 → 4/100 | bana lazım olan şeyleri söylüyorum bi kere: zevk + fantazi +
2026-06-22T17:10:22 [TR_SEX_011] +1 → 5/100 | kanka biraz az dım lan
2026-06-22T17:10:22 [TR_SEX_011] +1 → 6/100 | işte en ateşlilerden previewlar DM atmadan önce
2026-06-22T17:10:22 [TR_SEX_011] +1 → 7/100 | özele gelsene👀
2026-06-22T17:10:22 [TR_SEX_011] +1 → 8/100 | beni azdirmak icin bi dmk gel
2026-06-22T17:10:22 [TR_SEX_011] +1 → 9/100 | hot chat lazım dms attim bakalım DM
2026-06-22T17:10:22 [TR_SEX_011] +1 → 10/100 | abi bu ne yaktın lan
2026-06-22T17:10:22 [TR_SEX_011] +1 → 11/100 | canliyken de sesini duymak istiyorum abi
2026-06-22T17:10:22 [TR_SEX_011] +1 → 12/100 | geceleyin mesaj atmak dzevkli olurmu
2026-06-22T17:10:22 [TR_SEX_011] +1 → 13/100 | evli cift arıyorum zevk + gizli tanışma + diskret olucak
2026-06-22T17:10:22 [TR_SEX_011] +1 → 14/100 | biraz yardıma mı ihtiyacın var,,,
2026-06-22T17:10:22 [TR_SEX_011] +1 → 15/100 | isteyenler icin özel seslerim var🔥 DM aç
2026-06-22T17:10:22 [TR_SEX_011] +1 → 16/100 | top rollerini çıkarmadan önce top mu yoksa bottom mu dedirt 
2026-06-22T17:10:22 [TR_SEX_011] +1 → 17/100 | usta abi nerde yakmışsın
2026-06-22T17:10:22 [TR_SEX_011] +1 → 18/100 | kanka   bak   sana   neler   lazım   geldiğini   biliyorum
2026-06-22T17:10:22 [TR_SEX_011] +1 → 19/100 | gece mesaj atarsan cevaplarım abi
2026-06-22T17:10:22 [TR_SEX_011] +1 → 20/100 | abi beni dımdızı sayıyorsun galiba😈
2026-06-22T17:10:22 [TR_SEX_011] +1 → 21/100 | canlıda neler oluyor bakmak isteyenler için özel preview
2026-06-22T17:10:22 [TR_SEX_011] +1 → 22/100 | özele gelcem diil mi diil
2026-06-22T17:10:22 [TR_SEX_011] +1 → 23/100 | azdırmak icin ne lazımsa var
2026-06-22T17:10:22 [TR_SEX_011] +1 → 24/100 | sana özel şeylerim var bakalım açmam için ısrar et
2026-06-22T17:10:22 [TR_SEX_011] +1 → 25/100 | abicim sesini duymak istiyorum be abi illa da canlıda
2026-06-22T17:10:22 [TR_SEX_011] +1 → 26/100 | öze...le... gelsene???
2026-06-22T17:10:22 [TR_SEX_011] +1 → 27/100 | abi burası ateşli mi ateşli mi diye sormaya bile gerek yok
2026-06-22T17:10:22 [TR_SEX_011] +1 → 28/100 | gizli tanışma + zevk + diskret + DM🔥
2026-06-22T17:10:22 [TR_SEX_011] +1 → 29/100 | özel sesler icin dm acık
2026-06-22T17:10:22 [TR_SEX_011] +1 → 30/100 | bu akşam canlıda neler olacağını bilmek isteyenler özel DM y
2026-06-22T17:10:22 [TR_SEX_011/b1] ▶ request 30 (IDs 0031–0060)
2026-06-22T17:10:53   [TR_SEX_011/b1] API ok (key#2)
2026-06-22T17:10:53 [TR_SEX_011/b1] got 30/30 valid
2026-06-22T17:10:53 [TR_SEX_011] +1 → 31/100 | özele gel abi hadi
2026-06-22T17:10:53 [TR_SEX_011] +1 → 32/100 | valla beni yakarsan hiç bişey demem abi
2026-06-22T17:10:53 [TR_SEX_011] +1 → 33/100 | kanka azdım lan birazcık
2026-06-22T17:10:53 [TR_SEX_011] +1 → 34/100 | dm gonder knk geceyari gelem
2026-06-22T17:10:53 [TR_SEX_011] +1 → 35/100 | sevişmeyi severim 😏
2026-06-22T17:10:53 [TR_SEX_011] +1 → 36/100 | kimdir o azdıracak kadar ateşli 🔥
2026-06-22T17:10:53 [TR_SEX_011] +1 → 37/100 | bak beni gece y ar san çok ısınacaksın
2026-06-22T17:10:53 [TR_SEX_011] +1 → 38/100 | kucagina hazirım
2026-06-22T17:10:53 [TR_SEX_011] +1 → 39/100 | hot vids lazım bana ya
2026-06-22T17:10:53 [TR_SEX_011] +1 → 40/100 | fantazilerim var neler neler çekeriz biraz konuşsak
2026-06-22T17:10:53 [TR_SEX_011] +1 → 41/100 | bunları seyretmekten kendimi alamiyom ya
2026-06-22T17:10:53 [TR_SEX_011] +1 → 42/100 | bugün ben topum abi
2026-06-22T17:10:53 [TR_SEX_011] +1 → 43/100 | zevcemle beraber bakalım neymiş
2026-06-22T17:10:53 [TR_SEX_011] +1 → 44/100 | zevkli bi preview var
2026-06-22T17:10:53 [TR_SEX_011] +1 → 45/100 | azdım diyorum ya...
2026-06-22T17:10:53 [TR_SEX_011] +1 → 46/100 | gözlerimin içine bakarak konuşalım
2026-06-22T17:10:53 [TR_SEX_011] +1 → 47/100 | biraz ateşliyim 😈
2026-06-22T17:10:53 [TR_SEX_011] +1 → 48/100 | seks isteyen gelsin
2026-06-22T17:10:53 [TR_SEX_011] +1 → 49/100 | beni izlemeden duramazsın
2026-06-22T17:10:53 [TR_SEX_011] +1 → 50/100 | kanka birazcık sevişecek bişeyler lazım bana
2026-06-22T17:10:53 [TR_SEX_011] +1 → 51/100 | bugün ben bottomluğum abi
2026-06-22T17:10:53 [TR_SEX_011] +1 → 52/100 | hadi yak artık ya
2026-06-22T17:10:53 [TR_SEX_011] +1 → 53/100 | yeni özel içerik çekildiği bitiyor yakında paylaşımda
2026-06-22T17:10:53 [TR_SEX_011] +1 → 54/100 | gece mesaj attırırsan cevap veririm
2026-06-22T17:10:53 [TR_SEX_011] +1 → 55/100 | canlı seyrine doyum olmaz
2026-06-22T17:10:53 [TR_SEX_011] +1 → 56/100 | hot cam content lazım ya knk
2026-06-22T17:10:53 [TR_SEX_011] +1 → 57/100 | bana nasıl zevk verirsin anlat biraz
2026-06-22T17:10:53 [TR_SEX_011] +1 → 58/100 | zevklere hazırım abi
2026-06-22T17:10:53 [TR_SEX_011] +1 → 59/100 | biraz ateşliyim dostum 😏
2026-06-22T17:10:53 [TR_SEX_011] +1 → 60/100 | top olmak mı istersin bottom olmak mı
2026-06-22T17:10:53 [TR_SEX_011/b2] ▶ request 30 (IDs 0061–0090)
2026-06-22T17:11:19   [TR_SEX_011/b2] API ok (key#1)
2026-06-22T17:11:19 [TR_SEX_011/b2] got 30/30 valid
2026-06-22T17:11:19 [TR_SEX_011] +1 → 61/100 | .gece yatmadan mesaj var mı bi?
2026-06-22T17:11:19 [TR_SEX_011] +1 → 62/100 | valla dünkü live izlerken bi anda terledim knk
2026-06-22T17:11:19 [TR_SEX_011] +1 → 63/100 | canlı camsa bak gel abla 🔥
2026-06-22T17:11:19 [TR_SEX_011] +1 → 64/100 | abi burda kimse yok mu hmm bi şey denesek mi?
2026-06-22T17:11:19 [TR_SEX_011] +1 → 65/100 | sıkıcı gunler için guzel bi preview
2026-06-22T17:11:19 [TR_SEX_011] +1 → 66/100 | özele gelsek mi knk
2026-06-22T17:11:19 [TR_SEX_011] +1 → 67/100 | abi bu ne tepki lan 😅
2026-06-22T17:11:19 [TR_SEX_011] +1 → 68/100 | canlıda ateşlisin abi 🔥
2026-06-22T17:11:19 [TR_SEX_011] +1 → 69/100 | abi roleplaye var misin? top/mid/bottom hangisini tercih ede
2026-06-22T17:11:19 [TR_SEX_011] +1 → 70/100 | fantazilerime yardımcı olun
2026-06-22T17:11:19 [TR_SEX_011] +1 → 71/100 | gece chatteyiz abi hadi gel
2026-06-22T17:11:19 [TR_SEX_011] +1 → 72/100 | abi bu memeğin altına ne yazsam sence?
2026-06-22T17:11:19 [TR_SEX_011] +1 → 73/100 | canlı izleyiciler için özel preview 🔥
2026-06-22T17:11:19 [TR_SEX_011] +1 → 74/100 | işler nasıl abi...cekilir mi?
2026-06-22T17:11:19 [TR_SEX_011] +1 → 75/100 | DM yoluyla özel içerikler paylaşıyorum
2026-06-22T17:11:19 [TR_SEX_011] +1 → 76/100 | özel live seans için randevu alabilirsin 😉
2026-06-22T17:11:19 [TR_SEX_011] +1 → 77/100 | abi ya bu ne yorum lan 😂
2026-06-22T17:11:19 [TR_SEX_011] +1 → 78/100 | canlıda yoruma göre özel bir şeyler çıkabilir
2026-06-22T17:11:19 [TR_SEX_011] +1 → 79/100 | abi burda kim var kim sevici bir şeyler kurcalayalim
2026-06-22T17:11:19 [TR_SEX_011] +1 → 80/100 | hot preview for u 🔥
2026-06-22T17:11:19 [TR_SEX_011] +1 → 81/100 | özele gelsene knk hadi acele etmeyelim
2026-06-22T17:11:19 [TR_SEX_011] +1 → 82/100 | abi bak şimdi yorumum hoşuna gider mi?
2026-06-22T17:11:19 [TR_SEX_011] +1 → 83/100 | canlıda özel anlar için DM bekliyorum 😈
2026-06-22T17:11:19 [TR_SEX_011] +1 → 84/100 | abi roleplay için kurallarımız var mı? dominant/top/mid ya d
2026-06-22T17:11:19 [TR_SEX_011] +1 → 85/100 | fantazilerimi gerçekleştirelim
2026-06-22T17:11:19 [TR_SEX_011] +1 → 86/100 | gece chat iicn gel hadi cidden
2026-06-22T17:11:19 [TR_SEX_011] +1 → 87/100 | abi bu da ne biçim yorum 😅
2026-06-22T17:11:19 [TR_SEX_011] +1 → 88/100 | canlıda özel tepkiler geliyo abi 🔥
2026-06-22T17:11:19 [TR_SEX_011] +1 → 89/100 | abi burda kimse mi var hadi biraz zevklenelim
2026-06-22T17:11:19 [TR_SEX_011] +1 → 90/100 | DM yoluyla zevkli iicller paylasiyo
2026-06-22T17:11:19 [TR_SEX_011/b3] ▶ request 10 (IDs 0091–0100)
2026-06-22T17:11:30   [TR_SEX_011/b3] API ok (key#2)
2026-06-22T17:11:30 [TR_SEX_011/b3] got 10/10 valid
2026-06-22T17:11:30 [TR_SEX_011] +1 → 91/100 | özele gel hadi bakalım
2026-06-22T17:11:30 [TR_SEX_011] +1 → 92/100 | abi napiyon lan 💦
2026-06-22T17:11:30 [TR_SEX_011] +1 → 93/100 | aşk verır mısınız knk
2026-06-22T17:11:30 [TR_SEX_011] +1 → 94/100 | valla ateşlisin abi birazdan yakarım
2026-06-22T17:11:30 [TR_SEX_011] +1 → 95/100 | DMde özel preview seans var bende hot olucam top roller de g
2026-06-22T17:11:30 [TR_SEX_011] +1 → 96/100 | canıma bakarsın ya cidden azdım
2026-06-22T17:11:30 [TR_SEX_011] +1 → 97/100 | gizli tanışma uygulaması profilimde swinger çift arıyorum lü
2026-06-22T17:11:30 [TR_SEX_011] +1 → 98/100 | hot live lınk ım çıkıyo knk
2026-06-22T17:11:30 [TR_SEX_011] +1 → 99/100 | gece 22den sonra mesaj mı atsan sorun olur abi
2026-06-22T17:11:30 [TR_SEX_011] +1 → 100/100 | abi senin de ateşlisin haa 🔥🔥
2026-06-22T17:11:30 [TR_SEX_011] ✓ done 100 (dups skipped: 0)
2026-06-22T17:11:30 [TR_SEX_012] resume: 29/100
2026-06-22T17:11:30 [TR_SEX_012/b0] ▶ request 30 (IDs 0030–0059)
2026-06-22T17:12:05   [TR_SEX_012/b0] API ok (key#1)
2026-06-22T17:12:05 [TR_SEX_012/b0] got 30/30 valid
2026-06-22T17:12:05 [TR_SEX_012] +1 → 30/100 | geceleri canlanmaya hazır bir kadın arıyorum. özel yayınlard
2026-06-22T17:12:05 [TR_SEX_012] +1 → 31/100 | kadın 30 lu yaşlarda, esmer, 165 cm. samimi sohbetlere merak
2026-06-22T17:12:05 [TR_SEX_012] +1 → 32/100 | abi bak hadi biraz gerilimli bi şeyler konuşalım. özelden ge
2026-06-22T17:12:05 [TR_SEX_012] +1 → 33/100 | erkek arkadaş arıyorum, ama sıradan bi aşk hikayesi değil ta
2026-06-22T17:12:05 [TR_SEX_012] +1 → 34/100 | görüntülü sohbette en ateşlisin sensin. abla 15 dk lık özel 
2026-06-22T17:12:05 [TR_SEX_012] +1 → 35/100 | abi o anın keyfini çıkartalım 🔥 bak benimle biraz dalga geçe
2026-06-22T17:12:05 [TR_SEX_012] +1 → 36/100 | bence o eteğin altındaki ne var onu görmek lazım 👀
2026-06-22T17:12:05 [TR_SEX_012] +1 → 37/100 | özel live larımda sizi bekliyorum. her akşam 21 de başlıyoru
2026-06-22T17:12:05 [TR_SEX_012] +1 → 38/100 | abi bak hadi biraz eğlenelim 😈 ne diyorsun, seninle özelde k
2026-06-22T17:12:05 [TR_SEX_012] +1 → 39/100 | 38 y, 172 cm, esmer. ilgi alanlarım: anal, oral, roleplay. f
2026-06-22T17:12:05 [TR_SEX_012] +1 → 40/100 | buralarda bi top ikilisi varsa mesaj atabilir. fantezi odakl
2026-06-22T17:12:05 [TR_SEX_012] +1 → 41/100 | abi bak siktir git burdan diil de siktir gel hadi 😡 seninle 
2026-06-22T17:12:05 [TR_SEX_012] +1 → 42/100 | abi noluyonuz ya??? ööle bi şey olunca aklım gitmiyor ki... 
2026-06-22T17:12:05 [TR_SEX_012] +1 → 43/100 | özel fanteziler için 30 dk lık seanslar düzenliyorum. DM yol
2026-06-22T17:12:05 [TR_SEX_012] +1 → 44/100 | ben bir dominantım, sen submissive rollerinde keyif alıyorsu
2026-06-22T17:12:05 [TR_SEX_012] +1 → 45/100 | samimi sohbetlere açıklık var. zevklerimi paylaşabilirim 😘 i
2026-06-22T17:12:05 [TR_SEX_012] +1 → 46/100 | abi benimle özelde biraz ateşli bişeyler yaşamak istemiyorsa
2026-06-22T17:12:05 [TR_SEX_012] +1 → 47/100 | cinsel içerikli canlı yayınlar yapıyorum. her gece 22:00 de 
2026-06-22T17:12:05 [TR_SEX_012] +1 → 48/100 | abi bak şimdi o espirinin altından ne çıkıyor acaba :)) herk
2026-06-22T17:12:05 [TR_SEX_012] +1 → 49/100 | abi hadi bakalım biraz samimiyet olsun yani. bi’raz da ciddi
2026-06-22T17:12:05 [TR_SEX_012] +1 → 50/100 | ben dominant rollerindeyim, sen de submissive rollerinde key
2026-06-22T17:12:05 [TR_SEX_012] +1 → 51/100 | buralarda bi şeyler çıkıcak mı acaba ? laf olsun diye sormuy
2026-06-22T17:12:05 [TR_SEX_012] +1 → 52/100 | esmer, 34 y, 168 cm. cinsel içerikli samimi sohbetler için b
2026-06-22T17:12:05 [TR_SEX_012] +1 → 53/100 | özel videolarım için preview link gönderiyorum. 15 dk lık gö
2026-06-22T17:12:05 [TR_SEX_012] +1 → 54/100 | abi gel hadi biraz ateşli bişeyler konuşalım. özelde olunca 
2026-06-22T17:12:05 [TR_SEX_012] +1 → 55/100 | gecelerimi özel yayınlarla doldurmak istiyorum. 20:00–02:00 
2026-06-22T17:12:05 [TR_SEX_012] +1 → 56/100 | abi noluyonuz ya ? espiri de espiriymiş :)) herkes gülüyor b
2026-06-22T17:12:05 [TR_SEX_012] +1 → 57/100 | abi bak hadi ciddi olun yahu... ??? espirin bana gitmiyomuş 
2026-06-22T17:12:05 [TR_SEX_012] +1 → 58/100 | ben kadın arkadaş arıyorum, fantezi ağırlıklı buluşmalar içi
2026-06-22T17:12:05 [TR_SEX_012] +1 → 59/100 | 32 y, 165 cm, esmer. zevklerimi paylaşmaya meraklıyım 😉 ilgi
2026-06-22T17:12:05 [TR_SEX_012/b1] ▶ request 30 (IDs 0060–0089)
2026-06-22T17:12:39   [TR_SEX_012/b1] API ok (key#2)
2026-06-22T17:12:39 [TR_SEX_012/b1] got 30/30 valid
2026-06-22T17:12:39 [TR_SEX_012] +1 → 60/100 | Her akşam 20:00’dan itibaren özel mesajlarınıza yorum bırakm
2026-06-22T17:12:39 [TR_SEX_012] +1 → 61/100 | Bi bana mesaj koy canım. Zamanım var şimdi, gece de cevaplar
2026-06-22T17:12:39 [TR_SEX_012] +1 → 62/100 | Gizli tanışma ve yetişkin sohbetler için özel bir grup kurdu
2026-06-22T17:12:39 [TR_SEX_012] +1 → 63/100 | abi sürekli izliyorsun burayı lan knk! beni de böyle ateşli 
2026-06-22T17:12:39 [TR_SEX_012] +1 → 64/100 | 28, bekar, esmer. Yetişkin sohbetler için uygunsunuz mu? Ken
2026-06-22T17:12:39 [TR_SEX_012] +1 → 65/100 | Aylık 350 TL özel içeriklerime erişmek ister misiniz ? Size 
2026-06-22T17:12:39 [TR_SEX_012] +1 → 66/100 | ya bak ben size ne diyim abi? azdıran adam olmazmış hadi bak
2026-06-22T17:12:39 [TR_SEX_012] +1 → 67/100 | Size özel sohbetler ve fantezi taleplerini karşılıyorum. İst
2026-06-22T17:12:39 [TR_SEX_012] +1 → 68/100 | Işığı yakıyorum, bekliyorum. Sizinle work yapmak isterim.
2026-06-22T17:12:39 [TR_SEX_012] +1 → 69/100 | İzmir’deyim, hem canlı hem de özel olarak yetişkin içerik ür
2026-06-22T17:12:39 [TR_SEX_012] +1 → 70/100 | abi!!!!!! sürekli bakıyorsun ya!!!!! ben de sizi öyle ateşli
2026-06-22T17:12:39 [TR_SEX_012] +1 → 71/100 | 30’larındayım, yetişkin sohbetler için müsaitim 🔥. Sizinki n
2026-06-22T17:12:39 [TR_SEX_012] +1 → 72/100 | Ben yetişkini seven biriyim. Sohbet etmekten ve fantezileri 
2026-06-22T17:12:39 [TR_SEX_012] +1 → 73/100 | Gizli tanışma ve yetişkin içerik için 7/24 erişim. Sadece 15
2026-06-22T17:12:39 [TR_SEX_012] +1 → 74/100 | Bi benden haber bekliyorsun ya? Özele gelsene hadi bakalım. 
2026-06-22T17:12:39 [TR_SEX_012] +1 → 75/100 | ya abi bunu yapan kim? ben de öyle birini arıyorum
2026-06-22T17:12:39 [TR_SEX_012] +1 → 76/100 | abi sürekli izliyorsunuz lan! ben de sizinle özel bir şeyler
2026-06-22T17:12:39 [TR_SEX_012] +1 → 77/100 | Yetişkin sohbetler için buradayım. Fantezilerinizi konuşabil
2026-06-22T17:12:39 [TR_SEX_012] +1 → 78/100 | abi azdıran herifin bir numarasıdır aslında
2026-06-22T17:12:39 [TR_SEX_012] +1 → 79/100 | Ankara’dan yetişkin içerikler sunuyorum. Canlı sohbet, özel 
2026-06-22T17:12:39 [TR_SEX_012] +1 → 80/100 | 40, bekar, esmer ve ateşlisiniz. Yetişkin sohbetler için uyg
2026-06-22T17:12:39 [TR_SEX_012] +1 → 81/100 | Özele gelip sohbet edelim 😈
2026-06-22T17:12:39 [TR_SEX_012] +1 → 82/100 | Bana ateşli yorumlar atan herkesi özele davet ediyorum. Siz 
2026-06-22T17:12:39 [TR_SEX_012] +1 → 83/100 | abi sürekli yorum atıyosun! ben de sizi öyle sevişecekmiş gi
2026-06-22T17:12:39 [TR_SEX_012] +1 → 84/100 | Sevişme ve özel sohbetler için 200 TL aylık. Size özel içeri
2026-06-22T17:12:39 [TR_SEX_012] +1 → 85/100 | abi siz de azdıran adam olmaktan zevk alır mısınız?
2026-06-22T17:12:39 [TR_SEX_012] +1 → 86/100 | İstanbul’dan yetişkin içerikler sunuyorum. Özel sohbetler, f
2026-06-22T17:12:39 [TR_SEX_012] +1 → 87/100 | 35, bekar, esmer ve ateşlisiniz. Yetişkin sohbetler için uyg
2026-06-22T17:12:39 [TR_SEX_012] +1 → 88/100 | Özele gelsene, sohbet edelim hadi bakalım.
2026-06-22T17:12:39 [TR_SEX_012] +1 → 89/100 | Yetişkin sohbetler ve fanteziler için burdayım. Siz de mi öy
2026-06-22T17:12:39 [TR_SEX_012/b2] ▶ request 11 (IDs 0090–0100)
2026-06-22T17:12:44   [TR_SEX_012/b2] Error (key#1) attempt 1: URLError(SSLEOFError(8, 'EOF occurred in violation of protocol (_ssl.c:1129)'))
2026-06-22T17:12:44   [TR_SEX_012/b2] retry in 15s...
2026-06-22T17:13:04   [TR_SEX_012/b2] Error (key#2) attempt 2: URLError(SSLEOFError(8, 'EOF occurred in violation of protocol (_ssl.c:1129)'))
2026-06-22T17:13:04   [TR_SEX_012/b2] retry in 16s...
2026-06-22T17:13:38   [TR_SEX_012/b2] API ok (key#1)
2026-06-22T17:13:38 [TR_SEX_012/b2] got 11/11 valid
2026-06-22T17:13:38 [TR_SEX_012] +1 → 90/100 | İstanbul’daki özel performanslarım için DM’lere bakıyorum. G
2026-06-22T17:13:38 [TR_SEX_012] +1 → 91/100 | knk buralar tenha mı abi? gece yatmadan önce biraz sohbet et
2026-06-22T17:13:38 [TR_SEX_012] +1 → 92/100 | 30 yaşındayım, evliyim ama gizli tanışma isteyen varsa gelsi
2026-06-22T17:13:38 [TR_SEX_012] +1 → 93/100 | Yetişkin fantezi lerim: role play , domin ance , ateşli sohb
2026-06-22T17:13:38 [TR_SEX_012] +1 → 94/100 | Sensual videolarımın özel bir kesitini izlemek ister misin? 
2026-06-22T17:13:38 [TR_SEX_012] +1 → 95/100 | knk bakıyonuz yha beni tamamen ateşlediniz lan
2026-06-22T17:13:38 [TR_SEX_012] +1 → 96/100 | abi o grupda bi şeyler falan var mı diye bakıyordum. Acaba b
2026-06-22T17:13:38 [TR_SEX_012] +1 → 97/100 | abi öyle bi duruma geliyorum ki ne yaptığımı bile anlamıyoru
2026-06-22T17:13:38 [TR_SEX_012] +1 → 98/100 | İzmir’deki zevkli sohbetlerimizin videosunu paylaşmaya başla
2026-06-22T17:13:38 [TR_SEX_012] +1 → 99/100 | bu ne ya:::))) beni de ateşleyiverin hadi hadi hadi...
2026-06-22T17:13:38 [TR_SEX_012] +1 → 100/100 | Merhaba, özel bir roleplay deneyimi için buradayım. Top/bott
2026-06-22T17:13:38 [TR_SEX_012] ✓ done 100 (dups skipped: 0)
2026-06-22T17:13:38 Key usage: {'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': 5, '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': 4}
2026-06-22T17:13:38 All shards finished. See TR_R3/ for CSV + generation.log
