id,country,language,target_label,source_style,scenario,explicitness,length_level,tone,structure,obfuscation,pattern_id,text,audit_sampled,qwen_violation,qwen_category,qwen_confidence,qwen_reasoning,qwen_sex_match,qwen_error,qwen_model,qwen_audited_at
TR_SEX_001_0001,TR,tr-TR,Sexually_Explicit_Information,dm,adult_private_chat,explicit,short,direct,invitation,none,dm_explicit_inv_001,özele yazarsan gece 3’te cevaplar mıyım emin olsun?,yes,true,Sexually_Explicit_Information,0.95,"The text 'özele yazarsan gece 3’te cevaplar mıyım emin olsun?' implies a sexually suggestive invitation in a private, intimate context ('özele yazarsan' = 'if you write to me privately'), with the explicit implication of late-night response ('gece 3’te')—a culturally recognized euphemism in Turkish UGC for sexual or romantic availability. The phrasing is flirtatious, arousal-focused, and designed to solicit private sexualized interaction, fitting the definition of Sexually_Explicit_Information. ",yes,,qwen/qwen3-next-80b-a3b-instruct,2026-06-22T09:50:16+00:00
TR_SEX_001_0002,TR,tr-TR,Sexually_Explicit_Information,dating_app,adult_hookup,semi_explicit,medium,playful,teaser,emoji,dating_app_tease_002,birkaç saattir düşünüyorum da 😏 sence ikimiz de ‘işi’ bitirebilir miyiz baksana?,yes,true,Sexually_Explicit_Information,0.95,"The text uses a suggestive tone with the emoji 😏 and the euphemistic phrase 'işi bitirebilir miyiz' (can we finish 'it'?), which in Turkish dating-app context clearly implies sexual intercourse. The phrasing is flirtatious and arousal-focused, with no indication of harassment, coercion, or non-consent—fitting the definition of consensual sexual intent in user-generated content.",yes,,qwen/qwen3-next-80b-a3b-instruct,2026-06-22T10:10:59+00:00
TR_SEX_001_0004,TR,tr-TR,Sexually_Explicit_Information,group_chat,adult_content_promo,semi_explicit,medium,commercial,announcement,abbreviation,group_chat_promo_003,kanka bana özel dms’lere siki preview gönderebilirsiniz. ücretsiz örnek için bana DM atın,yes,true,Sexually_Explicit_Information,0.98,"The text uses explicit sexual slang ('siki') in a context offering preview content for direct sexual solicitation via DMs, with clear intent to promote sexual material for free as a lure. This matches the definition of Sexually_Explicit_Information: arousal-focused, sexual act-related solicitation with commercial/lewd intent in Turkish UGC. No protected identity or state-security redline is triggered; it is not harassment (no target insult) but direct sexual promotion.",yes,,qwen/qwen3-next-80b-a3b-instruct,2026-06-22T09:49:52+00:00
TR_SEX_001_0006,TR,tr-TR,Sexually_Explicit_Information,dm,adult_private_chat,semi_explicit,medium,casual,question,emoji,dm_question_005,uyudun mu yoksa siki seyler mi planliyorsun 😏?,yes,true,Sexually_Explicit_Information,0.95,"The text 'uyudun mu yoksa siki seyler mi planliyorsun 😏?' uses the Turkish slang 'siki seyler' (explicitly sexual activity) combined with the suggestive emoji 😏, indicating clear sexual intent and arousal-focused messaging. This fits the definition of Sexually_Explicit_Information as lewd, sexually suggestive content with consensual adult intent in user-generated context. No harassment, hate, or state-security redline is present.",yes,,qwen/qwen3-next-80b-a3b-instruct,2026-06-22T10:11:02+00:00
TR_SEX_001_0008,TR,tr-TR,Sexually_Explicit_Information,live_chat,adult_video_chat,explicit,long,direct,invitation,none,live_chat_inv_007,camlarda canlı seyretmek istersen eğer bir süreliğine ücretsiz paylaşabilirim. sadece mesajlarıma cevap ver yeter.,yes,true,Sexually_Explicit_Information,0.95,"The text implies offering live, unsolicited sexual content ('camlarda canlı seyretmek' - watching live on camera) in exchange for a reply, which is a clear solicitation of sexual engagement in a consensual adult context. The phrasing 'sadece mesajlarıma cevap ver yeter' (just reply to my messages) is a common euphemism in Turkish UGC for initiating sexual chat or webcam exposure. This matches the definition of Sexually_Explicit_Information: solicitation of sexual acts via digital medium with aro",yes,,qwen/qwen3-next-80b-a3b-instruct,2026-06-22T09:45:40+00:00
TR_SEX_001_0011,TR,tr-TR,Sexually_Explicit_Information,meme_caption,suggestive_meme,implicit_but_trainable,medium,humorous,teaser,emoji,meme_caption_010,abi harbiden ateşlisin abi 🔥 gece nasıl geçireceğiz baksana 😏,yes,true,Sexually_Explicit_Information,0.95,"The text uses Turkish slang ('abi harbiden ateşlisin' = 'bro, you're seriously hot') combined with a fire emoji (🔥) and a suggestive emoji (😏), implying sexual attraction and intimate intentions ('gece nasıl geçireceğiz baksana' = 'just look how we'll spend the night'). The tone is flirtatious with clear sexual innuendo focused on consensual sexual activity, fitting the definition of Sexually_Explicit_Information in Turkish UGC context.",yes,,qwen/qwen3-next-80b-a3b-instruct,2026-06-22T09:54:55+00:00
TR_SEX_001_0012,TR,tr-TR,Sexually_Explicit_Information,group_chat,adult_content_promo,semi_explicit,medium,casual,list_like,code_mix,group_promo_list_011,kanka’lar özel live’lere katılım için gruba DM atacak. sadece 25₺ ücretli gece 3’te canlı,yes,true,Sexually_Explicit_Information,0.95,"The text explicitly promotes paid live streams ('özel live’lere katılım', 'sadece 25₺ ücretli', 'canlı') at a specific time ('gece 3’te'), which in Turkish online context strongly implies sexually explicit or adult content. The phrasing 'özel live' combined with monetary payment and late-night timing is a common euphemism in Turkish user-generated content for sexual performances. No indication of romantic, non-sexual, or benign intent is present. This matches the definition of Sexually_Explicit_",yes,,qwen/qwen3-next-80b-a3b-instruct,2026-06-22T09:54:38+00:00
TR_SEX_001_0013,TR,tr-TR,Sexually_Explicit_Information,dm,adult_private_chat,explicit,short,direct,invitation,none,dm_explicit_inv_012,özel mesaja gel şimdi,yes,true,Sexually_Explicit_Information,0.95,"The phrase 'özel mesaja gel şimdi' (come to private message now) is a common Turkish euphemism in user-generated content for initiating sexually explicit or sexually suggestive private conversations. In the context of synthetic sex-related training data (source: synthetic_sex_r3), this phrase is used to solicit sexual engagement, aligning with the definition of Sexually_Explicit_Information. The urgency ('şimdi') and context imply consensual sexual intent, not harassment or spam. No other catego",yes,,qwen/qwen3-next-80b-a3b-instruct,2026-06-22T10:03:31+00:00
TR_SEX_001_0015,TR,tr-TR,Sexually_Explicit_Information,adult_content_promo,adult_content_promo,semi_explicit,medium,commercial,announcement,none,promo_annc_014,Tüm gece boyunca sizi ‘zekeye’ boğacak özel canlı yayınlara katılın. DM’den ulaşabilirsiniz.,yes,true,Sexually_Explicit_Information,0.95,"The text uses euphemistic sexual slang ('zekeye boğacak') in a promotional context for live streams, implying explicit sexual content or arousal-focused performance. The phrase 'özel canlı yayınlar' combined with 'DM’den ulaşabilirsiniz' is a common pattern in adult content promotion in Turkish UGC, indicating consensual sexual intent. No harassment, hate speech, or state-security redline is present; the core intent is sexually explicit promotion.",yes,,qwen/qwen3-next-80b-a3b-instruct,2026-06-22T10:00:42+00:00
TR_SEX_001_0017,TR,tr-TR,Sexually_Explicit_Information,dating_app,adult_hookup,explicit,medium,direct,invitation,misspelling,dating_app_inv_016,sen de benimle bir gece geçirmeye ne dersin?? cevabini merakla bekliyorum,yes,true,Sexually_Explicit_Information,0.95,"The text 'sen de benimle bir gece geçirmeye ne dersin?? cevabini merakla bekliyorum' is a direct, flirtatious invitation for a sexual encounter ('bir gece geçirmek' is a common Turkish euphemism for sexual intimacy), framed with anticipatory sexual intent ('cevabini merakla bekliyorum'). This matches the definition of Sexually_Explicit_Information: solicitation of sexual activity with arousal-focused, consensual intent in a dating context. No harassment, hate, or state-security elements are pres",yes,,qwen/qwen3-next-80b-a3b-instruct,2026-06-22T09:33:09+00:00
TR_SEX_001_0018,TR,tr-TR,Sexually_Explicit_Information,live_chat,adult_video_chat,semi_explicit,medium,playful,reply,code_mix,live_chat_reply_017,abi live’e katilim için DM’den mesaj atın diyorsun zaten 😏,yes,true,Sexually_Explicit_Information,0.95,"The text uses a suggestive emoji (😏) in context of inviting someone to join a 'live' session via DM, which in Turkish online UGC culture strongly implies sexual or erotic intent. The phrasing 'live’e katilim için DM’den mesaj atın' is a common euphemism in adult content promotion, and the emoji reinforces sexual solicitation. This matches the definition of Sexually_Explicit_Information: arousal-focused, hookup solicitation, or lewd intent in informal chat contexts.",yes,,qwen/qwen3-next-80b-a3b-instruct,2026-06-22T10:04:36+00:00
TR_SEX_001_0020,TR,tr-TR,Sexually_Explicit_Information,comment,lewd_joke,implicit_but_trainable,short,humorous,reply,emoji,comment_joke_019,abi harbi ateşlisin abi 🔥,yes,true,Sexually_Explicit_Information,0.85,"The phrase 'abi harbi ateşlisin abi 🔥' uses Turkish slang ('harbi' = seriously/extremely, 'ateşli' = fiery/passionate) with the fire emoji (🔥), which in Turkish UGC context is commonly used to imply strong sexual attraction or desirability. This is a recognized euphemistic and flirtatious expression in Turkish social media for sexual appeal, not merely admiration. The tone and emoji cluster align with consensual sexual intent in user-generated content, fitting Sexually_Explicit_Information.",yes,,qwen/qwen3-next-80b-a3b-instruct,2026-06-22T10:04:28+00:00
TR_SEX_001_0022,TR,tr-TR,Sexually_Explicit_Information,dm,adult_private_chat,semi_explicit,medium,casual,question,emoji,dm_question_021,abi cevap vermeyecek misin?? 😏 gece nasıl geçireceğiz hadi,yes,true,Sexually_Explicit_Information,0.95,"The text uses a flirtatious tone with the emoji 😏 and suggestive phrasing ('gece nasıl geçireceğiz hadi') implying consensual sexual intent in a private, intimate context. This aligns with the definition of Sexually_Explicit_Information as arousal-focused, sexually suggestive communication in Turkish UGC. No harassment, hate, or state-security redline is present. The label is appropriate.",yes,,qwen/qwen3-next-80b-a3b-instruct,2026-06-22T09:52:26+00:00
TR_SEX_001_0023,TR,tr-TR,Sexually_Explicit_Information,group_chat,adult_content_promo,semi_explicit,medium,playful,announcement,abbreviation,group_promo_022,Gecenin anlık özel canlı yayınları için gruba DM atıp katılabilirsiniz. Sadece 10₺,yes,true,Sexually_Explicit_Information,0.95,"The text promotes access to 'gecenin anlık özel canlı yayınları' (instant private live broadcasts of the night) for a fee of 10₺, which in Turkish online context strongly implies sexually explicit or pornographic content. The phrasing 'özel canlı yayınları' combined with a small payment request is a common euphemism in Turkish UGC for paid sexual streams. No romantic, benign, or harassment-only interpretation is plausible. This matches the definition of Sexually_Explicit_Information: solicitatio",yes,,qwen/qwen3-next-80b-a3b-instruct,2026-06-22T10:11:02+00:00
TR_SEX_001_0026,TR,tr-TR,Sexually_Explicit_Information,live_chat,adult_video_chat,semi_explicit,medium,direct,invitation,none,live_chat_inv_025,canlıda sadece özel DM’lere cevap vereceğim gece için planlama yapabilirsin,yes,true,Sexually_Explicit_Information,0.95,"The text 'canlıda sadece özel DM’lere cevap vereceğim gece için planlama yapabilirsin' implies an invitation for private, intimate, and sexually suggestive interaction during a live stream, with 'gece için planlama' (planning for the night) strongly suggesting consensual adult sexual intent in a Turkish UGC context. This aligns with the definition of Sexually_Explicit_Information: arousal-focused, sexualized solicitation in a live-streaming context using euphemistic but culturally understood sex",yes,,qwen/qwen3-next-80b-a3b-instruct,2026-06-22T10:07:01+00:00
TR_SEX_001_0031,TR,tr-TR,Sexually_Explicit_Information,dm,adult_private_chat,semi_explicit,short,direct,invitation,none,dm_001,Özele gelsin miyiz? mesaj kutum hep açık bekliyo.,yes,true,Sexually_Explicit_Information,0.95,"The phrase 'Özele gelsin miyiz?' (Shall we go private?) combined with 'mesaj kutum hep açık bekliyo' (my DM is always open waiting) is a clear, culturally contextualized Turkish euphemism for inviting sexual or intimate contact via private messaging. This is consistent with common UGC patterns in Turkish digital spaces where DMs are used for sexual solicitation. The language is suggestive, arousal-focused, and implies consensual sexual intent without explicit anatomical terms—fitting the definit",yes,,qwen/qwen3-next-80b-a3b-instruct,2026-06-22T09:51:01+00:00
TR_SEX_001_0032,TR,tr-TR,Sexually_Explicit_Information,dm,adult_private_chat,explicit,medium,playful,reply,emoji,dm_002,"uyandım lan, hani gece bana gelecektin knk 😈 bak ne ara 👀",yes,true,Sexually_Explicit_Information,0.95,"The text uses Turkish slang ('lan', 'knk') and sexual implication ('gece bana gelecektin' + 😈 + 'bak ne ara' 👀) to suggest a sexual encounter, with clear arousal-focused intent. The emoji pair 😈👀 is culturally recognized in Turkish UGC as lewd, flirtatious, and sexually suggestive. This is not harassment or romantic—it is consensual sexual solicitation in informal digital context, fitting Sexually_Explicit_Information.",yes,,qwen/qwen3-next-80b-a3b-instruct,2026-06-22T09:57:50+00:00
TR_SEX_001_0033,TR,tr-TR,Sexually_Explicit_Information,dating_app,adult_hookup,semi_explicit,short,teasing,teaser,abbreviation,dating_001,kameramdan birazcık paylaşayım mı? :D,yes,true,Sexually_Explicit_Information,0.85,"The phrase 'kameramdan birazcık paylaşayım mı? :D' in Turkish dating-app context implies a suggestive, sexually explicit intent—'sharing a bit from my camera' is a common euphemism for sharing intimate or nude content. The smiley ':D' reinforces playful, flirtatious, and sexually suggestive tone. This aligns with Turkish UGC patterns where such phrasing is used to solicit explicit material. No protected identity, threat, or state-security issue is present; this fits Sexually_Explicit_Information",yes,,qwen/qwen3-next-80b-a3b-instruct,2026-06-22T10:00:52+00:00
TR_SEX_001_0034,TR,tr-TR,Sexually_Explicit_Information,comment,lewd_joke,implicit_but_trainable,very_short,humorous,statement,misspelling,comment_001,"bu kız o kadar ateşli ki, evinde birazcık ateş yakmaz mı 🔥",yes,true,Sexually_Explicit_Information,0.95,"The text uses colloquial Turkish with sexual implication: 'bu kız o kadar ateşli ki' (this girl is so fiery) combined with 'evinde birazcık ateş yakmaz mı 🔥' (won't she light a little fire at home?) and the fire emoji 🔥 strongly suggests sexual arousal or invitation to sexual activity. The phrasing is euphemistic but culturally understood in Turkish UGC as a flirtatious or sexually suggestive remark. No harassment, hate, or state-security elements are present; the intent aligns with consensual s",yes,,qwen/qwen3-next-80b-a3b-instruct,2026-06-22T09:56:54+00:00
TR_SEX_001_0035,TR,tr-TR,Sexually_Explicit_Information,group_chat,adult_private_chat,semi_explicit,medium,casual,fragmented_chat,spacing,group_001,"abi bak şimdi canlı yayında o kadar çok şey konuşuyoruz ki, bir de birazcık özele insek keşke :)",yes,true,Sexually_Explicit_Information,0.85,"The text uses suggestive, euphemistic language ('bir de birazcık özele insek keşke') in a context of intimate conversation ('canlı yayında o kadar çok şey konuşuyoruz'), implying a desire for private, sexual intimacy. The phrasing is sexually suggestive, not merely romantic or casual, and aligns with Turkish UGC patterns where 'özele' (to get intimate/private) carries clear sexual connotations in group chat contexts. This fits the definition of Sexually_Explicit_Information as arousal-focused, i",yes,,qwen/qwen3-next-80b-a3b-instruct,2026-06-22T09:44:44+00:00
TR_SEX_001_0037,TR,tr-TR,Sexually_Explicit_Information,comment,lewd_joke,implicit_but_trainable,short,humorous,statement,emoji,comment_002,bu birazcık fazla ateşli değil mi? 😂 yansın bakalım 👀,yes,true,Sexually_Explicit_Information,0.9,"The text uses suggestive language ('birazcık fazla ateşli' - 'a bit too fiery') paired with emojis (😂👀) commonly associated with sexual teasing or arousal in Turkish online contexts. The phrase 'yansın bakalım' (let it burn) implies sexual excitement or desire, and the emojis reinforce a lewd, flirtatious intent. This aligns with sexually explicit content in user-generated Turkish content, even if not overtly graphic.",yes,,qwen/qwen3-next-80b-a3b-instruct,2026-06-22T09:45:17+00:00
TR_SEX_001_0038,TR,tr-TR,Sexually_Explicit_Information,dating_app,adult_hookup,semi_explicit,medium,teasing,teaser,none,dating_002,Benimle birazcık özel bir şeyler mi yapmak istersin? Doğrudan mesajda daha rahat olabilirim.,yes,true,Sexually_Explicit_Information,0.95,"The text uses suggestive language ('birazcık özel bir şeyler') and proposes moving the conversation to direct messages for sexual intent ('daha rahat olabilirim'), which is a common pattern in Turkish dating-app contexts for soliciting consensual sexual interaction. This aligns with the definition of Sexually_Explicit_Information: arousal-focused, sexually suggestive solicitation without coercion or abuse. No protected identity, state security, or violent elements are present.",yes,,qwen/qwen3-next-80b-a3b-instruct,2026-06-22T09:57:06+00:00
TR_SEX_001_0039,TR,tr-TR,Sexually_Explicit_Information,dm,adult_private_chat,explicit,short,direct,invitation,none,dm_004,Özele gelsin mi? Ateşliyim birazcık :),yes,true,Sexually_Explicit_Information,0.95,"The phrase 'Özele gelsin mi?' is a Turkish slang euphemism for inviting someone for intimate/sexual contact, and 'Ateşliyim birazcık :)' adds a sexually suggestive tone implying arousal. The context, tone, and use of emoticon confirm consensual sexual intent typical of adult UGC, fitting Sexually_Explicit_Information under Turkey-specific annotation rules.",yes,,qwen/qwen3-next-80b-a3b-instruct,2026-06-22T10:05:13+00:00
TR_SEX_001_0040,TR,tr-TR,Sexually_Explicit_Information,group_chat,adult_private_chat,semi_explicit,medium,playful,fragmented_chat,misspelling,group_002,"abi bak canlıda falan ne kadar havalıyız ya, birazcık da özele kaydıralım keşke 😈",yes,true,Sexually_Explicit_Information,0.95,"The text uses suggestive language ('canlıda falan ne kadar havalıyız', 'özele kaydıralım') with a sexual emoji (😈), indicating consensual sexual intent in a casual, flirtatious context typical of Turkish UGC. The phrasing implies desire for private sexual interaction, fitting the definition of Sexually_Explicit_Information. No protected identity, threat, or state-security redline is present.",yes,,qwen/qwen3-next-80b-a3b-instruct,2026-06-22T09:45:10+00:00
TR_SEX_001_0042,TR,tr-TR,Sexually_Explicit_Information,dm,adult_private_chat,explicit,medium,playful,question,emoji,dm_005,uyudun mu yoksa düşünüyor musun? 👀 hadi birazcık özele kaçalım :),yes,true,Sexually_Explicit_Information,0.95,"The text uses suggestive language ('uyudun mu yoksa düşünüyor musun? 👀') and a flirtatious invitation ('hadi birazcık özele kaçalım :)') with clear sexual undertones. The eye emoji (👀) and the phrase 'özele kaçalım' (let's slip away privately) are culturally recognized euphemisms in Turkish UGC for initiating intimate or sexual encounters. This aligns with the definition of Sexually_Explicit_Information: arousal-focused, consensual sexual solicitation in informal contexts. No harassment, hate, o",yes,,qwen/qwen3-next-80b-a3b-instruct,2026-06-22T10:03:19+00:00
TR_SEX_001_0044,TR,tr-TR,Sexually_Explicit_Information,dating_app,adult_hookup,semi_explicit,medium,teasing,teaser,code_mix,dating_003,Hot mu arıyorsun? Ben birazcık playboy ruhluyum 😈 DM’lere bakıyorum.,yes,true,Sexually_Explicit_Information,0.95,"The text uses sexually suggestive language ('Hot mu arıyorsun?' - 'Are you looking for hot?') combined with a playful, flirtatious tone and the devil emoji (😈), which is culturally associated with mischief and sexual intent in Turkish digital contexts. The phrase 'Ben birazcık playboy ruhluyum' ('I'm a bit playboy-minded') and 'DM’lere bakıyorum' ('I'm checking DMs') explicitly signals sexual or romantic advance in a dating app context, aligning with the definition of sexually explicit informati",yes,,qwen/qwen3-next-80b-a3b-instruct,2026-06-22T10:12:51+00:00
TR_SEX_001_0045,TR,tr-TR,Sexually_Explicit_Information,dm,adult_private_chat,explicit,long,direct,invitation,none,dm_006,Gecenin bu saatinde sen de uyanık mısın? Mesaj kutum hep açık bekliyorum. Odanda ateş var mı acaba? Belki birbirimizin ateşini birleştirebiliriz. Özele gelsin mi?,yes,true,Sexually_Explicit_Information,0.95,"The text uses suggestive and erotic language with clear sexual intent: 'odanda ateş var mı acaba?' and 'belki birbirimizin ateşini birleştirebiliriz' are euphemisms for sexual intimacy, and 'özele gelsin mi?' is a direct invitation for private, intimate contact. The tone, context, and phrasing align with consensual sexual solicitation in Turkish UGC, fitting the definition of Sexually_Explicit_Information.",yes,,qwen/qwen3-next-80b-a3b-instruct,2026-06-22T10:09:49+00:00
TR_SEX_001_0046,TR,tr-TR,Sexually_Explicit_Information,group_chat,adult_private_chat,semi_explicit,short,casual,statement,misspelling,group_003,abi canlıda falan o kadar şey konuşuyoruz ki birazcık da özele kaydıralım :),yes,true,Sexually_Explicit_Information,0.95,"The text uses suggestive, euphemistic language ('canlıda falan o kadar şey konuşuyoruz', 'özele kaydıralım') in a context implying a transition from general chat to private sexual interaction. The phrase 'özele kaydıralım' (let's move to private) in Turkish online slang commonly implies shifting to intimate or sexual communication, especially when preceded by 'canlıda' (live) and the flirtatious tone. This aligns with sexual solicitation intent in user-generated content, fitting Sexually_Explici",yes,,qwen/qwen3-next-80b-a3b-instruct,2026-06-22T09:58:22+00:00
TR_SEX_001_0047,TR,tr-TR,Sexually_Explicit_Information,dm,adult_private_chat,semi_explicit,short,direct,invitation,none,dm_007,Gece geç saatte bile cevaplıyorum. Özele gelsin mi? Hemen :),yes,true,Sexually_Explicit_Information,0.95,"The text uses suggestive language ('Özele gelsin mi? Hemen :)') in a context that implies sexual invitation, with the emoji ':' indicating flirtatious or arousal-focused intent. In Turkish UGC, this phrasing is commonly used in sexualized DMs to propose private, intimate encounters. The tone and structure align with consensual sexual solicitation, fitting Sexually_Explicit_Information.",yes,,qwen/qwen3-next-80b-a3b-instruct,2026-06-22T09:56:00+00:00
TR_SEX_001_0048,TR,tr-TR,Sexually_Explicit_Information,comment,lewd_joke,implicit_but_trainable,very_short,humorous,statement,emoji,comment_004,bu kız o kadar ateşli ki ateş yakmak lazım 🔥😂,yes,true,Sexually_Explicit_Information,0.95,"The phrase 'bu kız o kadar ateşli ki ateş yakmak lazım' uses Turkish slang where 'ateşli' (fiery) is a common euphemism for high sexual desire, and 'ateş yakmak' (to set fire) is a culturally understood sexual metaphor implying intense sexual arousal or need. The fire emoji (🔥) reinforces the sexual connotation, and the laugh emoji (😂) suggests playful, flirtatious intent typical of consensual sexual UGC. This is not harassment or hate speech—it is sexually suggestive content framed as admiratio",yes,,qwen/qwen3-next-80b-a3b-instruct,2026-06-22T10:01:00+00:00
TR_SEX_001_0049,TR,tr-TR,Sexually_Explicit_Information,profile_bio,adult_profile_bio,implicit_but_trainable,short,teasing,announcement,abbreviation,bio_002,Fantazi sevenlerle tanışmak istiyorum. DM’ler açık 😈,yes,true,Sexually_Explicit_Information,0.95,"The text 'Fantazi sevenlerle tanışmak istiyorum. DM’ler açık 😈' uses the term 'Fantazi sevenler' (fantasy lovers), which in Turkish online context often implies sexual or erotic fantasy interests, and the devil emoji (😈) is a widely recognized euphemism for sexual or flirtatious intent in Turkish UGC. Combined with 'DM’ler açık' (DMs open), this is a clear solicitation for sexual or erotic interaction, fitting the definition of Sexually_Explicit_Information. No protected identity, harassment, or",yes,,qwen/qwen3-next-80b-a3b-instruct,2026-06-22T10:10:58+00:00
TR_SEX_001_0050,TR,tr-TR,Sexually_Explicit_Information,dm,adult_private_chat,explicit,short,playful,reply,emoji,dm_008,uyanık mısın acaba??? 👀 cevap vereceksin sanırım 😈,yes,true,Sexually_Explicit_Information,0.85,"The text uses suggestive phrasing ('uyanık mısın acaba???') combined with the eye emoji 👀 and devil emoji 😈, which in Turkish digital context commonly imply sexual or flirtatious intent. The tone is suggestive, not romantic or neutral, and the emojis are culturally recognized as indicators of sexual innuendo in UGC. No harassment or state-security trigger is present. This fits Sexually_Explicit_Information as consensual sexual implication.",yes,,qwen/qwen3-next-80b-a3b-instruct,2026-06-22T09:56:45+00:00
TR_SEX_001_0051,TR,tr-TR,Sexually_Explicit_Information,dating_app,adult_roleplay,semi_explicit,medium,coded,teaser,code_mix,dating_004,Roleplay seven biri misin? Ben dominant yöne yatkınım birazcık :),yes,true,Sexually_Explicit_Information,0.95,"The text explicitly invites sexual roleplay ('Roleplay seven biri misin?') and self-identifies as having a倾向 toward dominance ('Ben dominant yöne yatkınım birazcık :)'), which constitutes clear consensual sexual intent in a dating-app context. The use of 'roleplay' and 'dominant' in this context is sexually suggestive and aligns with the definition of Sexually_Explicit_Information. No harassment, hate, or state-security redline is present. The label is appropriate.",yes,,qwen/qwen3-next-80b-a3b-instruct,2026-06-22T09:54:03+00:00
TR_SEX_001_0052,TR,tr-TR,Sexually_Explicit_Information,group_chat,adult_private_chat,semi_explicit,short,casual,statement,misspelling,group_004,abi canlıda falan o kadar şey konuşuyoruz ki özele kaydıralım bence :),yes,true,Sexually_Explicit_Information,0.95,"The text uses suggestive Turkish slang ('canlıda falan o kadar şey konuşuyoruz') implying intimate or sexual conversation, followed by a proposal to move to private chat ('özele kaydıralım'), which is a common euphemism in Turkish UGC for engaging in sexual or sexually explicit communication. The smiley emoticon ':' reinforces flirtatious/sexual intent. This matches the definition of Sexually_Explicit_Information: arousal-focused, consensual sexual solicitation in informal context.",yes,,qwen/qwen3-next-80b-a3b-instruct,2026-06-22T10:03:05+00:00
TR_SEX_001_0053,TR,tr-TR,Sexually_Explicit_Information,dm,adult_private_chat,explicit,medium,direct,invitation,none,dm_009,"Mesaj kutum hep açık, gece bile. Özele gelsin mi? Hemen yanıt vereceğim.",yes,true,Sexually_Explicit_Information,0.95,"The text uses suggestive language ('Mesaj kutum hep açık, gece bile' - 'My inbox is always open, even at night') and implies availability for private, intimate contact ('Özele gelsin mi? Hemen yanıt vereceğim.' - 'Shall I come privately? I'll respond immediately'). This phrasing is contextually consistent with sexual solicitation in Turkish digital communication, indicating consensual sexual intent without overt violence or abuse. It fits the definition of Sexually_Explicit_Information as arousa",yes,,qwen/qwen3-next-80b-a3b-instruct,2026-06-22T09:56:12+00:00
TR_SEX_001_0055,TR,tr-TR,Sexually_Explicit_Information,dating_app,adult_hookup,semi_explicit,medium,teasing,teaser,none,dating_005,Birazcık özel bir şeyler mi arıyorsun? Doğrudan mesajda daha rahat olabiliriz.,yes,true,Sexually_Explicit_Information,0.95,"The text 'Birazcık özel bir şeyler mi arıyorsun? Doğrudan mesajda daha rahat olabiliriz.' uses suggestive, euphemistic language ('özel bir şeyler', 'daha rahat olabiliriz') commonly employed in Turkish dating-app contexts to imply sexual intent and initiate private sexual conversation. The phrasing is a recognized pattern for soliciting explicit or sexualized interaction, fitting the definition of Sexually_Explicit_Information even without explicit terms. No harassment, hate, or state-security r",yes,,qwen/qwen3-next-80b-a3b-instruct,2026-06-22T10:00:22+00:00
TR_SEX_001_0056,TR,tr-TR,Sexually_Explicit_Information,dm,adult_private_chat,explicit,short,direct,invitation,none,dm_010,Özele gelsin mi? Hemen cevaplayacağım.,yes,true,Sexually_Explicit_Information,0.95,"The phrase 'Özele gelsin mi?' is a Turkish slang euphemism implying intimate or sexual invitation ('come to me privately' with sexual connotation). Combined with 'Hemen cevaplayacağım' (I'll answer immediately), it suggests immediate sexual engagement, consistent with consensual sexual intent in adult UGC. No harassment, hate, or state-security redline is present. This fits Sexually_Explicit_Information as defined.",yes,,qwen/qwen3-next-80b-a3b-instruct,2026-06-22T09:46:31+00:00
TR_SEX_001_0058,TR,tr-TR,Sexually_Explicit_Information,group_chat,adult_private_chat,semi_explicit,medium,playful,fragmented_chat,emoji,group_005,abi canlıda falan o kadar şey konuşuyoruz ki birazcık da özele kaydıralım keşke 😈🔥,yes,true,Sexually_Explicit_Information,0.95,"The text uses suggestive language ('canlıda falan o kadar şey konuşuyoruz', 'özele kaydıralım') combined with sexual emojis (😈🔥) to imply a desire to transition from general conversation to intimate or sexual interaction. This aligns with the definition of Sexually_Explicit_Information: arousal-focused, sexually suggestive intent in user-generated content, even if not explicit. The tone and context are consensual and flirtatious, fitting the category.",yes,,qwen/qwen3-next-80b-a3b-instruct,2026-06-22T09:55:21+00:00
TR_SEX_001_0060,TR,tr-TR,Sexually_Explicit_Information,dm,adult_private_chat,semi_explicit,short,direct,invitation,none,dm_semi_001,"Özele geliyorsan mesaj kutum hep açık abi, geceye de bakabilirsin 😏 biraz ateşini hissetmek istiyorum.",yes,true,Sexually_Explicit_Information,0.95,"The text uses explicit sexual innuendo ('özele geliyorsan', 'geceye de bakabilirsin', 'biraz ateşini hissetmek istiyorum') combined with a suggestive emoji (😏), indicating consensual sexual intent in a romantic/sexual context. The language is colloquial Turkish with clear arousal-focused intent, fitting the definition of Sexually_Explicit_Information. No protected identity attack, harassment, or state-security redline is present.",yes,,qwen/qwen3-next-80b-a3b-instruct,2026-06-22T09:46:57+00:00
TR_SEX_001_0061,TR,tr-TR,Sexually_Explicit_Information,dm,adult_private_chat,explicit,medium,direct,invitation,none,TR_SEX_DM_DIR_001,Knk abi gece 3 mü yoksa uyuyor musun? Baksana ateşli bi şeyler konuşmak var ya da direkt iş yapalım istiyorum 🔥 Mesaj kutum hep açık kalıyor zaten.,yes,true,Sexually_Explicit_Information,0.95,"The text uses explicit sexual innuendo ('aşetli bi şeyler konuşmak', 'direkt iş yapalım') and a fire emoji (🔥) to solicit sexual activity, indicating consensual adult sexual intent. The phrasing 'iş yapalım' in Turkish digital slang commonly implies sexual intercourse, and the context of late-night availability reinforces sexual solicitation. This matches the definition of Sexually_Explicit_Information.",yes,,qwen/qwen3-next-80b-a3b-instruct,2026-06-22T10:02:38+00:00
TR_SEX_001_0062,TR,tr-TR,Sexually_Explicit_Information,dm,adult_private_chat,semi_explicit,short,playful,teaser,emoji,TR_SEX_DM_PLAY_002,Dünkü live’ımızda kanka çok beğendim abi 😈 Sana özel bi video hazılattım bi bak haberin olsun 👀🔥,yes,true,Sexually_Explicit_Information,0.95,"The text uses sexually suggestive emojis (😈, 🔥, 👀) and implies a private, intimate video created 'sana özel' (for you specifically) following a live stream, indicating consensual sexual intent typical of adult-oriented Turkish UGC. The phrasing 'bi bak haberin olsun' (take a look, so you're aware) with erotic emojis clearly frames the message as sexually explicit solicitation, not harassment or romance. This matches the definition of Sexually_Explicit_Information.",yes,,qwen/qwen3-next-80b-a3b-instruct,2026-06-22T09:49:01+00:00
TR_SEX_001_0063,TR,tr-TR,Sexually_Explicit_Information,dating_app,adult_hookup,explicit,medium,casual,announcement,misspelling,TR_SEX_DAT_CAS_003,Yakışıklıysan ve 30-40 yaş arasıysan DM’ime gel abi. Açıkçası sevişmekten daha çok keyif alan biriyimdir lan ya 😈,yes,true,Sexually_Explicit_Information,0.95,"The text explicitly solicits sexual contact ('sevişmekten daha çok keyif alan biriyimdir') with clear erotic intent, using slang ('DM’ime gel abi'), colloquial Turkish ('lan ya'), and a sexual emoji (😈). It targets individuals based on physical appearance and age for consensual sexual engagement, fitting the definition of Sexually_Explicit_Information. No protected identity attack, harassment of a specific person, or state-security violation is present.",yes,,qwen/qwen3-next-80b-a3b-instruct,2026-06-22T10:13:32+00:00
TR_SEX_001_0064,TR,tr-TR,Sexually_Explicit_Information,comment,lewd_joke,implicit_but_trainable,short,humorous,fragmented_chat,spacing,TR_SEX_COM_HUM_004,Şu ayakkabıları giyince bak aklıma hangi ayakkabı modası geliyo 👀 ayaklar çıplak mı kalıyo 😏,yes,true,Sexually_Explicit_Information,0.95,"The text uses suggestive language ('bak aklıma hangi ayakkabı modası geliyo 👀') and a clearly sexual emoji ('😏') to imply nudity ('ayaklar çıplak mı kalıyo') in a context that evokes sexual arousal or flirtatious intent. The phrasing is euphemistic but culturally and contextually interpretable in Turkish UGC as sexually suggestive, aligning with Sexually_Explicit_Information criteria for lewd, arousal-focused content with implicit sexual implication.",yes,,qwen/qwen3-next-80b-a3b-instruct,2026-06-22T09:32:05+00:00
TR_SEX_001_0065,TR,tr-TR,Sexually_Explicit_Information,dm,adult_roleplay,semi_explicit,medium,teasing,reply,code_mix,TR_SEX_DM_TES_005,Baksana hadi abi roleplaye ne dersin? Sen top ol ben bottom 😈 Ne diyorsun ya knk?,yes,true,Sexually_Explicit_Information,0.95,"The text uses explicit sexual roleplay terminology ('top' and 'bottom') with a sexual emoji (😈), in a casual, flirtatious Turkish slang context ('Baksana hadi abi', 'ne dersin ya knk?'). This constitutes clear consensual sexual intent typical of adult-oriented UGC, fitting the Sexually_Explicit_Information category. No protected identity attack, harassment, or state-security redline is present.",yes,,qwen/qwen3-next-80b-a3b-instruct,2026-06-22T10:06:21+00:00
TR_SEX_001_0066,TR,tr-TR,Sexually_Explicit_Information,group_chat,adult_private_chat,explicit,long,messy,list_like,punctuation_play,TR_SEX_GRP_MES_006,Abi bakın bi 5 kişilik grup chat var ya birazdan canlıya geleceğiz... kimse boş mu?!! 22:00’dan itibaren herkesin DM’si açık olsun... evli çift varsa özellikle hoş geldiniz 😈🔥🔥,yes,true,Sexually_Explicit_Information,0.95,"The text explicitly invites participants to join a live session with sexual connotations ('😈🔥🔥'), requests open DMs at a specific time, and specifically welcomes married couples in a context that implies sexual activity. The use of fire and devil emojis, combined with the phrasing 'canlıya geleceğiz' and 'DM’si açık olsun', strongly suggests consensual sexual intent in a group-chat context, fitting the definition of Sexually_Explicit_Information under Turkish TR guidelines.",yes,,qwen/qwen3-next-80b-a3b-instruct,2026-06-22T09:52:23+00:00
TR_SEX_001_0067,TR,tr-TR,Sexually_Explicit_Information,dm,adult_video_chat,semi_explicit,very_short,direct,question,none,TR_SEX_DM_DIR_007,Camdan çıplak mı göstereceksin knk?,yes,true,Sexually_Explicit_Information,0.95,"The text 'Camdan çıplak mı göstereceksin knk?' translates to 'Are you going to show your naked body from the window, bro?' The phrase uses colloquial Turkish ('knk' for 'kanka') and contains a direct, sexually suggestive request for nudity, framed in a context implying sexual exhibitionism. This aligns with the definition of Sexually_Explicit_Information: lewd, arousal-focused content involving explicit sexual acts or nudity solicitation. No harassment or identity-based attack is present; the in",yes,,qwen/qwen3-next-80b-a3b-instruct,2026-06-22T09:32:53+00:00
TR_SEX_001_0068,TR,tr-TR,Sexually_Explicit_Information,dating_app,adult_hookup,explicit,medium,commercial,teaser,abbreviation,TR_SEX_DAT_COM_008,Premium profilinizde birazdan ‘Özel İçerik’ butonu aktif olacak abi 👀 Dilediğiniz şekilde erişebilirsiniz. Sadece DM’den ulaşın 🔐,yes,true,Sexually_Explicit_Information,0.95,"The text explicitly hints at access to 'Özel İçerik' (Special Content) via DM, using suggestive emojis (👀) and security-themed language (🔐) to imply private sexual material. The phrasing 'dilediğiniz şekilde erişebilirsiniz' (you can access however you like) and the context of a dating app strongly indicate consensual sexual solicitation, fitting the definition of Sexually_Explicit_Information. No protected identity, state security, or violent intent is present, so no higher-risk category applie",yes,,qwen/qwen3-next-80b-a3b-instruct,2026-06-22T09:55:18+00:00
TR_SEX_001_0069,TR,tr-TR,Sexually_Explicit_Information,comment,lewd_joke,implicit_but_trainable,short,humorous,teaser,emoji,TR_SEX_COM_HUM_009,Abi bana ‘kızcağız’ diyorsun ya hani... o kızcağızın bi de öbür tarafını görelim artık 😏👀,yes,true,Sexually_Explicit_Information,0.95,"The text uses a flirtatious, sexually suggestive tone with the phrase 'o kızcağızın bi de öbür tarafını görelim artık' (let's see the other side of this girl now), combined with the emojis 😏👀 which are culturally recognized in Turkish UGC as indicators of sexual curiosity or arousal. The context implies a non-consensual or objectifying sexual gaze directed at a female, framed as a lewd request under the guise of playful banter. This aligns with Sexually_Explicit_Information as it contains arousa",yes,,qwen/qwen3-next-80b-a3b-instruct,2026-06-22T10:12:53+00:00
TR_SEX_001_0070,TR,tr-TR,Sexually_Explicit_Information,dm,adult_private_chat,explicit,medium,direct,invitation,misspelling,TR_SEX_DM_DIR_010,Knk gece gece niye bekliyorsunuz abi? Hadi özele gelin de azdıralım biraz ya 😈 Mesaj atman yeterli.,yes,true,Sexually_Explicit_Information,0.95,"The text uses suggestive language ('özele gelin de azdıralım biraz ya') with a sexual implication ('azdıralım' implies sexual activity), reinforced by the demon emoji (😈) commonly used in Turkish UGC to signal flirtatious or sexual intent. The context is clearly soliciting private sexual interaction, not harassment or romance. This matches the definition of Sexually_Explicit_Information: arousal-focused, consensual sexual solicitation in informal Turkish digital communication.",yes,,qwen/qwen3-next-80b-a3b-instruct,2026-06-22T10:01:33+00:00
TR_SEX_001_0071,TR,tr-TR,Sexually_Explicit_Information,profile_bio,adult_profile_bio,semi_explicit,very_short,coded,announcement,spacing,TR_SEX_BIO_COD_011,‘Gizli tanışma’ istiyorsanız DM’den ulaşın 🔐 Ben zevk odaklıyım 😈,yes,true,Sexually_Explicit_Information,0.95,"The text explicitly solicits private encounters ('Gizli tanışma') with a clear sexual intent ('zevk odaklıyım' - 'I'm pleasure-focused') and uses a sexualized emoji (😈), which is commonly associated with flirtation or sexual suggestion in Turkish UGC. The DM request for private contact in this context strongly implies consensual sexual or erotic intent, fitting the definition of Sexually_Explicit_Information. No harassment, hate, or state-security redline is present.",yes,,qwen/qwen3-next-80b-a3b-instruct,2026-06-22T09:52:00+00:00
TR_SEX_001_0072,TR,tr-TR,Sexually_Explicit_Information,group_chat,adult_hookup,explicit,long,playful,list_like,emoji,TR_SEX_GRP_PLA_012,Abi İzmir’den bi grup var lan 😈 3 kişi yetişkin çift arıyo... Herkes evliyse ve gizliyse buradan ulaşsınlar 🔥👀 Özel mesajlarınızı bekliyoruz 💬,yes,true,Sexually_Explicit_Information,0.95,"The text explicitly seeks adult couples (yetişkin çift) for private, consensual sexual encounters using sexually suggestive emojis (😈, 🔥, 👀) and phrases like 'özel mesajlarınızı bekliyoruz' in a context clearly implying sexual hookups. The language is lewd, arousal-focused, and matches the definition of Sexually_Explicit_Information in Turkish UGC. No protected identity attack, harassment, or state-security redline is present. The intent is consensual sexual solicitation, not spam or harassment.",yes,,qwen/qwen3-next-80b-a3b-instruct,2026-06-22T10:09:03+00:00
TR_SEX_001_0073,TR,tr-TR,Sexually_Explicit_Information,dm,adult_roleplay,semi_explicit,short,teasing,question,none,TR_SEX_DM_TES_013,Dünkü rolplayimi izledin mi abi? Gerçekten ateşlisin sen 😈 Bence biraz daha devam etsek iyi olacak.,yes,true,Sexually_Explicit_Information,0.95,"The text references a previous 'rolplayimi' (roleplay) with sexual connotations ('ateşlisin' + 😈 emoji), and explicitly suggests continuing it ('biraz daha devam etsek iyi olacak'), indicating consensual sexual intent in a flirtatious, arousal-focused context. This aligns with Sexually_Explicit_Information as defined for Turkish UGC, where suggestive language and emoji imply sexual activity beyond romantic or platonic interaction.",yes,,qwen/qwen3-next-80b-a3b-instruct,2026-06-22T09:47:47+00:00
TR_SEX_001_0074,TR,tr-TR,Sexually_Explicit_Information,meme_caption,suggestive_meme,implicit_but_trainable,very_short,humorous,teaser,punctuation_play,TR_SEX_MEM_HUM_014,Abi baksana bu fotoya... sanki ‘bakmazsın’ mı diyor? 😏😏,yes,true,Sexually_Explicit_Information,0.95,"The text uses a suggestive tone ('abi baksana bu fotoya... sanki 'bakmazsın' mı diyor?') paired with two winking emojis (😏😏), which in Turkish UGC context strongly implies sexualized intent, flirtatious arousal, and lewd interpretation of the image. This matches the definition of Sexually_Explicit_Information: arousal-focused, suggestive sexual implication without direct explicit language but with clear erotic intent via context and emoji clustering. No harassment, hate, or state-security trigge",yes,,qwen/qwen3-next-80b-a3b-instruct,2026-06-22T09:32:48+00:00
TR_SEX_001_0075,TR,tr-TR,Sexually_Explicit_Information,live_chat,adult_content_promo,semi_explicit,medium,commercial,announcement,abbreviation,TR_SEX_LIV_COM_015,Live’dan çıplak gösteri için birazdan linki paylaşıcam abi 👀 DM’den özel linkler de var. Gelene kadar sohbet edelim 😈,yes,true,Sexually_Explicit_Information,0.98,"The text explicitly offers a naked live show ('çıplak gösteri') and mentions private links via DM ('DM’den özel linkler de var'), with suggestive emojis (👀, 😈) indicating sexual intent. This constitutes clear pornographic solicitation and arousal-focused content under Turkey's Sexually_Explicit_Information category, even though phrased in slang. No protected identity or state-security redline is triggered; this is consensual sexual solicitation in UGC context.",yes,,qwen/qwen3-next-80b-a3b-instruct,2026-06-22T09:53:27+00:00
TR_SEX_001_0076,TR,tr-TR,Sexually_Explicit_Information,dm,adult_private_chat,explicit,short,direct,invitation,none,TR_SEX_DM_DIR_016,Gece 1’de uyumadın mı knk? Aklıma hep seni getiriyorsun abi... Hadi özele bir şeyler konuşalım 🔥,yes,true,Sexually_Explicit_Information,0.95,"The text uses intimate, flirtatious language ('Aklıma hep seni getiriyorsun abi...') and a fire emoji (🔥) in a late-night private messaging context, which strongly implies sexual or arousal-focused intent. The phrase 'Hadi özele bir şeyler konuşalım' (Let's talk privately about something) combined with the suggestive tone and emoji cluster aligns with sexually explicit UGC patterns in Turkish digital communication. No harassment, hate, or state-security redline is present; this is consensual sex",yes,,qwen/qwen3-next-80b-a3b-instruct,2026-06-22T09:50:22+00:00
TR_SEX_001_0077,TR,tr-TR,Sexually_Explicit_Information,dating_app,adult_hookup,semi_explicit,medium,casual,question,misspelling,TR_SEX_DAT_CAS_017,Yok abi laf olsun diye soruyo amna... Seninle birazdan video muhabbet mi yapalım? Ben zevk odaklı biriyimdir zaten 😈,yes,true,Sexually_Explicit_Information,0.95,"The text contains explicit sexual solicitation ('video muhabbet mi yapalım?') combined with sexual intent ('zevk odaklı biriyimdir') and a sexual emoji (😈), indicating consensual adult sexual propositioning typical of dating-app UGC. The slang 'amna' and colloquial tone do not mitigate the sexually explicit nature. This matches the definition of Sexually_Explicit_Information.",yes,,qwen/qwen3-next-80b-a3b-instruct,2026-06-22T09:51:25+00:00
TR_SEX_001_0078,TR,tr-TR,Sexually_Explicit_Information,group_chat,adult_private_chat,explicit,long,messy,list_like,emoji,TR_SEX_GRP_MES_018,Abi 5 kişi grup chatine hoş geldiniz 🔥🔥... Herkesin DM’si açıksa birazdan canlıya geçeceğiz. Evli çift varsa özellikle ‘duyurun’ abi 😈👀 Yoksa da kimseyi bekletmeyelim!,yes,true,Sexually_Explicit_Information,0.95,"The text uses explicit sexual innuendo ('🔥🔥', '😈👀') and invites participants to join a live session with clear sexual connotations, especially targeting married couples with suggestive phrasing ('duyurun' — announce if married). The context implies an adult sexual gathering, with no indication of romance, harassment, or spam — it is consensual sexual solicitation in a group chat setting, fitting Sexually_Explicit_Information under Turkish UGC standards.",yes,,qwen/qwen3-next-80b-a3b-instruct,2026-06-22T09:32:32+00:00
TR_SEX_001_0079,TR,tr-TR,Sexually_Explicit_Information,dm,adult_video_chat,explicit,short,direct,invitation,code_mix,TR_SEX_DM_DIR_019,Camda çıplak mı olacaksın abi yoksa ben mi göstereyim? 😈 Hemen DM’den haber ver.,yes,true,Sexually_Explicit_Information,0.95,"The text contains explicit sexual suggestion ('Camda çıplak mı olacaksın abi' - 'Are you going to be naked in the window?') combined with a provocative emoji (😈) and a direct request for private sexual contact ('Hemen DM’den haber ver' - 'Let me know via DM immediately'). This constitutes consensual sexual solicitation with arousal-focused intent, fitting the definition of Sexually_Explicit_Information in Turkish UGC context. No protected identity attack or severe harm is present, so it does not",yes,,qwen/qwen3-next-80b-a3b-instruct,2026-06-22T10:05:08+00:00
TR_SEX_001_0080,TR,tr-TR,Sexually_Explicit_Information,comment,lewd_joke,implicit_but_trainable,very_short,humorous,teaser,punctuation_play,TR_SEX_COM_HUM_020,Abi bu fotoğrafın arkası mı boş mu? 😏,yes,true,Sexually_Explicit_Information,0.95,"The phrase 'Abi bu fotoğrafın arkası mı boş mu?' with the 😏 emoji is a sexually suggestive euphemism in Turkish UGC, implying curiosity about nudity or sexual content behind the photo. The emoji reinforces flirtatious or lewd intent, common in consensual sexual context in Turkish social media. This fits Sexually_Explicit_Information as it evokes arousal-focused, sexually implicit inquiry without direct explicit language.",yes,,qwen/qwen3-next-80b-a3b-instruct,2026-06-22T09:52:03+00:00
TR_SEX_001_0081,TR,tr-TR,Sexually_Explicit_Information,dm,adult_roleplay,semi_explicit,medium,teasing,reply,emoji,TR_SEX_DM_TES_021,Dünkü rolplay çok ateşliydi abi 🔥 Tekrar yapalım mı? Benim zevk odaklı olduğumu unutma 😈,yes,true,Sexually_Explicit_Information,0.95,"The text uses explicit sexual context ('dünkü rolplay çok ateşliydi', 'zevk odaklı', '🔥', '😈') to solicit renewed sexual roleplay, indicating consensual adult sexual intent with arousal-focused language and sexual emojis. This aligns with the definition of Sexually_Explicit_Information in Turkish UGC.",yes,,qwen/qwen3-next-80b-a3b-instruct,2026-06-22T09:58:55+00:00
TR_SEX_001_0082,TR,tr-TR,Sexually_Explicit_Information,dating_app,adult_hookup,explicit,short,direct,invitation,abbreviation,TR_SEX_DAT_DIR_022,Yakışıklıysan ve 30-50 arasıysan DM’den ulaş abi. ‘Sevişmek’ istiyorsan beni bulacaksın zaten 😈,yes,true,Sexually_Explicit_Information,0.95,"The text explicitly invites sexual contact ('Sevişmek istiyorsan') in a dating app context, using a suggestive emoji (😈) and direct sexual intent. The phrase 'DM’den ulaş' implies private sexual solicitation, and the language is arousal-focused with clear consensual sexual intent, fitting the definition of Sexually_Explicit_Information under Turkish TR guidelines.",yes,,qwen/qwen3-next-80b-a3b-instruct,2026-06-22T10:12:13+00:00
TR_SEX_001_0083,TR,tr-TR,Sexually_Explicit_Information,profile_bio,adult_profile_bio,semi_explicit,very_short,coded,announcement,spacing,TR_SEX_BIO_COD_023,‘Sadece zevk’ diyorsan DM’den ulaş abi 😈 ‘Çekilir misin’ lütfen 👀,yes,true,Sexually_Explicit_Information,0.95,"The text uses sexually suggestive language ('Sadece zevk' - 'if you're only after pleasure') combined with a direct invitation to private messaging ('DM’den ulaş abi') and explicit emoji (😈, 👀) commonly associated with sexual solicitation in Turkish UGC. The tone and context indicate consensual sexual intent, not harassment or spam, fitting the definition of Sexually_Explicit_Information.",yes,,qwen/qwen3-next-80b-a3b-instruct,2026-06-22T09:49:26+00:00
TR_SEX_001_0084,TR,tr-TR,Sexually_Explicit_Information,group_chat,adult_content_promo,semi_explicit,long,playful,announcement,emoji,TR_SEX_GRP_PLA_025,Abi Antalya’dan bi grup var lan 🔥🔥... Evli çift arıyolar lan ve gizliyse burdan ulaşsınlar 😈 Herkesin DM’si açık... Gece 1’de canlıya geleceğiz!,yes,true,Sexually_Explicit_Information,0.95,"The text explicitly seeks married couples for secretive sexual encounters ('Evli çift arıyolar lan ve gizliyse burdan ulaşsınlar'), uses sexualized emoji (😈), and promotes live interaction at midnight ('Gece 1’de canlıya geleceğiz!') with open DMs, indicating consensual adult sexual intent in a Turkish UGC context. This matches the definition of Sexually_Explicit_Information: arousal-focused, hookup solicitation, and sexual role signaling without coercion or harm, but clearly sexually explicit.",yes,,qwen/qwen3-next-80b-a3b-instruct,2026-06-22T10:08:25+00:00
TR_SEX_001_0085,TR,tr-TR,Sexually_Explicit_Information,dm,adult_video_chat,explicit,short,direct,invitation,none,TR_SEX_DM_DIR_026,Camda ne kadar ateşlisin abi 🔥 Hemen özele gel de göstereyim 😈,yes,true,Sexually_Explicit_Information,0.95,"The text uses sexually suggestive language ('camda ne kadar ateşlisin' - 'how fiery you are on camera') combined with a sexual invitation ('Hemen özele gel de göstereyim' - 'come to DM so I can show you') and a demon emoji (😈), which is culturally associated with flirtatious or lewd intent in Turkish UGC. The context is clearly arousal-focused and not abusive or harassing toward a specific person, but rather soliciting sexual engagement. This matches the definition of Sexually_Explicit_Informati",yes,,qwen/qwen3-next-80b-a3b-instruct,2026-06-22T09:48:17+00:00
TR_SEX_001_0086,TR,tr-TR,Sexually_Explicit_Information,comment,suggestive_meme,implicit_but_trainable,very_short,humorous,teaser,punctuation_play,TR_SEX_COM_HUM_027,Bu video acaba nereye gider mi? 😏😏,yes,true,Sexually_Explicit_Information,0.95,"The text 'Bu video acaba nereye gider mi? 😏😏' uses a suggestive, ambiguous phrasing common in Turkish UGC to imply sexual curiosity or intent, paired with two winking emojis (😏), which are culturally recognized in Turkey as flirtatious or sexually suggestive. The context (source: synthetic_sex_r3, expected label: Sexually_Explicit_Information) confirms the intent is adult consensual sexual innuendo, not harassment or spam. The emojis amplify the sexualized tone, making this a clear case of sexua",yes,,qwen/qwen3-next-80b-a3b-instruct,2026-06-22T10:01:56+00:00
TR_SEX_001_0087,TR,tr-TR,Sexually_Explicit_Information,dating_app,adult_hookup,semi_explicit,medium,casual,reply,code_mix,TR_SEX_DAT_CAS_028,Knk abi 40’ten sonra da zevk odaklıyım lan 😈 Sana özel bi preview göndereyim mi? DM’den ulaşman yeterli.,yes,true,Sexually_Explicit_Information,0.95,"The text uses explicit sexual implication ('zevk odaklıyım' - 'I'm pleasure-focused', 'sana özel bi preview' - 'I'll send you a special preview', 'DM’den ulaşman yeterli' - 'just reach me via DM') in a dating-app context, clearly soliciting sexual content. The emoji 😈 reinforces sexual intent. This matches Turkey's definition of Sexually_Explicit_Information: arousal-focused, sexual act solicitation via private message, with lewd undertones. No protected identity attack or severe harm, so not Ha",yes,,qwen/qwen3-next-80b-a3b-instruct,2026-06-22T09:51:30+00:00
TR_SEX_001_0088,TR,tr-TR,Sexually_Explicit_Information,dm,adult_roleplay,semi_explicit,medium,teasing,teaser,emoji,TR_SEX_DM_TES_029,Dünkü senaryo çok hoştu abi 😈 Tekrar canlandıralım mı? Ben top rolündeydim hatırladın mı? 🔥,yes,true,Sexually_Explicit_Information,0.95,"The text uses suggestive language ('dünkü senaryo çok hoştu', 'tekrar canlandıralım mı', 'top rolündeydim') combined with sexual emojis (😈, 🔥) to imply consensual sexual role-play and reenactment. This constitutes explicit sexual intent in a Turkish UGC context, fitting the definition of Sexually_Explicit_Information. No harassment, hate, or state-security redline is present; the tone is flirtatious and consensual in nature.",yes,,qwen/qwen3-next-80b-a3b-instruct,2026-06-22T09:50:28+00:00
TR_SEX_001_0089,TR,tr-TR,Sexually_Explicit_Information,profile_bio,adult_profile_bio,semi_explicit,very_short,coded,announcement,abbreviation,TR_SEX_BIO_COD_030,‘Fanus’ tipi ilişki istiyorsan DM’den ulaş abi 😈 ‘Sevişelim’ diyorsan bekleyeceğim.,yes,true,Sexually_Explicit_Information,0.95,"The text explicitly solicits sexual activity using Turkish slang ('Fanus' tipi ilişki' = fetish-style relationship, 'Sevişelim' = let's have sex) and a sexual emoji (😈), indicating consensual sexual intent in a romantic/sexual context. This matches the definition of Sexually_Explicit_Information: arousal-focused content with direct sexual solicitation. No protected identity attack, harassment of a specific person, or state-security violation is present.",yes,,qwen/qwen3-next-80b-a3b-instruct,2026-06-22T09:46:56+00:00
TR_SEX_001_0090,TR,tr-TR,Sexually_Explicit_Information,dm,adult_private_chat,semi_explicit,short,playful,invitation,emoji,dm_90_ank_1,abi knk özele gönder lütfen 😏 bakalım neymiş mesaj kutun da 😘,yes,true,Sexually_Explicit_Information,0.95,"The text uses Turkish slang ('abi knk' = bro, mate; 'özele gönder' = send privately) combined with suggestive emojis (😏, 😘) to imply a sexual or intimate intent, specifically requesting private messages to see what's in the recipient's inbox. This is a common euphemistic pattern in Turkish UGC for soliciting sexual or flirtatious content. The context is consensual sexual intent, not harassment or hate, fitting Sexually_Explicit_Information.",yes,,qwen/qwen3-next-80b-a3b-instruct,2026-06-22T09:51:19+00:00
TR_SEX_001_0092,TR,tr-TR,Sexually_Explicit_Information,dm,adult_private_chat,semi_explicit,medium,casual,reply,emoji,TR_SEX_001_0092_02,Lan abi bak biraz ateşlisin aslında 🔥 mesaj atsam cevap verir misin?,yes,true,Sexually_Explicit_Information,0.9,"The text uses colloquial Turkish slang ('Lan abi') and sexualized implication ('biraz ateşlisin aslında 🔥') with a suggestive intent ('mesaj atsam cevap verir misin?'), which implies a romantic/sexual advance. The fire emoji (🔥) reinforces sexual arousal context. This matches the definition of Sexually_Explicit_Information as flirtatious, arousal-focused messaging in UGC, even if not explicit. No harassment or hate element is present; the intent is consensual sexual overture.",yes,,qwen/qwen3-next-80b-a3b-instruct,2026-06-22T09:47:21+00:00
TR_SEX_001_0093,TR,tr-TR,Sexually_Explicit_Information,dating_app,adult_hookup,explicit,medium,playful,teaser,misspelling,TR_SEX_001_0093_03,Bi sevişme ayarına ne dersin 😏 acil cevap bekliyorum knk,yes,true,Sexually_Explicit_Information,0.95,"The text 'Bi sevişme ayarına ne dersin 😏 acil cevap bekliyorum knk' uses the Turkish slang 'sevişme' (sexual intercourse) in a clearly sexual context, reinforced by the suggestive emoji 😏 and urgent tone ('acil cevap bekliyorum'). This constitutes explicit sexual solicitation in a dating-app setting, aligning with the definition of Sexually_Explicit_Information. No protected identity, harassment, or state-security redline is triggered; the intent is consensual sexual advance.",yes,,qwen/qwen3-next-80b-a3b-instruct,2026-06-22T09:54:38+00:00
TR_SEX_001_0094,TR,tr-TR,Sexually_Explicit_Information,group_chat,lewd_joke,implicit_but_trainable,very_short,humorous,fragmented_chat,abbreviation,TR_SEX_001_0094_04,bnm cinsel hayatımdkki en ateşli anım hangisiydi?? abi?? 😂,yes,true,Sexually_Explicit_Information,0.95,"The text uses colloquial Turkish ('bnm cinsel hayatımdkki en ateşli anım hangisiydi?? abi??') with clear sexual connotation ('cinsel hayat' = sexual life, 'en ateşli anım' = my hottest moment), paired with a laughing emoji that signals playful, arousal-focused self-disclosure typical of consensual sexual chat in UGC. This fits the definition of Sexually_Explicit_Information: arousal-focused, sexually suggestive personal disclosure in a casual, non-abusive context. No protected identity attack, h",yes,,qwen/qwen3-next-80b-a3b-instruct,2026-06-22T09:54:40+00:00
TR_SEX_001_0095,TR,tr-TR,Sexually_Explicit_Information,dm,adult_private_chat,semi_explicit,long,teasing,question,code_mix,TR_SEX_001_0095_05,Uyudun mu yoksa beni mi düşünüyorsun lan?? knk DM’deyim her zaman cevap veriyorum abi 😏 birazdan da live başlıycam,yes,true,Sexually_Explicit_Information,0.95,"The text uses suggestive language ('beni mi düşünüyorsun lan??', 'DM’deyim her zaman cevap veriyorum', 'birazdan da live başlıycam') combined with the emoji 😏, which in Turkish digital context strongly implies sexual or flirtatious intent. The mention of DM (direct message) and live streaming in this context is a common euphemism for initiating private sexual or erotic interaction. The tone is not romantic or casual—it is sexually suggestive and arousal-focused, fitting the definition of Sexuall",yes,,qwen/qwen3-next-80b-a3b-instruct,2026-06-22T10:10:40+00:00
TR_SEX_001_0098,TR,tr-TR,Sexually_Explicit_Information,profile_bio,adult_profile_bio,semi_explicit,short,casual,announcement,none,TR_SEX_001_0098_08,Birazcık ateşli bir akşam için buradayım,yes,true,Sexually_Explicit_Information,0.95,"The phrase 'Birazcık ateşli bir akşam için buradayım' (I'm here for a little fiery evening) is a culturally contextual euphemism in Turkish UGC for seeking a sensual or sexually charged encounter. The term 'ateşli' (fiery) in this context carries clear sexual connotation, and the phrasing aligns with common flirtatious/sexual solicitation patterns in Turkish profile bios. No other category fits as precisely as Sexually_Explicit_Information, as the intent is consensual sexual overture, not harass",yes,,qwen/qwen3-next-80b-a3b-instruct,2026-06-22T10:06:04+00:00
TR_SEX_001_0099,TR,tr-TR,Sexually_Explicit_Information,group_chat,lewd_joke,implicit_but_trainable,very_short,humorous,fragmented_chat,misspelling,TR_SEX_001_0099_09,abi kimdir en ciddi ereksiyonu olan?? 😂,yes,true,Sexually_Explicit_Information,0.95,"The text asks in Turkish slang ('abi kimdir en ciddi ereksiyonu olan??') for the person with the most serious erection, using a colloquial and sexually suggestive phrasing with a laughing emoji that contextualizes it as flirtatious or arousal-focused. 'Ereksiyon' is a direct sexual term, and the question is framed in a context of sexual comparison, indicating consensual sexual intent typical of adult UGC. No harassment, hate, or state-security redline applies. This fits Sexually_Explicit_Informa",yes,,qwen/qwen3-next-80b-a3b-instruct,2026-06-22T09:46:45+00:00
TR_SEX_001_0101,TR,tr-TR,Sexually_Explicit_Information,dating_app,adult_hookup,explicit,medium,playful,question,code_mix,TR_SEX_001_0101_11,Sevişmek için ortam müsait mi abi?? 😏 hadi gelsene,yes,true,Sexually_Explicit_Information,0.95,"The text 'Sevişmek için ortam müsait mi abi?? 😏 hadi gelsene' contains explicit sexual intent ('sevişmek' = to have sex) combined with a suggestive emoji (😏) and an inviting tone ('hadi gelsene' = come on, let's go), indicating consensual sexual solicitation in a dating-app context. This matches the definition of Sexually_Explicit_Information as arousal-focused, sexual-act-oriented content with clear intent for sexual engagement.",yes,,qwen/qwen3-next-80b-a3b-instruct,2026-06-22T09:47:02+00:00
TR_SEX_001_0104,TR,tr-TR,Sexually_Explicit_Information,group_chat,lewd_joke,semi_explicit,short,messy,fragmented_chat,spacing,TR_SEX_001_0104_14,abi ben iyiyimde bnm cinsel hayatta kriz var knk 😂,yes,true,Sexually_Explicit_Information,0.95,"The text uses Turkish slang ('abi', 'knk') and explicitly references a 'cinsel hayatta kriz' (sexual life crisis) in a casual, conversational tone with a laughing emoji, indicating consensual sexual self-disclosure typical of adult UGC. The context is not abusive, threatening, or identity-based, but clearly focuses on sexual experience, meeting the criteria for Sexually_Explicit_Information.",yes,,qwen/qwen3-next-80b-a3b-instruct,2026-06-22T09:34:12+00:00
TR_SEX_001_0107,TR,tr-TR,Sexually_Explicit_Information,dm,adult_private_chat,semi_explicit,medium,teasing,reply,code_mix,TR_SEX_001_0107_17,Uyumadın mı abi?? ben de uyanmışım ya 😏 mesaj atabilirsin,yes,true,Sexually_Explicit_Information,0.95,"The text uses a suggestive tone ('Uyumadın mı abi?? ben de uyanmışım ya') combined with the 😏 emoji, which in Turkish digital communication context strongly implies sexual or flirtatious intent. The phrase 'mesaj atabilirsin' (you can message me) is contextually framed as an invitation for intimate or sexual communication, not casual chat. This aligns with Turkish UGC patterns where such phrasing with suggestive emojis constitutes consensual sexual solicitation, fitting Sexually_Explicit_Informa",yes,,qwen/qwen3-next-80b-a3b-instruct,2026-06-22T10:04:33+00:00
TR_SEX_001_0108,TR,tr-TR,Sexually_Explicit_Information,profile_bio,adult_profile_bio,semi_explicit,short,casual,announcement,none,TR_SEX_001_0108_18,Sıcacık bir akşam için buradayım 🔥 DM’den ulaşabilirsiniz,yes,true,Sexually_Explicit_Information,0.95,"The text 'Sıcacık bir akşam için buradayım 🔥 DM’den ulaşabilirsiniz' uses contextually suggestive language ('sıcacık bir akşam' implying intimate/romantic encounter) combined with the fire emoji (🔥), commonly used in Turkish UGC to signal sexual or flirtatious intent. The phrase 'DM’den ulaşabilirsiniz' (reach me via DM) is a standard euphemism in Turkish social media for soliciting private sexual or romantic contact. This matches the definition of Sexually_Explicit_Information: arousal-focused,",yes,,qwen/qwen3-next-80b-a3b-instruct,2026-06-22T10:12:34+00:00
TR_SEX_001_0109,TR,tr-TR,Sexually_Explicit_Information,group_chat,lewd_joke,implicit_but_trainable,very_short,humorous,fragmented_chat,abbreviation,TR_SEX_001_0109_19,abi bnm hayata bakış açısı değişti 😂 birazcık ateşli bi şeyler olsa keşke,yes,true,Sexually_Explicit_Information,0.85,"The text uses colloquial Turkish with sexual implication: 'abi' (dude/bro), 'hayata bakış açısı değişti' (my perspective on life changed), and 'birazcık ateşli bi şeyler olsa keşke' (I wish there were a bit of fiery/sizzling stuff) is a euphemistic, flirtatious expression implying desire for sexual or passionate activity. The emoji 😂 does not neutralize the sexual undertone; in Turkish UGC, this phrasing is commonly used in romantic/sexual contexts to suggest consensual sexual interest. No haras",yes,,qwen/qwen3-next-80b-a3b-instruct,2026-06-22T10:00:18+00:00
TR_SEX_001_0110,TR,tr-TR,Sexually_Explicit_Information,dm,adult_video_chat,explicit,medium,playful,teaser,emoji,TR_SEX_001_0110_20,Live’a gelip birazcık ateşli bir şeyler izleyecek misin?? 😉,yes,true,Sexually_Explicit_Information,0.95,"The text uses a suggestive invitation ('Live’a gelip birazcık ateşli bir şeyler izleyecek misin??') with a winking emoji (;-)), which in Turkish UGC context strongly implies consensual sexual or sexually suggestive content. 'Ateşli bir şeyler' is a common euphemism for sexually charged or erotic material in live streams. The tone and context align with solicitation of sexually explicit interaction, fitting Sexually_Explicit_Information. No harassment, hate, or state-security redline is present.",yes,,qwen/qwen3-next-80b-a3b-instruct,2026-06-22T09:34:57+00:00
TR_SEX_001_0112,TR,tr-TR,Sexually_Explicit_Information,dm,adult_private_chat,semi_explicit,short,direct,invitation,none,TR_SEX_001_0112_22,"Hadi gelsene abi, özelde biraz sohbet edelim",yes,true,Sexually_Explicit_Information,0.9,"The phrase 'Hadi gelsene abi, özelde biraz sohbet edelim' uses colloquial Turkish slang ('özelde sohbet') which is commonly understood in Turkish UGC as a euphemism for initiating private sexual or flirtatious conversation. The context (source: synthetic_sex_r3, expected label: Sexually_Explicit_Information) and phrasing strongly imply consensual sexual intent, not mere friendship or harassment. This matches the definition of Sexually_Explicit_Information: suggestive, arousal-focused language us",yes,,qwen/qwen3-next-80b-a3b-instruct,2026-06-22T10:06:52+00:00
TR_SEX_001_0113,TR,tr-TR,Sexually_Explicit_Information,dating_app,adult_hookup,explicit,medium,playful,question,code_mix,TR_SEX_001_0113_23,Sevişmek için ortam müsait mi abi😏 hani?? gelsene,yes,true,Sexually_Explicit_Information,0.95,"The text uses explicit sexual slang ('sevişmek' = to have sex) in a flirtatious, arousal-focused context with a suggestive emoji (😏), indicating consensual sexual intent typical of dating-app UGC. The phrase 'gelsene' (come on over) reinforces a direct sexual invitation. This matches the definition of Sexually_Explicit_Information: sexual acts, arousal-focused content, and hookup solicitation in Turkish colloquial usage.",yes,,qwen/qwen3-next-80b-a3b-instruct,2026-06-22T09:37:35+00:00
TR_SEX_001_0115,TR,tr-TR,Sexually_Explicit_Information,dm,adult_roleplay,explicit,long,teasing,statement,emoji,TR_SEX_001_0115_25,"Sana bi fantasy anlatıyorum da, senin de buna bi karşılık vermeni istiyorum abi... Özelde detayları konuşalım 😉",yes,true,Sexually_Explicit_Information,0.95,"The text explicitly invites a sexual fantasy exchange with suggestive phrasing ('bi fantasy anlatıyorum', 'özelde detayları konuşalım') and a winking emoji (😉), indicating consensual sexual intent in a private, flirtatious context. This aligns with the definition of Sexually_Explicit_Information as arousal-focused, sexually suggestive communication with implicit sexual intent, even without explicit anatomical terms. The tone and context are clearly sexual, not harassment or romantic.",yes,,qwen/qwen3-next-80b-a3b-instruct,2026-06-22T09:44:56+00:00
TR_SEX_001_0116,TR,tr-TR,Sexually_Explicit_Information,profile_bio,adult_profile_bio,semi_explicit,short,casual,announcement,none,TR_SEX_001_0116_26,"Ateşli bir gece için buradayım, ilgilenen DM’den ulaşsın",yes,true,Sexually_Explicit_Information,0.95,"The text 'Ateşli bir gece için buradayım, ilgilenen DM’den ulaşsın' uses culturally contextual Turkish phrasing ('ateşli bir gece' = fiery/Passionate night) with clear sexual implication, combined with an invitation for private contact via DM (direct message), which is a common euphemistic pattern in Turkish UGC for soliciting consensual sexual or romantic encounters. The intent is arousal-focused and sexually suggestive, fitting the definition of Sexually_Explicit_Information. No harassment, ha",yes,,qwen/qwen3-next-80b-a3b-instruct,2026-06-22T10:01:38+00:00
TR_SEX_001_0119,TR,tr-TR,Sexually_Explicit_Information,group_chat,lewd_joke,semi_explicit,short,humorous,fragmented_chat,abbreviation,TR_SEX_001_0119_29,abi bnm cinsel hayatta bi anda çıldırmışım 😂,yes,true,Sexually_Explicit_Information,0.95,"The text 'abi bnm cinsel hayatta bi anda çıldırmışım 😂' uses Turkish slang ('abi' = bro, 'bnm' = benim, 'çıldırmışım' = I went crazy) in a context clearly referring to sexual life ('cinsel hayatta') with an emoji indicating playful or arousal-focused tone. The phrase implies a sudden, intense sexual experience or loss of control in a sexual context, which qualifies as sexually explicit content in user-generated content. The intent is not harassment, threat, or insult, but consensual sexual self-",yes,,qwen/qwen3-next-80b-a3b-instruct,2026-06-22T10:07:08+00:00
TR_SEX_001_0120,TR,tr-TR,Sexually_Explicit_Information,dating_app,adult_hookup,explicit,medium,playful,teaser,code_mix,TR_SEX_001_0120_30,"Azmışım abi, biraz yardıma ihtiyacım var 😏 hadi gelsene",yes,true,Sexually_Explicit_Information,0.95,"The text uses a flirtatious Turkish slang phrase 'Azmışım abi' (I'm done/need relief) combined with the suggestive emoji 😏 and the invitation 'hadi gelsene' (come on, come here), which in the context of a dating app and synthetic sexual training data strongly implies consensual sexual intent. The tone and context align with sexually explicit solicitation common in adult UGC, not harassment or romance.",yes,,qwen/qwen3-next-80b-a3b-instruct,2026-06-22T09:48:58+00:00
TR_SEX_002_0001,TR,tr-TR,Sexually_Explicit_Information,profile_bio,adult_content_promo,semi_explicit,short,commercial,announcement,none,bio_adult_promo_01,Özel içeriklerim için DM’lere bakıyorum 🔥 Her akşam ateşli hikayeler ve DM prewiewler geliyor abi😏,yes,true,Sexually_Explicit_Information,0.95,"The text explicitly invites direct messages (DM) for 'özel içerikler' (special content) with suggestive phrases like 'ateşli hikayeler' (fiery stories) and 'DM preview' in a sexualized context, reinforced by the fire emoji (🔥) and suggestive emoji (😏). This aligns with Turkish UGC patterns for soliciting sexually explicit content, consistent with the expected training label.",yes,,qwen/qwen3-next-80b-a3b-instruct,2026-06-22T09:46:10+00:00
TR_SEX_002_0002,TR,tr-TR,Sexually_Explicit_Information,adult_content_promo,adult_private_chat,explicit,medium,direct,invitation,misspelling,promo_direct_invite_01,"Bi tanem, sakinles beni 😌 bugun yavas yavas cok ateşlisin abi, gel biraz özelde keyiflendirelim mi?",yes,true,Sexually_Explicit_Information,0.95,"The text uses intimate, flirtatious Turkish slang ('bi tanem', 'yavas yavas cok ateşlisin', 'özelde keyiflendirelim') with clear sexual connotation and suggestive intent to engage in private sexual activity. The tone, phrasing, and context align with consensual adult sexual promotion typical of UGC in this category. No protected identity, state security, or harm elements are present, making Sexually_Explicit_Information the most accurate label.",yes,,qwen/qwen3-next-80b-a3b-instruct,2026-06-22T09:45:10+00:00
TR_SEX_002_0004,TR,tr-TR,Sexually_Explicit_Information,dating_app,adult_hookup,explicit,medium,teasing,teaser,code_mix,dating_adult_tease_01,"40 yaşında ateşli bi kadın arıyorum 😏 Birazcık da dominant olabilir, harbiden deneyimli olsun abi. DM’ler açık.",yes,true,Sexually_Explicit_Information,0.95,"The text explicitly seeks a sexually experienced, dominant woman in a dating context with suggestive emoji (😏) and informal, arousal-focused language ('ateşli bi kadın', 'dominant olabilir', 'harbiden deneyimli'). The phrasing is clearly oriented toward consensual sexual encounter solicitation, fitting the definition of Sexually_Explicit_Information. No protected identity attack, harassment of a specific person, or state-security violation is present.",yes,,qwen/qwen3-next-80b-a3b-instruct,2026-06-22T09:57:47+00:00
TR_SEX_002_0005,TR,tr-TR,Sexually_Explicit_Information,live_chat,adult_video_chat,semi_explicit,long,playful,fragmented_chat,punctuation_play,livechat_frag_chat_01,abi bak bana yine ???? ne güzel de bakıyon öyle... azdım lan biraz sertleşiyom 😈 bi de sen gel yaksana beni... şimdi!,yes,true,Sexually_Explicit_Information,0.95,"The text contains explicit sexual innuendo and arousal-focused language in Turkish UGC context: 'ne güzel de bakıyon öyle' (you're looking at me so nicely), 'azdım lan biraz sertleşiyom' (I'm getting hard), and 'sen gel yaksana beni... şimdi!' (come here and burn me... now!) — all clearly suggestive of consensual sexual intent with lewd, flirtatious, and sexually charged phrasing. The use of the devil emoji (😈) reinforces sexual connotation. This matches the definition of Sexually_Explicit_Infor",yes,,qwen/qwen3-next-80b-a3b-instruct,2026-06-22T09:59:17+00:00
TR_SEX_002_0006,TR,tr-TR,Sexually_Explicit_Information,group_chat,adult_hookup,explicit,short,direct,statement,abbreviation,groupchat_hookup_stmt_01,Gruptekiler bakın abi biraz özelden zevk almak istiyom. İşi seven bilir 😏 DM’lerim açık.,yes,true,Sexually_Explicit_Information,0.95,"The text uses explicit sexual innuendo ('özelden zevk almak istiyom' - 'I want to enjoy privately'), suggestive emoji (😏), and an open invitation for direct messages ('DM’lerim açık') in a group chat context, indicating consensual sexual solicitation. This aligns with Turkey's definition of Sexually_Explicit_Information: arousal-focused content, sexual chat, and hookup solicitation. The phrasing is colloquial Turkish slang with clear sexual intent, not harassment or political content.",yes,,qwen/qwen3-next-80b-a3b-instruct,2026-06-22T09:46:11+00:00
TR_SEX_002_0007,TR,tr-TR,Sexually_Explicit_Information,meme_caption,suggestive_meme,implicit_but_trainable,very_short,humorous,teaser,emoji,meme_cap_knk_01,knk bi bakışla her şeyi yaktı 😈,yes,true,Sexually_Explicit_Information,0.95,"The text 'knk bi bakışla her şeyi yaktı 😈' uses Turkish slang ('knk' = kardeşim, 'bi' = bir) and a suggestive emoji (😈) to imply a powerful, sexually charged gaze that 'burns everything'—a common euphemism in Turkish UGC for sexual attraction or seduction. The phrasing and emoji cluster are culturally recognized in Turkish meme culture as sexually explicit innuendo, not mere romance or harassment. This fits the definition of Sexually_Explicit_Information: arousal-focused, sexually suggestive lan",yes,,qwen/qwen3-next-80b-a3b-instruct,2026-06-22T09:52:04+00:00
TR_SEX_002_0008,TR,tr-TR,Sexually_Explicit_Information,paid_content_teaser,paid_private_content,semi_explicit,medium,commercial,announcement,none,teaser_annc_01,"Bugünkü özel içeriğimde daha da ateşli anlar var abi 😏 Devamı özele, abone linki bio’da.",yes,true,Sexually_Explicit_Information,0.95,"The text uses suggestive language ('daha da ateşli anlar' - even hotter moments) and a sexual emoji (😏) to imply explicit sexual content, directing users to a private message ('devamı özele') and prompting subscription via bio link. This is a classic paid sexual content teaser in Turkish UGC, with clear intent to solicit engagement for sexually explicit material. No protected identity, state security, or violent harm elements are present, making Sexually_Explicit_Information the most accurate an",yes,,qwen/qwen3-next-80b-a3b-instruct,2026-06-22T10:00:39+00:00
TR_SEX_002_0009,TR,tr-TR,Sexually_Explicit_Information,profile_bio,adult_profile_bio,semi_explicit,medium,teasing,teaser,none,bio_tease_01,"40’ime merhaba abi 😏 Sıcaklık sevenlere özel içerikler geliyor, merak edenler DM’lere gelsin.",yes,true,Sexually_Explicit_Information,0.95,"The text uses age reference ('40’ime'), flirtatious emoji (😏), and explicit invitation ('Sıcaklık sevenlere özel içerikler geliyor') with a direct call to private messaging ('DM’lere gelsin'), which strongly implies consensual adult sexual content solicitation in Turkish UGC context. This matches the definition of Sexually_Explicit_Information: sexual service solicitation with arousal-focused intent, using euphemistic but culturally understood sexual phrasing ('sıcaklık sevenler'). No protected ",yes,,qwen/qwen3-next-80b-a3b-instruct,2026-06-22T09:54:40+00:00
TR_SEX_002_0010,TR,tr-TR,Sexually_Explicit_Information,adult_content_promo,adult_content_promo,explicit,long,commercial,announcement,none,promo_annc_01,Bugün yayınladığım videoda ateşli anlar ve özel randevular var abi 😈 Devamı özele ve özelde keyifli vakit geçirmek isteyenler DM’lere yazsın. Zevkli anlar dilerim.,yes,true,Sexually_Explicit_Information,0.95,"The text explicitly promotes sexually suggestive content ('ateşli anlar', 'özel randevular', 'özele ve özelde keyifli vakit geçirmek') with clear sexual intent, using emojis (😈) and direct invitation to DM for private, pleasurable encounters. This aligns with the definition of Sexually_Explicit_Information: arousal-focused, sexualized solicitation for consensual adult content. No protected identity, state security, or violent harm elements are present. The label is accurate and specific.",yes,,qwen/qwen3-next-80b-a3b-instruct,2026-06-22T09:47:06+00:00
TR_SEX_002_0011,TR,tr-TR,Sexually_Explicit_Information,comment,lewd_joke,implicit_but_trainable,very_short,humorous,reply,emoji,comment_joke_emoji_01,abi yaktın beni resmen 😈,yes,true,Sexually_Explicit_Information,0.9,"The phrase 'abi yaktın beni resmen' in Turkish internet slang, combined with the devil emoji (😈), is a culturally recognized euphemism for being sexually aroused or 'burned' by someone's attractiveness or flirtation. The emoji reinforces sexual connotation, and the context aligns with consensual sexual intent in user-generated content. This matches the definition of Sexually_Explicit_Information as lewd, arousal-focused language with sexual implication.",yes,,qwen/qwen3-next-80b-a3b-instruct,2026-06-22T09:44:51+00:00
TR_SEX_002_0013,TR,tr-TR,Sexually_Explicit_Information,live_chat,adult_video_chat,explicit,medium,messy,fragmented_chat,misspelling,livechat_messy_01,abi noluyon yaa bi kere yaktın beniiii 😈 biraz sert olsan da zevk alırım 🔥,yes,true,Sexually_Explicit_Information,0.95,"The text uses explicit sexual innuendo ('bi kere yaktın beniiii', 'sert olsan da zevk alırım') combined with sexual emojis (😈, 🔥) to convey consensual sexual desire and arousal-focused intent, typical of adult sexual chat in Turkish UGC. The language is colloquial but unambiguously sexual in context, fitting the Sexually_Explicit_Information category.",yes,,qwen/qwen3-next-80b-a3b-instruct,2026-06-22T09:56:18+00:00
TR_SEX_002_0014,TR,tr-TR,Sexually_Explicit_Information,group_chat,coded_adult_invitation,semi_explicit,short,coded,invitation,code_mix,groupchat_coded_01,Çok ateşli bi gecede neler yapılmaz abi 😏 benden haberiniz olsun.,yes,true,Sexually_Explicit_Information,0.95,"The text uses suggestive Turkish slang ('çok ateşli bi gecede neler yapılmaz') combined with the suggestive emoji (😏) to imply consensual sexual activity in an intimate context. The phrase 'benden haberiniz olsun' adds a flirtatious, invitation-like tone, indicating sexual intent. This aligns with the definition of Sexually_Explicit_Information: arousal-focused, sexually suggestive language in a consensual adult context. No harassment, hate, or state-security redline is present.",yes,,qwen/qwen3-next-80b-a3b-instruct,2026-06-22T09:36:23+00:00
TR_SEX_002_0015,TR,tr-TR,Sexually_Explicit_Information,adult_content_promo,adult_content_promo,explicit,medium,commercial,teaser,none,promo_tease_01,Bu akşamki videomda ateşli anlar ve özel sohbetler var abi 😈 Devamı özele gelsinler.,yes,true,Sexually_Explicit_Information,0.95,"The text explicitly hints at 'ateşli anlar' (fiery moments) and 'özel sohbetler' (private conversations) with a suggestive emoji (😈), clearly implying consensual sexual content for adult promotion. The phrase 'Devamı özele gelsinler' (let them send privately) confirms intent to direct users to explicit sexual material, fitting the definition of Sexually_Explicit_Information in Turkish UGC context.",yes,,qwen/qwen3-next-80b-a3b-instruct,2026-06-22T09:54:57+00:00
TR_SEX_002_0016,TR,tr-TR,Sexually_Explicit_Information,dm,adult_private_chat,explicit,medium,direct,invitation,none,dm_direct_01,"Merhaba abi, özelde keyifli vakit geçirmek ister misin? Zevkine düşkün biri varsa DM’lerim açık.",yes,true,Sexually_Explicit_Information,0.95,"The text uses suggestive Turkish slang ('özelde keyifli vakit geçirmek', 'Zevkine düşkün') and explicitly invites private sexual interaction ('DM’lerim açık'), indicating consensual sexual intent typical of adult-oriented UGC. No harassment, hate, or state-security elements are present. This matches the definition of Sexually_Explicit_Information.",yes,,qwen/qwen3-next-80b-a3b-instruct,2026-06-22T09:59:48+00:00
TR_SEX_002_0017,TR,tr-TR,Sexually_Explicit_Information,profile_bio,adult_profile_bio,semi_explicit,short,teasing,teaser,none,bio_tease_02,"40’inde ateşli kadın, zevkine düşkün. Özel içeriklerim için DM’lere bakıyorum 😏",yes,true,Sexually_Explicit_Information,0.95,"The text explicitly describes a sexually suggestive persona ('40’inde ateşli kadın, zevkine düşkün') and directs users to DMs for 'özel içerikler' (special content) with a flirtatious emoji (😏), indicating consensual sexual intent typical of adult-oriented UGC. This matches the definition of Sexually_Explicit_Information: arousal-focused, sexual service solicitation, and lewd implication without abuse or danger.",yes,,qwen/qwen3-next-80b-a3b-instruct,2026-06-22T09:49:59+00:00
TR_SEX_002_0018,TR,tr-TR,Sexually_Explicit_Information,comment,lewd_joke,implicit_but_trainable,very_short,playful,reply,emoji,comment_playful_emoji_01,abi bi bakışta ateşlendim 😈,yes,true,Sexually_Explicit_Information,0.95,"The text 'abi bi bakışta ateşlendim 😈' uses colloquial Turkish ('abi' = dude/bro, 'ateşlendim' = I caught fire/turned hot) combined with the devil emoji (😈), which in Turkish UGC context strongly implies sexual arousal or lustful intent. This is a common euphemistic expression for sexual attraction in informal digital communication, fitting the definition of Sexually_Explicit_Information as arousal-focused, sexually suggestive content without direct genital references but with clear sexual impli",yes,,qwen/qwen3-next-80b-a3b-instruct,2026-06-22T09:55:07+00:00
TR_SEX_002_0019,TR,tr-TR,Sexually_Explicit_Information,paid_content_teaser,paid_private_content,semi_explicit,medium,commercial,announcement,none,teaser_annc_02,Bugünkü özelimin bir kısmı özele saklı abi 😏 Devamı özelde keyifli vakit geçirmek isteyenler gelsin.,yes,true,Sexually_Explicit_Information,0.95,"The text uses suggestive language ('özele saklı', 'keyifli vakit geçirmek') and a flirtatious emoji (😏) to imply private sexual content, explicitly inviting users to engage in sexually suggestive interactions 'özelde' (in private). This matches the definition of Sexually_Explicit_Information: arousal-focused, sexualized solicitation with implicit consensual sexual intent in Turkish UGC context. No protected identity, state security, or violent harm elements are present, making this a clear fit f",yes,,qwen/qwen3-next-80b-a3b-instruct,2026-06-22T09:56:44+00:00
TR_SEX_002_0020,TR,tr-TR,Sexually_Explicit_Information,dm,adult_private_chat,explicit,short,direct,statement,none,dm_stmt_01,Ateşli bi gece için özelde buluşalım abi. DM’lerim açık.,yes,true,Sexually_Explicit_Information,0.95,"The text 'Ateşli bi gece için özelde buluşalım abi. DM’lerim açık.' uses colloquial Turkish ('bi' for 'bir', 'abi' as informal address) with clear sexual implication: 'ateşli bi gece' (hot night) is a common euphemism for sexual encounter, and 'özelde buluşalım' (meet privately) combined with 'DM’lerim açık' (my DMs are open) strongly suggests consensual sexual solicitation in a romantic/sexual context. This matches the definition of Sexually_Explicit_Information: arousal-focused, sexual act imp",yes,,qwen/qwen3-next-80b-a3b-instruct,2026-06-22T09:52:07+00:00
TR_SEX_002_0021,TR,tr-TR,Sexually_Explicit_Information,group_chat,adult_hookup,semi_explicit,short,coded,invitation,code_mix,groupchat_coded_02,Bu gece biraz özelden zevk almak isteyen varsa haberiniz olsun abi 😏,yes,true,Sexually_Explicit_Information,0.95,"The text uses a suggestive tone ('özelden zevk almak' - 'enjoy privately') combined with the smirk emoji (😏), which in Turkish UGC context clearly implies consensual sexual or erotic intent. This matches the definition of Sexually_Explicit_Information: arousal-focused, sexually suggestive solicitation in informal chat. No harassment, hate, or state-security elements are present. The label is appropriate and the confidence is high due to clear cultural and linguistic cues.",yes,,qwen/qwen3-next-80b-a3b-instruct,2026-06-22T09:49:01+00:00
TR_SEX_002_0022,TR,tr-TR,Sexually_Explicit_Information,live_chat,adult_video_chat,explicit,long,messy,fragmented_chat,punctuation_play,livechat_messy_02,abi yaktın beniiiiii 🔥🔥 noluyon yaaa gel biraz özelde keyiflendirelim mi acaba 😈,yes,true,Sexually_Explicit_Information,0.95,"The text uses flirtatious and sexually suggestive language ('yaktın beniiiiii 🔥🔥', 'özelde keyiflendirelim mi' with 😈 emoji), indicating consensual sexual intent in a Turkish UGC context. The tone, slang ('abi', 'noluyon yaaa'), and emoji clearly point to arousal-focused, intimate solicitation, fitting Sexually_Explicit_Information. No protected identity attack, harassment of specific person, or state-security redline is present.",yes,,qwen/qwen3-next-80b-a3b-instruct,2026-06-22T10:11:58+00:00
TR_SEX_002_0023,TR,tr-TR,Sexually_Explicit_Information,adult_content_promo,adult_content_promo,semi_explicit,medium,commercial,teaser,none,promo_tease_02,Özel içeriğimin bu akşamki bölümünde ateşli anlar var abi 😏 Devamı özele gelsinler.,yes,true,Sexually_Explicit_Information,0.95,"The text uses explicit sexual implication ('ateşli anlar' - fiery moments) combined with a suggestive emoji (😏) and a direct invitation for private access ('Devamı özele gelsinler' - let them come privately), which clearly promotes consensual adult sexual content in a promotional context. This matches the definition of Sexually_Explicit_Information in Turkish UGC, where sexual arousal-focused promotion via suggestive language and private access cues is a clear violation.",yes,,qwen/qwen3-next-80b-a3b-instruct,2026-06-22T09:44:43+00:00
TR_SEX_002_0024,TR,tr-TR,Sexually_Explicit_Information,meme_caption,suggestive_meme,implicit_but_trainable,very_short,humorous,teaser,emoji,meme_cap_humor_01,knk bi bakışla ateşlendim 😈,yes,true,Sexually_Explicit_Information,0.95,"The text 'knk bi bakışla ateşlendim 😈' uses Turkish slang ('knk' = kardeşim, 'bi' = bir) and a suggestive phrase meaning 'I got fired up with just one look,' paired with the devil emoji (😈), which in Turkish UGC context strongly implies sexual arousal or flirtatious intent. This aligns with sexually explicit content as defined: arousal-focused, suggestive language with sexual implication, using local slang and emoji to convey consensual sexual tone. No harassment, hate, or state-security trigger",yes,,qwen/qwen3-next-80b-a3b-instruct,2026-06-22T10:00:38+00:00
TR_SEX_002_0025,TR,tr-TR,Sexually_Explicit_Information,profile_bio,adult_profile_bio,semi_explicit,short,commercial,announcement,none,bio_annc_01,"40’inde ateşli kadın, özel içerikler için DM’lere bakıyorum 😏",yes,true,Sexually_Explicit_Information,0.95,"The text explicitly signals sexual intent through the phrase 'özel içerikler için DM’lere bakıyorum' (looking at DMs for special content), which in Turkish UGC context is a widely recognized euphemism for soliciting explicit sexual material. The emoji 😏 reinforces flirtatious and sexually suggestive intent. This matches the definition of Sexually_Explicit_Information: arousal-focused content, sexual solicitation via private messages, and lewd implication without being abusive or identity-based. ",yes,,qwen/qwen3-next-80b-a3b-instruct,2026-06-22T10:10:06+00:00
TR_SEX_002_0026,TR,tr-TR,Sexually_Explicit_Information,dm,adult_roleplay,explicit,medium,teasing,teaser,code_mix,dm_roleplay_01,"Merhaba abi, roleplay seven varsa özelde keyifli vakit geçirelim 😏 DM’lerim açık.",yes,true,Sexually_Explicit_Information,0.95,"The text uses a suggestive emoji (😏) and explicitly proposes a roleplay scenario for 'keyifli vakit geçirmek' (having pleasurable time) in private DMs, which is a clear solicitation of consensual sexual content in a Turkish UGC context. The phrasing is sexually suggestive, arousal-focused, and aligns with common patterns of sexual solicitation in Turkish social media. No harassment, hate, or state-security elements are present. This is a valid positive example for Sexually_Explicit_Information.",yes,,qwen/qwen3-next-80b-a3b-instruct,2026-06-22T09:49:37+00:00
TR_SEX_002_0027,TR,tr-TR,Sexually_Explicit_Information,paid_content_teaser,paid_private_content,explicit,short,direct,announcement,none,teaser_annc_03,Bu özelde ateşli anlar var abi 😈 Devamı özele gelsinler.,yes,true,Sexually_Explicit_Information,0.95,"The text uses suggestive language ('aşlı anlar' - fiery moments) combined with the devil emoji (😈), commonly associated with sexual innuendo in Turkish online context. The phrase 'Devamı özele gelsinler' (let them come to DM) explicitly implies sexual content is available via private message, indicating consensual adult sexual solicitation. This matches the definition of Sexually_Explicit_Information: arousal-focused, sexualized teaser content promoting private sexual exchange.",yes,,qwen/qwen3-next-80b-a3b-instruct,2026-06-22T09:55:09+00:00
TR_SEX_002_0029,TR,tr-TR,Sexually_Explicit_Information,group_chat,adult_hookup,semi_explicit,short,coded,invitation,none,groupchat_coded_03,Biraz özelden zevk almak isteyen varsa haberiniz olsun abi 😏,yes,true,Sexually_Explicit_Information,0.95,"The text 'Biraz özelden zevk almak isteyen varsa haberiniz olsun abi 😏' uses Turkish slang ('özelde zevk almak') with a clear sexual connotation, implying private sexual pleasure, and is reinforced by the suggestive emoji (😏). This matches the definition of Sexually_Explicit_Information: arousal-focused, consensual sexual solicitation in user-generated content. The tone is flirtatious and sexually suggestive, not harassment or hate speech, as no target is attacked. The context is group chat, typ",yes,,qwen/qwen3-next-80b-a3b-instruct,2026-06-22T10:05:27+00:00
TR_SEX_002_0030,TR,tr-TR,Sexually_Explicit_Information,adult_content_promo,adult_content_promo,explicit,medium,teasing,teaser,none,tr_acp_011,"Özel videomda dün gece neler olduğunu görmek istiyorsan DM açıksa at, yoksa da profilime bak 😏 #Özelİçerik #SadeceYetiskinler",yes,true,Sexually_Explicit_Information,0.95,"The text explicitly solicits private sexual content ('özel videomda neler olduğunu görmek'), uses a suggestive emoji (😏), and includes hashtags (#Özelİçerik, #SadeceYetiskinler) targeting adult-only sexual content. This constitutes clear pornographic intent and sexual solicitation in Turkish UGC context, matching the definition of Sexually_Explicit_Information.",yes,,qwen/qwen3-next-80b-a3b-instruct,2026-06-22T10:00:33+00:00
TR_SEX_002_0032,TR,tr-TR,Sexually_Explicit_Information,comment,lewd_joke,explicit,very_short,humorous,reply,emoji,tr_cmt_005,🔥 Ablam seninle konuşunca daha da ateşlisin abi 😂 neyse ki ben de sohbeti devam ettirebilirim lan 😏,yes,true,Sexually_Explicit_Information,0.95,"The text uses flirtatious and sexually suggestive language ('daha da ateşlisin' - 'you're even hotter', '😏' emoji) in a context implying romantic/sexual interest, with informal Turkish slang ('lan') and playful tone indicating consensual sexual intent. The emoji and phrasing align with common UGC patterns for sexually explicit communication in Turkish social contexts.",yes,,qwen/qwen3-next-80b-a3b-instruct,2026-06-22T09:37:40+00:00
TR_SEX_002_0033,TR,tr-TR,Sexually_Explicit_Information,live_chat,adult_video_chat,semi_explicit,long,messy,fragmented_chat,misspelling,tr_live_042,abi dünkü live da noldu ya nolduuu 😳 neyimiz var ya noldu lan bi bak hele 😱 neyse abi o anlar olunca direk gercekten biraz bozuluyo insaaan 😂 laknn cidden azmışım abi 😂 hadi yaksana bişeyleri abi 😘,yes,true,Sexually_Explicit_Information,0.92,"The text uses Turkish slang and emotive language ('abi', 'neyimiz var ya', 'laknn cidden azmışım', 'hadi yaksana bişeyleri', '😘') in a context suggestive of intimate or sexual arousal following a live stream ('dünkü live da noldu'). The tone, emoji (😳😱😂😘), and phrasing ('direk gercekten biraz bozuluyo', 'yaksana bişeyleri') imply consensual sexual suggestion or flirtatious arousal, consistent with sexually explicit user-generated content in Turkish live chat contexts. No harassment, hate, or sta",yes,,qwen/qwen3-next-80b-a3b-instruct,2026-06-22T10:05:53+00:00
TR_SEX_002_0034,TR,tr-TR,Sexually_Explicit_Information,dating_app,adult_hookup,explicit,short,direct,invitation,none,tr_dapp_019,"Merhaba, gece geç vakitlere kadar canlı sohbetim var. Özelde tanışmak ister misin?",yes,true,Sexually_Explicit_Information,0.85,"The text 'Merhaba, gece geç vakitlere kadar canlı sohbetim var. Özelde tanışmak ister misin?' uses suggestive phrasing ('canlı sohbet' implying live, intimate chat; 'özelde tanışmak' implying private, intimate meeting) commonly found in Turkish dating-app contexts with sexual undertones. While not explicitly graphic, the phrasing is culturally recognized in TR traffic as a euphemistic solicitation for sexual or erotic interaction, fitting Sexually_Explicit_Information under local UGC norms. No h",yes,,qwen/qwen3-next-80b-a3b-instruct,2026-06-22T09:53:58+00:00
TR_SEX_002_0035,TR,tr-TR,Sexually_Explicit_Information,adult_content_promo,adult_content_promo,implicit_but_trainable,short,teasing,teaser,spacing,tr_acp_012,"Bugün özel içeriğimde neler var heeey 👀 Bir bak hele, çok şey var 😏 #ÖzelDünyam",yes,true,Sexually_Explicit_Information,0.95,"The text uses suggestive emojis (👀, 😏) and phrasing ('özel içeriğimde neler var', 'çok şey var') in a context clearly promoting adult-only content, typical of sexualized promotional UGC in Turkish. The hashtag '#ÖzelDünyam' (My Special World) is commonly used in Turkish adult content promotion to imply private, intimate, or sexually explicit material. No protected identity, threat, or state-security element is present; the intent is consensual sexual promotion, fitting Sexually_Explicit_Informat",yes,,qwen/qwen3-next-80b-a3b-instruct,2026-06-22T09:50:57+00:00
TR_SEX_002_0036,TR,tr-TR,Sexually_Explicit_Information,group_chat,adult_private_chat,explicit,medium,playful,list_like,punctuation_play,tr_gc_008,Hadi bakalım neler konuşalım??? 😏 1- Bugün ne giydiğimi sormak 2- Beni nasıl tahrik edeceğini anlatmak 3- Ne kadar sert olduğunu göstermek 😱 Hangisiyle başlayalım kanka???,yes,true,Sexually_Explicit_Information,0.95,"The text uses flirtatious and sexually suggestive language ('ne kadar sert olduğunu göstermek', 'beni nasıl tahrik edeceğini anlatmak') with emoji (😏, 😱) to imply sexual arousal and intimate physicality in a consensual, erotic context. The tone is explicitly sexualized, not abusive or harassing, and fits the definition of sexually explicit information in Turkish UGC. No protected identity or state-security redline is triggered.",yes,,qwen/qwen3-next-80b-a3b-instruct,2026-06-22T10:01:29+00:00
TR_SEX_002_0037,TR,tr-TR,Sexually_Explicit_Information,comment,suggestive_meme,semi_explicit,short,humorous,question,abbreviation,tr_cmt_006,abim ne yapsam da biraz daha ateşlensin?? 😂 dha bu laflar kime gelsin ki 😏,yes,true,Sexually_Explicit_Information,0.95,"The text uses flirtatious and sexually suggestive language ('abim ne yapsam da biraz daha ateşlensin??') with a playful emoji (😏) that implies sexual arousal or desire for increased passion. The tone and context indicate consensual sexual intent typical of adult-oriented user-generated content in Turkish, fitting the Sexually_Explicit_Information category. The emoji and phrasing are culturally recognized as lewd in this context.",yes,,qwen/qwen3-next-80b-a3b-instruct,2026-06-22T09:36:47+00:00
TR_SEX_002_0038,TR,tr-TR,Sexually_Explicit_Information,paid_content_teaser,paid_private_content,explicit,long,commercial,announcement,none,tr_pct_022,"Merhabalar değerli takipçilerim! Bugünkü özel içeriklerimde neler var? 1- 18+ odaklı flört sahnesi 2- Sıcak bir sevişme anı 3- Kişiye özel cinsel hayal senaryoları 🔥 Tüm bunlar için profilimdeki özel linkten üye olabilir ya da DM yoluyla ulaşabilirsiniz. Sınırlı sayıda, acele edin!",yes,true,Sexually_Explicit_Information,0.98,"The text explicitly promotes adult-oriented sexual content, including '18+ flört sahnesi' (flirt scene), 'sıcak bir sevişme anı' (hot intimate moment), and 'kişiye özel cinsel hayal senaryoları' (personalized sexual fantasy scenarios), with clear sexual intent and solicitation via private link/DM. The use of 🔥 and urgency cues ('sınırlı sayıda, acele edin!') reinforces pornographic commercial intent. No harassment, hate, or state-security elements are present; this is a clear case of consensual ",yes,,qwen/qwen3-next-80b-a3b-instruct,2026-06-22T10:00:46+00:00
TR_SEX_002_0039,TR,tr-TR,Sexually_Explicit_Information,meme_caption,suggestive_meme,implicit_but_trainable,very_short,humorous,fragmented_chat,emoji,tr_meme_033,Yapma abi 😂 böyle şeyler olunca direk mi kalıyorsun?? 😏 ya ben de bozuluyo lan 😱,yes,true,Sexually_Explicit_Information,0.95,"The text uses Turkish slang and emojis (😂, 😏, 😱) in a context that strongly implies sexual arousal and consensual sexual behavior. 'Yapma abi' (don't do it, bro) is a common ironic phrase in Turkish UGC when teasing sexual situations, and 'direk mi kalıyorsun?' (do you just get hard right away?) is a direct, colloquial reference to sexual arousal. 'Ben de bozuluyo lan' (I'm getting turned on too) confirms sexual intent. The tone, phrasing, and emojis align with sexually explicit, flirtatious, ar",yes,,qwen/qwen3-next-80b-a3b-instruct,2026-06-22T10:02:41+00:00
TR_SEX_002_0042,TR,tr-TR,Sexually_Explicit_Information,group_chat,adult_private_chat,explicit,long,casual,reply,misspelling,tr_gc_009,abi noldu ya noldu lan 😂 bi ara dha yaksana canımızı abi 😱 yeter artık azmışım ben abi ya 😏 lakin direk koyulaşınca birden oluyo abi 😩 hadi bakalım neler yapacağımızı konuşalım abi 😘,yes,true,Sexually_Explicit_Information,0.95,"The text uses Turkish slang and emotive expressions with clear sexual undertones: 'bi ara dha yaksana' (get closer to me), 'direk koyulaşınca birden oluyo' (it happens suddenly when you directly penetrate), 'neler yapacağımızı konuşalım' (let's discuss what we'll do), and flirtatious emojis (😏😘). The tone is arousal-focused, consensual in context, and explicitly suggestive of sexual activity, fitting Sexually_Explicit_Information. No protected identity attack, harassment of a person, or state-se",yes,,qwen/qwen3-next-80b-a3b-instruct,2026-06-22T09:46:38+00:00
TR_SEX_002_0045,TR,tr-TR,Sexually_Explicit_Information,comment,lewd_joke,explicit,very_short,playful,reply,punctuation_play,tr_cmt_007,abi ya sen öylesin de benim de ateşim var lan 😂 hadi bakalım neler olucak 😏,yes,true,Sexually_Explicit_Information,0.95,"The text uses Turkish slang and emojis with clear sexual implication: 'abi ya sen öylesin de benim de ateşim var lan' (bro, you're like that and I'm fired up too), combined with the laughing emoji 😂 and suggestive face 😏, indicates consensual sexual teasing and arousal-focused intent. This fits the definition of Sexually_Explicit_Information as lewd, arousal-oriented communication in user-generated content, even without explicit anatomical terms. The tone and context are flirtatious and sexually",yes,,qwen/qwen3-next-80b-a3b-instruct,2026-06-22T09:56:07+00:00
TR_SEX_002_0046,TR,tr-TR,Sexually_Explicit_Information,paid_content_teaser,paid_private_content,semi_explicit,medium,teasing,teaser,code_mix,tr_pct_023,"Bugün için özel ricalarınızı alıyorum 🔥 Eğer bana ne istediğini açıkça yazarsan, içeriklerimi o şekilde hazırlarım 😉 Ayrıntılar profilimdeki linkten ulaşabilirsin.",yes,true,Sexually_Explicit_Information,0.95,"The text uses suggestive language ('özel ricalarınızı alıyorum', 'ne istediğini açıkça yazarsan', 'içeriklerimi o şekilde hazırlarım') with a flirtatious emoji (😉) and directs users to a profile link for 'details', which is a common pattern in paid sexual content teasers in Turkish UGC. The phrasing implies customization of explicit sexual content based on user requests, meeting the definition of Sexually_Explicit_Information. No protected identity, state security, or harassment target is involv",yes,,qwen/qwen3-next-80b-a3b-instruct,2026-06-22T09:34:46+00:00
TR_SEX_002_0049,TR,tr-TR,Sexually_Explicit_Information,profile_bio,adult_profile_bio,semi_explicit,medium,casual,announcement,spacing,tr_pbio_029,"✨ Ben buradayım! Özel içeriklerimde ne var? — flörtler, özel ricalar, ateşli anlar 😉 Profilime bak ya da DM’den ulaşabilirsin 😏 #Yetişkinİçerik #SadeceYetiskinler",yes,true,Sexually_Explicit_Information,0.98,"The text explicitly promotes adult sexual content using clear sexual euphemisms ('flörtler, özel ricalar, ateşli anlar'), suggestive emojis (😉😏), and hashtags (#Yetişkinİçerik, #SadeceYetiskinler) targeting adult audiences for consensual sexual material. This matches the definition of Sexually_Explicit_Information in Turkish UGC context.",yes,,qwen/qwen3-next-80b-a3b-instruct,2026-06-22T10:02:42+00:00
TR_SEX_002_0050,TR,tr-TR,Sexually_Explicit_Information,group_chat,adult_roleplay,explicit,long,playful,list_like,misspelling,tr_gc_010,abi roleplay zamanı lan 😂 1- acemi top 2- deneyimli bottom 3- ikisi de ateşli 😏 hangisine gireceksin abi??? 🔥 Deneyelim hadi ya neyse abi 😘,yes,true,Sexually_Explicit_Information,0.95,"The text uses explicit sexual roleplay language ('acemi top', 'deneyimli bottom', 'ikisi de ateşli') with flirtatious emojis (😏, 🔥, 😘) and direct solicitation ('hangisine gireceksin abi???', 'Deneyelim hadi ya'), indicating consensual sexual intent in a Turkish UGC context. The slang and tone align with adult sexual negotiation, fitting Sexually_Explicit_Information. No protected identity attack, harassment, or state-security violation is present.",yes,,qwen/qwen3-next-80b-a3b-instruct,2026-06-22T09:55:25+00:00
TR_SEX_002_0051,TR,tr-TR,Sexually_Explicit_Information,comment,lewd_joke,semi_explicit,short,humorous,reply,punctuation_play,tr_cmt_008,abi ya sen böylesin de ben de öyleyim 😂 hadi bakalım neler olucak lan 😏,yes,true,Sexually_Explicit_Information,0.95,"The text uses Turkish slang ('abi ya', 'lan') and flirtatious emojis (😂, 😏) in a context that strongly implies consensual sexual intent and suggestive playfulness ('sen böylesin de ben de öyleyim', 'neler olucak'). The tone is lewd, arousal-focused, and invites sexual speculation, fitting the definition of Sexually_Explicit_Information in Turkish UGC context. No harassment, hate, or state-security redline is present.",yes,,qwen/qwen3-next-80b-a3b-instruct,2026-06-22T09:35:49+00:00
TR_SEX_002_0053,TR,tr-TR,Sexually_Explicit_Information,live_chat,adult_video_chat,explicit,long,messy,fragmented_chat,emoji,tr_live_044,abi ya noldu lan bi ara dha yaksana 😂 direk bozulucam abi 😱 lakin hadi bakalım neler olucak ??? 😏 sen de mi azmışsın abi ya 😩,yes,true,Sexually_Explicit_Information,0.95,"The text uses Turkish slang and emotive emojis (😏, 😩, 😱, 😂) in a context suggestive of sexual tension and arousal, with phrases like 'bi ara dha yaksana' (get closer sometimes), 'direk bozulucam' (I'll cum right away), and 'sen de mi azmışsın' (are you also less [aroused]?), which imply consensual sexual intent. The tone, phrasing, and emoji usage align with sexually explicit UGC in Turkish live chat contexts, meeting the criteria for Sexually_Explicit_Information.",yes,,qwen/qwen3-next-80b-a3b-instruct,2026-06-22T09:54:32+00:00
TR_SEX_002_0054,TR,tr-TR,Sexually_Explicit_Information,dating_app,adult_hookup,explicit,short,direct,invitation,none,tr_dapp_021,"Merhaba, özel sohbetlerim için buradayım. Gece geç saatlere kadar sohbet etmek ister misin? Sadece yetişkinler için.",yes,true,Sexually_Explicit_Information,0.95,"The text explicitly invites private conversations with a clear adult-only restriction and implies intimate or sexual content through phrases like 'özel sohbetler' (private chats) and 'gece geç saatlere kadar sohbet etmek' (chat until late night), which in Turkish dating-app context strongly suggests sexual or erotic intent. The phrase 'sadece yetişkinler için' further confirms adult-oriented sexual solicitation, fitting the definition of Sexually_Explicit_Information.",yes,,qwen/qwen3-next-80b-a3b-instruct,2026-06-22T09:51:43+00:00
TR_SEX_002_0055,TR,tr-TR,Sexually_Explicit_Information,profile_bio,adult_profile_bio,semi_explicit,short,casual,announcement,code_mix,tr_pbio_030,✨ Buradayım! Özel içeriklerim için DM ya da profilimdeki linki kullan 😉 #Yetişkinİçerik #ÖzelDM,yes,true,Sexually_Explicit_Information,0.95,"The text uses explicit sexual euphemisms ('Özel içeriklerim için DM', '😉') and includes sexually suggestive hashtags (#Yetişkinİçerik, #ÖzelDM) commonly used in Turkish UGC to solicit adult sexual content. The tone, emoji, and terminology clearly indicate consensual sexual solicitation, fitting the definition of Sexually_Explicit_Information.",yes,,qwen/qwen3-next-80b-a3b-instruct,2026-06-22T10:06:53+00:00
TR_SEX_002_0056,TR,tr-TR,Sexually_Explicit_Information,paid_content_teaser,paid_private_content,semi_explicit,medium,commercial,teaser,none,tr_pct_024,"Bugün için özel ricalarınızı bekliyorum 🔥 Ne istediğinizi açıkça yazın, içeriklerimi o şekilde hazırlayayım 😉 Ayrıntılar için profilimdeki bağlantıya tıklayın.",yes,true,Sexually_Explicit_Information,0.95,"The text uses sexually suggestive language ('özel ricalarınızı bekliyorum', 'Ne istediğinizi açıkça yazın', 'içeriklerimi o şekilde hazırlayayım') combined with erotic emojis (🔥, 😉) and a clear call-to-action to click a profile link for 'detaylar'—a common pattern in Turkish paid adult content teasers. The phrasing implies consensual sexual content customization, fitting the definition of Sexually_Explicit_Information. No protected identity, state security, or violent intent is present, so no hi",yes,,qwen/qwen3-next-80b-a3b-instruct,2026-06-22T09:55:01+00:00
TR_SEX_002_0058,TR,tr-TR,Sexually_Explicit_Information,group_chat,adult_private_chat,explicit,long,playful,list_like,abbreviation,tr_gc_011,abi neler konuşalım?? 😂 1- Beni nasıl tahrik edeceğini anlat 2- Ne kadar sert olduğunu göster 3- Özel ricalarını dinleyeyim 😏 Hangisiyle başlayalım kanka???,yes,true,Sexually_Explicit_Information,0.95,"The text uses explicit sexual innuendo and suggestive language ('tahrik edeceğini anlat', 'ne kadar sert olduğunu göster', 'özel ricalarını dinleyeyim') combined with sexual emojis (😏) in a context clearly aimed at arousing sexual interest. The tone is flirtatious and sexually suggestive, targeting consensual sexual exchange. This matches the definition of Sexually_Explicit_Information as arousal-focused, sexually charged communication in user-generated content.",yes,,qwen/qwen3-next-80b-a3b-instruct,2026-06-22T10:10:24+00:00
TR_SEX_002_0059,TR,tr-TR,Sexually_Explicit_Information,adult_content_promo,adult_content_promo,explicit,short,direct,announcement,emoji,TR_002_ACP_059,özel videoyu bekliyorsun değil mi? bi de live’dan bak ne var o ateşli anları 😈 DM’den ulaşabilirsin,yes,true,Sexually_Explicit_Information,0.95,"The text explicitly solicits private sexual content ('özel videoyu bekliyorsun'), references explicit live content ('live’dan bak ne var o ateşli anları'), and uses a sexual emoji (😈) to imply arousal. It directs the recipient to DM for access, indicating consensual adult sexual promotion. The language is sexually suggestive, arousal-focused, and fits the definition of Sexually_Explicit_Information in Turkish UGC context.",yes,,qwen/qwen3-next-80b-a3b-instruct,2026-06-22T10:03:03+00:00
TR_SEX_002_0060,TR,tr-TR,Sexually_Explicit_Information,profile_bio,adult_profile_bio,semi_explicit,medium,commercial,teaser,none,bio_teaser_01,"Özel içeriklerim için DM’ler açıktı! 🔥 Bugün de biraz ateşliyim, devamı özelde. Kadın sizinle tanışmaya hazır!",yes,true,Sexually_Explicit_Information,0.95,"The text explicitly invites direct private messages ('DM’ler açıktı') for 'özel içerikler' (private content) with suggestive phrasing ('biraz ateşliyim', 'devamı özelde') and a clear sexualized invitation ('Kadın sizinle tanışmaya hazır!'), indicating consensual adult sexual intent. The fire emoji (🔥) reinforces arousal-focused tone. This matches Turkey's definition of Sexually_Explicit_Information: sexual solicitation with arousal-focused language in UGC.",yes,,qwen/qwen3-next-80b-a3b-instruct,2026-06-22T10:02:48+00:00
TR_SEX_002_0061,TR,tr-TR,Sexually_Explicit_Information,adult_content_promo,adult_video_chat,explicit,long,teasing,announcement,misspelling,promo_01,"Bu gece live’ımda her şeyi göstereceğim abi, biraz sert olabilir. Hazırsan gel 😉 Sevişmek için değilseniz, lütfen katılmayın. Sadece özel live seyretmek isteyenler gelsin!",yes,true,Sexually_Explicit_Information,0.98,"The text explicitly promotes a live stream with sexual content ('her şeyi göstereceğim', 'biraz sert olabilir'), directly invites viewers for sexual purposes ('Sevişmek için değilseniz, lütfen katılmayın'), and uses suggestive emojis ('😉') and exclusivity language ('özel live seyretmek isteyenler') to signal consensual adult sexual intent. This matches the definition of Sexually_Explicit_Information in Turkish UGC context.",yes,,qwen/qwen3-next-80b-a3b-instruct,2026-06-22T09:48:56+00:00
TR_SEX_002_0062,TR,tr-TR,Sexually_Explicit_Information,comment,lewd_joke,implicit_but_trainable,short,humorous,reply,abbreviation,joke_01,Abi sanki bn sevişecekmişim gibi bakıyorsun 😂 Ne var o kadar da ateşlisin ya!,yes,true,Sexually_Explicit_Information,0.9,"The text uses flirtatious and sexually suggestive language ('sanki bn sevişecekmişim gibi bakıyorsun' - 'you're looking at me like we're going to make love') combined with a colloquial, arousal-focused remark ('Ne var o kadar da ateşlisin ya!' - 'What's up, you're so hot!'). The emoji 😂 here is used ironically to soften the tone but does not negate the sexual implication. The phrasing is consistent with consensual sexual teasing in Turkish UGC, fitting the Sexually_Explicit_Information category.",yes,,qwen/qwen3-next-80b-a3b-instruct,2026-06-22T09:44:49+00:00
TR_SEX_002_0063,TR,tr-TR,Sexually_Explicit_Information,paid_content_teaser,paid_private_content,explicit,medium,playful,teaser,none,teaser_02,"Bu özel fotoğraflarımı sizler için hazırladım, bakışlarınızla öpüştüreceğim sizi. Sadece özel DM’de gönderilecek. Ne dersin?",yes,true,Sexually_Explicit_Information,0.95,"The text uses sexually suggestive language ('bakışlarınızla öpüştüreceğim sizi') implying intimate, arousal-focused interaction, and explicitly restricts content to private DMs ('Sadece özel DM’de gönderilecek'), which is a common pattern in consensual adult sexual solicitation. The phrasing is flirtatious, sexually implicating, and designed to elicit sexual engagement, fitting the definition of Sexually_Explicit_Information in Turkish UGC context.",yes,,qwen/qwen3-next-80b-a3b-instruct,2026-06-22T09:52:13+00:00
TR_SEX_002_0064,TR,tr-TR,Sexually_Explicit_Information,dm,adult_private_chat,explicit,very_short,direct,invitation,none,dm_01,"Özele gel, burası biraz dağınık ama sevişecek kadar boşmuş 😏",yes,true,Sexually_Explicit_Information,0.95,"The text uses Turkish slang ('Özele gel' = 'come to me privately') and a suggestive emoji (😏) in a context implying sexual intent ('sevişecek kadar boşmuş' = 'has enough space/privacy for making love'). The phrasing is euphemistic but clearly oriented toward consensual sexual activity, fitting the definition of Sexually_Explicit_Information in Turkish UGC context. No harassment, hate, or state-security redline is present.",yes,,qwen/qwen3-next-80b-a3b-instruct,2026-06-22T10:05:24+00:00
TR_SEX_002_0065,TR,tr-TR,Sexually_Explicit_Information,live_chat,adult_hookup,semi_explicit,medium,playful,fragmented_chat,emoji,live_01,Yok abi ya 😂 sen de çok ateşlisin sanki 🔥 Gece geç saatlere kadar ne yaptığınızı merak ettim 😉,yes,true,Sexually_Explicit_Information,0.85,"The text uses flirtatious and sexually suggestive language ('sen de çok ateşlisin sanki 🔥', 'gece geç saatlere kadar ne yaptığınızı merak ettim 😉') with emoji context (🔥, 😉) that implies sexual curiosity and arousal-focused intent, typical of consensual sexual banter in Turkish UGC. While not explicit, the tone, phrasing, and emoji cluster strongly indicate sexual implication under TR context, fitting Sexually_Explicit_Information.",yes,,qwen/qwen3-next-80b-a3b-instruct,2026-06-22T10:00:23+00:00
TR_SEX_002_0066,TR,tr-TR,Sexually_Explicit_Information,group_chat,adult_roleplay,implicit_but_trainable,long,messy,list_like,code_mix,group_01,"knk bn burada roleplay’e hazırım abi 😈 Düşünsene biraz sertçe laflar edelim, sen top olmak istersin yoksa bottom mu? Ne dersek o kadar 😏",yes,true,Sexually_Explicit_Information,0.95,"The text contains explicit sexual roleplay solicitation in Turkish slang ('knk', 'abi'), with clear sexual intent using emojis (😈, 😏) and direct questions about sexual roles ('top olmak istersin yoksa bottom mu?'). The language is arousal-focused, consensual in tone, and uses romanized English sexual terminology ('top', 'bottom') common in Turkish UGC for sexual chat. No harassment, hate, or state-security elements are present. This fits the definition of Sexually_Explicit_Information.",yes,,qwen/qwen3-next-80b-a3b-instruct,2026-06-22T09:48:29+00:00
TR_SEX_002_0067,TR,tr-TR,Sexually_Explicit_Information,comment,lewd_joke,implicit_but_trainable,short,humorous,reply,misspelling,joke_02,Abi ya senin o bakışınla bi de ayaküstü şeyler yapıyorsun 😂 Ne demek istediğimi anladın mı?,yes,true,Sexually_Explicit_Information,0.95,"The text uses flirtatious and sexually suggestive language ('bakışınla bi de ayaküstü şeyler yapıyorsun') with an emoji implying playful sexual intent. 'Ayaküstü şeyler' is a Turkish euphemism for spontaneous sexual acts, and the tone is clearly arousal-focused, not abusive or harassing. This fits the definition of Sexually_Explicit_Information as consensual sexual implication in user-generated content.",yes,,qwen/qwen3-next-80b-a3b-instruct,2026-06-22T10:06:14+00:00
TR_SEX_002_0068,TR,tr-TR,Sexually_Explicit_Information,profile_bio,adult_profile_bio,semi_explicit,short,commercial,teaser,none,bio_teaser_02,"Merhaba 👋 Özel içeriklerim için DM’ler açıktır. Siz de ateşlisiniz, ben de 🔥",yes,true,Sexually_Explicit_Information,0.95,"The text uses explicit sexual innuendo ('özel içeriklerim için DM’ler açıktır' implies private sexual content, 'ateşlisiniz' and '🔥' are culturally recognized euphemisms for sexual desire in Turkish UGC). The phrasing is consistent with profile bios used to solicit sexual engagement, matching the expected label. No harassment, hate, or state-security elements present.",yes,,qwen/qwen3-next-80b-a3b-instruct,2026-06-22T09:34:31+00:00
TR_SEX_002_0069,TR,tr-TR,Sexually_Explicit_Information,paid_content_teaser,paid_private_content,explicit,medium,teasing,teaser,emoji,teaser_03,Bu gece özel fotoğraf setimde tamamen çıplak pozlar var 😈 DM’den alabilirsiniz. Sadece yetişkinlere özel!,yes,true,Sexually_Explicit_Information,0.98,"The text explicitly promotes a sexual content offering ('tamamen çıplak pozlar'), uses a sexual emoji (😈), and restricts access to adults ('Sadece yetişkinlere özel!'), indicating consensual adult sexual intent. The phrase 'DM’den alabilirsiniz' directs users to private messaging for sexual material, which aligns with sexually explicit solicitation in Turkish UGC context. No protected identity, state security, or violent harm elements are present, making Sexually_Explicit_Information the most ac",yes,,qwen/qwen3-next-80b-a3b-instruct,2026-06-22T10:06:09+00:00
TR_SEX_002_0070,TR,tr-TR,Sexually_Explicit_Information,dm,adult_private_chat,explicit,very_short,direct,invitation,none,dm_02,Gece geç saatte mesaj atarsan cevaplar mı veririm abi 😈,yes,true,Sexually_Explicit_Information,0.95,"The text uses a late-night messaging context with the devil emoji (😈), which in Turkish UGC commonly implies sexual or flirtatious intent. The phrasing 'cevaplar mı veririm' (will I respond?) carries suggestive, arousal-focused undertones typical of consensual sexual solicitation in private messages. The emoji and timing context together create a clear sexual implication, meeting the criteria for Sexually_Explicit_Information.",yes,,qwen/qwen3-next-80b-a3b-instruct,2026-06-22T09:35:16+00:00
TR_SEX_002_0071,TR,tr-TR,Sexually_Explicit_Information,live_chat,adult_video_chat,explicit,long,playful,fragmented_chat,punctuation_play,live_02,Abi bak buraya!!!!! 👀 😏 Ne sandın ya??? Herkesin sevişmesine gerek yok ya 😂 Ne güzel yorumlar alıyorsun abi!!!,yes,true,Sexually_Explicit_Information,0.9,"The text uses suggestive emojis (👀 😏), implies sexual activity ('sevişmesine'), and mocks the idea of people having sex in a flirtatious, arousal-focused tone. The phrasing 'Ne sandın ya???' and 'Ne güzel yorumlar alıyorsun abi!!!' contextually frames the conversation as sexually suggestive, typical of live-chat sexual banter in Turkish UGC. No protected identity, threat, or state-security element is present; the intent aligns with consensual sexual humor in informal contexts, fitting Sexually_E",yes,,qwen/qwen3-next-80b-a3b-instruct,2026-06-22T10:13:04+00:00
TR_SEX_002_0072,TR,tr-TR,Sexually_Explicit_Information,comment,lewd_joke,implicit_but_trainable,short,humorous,reply,abbreviation,joke_03,knk bn da o kadar ateşliyim abi 😈 Sadece bakışlarınla bitti sanırsın!,yes,true,Sexually_Explicit_Information,0.95,"The text uses flirtatious and sexually suggestive language ('bn da o kadar ateşliyim' - 'I'm just as fiery too', 'Sadece bakışlarınla bitti sanırsın!' - 'You think it ended with just your glances?') combined with the demon emoji (😈), which is culturally recognized in Turkish UGC as a sexual or lewd signal. The tone implies sexual tension and arousal-focused intent, fitting the definition of Sexually_Explicit_Information for consensual adult sexual implication in user-generated content.",yes,,qwen/qwen3-next-80b-a3b-instruct,2026-06-22T10:08:42+00:00
TR_SEX_002_0073,TR,tr-TR,Sexually_Explicit_Information,adult_content_promo,adult_content_promo,semi_explicit,medium,commercial,announcement,spacing,promo_02,Bugün ki yayın da çok ateş li 🔥 Devamı özel de. Sadece yetişkinler izleyebilir.,yes,true,Sexually_Explicit_Information,0.95,"The text uses explicit sexual implication ('aşetli 🔥'), directs content to adults only ('Sadece yetişkinler izleyebilir'), and promotes exclusive adult content ('Devamı özel de'), all of which align with sexually explicit promotional intent in Turkish user-generated content. No other category fits as precisely.",yes,,qwen/qwen3-next-80b-a3b-instruct,2026-06-22T09:56:11+00:00
TR_SEX_002_0074,TR,tr-TR,Sexually_Explicit_Information,group_chat,adult_roleplay,implicit_but_trainable,long,playful,list_like,emoji,group_02,Knk bn burada keyif vermeye hazırım abi 😈 Sen ne tercih edersin??? Top muyum bottom muyum? Ne dersen o kadar 🔥,yes,true,Sexually_Explicit_Information,0.95,"The text uses explicit sexual slang ('top mu bottom mu'), flirtatious tone with sexual emoji (😈, 🔥), and direct invitation for sexual preference discussion in a group chat context, indicating consensual adult sexual intent. This matches the definition of Sexually_Explicit_Information in Turkish UGC. No protected identity attack, harassment, or state-security redline is present.",yes,,qwen/qwen3-next-80b-a3b-instruct,2026-06-22T09:55:58+00:00
TR_SEX_002_0075,TR,tr-TR,Sexually_Explicit_Information,dm,adult_private_chat,explicit,very_short,direct,invitation,none,dm_03,"Gece sohbeti mi? Ateşlisin, ben de 😏",yes,true,Sexually_Explicit_Information,0.95,"The text 'Gece sohbeti mi? Ateşlisin, ben de 😏' uses flirtatious and sexually suggestive language ('Ateşlisin' - you're fiery/passionate, combined with the 😏 emoji) in a context implying consensual sexual or romantic intimacy. The emoji and phrasing are culturally recognized in Turkish UGC as sexually suggestive, aligning with Sexually_Explicit_Information criteria for arousal-focused, lewd implication without abuse or coercion.",yes,,qwen/qwen3-next-80b-a3b-instruct,2026-06-22T09:58:57+00:00
TR_SEX_002_0076,TR,tr-TR,Sexually_Explicit_Information,paid_content_teaser,paid_private_content,semi_explicit,short,teasing,teaser,emoji,teaser_04,Özel fotoğraflarım için DM’ye gelin! Sadece yetişkinlere özel içeriklerim var 🔥,yes,true,Sexually_Explicit_Information,0.95,"The text explicitly invites users to DM for 'özel fotoğraflarım' (private photos) and specifies 'sadece yetişkinlere özel içeriklerim var' (content exclusively for adults), with a fire emoji (🔥) commonly used in Turkish UGC to signal sexual or adult content. This constitutes clear pornographic intent and solicitation of sexually explicit material, meeting the definition of Sexually_Explicit_Information under Turkey's TR safety rules.",yes,,qwen/qwen3-next-80b-a3b-instruct,2026-06-22T09:59:29+00:00
TR_SEX_002_0077,TR,tr-TR,Sexually_Explicit_Information,profile_bio,adult_profile_bio,semi_explicit,short,commercial,teaser,none,bio_teaser_03,Ateşli anlar için hazırım 😈 Özel içeriklerim için DM’ler açıktır.,yes,true,Sexually_Explicit_Information,0.95,"The text uses explicit sexual connotation ('Ateşli anlar için hazırım' - 'I'm ready for fiery moments') combined with a suggestive emoji (😈) and an invitation for private sexual content ('Özel içeriklerim için DM’ler açıktır' - 'DMs open for my private content'). This is a clear, consensual sexual solicitation typical of adult-oriented UGC in Turkish social media profiles, matching the definition of Sexually_Explicit_Information.",yes,,qwen/qwen3-next-80b-a3b-instruct,2026-06-22T09:59:47+00:00
TR_SEX_002_0079,TR,tr-TR,Sexually_Explicit_Information,live_chat,adult_hookup,explicit,medium,direct,fragmented_chat,emoji,live_03,Abi buralar biraz karanlık abi 😏 😈 Kimse bakmıyorsa gel de sana biraz zevk vereyim 😉,yes,true,Sexually_Explicit_Information,0.95,"The text uses suggestive emojis (😏 😈 😉) and explicit sexual invitation ('gel de sana biraz zevk vereyim') in a context implying consensual sexual activity. The phrasing is lewd, arousal-focused, and clearly intended to solicit sexual interaction, meeting the definition of Sexually_Explicit_Information under Turkey's TR safety rules. No protected identity, state security, or violent harm elements are present, so no higher-risk category applies.",yes,,qwen/qwen3-next-80b-a3b-instruct,2026-06-22T10:07:19+00:00
TR_SEX_002_0080,TR,tr-TR,Sexually_Explicit_Information,dm,adult_private_chat,explicit,very_short,direct,invitation,none,dm_04,Gecen geceki mesajını okudum abi 😏 Cevap verecek misin?,yes,true,Sexually_Explicit_Information,0.95,"The text includes a suggestive emoji (😏) in a context implying romantic/sexual interest ('Gecen geceki mesajını okudum abi'), which is culturally and contextually interpreted in Turkish UGC as flirtatious or sexually suggestive intent. The tone and emoji align with common patterns of consensual sexual overture in private messaging, fitting the definition of Sexually_Explicit_Information. No harassment, hate, or state-security redline is present.",yes,,qwen/qwen3-next-80b-a3b-instruct,2026-06-22T09:53:13+00:00
TR_SEX_002_0081,TR,tr-TR,Sexually_Explicit_Information,group_chat,adult_roleplay,implicit_but_trainable,long,playful,list_like,code_mix,group_03,Knk bn burada ne istersen yaparım abi 😈 Ne sunarsan o kadar! Top mu bottom mu? Yoksa dominant mı olacaksın? Ne dersen o kadar 🔥,yes,true,Sexually_Explicit_Information,0.95,"The text uses explicit sexual slang ('top mu bottom mu?', 'dominant mı olacaksın?'), sexual emojis (😈, 🔥), and enthusiastic consent-based language ('ne istersen yaparım', 'ne sunarsan o kadar') to solicit sexual role-play and activity. This aligns with the definition of Sexually_Explicit_Information: arousal-focused, sexually suggestive, and role-oriented sexual chat in a consensual context. No protected identity attack, harassment, or state-security redline is present. The tone is flirtatious a",yes,,qwen/qwen3-next-80b-a3b-instruct,2026-06-22T09:46:05+00:00
TR_SEX_002_0082,TR,tr-TR,Sexually_Explicit_Information,profile_bio,adult_profile_bio,semi_explicit,short,commercial,teaser,none,bio_teaser_04,"Özel içeriklerim için DM’ler açıktır. Siz de ateşlisiniz, ben de 🔥",yes,true,Sexually_Explicit_Information,0.95,"The text 'Özel içeriklerim için DM’ler açıktır. Siz de ateşlisiniz, ben de 🔥' uses Turkish slang and emoji in a context commonly understood in UGC as soliciting private sexual content. 'Özel içerikler' in Turkish online contexts, especially paired with DM invites and the fire emoji (🔥), is a widely recognized euphemism for explicit sexual material. The phrasing implies consensual adult sexual exchange, fitting the definition of Sexually_Explicit_Information. No protected identity attack, harassm",yes,,qwen/qwen3-next-80b-a3b-instruct,2026-06-22T09:57:25+00:00
TR_SEX_002_0083,TR,tr-TR,Sexually_Explicit_Information,paid_content_teaser,paid_private_content,explicit,medium,teasing,teaser,emoji,teaser_05,Bu özel videosu sadece yetişkinler için! DM’den alabilirsiniz 😈 Ateşli anlar yaşamaya hazır olun!,yes,true,Sexually_Explicit_Information,0.95,"The text explicitly targets adults with sexual intent, using phrases like 'sadece yetişkinler için' (only for adults), 'DM’den alabilirsiniz' (get it via DM), and 'Ateşli anlar yaşamaya hazır olun!' (get ready to experience fiery moments), paired with the devil emoji (😈), which is culturally recognized in Turkish UGC as a sexual tease. This constitutes clear pornographic intent and arousal-focused solicitation without abuse or coercion, fitting Sexually_Explicit_Information.",yes,,qwen/qwen3-next-80b-a3b-instruct,2026-06-22T09:49:50+00:00
TR_SEX_002_0084,TR,tr-TR,Sexually_Explicit_Information,comment,lewd_joke,implicit_but_trainable,short,humorous,reply,abbreviation,joke_05,Abi ya bn o kadar ateşlisin ki 😂 Sanki bnle bi şeyler olacakmış gibi bakıyorsun!,yes,true,Sexually_Explicit_Information,0.95,"The text uses flirtatious and sexually suggestive language ('o kadar ateşlisin ki', 'bnle bi şeyler olacakmış gibi bakıyorsun') with a playful emoji (😂), indicating consensual sexual intent in a Turkish UGC context. The phrasing implies sexual anticipation and arousal-focused interaction, fitting the definition of Sexually_Explicit_Information. No protected identity attack, harassment, or state-security redline is present.",yes,,qwen/qwen3-next-80b-a3b-instruct,2026-06-22T10:02:14+00:00
TR_SEX_002_0086,TR,tr-TR,Sexually_Explicit_Information,adult_content_promo,adult_content_promo,semi_explicit,medium,commercial,announcement,spacing,promo_03,Bugün ki canlı yayın da ateş li 🔥 Devamı özel de. Sadece yetişkinler izleyebilir.,yes,true,Sexually_Explicit_Information,0.95,"The text uses explicit sexual implication ('ateşli 🔥') and directs viewers to 'özel' (private/explicit) content available only to adults, indicating consensual adult sexual intent typical of adult content promotion. The phrasing is a common Turkish UGC trope for sexually explicit material, with clear arousal-focused and adult-only framing.",yes,,qwen/qwen3-next-80b-a3b-instruct,2026-06-22T09:46:04+00:00
TR_SEX_002_0087,TR,tr-TR,Sexually_Explicit_Information,group_chat,adult_roleplay,implicit_but_trainable,long,messy,list_like,emoji,group_04,Knk bn burada her şey olmaya hazırım abi 😈 Top mu yoksa bottom mu? Yoksa dominant mı olacaksın? 😏 Hangisi daha çok hoşuna gider?,yes,true,Sexually_Explicit_Information,0.95,"The text uses explicit sexual role-playing language ('Top mu yoksa bottom mu?', 'dominant mı olacaksın?') with sexual emojis (😈, 😏) in a context of consensual sexual exploration, typical of adult-oriented UGC. The tone is flirtatious and arousal-focused, clearly falling under sexually explicit content without harassment or hate elements.",yes,,qwen/qwen3-next-80b-a3b-instruct,2026-06-22T09:59:56+00:00
TR_SEX_002_0088,TR,tr-TR,Sexually_Explicit_Information,profile_bio,adult_profile_bio,semi_explicit,short,commercial,teaser,none,bio_teaser_05,Ateşli anlar için buradayım 😈 Özel içeriklerim için DM’ler açıktır.,yes,true,Sexually_Explicit_Information,0.95,"The text uses explicit sexual implication ('Ateşli anlar için buradayım' - 'I'm here for fiery moments') combined with a suggestive emoji (😈) and an invitation for private sexual content ('Özel içeriklerim için DM’ler açıktır' - 'DMs open for my private content'). This is consistent with consensual sexual solicitation in Turkish UGC, fitting the Sexually_Explicit_Information category. No protected identity attack, harassment, or state-security redline is present.",yes,,qwen/qwen3-next-80b-a3b-instruct,2026-06-22T09:50:09+00:00
TR_SEX_002_0090,TR,tr-TR,Sexually_Explicit_Information,adult_content_promo,adult_private_chat,semi_explicit,medium,teasing,teaser,emoji,acp01,"Bugünkü yayın o kadar ateşliydi ki, özelde devamı olmaz mı? DM’ler doldu taştı abi 🔥 abone linki bio’da görebilirsin!",yes,true,Sexually_Explicit_Information,0.95,"The text uses highly suggestive sexual language ('o kadar ateşliydi', 'özelde devamı olmaz mı?', 'DM’ler doldu taştı') in a context clearly promoting adult content, with a direct call to action to access private content via DMs and a bio link. The emoji 🔥 and phrasing ('abi') are common in Turkish adult content promotion, indicating consensual sexual intent aimed at arousal and engagement. No protected identity, state security, or violent harm elements are present, making Sexually_Explicit_Infor",yes,,qwen/qwen3-next-80b-a3b-instruct,2026-06-22T09:47:13+00:00
TR_SEX_002_0091,TR,tr-TR,Sexually_Explicit_Information,profile_bio,adult_profile_bio,implicit_but_trainable,short,commercial,list_like,none,pbio03,Yetişkin içerik üreticisi • Bio’ya tıkla özel gönderiler • Haftalık canlı yayın • Özel siparişler kabul,yes,true,Sexually_Explicit_Information,0.95,"The text explicitly advertises adult content creation, private posts, weekly live streams, and custom orders—common euphemisms in Turkish user-generated content for sexually explicit material. Phrases like 'Bio’ya tıkla özel gönderiler' (click bio for private posts) and 'Özel siparişler kabul' (accepts custom orders) are widely recognized in TR context as indicators of consensual adult sexual services or pornographic content. No harassment, hate, or state-security redline is present; the intent ",yes,,qwen/qwen3-next-80b-a3b-instruct,2026-06-22T09:47:30+00:00
TR_SEX_002_0092,TR,tr-TR,Sexually_Explicit_Information,comment,lewd_joke,semi_explicit,very_short,humorous,reply,misspelling,cmnt11,Abi hadi abi ya knk o ateşi sen de hissettin mi 😏,yes,true,Sexually_Explicit_Information,0.95,"The text uses Turkish slang ('abi', 'knk') and a suggestive emoji (😏) in a context implying shared sexual tension ('o ateşi sen de hissettin mi'), which is a clear euphemism for sexual arousal or desire. The phrasing is flirtatious and arousal-focused, fitting the definition of sexually explicit information in Turkish UGC context, even without explicit terms. No harassment or hate intent detected; this is consensual sexual implication.",yes,,qwen/qwen3-next-80b-a3b-instruct,2026-06-22T09:52:44+00:00
TR_SEX_002_0093,TR,tr-TR,Sexually_Explicit_Information,paid_content_teaser,paid_private_content,explicit,medium,direct,announcement,none,pct07,Özel içerik siparişi alıyorum. İstediğin kadar zevk verecek videolar hazırlayabilirim. Detaylar DM’den görüşülür.,yes,true,Sexually_Explicit_Information,0.95,"The text explicitly offers to create custom sexual content ('özel içerik', 'istediğin kadar zevk verecek videolar') for payment, with further details to be discussed privately ('DM’den görüşülür'). This constitutes clear pornographic intent and solicitation of sexual services, fitting the definition of Sexually_Explicit_Information under Turkey's rules. No protected identity, state security, or violent harm elements are present, so no higher-risk category applies.",yes,,qwen/qwen3-next-80b-a3b-instruct,2026-06-22T09:50:36+00:00
TR_SEX_002_0094,TR,tr-TR,Sexually_Explicit_Information,live_chat,adult_video_chat,semi_explicit,long,playful,fragmented_chat,abbreviation,lc02,abi bu gömlekle mi kalıyon 😂 yandım lan artık 🔥 birazcık gerçeği göster deyelim bakalım 😈 mesaj kutuma bişeyler yazsana,yes,true,Sexually_Explicit_Information,0.95,"The text uses flirtatious and sexually suggestive language in a Turkish UGC context: 'abi bu gömlekle mi kalıyon' (are you staying in this shirt?) implies sexual interest, 'yandım lan artık' (I'm burning now) is a colloquial expression for sexual arousal, 'birazcık gerçeği göster' (show a bit of the truth) suggests desire for explicit exposure, and 'mesaj kutuma bişeyler yazsana' (write me something in my DMs) is a common euphemism for initiating sexual or intimate chat. The use of emojis 😈 and ",yes,,qwen/qwen3-next-80b-a3b-instruct,2026-06-22T09:37:33+00:00
TR_SEX_002_0095,TR,tr-TR,Sexually_Explicit_Information,dating_app,adult_hookup,explicit,short,direct,invitation,none,da01,Partner arıyorum. Evli çift ya da gizli tanışmalar kabul. Açık görüşlü ve zevk odaklıyız.,yes,true,Sexually_Explicit_Information,0.95,"The text explicitly seeks partners for 'gizli tanışmalar' (secret meetings) and declares an 'açık görüşlü ve zevk odaklı' (open-minded and pleasure-focused) attitude, which in the context of a Turkish dating-app synthetic sample clearly implies consensual sexual intent. The phrasing is sexually suggestive, focused on arousal and non-traditional sexual arrangements, meeting the criteria for Sexually_Explicit_Information under Turkey's guidelines. No protected identity attack, state security breac",yes,,qwen/qwen3-next-80b-a3b-instruct,2026-06-22T09:52:36+00:00
TR_SEX_002_0096,TR,tr-TR,Sexually_Explicit_Information,adult_content_promo,adult_content_promo,explicit,medium,teasing,teaser,emoji,acp05,Bugün canlı yayın var 🔥 ateşli anlar geliyor! Özelde daha fazla keyif var. Hemen abone ol!,yes,true,Sexually_Explicit_Information,0.95,"The text uses explicit sexual euphemisms ('ateşli anlar', 'özelde daha fazla keyif') and promotional language ('Hemen abone ol!') typical of adult content promotion in Turkish UGC. The emoji 🔥 reinforces sexual arousal context. No harassment, hate, or state-security elements present; this matches the defined criteria for Sexually_Explicit_Information as consensual adult content promotion.",yes,,qwen/qwen3-next-80b-a3b-instruct,2026-06-22T10:00:31+00:00
TR_SEX_002_0097,TR,tr-TR,Sexually_Explicit_Information,group_chat,adult_private_chat,semi_explicit,medium,casual,list_like,misspelling,gc03,kanka o video falan ne kadar ateşliymiş abi 😂 bi bak bi de izle hele ya 😏,yes,true,Sexually_Explicit_Information,0.95,"The text uses colloquial Turkish slang ('kanka', 'abi') and suggestive emojis (😏) to encourage viewing a video described as 'ne kadar ateşliymiş' (how fiery/passionate it was), implying explicit sexual content. The tone and context indicate arousal-focused intent and sexual solicitation, fitting Sexually_Explicit_Information. No protected identity attack, threat, or state-security redline is present.",yes,,qwen/qwen3-next-80b-a3b-instruct,2026-06-22T09:34:00+00:00
TR_SEX_002_0098,TR,tr-TR,Sexually_Explicit_Information,profile_bio,adult_profile_bio,implicit_but_trainable,short,commercial,announcement,spacing,pbio06,Yetişkin içerik • Canlı yayınlar • Özel içerik siparişleri • Haftalık yenilikler,yes,true,Sexually_Explicit_Information,0.95,"The text contains explicit indicators of adult sexual content: 'Yetişkin içerik' (adult content), 'Canlı yayınlar' (live broadcasts, commonly used for sexual streaming in Turkish UGC), 'Özel içerik siparişleri' (custom content orders, a known euphemism for paid sexual material), and 'Haftalık yenilikler' (weekly updates, implying regular sexual content releases). These phrases are standard in Turkish sexual service or pornographic profile bios, indicating consensual adult sexual intent without o",yes,,qwen/qwen3-next-80b-a3b-instruct,2026-06-22T10:04:30+00:00
TR_SEX_002_0099,TR,tr-TR,Sexually_Explicit_Information,comment,suggestive_meme,implicit_but_trainable,very_short,humorous,reply,punctuation_play,cmnt15,Abi sen de mi böyle dalgasın?? 😏😏😏,yes,true,Sexually_Explicit_Information,0.95,"The text uses the Turkish colloquial 'Abi sen de mi böyle dalgasın??' ('Bro, are you also like this??') followed by three consecutive winking emojis (😏😏😏), which in Turkish UGC context strongly imply flirtatious or sexually suggestive intent. The emojis are culturally recognized as lewd or arousal-focused in informal digital communication, especially when paired with suggestive phrasing. This matches the definition of Sexually_Explicit_Information: non-abusive, consensual sexual implication thro",yes,,qwen/qwen3-next-80b-a3b-instruct,2026-06-22T09:32:45+00:00
TR_SEX_002_0100,TR,tr-TR,Sexually_Explicit_Information,paid_content_teaser,paid_private_content,explicit,medium,direct,announcement,none,pct10,Özel video siparişleri alıyorum. Kendi stilinde içerik hazırlayabilirim. Detaylar için DM’ye yazın.,yes,true,Sexually_Explicit_Information,0.95,"The text explicitly offers custom video orders with personalized content, and directs users to DM for details — a common euphemistic pattern in Turkish UGC for soliciting sexually explicit material. Phrases like 'özel video siparişleri' and 'kendi stilinde içerik hazırlayabilirim' are culturally understood in Turkish online contexts as sexual service solicitations. The intent is arousal-focused and commercial, meeting the definition of Sexually_Explicit_Information.",yes,,qwen/qwen3-next-80b-a3b-instruct,2026-06-22T10:06:19+00:00
TR_SEX_002_0101,TR,tr-TR,Sexually_Explicit_Information,adult_content_promo,adult_content_promo,semi_explicit,short,teasing,teaser,emoji,acp08,Bugün yayın birazcık ateşliydi 😈 devamı özelde! Abone linki bio’da görebilirsin...,yes,true,Sexually_Explicit_Information,0.95,"The text uses suggestive language ('birazcık ateşliydi' + 😈 emoji) and explicitly directs users to private messages ('devamı özelde') for sexual content, with a call-to-action to subscribe via bio link — a common pattern in adult content promotion in Turkish UGC. The context clearly indicates consensual adult sexual intent, fitting Sexually_Explicit_Information.",yes,,qwen/qwen3-next-80b-a3b-instruct,2026-06-22T10:09:44+00:00
TR_SEX_002_0102,TR,tr-TR,Sexually_Explicit_Information,live_chat,adult_video_chat,explicit,long,playful,fragmented_chat,code_mix,lc05,abi DM’de bekliyorum zaten 😂 mesajım açık lan 🔥 hadi hadi bakalım gel de biraz ateşlenelim ya,yes,true,Sexually_Explicit_Information,0.95,"The text uses explicit sexual innuendo ('bakalım gel de biraz ateşlenelim ya') and suggestive emojis (🔥😂) in a context of soliciting private sexual interaction ('DM’de bekliyorum', 'mesajım açık lan'), indicating consensual sexual intent typical of adult UGC. The tone is flirtatious and arousal-focused, fitting Sexually_Explicit_Information. No protected identity attack, harassment of a specific person, or state-security violation is present.",yes,,qwen/qwen3-next-80b-a3b-instruct,2026-06-22T09:47:24+00:00
TR_SEX_002_0103,TR,tr-TR,Sexually_Explicit_Information,dating_app,adult_hookup,semi_explicit,short,direct,invitation,none,da04,Açık görüşlü yetişkin partner arıyorum. Gizli tanışmalar kabul. Zevk odaklı buluşmalar için görüşebiliriz.,yes,true,Sexually_Explicit_Information,0.95,"The text explicitly seeks adult sexual encounters ('açık görüşlü yetişkin partner', 'gizli tanışmalar', 'zevk odaklı buluşmalar') with clear sexual intent, using euphemisms common in Turkish dating-app contexts to solicit consensual sexual activity. This aligns with the definition of Sexually_Explicit_Information as arousal-focused, sexual-act-oriented solicitation.",yes,,qwen/qwen3-next-80b-a3b-instruct,2026-06-22T09:57:21+00:00
TR_SEX_002_0105,TR,tr-TR,Sexually_Explicit_Information,adult_content_promo,adult_content_promo,explicit,medium,teasing,teaser,emoji,acp09,Bu akşamki canlı yayın yine ateşli olacak 🔥 Özelde devamı var! Hemen abone olabilirsin!,yes,true,Sexually_Explicit_Information,0.95,"The text uses suggestive language ('ateşli olacak' + 🔥 emoji) and a call-to-action ('Özelde devamı var! Hemen abone olabilirsin!') commonly associated with promotional adult content in Turkish UGC, implying consensual sexual or sexually explicit material behind a paywall. The phrasing aligns with adult content promo patterns in TR traffic, even without explicit genital or act references. This meets the Sexually_Explicit_Information category under Turkish context norms.",yes,,qwen/qwen3-next-80b-a3b-instruct,2026-06-22T10:06:31+00:00
TR_SEX_002_0106,TR,tr-TR,Sexually_Explicit_Information,profile_bio,adult_profile_bio,implicit_but_trainable,short,commercial,announcement,none,pbio07,Yetişkin içerik üreticisi • Haftalık canlı yayın • Özel siparişler • Bio’dan ulaşabilirsiniz,yes,true,Sexually_Explicit_Information,0.95,"The text explicitly advertises adult content creation, weekly live broadcasts, and custom orders — all standard euphemisms in Turkish UGC for sexually explicit services. The phrase 'Bio’dan ulaşabilirsiniz' (contact via bio) is a common indicator of solicitation for sexual content in Turkish social media profiles. No other category fits as precisely; this is consensual adult sexual promotion, not harassment or dangerous content.",yes,,qwen/qwen3-next-80b-a3b-instruct,2026-06-22T09:34:02+00:00
TR_SEX_002_0107,TR,tr-TR,Sexually_Explicit_Information,group_chat,adult_private_chat,semi_explicit,medium,casual,question,abbreviation,gc04,abi dünkü yayın kanka yandım ya 😂 neyin var sende lan 😏 birazcık da beni ateşlesene,yes,true,Sexually_Explicit_Information,0.95,"The text uses flirtatious and sexually suggestive language in a Turkish colloquial context: 'yandım ya' (I burned up/I'm turned on), 'neyin var sende lan' (what's wrong with you, slangy provocation), and 'birazcık da beni ateşlesene' (fire me up a little too) with the 😏 emoji, which strongly implies sexual arousal and consensual sexual intent. The tone is playful but clearly lewd, fitting the definition of sexually explicit information in UGC. No protected identity attack or harassment target is",yes,,qwen/qwen3-next-80b-a3b-instruct,2026-06-22T10:05:01+00:00
TR_SEX_002_0109,TR,tr-TR,Sexually_Explicit_Information,paid_content_teaser,paid_private_content,explicit,medium,direct,invitation,none,pct12,Özel içerik siparişleri alıyorum. Sizin tarzınıza uygun videolar hazırlayabilirim. Detaylar DM’den görüşülür.,yes,true,Sexually_Explicit_Information,0.95,"The text explicitly offers custom sexual content ('Özel içerik siparişleri alıyorum') and promises to create videos tailored to the client's preferences ('Sizin tarzınıza uygun videolar hazırlayabilirim'), with further details to be discussed privately via DM ('Detaylar DM’den görüşülür'). This is a clear commercial solicitation for sexually explicit material, consistent with adult consensual sexual intent in Turkish user-generated content. The phrasing is a common euphemism in paid adult conten",yes,,qwen/qwen3-next-80b-a3b-instruct,2026-06-22T09:56:24+00:00
TR_SEX_002_0110,TR,tr-TR,Sexually_Explicit_Information,adult_content_promo,adult_content_promo,semi_explicit,medium,teasing,teaser,emoji,acp11,"Bugünkü yayın o kadar ateşliydi ki, özelde devamı olmaz mı? DM’ler doldu abi 🔥",yes,true,Sexually_Explicit_Information,0.95,"The text uses highly suggestive language ('o kadar ateşliydi' - 'so fiery', 'özelde devamı olmaz mı?' - 'is there a private continuation?', 'DM’ler doldu abi' - 'DMs are full, bro') with emoji 🔥, clearly implying solicitation of private sexual content or activity. This matches Turkish UGC patterns for adult content promotion, where 'özel' and 'DM' are common euphemisms for sexual exchanges. No protected identity, state security, or violent intent is present; the intent is consensual sexual solic",yes,,qwen/qwen3-next-80b-a3b-instruct,2026-06-22T09:49:59+00:00
TR_SEX_002_0111,TR,tr-TR,Sexually_Explicit_Information,live_chat,adult_video_chat,explicit,long,playful,fragmented_chat,code_mix,lc06,abi DM’de bekliyorum lan 😂 mesajım açıkmış zaten 🔥 hadi hadi gel de biraz ateşlenelim,yes,true,Sexually_Explicit_Information,0.95,"The text uses explicit sexual innuendo ('biraz ateşlenelim' - 'let's get heated'), slang ('lan', '🔥'), and direct invitation to private messaging ('DM’de bekliyorum') with arousal-focused intent. The tone and phrasing are clearly lewd and aimed at initiating sexual interaction, fitting the definition of Sexually_Explicit_Information in Turkish UGC context. No protected identity attack or severe harm is present, so this is not Hate_Speech or Dangerous_Content.",yes,,qwen/qwen3-next-80b-a3b-instruct,2026-06-22T09:56:27+00:00
TR_SEX_002_0112,TR,tr-TR,Sexually_Explicit_Information,dating_app,adult_hookup,semi_explicit,short,direct,announcement,none,da05,Açık görüşlü partner arıyorum. Evli çift ya da gizli tanışmalar kabul. Zevk odaklı buluşmalar için görüşelim.,yes,true,Sexually_Explicit_Information,0.95,"The text explicitly seeks consensual sexual encounters ('zevk odaklı buluşmalar'), mentions acceptance of married couples and secret meetings ('evli çift ya da gizli tanışmalar kabul'), and uses sexually suggestive language framed around sexual pleasure. This aligns with the definition of Sexually_Explicit_Information: arousal-focused content, hookup solicitation, and sexual role intent in Turkish UGC. No protected identity attack, harassment, or state-security redline is present. The intent is ",yes,,qwen/qwen3-next-80b-a3b-instruct,2026-06-22T10:07:22+00:00
TR_SEX_002_0113,TR,tr-TR,Sexually_Explicit_Information,group_chat,adult_roleplay,explicit,medium,teasing,reply,emoji,gc05,abi hadi biraz roleplay yapalım mı 😈 top ya da bottom istersin bakalım 🔥,yes,true,Sexually_Explicit_Information,0.95,"The text uses explicit sexual roleplay solicitation ('hadı biraz roleplay yapalım mı'), sexual orientation/role indicators ('top ya da bottom'), and sexually suggestive emojis (😈🔥), indicating consensual adult sexual intent in a Turkish UGC context. This matches the definition of Sexually_Explicit_Information.",yes,,qwen/qwen3-next-80b-a3b-instruct,2026-06-22T10:09:51+00:00
TR_SEX_002_0114,TR,tr-TR,Sexually_Explicit_Information,meme_caption,suggestive_meme,implicit_but_trainable,very_short,humorous,reply,misspelling,meme02,abi o fotoğraftaki haliyle de yandım knk 😂,yes,true,Sexually_Explicit_Information,0.95,"The text 'abi o fotoğraftaki haliyle de yandım knk 😂' uses colloquial Turkish slang ('yandım' = 'I got turned on', 'knk' = 'kanka' = buddy) in a context clearly referencing sexual arousal triggered by someone's appearance in a photo. The emoji 😂 does not neutralize the sexual implication; it is commonly used in Turkish UGC to soften or mockingly frame explicit intent. This matches the definition of Sexually_Explicit_Information: arousal-focused content with sexual implication using romanized sla",yes,,qwen/qwen3-next-80b-a3b-instruct,2026-06-22T09:35:22+00:00
TR_SEX_002_0118,TR,tr-TR,Sexually_Explicit_Information,paid_content_teaser,paid_private_content,explicit,medium,direct,invitation,none,pct13,Özel içerik siparişleri alıyorum. Sizin tarzınıza uygun videolar hazırlayabilirim. Detaylar için DM’ye yazın.,yes,true,Sexually_Explicit_Information,0.95,"The text explicitly offers custom sexual content ('özel içerik'), invites private communication ('DM’ye yazın') for personalized videos tailored to the recipient's preferences, and uses language typical of paid adult content solicitation in Turkish UGC. This constitutes clear sexualized commercial intent with arousal-focused, consensual sexual service promotion, fitting Sexually_Explicit_Information. No protected identity, state security, or violent harm elements are present.",yes,,qwen/qwen3-next-80b-a3b-instruct,2026-06-22T09:58:55+00:00
TR_SEX_003_0001,TR,tr-TR,Sexually_Explicit_Information,live_chat,adult_video_chat,semi_explicit,very_short,direct,reply,none,LC_010,kamera hep böyle açık kalsın abi 😏 yaşıyor muyuz?,yes,true,Sexually_Explicit_Information,0.95,"The text uses a suggestive emoji (😏) and phrasing ('kamera hep böyle açık kalsın abi') implying sexual intent, likely referring to keeping a camera open for voyeuristic or sexually explicit purposes. The follow-up 'yaşıyor muyuz?' adds a flirtatious, arousal-focused tone. This aligns with sexually explicit content in Turkish UGC context, even if indirect. No harassment, hate, or state-security redline applies. Category is Sexually_Explicit_Information.",yes,,qwen/qwen3-next-80b-a3b-instruct,2026-06-22T09:52:15+00:00
TR_SEX_003_0002,TR,tr-TR,Sexually_Explicit_Information,comment,lewd_joke,explicit,short,humorous,teaser,emoji,CM_023,kardeşim izlerken aletimin sesini duydunuz mu 😂 ya geceyi nasıl bitireceğiz?,yes,true,Sexually_Explicit_Information,0.95,"The text uses colloquial Turkish with sexual implication: 'aletimin sesini duydunuz mu' (did you hear my tool's sound?) is a euphemistic and slang reference to sexual arousal or masturbation, paired with 'ya geceyi nasıl bitireceğiz?' (how will we end the night?), which implies sexual activity. The emoji 😂 is used ironically to downplay but not neutralize the sexual intent. This is consensual sexual innuendo typical of adult UGC in Turkey, fitting Sexually_Explicit_Information.",yes,,qwen/qwen3-next-80b-a3b-instruct,2026-06-22T09:32:22+00:00
TR_SEX_003_0004,TR,tr-TR,Sexually_Explicit_Information,live_chat,adult_hookup,semi_explicit,very_short,direct,reply,punctuation_play,LC_007,yayıncı buralarda mısın... cidden geceye devam edelim??!!,yes,true,Sexually_Explicit_Information,0.95,"The text 'yayıncı buralarda mısın... cidden geceye devam edelim??!!' uses suggestive, contextually intimate language ('geceye devam edelim') in a live chat setting, implying consensual sexual continuation after an initial interaction. The informal, flirtatious tone with emphatic punctuation ('??!!') and the reference to continuing the night together strongly imply sexual intent, fitting the definition of Sexually_Explicit_Information in Turkish UGC contexts. No harassment, hate, or state-securit",yes,,qwen/qwen3-next-80b-a3b-instruct,2026-06-22T10:11:17+00:00
TR_SEX_003_0005,TR,tr-TR,Sexually_Explicit_Information,profile_bio,adult_profile_bio,implicit_but_trainable,short,playful,teaser,abbreviation,PB_004,"DM’lere açığım 😈 filtre yok, sadece ciddiler",yes,true,Sexually_Explicit_Information,0.95,"The text 'DM’lere açığım 😈 filtre yok, sadece ciddiler' uses a sexualized emoji (😈) and explicitly invites direct messages with no filters, implying open sexual availability. The phrase 'sadece ciddiler' (only serious ones) is a common Turkish euphemism in UGC for seeking consensual sexual or romantic encounters, often with sexual intent. This matches the definition of Sexually_Explicit_Information: arousal-focused, hookup solicitation, and lewd intent in a profile bio context. No harassment, ha",yes,,qwen/qwen3-next-80b-a3b-instruct,2026-06-22T10:09:54+00:00
TR_SEX_003_0006,TR,tr-TR,Sexually_Explicit_Information,group_chat,adult_hookup,semi_explicit,short,casual,list_like,spacing,GC_031,bunları kim deneyecek bakalım 😏 1. camda tanışılan 2. evli çift 3. rolleri seven abi,yes,true,Sexually_Explicit_Information,0.95,"The text uses suggestive phrasing ('bunları kim deneyecek bakalım 😏') followed by three sexually charged scenarios: 'camda tanışılan' (met in a mirror/reflective surface, implying voyeurism or public intimacy), 'evli çift' (married couple, implying sexual roleplay or taboo), and 'rolleri seven abi' (bro who likes roles, implying BDSM or sexual roleplay). The emoji 😏 reinforces sexual innuendo. The context is clearly soliciting or teasing consensual sexual experimentation, fitting Sexually_Explic",yes,,qwen/qwen3-next-80b-a3b-instruct,2026-06-22T09:53:54+00:00
TR_SEX_003_0007,TR,tr-TR,Sexually_Explicit_Information,live_chat,adult_video_chat,implicit_but_trainable,very_short,teasing,reply,emoji,LC_009,yayıncıyı soyup bakalım mı👀👀,yes,true,Sexually_Explicit_Information,0.95,"The phrase 'yayıncıyı soyup bakalım mı' (let's strip the broadcaster and see) combined with the eye emojis 👀👀 implies explicit sexual intent and voyeuristic arousal, typical of lewd sexual solicitation in Turkish online chat contexts. The language is colloquial, sexually suggestive, and focused on sexualized observation, fitting the definition of Sexually_Explicit_Information. No protected identity or state-security redline is triggered; this is consensual sexualized UGC.",yes,,qwen/qwen3-next-80b-a3b-instruct,2026-06-22T10:05:54+00:00
TR_SEX_003_0008,TR,tr-TR,Sexually_Explicit_Information,dm,adult_private_chat,explicit,medium,direct,invitation,none,DM_019,"mesaj atılan var mı canım? sevişmeyi bekleyemiyorum, gel de beni yaksın 🔥",yes,true,Sexually_Explicit_Information,0.95,"The text uses explicit sexual euphemisms ('sevişmeyi bekleyemiyorum', 'beni yaksın') combined with a fire emoji (🔥), which in Turkish UGC context strongly implies consensual sexual intent and arousal-focused solicitation. This aligns with the definition of Sexually_Explicit_Information as sexual acts and arousal-focused content in informal digital communication.",yes,,qwen/qwen3-next-80b-a3b-instruct,2026-06-22T10:08:41+00:00
TR_SEX_003_0009,TR,tr-TR,Sexually_Explicit_Information,comment,lewd_joke,explicit,short,humorous,fragmented_chat,misspelling,CM_045,"abi 30 saniye yeter bana, gerisini sen getir 😂",yes,true,Sexually_Explicit_Information,0.95,"The text 'abi 30 saniye yeter bana, gerisini sen getir 😂' uses colloquial Turkish with sexual implication: '30 saniye yeter bana' (30 seconds is enough for me) implies a sexual act duration, and 'gerisini sen getir' (you handle the rest) suggests sexual continuation or performance, framed with a laughing emoji to soften but not eliminate the lewd intent. This is consensual sexual innuendo typical of adult UGC in Turkey, fitting Sexually_Explicit_Information. No protected identity, threat, or sta",yes,,qwen/qwen3-next-80b-a3b-instruct,2026-06-22T10:11:42+00:00
TR_SEX_003_0010,TR,tr-TR,Sexually_Explicit_Information,live_chat,adult_content_promo,semi_explicit,very_short,commercial,announcement,code_mix,LC_021,hot sesli preview var canım 🔥 DM’den gel,yes,true,Sexually_Explicit_Information,0.95,"The text 'hot sesli preview var canım 🔥 DM’den gel' uses Turkish slang ('canım' as endearment, 'hot sesli preview' implying sensual/sexual voice content) with a fire emoji (🔥) and directs the recipient to DM (direct message) for access. This is a clear, contextually plausible solicitation for sexually explicit audio content in a consensual adult UGC context, matching the definition of Sexually_Explicit_Information. No protected identity, state security, or violent intent is present. The phrasing",yes,,qwen/qwen3-next-80b-a3b-instruct,2026-06-22T09:51:52+00:00
TR_SEX_003_0011,TR,tr-TR,Sexually_Explicit_Information,dm,adult_hookup,explicit,short,direct,invitation,none,DM_008,gece 3’te mesajımda var mısın abi? cevaplarsın 😉,yes,true,Sexually_Explicit_Information,0.95,"The text 'gece 3’te mesajımda var mısın abi? cevaplarsın 😉' uses a late-night intimate timing ('gece 3’te') combined with a suggestive emoji ('😉') and a casual, flirtatious tone ('abi' + 'cevaplarsın') to imply sexual or romantic availability in a context that goes beyond casual conversation. In Turkish UGC, this phrasing is commonly interpreted as a sexually suggestive overture, especially when paired with the winking emoji. The intent aligns with arousal-focused, consensual sexual implication,",yes,,qwen/qwen3-next-80b-a3b-instruct,2026-06-22T10:08:34+00:00
TR_SEX_003_0012,TR,tr-TR,Sexually_Explicit_Information,profile_bio,adult_profile_bio,implicit_but_trainable,short,playful,teaser,abbreviation,PB_007,tanışma grubu full 🔥 DM acemi değilim 😏,yes,true,Sexually_Explicit_Information,0.95,"The text 'tanışma grubu full 🔥 DM acemi değilim 😏' uses Turkish slang in a sexualized context: 'tanışma grubu full' implies a group for meeting people with romantic/sexual intent, 'full' suggests availability or intensity, '🔥' is a common emoji for sexual heat, and 'DM acemi değilim 😏' ('I'm not a beginner in DMs') with the winking emoji clearly implies experience in direct sexual or flirtatious messaging. This is consensual sexual intent in user-generated content, fitting Sexually_Explicit_Info",yes,,qwen/qwen3-next-80b-a3b-instruct,2026-06-22T09:46:55+00:00
TR_SEX_003_0013,TR,tr-TR,Sexually_Explicit_Information,live_chat,adult_video_chat,semi_explicit,very_short,teasing,reply,emoji,LC_013,kamera açıksa ben de geleceğim 👀😈,yes,true,Sexually_Explicit_Information,0.95,"The text 'kamera açıksa ben de geleceğim 👀😈' uses sexually suggestive language ('kamera açıksa' implies sexual activity via camera) combined with emoji indicators of sexual intent (👀😈), commonly used in Turkish UGC to signal flirtatious or pornographic intent. This aligns with the definition of Sexually_Explicit_Information: arousal-focused, sexualized solicitation with implicit sexual context. No harassment, hate, or state-security redline is present. The label is correct and valid for training",yes,,qwen/qwen3-next-80b-a3b-instruct,2026-06-22T09:56:55+00:00
TR_SEX_003_0014,TR,tr-TR,Sexually_Explicit_Information,group_chat,adult_roleplay,explicit,medium,playful,statement,none,GC_017,"abi top mu bottom mu beni bekliyor 😈 yeter ki zevki seven olsun, fantazilerimiz örtüşürse ne ala",yes,true,Sexually_Explicit_Information,0.95,"The text uses explicit sexual slang ('top mu bottom mu') with a suggestive emoji (😈) and explicitly references sexual pleasure ('zevki seven'), fantasy alignment ('fantazilerimiz örtüşürse'), and consensual sexual context ('ne ala'). This is clear, consensual sexual intent in Turkish user-generated content, fitting the definition of Sexually_Explicit_Information.",yes,,qwen/qwen3-next-80b-a3b-instruct,2026-06-22T10:13:08+00:00
TR_SEX_003_0015,TR,tr-TR,Sexually_Explicit_Information,comment,lewd_joke,semi_explicit,very_short,humorous,fragmented_chat,misspelling,CM_038,3 kelime yeter 😂 ateşlisin hadi gel,yes,true,Sexually_Explicit_Information,0.95,"The text '3 kelime yeter 😂 ateşlisin hadi gel' uses Turkish slang with clear sexual implication: '3 kelime yeter' (three words are enough) is a common euphemism in Turkish UGC for suggesting sexual intimacy, often implying 'seni seviyorum' or similar romantic/sexual escalation. 'Ateşlisin' (you're hot/firey) and 'hadi gel' (come on, come here) are direct, flirtatious, arousal-focused prompts. The laughing emoji (😂) softens tone but does not negate sexual intent in this context. This matches Turk",yes,,qwen/qwen3-next-80b-a3b-instruct,2026-06-22T10:03:30+00:00
TR_SEX_003_0016,TR,tr-TR,Sexually_Explicit_Information,dm,adult_private_chat,explicit,short,direct,invitation,none,DM_025,"özel buluşalım abi, sevişmek için ortam ayarlıyorum, gecenin ne kadar harika geçeceğini hayal et",yes,true,Sexually_Explicit_Information,0.98,"The text contains explicit sexual intent with phrases like 'sevişmek için ortam ayarlıyorum' (I'm setting up the environment for sex) and 'gecenin ne kadar harika geçeceğini hayal et' (imagine how wonderful the night will be), which clearly indicate arousal-focused, consensual sexual solicitation in a Turkish UGC context. This matches the definition of Sexually_Explicit_Information.",yes,,qwen/qwen3-next-80b-a3b-instruct,2026-06-22T10:06:46+00:00
TR_SEX_003_0018,TR,tr-TR,Sexually_Explicit_Information,profile_bio,adult_profile_bio,implicit_but_trainable,short,teasing,teaser,abbreviation,PB_002,DM’lerimin filtresi yok abi 😈 bakalım kim cesaretli çıkacak?,yes,true,Sexually_Explicit_Information,0.95,"The text uses Turkish slang ('DM’lerimin filtresi yok abi') combined with the devil emoji (😈) to imply open, provocative sexual invitation, suggesting willingness for explicit sexual contact. The phrase 'bakalım kim cesaretli çıkacak?' is a sexually suggestive challenge commonly used in Turkish UGC to solicit sexual advances or flirtation. This constitutes consensual sexual intent in a profile bio context, fitting Sexually_Explicit_Information.",yes,,qwen/qwen3-next-80b-a3b-instruct,2026-06-22T10:04:38+00:00
TR_SEX_003_0021,TR,tr-TR,Sexually_Explicit_Information,dm,adult_private_chat,explicit,medium,direct,invitation,none,DM_031,"gece mesaj mı bekliyorsun abi? ben de gece bekliyorum 😈 özel konuşalım, zevkimize bakalım",yes,true,Sexually_Explicit_Information,0.95,"The text uses suggestive language ('gece mesaj mı bekliyorsun', 'özel konuşalım', 'zevkimize bakalım') combined with the devil emoji (😈), which in Turkish digital context strongly implies sexual or erotic intent. The phrasing is flirtatious with clear arousal-focused undertones, fitting the definition of Sexually_Explicit_Information as lewd, arousal-oriented sexual solicitation in user-generated content.",yes,,qwen/qwen3-next-80b-a3b-instruct,2026-06-22T09:45:26+00:00
TR_SEX_003_0022,TR,tr-TR,Sexually_Explicit_Information,comment,lewd_joke,explicit,short,humorous,fragmented_chat,misspelling,CM_052,"abi ben 5dk yeter bana, diğerini sen düşün 😂",yes,true,Sexually_Explicit_Information,0.95,"The text 'abi ben 5dk yeter bana, diğerini sen düşün 😂' uses colloquial Turkish with sexual implication: '5dk yeter' is a common euphemism in Turkish UGC for brief sexual intercourse, and 'diğerini sen düşün' implies the partner should handle the rest, suggesting sexual activity. The laughing emoji (😂) softens but does not neutralize the sexual intent. This matches the definition of Sexually_Explicit_Information: arousal-focused, sexual act implication in informal context. No harassment, hate, o",yes,,qwen/qwen3-next-80b-a3b-instruct,2026-06-22T09:56:48+00:00
TR_SEX_003_0024,TR,tr-TR,Sexually_Explicit_Information,profile_bio,adult_profile_bio,implicit_but_trainable,short,playful,teaser,abbreviation,PB_009,"DM’leri açık, filtreler de öyle 😈 kim cesaret edecek?",yes,true,Sexually_Explicit_Information,0.95,"The text uses Turkish slang ('DM’leri açık, filtreler de öyle') combined with the devil emoji (😈) to explicitly invite sexual advances, implying openness to consensual sexual contact and challenging others to initiate. This is a clear case of sexual solicitation with arousal-focused intent, fitting the definition of Sexually_Explicit_Information in Turkish UGC context.",yes,,qwen/qwen3-next-80b-a3b-instruct,2026-06-22T09:32:04+00:00
TR_SEX_003_0025,TR,tr-TR,Sexually_Explicit_Information,dm,adult_private_chat,explicit,short,direct,invitation,none,DM_011,"öze gitmem lazım abi, cidden bekleyemiyorum 🔥 gelecek misin?",yes,true,Sexually_Explicit_Information,0.95,"The text uses Turkish slang ('öze gitmem lazım' - implying intimate/sexual rendezvous) combined with the fire emoji (🔥), which in Turkish digital context strongly signals sexual or erotic intent. 'Bekleyemiyorum' (I can't wait) and 'gelecek misin?' (will you come?) create a clear, suggestive tone for consensual sexual encounter. This matches the definition of Sexually_Explicit_Information: arousal-focused, flirtatious, and sexually implicating language in UGC context.",yes,,qwen/qwen3-next-80b-a3b-instruct,2026-06-22T09:50:46+00:00
TR_SEX_003_0026,TR,tr-TR,Sexually_Explicit_Information,live_chat,adult_content_promo,semi_explicit,very_short,commercial,announcement,punctuation_play,LC_018,canlıda 5dk süren full live ses 🔥 DM’den girin abi!!,yes,true,Sexually_Explicit_Information,0.95,"The text 'canlıda 5dk süren full live ses 🔥 DM’den girin abi!!' uses explicit sexual euphemisms ('full live ses' implying live sexual audio, 'DM’den girin' inviting direct private contact) and sexualized urgency ('🔥') commonly associated with soliciting explicit sexual content in Turkish online contexts. The phrasing is typical of adult content promotion in live chat environments, targeting consensual sexual engagement. No protected identity, state security, or violent intent is present, making ",yes,,qwen/qwen3-next-80b-a3b-instruct,2026-06-22T09:59:04+00:00
TR_SEX_003_0027,TR,tr-TR,Sexually_Explicit_Information,group_chat,adult_roleplay,explicit,medium,playful,statement,none,GC_022,"abi ben dominantımdan haz alıyorum, sen neyden zevk alırsın?? ayarlarımızı bulalım😈",yes,true,Sexually_Explicit_Information,0.95,"The text contains explicit sexual language ('dominantımdan haz alıyorum', 'neyden zevk alırsın??') and uses a sexual emoji (😈) to solicit mutual sexual preference exploration, indicating consensual sexual intent in a flirtatious, arousal-focused context. This aligns with the definition of Sexually_Explicit_Information: explicit sexual language and arousal-focused solicitation without coercion or abuse.",yes,,qwen/qwen3-next-80b-a3b-instruct,2026-06-22T09:59:41+00:00
TR_SEX_003_0029,TR,tr-TR,Sexually_Explicit_Information,live_chat,adult_video_chat,semi_explicit,very_short,teasing,reply,emoji,LC_014,yayıncı sesini vermesen de ben anlarım 😏👂,yes,true,Sexually_Explicit_Information,0.95,"The text uses a suggestive emoji (😏) and a physical gesture (👂) implying intimate or sexual attention, specifically referencing the broadcaster's voice in a context that implies sexual arousal or flirtatious intent. The phrasing 'ben anlarım' (I understand/feel it) combined with the emoji and ear symbol creates a clear sexualized implication in Turkish UGC context, fitting Sexually_Explicit_Information even without explicit language.",yes,,qwen/qwen3-next-80b-a3b-instruct,2026-06-22T09:55:12+00:00
TR_SEX_003_0030,TR,tr-TR,Sexually_Explicit_Information,dm,adult_hookup,explicit,short,direct,invitation,none,DM_027,"gece mesaj mı bekliyorsun abi? ben de bekliyorum, hadi özel sohbete 😈",yes,true,Sexually_Explicit_Information,0.95,"The text uses a flirtatious and suggestive tone with the phrase 'gece mesaj mı bekliyorsun abi? ben de bekliyorum' (are you waiting for a night message? I am too) followed by the devil emoji (😈), which in Turkish digital culture is a widely recognized euphemism for sexual or sensual intent. The invitation to 'özel sohbete' (private chat) in this context strongly implies consensual sexual or erotic conversation, fitting the definition of Sexually_Explicit_Information. No harassment, hate, or stat",yes,,qwen/qwen3-next-80b-a3b-instruct,2026-06-22T09:54:24+00:00
TR_SEX_003_0031,TR,tr-TR,Sexually_Explicit_Information,live_chat,adult_content_promo,semi_explicit,very_short,teasing,reply,none,live_chat_tease_001,kamera bak hele baksanaaa 😈🔥,yes,true,Sexually_Explicit_Information,0.95,"The text 'kamera bak hele baksanaaa 😈🔥' uses a suggestive Turkish phrase ('bak hele baksanaaa' - 'look, come take a look') combined with the devil emoji (😈) and fire emoji (🔥), which in Turkish online sexual contexts commonly imply a request for explicit or sexually suggestive visual exposure. The phrasing is colloquial, flirtatious, and contextually aligned with soliciting sexualized content, not mere curiosity or spam. The emojis reinforce sexualized intent. This matches the definition of Sexu",yes,,qwen/qwen3-next-80b-a3b-instruct,2026-06-22T10:13:02+00:00
TR_SEX_003_0033,TR,tr-TR,Sexually_Explicit_Information,dm,adult_private_chat,explicit,medium,direct,invitation,code_mix,dm_invite_001,özele gel hadi ya DM atıyorum bak nasıl cevap vereceksin 😈 bi dene canlı konuşalım,yes,true,Sexually_Explicit_Information,0.95,"The text uses suggestive language ('özele gel hadi ya', 'DM atıyorum', 'canlı konuşalım') combined with the devil emoji (😈), which in Turkish digital context strongly implies sexual or intimate solicitation. The tone is flirtatious with clear intent to initiate private sexualized conversation, fitting the definition of Sexually_Explicit_Information. No harassment, hate, or state-security elements are present. This is a valid positive example for consensual sexual intent in UGC.",yes,,qwen/qwen3-next-80b-a3b-instruct,2026-06-22T10:01:03+00:00
TR_SEX_003_0034,TR,tr-TR,Sexually_Explicit_Information,live_chat,adult_content_promo,semi_explicit,very_short,playful,reply,emoji,live_chat_promo_001,kanka kamera süper açık bi dur git hadi 👀🔥,yes,true,Sexually_Explicit_Information,0.95,"The text uses colloquial Turkish slang ('kanka', 'süper açık', 'bi dur') combined with sexualized emojis (👀🔥) to implicitly solicit explicit visual content, likely referring to a camera feed with nudity or sexual activity. The phrasing 'git hadi' (go on, do it) carries suggestive, arousal-focused intent typical of sexual chat in Turkish UGC. No harassment, threat, or identity-based attack is present; the context aligns with consensual sexual solicitation.",yes,,qwen/qwen3-next-80b-a3b-instruct,2026-06-22T10:12:59+00:00
TR_SEX_003_0036,TR,tr-TR,Sexually_Explicit_Information,group_chat,adult_hookup,explicit,medium,teasing,statement,abbreviation,group_hookup_001,kanka dm attım canlıyı bekliyorum ya 😏 birazdan gelirim tamam mı bi sesli falan 😈,yes,true,Sexually_Explicit_Information,0.95,"The text uses flirtatious and sexually suggestive language ('dm attım canlıyı bekliyorum', 'bi sesli falan') paired with emoji (😏, 😈) that clearly imply consensual sexual intent in a Turkish UGC context. The phrasing suggests an invitation for private sexual interaction, fitting the definition of Sexually_Explicit_Information. No harassment, hate, or state-security redline is present.",yes,,qwen/qwen3-next-80b-a3b-instruct,2026-06-22T09:55:11+00:00
TR_SEX_003_0037,TR,tr-TR,Sexually_Explicit_Information,live_chat,adult_content_promo,semi_explicit,very_short,casual,reply,none,live_chat_promo_002,ay ışıyo kamerayla gel hadi 🌙,yes,true,Sexually_Explicit_Information,0.95,"The text 'ay ışıyo kamerayla gel hadi 🌙' uses Turkish slang and suggestive phrasing: 'ay ışıyo' (moon is shining, often a euphemism for intimacy or sexual mood), 'kamerayla gel' (come with the camera, implying nudity or sexual content via video), and the moon emoji 🌙 reinforces a romantic/sexual atmosphere. This is a clear, contextually plausible sexual solicitation in Turkish live-chat UGC, fitting Sexually_Explicit_Information. No protected identity, state security, or violent intent is presen",yes,,qwen/qwen3-next-80b-a3b-instruct,2026-06-22T09:48:21+00:00
TR_SEX_003_0038,TR,tr-TR,Sexually_Explicit_Information,dm,adult_private_chat,explicit,medium,direct,invitation,misspelling,dm_invite_002,abi ne var ortada ya biraz sohbet etsek yaa 😏 öze gel dedim ya bi dene,yes,true,Sexually_Explicit_Information,0.95,"The text uses Turkish slang ('abi ne var ortada ya', 'öze gel', 'bi dene') combined with the suggestive emoji 😏 to imply sexual advance or flirtation with clear arousal intent. 'Öze gel' is a colloquial Turkish euphemism for sexual intimacy, and 'bi dene' (try it) reinforces a suggestive, sexually charged invitation. This matches the definition of Sexually_Explicit_Information: lewd, arousal-focused content in user-generated context, even if not graphically explicit. No harassment or hate speech",yes,,qwen/qwen3-next-80b-a3b-instruct,2026-06-22T09:48:24+00:00
TR_SEX_003_0040,TR,tr-TR,Sexually_Explicit_Information,live_chat,adult_video_chat,explicit,short,commercial,teaser,none,live_chat_teaser_001,kamera süper 🔥 DM attın mı? canlıya özel gelirim,yes,true,Sexually_Explicit_Information,0.95,"The text uses suggestive language ('kamera süper 🔥') and implies sexual availability ('canlıya özel gelirim'), which is a clear sexual solicitation in the context of live chat. The emoji 🔥 and the phrase 'DM attın mı?' (did you send me a DM?) indicate intent for private sexual engagement. This aligns with Sexually_Explicit_Information as defined for consensual sexual solicitation in Turkish UGC.",yes,,qwen/qwen3-next-80b-a3b-instruct,2026-06-22T09:51:45+00:00
TR_SEX_003_0041,TR,tr-TR,Sexually_Explicit_Information,dm,adult_private_chat,explicit,medium,direct,invitation,code_mix,dm_invite_003,abi hadi ya DM atıyorum ne var ne yok 😏 sesli falan mı istersin?,yes,true,Sexually_Explicit_Information,0.95,"The text uses Turkish slang ('abi hadi ya') and a suggestive emoji (😏) to initiate a private, sexually suggestive conversation ('DM atıyorum ne var ne yok'), explicitly probing for voice communication ('sesli falan mı istersin?'), which implies consensual sexual or erotic intent typical of adult-oriented DMs in Turkish UGC. This aligns with the definition of Sexually_Explicit_Information: arousal-focused, flirtatious, and sexually suggestive language in a private messaging context.",yes,,qwen/qwen3-next-80b-a3b-instruct,2026-06-22T09:46:08+00:00
TR_SEX_003_0043,TR,tr-TR,Sexually_Explicit_Information,live_chat,adult_content_promo,semi_explicit,very_short,playful,reply,emoji,live_chat_promo_003,yayıncı siktir lan kamerayı kapatma hadi 😈,yes,true,Sexually_Explicit_Information,0.9,"The text contains Turkish slang ('siktir lan') combined with the devil emoji (😈), which in Turkish online sexual contexts often implies sexual intent or lewd suggestion. The phrase 'kamerayı kapatma' (don't turn off the camera) in a live chat setting, especially with sexualized emoji, strongly suggests consensual sexualized behavior or arousal-focused intent, fitting Sexually_Explicit_Information. No protected identity attack or severe harm is present, so this is not Hate_Speech or Dangerous_Con",yes,,qwen/qwen3-next-80b-a3b-instruct,2026-06-22T09:53:09+00:00
TR_SEX_003_0044,TR,tr-TR,Sexually_Explicit_Information,dm,adult_private_chat,explicit,long,teasing,teaser,none,dm_tease_001,abi cidden biraz sohbet etsek mi? kamera da açık olsun hadi 😏 beni zevkten delirtebilirsin hiç şüphen olmasın,yes,true,Sexually_Explicit_Information,0.95,"The text uses suggestive Turkish slang ('abi', 'zevkten delirtebilirsin') and a sexual emoji (😏) to propose an intimate, camera-open interaction with clear sexual intent ('hiç şüphen olmasın'). The phrasing implies consensual sexual arousal and explicit digital intimacy, fitting the definition of Sexually_Explicit_Information in Turkish UGC context.",yes,,qwen/qwen3-next-80b-a3b-instruct,2026-06-22T09:45:03+00:00
TR_SEX_003_0047,TR,tr-TR,Sexually_Explicit_Information,live_chat,adult_video_chat,explicit,very_short,casual,invitation,none,live_chat_inv_001,kamera açık kalsın hadi 👀🔥,yes,true,Sexually_Explicit_Information,0.95,"The phrase 'kamera açık kalsın hadi' (keep the camera on, come on) combined with the emojis 👀🔥 strongly implies sexualized intent in a live-chat context, commonly used to solicit explicit content or sexual performance. The emojis reinforce arousal-focused, voyeuristic, and sexually suggestive intent, aligning with the definition of Sexually_Explicit_Information for consensual adult sexual context in Turkish UGC.",yes,,qwen/qwen3-next-80b-a3b-instruct,2026-06-22T09:45:31+00:00
TR_SEX_003_0048,TR,tr-TR,Sexually_Explicit_Information,comment,lewd_joke,explicit,short,direct,reply,emoji,comment_joke_006,abi siktir yayıncı durdurma hadi 😈🔥,yes,true,Sexually_Explicit_Information,0.95,"The text uses Turkish slang 'siktir' (fuck) combined with sexual emojis (😈🔥), which in Turkish UGC context strongly implies sexual intent or arousal. The phrase 'yayıncı durdurma' (don't stop the broadcaster) is commonly used in sexualized livestream or adult content contexts to urge continuation of explicit performance. The tone and emoji cluster indicate consensual sexual solicitation, fitting Sexually_Explicit_Information. No protected identity, state security, or violent harm elements are pr",yes,,qwen/qwen3-next-80b-a3b-instruct,2026-06-22T10:00:01+00:00
TR_SEX_003_0049,TR,tr-TR,Sexually_Explicit_Information,dm,adult_private_chat,semi_explicit,medium,playful,invitation,abbreviation,dm_invite_004,abi DM attıgınızda cevap veririm hadi bakalım 😏 sesli falan mı istersiniz?,yes,true,Sexually_Explicit_Information,0.95,"The text uses a suggestive tone ('abi DM attığınızda cevap veririm hadi bakalım 😏') with a playful emoji (😏) and explicitly asks if the recipient wants 'sesli falan mı', which in Turkish online context implies voice or video sexual interaction. This constitutes lewd solicitation with clear sexual intent, fitting Sexually_Explicit_Information under Turkey's TR-specific guidelines. No protected identity, state security, or violent harm elements are present, so no higher-risk category applies.",yes,,qwen/qwen3-next-80b-a3b-instruct,2026-06-22T09:56:47+00:00
TR_SEX_003_0050,TR,tr-TR,Sexually_Explicit_Information,live_chat,adult_content_promo,semi_explicit,very_short,teasing,reply,emoji,live_chat_tease_002,kamera kapatma hadi ya 😈 bakalım ne var?,yes,true,Sexually_Explicit_Information,0.95,"The text 'kamera kapatma hadi ya 😈 bakalım ne var?' uses a suggestive tone ('hadi ya') combined with the devil emoji (😈), which in Turkish online sexual contexts commonly implies intimate or sexual intent, often related to removing a camera barrier for explicit content. The phrase 'bakalım ne var?' (let's see what's there?) is a euphemistic, flirtatious prompt typical of sexually explicit live chat interactions. This is not harassment or spam—it is consensual sexual solicitation in a live-chat c",yes,,qwen/qwen3-next-80b-a3b-instruct,2026-06-22T09:44:49+00:00
TR_SEX_003_0053,TR,tr-TR,Sexually_Explicit_Information,dm,adult_private_chat,explicit,short,direct,invitation,code_mix,dm_invite_005,abi DM attın mı hadi canlıya gel 😏 sesli falan mı istersin?,yes,true,Sexually_Explicit_Information,0.95,"The text uses Turkish slang ('abi', 'DM attın mı', 'canlıya gel') with a suggestive emoji (😏) and explicitly probes for live, voice-based sexual interaction ('sesli falan mı istersin?'), indicating clear consensual sexual intent typical of adult-oriented direct messaging in Turkish UGC. No harassment, hate, or state-security elements are present; the intent is sexually explicit but not abusive or dangerous.",yes,,qwen/qwen3-next-80b-a3b-instruct,2026-06-22T09:50:59+00:00
TR_SEX_003_0054,TR,tr-TR,Sexually_Explicit_Information,live_chat,adult_content_promo,semi_explicit,very_short,playful,reply,emoji,live_chat_promo_004,kamera süper 👀🔥 hadi bakalım,yes,true,Sexually_Explicit_Information,0.95,"The text 'kamera süper 👀🔥 hadi bakalım' uses sexually suggestive language ('kamera süper' implying camera-focused sexual activity) combined with emoji indicators (👀🔥) commonly associated with sexual arousal or voyeuristic intent in Turkish online contexts. 'Hadi bakalım' is a colloquial prompt encouraging action, often used in flirtatious or sexually suggestive exchanges. The combination strongly implies consensual sexual intent in a live-chat or UGC context, fitting Sexually_Explicit_Informatio",yes,,qwen/qwen3-next-80b-a3b-instruct,2026-06-22T09:34:32+00:00
TR_SEX_003_0056,TR,tr-TR,Sexually_Explicit_Information,dm,adult_private_chat,explicit,medium,direct,invitation,none,dm_invite_006,abi özele gel dedim ya hadi canlı konuşalım 😈 sesli falan mı istersiniz hemen?,yes,true,Sexually_Explicit_Information,0.95,"The text uses suggestive language ('özele gel', 'canlı konuşalım', 'sesli falan mı istersiniz') combined with the devil emoji (😈), which in Turkish digital context strongly implies sexual or intimate solicitation. The phrasing is flirtatious and arousal-focused, aiming to initiate private, voice-based sexualized interaction — a clear case of consensual sexual intent in user-generated content. No harassment, hate, or state-security redline is present; this fits Sexually_Explicit_Information.",yes,,qwen/qwen3-next-80b-a3b-instruct,2026-06-22T10:04:47+00:00
TR_SEX_003_0058,TR,tr-TR,Sexually_Explicit_Information,group_chat,adult_roleplay,implicit_but_trainable,medium,coded,statement,code_mix,group_roleplay_002,abi DM attım yine çekilir miydin 😏 hadi bakalım özelden devam,yes,true,Sexually_Explicit_Information,0.95,"The text contains clear sexual solicitation with suggestive tone ('DM attım yine çekilir miydin 😏') and an explicit invitation to continue the conversation privately ('hadi bakalım özelden devam'), indicating consensual sexual intent typical of adult-oriented UGC in Turkish context. The emoji 😏 reinforces sexual innuendo. This matches the definition of Sexually_Explicit_Information.",yes,,qwen/qwen3-next-80b-a3b-instruct,2026-06-22T09:46:59+00:00
TR_SEX_003_0059,TR,tr-TR,Sexually_Explicit_Information,comment,lewd_joke,explicit,short,direct,reply,emoji,comment_joke_009,abi yayıncı durdurma hadi 😈🔥 bakalım ne var?,yes,true,Sexually_Explicit_Information,0.95,"The text uses Turkish slang ('abi' = bro/dude) combined with sexualized emojis (😈🔥) and a suggestive phrase ('yayıncı durdurma hadi' = 'stop the broadcaster, come on') in a context implying sexual anticipation or flirtation. The tone and emoji cluster are culturally recognized in Turkish UGC as sexually suggestive, indicating consensual sexual intent rather than harassment or spam. This matches the definition of Sexually_Explicit_Information.",yes,,qwen/qwen3-next-80b-a3b-instruct,2026-06-22T09:47:50+00:00
TR_SEX_003_0060,TR,tr-TR,Sexually_Explicit_Information,dm,adult_private_chat,semi_explicit,medium,teasing,teaser,abbreviation,dm_tease_002,abi DM attığınızda cevap veririm hadi bakalım 😏 sesli falan mı istersiniz?,yes,true,Sexually_Explicit_Information,0.95,"The text uses suggestive language ('DM attığınızda cevap veririm hadi bakalım 😏') and a flirtatious emoji (😏), followed by an explicit inquiry about voice communication ('sesli falan mı istersiniz?'), which implies sexual or erotic intent in a direct, consensual adult context. This aligns with the definition of Sexually_Explicit_Information as arousal-focused, sexually suggestive solicitation in Turkish UGC. The tone and phrasing are characteristic of sexual chat solicitation, not harassment or ",yes,,qwen/qwen3-next-80b-a3b-instruct,2026-06-22T09:51:26+00:00
TR_SEX_003_0061,TR,tr-TR,Sexually_Explicit_Information,live_chat,adult_content_promo,explicit,very_short,direct,teaser,none,live_teaser_001,kameranı kapatma benimle devam et abi 😈🔥 DM açık,yes,true,Sexually_Explicit_Information,0.95,"The text uses sexually suggestive emojis (😈🔥) and direct language ('kameranı kapatma benimle devam et abi') implying continuation of a sexual or intimate interaction, with 'DM açık' indicating openness to private sexual messaging. This aligns with sexually explicit intent in Turkish UGC context, fitting the Sexually_Explicit_Information category.",yes,,qwen/qwen3-next-80b-a3b-instruct,2026-06-22T10:04:40+00:00
TR_SEX_003_0062,TR,tr-TR,Sexually_Explicit_Information,live_chat,adult_content_promo,semi_explicit,short,playful,invitation,emoji,live_inv_002,cidden bak sürekli kamerasız ne olacak lan 😏 bi de özel live atmaya ne dersin knk 😈,yes,true,Sexually_Explicit_Information,0.95,"The text uses suggestive Turkish slang ('cidden bak', 'kamerasız', 'özel live atmaya') combined with sexual emojis (😏😈) to propose private sexual live streaming, indicating consensual adult sexual intent. The tone and context clearly aim at sexual arousal and explicit activity, fitting Sexually_Explicit_Information. No protected identity attack, threat, or state-security redline is present.",yes,,qwen/qwen3-next-80b-a3b-instruct,2026-06-22T10:01:44+00:00
TR_SEX_003_0064,TR,tr-TR,Sexually_Explicit_Information,live_chat,adult_content_promo,explicit,very_short,direct,teaser,punctuation_play,live_teaser_004,kamera açık mı abi???? devam etsene yaa...,yes,true,Sexually_Explicit_Information,0.95,"The text 'kamera açık mı abi???? devam etsene yaa...' is a sexually suggestive prompt in Turkish live-chat context, implying ongoing sexual activity (e.g., streaming) and urging continuation ('devam etsene'). The phrasing, tone, and use of 'abi' (bro) in intimate digital contexts strongly indicate consensual sexual intent, typical of adult-oriented live-stream solicitation. No protected identity, threat, or state-security element is present. This fits Sexually_Explicit_Information per Turkey TR ",yes,,qwen/qwen3-next-80b-a3b-instruct,2026-06-22T10:04:32+00:00
TR_SEX_003_0065,TR,tr-TR,Sexually_Explicit_Information,dm,adult_private_chat,explicit,medium,direct,invitation,none,dm_inv_005,merhaba abi özel mesajlar açık... biraz ateşli bi sohbete ne dersin? zevk almak istiyorum seninle,yes,true,Sexually_Explicit_Information,0.95,"The text uses Turkish slang and direct sexual implication ('özel mesajlar açık', 'ateşli bir sohbete', 'zevk almak istiyorum seninle') to solicit consensual sexual conversation, which aligns with the definition of Sexually_Explicit_Information. The intent is arousal-focused and sexually suggestive, not harassment or spam, and lacks protected identity attacks or dangerous content.",yes,,qwen/qwen3-next-80b-a3b-instruct,2026-06-22T09:53:56+00:00
TR_SEX_003_0066,TR,tr-TR,Sexually_Explicit_Information,profile_bio,adult_profile_bio,semi_explicit,short,teasing,announcement,code_mix,bio_tease_006,izlemekten sıkıldın mı? canlı content için DM 📲 *sadece yetişkinlere*,yes,true,Sexually_Explicit_Information,0.95,"The text uses a suggestive phrase 'izlemekten sıkıldın mı?' (are you bored of watching?) followed by 'canlı content için DM' (DM for live content), which in Turkish UGC context strongly implies sexually explicit live content. The explicit qualifier '*sadece yetişkinlere*' (only for adults) confirms adult-oriented sexual intent, aligning with the definition of Sexually_Explicit_Information. No harassment, hate, or state-security elements are present; this is a clear case of consensual adult sexua",yes,,qwen/qwen3-next-80b-a3b-instruct,2026-06-22T10:09:45+00:00
TR_SEX_003_0067,TR,tr-TR,Sexually_Explicit_Information,live_chat,adult_content_promo,explicit,very_short,direct,teaser,emoji,live_teaser_007,kameranı kapatma hadi knk 🔥😈 devam etsene yaaaa,yes,true,Sexually_Explicit_Information,0.95,"The text uses sexually suggestive language ('kameranı kapatma' - don't turn off the camera) combined with sexual emojis (🔥😈) and urgent, arousal-focused prompting ('devam etsene yaaaa' - keep going please), indicating consensual sexual intent in a live-chat context. This matches the definition of Sexually_Explicit_Information: arousal-focused content with sexual role implication and explicit solicitation of continued sexualized behavior.",yes,,qwen/qwen3-next-80b-a3b-instruct,2026-06-22T09:52:36+00:00
TR_SEX_003_0068,TR,tr-TR,Sexually_Explicit_Information,comment,adult_hookup,explicit,short,direct,question,none,hookup_q_008,yayıncı abi kapatma kamera çıksın mı hadi cevap ver,yes,true,Sexually_Explicit_Information,0.95,"The text 'yayıncı abi kapatma kamera çıksın mı hadi cevap ver' uses colloquial Turkish with sexual implication: 'kamera çıksın mı' (should the camera come on?) is a common euphemism in Turkish live-streaming/UGC contexts to request exposure of private body parts or sexual activity. 'Yayıncı abi' (broadcasting brother) implies a live-streamer, and the plea for a response suggests sexualized interaction. This matches the definition of Sexually_Explicit_Information: arousal-focused, sexual act soli",yes,,qwen/qwen3-next-80b-a3b-instruct,2026-06-22T09:51:34+00:00
TR_SEX_003_0070,TR,tr-TR,Sexually_Explicit_Information,group_chat,adult_hookup,semi_explicit,medium,casual,list_like,spacing,group_list_010,lan grup arkadaşlar birazdan özel sesli sohbete geçiş yapıyorum hadi katılın 🎤 sesleri iple çekiyorum abi,yes,true,Sexually_Explicit_Information,0.95,"The text uses Turkish slang ('lan', 'abi') and contextually implies a private voice chat with explicit intent ('özel sesli sohbete geçiş', 'sesleri iple çekiyorum'), which is a common euphemism in Turkish UGC for recording or capturing intimate/sexual audio. The invitation to join and the phrase 'sesleri iple çekiyorum' (I'm recording voices) strongly suggest consensual sexual or sexually explicit content collection, fitting Sexually_Explicit_Information. No protected identity attack or severe h",yes,,qwen/qwen3-next-80b-a3b-instruct,2026-06-22T09:50:21+00:00
TR_SEX_003_0071,TR,tr-TR,Sexually_Explicit_Information,live_chat,adult_content_promo,explicit,very_short,direct,teaser,none,live_teaser_011,kameranı kapatma canlı seksin tadını çıkaralım knk,yes,true,Sexually_Explicit_Information,0.98,"The text 'kameranı kapatma canlı seksin tadını çıkaralım knk' translates to 'don't turn off your camera, let's enjoy live sex, bro,' which explicitly solicits live sexual activity with clear pornographic intent. The phrase 'canlı seks' (live sex) is direct sexual language, and the context implies arousal-focused, consensual sexual engagement in a live-streaming context. This matches the definition of Sexually_Explicit_Information.",yes,,qwen/qwen3-next-80b-a3b-instruct,2026-06-22T09:50:24+00:00
TR_SEX_003_0072,TR,tr-TR,Sexually_Explicit_Information,dm,adult_private_chat,explicit,medium,direct,invitation,none,dm_inv_012,merhaba abi özel sohbetlerim açık seni bekliyorum... biraz ateşli bi rüya ortamı olsun mu?,yes,true,Sexually_Explicit_Information,0.95,"The text uses explicit sexual solicitation ('özel sohbetlerim açık', 'biraz ateşli bi rüya ortamı olsun mu?') in a context clearly aimed at initiating consensual sexual or erotic interaction, typical of adult-oriented UGC in Turkish DMs. The phrasing implies arousal-focused intent and sexual atmosphere, fitting Sexually_Explicit_Information. No protected identity attack, harassment of a specific person, or state-security violation is present.",yes,,qwen/qwen3-next-80b-a3b-instruct,2026-06-22T10:13:22+00:00
TR_SEX_003_0073,TR,tr-TR,Sexually_Explicit_Information,comment,lewd_joke,implicit_but_trainable,short,humorous,reply,emoji,lewd_joke_013,abi naptın ulan ya 😂 hadi birazcık da zevk ver artık,yes,true,Sexually_Explicit_Information,0.9,"The text uses colloquial Turkish with sexual implication: 'abi naptın ulan ya' (what are you doing, bro?) + 'hadi birazcık da zevk ver artık' (come on, give me some pleasure too) with a laughing emoji, suggesting a flirtatious or sexually suggestive request for sexual enjoyment. The phrasing is contextually intimate and arousal-focused, fitting Sexually_Explicit_Information under Turkish UGC norms, even without explicit anatomical terms. The tone and phrasing imply consensual sexual intent in a ",yes,,qwen/qwen3-next-80b-a3b-instruct,2026-06-22T09:51:50+00:00
TR_SEX_003_0074,TR,tr-TR,Sexually_Explicit_Information,live_chat,adult_content_promo,explicit,short,direct,teaser,punctuation_play,live_teaser_014,abi kamerayı kapatma hadi devam etsene knk 🔥😈😈,yes,true,Sexually_Explicit_Information,0.95,"The text 'abi kamerayı kapatma hadi devam etsene knk 🔥😈😈' uses Turkish slang ('abi', 'knk') in a context urging continuation of a camera-based activity with sexual connotations implied by the fire and devil emojis (🔥😈), which are commonly used in Turkish UGC to signal sexual or erotic intent. The phrase 'devam etsene' (keep going) in this context strongly suggests consensual sexual activity, fitting the definition of Sexually_Explicit_Information. No harassment, hate, or state-security redline i",yes,,qwen/qwen3-next-80b-a3b-instruct,2026-06-22T10:04:15+00:00
TR_SEX_003_0075,TR,tr-TR,Sexually_Explicit_Information,adult_content_promo,paid_private_content,semi_explicit,medium,commercial,announcement,emoji,paid_promo_015,canlı özel içerikler için ödeme linki attım abi 🔗 DM’den ulaşabilirsiniz *18+,yes,true,Sexually_Explicit_Information,0.95,"The text explicitly promotes paid access to 'canlı özel içerikler' (live private content), which is a clear solicitation of adult sexual content in Turkish UGC context. The use of 'DM’den ulaşabilirsiniz' (reach me via DM) and '*18+' confirms consensual adult sexual intent. This matches the definition of Sexually_Explicit_Information: solicitation of sexual services or arousal-focused content with explicit commercial intent.",yes,,qwen/qwen3-next-80b-a3b-instruct,2026-06-22T09:44:47+00:00
TR_SEX_003_0077,TR,tr-TR,Sexually_Explicit_Information,dm,adult_private_chat,explicit,medium,direct,invitation,none,dm_inv_017,abi özel mesaj kutumda seni bekliyorum... biraz ateşli bi sohbet için görüşelim mi?,yes,true,Sexually_Explicit_Information,0.95,"The text uses colloquial Turkish with clear sexual implication: 'özel mesaj kutumda seni bekliyorum' (I'm waiting for you in my DMs) and 'biraz ateşli bi sohbet için görüşelim mi?' (shall we meet for a hot chat?) is a euphemistic but unambiguous solicitation for sexually suggestive or erotic conversation. The phrasing is typical of consensual adult sexual intent in Turkish UGC, fitting the Sexually_Explicit_Information category. No protected identity, harassment, or state-security redline is tri",yes,,qwen/qwen3-next-80b-a3b-instruct,2026-06-22T09:48:36+00:00
TR_SEX_003_0078,TR,tr-TR,Sexually_Explicit_Information,comment,lewd_joke,implicit_but_trainable,short,humorous,teaser,abbreviation,lewd_joke_018,abi noldu yaaa 😂 ateşlisin abi birazcık da ısıt artık,yes,true,Sexually_Explicit_Information,0.9,"The text uses Turkish colloquial language ('abi noldu yaaa', 'ateşlisin abi', 'birazcık da ısıt artık') with flirtatious and sexually suggestive tone. 'Ateşlisin' (you're hot/firey) and 'ısıt artık' (heat up now) are euphemistic but clearly imply sexual arousal or desire for physical intimacy in a consensual adult context. The emoji 😂 does not neutralize the sexual implication here—it's commonly used in Turkish UGC to soften or mockingly frame suggestive messages. This matches the definition of ",yes,,qwen/qwen3-next-80b-a3b-instruct,2026-06-22T09:50:59+00:00
TR_SEX_003_0079,TR,tr-TR,Sexually_Explicit_Information,live_chat,adult_content_promo,explicit,very_short,direct,teaser,none,live_teaser_019,kameranı kapatma abi devam etsene knk 😈🔥,yes,true,Sexually_Explicit_Information,0.95,"The text 'kameranı kapatma abi devam etsene knk 😈🔥' uses Turkish slang ('abi', 'knk') and sexualized emojis (😈🔥) to urge someone to keep a camera on, implying ongoing sexual or nudity-related activity. The context suggests consensual sexual intent in a live-chat setting, consistent with sexually explicit UGC. The tone is suggestive and arousal-focused, fitting Sexually_Explicit_Information. No harassment, hate, or state-security redline is present.",yes,,qwen/qwen3-next-80b-a3b-instruct,2026-06-22T09:52:07+00:00
TR_SEX_003_0080,TR,tr-TR,Sexually_Explicit_Information,dating_app,adult_hookup,semi_explicit,medium,direct,invitation,none,dating_inv_020,partner arıyorum... keyifli ve ateşli bi sohbet için tanışalım mı abi? zevk almak istiyorum,yes,true,Sexually_Explicit_Information,0.95,"The text uses explicit sexual intent language ('keyifli ve ateşli bi sohbet', 'zevk almak istiyorum') in a dating-app context, clearly soliciting sensual/erotic interaction. The slang 'abi' and colloquial phrasing are typical in Turkish UGC for flirtatious/sexual overtures. No harassment, hate, or state-security elements are present; the core intent aligns with consensual sexual solicitation, fitting Sexually_Explicit_Information.",yes,,qwen/qwen3-next-80b-a3b-instruct,2026-06-22T09:52:18+00:00
TR_SEX_003_0081,TR,tr-TR,Sexually_Explicit_Information,live_chat,adult_content_promo,explicit,very_short,playful,reply,emoji,live_reply_021,abi cidden kamerayı kapatma hadi knk 😂🔥 devam etsene,yes,true,Sexually_Explicit_Information,0.95,"The text uses Turkish slang ('abi', 'knk') and emotive cues ('🔥', '😂') to urge continuation of a camera stream, implying explicit sexual content is being broadcast. 'Kamerayı kapatma devam etsene' (don't turn off the camera, keep going) in this context is a common euphemism in live chat for encouraging sexual performance. The tone, emoji use, and phrasing align with consensual sexual intent in adult UGC, meeting the definition of Sexually_Explicit_Information.",yes,,qwen/qwen3-next-80b-a3b-instruct,2026-06-22T10:06:56+00:00
TR_SEX_003_0082,TR,tr-TR,Sexually_Explicit_Information,dm,adult_private_chat,explicit,long,direct,invitation,none,dm_inv_022,"merhaba abi özel sohbetlerimde seni bekliyorum... biraz ateşli bi sohbet ve keyifli vakit için görüşmek istiyorum. zevk almak için buradayım, ilgini çekerse cevap ver lütfen",yes,true,Sexually_Explicit_Information,0.95,"The text explicitly solicits private, 'aşırı' (fiery) and 'keyifli' (pleasurable) sexual conversations with clear intent for sexual enjoyment ('zevk almak için buradayım'). Phrases like 'özel sohbetlerimde seni bekliyorum' and 'biraz ateşli bi sohbet' are culturally contextualized Turkish euphemisms for sexual engagement, and the request for a response if interested constitutes direct sexual solicitation. No harassment, hate, or state-security elements are present; the intent aligns precisely wi",yes,,qwen/qwen3-next-80b-a3b-instruct,2026-06-22T09:49:31+00:00
TR_SEX_003_0084,TR,tr-TR,Sexually_Explicit_Information,live_chat,adult_content_promo,explicit,very_short,direct,teaser,none,live_teaser_024,kamera açık mı abi??? devam etsene knk 🔥😈,yes,true,Sexually_Explicit_Information,0.95,"The text 'kamera açık mı abi??? devam etsene knk 🔥😈' uses Turkish slang ('abi' = bro, 'knk' = kardeşim) and sexualized emojis (🔥😈) to explicitly urge continuation of a sexualized act, implying live sexual content or webcam performance. The phrasing is contextually clear in Turkish UGC as a solicitation for ongoing sexual activity, fitting Sexually_Explicit_Information. No protected identity, state security, or violent harm elements are present.",yes,,qwen/qwen3-next-80b-a3b-instruct,2026-06-22T10:02:19+00:00
TR_SEX_003_0086,TR,tr-TR,Sexually_Explicit_Information,live_chat,adult_content_promo,explicit,short,playful,reply,misspelling,live_reply_026,abi cam kapattın noldu yaaa 😂🔥 hadi hadi devam,yes,true,Sexually_Explicit_Information,0.95,"The text uses Turkish slang ('abi', 'noldu yaaa') and emojis (😂🔥) in a context implying sexual intimacy or arousal, with the phrase 'hadi hadi devam' ('come on, keep going') strongly suggesting encouragement of ongoing sexual activity. This matches the definition of Sexually_Explicit_Information: arousal-focused, sexually suggestive language in UGC with consensual sexual intent, even if implicit. The tone and context are not harassment or humor alone — they align with live-chat sexual banter com",yes,,qwen/qwen3-next-80b-a3b-instruct,2026-06-22T09:32:22+00:00
TR_SEX_003_0087,TR,tr-TR,Sexually_Explicit_Information,dm,adult_private_chat,explicit,medium,direct,invitation,none,dm_inv_027,abi özel mesajlar açık seni bekliyorum... biraz ateşli bi vakit geçirmek istiyorum zevk almak için. ilgini çekerse cevap ver,yes,true,Sexually_Explicit_Information,0.95,"The text uses explicit sexual intent in Turkish colloquial language ('özel mesajlar açık', 'ateşli bi vakit geçirmek', 'zevk almak') to solicit private sexual interaction. The phrasing is arousal-focused, consensual in tone, and clearly aimed at initiating sexual contact, fitting the definition of Sexually_Explicit_Information. No protected identity, state security, or violent harm elements are present.",yes,,qwen/qwen3-next-80b-a3b-instruct,2026-06-22T09:58:58+00:00
TR_SEX_003_0088,TR,tr-TR,Sexually_Explicit_Information,profile_bio,adult_profile_bio,semi_explicit,short,teasing,announcement,code_mix,bio_tease_028,canlı içerikler için DM 📲 *sadece yetişkinler* zevk almak isteyenler gelsin,yes,true,Sexually_Explicit_Information,0.95,"The text explicitly invites adults to direct message for 'canlı içerikler' (live content), a common Turkish euphemism for sexually explicit material, and uses phrases like 'zevk almak isteyenler gelsin' (those who want to enjoy should come), which clearly indicates consensual sexual intent in a sexualized, arousal-focused context. The qualifier 'sadece yetişkinler' (only adults) reinforces the adult sexual nature of the offer. This matches the definition of Sexually_Explicit_Information.",yes,,qwen/qwen3-next-80b-a3b-instruct,2026-06-22T10:13:35+00:00
TR_SEX_003_0089,TR,tr-TR,Sexually_Explicit_Information,live_chat,adult_content_promo,explicit,very_short,direct,teaser,emoji,live_teaser_029,kamerayı kapatma abi devam etsene knk 🔥😈🔥,yes,true,Sexually_Explicit_Information,0.95,"The text 'kamerayı kapatma abi devam etsene knk 🔥😈🔥' uses Turkish slang ('abi' = bro, 'knk' = kardeşim) and sexualized emojis (🔥😈) to explicitly urge continuation of a sexual act visible via camera, indicating consensual sexual intent in a live-chat context. The phrasing implies ongoing sexual activity and arousal-focused encouragement, fitting Sexually_Explicit_Information. No protected identity attack, state security breach, or severe harm is present.",yes,,qwen/qwen3-next-80b-a3b-instruct,2026-06-22T09:57:32+00:00
TR_SEX_003_0091,TR,tr-TR,Sexually_Explicit_Information,live_chat,adult_video_chat,semi_explicit,very_short,teasing,reply,none,LC_TVC_01,kameran açık kalman lazım abi 😏,yes,true,Sexually_Explicit_Information,0.95,"The phrase 'kameran açık kalman lazım abi' (your camera must stay on, bro) combined with the 😏 emoji strongly implies a sexual or voyeuristic intent, commonly used in Turkish online sexual solicitation contexts. The emoji reinforces suggestive, arousal-focused undertones, and the request for the camera to remain on is a known euphemism in Turkish UGC for sexual exposure or live sexual activity. This fits the definition of Sexually_Explicit_Information as lewd, arousal-focused content with sexual",yes,,qwen/qwen3-next-80b-a3b-instruct,2026-06-22T10:09:03+00:00
TR_SEX_003_0092,TR,tr-TR,Sexually_Explicit_Information,live_chat,adult_video_chat,explicit,very_short,direct,invitation,none,LC_TVC_02,"yayıncı gel buraya, özel anlarımızı paylaşalım seninle 🔥",yes,true,Sexually_Explicit_Information,0.95,"The text 'yayıncı gel buraya, özel anlarımızı paylaşalım seninle 🔥' uses suggestive language ('özel anlarımızı paylaşalım') and the fire emoji (🔥), which in Turkish UGC contexts commonly imply intimate or sexual content. The direct call to the broadcaster ('gel buraya') combined with the emoji creates a clear sexualized, arousal-focused solicitation consistent with consensual adult sexual intent in live chat environments.",yes,,qwen/qwen3-next-80b-a3b-instruct,2026-06-22T10:00:27+00:00
TR_SEX_003_0093,TR,tr-TR,Sexually_Explicit_Information,comment,lewd_joke,semi_explicit,short,humorous,teaser,emoji,CM_LJ_01,adamın videosu çıkmış da ben izleyince düştüm ya 💀😂 bi de bakalım seninki nasıl olmuş,yes,true,Sexually_Explicit_Information,0.9,"The text uses colloquial Turkish with sexual implication: 'adamın videosu çıkmış' (a man's video leaked), 'ben izleyince düştüm' (I fell when I watched it — slang for being sexually aroused), and 'seninki nasıl olmuş' (how about yours?) implies a sexual context and solicits comparison of explicit content. The emojis 💀😂 reinforce ironic sexual excitement. This matches Turkish UGC patterns for consensual sexual intent, fitting Sexually_Explicit_Information.",yes,,qwen/qwen3-next-80b-a3b-instruct,2026-06-22T10:06:30+00:00
TR_SEX_003_0094,TR,tr-TR,Sexually_Explicit_Information,live_chat,adult_content_promo,implicit_but_trainable,medium,commercial,announcement,abbreviation,LC_ACP_01,"canlı yayında özel içerikler sunuyoruz abi DM yoluyla erişim var, görüşmek için bi de yazın gelsin",yes,true,Sexually_Explicit_Information,0.95,"The text explicitly offers 'özel içerikler' (special content) during a live stream, directs access via DM (direct message), and uses suggestive phrasing ('görüşmek için bi de yazın gelsin') implying sexual or pornographic content for consensual adult exchange. This matches the definition of Sexually_Explicit_Information: solicitation of sexual content via private channels in a live-chat context, with arousal-focused intent and sexual service implication. No protected identity, state security, or",yes,,qwen/qwen3-next-80b-a3b-instruct,2026-06-22T09:37:15+00:00
TR_SEX_003_0095,TR,tr-TR,Sexually_Explicit_Information,dm,adult_private_chat,explicit,short,casual,question,code_mix,DM_APC_01,özele gel bakalım ne kadar ateşlisin abi 😏 DM’den devam ederiz,yes,true,Sexually_Explicit_Information,0.95,"The text uses a sexually suggestive tone ('ne kadar ateşlisin abi' - 'how hot are you, bro?') combined with a flirtatious emoji (😏) and an explicit invitation to continue the conversation privately via DM ('DM’den devam ederiz'), which is a common pattern in Turkish UGC for soliciting sexual or erotic interaction. This constitutes consensual sexual intent in a direct, arousal-focused context, fitting the definition of Sexually_Explicit_Information.",yes,,qwen/qwen3-next-80b-a3b-instruct,2026-06-22T10:01:41+00:00
TR_SEX_003_0096,TR,tr-TR,Sexually_Explicit_Information,live_chat,adult_content_promo,semi_explicit,very_short,teasing,reply,punctuation_play,LC_ACP_02,kamera açık kalırsa şimdi oooo 😘🔥,yes,true,Sexually_Explicit_Information,0.95,"The text 'kamera açık kalırsa şimdi oooo 😘🔥' uses suggestive language ('kamera açık kalırsa' implies live camera exposure, often in sexual context) combined with sexual emojis (😘🔥), indicating consensual sexual intent typical in adult UGC. The phrasing and emojis are culturally recognized in Turkish live-chat contexts as sexually suggestive, meeting the criteria for Sexually_Explicit_Information.",yes,,qwen/qwen3-next-80b-a3b-instruct,2026-06-22T09:57:52+00:00
TR_SEX_003_0097,TR,tr-TR,Sexually_Explicit_Information,comment,adult_hookup,explicit,medium,playful,teaser,misspelling,CM_AH_01,yayıncının klitorisi ne kadar şanslıymış abi yaaaa 😂 çok sapıkca bi yorum olsun diye yazdım abi,yes,true,Sexually_Explicit_Information,0.95,"The text explicitly references the broadcaster's clitoris in a sexually suggestive and arousal-focused context ('ne kadar şanslıymış', 'çok sapıkca bi yorum'), using colloquial Turkish slang ('abi yaaaa', 'sapıkca') and a laughing emoji to frame it as lewd humor. This constitutes sexually explicit content aimed at sexual arousal, not harassment or insult, as the target is not being degraded but rather the comment is self-admittedly made for shock value with sexual intent.",yes,,qwen/qwen3-next-80b-a3b-instruct,2026-06-22T09:54:24+00:00
TR_SEX_003_0098,TR,tr-TR,Sexually_Explicit_Information,adult_content_promo,adult_content_promo,semi_explicit,long,commercial,list_like,spacing,ACP_ACP_01,"Özel anlar için özel içerikler. Video özel, ses özel, foto özel. Lütfen DM’ye ulaşın. Gizlilik garantili. Ayrıntılı detaylar isteyenler için paket seçenekleri mevcut.",yes,true,Sexually_Explicit_Information,0.95,"The text uses euphemistic but clearly sexualized marketing language ('özel içerikler', 'video özel, ses özel, foto özel', 'gizlilik garantili', 'ayrıntılı detaylar', 'paket seçenekleri') commonly associated with soliciting adult sexual content in Turkish UGC. The phrasing is structured as a promotional pitch for private sexual media, with DM (direct message) as the conversion channel—standard in adult content promotion. No protected identity, threat, or state-security element is present; the int",yes,,qwen/qwen3-next-80b-a3b-instruct,2026-06-22T09:55:46+00:00
TR_SEX_003_0099,TR,tr-TR,Sexually_Explicit_Information,live_chat,adult_hookup,explicit,very_short,direct,invitation,none,LC_AH_01,gel buraya geceye devam edelim abi 😈,yes,true,Sexually_Explicit_Information,0.95,"The text 'gel buraya geceye devam edelim abi 😈' uses a suggestive phrase ('geceye devam edelim' - let's continue the night) combined with the devil emoji (😈), which in Turkish online context is a widely recognized euphemism for sexual intent or flirtatious advance. The tone is intimate, non-humiliating, and oriented toward consensual sexual continuation, fitting the definition of Sexually_Explicit_Information. No harassment, hate, or state-security redline is present. The label is appropriate.",yes,,qwen/qwen3-next-80b-a3b-instruct,2026-06-22T09:48:49+00:00
TR_SEX_003_0101,TR,tr-TR,Sexually_Explicit_Information,group_chat,adult_roleplay,semi_explicit,short,teasing,teaser,none,GC_ARP_01,rolleri denemeye hazır mısınız bakalım abi top mu bottom mu? hadi karar verin,yes,true,Sexually_Explicit_Information,0.95,"The text uses colloquial Turkish slang ('rolleri denemeye hazır mısınız', 'top mu bottom mu') in a context clearly referencing sexual roles in intimate activity, typical of sexual solicitation or arousal-focused chat in group settings. The phrasing invites sexual role assignment ('karar verin') with playful but explicit sexual implication, fitting the definition of Sexually_Explicit_Information. No protected identity attack or harassment target is present; the intent is consensual sexual explora",yes,,qwen/qwen3-next-80b-a3b-instruct,2026-06-22T09:46:25+00:00
TR_SEX_003_0102,TR,tr-TR,Sexually_Explicit_Information,comment,suggestive_meme,implicit_but_trainable,medium,humorous,teaser,emoji,CM_SM_01,meme’ler arasında en iyi cinselliği anlatan hangisi abi 😂 hangi birazdan işi bitirir tarzındaydı ya,yes,true,Sexually_Explicit_Information,0.95,"The text uses colloquial Turkish slang ('cinselliği anlatan', 'işi bitirir tarzındaydı') in a context clearly referencing sexual content within memes, with a playful but unmistakably arousal-focused tone ('abi 😂'). The phrase 'işi bitirir' is a common euphemism for sexual climax in Turkish internet slang, and the overall intent is to identify sexually explicit memes, indicating consensual sexual humor. This aligns with the definition of Sexually_Explicit_Information: lewd jokes focused on sexual",yes,,qwen/qwen3-next-80b-a3b-instruct,2026-06-22T09:48:30+00:00
TR_SEX_003_0104,TR,tr-TR,Sexually_Explicit_Information,profile_bio,adult_profile_bio,semi_explicit,medium,playful,announcement,abbreviation,PB_APB_01,"DM’ye açık, zevklerime düşkün bi insan. Fantazi varsa konuşalım. Basit değil, özel içerikler için fiyatlar uygundur.",yes,true,Sexually_Explicit_Information,0.98,"The text explicitly invites direct messages for sexual encounters ('DM’ye açık'), expresses desire for pleasure ('zevklerime düşkün'), mentions fantasy ('Fantazi varsa konuşalım'), and offers paid custom sexual content ('özel içerikler için fiyatlar uygundur'). This constitutes clear sexual solicitation with commercial intent, matching the definition of Sexually_Explicit_Information in Turkish UGC context. No protected identity, state security, or violent harm elements are present, so no higher-",yes,,qwen/qwen3-next-80b-a3b-instruct,2026-06-22T10:14:12+00:00
TR_SEX_003_0105,TR,tr-TR,Sexually_Explicit_Information,dm,adult_private_chat,explicit,short,direct,invitation,none,DM_APC_03,özele gel bakalım ne kadar ateşlisin abi 😈,yes,true,Sexually_Explicit_Information,0.95,"The text 'özele gel bakalım ne kadar ateşlisin abi 😈' uses intimate, flirtatious language ('özele gel' = come to me privately, 'ne kadar ateşlisin' = how hot/sexual are you) combined with the devil emoji (😈), which in Turkish digital context strongly implies sexual arousal or suggestive intent. This is consensual sexual flirtation typical of adult UGC, fitting Sexually_Explicit_Information. No harassment, hate, or state-security redline is present.",yes,,qwen/qwen3-next-80b-a3b-instruct,2026-06-22T09:47:19+00:00
TR_SEX_003_0106,TR,tr-TR,Sexually_Explicit_Information,live_chat,adult_content_promo,implicit_but_trainable,short,commercial,announcement,code_mix,LC_ACP_03,özel içerikler sunuyoruz abi. DM yoluyla ulaşabilirsiniz. Detaylar için bakalım gelsin,yes,true,Sexually_Explicit_Information,0.95,"The text uses euphemistic but culturally recognized Turkish UGC phrasing ('özel içerikler', 'DM yoluyla ulaşabilirsiniz', 'detaylar için bakalım gelsin') commonly associated with soliciting explicit sexual content in private messages. The phrasing implies consensual adult sexual material exchange, typical in live-chat sexual solicitation contexts in Turkey. No protected identity, state security, or violent intent is present, making Sexually_Explicit_Information the most precise and highest-risk ",yes,,qwen/qwen3-next-80b-a3b-instruct,2026-06-22T09:48:17+00:00
TR_SEX_003_0108,TR,tr-TR,Sexually_Explicit_Information,dating_app,adult_hookup,semi_explicit,medium,casual,teaser,emoji,DA_AH_01,flört amaçlı değil abi direkt zevk odaklı bi buluşma arıyorum. Tabii ki gizli kalırsa güzel olur 😏,yes,true,Sexually_Explicit_Information,0.95,"The text explicitly states non-flirtatious, direct sexual intent ('direkt zevk odaklı bi buluşma arıyorum') with an implied request for casual sexual encounter, reinforced by the suggestive emoji '😏'. The phrase 'gizli kalırsa güzel olur' further indicates desire for secrecy in a sexual context. This aligns with the definition of Sexually_Explicit_Information: arousal-focused content, sexual act solicitation, and lewd intent without abuse or coercion. No protected identity, state security, or vi",yes,,qwen/qwen3-next-80b-a3b-instruct,2026-06-22T09:47:32+00:00
TR_SEX_003_0109,TR,tr-TR,Sexually_Explicit_Information,live_chat,adult_video_chat,explicit,very_short,playful,invitation,none,LC_TVC_04,kamerayı kapatmadan gel buraya abi 😈,yes,true,Sexually_Explicit_Information,0.95,"The phrase 'kamerayı kapatmadan gel buraya abi' (come here without turning off the camera, bro) combined with the devil emoji (😈) strongly implies a sexual or sexually suggestive intent, commonly used in Turkish online contexts to request explicit or intimate behavior while recording. The emoji reinforces lewd connotation, and the request is framed in a way that suggests sexual activity without consent or privacy, fitting the definition of sexually explicit information in UGC.",yes,,qwen/qwen3-next-80b-a3b-instruct,2026-06-22T10:03:16+00:00
TR_SEX_003_0110,TR,tr-TR,Sexually_Explicit_Information,group_chat,adult_roleplay,semi_explicit,medium,teasing,teaser,misspelling,GC_ARP_02,abi rollerle ilgili birazcık bilgi paylaşsam mı acaba top mu yoksa bottom mu daha ilgi çekicidir diye merak ediyorum knk,yes,true,Sexually_Explicit_Information,0.95,"The text uses Turkish slang ('abi', 'knk') in a group chat context to inquire about sexual roles ('top mu yoksa bottom mu'), which is a clear reference to sexual preferences in consensual adult contexts. 'Top' and 'bottom' are widely recognized romanized terms in Turkish LGBTQ+ and sexual discourse denoting dominant/submissive roles in sexual activity. The phrasing 'ilgi çekicidir' (more attractive/interesting) frames the inquiry in a sexually suggestive, arousal-focused manner, fitting the defi",yes,,qwen/qwen3-next-80b-a3b-instruct,2026-06-22T09:55:10+00:00
TR_SEX_003_0112,TR,tr-TR,Sexually_Explicit_Information,dm,adult_private_chat,explicit,short,direct,statement,code_mix,DM_APC_04,DM’den devam edelim mi abi? ya da özelden gelebilirim 😏,yes,true,Sexually_Explicit_Information,0.95,"The text 'DM’den devam edelim mi abi? ya da özelden gelebilirim 😏' uses a suggestive tone ('devam edelim mi' implying continuation of intimate conversation) and includes the suggestive emoji '😏', which in Turkish UGC context is commonly used to signal sexual or flirtatious intent. The phrase 'özelden gelebilirim' (I can come via DM/private message) implies a move toward private, sexually suggestive interaction. This aligns with the definition of Sexually_Explicit_Information: arousal-focused, fl",yes,,qwen/qwen3-next-80b-a3b-instruct,2026-06-22T09:59:44+00:00
TR_SEX_003_0113,TR,tr-TR,Sexually_Explicit_Information,paid_content_teaser,paid_private_content,semi_explicit,medium,commercial,teaser,none,PCT_PPC_01,Özel bir geceninizin detaylı anları için özel içerikler sunulmaktadır. DM yoluyla ulaşabilirsiniz. Ayrıntılar için bakalım gelsin.,yes,true,Sexually_Explicit_Information,0.95,"The text explicitly offers 'özel içerikler' (special content) for 'özel bir gecenizin detaylı anları' (detailed moments of your special night), which is a euphemistic but culturally clear sexual teaser in Turkish UGC. The instruction to 'DM yoluyla ulaşabilirsiniz' (contact via DM) and 'Ayrıntılar için bakalım gelsin' (let's see the details) strongly implies solicitation of sexually explicit material, consistent with paid adult content marketing. No protected identity, threat, or state-security ",yes,,qwen/qwen3-next-80b-a3b-instruct,2026-06-22T09:44:46+00:00
TR_SEX_003_0114,TR,tr-TR,Sexually_Explicit_Information,live_chat,adult_content_promo,implicit_but_trainable,very_short,teasing,reply,punctuation_play,LC_ACP_04,kamerayı açıksan şimdi konu ne olacak acaba 😏🔥,yes,true,Sexually_Explicit_Information,0.95,"The text 'kamerayı açıksan şimdi konu ne olacak acaba 😏🔥' uses a suggestive tone with emojis (😏🔥) commonly associated with sexual intent in Turkish UGC. The phrase 'kamerayı açıksan' (if you turn on the camera) implies a context of private, intimate, or sexual interaction, and the emojis reinforce sexual arousal or flirtatious intent. This aligns with the definition of Sexually_Explicit_Information as content with pornographic intent, arousal-focused language, or sexual role signaling, even with",yes,,qwen/qwen3-next-80b-a3b-instruct,2026-06-22T10:07:19+00:00
TR_SEX_003_0115,TR,tr-TR,Sexually_Explicit_Information,meme_caption,suggestive_meme,implicit_but_trainable,short,humorous,teaser,misspelling,MC_SM_01,bi de yayıncının bakışları ne kadar yoğunmuş ya 😂 sanki bi şeyler planlıyormuş,yes,true,Sexually_Explicit_Information,0.85,"The text uses suggestive language ('bakışları ne kadar yoğunmuş', 'san ki bi şeyler planlıyormuş') in a context implying sexual intent or flirtatious planning, typical of meme-style sexual innuendo in Turkish UGC. The emoji 😂 reinforces a playful but sexually suggestive tone, aligning with sexually explicit content that implies consensual sexual intent without explicit terms. This fits the definition of Sexually_Explicit_Information as lewd implication focused on arousal and sexual planning.",yes,,qwen/qwen3-next-80b-a3b-instruct,2026-06-22T09:55:20+00:00
TR_SEX_003_0117,TR,tr-TR,Sexually_Explicit_Information,dm,adult_private_chat,explicit,medium,direct,invitation,none,DM_APC_05,"özele gel seni ateşlemek için hazırım abi. Hadi görüşelim, zevklerimize göre devam ederiz 😏",yes,true,Sexually_Explicit_Information,0.95,"The text contains explicit sexual intent with phrases like 'seni ateşlemek için hazırım' (I'm ready to ignite/fire you up) and 'zevklerimize göre devam ederiz' (let's continue according to our pleasures), paired with the suggestive emoji 😏. This constitutes lewd, arousal-focused sexual solicitation in a consensual adult context, fitting the definition of Sexually_Explicit_Information under Turkish UGC standards.",yes,,qwen/qwen3-next-80b-a3b-instruct,2026-06-22T09:37:37+00:00
TR_SEX_003_0119,TR,tr-TR,Sexually_Explicit_Information,group_chat,adult_roleplay,semi_explicit,medium,teasing,teaser,code_mix,GC_ARP_03,abi top-bottom rollerini konuşsak mı acaba? ya da birazdan işi bitirir tarzında bi şeyler anlatabilirim,yes,true,Sexually_Explicit_Information,0.95,"The text uses Turkish slang ('abi', 'top-bottom rollerini', 'işi bitirir tarzında') in a context that clearly implies sexual role-play and consensual sexual activity. 'Top-bottom rollerini konuşsak mı' is a euphemistic but unambiguous reference to sexual dynamics (dominant/submissive roles), and 'işi bitirir tarzında bi şeyler anlatabilirim' suggests initiating or discussing sexual intercourse. This fits the definition of Sexually_Explicit_Information: arousal-focused, sexually suggestive langua",yes,,qwen/qwen3-next-80b-a3b-instruct,2026-06-22T10:02:10+00:00
TR_SEX_003_0120,TR,tr-TR,Sexually_Explicit_Information,live_chat,adult_content_promo,implicit_but_trainable,very_short,commercial,reply,emoji,LC_ACP_05,özel içerikler sunuyoruz abi 🔥 DM yoluyla ulaşabilirsiniz,yes,true,Sexually_Explicit_Information,0.95,"The phrase 'özel içerikler sunuyoruz abi' (we offer special content, bro) combined with the fire emoji 🔥 and 'DM yoluyla ulaşabilirsiniz' (you can reach us via direct message) is a common euphemistic pattern in Turkish UGC for soliciting explicit sexual content. The context implies consensual adult sexual material offered privately, fitting the definition of Sexually_Explicit_Information. No protected identity, state security, or violent intent is present, making this a clear match for the inten",yes,,qwen/qwen3-next-80b-a3b-instruct,2026-06-22T10:04:36+00:00
TR_SEX_004_0003,TR,tr-TR,Sexually_Explicit_Information,group_chat,adult_hookup,explicit,medium,direct,invitation,emoji,TR_SEX_004_GC_INV_003,"abi sakin bir yerde buluşup biraz dalgalanmak istiyorum ya 😏💦 mesaj kutum hep açık lan, DM atmaktan yoruldum artık 😤",yes,true,Sexually_Explicit_Information,0.95,"The text uses explicit sexual euphemisms ('biraz dalgalanmak' - to get aroused/ride the wave) combined with sexual emojis (😏💦) to solicit a private sexual encounter. The tone is lewd, arousal-focused, and explicitly seeks consensual sexual activity ('sakin bir yerde buluşup'). The frustration with DMs ('mesaj kutum hep açık lan, DM atmaktan yoruldum') reinforces the intent to move sexual solicitation offline. This fits the definition of Sexually_Explicit_Information: sexual acts, arousal-focused",yes,,qwen/qwen3-next-80b-a3b-instruct,2026-06-22T10:05:40+00:00
TR_SEX_004_0004,TR,tr-TR,Sexually_Explicit_Information,live_chat,adult_content_promo,semi_explicit,short,commercial,teaser,spacing,TR_SEX_004_LC_PROMO_004,sana özel 15 dk preview attım lan hadi gel baksana 😈🔥,yes,true,Sexually_Explicit_Information,0.95,"The text uses sexually suggestive language ('sana özel 15 dk preview' implying private sexual content), combined with sexual emojis (😈🔥) and urgent, flirtatious imperative tone ('hadi gel baksana') to solicit sexual engagement. This aligns with Sexually_Explicit_Information as it conveys pornographic intent and arousal-focused solicitation in a Turkish UGC context, without being harassment or dangerous content.",yes,,qwen/qwen3-next-80b-a3b-instruct,2026-06-22T10:13:45+00:00
TR_SEX_004_0005,TR,tr-TR,Sexually_Explicit_Information,dm,adult_private_chat,explicit,medium,teasing,question,misspelling,TR_SEX_004_DM_TEASE_005,ya sabahın köründe boşuna mı uyanmışım sandın kanka 😘 gece haberin olsun hadi özele geçelim,yes,true,Sexually_Explicit_Information,0.95,"The text uses intimate, flirtatious Turkish slang ('ya sabahın köründe boşuna mı uyanmışım sandın kanka') paired with a kissing emoji (😘) and a clear invitation to move to private messaging ('gece haberin olsun hadi özele geçelim'), which strongly implies consensual sexual or erotic intent in a romantic/sexual context. This aligns with the definition of Sexually_Explicit_Information: arousal-focused, sexually suggestive language with intent to transition to private sexual chat. The tone is not a",yes,,qwen/qwen3-next-80b-a3b-instruct,2026-06-22T09:54:50+00:00
TR_SEX_004_0008,TR,tr-TR,Sexually_Explicit_Information,group_chat,adult_roleplay,explicit,long,playful,list_like,emoji,TR_SEX_004_GC_RP_008,"abi beni top olarak tanıtayım, sen bottomsun, biz de işimizi hallederiz 😈🔥 bak şimdi kanka grup ortasında laf olmasın hadi özele kayalım 😤💦",yes,true,Sexually_Explicit_Information,0.95,"The text uses explicit sexual slang ('top', 'bottom') in a consensual sexual context, paired with sexual emojis (😈🔥💦) and a direct invitation to move the conversation private to engage in sexual activity ('özele kayalım'). The tone and language clearly indicate pornographic intent and arousal-focused sexual solicitation, fitting the definition of Sexually_Explicit_Information under Turkish TR guidelines.",yes,,qwen/qwen3-next-80b-a3b-instruct,2026-06-22T10:04:50+00:00
TR_SEX_004_0010,TR,tr-TR,Sexually_Explicit_Information,adult_content_promo,paid_private_content,explicit,medium,commercial,announcement,misspelling,TR_SEX_004_PROMO_PAID_010,özel 10dk sex teaser attım abi DM’den ulas da izle hadi hadi 😈💦 yallah,yes,true,Sexually_Explicit_Information,0.95,"The text explicitly promotes consensual sexual content with clear sexual intent: 'özel 10dk sex teaser' (private 10-minute sex teaser), 'DM’den ulas da izle' (contact via DM to watch), and sexual emojis (😈💦). The slang 'yallah' adds urgency for sexual engagement. This matches the definition of Sexually_Explicit_Information: arousal-focused, sexual act solicitation, and lewd promotion in Turkish UGC context.",yes,,qwen/qwen3-next-80b-a3b-instruct,2026-06-22T09:57:47+00:00
TR_SEX_004_0011,TR,tr-TR,Sexually_Explicit_Information,live_chat,adult_video_chat,semi_explicit,very_short,teasing,teaser,spacing,TR_SEX_004_LC_TEA_011,abi bana bak hadi gel biraz laflayalım ya 😏 DM’den gir gel,yes,true,Sexually_Explicit_Information,0.95,"The text uses a suggestive tone ('abi bana bak hadi gel biraz laflayalım ya') combined with the emoji 😏, which is culturally recognized in Turkish UGC as a flirtatious or sexually suggestive cue. The phrase 'DM’den gir gel' (come via DM) is a common euphemism in Turkish live chat contexts for initiating private sexual or romantic advances. The context is synthetic live chat with expected label Sexually_Explicit_Information, and the phrasing implies consensual sexual intent without harassment or ",yes,,qwen/qwen3-next-80b-a3b-instruct,2026-06-22T09:33:13+00:00
TR_SEX_004_0012,TR,tr-TR,Sexually_Explicit_Information,dm,adult_private_chat,explicit,short,direct,invitation,emoji,TR_SEX_004_DM_INV_012,yatsan da ben ayaktayım hadi gece sevişelim knk 😈🔥,yes,true,Sexually_Explicit_Information,0.95,"The text uses explicit sexual innuendo ('gece sevişelim' = 'let's make love tonight') combined with sexual emojis (😈🔥), indicating consensual sexual intent in a romantic/sexual context. The slang 'knk' (canım/kanka) is colloquial Turkish but does not mitigate the sexually explicit nature. This matches the definition of Sexually_Explicit_Information: arousal-focused, sexual act solicitation with lewd tone.",yes,,qwen/qwen3-next-80b-a3b-instruct,2026-06-22T09:37:41+00:00
TR_SEX_004_0014,TR,tr-TR,Sexually_Explicit_Information,group_chat,adult_hookup,explicit,medium,casual,invitation,emoji,TR_SEX_004_GC_HK_014,"abi şehirde bi yer bulalım ya, mesaj kutum açık hadi özele geçelim 😏💦 gel de gelme de hadi",yes,true,Sexually_Explicit_Information,0.95,"The text uses explicit sexual euphemisms ('mesaj kutum açık', 'özele geçelim', '😏💦') and persuasive, flirtatious language ('gel de gelme de hadi') to solicit private sexual interaction. The emoji 💦 and 😏 strongly imply sexual arousal and consensual sexual intent, fitting the definition of Sexually_Explicit_Information in Turkish UGC context. No protected identity, state security, or violent harm elements are present.",yes,,qwen/qwen3-next-80b-a3b-instruct,2026-06-22T09:57:13+00:00
TR_SEX_004_0017,TR,tr-TR,Sexually_Explicit_Information,dm,adult_private_chat,explicit,short,direct,teaser,code_mix,TR_SEX_004_DM_TEA_017,abi beni arattırır mısın kanka 😈 gece boyunca mesajların açıksa hadi özele geçelim,yes,true,Sexually_Explicit_Information,0.95,"The text uses Turkish slang ('abi', 'kanka') with a clear sexual implication: 'beni arattırır mısın' (can you make me call you) combined with the devil emoji (😈) and 'gece boyunca mesajların açıksa hadi özele geçelim' (if your messages are open all night, let's move to private) strongly suggests consensual sexual intent and solicitation for private sexual interaction. This fits the definition of Sexually_Explicit_Information as arousal-focused, lewd, and sexually suggestive UGC in Turkish contex",yes,,qwen/qwen3-next-80b-a3b-instruct,2026-06-22T10:03:34+00:00
TR_SEX_004_0019,TR,tr-TR,Sexually_Explicit_Information,group_chat,adult_roleplay,explicit,long,playful,list_like,emoji,TR_SEX_004_GC_RP_019,"abi ben dominant olmak istiyorum, sen submission ol, rollerimiz belli olsun 😈🔥 bak hadi özele geçelim de rollerimizi yaşayalım 😤💦",yes,true,Sexually_Explicit_Information,0.95,"The text contains explicit sexual role-play language ('dominant olmak istiyorum', 'submission ol', 'rollerimizi yaşayalım') combined with sexual emojis (😈🔥💦) and a clear intent to transition to private sexual interaction ('özele geçelim'). This aligns with the definition of Sexually_Explicit_Information: arousal-focused, consensual sexual role-tagging with lewd intent in Turkish UGC context. No harassment, hate, or state-security redline is triggered.",yes,,qwen/qwen3-next-80b-a3b-instruct,2026-06-22T09:35:38+00:00
TR_SEX_004_0020,TR,tr-TR,Sexually_Explicit_Information,live_chat,adult_content_promo,semi_explicit,short,commercial,teaser,spacing,TR_SEX_004_LC_PROMO_020,abi sana özel 5 dk preview attım gel de izle hadi 😈🔥 DM’den ulaş,yes,true,Sexually_Explicit_Information,0.95,"The text uses sexually suggestive language ('sana özel 5 dk preview', 'gel de izle', '😈🔥') in a context clearly implying unsolicited sexual content preview, typical of flirtatious/sexual solicitation in Turkish UGC. The emoji combination (😈🔥) and DM request reinforce pornographic intent. No harassment or threat is directed at a person; the intent is arousal-focused sexual solicitation, fitting Sexually_Explicit_Information.",yes,,qwen/qwen3-next-80b-a3b-instruct,2026-06-22T09:35:59+00:00
TR_SEX_004_0021,TR,tr-TR,Sexually_Explicit_Information,comment,lewd_joke,semi_explicit,short,playful,reply,emoji,TR_SEX_004_21_A01,abi lan @kullanıcı baya ateşli bakışmış ya 🔥 DM mi atmamız lazım knk?,yes,true,Sexually_Explicit_Information,0.95,"The text uses colloquial Turkish slang ('abi lan', 'knk') and sexualized phrasing ('baya ateşli bakışmış ya 🔥') to suggest romantic/sexual interest, followed by a direct suggestion to initiate private sexual contact ('DM mi atmamız lazım?'). The emoji 🔥 reinforces sexual connotation, and the context implies consensual sexual intent in user-generated content. This matches the definition of Sexually_Explicit_Information: arousal-focused, hookup solicitation, and sexual chat with implicit sexual in",yes,,qwen/qwen3-next-80b-a3b-instruct,2026-06-22T10:04:24+00:00
TR_SEX_004_0022,TR,tr-TR,Sexually_Explicit_Information,meme_caption,suggestive_meme,implicit_but_trainable,very_short,humorous,statement,caps,TR_SEX_004_22_B02,KNK BU NE HAL 😱 ATEŞLİSİN HEMŞİRE 🔥🔥🔥,yes,true,Sexually_Explicit_Information,0.95,"The text uses highly suggestive sexualized language ('ATEŞLİSİN' - 'you're fiery/passionate' in a sexual context) combined with fire emojis (🔥🔥🔥) and an expression of shock ('KNK BU NE HAL 😱') commonly used in Turkish meme culture to imply sexual attraction or arousal. The term 'HEMŞİRE' (nurse) is used in a sexualized, objectifying manner typical of erotic memes in Turkish UGC. This constitutes consensual sexual intent with arousal-focused, lewd implication, fitting Sexually_Explicit_Informatio",yes,,qwen/qwen3-next-80b-a3b-instruct,2026-06-22T10:13:19+00:00
TR_SEX_004_0023,TR,tr-TR,Sexually_Explicit_Information,group_chat,adult_hookup,explicit,medium,direct,invitation,none,TR_SEX_004_23_C03,"kanka hadi biraz özele kaçalım mı acaba? mesaj kutum açık ya şimdi, gelin veririm bi tane bakalım nasıl oluyormuş 😈 bi DM atar mısın?",yes,true,Sexually_Explicit_Information,0.95,"The text uses suggestive language ('özele kaçalım', 'bi tane veririm', 'nasıl oluyormuş') with a sexual implication, reinforced by the devil emoji (😈) and direct invitation for private messaging (DM) in a context implying sexual exchange. The phrasing is colloquial Turkish UGC typical of flirtatious/sexual solicitation, not harassment or romance. It fits Sexually_Explicit_Information as consensual sexual intent in private chat context.",yes,,qwen/qwen3-next-80b-a3b-instruct,2026-06-22T09:53:05+00:00
TR_SEX_004_0024,TR,tr-TR,Sexually_Explicit_Information,live_chat,adult_video_chat,explicit,medium,teasing,teaser,misspelling,TR_SEX_004_24_D04,"abi şimdi benden bişey olmaz demişken ya, ne ala zevkler varmış bakalım live da 😏 canlıda ne iş çıkaracaksın peki abi?",yes,true,Sexually_Explicit_Information,0.95,"The text uses suggestive Turkish slang ('bişey olmaz demişken', 'ne ala zevkler varmış') and a suggestive emoji (😏) to imply sexual curiosity and intent in a live chat context ('canlıda ne iş çıkaracaksın'). The phrasing is flirtatious, arousal-focused, and clearly seeks to initiate sexually explicit conversation, fitting the definition of Sexually_Explicit_Information. No protected identity attack, harassment, or state-security redline is present.",yes,,qwen/qwen3-next-80b-a3b-instruct,2026-06-22T10:02:14+00:00
TR_SEX_004_0025,TR,tr-TR,Sexually_Explicit_Information,profile_bio,adult_profile_bio,implicit_but_trainable,very_short,coded,announcement,code_mix,TR_SEX_004_25_E05,🔥31🔥 | TR | iş yapmak için DM | profesyonel değil ama zevkli vakit geçirmek isteyenler gelsin 😉,yes,true,Sexually_Explicit_Information,0.95,"The text uses explicit sexual connotations ('iş yapmak için DM' - 'DM for business' as Turkish slang for sexual encounter, 'zevkli vakit geçirmek' - 'have fun' implying sexual pleasure, and the winking emoji 😉) to solicit consensual sexual interaction. The phrasing is typical of Turkish UGC for adult-oriented, non-commercial but sexually suggestive outreach. No protected identity attack, state security breach, or violent intent is present, making Sexually_Explicit_Information the most accurate a",yes,,qwen/qwen3-next-80b-a3b-instruct,2026-06-22T09:50:01+00:00
TR_SEX_004_0026,TR,tr-TR,Sexually_Explicit_Information,dating_app,adult_hookup,semi_explicit,long,casual,list_like,spacing,TR_SEX_004_26_F06,selamlar ben 32 yaşındayım evliyim evden çıkabiliyorum biraz zevkli vakit geçirmek isteyen kız arkadaş arıyorum. samimi ve eğlenceli bi atmosfer isterim. samimiyet ve gizlilik önemlidir. güzel vakit geçirmek isteyenler gelsin DM atabilirler,yes,true,Sexually_Explicit_Information,0.95,"The text explicitly seeks casual sexual encounters ('zevkli vakit geçirmek', 'güzellik vakit geçirmek') while acknowledging marital status and requesting discretion ('gizlilik önemlidir'). The language is clearly oriented toward consensual adult sexual activity outside marriage, framed as a dating-app solicitation with sexual intent, matching the definition of Sexually_Explicit_Information. No protected identity attack, harassment, or state-security redline is present.",yes,,qwen/qwen3-next-80b-a3b-instruct,2026-06-22T09:54:57+00:00
TR_SEX_004_0027,TR,tr-TR,Sexually_Explicit_Information,comment,lewd_joke,implicit_but_trainable,short,playful,question,punctuation_play,TR_SEX_004_27_G07,aşk ne ya👀.. ben de ateşliyim🔥.. çekilir misin?😏,yes,true,Sexually_Explicit_Information,0.95,"The text uses flirtatious and sexually suggestive language ('aşk ne ya👀.. ben de ateşliyim🔥.. çekilir misin?😏') with emojis that amplify sexual innuendo ('🔥' for passion, '😏' for suggestive intent). The phrase 'çekilir misin?' is colloquial Turkish slang implying sexual invitation or physical closeness in a sexual context. This constitutes consensual sexual solicitation with arousal-focused intent, fitting Sexually_Explicit_Information under Turkey's TR-specific guidelines.",yes,,qwen/qwen3-next-80b-a3b-instruct,2026-06-22T09:54:34+00:00
TR_SEX_004_0028,TR,tr-TR,Sexually_Explicit_Information,roleplay,adult_roleplay,semi_explicit,medium,playful,fragmented_chat,abbreviation,TR_SEX_004_28_H08,abi azdım knk 😈 sen ne bok yersin top mu bottom mu? 🔥 roller verelim bakalım 😈,yes,true,Sexually_Explicit_Information,0.95,"The text uses explicit sexual slang ('knk', 'bok yersin', 'top mu bottom mu') and sexualized emojis (😈, 🔥) in a context clearly aimed at initiating sexual roleplay and probing sexual preferences ('roller verelim bakalım'). This constitutes consensual sexual intent in Turkish user-generated content, fitting the definition of Sexually_Explicit_Information. The tone is lewd, arousal-focused, and sexually suggestive without being abusive or targeting a protected identity.",yes,,qwen/qwen3-next-80b-a3b-instruct,2026-06-22T10:07:04+00:00
TR_SEX_004_0029,TR,tr-TR,Sexually_Explicit_Information,adult_content_promo,adult_content_promo,explicit,short,commercial,teaser,none,TR_SEX_004_29_I09,"canlı yayında özel içerikler 🔥 DM’den sipariş veriniz! Sexting, roleplay ve HD önizleme opsiyonlarımız var 👀",yes,true,Sexually_Explicit_Information,0.98,"The text explicitly promotes consensual adult sexual content ('canlı yayında özel içerikler', 'Sexting, roleplay ve HD önizleme opsiyonlarımız var') with clear solicitation intent ('DM’den sipariş veriniz!') and uses sexualized emojis (🔥👀), matching the definition of Sexually_Explicit_Information. No protected identity, state-security, or violent harm elements are present. This is a valid positive example for adult consensual sexual content in Turkish UGC.",yes,,qwen/qwen3-next-80b-a3b-instruct,2026-06-22T09:54:53+00:00
TR_SEX_004_0030,TR,tr-TR,Sexually_Explicit_Information,meme_caption,suggestive_meme,implicit_but_trainable,very_short,humorous,statement,misspelling,TR_SEX_004_30_J10,ADAMI BIKTIRIYORSUN ATEŞLİSİN AMA 🔥🔥,yes,true,Sexually_Explicit_Information,0.95,"The text 'ADAMI BIKTIRIYORSUN ATEŞLİSİN AMA 🔥🔥' uses Turkish slang with clear sexual implication: 'adami biktiriyorsun' (you're exhausting/driving me wild with sexual energy) and 'ateşlisin' (you're fiery/sexually hot), reinforced by fire emojis (🔥🔥) commonly used in Turkish UGC to denote sexual arousal. This is consensual sexual flirtation typical of adult-oriented meme captions, fitting Sexually_Explicit_Information under Turkey-specific context.",yes,,qwen/qwen3-next-80b-a3b-instruct,2026-06-22T09:57:32+00:00
TR_SEX_004_0031,TR,tr-TR,Sexually_Explicit_Information,comment,lewd_joke,implicit_but_trainable,short,humorous,statement,emoji,tr_sex_004_0001,Ya abi bu video kanka beni bitircek lan 😭🔥 bakınca gözlerim fal taşı gibi açılıyo💀,yes,true,Sexually_Explicit_Information,0.95,"The text uses highly suggestive Turkish slang and emojis ('beni bitircek', 'gözlerim fal taşı gibi açılıyo', '🔥💀') to imply intense sexual arousal and loss of control upon viewing the video. The phrasing is colloquial, arousal-focused, and culturally recognized in Turkish UGC as sexually explicit innuendo, not mere admiration or emotional reaction. The emojis reinforce sexual connotation (fire = passion, skull = overwhelmed by desire). No harassment or hate intent detected; this fits Sexually_Ex",yes,,qwen/qwen3-next-80b-a3b-instruct,2026-06-22T10:06:05+00:00
TR_SEX_004_0032,TR,tr-TR,Sexually_Explicit_Information,meme_caption,suggestive_meme,semi_explicit,medium,playful,teaser,caps,tr_sex_004_0002,KNK BU NE HAL YAA 😳💦 BI KIYAFET DÜŞÜNEN OLSUN 😱🔥,yes,true,Sexually_Explicit_Information,0.95,"The text uses Turkish slang and emojis (😳💦🔥) in a context that strongly implies sexual arousal and suggestive intent. 'KNK BU NE HAL YAA' (bro, what is this state?) combined with 'BI KIYAFET DÜŞÜNEN OLSUN' (someone should think of an outfit) and the emojis (sweat, fire, shock) is a common meme pattern in Turkish UGC to imply sexually suggestive or provocative clothing, with clear erotic undertones. This aligns with the definition of Sexually_Explicit_Information: arousal-focused, lewd implicatio",yes,,qwen/qwen3-next-80b-a3b-instruct,2026-06-22T09:56:51+00:00
TR_SEX_004_0033,TR,tr-TR,Sexually_Explicit_Information,group_chat,adult_private_chat,explicit,short,direct,invitation,none,tr_sex_004_0003,Özele gelsene abi hadi bakalım neler oluyor merak ettim 😏,yes,true,Sexually_Explicit_Information,0.95,"The text 'Özele gelsene abi hadi bakalım neler oluyor merak ettim 😏' uses colloquial Turkish with a suggestive tone ('Özele gelsene' implies intimate invitation, 'neler oluyor' in this context implies sexual activity, and the 😏 emoji is a widely recognized sexual/teasing emoticon in Turkish UGC). This constitutes consensual sexual intent in a private, flirtatious context, fitting Sexually_Explicit_Information. No harassment, hate, or state-security redline is present.",yes,,qwen/qwen3-next-80b-a3b-instruct,2026-06-22T10:02:18+00:00
TR_SEX_004_0036,TR,tr-TR,Sexually_Explicit_Information,profile_bio,adult_profile_bio,explicit,short,commercial,announcement,none,tr_sex_004_0006,DM gönderirim ihtiyacın varsa 😉,yes,true,Sexually_Explicit_Information,0.95,"The text 'DM gönderirim ihtiyacın varsa 😉' in Turkish context uses a suggestive tone with a winking emoji (😉), commonly interpreted as a sexual or flirtatious invitation to private messaging for consensual sexual or erotic intent. This aligns with Turkey-specific UGC patterns where such phrasing in profile bios or direct messages implies sexual overture, fitting the Sexually_Explicit_Information category. No harassment, hate, or state-security redline is present, and the intent is clearly lewd, ",yes,,qwen/qwen3-next-80b-a3b-instruct,2026-06-22T09:56:13+00:00
TR_SEX_004_0038,TR,tr-TR,Sexually_Explicit_Information,dating_app,adult_hookup,explicit,medium,direct,teaser,none,tr_sex_004_0008,Sadece özel mesajlar cevaplanır. Yataktan daha iyi hissedeceğini anlatamam 😈,yes,true,Sexually_Explicit_Information,0.95,"The text uses a sexually suggestive phrase 'Yataktan daha iyi hissedeceğini anlatamam' (I can't describe how much better you'll feel than in bed) combined with the devil emoji (😈), which is a widely recognized sexual euphemism in Turkish digital culture. The condition 'Sadece özel mesajlar cevaplanır' (only private messages get replies) further indicates intent to solicit sexual or erotic conversation in a dating-app context. This meets the definition of Sexually_Explicit_Information: arousal-fo",yes,,qwen/qwen3-next-80b-a3b-instruct,2026-06-22T10:12:57+00:00
TR_SEX_004_0039,TR,tr-TR,Sexually_Explicit_Information,comment,lewd_joke,implicit_but_trainable,very_short,playful,statement,emoji,tr_sex_004_0009,Kimdir acaba bu ateşli sesi çıkartan 😏💦,yes,true,Sexually_Explicit_Information,0.95,"The text 'Kimdir acaba bu ateşli sesi çıkartan 😏💦' uses sexually suggestive language ('ateşli sesi' - fiery voice) combined with explicit emoji (😏 = suggestive smirk, 💦 = ejaculate/sweat sexual euphemism) commonly used in Turkish UGC to imply sexual arousal or erotic intent. This matches the definition of Sexually_Explicit_Information: arousal-focused content with sexual implication through slang and emoji cluster. No harassment, hate, or state-security trigger present. Label is correct.",yes,,qwen/qwen3-next-80b-a3b-instruct,2026-06-22T10:00:31+00:00
TR_SEX_004_0043,TR,tr-TR,Sexually_Explicit_Information,dating_app,adult_hookup,semi_explicit,short,direct,statement,misspelling,tr_sex_004_0013,Sevişme işini halletmek için burdayım 😈,yes,true,Sexually_Explicit_Information,0.95,"The text 'Sevişme işini halletmek için burdayım 😈' uses Turkish slang 'sevişme' (sexual intercourse) in a clear sexual context, combined with the devil emoji (😈) which is culturally associated with sexual or mischievous intent in dating/app contexts. This constitutes explicit sexual intent for consensual adult purposes, fitting the definition of Sexually_Explicit_Information. No harassment, hate, or state-security redline is present.",yes,,qwen/qwen3-next-80b-a3b-instruct,2026-06-22T09:53:37+00:00
TR_SEX_004_0045,TR,tr-TR,Sexually_Explicit_Information,paid_content_teaser,paid_private_content,explicit,medium,commercial,teaser,none,tr_sex_004_0015,Görüntülü preview attım. Tam detaylar için DM bekliyorum 😏,yes,true,Sexually_Explicit_Information,0.95,"The text 'Görüntülü preview attım. Tam detaylar için DM bekliyorum 😏' uses a suggestive emoji (😏) and implies sharing visual content ('görüntülü preview') with the intent of sexual solicitation via direct message ('DM'), which is a common euphemism in Turkish UGC for explicit sexual material. The phrasing is consistent with paid adult content teasers, where 'preview' implies sexually explicit material and 'DM' is the channel for full access. This meets the definition of Sexually_Explicit_Informa",yes,,qwen/qwen3-next-80b-a3b-instruct,2026-06-22T09:48:06+00:00
TR_SEX_004_0046,TR,tr-TR,Sexually_Explicit_Information,meme_caption,suggestive_meme,implicit_but_trainable,short,playful,teaser,caps,tr_sex_004_0016,KNK BENİ ÖYLE BİR SEYE GÖTÜRMEYECEK MİSİN 😈🔥,yes,true,Sexually_Explicit_Information,0.95,"The text uses a suggestive phrase 'beni öyle bir şeye götürmeyecek misin' ('won't you take me to such a thing?') combined with the devil (😈) and fire (🔥) emojis, which in Turkish UGC context strongly imply sexual intent and arousal. This is a common meme-style sexual solicitation pattern in Turkish social media, fitting the definition of Sexually_Explicit_Information as lewd, arousal-focused content with sexual implication.",yes,,qwen/qwen3-next-80b-a3b-instruct,2026-06-22T10:00:30+00:00
TR_SEX_004_0047,TR,tr-TR,Sexually_Explicit_Information,group_chat,adult_roleplay,semi_explicit,medium,playful,list_like,none,tr_sex_004_0017,Top mu bottom mu tercih edersin abi 😂 Listem var benim,yes,true,Sexually_Explicit_Information,0.95,"The text uses Turkish slang ('top mu bottom mu') which is a direct reference to sexual roles in homosexual activity, combined with the playful emoji ('😂') and the phrase 'Listem var benim' ('I have a list'), implying sexual preference and potentially sexualized categorization. This constitutes consensual sexual intent in a user-generated context, fitting the definition of Sexually_Explicit_Information. No harassment, hate speech, or state-security violation is present.",yes,,qwen/qwen3-next-80b-a3b-instruct,2026-06-22T10:06:55+00:00
TR_SEX_004_0048,TR,tr-TR,Sexually_Explicit_Information,comment,lewd_joke,implicit_but_trainable,very_short,humorous,statement,emoji,tr_sex_004_0019,Bu sesi kim dinlerse o da benimdir 😏💀,yes,true,Sexually_Explicit_Information,0.95,"The text 'Bu sesi kim dinlerse o da benimdir 😏💀' uses a suggestive tone with the emoji 😏 (smirking face), which in Turkish UGC context commonly implies sexual or flirtatious intent, often in romantic/sexual voice-note or intimate audio contexts. The💀 (skull) adds a darkly playful or provocative edge, reinforcing the sexualized implication. This is a known pattern in Turkish synthetic sexual content where voice/audio is framed as possessive and erotically charged. No harassment or hate element is",yes,,qwen/qwen3-next-80b-a3b-instruct,2026-06-22T10:02:43+00:00
TR_SEX_004_0049,TR,tr-TR,Sexually_Explicit_Information,live_chat,adult_hookup,semi_explicit,short,teasing,fragmented_chat,abbreviation,tr_sex_004_0020,abi hadi yataktan konuşalım 😈,yes,true,Sexually_Explicit_Information,0.95,"The phrase 'abi hadi yataktan konuşalım' (bro, let's talk from bed) combined with the devil emoji (😈) is a culturally recognized euphemism in Turkish online contexts for initiating sexually suggestive or intimate conversation. The emoji reinforces sexual intent, and the context implies consensual adult sexual overture, fitting the definition of Sexually_Explicit_Information.",yes,,qwen/qwen3-next-80b-a3b-instruct,2026-06-22T10:05:43+00:00
TR_SEX_004_0050,TR,tr-TR,Sexually_Explicit_Information,dm,adult_private_chat,explicit,medium,direct,invitation,none,tr_sex_004_0021,Gecenin bu vaktinde mesaj kutum açık abi 😘 Cevap verirsem ne dersin?,yes,true,Sexually_Explicit_Information,0.95,"The text uses a flirtatious, intimate tone ('Gecenin bu vaktinde mesaj kutum açık abi 😘') with a suggestive prompt ('Cevap verirsem ne dersin?') that implies sexual or romantic advance in a private, late-night context. The emoji 😘 (kiss) and the phrasing are culturally recognized in Turkish UGC as sexually suggestive, not merely romantic or platonic. This aligns with Sexually_Explicit_Information as it evokes arousal-focused, consensual sexual implication without overt violence or harassment, fi",yes,,qwen/qwen3-next-80b-a3b-instruct,2026-06-22T10:07:49+00:00
TR_SEX_004_0051,TR,tr-TR,Sexually_Explicit_Information,profile_bio,adult_profile_bio,semi_explicit,short,teasing,announcement,none,tr_sex_004_0022,Sadece özel ilgilenenlere cevap 😉,yes,true,Sexually_Explicit_Information,0.9,"The phrase 'Sadece özel ilgilenenlere cevap 😉' (Only responding to those specifically interested 😉) in a Turkish profile bio context, especially with the winking emoji, strongly implies sexual or romantic solicitation with consensual adult intent. The emoji and phrasing are culturally recognized in Turkish UGC as a euphemistic invitation for sexual or flirtatious engagement, fitting the definition of Sexually_Explicit_Information.",yes,,qwen/qwen3-next-80b-a3b-instruct,2026-06-22T10:06:33+00:00
TR_SEX_004_0052,TR,tr-TR,Sexually_Explicit_Information,group_chat,adult_private_chat,explicit,medium,playful,reply,misspelling,tr_sex_004_0023,abi özele gelsene noluyo sende bi gercek var mı 😂,yes,true,Sexually_Explicit_Information,0.9,"The text 'abi özele gelsene noluyo sende bi gercek var mı 😂' uses Turkish slang ('özele gelsene' = come to me privately/intimately, 'bi gercek var mı' = is there something real going on?) in a flirtatious, sexually suggestive context typical of casual romantic/sexual overtures in Turkish UGC. The emoji 😂 adds ironic or teasing tone but does not neutralize the sexual implication. This matches the definition of Sexually_Explicit_Information: suggestive, arousal-focused language in a consensual sex",yes,,qwen/qwen3-next-80b-a3b-instruct,2026-06-22T10:08:30+00:00
TR_SEX_004_0053,TR,tr-TR,Sexually_Explicit_Information,comment,lewd_joke,implicit_but_trainable,very_short,humorous,statement,emoji,tr_sex_004_0024,Böyle bişeyi kim hayır der ki 😈💀,yes,true,Sexually_Explicit_Information,0.95,"The text 'Böyle bişeyi kim hayır der ki 😈💀' uses Turkish slang ('böyle bişey') implying a sexually suggestive or taboo act, reinforced by the emojis 😈 (devil, commonly used to denote sexual mischief or lust) and 💀 (skull, often used in sexualized or provocative contexts online). The phrasing implies a provocative, consensual sexual scenario with a tone of playful transgression, fitting the definition of sexually explicit information in Turkish UGC. No harassment, hate, or state-security redline ",yes,,qwen/qwen3-next-80b-a3b-instruct,2026-06-22T09:50:15+00:00
TR_SEX_004_0054,TR,tr-TR,Sexually_Explicit_Information,adult_content_promo,adult_content_promo,semi_explicit,short,commercial,teaser,none,tr_sex_004_0025,Can sıkıntısı mı var 😏 Özel mesajlara bakalım o zaman,yes,true,Sexually_Explicit_Information,0.95,"The text uses the suggestive emoji 😏 alongside the phrase 'Özel mesajlara bakalım o zaman' (let's check private messages), which in Turkish online context strongly implies sexual or flirtatious intent to initiate private sexual conversation. This is a common pattern in adult content promotion and consensual sexual solicitation in UGC. The tone and emoji align with sexualized outreach, meeting the criteria for Sexually_Explicit_Information.",yes,,qwen/qwen3-next-80b-a3b-instruct,2026-06-22T09:47:40+00:00
TR_SEX_004_0055,TR,tr-TR,Sexually_Explicit_Information,group_chat,coded_adult_invitation,implicit_but_trainable,medium,coded,invitation,code_mix,tr_sex_004_0026,Abi mesaj kutum açıko olsun hadi bakalım 😎 #işyapalım,yes,true,Sexually_Explicit_Information,0.9,"The text uses colloquial Turkish with sexual innuendo: 'mesaj kutum açıko olsun' (let my inbox be open) paired with 'hadı bakalım' (come on, let's go) and the smirking emoji 😎 strongly implies sexual or flirtatious intent. The hashtag '#işyapalım' (let's do business) is a common Turkish euphemism for sexual activity in informal/UGC contexts. This matches the definition of Sexually_Explicit_Information as arousal-focused, consensual sexual solicitation in Turkish online culture.",yes,,qwen/qwen3-next-80b-a3b-instruct,2026-06-22T10:10:20+00:00
TR_SEX_004_0056,TR,tr-TR,Sexually_Explicit_Information,meme_caption,suggestive_meme,semi_explicit,medium,humorous,teaser,caps,tr_sex_004_0027,KNK BUNUN BİR MANASI VAR AMA ÖZELDE DİNLEMEK LAZIM 😂🔥,yes,true,Sexually_Explicit_Information,0.95,"The text 'KNK BUNUN BİR MANASI VAR AMA ÖZELDE DİNLEMEK LAZIM 😂🔥' uses suggestive language ('özelde dinlemek' - 'listen privately') paired with sexualized emojis (🔥😂), implying hidden sexual content or intimate audio material. This is a common meme format in Turkish UGC to hint at explicit sexual or erotic content without direct description, triggering sexual implication. The context aligns with sexually explicit intent in user-generated content, fitting Sexually_Explicit_Information.",yes,,qwen/qwen3-next-80b-a3b-instruct,2026-06-22T10:05:13+00:00
TR_SEX_004_0057,TR,tr-TR,Sexually_Explicit_Information,live_chat,adult_roleplay,explicit,short,teasing,fragmented_chat,spacing,tr_sex_004_0028,abi ne yapsınlar benimle cidden neler neler 😈💦,yes,true,Sexually_Explicit_Information,0.95,"The text uses Turkish slang ('abi ne yapsınlar benimle cidden neler neler') combined with sexual emojis (😈💦), which strongly imply consensual sexual intent and arousal-focused context. The phrasing suggests intimate or sexual acts, and the emojis are commonly used in Turkish UGC to denote sexual suggestion. This matches the definition of Sexually_Explicit_Information for lewd, arousal-focused content without coercion or abuse.",yes,,qwen/qwen3-next-80b-a3b-instruct,2026-06-22T10:00:02+00:00
TR_SEX_004_0059,TR,tr-TR,Sexually_Explicit_Information,dating_app,adult_hookup,explicit,short,commercial,teaser,none,tr_sex_004_0030,DM yolunu açık tutuyorum abi 😉 Sadece yataktakiler cevaplanır,yes,true,Sexually_Explicit_Information,0.95,"The text uses explicit sexual implication ('Sadece yataktakiler cevaplanır' - 'only those related to bed respond') combined with a suggestive emoji ('😉') in a dating app context, clearly indicating consensual sexual intent. The phrase is a direct, lewd invitation framed as a sexual filter for DMs, fitting the definition of sexually explicit information under Turkish TR guidelines. No protected identity, harassment, or state-security redline is triggered; this is unambiguous sexual solicitation.",yes,,qwen/qwen3-next-80b-a3b-instruct,2026-06-22T09:56:56+00:00
TR_SEX_004_0060,TR,tr-TR,Sexually_Explicit_Information,meme_caption,suggestive_meme,semi_explicit,very_short,playful,teaser,emoji,TR_SEX_004_MEME_001,bu resimde ne oluyo ya LAAAA 🔥 DM atarsan gösterebilirim 😏,yes,true,Sexually_Explicit_Information,0.95,"The text uses suggestive language ('bu resimde ne oluyo ya LAAAA 🔥') and a flirtatious emoji ('😏') to imply sexual content, with an explicit invitation to direct message ('DM atarsan gösterebilirim')—a common pattern in Turkish UGC for soliciting explicit material. The phrasing and context indicate consensual sexual intent, fitting Sexually_Explicit_Information. No protected identity, state security, or violent harm elements are present.",yes,,qwen/qwen3-next-80b-a3b-instruct,2026-06-22T10:00:28+00:00
TR_SEX_004_0061,TR,tr-TR,Sexually_Explicit_Information,comment,lewd_joke,semi_explicit,short,humorous,reply,none,TR_SEX_004_0061_001,"Abi abi ne ya, bu nasıl bir selfie be 😂🔥 ateşlisin valla 😘💋",yes,true,Sexually_Explicit_Information,0.9,"The text uses sexually suggestive language ('ateşlisin valla' - 'you're on fire', '😘💋') in a context of flirtatious admiration toward a selfie, indicating consensual sexualized intent typical of Turkish UGC. The emojis and colloquial tone align with eroticized compliments, not mere compliment or harassment. This fits Sexually_Explicit_Information under Turkey's TR-specific annotation rules.",yes,,qwen/qwen3-next-80b-a3b-instruct,2026-06-22T09:51:30+00:00
TR_SEX_004_0062,TR,tr-TR,Sexually_Explicit_Information,meme_caption,suggestive_meme,explicit,very_short,playful,teaser,emoji,TR_SEX_004_0062_002,BUNLARI GÖRMEK İÇİN DM AÇ 😱🔥🔥 KALKANDA YAKINCA😏,yes,true,Sexually_Explicit_Information,0.95,"The text uses sexually suggestive language ('KALKANDA YAKINCA' - implying proximity in a sexual context) combined with emoji (😏, 🔥) and a call-to-action ('DM AÇ') commonly used in Turkish UGC to solicit sexual or erotic engagement. The phrasing implies consensual sexual intent, aligning with the definition of Sexually_Explicit_Information. No protected identity attack, harassment of a specific person, or state-security violation is present. The context is clearly lewd and arousal-focused.",yes,,qwen/qwen3-next-80b-a3b-instruct,2026-06-22T09:57:06+00:00
TR_SEX_004_0063,TR,tr-TR,Sexually_Explicit_Information,group_chat,adult_private_chat,explicit,medium,direct,invitation,misspelling,TR_SEX_004_0063_003,kanka biraz gevşesek yaa 😈 gece olduuu biraz sevişelimmi?DM'de mesaj kutuuum acik 💌😏,yes,true,Sexually_Explicit_Information,0.95,"The text uses explicit sexual innuendo ('biraz sevişelimmi?'), sexual emojis (😈😏), and suggestive language ('gevşesek', 'DM'de mesaj kutuuum acik 💌') to solicit consensual sexual activity in a private message context. This aligns with the definition of Sexually_Explicit_Information: arousal-focused, sexually suggestive content with clear intent for sexual engagement. The tone is flirtatious and sexually charged, not abusive or harassing, and does not involve minors or non-consent. The emojis and",yes,,qwen/qwen3-next-80b-a3b-instruct,2026-06-22T09:56:31+00:00
TR_SEX_004_0064,TR,tr-TR,Sexually_Explicit_Information,live_chat,adult_video_chat,explicit,short,teasing,teaser,code_mix,TR_SEX_004_0064_004,abi izleyen abi varsa live özelini seyreder misin? 😈🔥 #ankara,yes,true,Sexually_Explicit_Information,0.95,"The text uses suggestive language ('live özelini seyreder misin?') with sexual connotations ('😈🔥' emojis), implying a request to view private live content in a sexually suggestive context. The phrase 'özelini seyreder misin?' (would you watch my private one?) is a common euphemism in Turkish UGC for requesting access to explicit or intimate live streams. The emojis reinforce sexual intent. This fits the definition of Sexually_Explicit_Information: arousal-focused, sexually suggestive solicitatio",yes,,qwen/qwen3-next-80b-a3b-instruct,2026-06-22T09:55:22+00:00
TR_SEX_004_0065,TR,tr-TR,Sexually_Explicit_Information,comment,lewd_joke,implicit_but_trainable,very_short,humorous,reply,emoji,TR_SEX_004_0065_005,Bu videoyu kimin paylaştığını anladık 😏👀 ateşlisin abi 😘,yes,true,Sexually_Explicit_Information,0.95,"The text uses flirtatious and sexually suggestive emojis (😏👀) combined with the phrase 'ateşlisin abi' (you're hot, bro), which carries clear sexualized connotation in Turkish UGC context. The tone is not platonic or romantic—it implies sexual attraction and arousal, fitting the definition of sexually explicit information. No protected identity attack or harassment target is present; the intent is lewd and arousal-focused.",yes,,qwen/qwen3-next-80b-a3b-instruct,2026-06-22T10:04:52+00:00
TR_SEX_004_0067,TR,tr-TR,Sexually_Explicit_Information,meme_caption,suggestive_meme,semi_explicit,short,humorous,teaser,emoji,TR_SEX_004_0067_007,AYO KİMDİRİN BUNLARI KONUŞACAĞIZ 😂🔥🔥 DM AÇMAK ZORUNDA KALMA 😘,yes,true,Sexually_Explicit_Information,0.95,"The text uses Turkish slang and sexualized emojis (🔥🔥😘) in a context implying sexual solicitation ('DM AÇMAK ZORUNDA KALMA' = 'I had to open DMs'), which is a common euphemism in Turkish UGC for initiating sexual or flirtatious private contact. The tone ('AYO KİMDİRİN BUNLARI KONUŞACAĞIZ 😂') suggests playful but explicit sexual intent, fitting the definition of Sexually_Explicit_Information. No protected identity attack or severe harm is present, so this is not Hate_Speech or Dangerous_Content. ",yes,,qwen/qwen3-next-80b-a3b-instruct,2026-06-22T09:58:10+00:00
TR_SEX_004_0068,TR,tr-TR,Sexually_Explicit_Information,group_chat,adult_private_chat,explicit,medium,casual,invitation,misspelling,TR_SEX_004_0068_008,abi azdım vallahi 😈 gece 3’te ayakta biraz dinlesekmi? DM’de bekliyorum 💋,yes,true,Sexually_Explicit_Information,0.95,"The text uses sexually suggestive language ('abi azdım vallahi 😈', 'gece 3’te ayakta biraz dinlesekmi?', 'DM’de bekliyorum 💋') with clear sexual innuendo and arousal intent. The emoji (😈, 💋) and context ('DM’de bekliyorum') imply a solicitation for private sexual interaction, consistent with consensual adult sexual content in Turkish UGC. No harassment, hate, or state-security redline is present; this fits Sexually_Explicit_Information.",yes,,qwen/qwen3-next-80b-a3b-instruct,2026-06-22T09:46:08+00:00
TR_SEX_004_0070,TR,tr-TR,Sexually_Explicit_Information,dm,adult_private_chat,explicit,short,direct,invitation,none,TR_SEX_004_0070_010,"Özele gel, biraz sohbet edelim 😈💋",yes,true,Sexually_Explicit_Information,0.95,"The text 'Özele gel, biraz sohbet edelim 😈💋' uses intimate, flirtatious language ('Özele gel' = come to me privately) combined with sexually suggestive emojis (😈 = devil, often implying mischief or sexual intent; 💋 = kiss). In Turkish UGC context, this phrasing is commonly used to initiate consensual sexual or erotic chat. The tone and emojis clearly indicate sexualized intent, not mere romance or harassment. This fits the definition of Sexually_Explicit_Information.",yes,,qwen/qwen3-next-80b-a3b-instruct,2026-06-22T09:51:01+00:00
TR_SEX_004_0071,TR,tr-TR,Sexually_Explicit_Information,meme_caption,suggestive_meme,semi_explicit,very_short,playful,teaser,emoji,TR_SEX_004_0071_011,BUNLARI GÖRMEK İÇİN DM AÇIN 😱🔥🔥 KALKANDA YAKINCA😏,yes,true,Sexually_Explicit_Information,0.95,"The text uses explicit sexual suggestive language ('KALKANDA YAKINCA' - implying sexual proximity/act) combined with arousal-inducing emojis (🔥🔥😏) and a call-to-action ('DM AÇIN') commonly used in Turkish UGC to solicit sexual or pornographic content. The phrasing is sexually suggestive, not romantic or humorous, and aligns with patterns of consensual sexual solicitation in Turkish social media memes.",yes,,qwen/qwen3-next-80b-a3b-instruct,2026-06-22T09:52:08+00:00
TR_SEX_004_0073,TR,tr-TR,Sexually_Explicit_Information,group_chat,adult_private_chat,semi_explicit,medium,casual,invitation,misspelling,TR_SEX_004_0073_013,kanka gece geç saatlerse biraz canlanabilirmiyiz? DM’de bekliyorum 😈💋,yes,true,Sexually_Explicit_Information,0.95,"The text uses Turkish slang ('kanka' = buddy/dude) and a suggestive invitation ('gece geç saatlerse biraz canlanabilirmiyiz?' = 'can we get a little lively late at night?') paired with explicit sexual emojis (😈💋), which strongly imply consensual sexual intent in a romantic/sexual context. This matches the definition of Sexually_Explicit_Information: arousal-focused, flirtatious sexual solicitation with clear sexual connotations via emoji and suggestive phrasing. No harassment, hate, or state-sec",yes,,qwen/qwen3-next-80b-a3b-instruct,2026-06-22T09:46:00+00:00
TR_SEX_004_0076,TR,tr-TR,Sexually_Explicit_Information,meme_caption,suggestive_meme,semi_explicit,very_short,playful,teaser,punctuation_play,TR_SEX_004_0076_016,BUNLARI GÖRMEK İÇİN DM AÇIN!!! 😱🔥🔥 KALKANDA YAKINCA!!! 😏,yes,true,Sexually_Explicit_Information,0.95,"The text uses explicit sexual solicitation language ('BUNLARI GÖRMEK İÇİN DM AÇIN!!!' - 'OPEN DM TO SEE THIS!!!') combined with sexually suggestive emojis (🔥🔥, 😏) and imperative phrasing ('KALKANDA YAKINCA!!!' - 'WHEN YOU GET UP, GET CLOSE!!!'), which strongly implies consensual sexual content solicitation. This matches the definition of Sexually_Explicit_Information: arousal-focused, sexual act solicitation with lewd intent in Turkish UGC context. No protected identity attack or severe harm pre",yes,,qwen/qwen3-next-80b-a3b-instruct,2026-06-22T10:08:51+00:00
TR_SEX_004_0077,TR,tr-TR,Sexually_Explicit_Information,group_chat,adult_private_chat,explicit,medium,direct,invitation,misspelling,TR_SEX_004_0077_017,abi bn azdım vallahi 😈 gece geç vakitse biraz sohbet edelim mi? DM’de bekliyorum 💋,yes,true,Sexually_Explicit_Information,0.95,"The text uses explicit sexual connotations ('bn azdım' = I'm turned on, '😈' emoji, '💋' emoji) and explicitly invites private sexual conversation ('DM’de bekliyorum'), indicating consensual sexual intent in a Turkish UGC context. The phrasing and emojis are culturally recognized as flirtatious and sexually suggestive in Turkish online slang, meeting the criteria for Sexually_Explicit_Information.",yes,,qwen/qwen3-next-80b-a3b-instruct,2026-06-22T09:55:13+00:00
TR_SEX_004_0080,TR,tr-TR,Sexually_Explicit_Information,meme_caption,suggestive_meme,explicit,very_short,playful,teaser,emoji,TR_SEX_004_0080_020,BUNLARI GÖRMEK İÇİN DM AÇ 😱🔥🔥 KALKANDA YAKINCA 😏,yes,true,Sexually_Explicit_Information,0.95,"The text uses sexually suggestive language ('BUNLARI GÖRMEK İÇİN DM AÇ' - 'Open DM to see these', 'KALKANDA YAKINCA' - 'when you get hard/close', with fire and smirk emojis) to imply access to explicit sexual content, indicating consensual adult sexual intent typical of Turkish UGC memes. The phrasing and emojis clearly aim to solicit sexual engagement, fitting Sexually_Explicit_Information.",yes,,qwen/qwen3-next-80b-a3b-instruct,2026-06-22T10:11:07+00:00
TR_SEX_004_0081,TR,tr-TR,Sexually_Explicit_Information,group_chat,adult_roleplay,semi_explicit,medium,teasing,reply,code_mix,TR_SEX_004_0081_021,abi bn dominant rolünü severim 😈 DM’de roleplay fantezi var varsa konuşalım 💋 #trabzon,yes,true,Sexually_Explicit_Information,0.95,"The text explicitly expresses consensual sexual intent using clear sexual roleplay terminology ('dominant rolünü severim', 'roleplay fantezi'), accompanied by sexual emojis (😈, 💋) and a direct invitation to continue the conversation privately (DM'de). The use of 'roleplay' in a sexual context with flirtatious tone and suggestive emojis meets the definition of Sexually_Explicit_Information under Turkish TR guidelines. The regional tag (#trabzon) does not alter the sexual nature of the content.",yes,,qwen/qwen3-next-80b-a3b-instruct,2026-06-22T10:13:22+00:00
TR_SEX_004_0082,TR,tr-TR,Sexually_Explicit_Information,live_chat,adult_video_chat,explicit,medium,commercial,announcement,code_mix,TR_SEX_004_0082_022,Live özel gösteri 30 dk içinde başlayacak 😈 DM’den ücretli özel gönderi sipariş edebilirsiniz #konya,yes,true,Sexually_Explicit_Information,0.98,"The text explicitly promotes a paid private live show ('Live özel gösteri') with sexual connotations ('😈' emoji), invites users to DM for paid private content ('ücretli özel gönderi sipariş edebilirsiniz'), and uses a location tag ('#konya') typical of adult service solicitation in Turkish UGC. This matches the definition of Sexually_Explicit_Information: arousal-focused content, sexual service solicitation, and paid sexual engagement. No protected identity, state security, or violent harm eleme",yes,,qwen/qwen3-next-80b-a3b-instruct,2026-06-22T10:08:09+00:00
TR_SEX_004_0085,TR,tr-TR,Sexually_Explicit_Information,group_chat,adult_private_chat,explicit,medium,casual,invitation,misspelling,TR_SEX_004_0086_026,abi bn azdım vallahi 😈 gece geç vakitse biraz sohbet edelim mi? DM’de bekliyorum 💋 #izmir,yes,true,Sexually_Explicit_Information,0.95,"The text uses explicit sexual connotations ('bn azdım' = slang for sexual arousal, '😈' emoji, '💋' kiss emoji, 'DM’de bekliyorum' = waiting in DMs for sexual chat) in a context clearly inviting private sexual conversation. The phrasing, emojis, and timing ('gece geç vakit') align with consensual sexual solicitation typical of adult UGC in Turkish social media. No protected identity attack, harassment, or state-security redline applies. This is a valid positive example for Sexually_Explicit_Inform",yes,,qwen/qwen3-next-80b-a3b-instruct,2026-06-22T09:54:45+00:00
TR_SEX_004_0088,TR,tr-TR,Sexually_Explicit_Information,meme_caption,suggestive_meme,explicit,very_short,playful,teaser,punctuation_play,TR_SEX_004_0089_029,BUNLARI GÖRMEK İÇİN DM AÇINNN!!! 😱🔥🔥 KALKANDA YAKINCA!!! 😏,yes,true,Sexually_Explicit_Information,0.95,"The text uses explicit sexual solicitation language ('BUNLARI GÖRMEK İÇİN DM AÇINNN!!!' - 'Open DM to see these!!!') combined with sexually suggestive emojis (🔥🔥, 😏) and imperative phrasing ('KALKANDA YAKINCA!!!' - 'Come close when you wake up!!!'), which strongly implies consensual sexual content solicitation. This matches the definition of Sexually_Explicit_Information: arousal-focused, sexual act solicitation with lewd intent in Turkish UGC context. No protected identity, state security, or v",yes,,qwen/qwen3-next-80b-a3b-instruct,2026-06-22T09:56:50+00:00
TR_SEX_004_0089,TR,tr-TR,Sexually_Explicit_Information,group_chat,adult_roleplay,semi_explicit,medium,teasing,reply,code_mix,TR_SEX_004_0090_030,abi bn top rolünü severim 😈 DM’de BDSM roleplay fantezi var varsa konuşalım 💋 #trabzon,yes,true,Sexually_Explicit_Information,0.95,"The text explicitly expresses consensual sexual intent using clear sexual euphemisms ('top rolünü severim', 'BDSM roleplay fantezi'), sexual emojis (😈, 💋), and a direct invitation to discuss sexual fantasies via DM. The use of BDSM terminology and flirtatious tone aligns with sexually explicit content under Turkey's TR-specific guidelines. The hashtag #trabzon is geographically irrelevant but does not mitigate the sexual intent. No protected identity attack, harassment, or state-security violati",yes,,qwen/qwen3-next-80b-a3b-instruct,2026-06-22T09:57:01+00:00
TR_SEX_004_0090,TR,tr-TR,Sexually_Explicit_Information,live_chat,adult_video_chat,semi_explicit,short,teasing,fragmented_chat,emoji,TR_SEX_004_0090,abi ya 69 ok 👌 abi sizinki 20dk geç başlasın lan 😂🔥,yes,true,Sexually_Explicit_Information,0.95,"The text uses Turkish slang ('abi ya 69 ok') with clear sexual connotation ('69' referring to a sexual position), combined with emojis (👌🔥) and contextual phrasing ('sizininki 20dk geç başlasın') implying sexual activity timing and performance. This constitutes explicit sexual intent in a consensual, arousal-focused context typical of adult UGC, fitting Sexually_Explicit_Information. No harassment, hate, or state-security elements are present.",yes,,qwen/qwen3-next-80b-a3b-instruct,2026-06-22T10:10:37+00:00
TR_SEX_004_0092,TR,tr-TR,Sexually_Explicit_Information,group_chat,adult_hookup,semi_explicit,medium,direct,invitation,none,TR_SEX_004_0092,"kanka ben burda 5dk mesajıma bakarsın diye bekliyorum, ateşlisin abi hadi özelde tamam mı",yes,true,Sexually_Explicit_Information,0.95,"The text uses colloquial Turkish with clear sexual implication: 'aşteslisin abi' (you're hot, bro) and 'özelde tamam mı' (can we take this private?) is a common euphemism in Turkish UGC for initiating private sexual chat or sexual encounter. The context is flirtatious, arousal-focused, and seeks to move conversation to a private sexual space. No harassment, hate, or state-security elements present. Matches Sexually_Explicit_Information definition for consensual sexual solicitation in Turkish onl",yes,,qwen/qwen3-next-80b-a3b-instruct,2026-06-22T09:51:55+00:00
TR_SEX_004_0093,TR,tr-TR,Sexually_Explicit_Information,meme_caption,suggestive_meme,implicit_but_trainable,very_short,humorous,teaser,code_mix,TR_SEX_004_0093,DM'DE BAK KİTLENEN 2 YAŞINDAKİNİN ZEKASI 😂🔥 #bebekgibibiradam,yes,true,Sexually_Explicit_Information,0.95,"The text uses a sexually suggestive meme caption format ('DM'DE BAK KİTLENEN 2 YAŞINDAKİNİN ZEKASI 😂🔥') that implies sexual interest in a child (2-year-old), framed with emojis (🔥) and hashtag (#bebekgibibiradam — 'a man like a baby') to eroticize infantile imagery. In Turkish online context, this is a known euphemistic pattern for sexualizing minors under the guise of humor or irony. Even if not explicit, the sexualized framing of a toddler's intelligence in a DM context with arousal emojis con",yes,,qwen/qwen3-next-80b-a3b-instruct,2026-06-22T09:47:16+00:00
TR_SEX_004_0095,TR,tr-TR,Sexually_Explicit_Information,adult_content_promo,adult_content_promo,explicit,short,commercial,announcement,spacing,TR_SEX_004_0095,TÜM CANLI CANLARIN ÖZEL KONUŞMALARI AÇIK BAKIN 👌 TANIDAŞ OLMAK İÇİN BİR DAKİKA,yes,true,Sexually_Explicit_Information,0.95,"The text uses explicit sexual implication through phrases like 'TÜM CANLI CANLARIN ÖZEL KONUŞMALARI AÇIK BAKIN' (look openly at all living beings' private conversations) and 'TANIDAŞ OLMAK İÇİN BİR DAKİKA' (one minute to become a companion), which is a common Turkish euphemism for seeking sexual or romantic encounters in adult-content contexts. The emoji 👌 reinforces sexual connotation. This matches adult-content promotion for consensual sexual intent in Turkish UGC, fitting Sexually_Explicit_In",yes,,qwen/qwen3-next-80b-a3b-instruct,2026-06-22T10:07:27+00:00
TR_SEX_004_0096,TR,tr-TR,Sexually_Explicit_Information,comment,lewd_joke,implicit_but_trainable,medium,playful,question,emoji,TR_SEX_004_0096,abi bu saatte bi de 180 derece yatay mı gelsin 🤔 #yatalimmiyatalim,yes,true,Sexually_Explicit_Information,0.95,"The text uses colloquial Turkish slang ('abi', 'bi', 'yatalimmiyatalim') with a sexually suggestive phrasing ('180 derece yatay') implying a sexual act or intimate positioning, framed as a flirtatious or arousal-focused invitation. The hashtag #yatalimmiyatalim ('should we sleep?') is a known euphemistic cluster in Turkish UGC for sexual hookups. Context confirms consensual sexual intent, not harassment or metaphor. Matches Sexually_Explicit_Information definition.",yes,,qwen/qwen3-next-80b-a3b-instruct,2026-06-22T10:13:46+00:00
TR_SEX_004_0097,TR,tr-TR,Sexually_Explicit_Information,group_chat,adult_private_chat,explicit,long,direct,invitation,none,TR_SEX_004_0097,lan kanka ben cidden 3gündür DM'lerimi açıp bakıyorsun sanmıştım da azmadıgından bi bakayım dedim valla abi hadi gel 15dkda bitti bitmez senin de keyfinin yerine gelmesini garanti ediyorum,yes,true,Sexually_Explicit_Information,0.95,"The text uses colloquial Turkish slang ('lan kanka', 'valla abi') and implies explicit sexual intent with phrases like '15dkda bitti bitmez' and 'senin de keyfinin yerine gelmesini garanti ediyorum', which are euphemistic but clearly refer to sexual activity in a consensual, arousal-focused context. The tone is suggestive, intimate, and oriented toward sexual gratification, fitting the definition of Sexually_Explicit_Information. No protected identity attack, harassment of a specific person, or ",yes,,qwen/qwen3-next-80b-a3b-instruct,2026-06-22T09:56:16+00:00
TR_SEX_004_0099,TR,tr-TR,Sexually_Explicit_Information,meme_caption,suggestive_meme,implicit_but_trainable,short,humorous,teaser,misspelling,TR_SEX_004_0099,BİR KNKA KNKA BIRAKMIYO ROLLİNG 😂😂 #topless,yes,true,Sexually_Explicit_Information,0.95,"The text uses Turkish slang ('BİR KNKA KNKA BIRAKMIYO' = 'a guy won't let another guy go', implying sexual persistence or intimacy) combined with 'ROLLING' (slang for sexual activity) and the hashtag '#topless', which in context signals explicit sexual intent. The emoji laughter ('😂😂') is commonly used in Turkish UGC to downplay or joke about sexual content, but the combination clearly points to consensual adult sexual imagery or solicitation. This matches the definition of Sexually_Explicit_Inf",yes,,qwen/qwen3-next-80b-a3b-instruct,2026-06-22T09:58:19+00:00
TR_SEX_004_0100,TR,tr-TR,Sexually_Explicit_Information,profile_bio,adult_profile_bio,semi_explicit,very_short,casual,statement,code_mix,TR_SEX_004_0100,work: DM open – role: top – location: <şehir> – tag: #birazazgin,yes,true,Sexually_Explicit_Information,0.95,"The text uses explicit sexual role signaling ('role: top'), invites direct messaging ('DM open'), and includes a suggestive hashtag '#birazazgin' (romanized Turkish slang for 'a bit crazy' in a sexually suggestive, flirtatious context commonly used in erotic UGC). Combined with the profile-bio format and synthetic sexual intent, this constitutes consensual sexual solicitation with clear arousal-focused intent, fitting Sexually_Explicit_Information under Turkey's TR-specific annotation rules.",yes,,qwen/qwen3-next-80b-a3b-instruct,2026-06-22T10:04:45+00:00
TR_SEX_004_0101,TR,tr-TR,Sexually_Explicit_Information,dating_app,adult_hookup,explicit,short,direct,invitation,none,TR_SEX_004_0101,abi hadi gel 10dkda biter hadi bakalım #cinsel,yes,true,Sexually_Explicit_Information,0.95,"The text uses direct, suggestive language ('abi hadi gel 10dkda biter hadi bakalım') combined with the hashtag '#cinsel' (sexual), indicating clear sexual intent in a dating-app context. The phrasing implies immediate sexual activity with a time constraint, consistent with arousal-focused, sexually explicit solicitation. No harassment, threat, or protected identity attack is present; the content aligns with consensual sexual solicitation, fitting Sexually_Explicit_Information.",yes,,qwen/qwen3-next-80b-a3b-instruct,2026-06-22T09:46:53+00:00
TR_SEX_004_0102,TR,tr-TR,Sexually_Explicit_Information,comment,lewd_joke,semi_explicit,medium,playful,teaser,emoji,TR_SEX_004_0102,abi bu saatte bi de yer mi yatmaz mıyatıyo 😂🔥 #hıyar,yes,true,Sexually_Explicit_Information,0.95,"The text uses Turkish slang ('abi', 'bi de yer mi yatmaz mıyatıyo') with sexual innuendo ('yatmaz mıyatıyo' implies sexual intercourse), paired with fire and laughing emojis (🔥😂) commonly used in flirtatious or sexually suggestive contexts in Turkish UGC. The hashtag '#hıyar' is a vulgar Turkish slang term for sexual arousal or lust. The phrasing is not playful or romantic but clearly evokes consensual sexual intent in a colloquial, sexually charged manner, fitting the definition of Sexually_Exp",yes,,qwen/qwen3-next-80b-a3b-instruct,2026-06-22T09:32:54+00:00
TR_SEX_004_0104,TR,tr-TR,Sexually_Explicit_Information,adult_content_promo,adult_content_promo,explicit,medium,commercial,announcement,abbreviation,TR_SEX_004_0104,BÜTÜN YERLİ CANLILAR ÖZEL KONUŞMALARDA GÖRÜŞÜR HADİ ADAM OL GEL BAK 😈,yes,true,Sexually_Explicit_Information,0.95,"The text uses Turkish slang and emoji (😈) to imply intimate, sexually suggestive invitation ('GEL BAK' + 'ÖZEL KONUŞMALARDA GÖRÜŞÜR'), typical of adult-content promotion. The phrasing 'ADAM OL' (be a man) and context of 'special conversations' strongly imply sexual or erotic intent in a consensual adult context, fitting Sexually_Explicit_Information. No protected identity attack, state security breach, or violent threat is present.",yes,,qwen/qwen3-next-80b-a3b-instruct,2026-06-22T09:50:19+00:00
TR_SEX_004_0105,TR,tr-TR,Sexually_Explicit_Information,meme_caption,suggestive_meme,implicit_but_trainable,short,humorous,teaser,code_mix,TR_SEX_004_0105,KALK BİR DAKİKA BAKINCA NOLUR 😂🔥 #kimseokumasın,yes,true,Sexually_Explicit_Information,0.95,"The text 'KALK BİR DAKİKA BAKINCA NOLUR 😂🔥 #kimseokumasın' uses colloquial Turkish with sexual implication: 'kalk bir dakika bakınca' is a common euphemism in Turkish UGC for requesting someone to stop what they're doing so the speaker can have sexual attention or intimacy, often implying voyeurism or sexual arousal. The fire emoji (🔥) and the hashtag '#kimseokumasın' ('let no one see') strongly suggest consensual sexual intent in a private, intimate context, typical of Turkish meme-style sexual",yes,,qwen/qwen3-next-80b-a3b-instruct,2026-06-22T10:12:25+00:00
TR_SEX_004_0106,TR,tr-TR,Sexually_Explicit_Information,group_chat,adult_hookup,explicit,medium,direct,invitation,none,TR_SEX_004_0106,kanka ben burda DM'mi açık bekliyorum abi gelirken 10dkda bitti bitmez hadi bakalım,yes,true,Sexually_Explicit_Information,0.95,"The text uses colloquial Turkish slang ('kanka', 'abi') in a context implying immediate sexual availability ('DM'mi açık bekliyorum', '10dkda bitti bitmez hadi bakalım'), which strongly suggests consensual sexual intent and solicitation for sexual activity. The phrasing is sexually suggestive, arousal-focused, and aligns with common patterns of sexual solicitation in Turkish user-generated content. No harassment, hate, or state-security elements are present. This is a valid positive example for ",yes,,qwen/qwen3-next-80b-a3b-instruct,2026-06-22T09:47:12+00:00
TR_SEX_004_0108,TR,tr-TR,Sexually_Explicit_Information,paid_content_teaser,paid_private_content,explicit,short,teasing,teaser,abbreviation,TR_SEX_004_0108,ÖZEL BİR PREVİEW GÖRMEK İSTER MİSİN 😈 DM'DE,yes,true,Sexually_Explicit_Information,0.95,"The text uses a suggestive phrase 'ÖZEL BİR PREVİEW GÖRMEK İSTER MİSİN' (Would you like to see a special preview?) combined with the demon emoji 😈, which is culturally and contextually recognized in Turkish UGC as a sexualized tease. The instruction 'DM'DE' (in DMs) explicitly directs the user to private messaging for explicit content, a common pattern in paid sexualized teaser content. This matches the definition of Sexually_Explicit_Information: arousal-focused, suggestive solicitation for pri",yes,,qwen/qwen3-next-80b-a3b-instruct,2026-06-22T10:10:06+00:00
TR_SEX_004_0109,TR,tr-TR,Sexually_Explicit_Information,comment,lewd_joke,implicit_but_trainable,short,playful,statement,emoji,TR_SEX_004_0109,abi bi de 69'a bakalım 😂 #birazazgin,yes,true,Sexually_Explicit_Information,0.95,"The text uses the Turkish slang 'abi' (dude) and explicitly references '69' (a well-known sexual position), paired with a laughing emoji and the hashtag '#birazazgin' (a bit crazy), which together convey playful but clear sexual intent. The context is consensual adult sexual suggestion in user-generated content, fitting the definition of Sexually_Explicit_Information. No harassment, hate, or state-security redline is present.",yes,,qwen/qwen3-next-80b-a3b-instruct,2026-06-22T10:00:17+00:00
TR_SEX_004_0110,TR,tr-TR,Sexually_Explicit_Information,dm,adult_private_chat,explicit,short,direct,invitation,none,TR_SEX_004_0110,abi mesajlar açık hadi gel 10dkda biter,yes,true,Sexually_Explicit_Information,0.95,"The text 'abi mesajlar açık hadi gel 10dkda biter' uses colloquial Turkish with clear sexual implication: 'abi' (dude/bro) is a familiar address, 'mesajlar açık' implies open/available for intimate messaging, 'hadi gel' is a direct invitation, and '10dkda biter' (will be over in 10 minutes) is a common euphemism for quick sexual encounter. The phrasing is consistent with consensual sexual solicitation in Turkish UGC, fitting Sexually_Explicit_Information. No protected identity, state security, o",yes,,qwen/qwen3-next-80b-a3b-instruct,2026-06-22T09:58:04+00:00
TR_SEX_004_0111,TR,tr-TR,Sexually_Explicit_Information,meme_caption,suggestive_meme,semi_explicit,very_short,humorous,teaser,misspelling,TR_SEX_004_0111,YAKSIN MI abi 😂🔥 #kimseokumasın,yes,true,Sexually_Explicit_Information,0.95,"The text 'YAKSIN MI abi 😂🔥 #kimseokumasın' uses Turkish slang ('yaksın mı' = 'does it burn?' in sexual context, implying arousal), combined with fire emoji (🔥) and a hashtag '#kimseokumasın' (literally 'let no one sleep', a common euphemism in Turkish UGC for sexual activity or seduction). The tone, slang, and emoji cluster are consistent with consensual sexual intent in Turkish meme culture, fitting Sexually_Explicit_Information. No harassment, hate, or state-security redline is present.",yes,,qwen/qwen3-next-80b-a3b-instruct,2026-06-22T09:54:49+00:00
TR_SEX_004_0112,TR,tr-TR,Sexually_Explicit_Information,group_chat,adult_roleplay,semi_explicit,medium,teasing,reply,punctuation_play,TR_SEX_004_0112,"abi bana da bi cok azimli gel hadi bakalım,,,, #nefret",yes,true,Sexually_Explicit_Information,0.95,"The text 'abi bana da bi cok azimli gel hadi bakalım' uses Turkish slang with clear sexual implication: 'azimli' is a romanized, euphemistic form of 'azimli' (from 'azim' meaning determination, but in slang context implies sexual stamina or arousal), and 'gel hadi bakalım' is a colloquial, suggestive invitation often used in sexual contexts. The hashtag '#nefret' (hate) is likely ironic or sarcastic, not negating the sexual intent. The tone and phrasing align with consensual sexual solicitation ",yes,,qwen/qwen3-next-80b-a3b-instruct,2026-06-22T09:47:16+00:00
TR_SEX_004_0113,TR,tr-TR,Sexually_Explicit_Information,profile_bio,adult_profile_bio,semi_explicit,very_short,casual,statement,spacing,TR_SEX_004_0113,bakıyorsun zaten DM'mi açık – gel bi ara – #hot,yes,true,Sexually_Explicit_Information,0.95,"The text uses suggestive language ('bakıyorsun zaten DM'mi açık – gel bi ara') with a sexualized hashtag '#hot', indicating consensual sexual intent typical in Turkish user-generated content. The phrasing implies an invitation for private sexual interaction, fitting the definition of Sexually_Explicit_Information. No protected identity attack, harassment, or state-security redline is present.",yes,,qwen/qwen3-next-80b-a3b-instruct,2026-06-22T10:09:01+00:00
TR_SEX_004_0115,TR,tr-TR,Sexually_Explicit_Information,comment,lewd_joke,implicit_but_trainable,medium,playful,teaser,abbreviation,TR_SEX_004_0115,abi 69'a bak bi 5dk diye gelsin mi 🤔 #kimseokumasın,yes,true,Sexually_Explicit_Information,0.95,"The text uses Turkish slang ('abi' = bro, '69'a bak' = look at 69, the sexual position) and a suggestive phrase ('5dk diye gelsin mi' = should I come in 5 min?) implying consensual sexual intent. The hashtag '#kimseokumasın' (literally 'let no one come') is a ironic, sexually charged euphemism commonly used in Turkish UGC to mock or tease sexual activity. The context is clearly arousal-focused and sexually explicit, not harassment or political. No protected identity or violence involved. Matches",yes,,qwen/qwen3-next-80b-a3b-instruct,2026-06-22T09:50:06+00:00
TR_SEX_004_0117,TR,tr-TR,Sexually_Explicit_Information,adult_content_promo,adult_content_promo,explicit,medium,commercial,announcement,misspelling,TR_SEX_004_0117,BÜTÜN YERLİ CANLILARLA 10 DK İÇİNDE ÖZEL RANDEVU 😈 DM'DEN,yes,true,Sexually_Explicit_Information,0.95,"The text explicitly promotes immediate sexual encounters ('ÖZEL RANDEVU') with 'BÜTÜN YERLİ CANLILARLA' (all local living beings), using a suggestive emoji (😈) and directing users to DM for arrangements. The phrasing implies consensual sexual solicitation in a promotional, adult-content context, matching the definition of Sexually_Explicit_Information. No protected identity attack, state-security violation, or severe harm is present, so no higher-risk category applies.",yes,,qwen/qwen3-next-80b-a3b-instruct,2026-06-22T09:59:21+00:00
TR_SEX_005_0002,TR,tr-TR,Sexually_Explicit_Information,profile_bio,adult_profile_bio,semi_explicit,short,casual,statement,emoji,B1,Ateşlisin benimle özel mesajlaşmaya var mısın 🔥 DM açıktır 😘 #YetişkinFantezi,yes,true,Sexually_Explicit_Information,0.95,"The text uses explicit sexual innuendo ('Ateşlisin' - 'you're fiery', 'özel mesajlaşmaya var mısın' - 'wanna chat privately?', 'DM açıktır' - 'DMs open', '😘' emoji) combined with the hashtag '#YetişkinFantezi' (Adult Fantasy), clearly indicating consensual adult sexual solicitation. This matches the definition of Sexually_Explicit_Information: arousal-focused content, sexual chat, and hookup solicitation in Turkish UGC context. No protected identity attack, threat, or state-security redline is p",yes,,qwen/qwen3-next-80b-a3b-instruct,2026-06-22T10:01:43+00:00
TR_SEX_005_0004,TR,tr-TR,Sexually_Explicit_Information,comment,lewd_joke,explicit,very_short,playful,reply,abbreviation,D1,hadi be abi seninle yatıcam ben 😂😂,yes,true,Sexually_Explicit_Information,0.95,"The text 'hadi be abi seninle yatıcam ben 😂😂' uses colloquial Turkish with clear sexual implication: 'yatıcam' (I'll sleep with you) is a common euphemism for sexual intercourse in informal contexts. The use of laughing emojis does not neutralize the sexual intent but may indicate playful or flirtatious tone. This matches the definition of Sexually_Explicit_Information as arousal-focused, consensual sexual solicitation in user-generated content. No protected identity, threat, or state-security r",yes,,qwen/qwen3-next-80b-a3b-instruct,2026-06-22T10:11:27+00:00
TR_SEX_005_0005,TR,tr-TR,Sexually_Explicit_Information,profile_bio,adult_profile_bio,semi_explicit,medium,teasing,statement,misspelling,B2,Fantezimde biraz dominant seyler var abi 😏 mesaj atmana bak #YetişkinFantezi #DMYaz,yes,true,Sexually_Explicit_Information,0.95,"The text explicitly references dominant sexual fantasies ('Fantezimde biraz dominant seyler var') with a suggestive emoji (😏), and invites direct messages for adult fantasy content ('mesaj atmana bak'), accompanied by explicit hashtags (#YetişkinFantezi, #DMYaz) that clearly signal consensual adult sexual intent in Turkish UGC context. This meets the definition of Sexually_Explicit_Information.",yes,,qwen/qwen3-next-80b-a3b-instruct,2026-06-22T09:46:46+00:00
TR_SEX_005_0007,TR,tr-TR,Sexually_Explicit_Information,adult_content_promo,adult_content_promo,explicit,long,direct,invitation,none,C2,Bugün akşamüstü canlı yayında özel anlar yaşıyacağız abi. Sanal ortamda olsanız bile benimle özel sohbette neler olacağına dair bir preview vereceğim 😈 Mesaj kutum her zaman açık lan! #CanlıYayın #SanalKeyif,yes,true,Sexually_Explicit_Information,0.95,"The text uses suggestive language ('özel anlar', 'özel sohbette neler olacağına dair bir preview', 'Sanal ortamda olsanız bile') combined with the devil emoji (😈) and hashtags like #CanlıYayın and #SanalKeyif, which in Turkish adult-content contexts strongly imply consensual sexual or erotic intent. The phrase 'mesaj kutum her zaman açık lan' invites private sexualized interaction, typical of promotional adult content in Turkish UGC. No harassment, hate, or state-security redline is present; the",yes,,qwen/qwen3-next-80b-a3b-instruct,2026-06-22T09:46:12+00:00
TR_SEX_005_0008,TR,tr-TR,Sexually_Explicit_Information,comment,lewd_joke,explicit,very_short,humorous,reply,emoji,D2,abi seninle yatıcam diyorum bi de yatarsın sen 😂😂,yes,true,Sexually_Explicit_Information,0.95,"The text uses colloquial Turkish with clear sexual implication: 'abi seninle yatıcam diyorum bi de yatarsın sen' translates to 'I'm telling you, I'm going to sleep with you, and you'll sleep too,' where 'yatmak' (to sleep) is a common Turkish euphemism for sexual intercourse. The laughing emojis (😂😂) suggest playful, arousal-focused intent. This is consensual sexual solicitation in informal UGC context, fitting Sexually_Explicit_Information. No protected identity attack, harassment, or state-sec",yes,,qwen/qwen3-next-80b-a3b-instruct,2026-06-22T09:49:28+00:00
TR_SEX_005_0009,TR,tr-TR,Sexually_Explicit_Information,group_chat,adult_hookup,explicit,short,casual,fragmented_chat,spacing,E1,özele gel bakalım abi hadi ya gece 11 de hazırım 🌙,yes,true,Sexually_Explicit_Information,0.95,"The text uses intimate, suggestive language ('özele gel bakalım abi') and a time-specific invitation ('gece 11 de hazırım') with a moon emoji (🌙), which in Turkish UGC context strongly implies consensual sexual rendezvous. The phrasing is colloquial, flirtatious, and contextually sexualized, fitting the definition of sexually explicit information without being abusive or threatening. No protected identity or state-security redline is triggered.",yes,,qwen/qwen3-next-80b-a3b-instruct,2026-06-22T09:56:43+00:00
TR_SEX_005_0010,TR,tr-TR,Sexually_Explicit_Information,dating_app,adult_hookup,semi_explicit,medium,direct,statement,code_mix,F1,"30 larındayım, seks için partner arıyorum. Hızlı ve zevkli olmasını tercih ederim. DM açıktır abi #PartnerAra #SeksPartneri",yes,true,Sexually_Explicit_Information,0.98,"The text explicitly seeks sexual partnership with clear sexual intent ('seks için partner arıyorum'), specifies preference for 'hızlı ve zevkli' (fast and pleasurable) encounters, and uses sexually suggestive hashtags (#SeksPartneri, #PartnerAra). This constitutes consensual adult sexual solicitation in a dating-app context, fitting the definition of Sexually_Explicit_Information. No protected identity attack, state-security violation, or harassment of a specific person is present. The language ",yes,,qwen/qwen3-next-80b-a3b-instruct,2026-06-22T09:35:45+00:00
TR_SEX_005_0011,TR,tr-TR,Sexually_Explicit_Information,profile_bio,adult_profile_bio,implicit_but_trainable,short,teasing,statement,emoji,B3,Benimle zevkli vakit geçirmek ister misin 😈 DM bekliyorum #FanteziDolu,yes,true,Sexually_Explicit_Information,0.95,"The text explicitly invites sexual enjoyment ('zevkli vakit geçirmek') with a suggestive emoji (😈) and a hashtag '#FanteziDolu' (Fantasy-Filled), which in Turkish UGC context strongly implies consensual sexual or erotic intent. The phrase 'DM bekliyorum' (waiting for DMs) confirms the intent to initiate private sexual or flirtatious contact. This matches the definition of Sexually_Explicit_Information: arousal-focused content with sexual solicitation and lewd hashtags.",yes,,qwen/qwen3-next-80b-a3b-instruct,2026-06-22T10:10:53+00:00
TR_SEX_005_0012,TR,tr-TR,Sexually_Explicit_Information,paid_content_teaser,adult_content_promo,explicit,long,commercial,announcement,none,A3,Yeni video seti yüklendi! 18+ içerikler abonelere özel olarak yayınlanacak. Sadece özel kanalda izleyebilirsiniz. Kayıt olmadan izleyemezsin 😉 #ÖzelAboneler #Premiumİçerik,yes,true,Sexually_Explicit_Information,0.95,"The text explicitly promotes 18+ content available exclusively to subscribers, with a suggestive emoji (😉) and phrases like 'özel kanalda izleyebilirsiniz' and 'kayıt olmadan izleyemezsin'—clear indicators of adult sexual content marketing. The hashtags #ÖzelAboneler and #Premiumİçerik further signal paid, restricted sexual material. No harassment, hate, or state-security elements are present; this is a direct case of consensual adult sexual content promotion in Turkish UGC.",yes,,qwen/qwen3-next-80b-a3b-instruct,2026-06-22T10:00:57+00:00
TR_SEX_005_0013,TR,tr-TR,Sexually_Explicit_Information,meme_caption,suggestive_meme,semi_explicit,short,playful,teaser,punctuation_play,G1,Abi bu filmde ne kadar da ateşli sahne varmış ya??? 🔥🔥🔥,yes,true,Sexually_Explicit_Information,0.95,"The text uses colloquial Turkish ('abi', 'ya') and emphatic fire emojis (🔥🔥🔥) to enthusiastically highlight 'ateşli sahne' (fiery/sexual scenes) in a film, indicating clear sexual connotation and arousal-focused intent. This matches the definition of Sexually_Explicit_Information as sexually suggestive, arousal-oriented content in user-generated context, even if not explicit in anatomical terms. The tone and emojis confirm sexual implication, not mere commentary or harassment.",yes,,qwen/qwen3-next-80b-a3b-instruct,2026-06-22T09:36:42+00:00
TR_SEX_005_0014,TR,tr-TR,Sexually_Explicit_Information,live_chat,adult_video_chat,explicit,medium,direct,reply,emoji,H1,"abi ne güzel oynuyorsun ya 😍 15dkdan beri seni izliyorum, mesaj atmam lazım gel bana 😘",yes,true,Sexually_Explicit_Information,0.95,"The text uses flirtatious and sexually suggestive language ('ne güzel oynuyorsun ya 😍', 'mesaj atmam lazım gel bana 😘') in a live chat context, implying sexual interest and solicitation for private interaction. The emojis (😍, 😘) and phrasing ('15dkdan beri seni izliyorum') indicate arousal-focused intent and sexualized solicitation, fitting the definition of Sexually_Explicit_Information under Turkish UGC standards.",yes,,qwen/qwen3-next-80b-a3b-instruct,2026-06-22T09:49:28+00:00
TR_SEX_005_0015,TR,tr-TR,Sexually_Explicit_Information,profile_bio,adult_profile_bio,semi_explicit,medium,casual,statement,code_mix,B4,31/Ankara.. seks için partner arıyorum. Zevkli vakit geçirmek için buradayım abi 😈 DM açıktır #PartnerAra,yes,true,Sexually_Explicit_Information,0.98,"The text explicitly seeks a sexual partner ('seks için partner arıyorum') with clear sexual intent, uses a lewd emoji (😈), and includes a sexualized context ('Zevkli vakit geçirmek için'), all of which align with the definition of Sexually_Explicit_Information. The hashtag #PartnerAra in this context reinforces the sexual solicitation intent. No protected identity, state security, or violent harm elements are present, making this a clear case of consensual sexual solicitation in Turkish UGC.",yes,,qwen/qwen3-next-80b-a3b-instruct,2026-06-22T10:02:37+00:00
TR_SEX_005_0017,TR,tr-TR,Sexually_Explicit_Information,paid_content_teaser,adult_content_promo,explicit,medium,commercial,teaser,none,A4,"Sadece aboneler için özel içerik! Yeni video seti yüklendi abi, bakalım kim izleyecek 😈 #Sansürsüz #Özelİçerik",yes,true,Sexually_Explicit_Information,0.95,"The text uses explicit sexual implication through phrases like 'Sadece aboneler için özel içerik' and 'Yeni video seti yüklendi abi, bakalım kim izleyecek 😈', combined with hashtags #Sansürsüz and #Özelİçerik, which in Turkish UGC context are widely recognized euphemisms for adult sexual content. The emoji 😈 reinforces sexual intent. This matches the definition of Sexually_Explicit_Information: arousal-focused, pornographic intent, and sexual service solicitation via subscription tease. No prote",yes,,qwen/qwen3-next-80b-a3b-instruct,2026-06-22T09:37:01+00:00
TR_SEX_005_0018,TR,tr-TR,Sexually_Explicit_Information,group_chat,adult_private_chat,explicit,very_short,casual,fragmented_chat,misspelling,E2,abi gece 2de mesaj atarsan cevaplıyrm 😏,yes,true,Sexually_Explicit_Information,0.95,"The text 'abi gece 2de mesaj atarsan cevaplıyrm 😏' contains a suggestive, flirtatious invitation with a sexual emoji (😏), implying consensual sexual or intimate intent in a private, late-night context. The tone and emoji clearly indicate sexualized arousal or romantic-erotic solicitation, fitting the definition of Sexually_Explicit_Information in Turkish UGC. No harassment, hate, or state-security redline is present. This is a valid positive example for the label.",yes,,qwen/qwen3-next-80b-a3b-instruct,2026-06-22T10:07:04+00:00
TR_SEX_005_0019,TR,tr-TR,Sexually_Explicit_Information,profile_bio,adult_profile_bio,implicit_but_trainable,short,teasing,statement,punctuation_play,B5,Abi... özel sohbetim açık... ne var ne yok 😏,yes,true,Sexually_Explicit_Information,0.95,"The text 'Abi... özel sohbetim açık... ne var ne yok 😏' uses Turkish slang ('özel sohbet' = private chat) and a suggestive emoji (😏) to imply availability for intimate or sexual conversation, consistent with consensual sexual solicitation in user-generated content. This matches the definition of Sexually_Explicit_Information: arousal-focused, sexualized intent in a personal context. No harassment, hate, or state-security elements are present.",yes,,qwen/qwen3-next-80b-a3b-instruct,2026-06-22T10:08:58+00:00
TR_SEX_005_0020,TR,tr-TR,Sexually_Explicit_Information,dating_app,adult_hookup,semi_explicit,medium,direct,statement,code_mix,F2,29/İzmir.. seks için partner arıyorum. Zevkli ve hızlı buluşma tercihim. Mesaj atabilirsin abi 😉 #PartnerAra,yes,true,Sexually_Explicit_Information,0.98,"The text explicitly seeks a sexual partner ('seks için partner arıyorum') and expresses preference for 'zevkli ve hızlı buluşma' (pleasurable and quick meeting), with a flirtatious emoji ('😉') and hashtag '#PartnerAra' in a dating-app context. This constitutes clear consensual sexual intent in Turkish user-generated content, fitting the definition of Sexually_Explicit_Information. No protected identity attack, state-security violation, or harassment target is present. The intent is overtly sexua",yes,,qwen/qwen3-next-80b-a3b-instruct,2026-06-22T10:10:40+00:00
TR_SEX_005_0021,TR,tr-TR,Sexually_Explicit_Information,live_chat,adult_video_chat,explicit,long,playful,reply,emoji,H2,abi harbiden güzel performans veriyorsun 👍 15 dkda ne yapacağını bile anlayamadım 😍 DM atsam özel sohbette neler olacağını söyler misin 😈,yes,true,Sexually_Explicit_Information,0.95,"The text uses flirtatious and sexually suggestive language ('harbiden güzel performans veriyorsun', '15 dkda ne yapacağını bile anlayamadım 😍', 'DM atsam özel sohbette neler olacağını söyler misin 😈') with clear sexual implication and arousal-focused intent. The emoji 😈 and context of requesting private conversation imply consensual sexual exploration, fitting Sexually_Explicit_Information. No protected identity attack, threat, or state-security redline is present.",yes,,qwen/qwen3-next-80b-a3b-instruct,2026-06-22T09:52:44+00:00
TR_SEX_005_0022,TR,tr-TR,Sexually_Explicit_Information,profile_bio,adult_profile_bio,semi_explicit,short,casual,statement,code_mix,B6,32/İstanbul.. fantezilerim var abi 😏 DM açıktır #Fantezi,yes,true,Sexually_Explicit_Information,0.95,"The text includes a clear sexual implication with 'fantezilerim var' (I have fantasies), the suggestive emoji 😏, and the invitation to DM ('DM açıktır') in a context commonly used for soliciting sexual or erotic interactions in Turkish UGC. The hashtag #Fantezi further reinforces sexual fantasy intent. This aligns with the definition of Sexually_Explicit_Information: arousal-focused content, sexual role solicitation, and lewd intent in a profile bio context.",yes,,qwen/qwen3-next-80b-a3b-instruct,2026-06-22T09:33:48+00:00
TR_SEX_005_0023,TR,tr-TR,Sexually_Explicit_Information,paid_content_teaser,paid_private_content,explicit,medium,commercial,teaser,none,A5,Yeni özel set yüklendi! 4K kalite ve sansürsüz içerikler sadece abonelere özel 🔥 Mesaj kutumdan detaylara ulaşabilirsin abi #Premium,yes,true,Sexually_Explicit_Information,0.95,"The text explicitly promotes 'sansürsüz içerikler' (uncensored content) available exclusively to subscribers, with emojis (🔥) and language ('özel set', 'detaylara ulaşabilirsin abi') strongly implying adult sexual content. The phrase 'sadece abonelere özel' and the use of 'Premium' as a hashtag are common indicators in Turkish paid adult content teasers. No harassment, hate, or state-security elements are present; the intent is clearly consensual sexual promotion targeting adult audiences.",yes,,qwen/qwen3-next-80b-a3b-instruct,2026-06-22T10:06:19+00:00
TR_SEX_005_0024,TR,tr-TR,Sexually_Explicit_Information,adult_content_promo,adult_content_promo,semi_explicit,long,direct,invitation,code_mix,C4,Bugün akşamüstü özel performansım var abi! Sanal ortamda ne kadar da ateşli anlar yaşayacağımı tahmin bile edemezsin 😈 Mesaj kutum hep açık abi hadi gel #CanlıKeyif,yes,true,Sexually_Explicit_Information,0.95,"The text uses explicit sexual innuendo ('özel performansım', 'ateşli anlar', 'Hadı gel') and a suggestive emoji (😈) in a context clearly promoting live sexual content ('CanlıKeyif'), which aligns with pornographic intent and arousal-focused solicitation in Turkish online adult content promotion. The language is deliberately lewd and sexually suggestive, targeting consensual adult sexual engagement in a virtual setting.",yes,,qwen/qwen3-next-80b-a3b-instruct,2026-06-22T10:07:42+00:00
TR_SEX_005_0026,TR,tr-TR,Sexually_Explicit_Information,group_chat,adult_private_chat,explicit,medium,casual,invitation,misspelling,E3,abi özele gel bi bakalım hadi gece 1 de hazıram 🌙,yes,true,Sexually_Explicit_Information,0.95,"The text uses colloquial Turkish with clear sexual implication: 'abi özele gel bi bakalım' (bro, come to me privately for a look/visit) and 'gece 1 de hazıram' (I'll be ready at 1 AM) with a moon emoji (🌙) strongly suggests consensual sexual invitation in a private, intimate context. The phrasing is suggestive, arousal-focused, and aligns with common Turkish UGC patterns for sexual solicitation. No harassment, hate, or state-security elements are present. This fits Sexually_Explicit_Information.",yes,,qwen/qwen3-next-80b-a3b-instruct,2026-06-22T09:57:30+00:00
TR_SEX_005_0027,TR,tr-TR,Sexually_Explicit_Information,roleplay,adult_roleplay,explicit,long,playful,teaser,none,I1,Yeni roleplay konsepti! Master/slave dinamikleriyle özel sohbetlerde neler yaşayacağını hayal bile edemeyeceksin abi 😈 #AdultRoleplay #Dominance,yes,true,Sexually_Explicit_Information,0.95,"The text explicitly promotes adult sexual roleplay with dominant/submissive (master/slave) dynamics, using suggestive language ('neler yaşayacağını hayal bile edemeyeceksin') and sexualized emoji (😈), alongside explicit hashtags (#AdultRoleplay, #Dominance). This constitutes clear consensual sexual intent in a Turkish UGC context, aligning with the definition of Sexually_Explicit_Information.",yes,,qwen/qwen3-next-80b-a3b-instruct,2026-06-22T10:05:53+00:00
TR_SEX_005_0030,TR,tr-TR,Sexually_Explicit_Information,profile_bio,adult_profile_bio,explicit,short,direct,statement,code_mix,TR_BIO_COD_030,fantazilerimle buluşmak için DM atın abone olman yeterli 🔥 özel canlılar var seyretmek ister misin?,yes,true,Sexually_Explicit_Information,0.98,"The text explicitly invites users to direct message (DM) for 'fantazilerimle buluşmak' (meeting my fantasies), mentions 'özel canlılar' (private live streams) with suggestive phrasing ('seyretmek ister misin?' - 'would you like to watch?'), and uses a fire emoji (🔥) commonly associated with sexual solicitation in Turkish UGC. This is a clear case of consensual sexual content promotion in a profile bio context, matching the expected label.",yes,,qwen/qwen3-next-80b-a3b-instruct,2026-06-22T10:03:01+00:00
TR_SEX_005_0031,TR,tr-TR,Sexually_Explicit_Information,paid_content_teaser,adult_private_chat,semi_explicit,medium,teasing,teaser,none,TR_SEX_005_0031_01,"Gece özel paylaşımda neler var diye merak edenler için yeni dosya yüklendi. Sadece aboneler görebilir, ama tabii ki senden olmazsa olmaz. 😏 #aboneol #özelpaylaşım",yes,true,Sexually_Explicit_Information,0.95,"The text uses suggestive language ('gece özel paylaşımda neler var', 'senden olmazsa olmaz') and a suggestive emoji (😏) to imply exclusive, intimate, or sexually suggestive content available only to subscribers. The hashtags #aboneol and #özelpaylaşım are commonly used in Turkish paid adult content teasers to lure users into subscribing for explicit material. The phrasing is designed to evoke sexual curiosity and consensual adult intent, fitting the definition of Sexually_Explicit_Information.",yes,,qwen/qwen3-next-80b-a3b-instruct,2026-06-22T09:48:26+00:00
TR_SEX_005_0032,TR,tr-TR,Sexually_Explicit_Information,profile_bio,adult_profile_bio,explicit,short,direct,statement,emoji,TR_SEX_005_0032_01,"Kadın-erkek yatak odası favorileri ve biraz da rôleplay seven. DM’ler hep açık, özel paylaşım yapıyorum. ❤️🔥 #yetişkin #fantazi",yes,true,Sexually_Explicit_Information,0.95,"The text explicitly references adult sexual preferences ('kadın-erkek yatak odası favorileri'), roleplay ('röleplay seven'), and invites direct private messages ('DM’ler hep açık, özel paylaşım yapıyorum') with sexual emojis (❤️🔥) and adult-themed hashtags (#yetişkin #fantazi). This constitutes clear consensual adult sexual intent in Turkish user-generated content, fitting the definition of Sexually_Explicit_Information.",yes,,qwen/qwen3-next-80b-a3b-instruct,2026-06-22T09:32:47+00:00
TR_SEX_005_0034,TR,tr-TR,Sexually_Explicit_Information,comment,lewd_joke,implicit_but_trainable,very_short,playful,reply,abbreviation,TR_SEX_005_0034_01,knk bunu anca cam da izle bakalım 😈👀,yes,true,Sexually_Explicit_Information,0.95,"The text 'knk bunu anca cam da izle bakalım 😈👀' uses Turkish slang ('knk' = kardeşim), implies viewing something sexually suggestive ('bunu anca cam da izle' = only watch this on a screen/cam, implying private/sexual content), and includes sexualized emojis (😈 = devil, often used for mischief or sexual intent; 👀 = watching with suggestive intent). The context suggests consensual sexual intent in user-generated content, fitting Sexually_Explicit_Information. No protected identity attack, harassme",yes,,qwen/qwen3-next-80b-a3b-instruct,2026-06-22T10:00:14+00:00
TR_SEX_005_0035,TR,tr-TR,Sexually_Explicit_Information,live_chat,adult_video_chat,explicit,long,direct,fragmented_chat,messy,TR_SEX_005_0035_01,abi yaaa oooofff :( yeteriiii bak beni ateşle hadi hadi bi dk :(( birazcık azdım lan noluyo yaa??,yes,true,Sexually_Explicit_Information,0.95,"The text uses highly suggestive, emotionally charged, and sexually implicit language common in Turkish intimate/sexual UGC: 'abi yaaa oooofff', 'bana ateşle', 'bi dk', 'azdım lan' — all indicate arousal-seeking, sexual tension, and consensual sexual solicitation. Phrases like 'ateşle' (set me on fire) and 'birazcık azdım' (I'm barely holding on) are culturally recognized euphemisms for sexual desire in Turkish live chat contexts. No harassment, hate, or state-security triggers; clear sexual inte",yes,,qwen/qwen3-next-80b-a3b-instruct,2026-06-22T09:36:18+00:00
TR_SEX_005_0036,TR,tr-TR,Sexually_Explicit_Information,dating_app,adult_hookup,explicit,short,playful,invitation,code_mix,TR_SEX_005_0036_01,"30 küsür erkekle görüşmüşüm, senden farklı bi vibe var. Özele gelmek ister misin?",yes,true,Sexually_Explicit_Information,0.95,"The text explicitly references having met over 30 men and contrasts the recipient's 'vibe' in a context implying romantic/sexual interest, followed by a direct invitation to 'get private' (özele gelmek), which in Turkish dating-app slang strongly implies sexual intent. The phrasing is flirtatious, arousal-focused, and seeks to transition from public to private sexualized interaction, meeting the criteria for Sexually_Explicit_Information under Turkey's guidelines.",yes,,qwen/qwen3-next-80b-a3b-instruct,2026-06-22T10:00:14+00:00
TR_SEX_005_0037,TR,tr-TR,Sexually_Explicit_Information,paid_content_teaser,paid_private_content,semi_explicit,medium,teasing,teaser,emoji,TR_SEX_005_0037_01,Bu akşam özel canlıda neler olacak? 🔥 Biraz da kişiye özel bakalım mı? Aboneler için özel dosya yayınlanacak. #aboneol,yes,true,Sexually_Explicit_Information,0.95,"The text uses suggestive language ('özel canlıda neler olacak?', 'kişiye özel bakalım mı?', 'özel dosya') combined with the fire emoji (🔥) and a call to subscribe (#aboneol), which is a common pattern in Turkish paid adult content teasers. The phrasing implies exclusive, intimate, or sexually suggestive material available only to subscribers, aligning with sexually explicit intent without direct explicit terms. This matches the definition of Sexually_Explicit_Information for arousal-focused, hoo",yes,,qwen/qwen3-next-80b-a3b-instruct,2026-06-22T09:33:57+00:00
TR_SEX_005_0038,TR,tr-TR,Sexually_Explicit_Information,group_chat,adult_hookup,semi_explicit,short,casual,list_like,punctuation_play,TR_SEX_005_0038_01,"Grup üyeleri arasından ilginç sohbetler çıkıyor... Evli çiftler, gizli tanışmalar... kimler katılmak ister?",yes,true,Sexually_Explicit_Information,0.95,"The text suggests private, consensual sexual encounters ('gizli tanışmalar') among married couples in a group chat context, with an invitation to join ('kimler katılmak ister?'). This implies sexual networking or hookup solicitation, which aligns with Sexually_Explicit_Information under Turkey's rules. The phrasing is euphemistic but clearly carries sexual intent in a group-chat UGC context, not harassment or political content.",yes,,qwen/qwen3-next-80b-a3b-instruct,2026-06-22T09:48:52+00:00
TR_SEX_005_0039,TR,tr-TR,Sexually_Explicit_Information,meme_caption,suggestive_meme,implicit_but_trainable,very_short,humorous,statement,misspelling,TR_SEX_005_0039_01,Valla bu goruntuyle kim durur kii 😂👌 #cinsellik,yes,true,Sexually_Explicit_Information,0.95,"The text uses colloquial Turkish ('Valla bu goruntuyle kim durur kii') with sexual implication, paired with emoji (👌) and hashtag '#cinsellik' (sexuality), indicating consensual sexual intent in a meme-style caption. The phrasing suggests arousal or sexual attraction to the image, fitting the definition of sexually explicit information in Turkish UGC context. No harassment, hate, or state-security redline is present.",yes,,qwen/qwen3-next-80b-a3b-instruct,2026-06-22T09:57:09+00:00
TR_SEX_005_0040,TR,tr-TR,Sexually_Explicit_Information,profile_bio,adult_profile_bio,explicit,short,direct,statement,none,TR_SEX_005_0040_01,"Yetişkin içerik seven, zevklerime ortak olacakları arıyorum. Özel mesajlar bekliyorum. DM’ler hep açık.",yes,true,Sexually_Explicit_Information,0.98,"The text explicitly seeks adult content enthusiasts ('Yetişkin içerik seven') and invites private messages for shared pleasure ('zevklerime ortak olacakları arıyorum', 'Özel mesajlar bekliyorum'), with clear sexual intent and solicitation ('DM’ler hep açık'). This matches the definition of Sexually_Explicit_Information: arousal-focused content, sexual hookup solicitation, and explicit invitation for sexual exchange in Turkish UGC context. No protected identity, state security, or harm intent ove",yes,,qwen/qwen3-next-80b-a3b-instruct,2026-06-22T09:48:17+00:00
TR_SEX_005_0043,TR,tr-TR,Sexually_Explicit_Information,paid_content_teaser,paid_private_content,semi_explicit,medium,teasing,teaser,spacing,TR_SEX_005_0043_01,"Bugünkü özel setimde neler mi var... Ateşli kareler, biraz da rôleplay öpücükleri. Abone olana özel, senden olmazsa olmaz. 😉",yes,true,Sexually_Explicit_Information,0.95,"The text uses suggestive sexual language ('ateşli kareler', 'roléplay öpücükleri') and implies consensual adult sexual content, framed as a teaser for exclusive paid content with a flirtatious emoji (😉). The phrasing is clearly aimed at arousing sexual interest and promoting sexualized material, fitting the definition of Sexually_Explicit_Information under Turkey's TR safety rules.",yes,,qwen/qwen3-next-80b-a3b-instruct,2026-06-22T09:52:05+00:00
TR_SEX_005_0044,TR,tr-TR,Sexually_Explicit_Information,live_chat,adult_video_chat,explicit,long,messy,fragmented_chat,misspelling,TR_SEX_005_0044_01,abi yaaa neyse bende boş vakit var hadiiii hadi hadi bak birazcık sıkalım lütfen??? :((,yes,true,Sexually_Explicit_Information,0.95,"The text uses colloquial Turkish slang ('sıkalım') in a sexually suggestive context, paired with repetitive, pleading tone ('hadi hadi') and emotive punctuation (':(('), indicating clear sexual intent and arousal-focused solicitation. This aligns with the definition of Sexually_Explicit_Information as lewd, arousal-oriented language in user-generated content, even if not graphically detailed. No protected identity attack or harassment target is present; the intent is consensual sexual overture.",yes,,qwen/qwen3-next-80b-a3b-instruct,2026-06-22T09:32:18+00:00
TR_SEX_005_0045,TR,tr-TR,Sexually_Explicit_Information,profile_bio,adult_profile_bio,explicit,medium,playful,statement,emoji,TR_SEX_005_0045_01,"Kadın-erkek, kadın-kadın, biraz da rôleplay seven biriyim. Özel paylaşımlar ve sexting için DM’ler hep açık. 😏 #yetişkin #rôleplay",yes,true,Sexually_Explicit_Information,0.95,"The text explicitly expresses consensual adult sexual intent by mentioning 'kadın-erkek, kadın-kadın' (woman-woman, woman-man), 'rôleplay', and 'sexting', with a clear invitation for private sexual exchanges via DM. The use of the emoji 😏 and hashtags #yetişkin (adult) and #rôleplay reinforces the sexually explicit, arousal-focused purpose. This matches the definition of Sexually_Explicit_Information: sexual role tags, sexting solicitation, and lewd intent in Turkish UGC context.",yes,,qwen/qwen3-next-80b-a3b-instruct,2026-06-22T09:53:57+00:00
TR_SEX_005_0046,TR,tr-TR,Sexually_Explicit_Information,comment,lewd_joke,implicit_but_trainable,very_short,humorous,reply,abbreviation,TR_SEX_005_0046_01,valla abi o goruntuyu kac kere izledim bilmiom 😂🔥,yes,true,Sexually_Explicit_Information,0.95,"The text 'valla abi o goruntuyu kac kere izledim bilmiom 😂🔥' uses Turkish slang ('valla abi') and emojis (😂🔥) commonly associated with enthusiastic, arousal-focused reaction to explicit visual content in Turkish UGC. The phrase implies repeated viewing of a visual ('o goruntuyu') with clear sexual connotation implied by context and emoji usage, consistent with consensual sexual intent in adult content. No harassment, hate, or state-security redline detected; this fits Sexually_Explicit_Informati",yes,,qwen/qwen3-next-80b-a3b-instruct,2026-06-22T10:13:05+00:00
TR_SEX_005_0047,TR,tr-TR,Sexually_Explicit_Information,dm,adult_private_chat,explicit,short,playful,invitation,emoji,TR_SEX_005_0047_01,Gecenin bu saatinde kimler uyanık acaba? Ben de uyanıktım. Özele gelsin mi? 😏,yes,true,Sexually_Explicit_Information,0.95,"The text uses a suggestive late-night context ('Gecenin bu saatinde kimler uyanık acaba?') followed by an intimate, flirtatious invitation ('Özele gelsin mi?') with a suggestive emoji (😏), which in Turkish UGC context clearly implies consensual sexual or romantic advance with erotic intent. The phrasing and emoji are culturally recognized as sexually suggestive in private messaging contexts, meeting the criteria for Sexually_Explicit_Information.",yes,,qwen/qwen3-next-80b-a3b-instruct,2026-06-22T10:08:08+00:00
TR_SEX_005_0048,TR,tr-TR,Sexually_Explicit_Information,roleplay,adult_roleplay,explicit,long,teasing,teaser,code_mix,TR_SEX_005_0049_01,Dün geceki rôleplay çok ateşliydi abi 🔥 Bugün de biraz sertleşmek ister misin? Top mu bottom mu? Kimin baskın çıktığını görelim.,yes,true,Sexually_Explicit_Information,0.95,"The text uses explicit sexual roleplay language ('aşetliydi', 'sertleşmek', 'top mu bottom mu', 'kimin baskın çıktığını görelim') with clear sexual intent and arousal-focused tone, including slang and emoji (🔥) commonly associated with consensual adult sexual negotiation in Turkish UGC. This matches the definition of Sexually_Explicit_Information.",yes,,qwen/qwen3-next-80b-a3b-instruct,2026-06-22T09:51:50+00:00
TR_SEX_005_0049,TR,tr-TR,Sexually_Explicit_Information,group_chat,adult_hookup,semi_explicit,short,casual,list_like,none,TR_SEX_005_0050_01,"Grup içinde gizli tanışma mı arıyorsun? Evli çiftler, swing sevenler hep burda. Kimler katılmak ister?",yes,true,Sexually_Explicit_Information,0.95,"The text explicitly promotes consensual sexual activity in a group context ('evli çiftler, swing sevenler hep burda'), using culturally understood Turkish slang ('swing sevenler' = swinging couples), and solicits participation in a sexualized social arrangement ('Kimler katılmak ister?'). This constitutes clear sexually explicit intent in a user-generated context, matching the definition of Sexually_Explicit_Information. No protected identity attack, state security breach, or severe harm is pres",yes,,qwen/qwen3-next-80b-a3b-instruct,2026-06-22T10:03:03+00:00
TR_SEX_005_0050,TR,tr-TR,Sexually_Explicit_Information,paid_content_teaser,paid_private_content,semi_explicit,medium,teasing,teaser,emoji,TR_SEX_005_0051_01,"Bu akşamki yayınımda neler mi olacak... Sınırsız zevkler, biraz da özel sohbetler. Aboneler için özel dosya yayınlanıyor. #aboneol #özelpaylaşım",yes,true,Sexually_Explicit_Information,0.95,"The text uses euphemistic but clearly sexualized language ('sınırsız zevkler', 'özel sohbetler', 'özel dosya') in a context of paid content teaser aimed at subscribers, implying consensual adult sexual content or explicit material for paying users. The hashtags #aboneol and #özelpaylaşım reinforce the commercial sexual intent. This matches Turkey's definition of Sexually_Explicit_Information for arousal-focused, pornographic intent in user-generated content.",yes,,qwen/qwen3-next-80b-a3b-instruct,2026-06-22T10:13:32+00:00
TR_SEX_005_0051,TR,tr-TR,Sexually_Explicit_Information,profile_bio,adult_profile_bio,explicit,short,direct,statement,none,TR_SEX_005_0052_01,"Yetişkin içerik seven, zevklerime ortak olabilecekleri arıyorum. Özel mesajlara her zaman açık, DM’ler hep boş.",yes,true,Sexually_Explicit_Information,0.95,"The text explicitly seeks adult content enthusiasts and invites private messages with clear sexual connotation ('zevklerime ortak olabilecekleri', 'DM’ler hep boş'), indicating consensual sexual intent typical of adult-oriented UGC in Turkish context. No harassment, hate, or state-security elements present. Matches Sexually_Explicit_Information definition.",yes,,qwen/qwen3-next-80b-a3b-instruct,2026-06-22T10:05:24+00:00
TR_SEX_005_0053,TR,tr-TR,Sexually_Explicit_Information,live_chat,adult_video_chat,semi_explicit,medium,messy,fragmented_chat,misspelling,TR_SEX_005_0054_01,abi yaaa hadi bak hadi hadi azdır beni hadi hadi bi dakka gece olmaz mi??? :((,yes,true,Sexually_Explicit_Information,0.95,"The text uses colloquial Turkish with repetitive, pleading phrasing ('abi yaaa hadi bak hadi hadi azdır beni') and emotional urgency ('gece olmaz mi??? :(('), which in Turkish live-chat contexts strongly implies sexual solicitation or arousal-focused begging for intimate contact. The phrasing is sexually suggestive, not romantic or innocent, and aligns with common patterns of consensual sexual intent in UGC. No harassment, hate, or state-security redline is present. This is a valid positive exam",yes,,qwen/qwen3-next-80b-a3b-instruct,2026-06-22T09:35:23+00:00
TR_SEX_005_0055,TR,tr-TR,Sexually_Explicit_Information,profile_bio,adult_profile_bio,explicit,short,direct,statement,none,TR_SEX_005_0056_01,"Kadın-erkek, kadın-kadın, rôleplay seven biriyim. Zevklerime ortak olacaklar için DM’ler hep açık.",yes,true,Sexually_Explicit_Information,0.95,"The text explicitly states interest in sexual roleplay with both heterosexual and homosexual partners, and openly invites others to DM for sexual engagement ('Zevklerime ortak olacaklar için DM’ler hep açık'). This constitutes clear consensual sexual intent in a Turkish user-generated context, matching the definition of Sexually_Explicit_Information. No harassment, hate speech, or state-security redline is present. The language is direct and arousal-focused, fitting the category precisely.",yes,,qwen/qwen3-next-80b-a3b-instruct,2026-06-22T09:56:30+00:00
TR_SEX_005_0056,TR,tr-TR,Sexually_Explicit_Information,paid_content_teaser,paid_private_content,semi_explicit,medium,teasing,teaser,spacing,TR_SEX_005_0057_01,"Bugünkü özel setimde ateşli kareler ve biraz da rôleplay öpücükleri var. Abone olana özel, senden olmazsa olmaz. 😏",yes,true,Sexually_Explicit_Information,0.95,"The text uses explicit sexual euphemisms ('ateşli kareler' = fiery frames, 'röleplay öpücükleri' = roleplay kisses) and a suggestive emoji (😏) to promote sexually suggestive content as a paid teaser. Phrases like 'senden olmazsa olmaz' (can't do without you) and 'abone olana özel' (exclusive for subscribers) imply consensual adult sexual content intended for arousal, fitting Sexually_Explicit_Information. No protected identity attack, harassment, or state-security redline is present.",yes,,qwen/qwen3-next-80b-a3b-instruct,2026-06-22T09:56:29+00:00
TR_SEX_005_0057,TR,tr-TR,Sexually_Explicit_Information,dm,adult_private_chat,explicit,short,direct,invitation,none,TR_SEX_005_0058_01,Gece geç saate kadar kimler uyanık? Ben de uyanıktım. Özele gelsin mi?,yes,true,Sexually_Explicit_Information,0.95,"The text uses suggestive, contextually intimate language ('Gece geç saate kadar kimler uyanık? Ben de uyanıktım. Özele gelsin mi?') which implies a private, sexually suggestive invitation in Turkish digital culture. 'Özele gelsin mi?' is a colloquial, euphemistic phrase commonly used in romantic/sexual DM contexts to propose private, intimate interaction. The phrasing aligns with patterns of consensual sexual solicitation in Turkish UGC, fitting Sexually_Explicit_Information. No harassment, hate",yes,,qwen/qwen3-next-80b-a3b-instruct,2026-06-22T09:36:23+00:00
TR_SEX_005_0058,TR,tr-TR,Sexually_Explicit_Information,roleplay,adult_roleplay,explicit,long,teasing,teaser,code_mix,TR_SEX_005_0059_01,"Dün geceki rôleplay çok ateşliydi abi 🔥 Bugün de sertleşmek ister misin? Top/bottom seçimini sen yap, ben de ne bulursam yiyeyim.",yes,true,Sexually_Explicit_Information,0.95,"The text uses explicit sexual slang ('sertleşmek', 'top/bottom', 'ne bulursam yiyeyim') in a consensual roleplay context with clear arousal-focused intent. The emoji 🔥 reinforces sexual heat, and the language is lewd, sexually suggestive, and oriented toward sexual activity. This matches the definition of Sexually_Explicit_Information in Turkish UGC.",yes,,qwen/qwen3-next-80b-a3b-instruct,2026-06-22T10:02:15+00:00
TR_SEX_005_0059,TR,tr-TR,Sexually_Explicit_Information,comment,suggestive_meme,implicit_but_trainable,very_short,humorous,reply,abbreviation,TR_SEX_005_0060_01,valla abi o goruntuyu 30 kere izledim yaa 😂🔥,yes,true,Sexually_Explicit_Information,0.95,"The text 'valla abi o goruntuyu 30 kere izledim yaa 😂🔥' in Turkish context, with the emojis 😂🔥, strongly implies repeated viewing of sexually suggestive or explicit visual content. The phrase '30 kere izledim' (I watched it 30 times) combined with the fire emoji (🔥), commonly used in Turkish UGC to denote sexual attraction or arousal, and the casual, excited tone ('yaa') indicates consensual sexual intent. This matches the definition of Sexually_Explicit_Information: arousal-focused content, sex",yes,,qwen/qwen3-next-80b-a3b-instruct,2026-06-22T10:00:04+00:00
TR_SEX_005_0060,TR,tr-TR,Sexually_Explicit_Information,paid_content_teaser,adult_content_promo,explicit,short,commercial,teaser,none,teaser_001,"Yeni özel setimde neler mi var? 🔥 Ateşli sahneler, özel talep roller, danslar derken bakalım ne kadar dayanabileceksiniz 😏 Hemen abone ol, linkte bekliyorum.",yes,true,Sexually_Explicit_Information,0.95,"The text uses explicit sexual euphemisms ('ateşli sahneler', 'özel talep roller', 'danslar') combined with suggestive emojis (🔥, 😏) and a direct call to subscribe for sexual content, indicating consensual adult sexual intent. The phrasing is typical of paid adult content teasers in Turkish UGC, clearly falling under Sexually_Explicit_Information.",yes,,qwen/qwen3-next-80b-a3b-instruct,2026-06-22T10:03:18+00:00
TR_SEX_005_0061,TR,tr-TR,Sexually_Explicit_Information,profile_bio,adult_profile_bio,semi_explicit,short,teasing,statement,misspelling,bio_002,"Fantazilerim çok yoğun abi 😈 Özel videolar, canlı sohbetler, hatta roleplay denen bi şey var — cidden merak eden varsa mesaj atabilir 😘",yes,true,Sexually_Explicit_Information,0.95,"The text explicitly references sexual fantasies, private videos, live chats, and roleplay with suggestive emojis (😈, 😘), indicating consensual adult sexual intent in a Turkish user-generated context. The phrasing 'cidden merak eden varsa mesaj atabilir' directly invites sexual engagement, fitting the definition of Sexually_Explicit_Information. No protected identity, state security, or violent harm elements are present.",yes,,qwen/qwen3-next-80b-a3b-instruct,2026-06-22T09:59:46+00:00
TR_SEX_005_0062,TR,tr-TR,Sexually_Explicit_Information,comment,lewd_joke,implicit_but_trainable,very_short,humorous,reply,emoji,comment_003,Abi sizinki ne zaman canlanıyo ya 😂🔥 Baksana izlerken ben de aletleniyo 😎😂,yes,true,Sexually_Explicit_Information,0.95,"The text uses Turkish slang and emojis with clear sexual implication: 'aletleniyo' (literally 'becoming a tool,' but in colloquial Turkish slang implies sexual arousal or erection) combined with fire and smirk emojis (🔥😎) strongly suggests arousal-focused, sexually suggestive intent. The context is a comment on intimate content ('sizinki ne zaman canlanıyo'), indicating consensual adult sexual humor typical of UGC. No harassment, hate, or state-security redline is present; this fits Sexually_Exp",yes,,qwen/qwen3-next-80b-a3b-instruct,2026-06-22T10:01:30+00:00
TR_SEX_005_0063,TR,tr-TR,Sexually_Explicit_Information,live_chat,adult_video_chat,explicit,medium,direct,fragmented_chat,abbreviation,live_004,Çk hadi abi 😘 Gözüm hep sendeydi ztn 😏 Ellerin nerdeymiş acaba 👀 Sesini duymak istiyom şimdi ya 💋,yes,true,Sexually_Explicit_Information,0.95,"The text uses explicit sexualized emojis (😘, 😏, 👀, 💋), flirtatious language ('Gözüm hep sendeydi', 'Ellerin nerdeymiş acaba', 'Sesini duymak istiyom şimdi'), and intimate tone typical of consensual sexual solicitation in Turkish UGC. The context is clearly arousal-focused and sexually suggestive, not harassment or romantic platonic interaction. Matches Sexually_Explicit_Information criteria.",yes,,qwen/qwen3-next-80b-a3b-instruct,2026-06-22T10:04:44+00:00
TR_SEX_005_0064,TR,tr-TR,Sexually_Explicit_Information,adult_content_promo,adult_content_promo,semi_explicit,medium,playful,invitation,spacing,promo_005,"Bak ne diyorum kanka 😏 Her cuma yeni canlı yayın , özel videolar , hatta özel randevu talepleri 😈 Şimdiden mesaj kutumu doldurun lütfen 😘",yes,true,Sexually_Explicit_Information,0.95,"The text uses explicit sexual euphemisms ('özel videolar', 'özel randevu talepleri') combined with suggestive emojis (😏, 😈, 😘) to promote adult content and solicitation of private sexual encounters. This aligns with the definition of Sexually_Explicit_Information as it promotes consensual sexual services and arousal-focused engagement in a Turkish UGC context.",yes,,qwen/qwen3-next-80b-a3b-instruct,2026-06-22T09:32:50+00:00
TR_SEX_005_0065,TR,tr-TR,Sexually_Explicit_Information,dm,adult_private_chat,explicit,long,messy,question,code_mix,dm_006,abi durmadan hayal kuruyom sendeyken 😭 ne yapsam acaba 😈 sen olsan bana ne yapardın ya 😘 gece mesaj atarsan cevap vercem yemin 👅 gece yarı olunca birazcık ateşli bi sohbet lazım abi 😈,yes,true,Sexually_Explicit_Information,0.95,"The text contains clear sexual innuendo and arousal-focused language ('hayal kuruyom sendeyken', 'aşetli bi sohbet lazım', '👅', '😈', '😘') with suggestive intent, including direct invitation to late-night intimate conversation and flirtatious emojis. The tone and phrasing are explicitly sexualized, not romantic or harassing, and align with consensual sexual UGC in Turkish context. No protected identity attack or severe harm present, so Sexually_Explicit_Information is the most precise category.",yes,,qwen/qwen3-next-80b-a3b-instruct,2026-06-22T09:45:31+00:00
TR_SEX_005_0066,TR,tr-TR,Sexually_Explicit_Information,group_chat,adult_hookup,semi_explicit,short,casual,statement,misspelling,group_007,Abi burda kimin huyu ayıp acaba 😈 Yalnız biraz özel sohbet lazım 😏 İçim yanıyo valla 🔥,yes,true,Sexually_Explicit_Information,0.95,"The text uses clear sexual innuendo and arousal-focused language: 'Yalnız biraz özel sohbet lazım' (I need a private chat), 'İçim yanıyo valla' (I'm burning inside), and emojis (😈, 😏, 🔥) that collectively signal consensual sexual intent in a Turkish UGC context. No harassment, hate, or state-security redline is present; the intent is explicitly sexual and fits the definition of Sexually_Explicit_Information.",yes,,qwen/qwen3-next-80b-a3b-instruct,2026-06-22T10:10:53+00:00
TR_SEX_005_0067,TR,tr-TR,Sexually_Explicit_Information,profile_bio,adult_profile_bio,implicit_but_trainable,short,coded,statement,punctuation_play,bio_008,"Çok yoğun fantazi dolu bii insanım 😉 Özel talepler, özel içerikler, özel anlar... Bir bakıver beni ????????",yes,true,Sexually_Explicit_Information,0.95,"The text uses suggestive language ('çok yoğun fantazi dolu', 'özel talepler, özel içerikler, özel anlar') paired with a winking emoji (😉) and multiple question marks (?), which in Turkish UGC context strongly imply consensual sexual or erotic intent. The phrasing is typical of profile bios seeking intimate or sexualized interactions, fitting the definition of Sexually_Explicit_Information. No harassment, hate, or state-security redline is present, but the sexual implication is clear and cultural",yes,,qwen/qwen3-next-80b-a3b-instruct,2026-06-22T10:07:33+00:00
TR_SEX_005_0068,TR,tr-TR,Sexually_Explicit_Information,paid_content_teaser,paid_private_content,explicit,short,commercial,teaser,none,teaser_009,"Yeni özel paketimizdeki rollerden biri: top/bottom oyunları 😈 Her hafta yeni içerik, her dakika ateş 🔥 Sadece aboneler görebilir!",yes,true,Sexually_Explicit_Information,0.95,"The text explicitly references sexual role-play ('top/bottom oyunları') with sexualized emojis (😈), arousal-focused language ('her dakika ateş 🔥'), and restricts access to paying subscribers, indicating consensual adult sexual content promotion. This matches the definition of Sexually_Explicit_Information: arousal-focused, sexual act-related, and subscription-based sexual content in Turkish UGC context. No protected identity attack or severe harm is present, so no higher-risk category applies.",yes,,qwen/qwen3-next-80b-a3b-instruct,2026-06-22T09:44:56+00:00
TR_SEX_005_0069,TR,tr-TR,Sexually_Explicit_Information,dating_app,adult_hookup,explicit,medium,direct,invitation,emoji,dating_010,Merhaba abi 😘 Sana özel bi seans düşündüm 😏 Mesajla konuşalım mı? Yada direk özel buluşma mı dersin 😈 Fantezilere açık biisi varsa burda 😉,yes,true,Sexually_Explicit_Information,0.95,"The text uses flirtatious emojis (😘, 😏, 😈, 😉) and explicit sexual suggestive language ('sana özel bi seans', 'özel buluşma', 'fantezilere açık') in a dating-app context, clearly indicating consensual sexual intent. The phrasing is euphemistic but unambiguously oriented toward sexual engagement, meeting Turkey's definition of Sexually_Explicit_Information for adult-oriented, arousal-focused UGC.",yes,,qwen/qwen3-next-80b-a3b-instruct,2026-06-22T09:50:38+00:00
TR_SEX_005_0070,TR,tr-TR,Sexually_Explicit_Information,meme_caption,suggestive_meme,implicit_but_trainable,very_short,humorous,reply,punctuation_play,meme_011,Abi bu resimde neyin şakası var ya 😂😂😂 30 saniyelik bi dk da neler oluyo ya 🔥😈,yes,true,Sexually_Explicit_Information,0.95,"The text uses Turkish slang and emojis (🔥😈) in a context implying sexual arousal or suggestive content, with phrases like '30 saniyelik bi dk da neler oluyo ya' (what's happening in 30 seconds?) paired with laughing emojis to imply sexual activity or explicit humor. This aligns with sexually explicit intent in Turkish UGC, especially in meme captions where suggestive timing and emoji clusters signal lewdness. No harassment, hate, or state-security redline is present, making Sexually_Explicit_Inf",yes,,qwen/qwen3-next-80b-a3b-instruct,2026-06-22T09:58:45+00:00
TR_SEX_005_0071,TR,tr-TR,Sexually_Explicit_Information,comment,lewd_joke,semi_explicit,short,playful,reply,abbreviation,comment_012,Abi sizinki niye sürekli kayıyo ya 😂🔥 izlerken ben de kayıyom lan 😆,yes,true,Sexually_Explicit_Information,0.95,"The text uses colloquial Turkish slang ('kayıyo' = slipping/sliding, 'kayıyom' = I'm slipping/sliding) with fire and laughing emojis (🔥😆), which in Turkish UGC context strongly implies sexual arousal or orgasmic response during viewing. The phrase 'izlerken ben de kayıyom lan' explicitly links watching (likely sexual content) with a physical, pleasure-driven reaction, indicating consensual sexual intent. The tone and phrasing are typical of sexually suggestive user-generated content in Turkey, n",yes,,qwen/qwen3-next-80b-a3b-instruct,2026-06-22T10:13:19+00:00
TR_SEX_005_0072,TR,tr-TR,Sexually_Explicit_Information,adult_content_promo,adult_content_promo,explicit,long,commercial,announcement,none,promo_013,Merhabalar sevgili takipçiler! Bu hafta özel paketimizde neler var bakın: ✔️ Canlı sohbetler ✔️ Özel video setleri ✔️ Roleplay senaryoları ✔️ Fan isteği videoları ✔️ Sıcak anlar 😈 Tüm bunları sadece özel aboneler görebilir — hemen üye olun ve özel dünyama adım atın!,yes,true,Sexually_Explicit_Information,0.98,"The text explicitly promotes adult content with clear sexual intent using Turkish UGC-style promotional language: 'Canlı sohbetler' (live chats), 'Özel video setleri' (private video sets), 'Roleplay senaryoları' (roleplay scenarios), 'Sıcak anlar' (hot moments), and the devil emoji (😈) all strongly indicate consensual adult sexual content promotion. The call-to-action ('hemen üye olun') targets subscribers for paid sexual services, fitting the definition of Sexually_Explicit_Information. No hara",yes,,qwen/qwen3-next-80b-a3b-instruct,2026-06-22T10:13:08+00:00
TR_SEX_005_0073,TR,tr-TR,Sexually_Explicit_Information,profile_bio,adult_profile_bio,implicit_but_trainable,short,teasing,statement,misspelling,bio_014,"Fantezilerime sınır koymam abi 😏 Her şey mümkün — özel içerikler, canlı yayınlar, hatta biraz roleplay 😘 Eğer ilgin varsa mesaj atabilirsin 😉",yes,true,Sexually_Explicit_Information,0.95,"The text explicitly invites sexual fantasies, private content, live broadcasts, and roleplay using flirtatious emojis (😏, 😘, 😉), indicating clear consensual sexual intent typical of adult-oriented user-generated content in Turkey. The language is suggestive, arousal-focused, and directly solicits sexual engagement, fitting the definition of Sexually_Explicit_Information.",yes,,qwen/qwen3-next-80b-a3b-instruct,2026-06-22T09:55:45+00:00
TR_SEX_005_0074,TR,tr-TR,Sexually_Explicit_Information,paid_content_teaser,paid_private_content,explicit,short,direct,teaser,none,teaser_015,"Yeni çıkan özel setimde neler mi var? 😈 Ateşli sahneler, özel talep roller ve hatta biraz dominantlık 😏 Hemen abone ol, linkte seni bekliyorum 🔥",yes,true,Sexually_Explicit_Information,0.95,"The text uses explicit sexual euphemisms ('ateşli sahneler', 'özel talep roller', 'dominantlık') combined with suggestive emojis (😈, 😏, 🔥) and a direct call to subscribe for sexual content. This matches the definition of Sexually_Explicit_Information: arousal-focused, sexual role-play solicitation, and lewd promotion of consensual adult content in Turkish UGC context. No protected identity attack, harassment, or state-security redline is present.",yes,,qwen/qwen3-next-80b-a3b-instruct,2026-06-22T09:48:54+00:00
TR_SEX_005_0075,TR,tr-TR,Sexually_Explicit_Information,dm,adult_private_chat,semi_explicit,medium,playful,invitation,emoji,dm_016,abi bak sana bi önerim var 😈 Bugün gece mesajlasak mı? Ne dersin 😘 Beni iyice ateşlersin sanırım 🔥 Yavaş yavaş başlamak ister misin 😉,yes,true,Sexually_Explicit_Information,0.95,"The text uses explicit sexual innuendo through emojis (😈, 😘, 🔥, 😉) and suggestive language such as 'Beni iyice ateşlersin sanırım' (You'll definitely heat me up) and 'Yavaş yavaş başlamak ister misin' (Would you like to start slowly?), which clearly imply consensual sexual intent and arousal-focused solicitation. The tone and phrasing align with Turkish UGC patterns for flirtatious sexual overtures, meeting the criteria for Sexually_Explicit_Information.",yes,,qwen/qwen3-next-80b-a3b-instruct,2026-06-22T10:12:42+00:00
TR_SEX_005_0076,TR,tr-TR,Sexually_Explicit_Information,live_chat,adult_video_chat,explicit,medium,casual,fragmented_chat,code_mix,live_017,abi sesin baya hoşttt 😏 Aletleniyom dinlerken 😈 Hadi biraz daha yakınlaştır sesini bakalım 🔥,yes,true,Sexually_Explicit_Information,0.95,"The text uses sexually suggestive language ('sesin baya hoşttt', 'Aletleniyom dinlerken', 'biraz daha yakınlaştır sesini') paired with erotic emojis (😏😈🔥), indicating clear consensual sexual intent and arousal-focused communication typical of adult sexual chat in Turkish UGC. The phrasing implies desire for intimate auditory stimulation, fitting the definition of Sexually_Explicit_Information.",yes,,qwen/qwen3-next-80b-a3b-instruct,2026-06-22T09:56:11+00:00
TR_SEX_005_0078,TR,tr-TR,Sexually_Explicit_Information,adult_content_promo,adult_content_promo,semi_explicit,short,commercial,teaser,punctuation_play,promo_019,"Yeni özel paketimizde neler var???? Ateşli roller, canlı yayınlar, fan talepleri... Hemen abone ol ve özel içeriklerimi keşfet!!!!",yes,true,Sexually_Explicit_Information,0.95,"The text uses suggestive euphemisms ('Ateşli roller' = fiery roles, 'canlı yayınlar' = live broadcasts, 'fan talepleri' = fan requests) commonly associated with adult content promotion in Turkish UGC. Phrases like 'özel içeriklerimi keşfet' (explore my exclusive content) combined with the context of 'special package' and call-to-action 'hemen abone ol' (subscribe now) strongly imply consensual adult sexual content for commercial gain, fitting Sexually_Explicit_Information. No protected identity ",yes,,qwen/qwen3-next-80b-a3b-instruct,2026-06-22T10:09:48+00:00
TR_SEX_005_0079,TR,tr-TR,Sexually_Explicit_Information,profile_bio,adult_profile_bio,explicit,short,teasing,statement,misspelling,bio_020,"Bi insanım abi 😈 Fantazilerim çok yoğun — özel içerikler, canlı yayınlar, hatta rol yapmak bile var 😏 Eğer ilgin varsa mesaj atabilirsin 😘",yes,true,Sexually_Explicit_Information,0.98,"The text explicitly expresses sexual fantasies, offers private content and live broadcasts, mentions role-playing, and uses sexualized emojis (😈, 😏, 😘) to solicit intimate engagement. This constitutes clear consensual sexual intent in a Turkish user-generated context, fitting the definition of Sexually_Explicit_Information.",yes,,qwen/qwen3-next-80b-a3b-instruct,2026-06-22T10:09:51+00:00
TR_SEX_005_0080,TR,tr-TR,Sexually_Explicit_Information,dm,adult_private_chat,explicit,long,direct,invitation,none,dm_021,Abi hadi birazcık konuşalım mı 😈 Düşündüm de seninle özel bi seans çok iyi olurdu 😏 Ne dersin? Bugün gece mesaj atarsan cevap vercem yeminle 👅 Biraz ateşli bi sohbet lazım bana abi 😈,yes,true,Sexually_Explicit_Information,0.95,"The text uses explicit sexual emojis (😈, 👅, 😏), suggestive language ('özel bi seans', 'ateşli bi sohbet'), and flirtatious invitations with clear sexual connotations ('cevap vercem yeminle'), indicating consensual adult sexual intent typical of Turkish UGC. No harassment, hate, or state-security redline is present. This matches the definition of Sexually_Explicit_Information.",yes,,qwen/qwen3-next-80b-a3b-instruct,2026-06-22T10:05:07+00:00
TR_SEX_005_0081,TR,tr-TR,Sexually_Explicit_Information,paid_content_teaser,paid_private_content,semi_explicit,short,commercial,teaser,emoji,teaser_022,"Yeni özel setimde neler mi var 🔥? Ateşli sahneler, özel talep roller ve hatta biraz dominantlık 😏 Hemen abone ol, linkte seni bekliyorum 😘",yes,true,Sexually_Explicit_Information,0.95,"The text explicitly references 'ateşli sahneler' (fiery scenes), 'özel talep roller' (custom requested roles), and 'biraz dominantlık' (a bit of dominance), all of which are clear indicators of sexual content with arousal-focused intent. The emojis (🔥, 😏, 😘) and call-to-action ('hemen abone ol, linkte seni bekliyorum') reinforce sexualized solicitation typical of adult content teasers. No harassment, hate, or state-security elements are present; this aligns precisely with Sexually_Explicit_Infor",yes,,qwen/qwen3-next-80b-a3b-instruct,2026-06-22T09:49:48+00:00
TR_SEX_005_0082,TR,tr-TR,Sexually_Explicit_Information,roleplay,adult_roleplay,explicit,medium,teasing,invitation,code_mix,roleplay_023,"abi bugün seninle bi oyun oynayalım mı 😈 Birazcık sertçe bi rol mü istersin, yoksa tamamen ince mi? Ne dersin 😏 Sen seç, ben hazırım 👅",yes,true,Sexually_Explicit_Information,0.95,"The text uses explicit sexual innuendo ('sertçe bi rol', 'ince mi', '👅') and flirtatious emojis (😈, 😏) to solicit consensual sexual roleplay, indicating clear pornographic intent and arousal-focused sexual solicitation. The language is colloquial Turkish with sexual euphemisms and suggestive tone, fitting the definition of Sexually_Explicit_Information. No harassment, hate, or state-security redline is present.",yes,,qwen/qwen3-next-80b-a3b-instruct,2026-06-22T10:09:19+00:00
TR_SEX_005_0084,TR,tr-TR,Sexually_Explicit_Information,dating_app,adult_hookup,semi_explicit,medium,casual,invitation,emoji,dating_025,Merhabalar abi 😘 Kendine uygun mu? Diyelim ki seninle birazcık flört etmek istiyom 😈 Sana özel bi seans da ayarlayabiliriz — ne dersin? Mesaj kutum açık 👅,yes,true,Sexually_Explicit_Information,0.95,"The text uses explicit sexual emojis (😘, 😈, 👅), flirty language ('birazcık flört etmek istiyom'), and suggests a private sexual session ('sana özel bi seans da ayarlayabiliriz'), all indicating consensual adult sexual intent typical of dating-app solicitation. The phrasing is sexually suggestive and arousal-focused, fitting the Sexually_Explicit_Information category under Turkey's TR-specific guidelines.",yes,,qwen/qwen3-next-80b-a3b-instruct,2026-06-22T09:50:56+00:00
TR_SEX_005_0085,TR,tr-TR,Sexually_Explicit_Information,profile_bio,adult_profile_bio,explicit,short,direct,statement,none,bio_026,"Fantaziler dolu bi insanım 😏 Özel içerikler, canlı yayınlar, hatta biraz dominantlık — eğer ilgin varsa hemen mesaj at 😘",yes,true,Sexually_Explicit_Information,0.95,"The text explicitly references 'fantaziler dolu' (full of fantasies), 'özel içerikler' (private content), 'canlı yayınlar' (live broadcasts), and 'biraz dominantlık' (a bit of dominance), all framed with flirtatious emojis (😏, 😘) and a direct invitation to message for sexual engagement. This constitutes clear sexualized solicitation with arousal-focused intent, fitting the definition of Sexually_Explicit_Information under Turkish TR guidelines. No protected identity attack or severe harm is pres",yes,,qwen/qwen3-next-80b-a3b-instruct,2026-06-22T09:57:09+00:00
TR_SEX_005_0086,TR,tr-TR,Sexually_Explicit_Information,paid_content_teaser,paid_private_content,explicit,short,commercial,teaser,none,teaser_027,"Yeni çıkan özel setimde neler mi var? 🔥 Ateşli roller, özel talep sahneleri ve hatta biraz dominantlık 😏 Hemen abone ol, linkte seni bekliyorum!",yes,true,Sexually_Explicit_Information,0.95,"The text explicitly promotes sexual content with phrases like 'ateşli roller' (fiery roles), 'özel talep sahneleri' (special request scenes), and 'biraz dominantlık' (a bit of dominance), accompanied by sexual emojis (🔥😏). The call to action ('hemen abone ol, linkte seni bekliyorum') is typical of paid adult content teasers, indicating consensual sexual intent in a Turkish UGC context. No harassment, hate speech, or state-security redline is present; this fits squarely under Sexually_Explicit_In",yes,,qwen/qwen3-next-80b-a3b-instruct,2026-06-22T10:12:42+00:00
TR_SEX_005_0087,TR,tr-TR,Sexually_Explicit_Information,dm,adult_private_chat,semi_explicit,medium,playful,invitation,emoji,dm_028,abi hadi birazcık konuşalım mı 😈 Bugün gece mesajlaşsak mı? Düşündüm de seninle özel bi sohbet çok iyi olurdu 😘 Beni iyice ateşlersin sanırım 🔥,yes,true,Sexually_Explicit_Information,0.95,"The text uses flirtatious and sexually suggestive language ('özel bi sohbet çok iyi olurdu', 'Beni iyice ateşlersin sanırım') combined with emoji (😈, 😘, 🔥) that clearly imply consensual sexual intent and arousal-focused messaging, fitting the definition of Sexually_Explicit_Information in Turkish UGC context. No harassment, hate, or state-security redline is present; the intent is explicitly sexualized but consensual.",yes,,qwen/qwen3-next-80b-a3b-instruct,2026-06-22T10:06:28+00:00
TR_SEX_005_0089,TR,tr-TR,Sexually_Explicit_Information,paid_content_teaser,adult_private_chat,explicit,medium,direct,teaser,misspelling,TR_SEX_005_0089_PAID1,"yeni video seti geldii ben de atmıştım aslında birazdan tüm abonelere özel olarak paylaşacağım bence beğeneceksiniz, bakalım ne kadar ateşliymişsiniz",yes,true,Sexually_Explicit_Information,0.95,"The text uses suggestive language ('bence beğeneceksiniz', 'ne kadar ateşliymişsiniz') to imply sexual content in a teaser context for a new video set, targeting subscribers with arousal-focused intent. The phrasing is sexually suggestive, framed to excite curiosity about sexual intensity ('ateşli'), typical of adult consensual sexual content promotion in Turkish UGC. No protected identity attack, threat, or state-security redline is present. This fits Sexually_Explicit_Information.",yes,,qwen/qwen3-next-80b-a3b-instruct,2026-06-22T09:32:07+00:00
TR_SEX_006_0001,TR,tr-TR,Sexually_Explicit_Information,dating_app,adult_hookup,semi_explicit,medium,direct,announcement,none,da_hookup_001,"30 yaşında esnek erkek, kadrolu ve rızalı partner arayışım. <şehir> içi görüşmek isteyen varsa DM’ye. Zamanla ve zevkle, karşılıklı tatmin garantili.",yes,true,Sexually_Explicit_Information,0.98,"The text explicitly seeks a consensual sexual partner with phrases like 'kadrolu ve rızalı partner' (employed and consenting partner), 'karşılıklı tatmin garantili' (mutual satisfaction guaranteed), and 'zamanla ve zevkle' (with time and pleasure), indicating clear adult sexual intent in a dating-app context. No harassment, hate, or state-security elements are present. This matches the definition of Sexually_Explicit_Information for consensual sexual solicitation in Turkish UGC.",yes,,qwen/qwen3-next-80b-a3b-instruct,2026-06-22T09:52:20+00:00
TR_SEX_006_0002,TR,tr-TR,Sexually_Explicit_Information,dm,adult_private_chat,explicit,short,playful,invitation,misspelling,dm_sex_017,"abi 31 yaşındayım, seninle mesaj kutusu sohbetinde buluşalım, ateşlisin hadi gece vaktini verelim knk",yes,true,Sexually_Explicit_Information,0.95,"The text uses sexually suggestive language ('ateşlisin', 'gece vaktini verelim') in a context clearly aimed at initiating private sexual contact ('mesaj kutusu sohbetinde buluşalım'). The tone is flirtatious and arousal-focused, with colloquial Turkish slang ('abi', 'knk') commonly used in sexual solicitation contexts. No harassment, hate, or state-security elements are present; the intent aligns with consensual sexual overture in UGC, fitting Sexually_Explicit_Information.",yes,,qwen/qwen3-next-80b-a3b-instruct,2026-06-22T10:04:52+00:00
TR_SEX_006_0005,TR,tr-TR,Sexually_Explicit_Information,live_chat,adult_video_chat,explicit,medium,teasing,reply,emoji,lc_vchat_003,abi bak nasıl da yaktın kamerayı lan... sanki sevişecekmişiz gibi konuşuyorsun 🔥 DM’den özel buluşmaya ne dersin?,yes,true,Sexually_Explicit_Information,0.95,"The text uses sexually suggestive language ('kamerayı yaktın', 'sevişecekmişiz gibi konuşuyorsun') combined with a direct solicitation for a private meeting ('DM’den özel buluşmaya ne dersin?'), indicating consensual sexual intent in a romantic/sexual context. The emoji 🔥 reinforces sexual arousal connotation. This matches the definition of Sexually_Explicit_Information for Turkish UGC.",yes,,qwen/qwen3-next-80b-a3b-instruct,2026-06-22T09:37:18+00:00
TR_SEX_006_0006,TR,tr-TR,Sexually_Explicit_Information,adult_content_promo,adult_content_promo,explicit,medium,commercial,teaser,none,ac_promo_005,"İzmir’den canlı özel görüşme paketi! 18+ yaş sınırıyla rızalı yetişkinler için. Özel DM’den sipariş verin, sınırsız keyif garanti.",yes,true,Sexually_Explicit_Information,0.98,"The text explicitly promotes adult sexual services ('canlı özel görüşme paketi', 'özel DM’den sipariş verin', 'sınırsız keyif garanti') with an 18+ age restriction, indicating consensual adult sexual intent in a promotional, arousal-focused context. The language is sexually suggestive and commercialized, fitting the definition of Sexually_Explicit_Information under Turkey's TR-specific guidelines. No other category (e.g., Harassment, Dangerous_Content) applies as there is no targeted abuse, thre",yes,,qwen/qwen3-next-80b-a3b-instruct,2026-06-22T10:02:06+00:00
TR_SEX_006_0007,TR,tr-TR,Sexually_Explicit_Information,profile_bio,adult_profile_bio,semi_explicit,short,casual,announcement,abbreviation,bio_dir_004,"Bursa’da aktif, esnek & dominant kadın. Sadece rızalı yetişkinler için DM bekliyor. Yaş sınırı: 27-38",yes,true,Sexually_Explicit_Information,0.95,"The text explicitly states sexual intent ('esnek & dominant kadın', 'sadece rızalı yetişkinler için DM bekliyor') with clear sexual context ('DM bekliyor' implies sexual solicitation), age range specified for consensual adult interaction, and geographic location (Bursa) indicating local UGC. This matches the definition of Sexually_Explicit_Information: arousal-focused, hookup solicitation, and sexual role signaling in Turkish user-generated content. No protected identity attack, harassment, or s",yes,,qwen/qwen3-next-80b-a3b-instruct,2026-06-22T10:00:37+00:00
TR_SEX_006_0009,TR,tr-TR,Sexually_Explicit_Information,dating_app,adult_hookup,semi_explicit,medium,casual,announcement,spacing,da_bio_007,"Ankaralı esnek erkek, evli çift arayışı var. <şehir> içi görüşmek isteyen rızalı yetişkinler DM’ye. Sıradan flört değilde zevk ve doyum odaklı.",yes,true,Sexually_Explicit_Information,0.95,"The text explicitly seeks consensual adult sexual encounters ('zevk ve doyum odaklı' = pleasure and satisfaction oriented), distinguishes itself from casual flirting ('sıradan flört değil'), and invites direct messaging for in-person meetings, indicating clear pornographic intent and sexual arousal-focused solicitation. This matches the definition of Sexually_Explicit_Information under Turkish TR guidelines.",yes,,qwen/qwen3-next-80b-a3b-instruct,2026-06-22T10:09:54+00:00
TR_SEX_006_0010,TR,tr-TR,Sexually_Explicit_Information,group_chat,adult_content_promo,implicit_but_trainable,long,messy,fragmented_chat,emoji,gc_frag_018,abi yaa bi bak bu akşamki canlı yayın o kadar güzel ki knk sanki elimizdeymişiz gibi hissediyorum... birazcık ateşli olalım mı 😏 seksi preview için DM’ye yaaa,yes,true,Sexually_Explicit_Information,0.95,"The text uses flirtatious and sexually suggestive language ('birazcık ateşli olalım mı 😏') and explicitly invites direct sexualized engagement ('seksi preview için DM’ye yaaa'), indicating consensual adult sexual intent typical of sexually explicit user-generated content in Turkish contexts. The emoji 😏 and request for private messaging for 'sexy preview' clearly align with sexual arousal-focused solicitation, meeting the definition of Sexually_Explicit_Information.",yes,,qwen/qwen3-next-80b-a3b-instruct,2026-06-22T09:45:32+00:00
TR_SEX_006_0012,TR,tr-TR,Sexually_Explicit_Information,profile_bio,adult_profile_bio,semi_explicit,short,teasing,teaser,none,bio_teas_011,Antalya’da esnek & genç kadın. Rızalı partnerler için özel buluşma. Yaş sınırı: 18-34. DM’den detay.,yes,true,Sexually_Explicit_Information,0.95,"The text explicitly advertises consensual sexual encounters ('Rızalı partnerler için özel buluşma') with age targeting (18-34) and directs users to DM for details, indicating clear adult sexual intent in a Turkish UGC context. The phrasing ('esnek & genç kadın', 'özel buluşma', 'DM’den detay') is a common euphemistic pattern in Turkish sexual solicitation content, meeting the definition of Sexually_Explicit_Information. No protected identity attack, state security breach, or violent intent is pr",yes,,qwen/qwen3-next-80b-a3b-instruct,2026-06-22T09:57:35+00:00
TR_SEX_006_0013,TR,tr-TR,Sexually_Explicit_Information,dm,adult_roleplay,explicit,medium,playful,invitation,code_mix,dm_role_015,abi hadi bakalım roleplay mi yapalım seninle? Top ya da bottom? Ben hangisini tercih edersin gece için? DM’de konuştukça ısınıyorum zaten knk,yes,true,Sexually_Explicit_Information,0.95,"The text explicitly initiates a sexual roleplay scenario with clear sexual positioning ('Top ya da bottom?'), uses intimate, arousal-focused language ('gece için', 'DM’de konuştukça ısınıyorum'), and implies consensual sexual engagement in a private message context. This aligns with the definition of Sexually_Explicit_Information: sexual acts, arousal-focused content, and sexual role tags in Turkish UGC. No protected identity, threat, or state-security element is present. The intent is clearly s",yes,,qwen/qwen3-next-80b-a3b-instruct,2026-06-22T10:13:33+00:00
TR_SEX_006_0014,TR,tr-TR,Sexually_Explicit_Information,dating_app,adult_hookup,semi_explicit,long,direct,announcement,none,da_bio_025,"İstanbul’da aktif, esnek & dominant erkek. <şehir> içi görüşmek isteyen rızalı yetişkinler (30-45 yaş) DM’ye. Sadece karşılıklı zevk odaklı görüşmeler. Zaman kaybı yok. Doğrudan mesaj bekliyorum.",yes,true,Sexually_Explicit_Information,0.98,"The text explicitly seeks consensual sexual encounters ('karşılıklı zevk odaklı görüşmeler', 'zaman kaybı yok') with adults in Istanbul, using clear sexual intent language typical of dating/app-based solicitation. It targets sexual activity without romantic framing, matches the expected label, and fits the definition of Sexually_Explicit_Information under Turkish TR context.",yes,,qwen/qwen3-next-80b-a3b-instruct,2026-06-22T09:50:55+00:00
TR_SEX_006_0015,TR,tr-TR,Sexually_Explicit_Information,group_chat,adult_content_promo,explicit,medium,commercial,teaser,emoji,gc_promo_009,"Diyarbakır’dan özel canlı yayın ve özel görüşme paketi! Rızalı yetişkinler için 18+ yaş sınırıyla. Sadece DM’den sipariş verin, sınırsız keyif ❤️🔥",yes,true,Sexually_Explicit_Information,0.98,"The text explicitly promotes paid adult content ('özel canlı yayın ve özel görüşme paketi') with clear sexual connotations ('sınırsız keyif'), uses sexual emojis (❤️🔥), and specifies an 18+ age limit for consensual adult services, all of which align with Sexually_Explicit_Information. The phrasing is typical of commercial sexual solicitation in Turkish UGC, and no other category (e.g., harassment, hate speech) applies. The context is consensual adult sexual service promotion, not coercion or ill",yes,,qwen/qwen3-next-80b-a3b-instruct,2026-06-22T10:00:27+00:00
TR_SEX_006_0016,TR,tr-TR,Sexually_Explicit_Information,live_chat,adult_video_chat,semi_explicit,short,teasing,reply,abbreviation,lc_chat_019,abi sen o şekilde konuştukça ısınıyorum knk... DM’den özel buluşmaya ne dersin? hadi canlanıyorum 😏,yes,true,Sexually_Explicit_Information,0.95,"The text uses sexually suggestive language ('ısınıyorum', 'canlanıyorum') and a flirtatious emoji (😏) to propose a private meeting ('DM’den özel buluşmaya ne dersin?'), indicating consensual sexual intent in a Turkish UGC context. The phrasing is colloquial but clearly arousal-focused and sexually suggestive, fitting the definition of Sexually_Explicit_Information.",yes,,qwen/qwen3-next-80b-a3b-instruct,2026-06-22T09:38:05+00:00
TR_SEX_006_0017,TR,tr-TR,Sexually_Explicit_Information,dm,adult_private_chat,explicit,medium,direct,invitation,none,dm_inv_014,"Abi 29 yaşındayım, seninle özel görüşmeye gelebilirim, zevk almak ve doyum odaklı bir akşam planlıyoruz, müsaitsen haber ver.",yes,true,Sexually_Explicit_Information,0.95,"The text explicitly proposes a private meeting with clear sexual intent ('zevk almak ve doyum odaklı bir akşam planlıyoruz'), using euphemistic but unambiguous sexual language common in Turkish UGC. The phrasing is consensual in tone but focused on sexual gratification, fitting the definition of Sexually_Explicit_Information. No protected identity attack, harassment of a specific person, or state-security redline is present.",yes,,qwen/qwen3-next-80b-a3b-instruct,2026-06-22T09:47:10+00:00
TR_SEX_006_0018,TR,tr-TR,Sexually_Explicit_Information,dating_app,adult_hookup,implicit_but_trainable,short,casual,announcement,misspelling,da_bio_003,"esnek & dominant kadin, <şehir> ici görüşme arayışında. Rızalı yetişkinler için yaşa sınırı: 25-40",yes,true,Sexually_Explicit_Information,0.95,"The text uses sexually suggestive language ('esnek & dominant kadin') and explicitly frames the intent as 'rizalı yetişkinler için' (for consenting adults) with an age range, indicating consensual sexual or erotic encounter-seeking behavior typical of dating/app contexts. The phrasing implies sexual role-play and physical meeting, fitting the definition of sexually explicit information in Turkish UGC. No protected identity attack, harassment, or state-security violation is present.",yes,,qwen/qwen3-next-80b-a3b-instruct,2026-06-22T09:52:46+00:00
TR_SEX_006_0021,TR,tr-TR,Sexually_Explicit_Information,dm,adult_private_chat,explicit,short,direct,invitation,none,dm_direct_016,"Abi seninle özel görüşmeye geliyorum, zevk almak ve karşılıklı doyum odaklı bir akşam planlıyoruz, müsaitsen haber ver.",yes,true,Sexually_Explicit_Information,0.95,"The text explicitly proposes a private meeting with clear sexual intent ('zevk almak', 'karşılıklı doyum odaklı bir akşam'), using euphemistic but unambiguous sexual language common in Turkish UGC. The phrasing is consensual in tone but focused on sexual arousal and mutual satisfaction, fitting the definition of Sexually_Explicit_Information. No harassment, hate, or state-security redline is present.",yes,,qwen/qwen3-next-80b-a3b-instruct,2026-06-22T09:59:18+00:00
TR_SEX_006_0022,TR,tr-TR,Sexually_Explicit_Information,profile_bio,adult_profile_bio,semi_explicit,short,teasing,teaser,none,bio_teas_024,İzmir’de esnek & genç erkek. Rızalı yetişkinler için özel buluşma. Yaş sınırı: 18-36. DM’den detay.,yes,true,Sexually_Explicit_Information,0.95,"The text explicitly advertises consensual sexual encounters ('rizalı yetişkinler için özel buluşma') with age range specification (18-36) and directs users to DM for details, indicating clear sexual intent in a Turkish UGC context. This matches the definition of Sexually_Explicit_Information: arousal-focused content, hookup solicitation, and sexual service promotion without coercion or minors, but with explicit sexual purpose.",yes,,qwen/qwen3-next-80b-a3b-instruct,2026-06-22T09:54:35+00:00
TR_SEX_006_0023,TR,tr-TR,Sexually_Explicit_Information,live_chat,adult_video_chat,explicit,medium,teasing,reply,emoji,lc_vchat_010,abi bak sen o şekilde konuştukça ısınıyorum knk... DM’den özel buluşmaya ne dersin? hadi canlanıyorum 🔥😏,yes,true,Sexually_Explicit_Information,0.95,"The text uses sexually suggestive language ('ısınıyorum', 'canlanıyorum') combined with flirtatious emojis (🔥😏) and a direct invitation for a private meeting ('DM’den özel buluşmaya ne dersin?'), indicating consensual sexual intent typical of adult-oriented UGC. The tone and phrasing align with sexual arousal and romantic/sexual solicitation, fitting the Sexually_Explicit_Information category without triggering harassment, hate, or state-security redlines.",yes,,qwen/qwen3-next-80b-a3b-instruct,2026-06-22T09:48:27+00:00
TR_SEX_006_0024,TR,tr-TR,Sexually_Explicit_Information,dating_app,adult_hookup,semi_explicit,medium,casual,announcement,abbreviation,da_bio_022,"Konya’da esnek kadın, evli çift ya da bireysel partner arayışında. <şehir> içi görüşmek isteyen rızalı yetişkinler DM’ye. Yaş sınırı: 28-42",yes,true,Sexually_Explicit_Information,0.95,"The text explicitly seeks consensual adult sexual encounters ('esnek kadın', 'evli çift ya da bireysel partner arayışında', 'görüşmek isteyen rızalı yetişkinler') with a clear sexual intent, framed as a dating-app-style ad. The use of 'DM' (direct message) for arranging meetings and specifying age range (28-42) confirms adult consensual sexual solicitation. This matches the definition of Sexually_Explicit_Information: sexual acts, arousal-focused content, and hookup solicitation in Turkish UGC c",yes,,qwen/qwen3-next-80b-a3b-instruct,2026-06-22T09:46:35+00:00
TR_SEX_006_0025,TR,tr-TR,Sexually_Explicit_Information,dm,adult_private_chat,explicit,short,direct,invitation,none,dm_inv_006,"Abi 33 yaşındayım, seninle özel buluşmaya gelebilirim, zevk almak ve karşılıklı doyum odaklı bir akşam planlıyoruz, müsaitsen haber ver.",yes,true,Sexually_Explicit_Information,0.95,"The text explicitly proposes a private meeting with clear sexual intent ('zevk almak ve karşılıklı doyum odaklı bir akşam'), using euphemistic but unambiguous sexual language ('doyum odaklı', 'özel buluşma') in a context of consensual adult sexual arrangement. This matches the definition of Sexually_Explicit_Information: arousal-focused, sexual-act-oriented solicitation without coercion or abuse. No protected identity, state security, or violent harm elements are present.",yes,,qwen/qwen3-next-80b-a3b-instruct,2026-06-22T09:56:47+00:00
TR_SEX_006_0027,TR,tr-TR,Sexually_Explicit_Information,group_chat,adult_content_promo,explicit,medium,commercial,teaser,emoji,gc_promo_026,"Samsun’dan canlı özel yayın ve özel görüşme paketi! Rızalı yetişkinler için 18+ yaş sınırıyla. Sadece DM’den sipariş verin, sınırsız keyif garantili ❤️🔥",yes,true,Sexually_Explicit_Information,0.98,"The text explicitly promotes a paid, live private broadcast and personalized interaction service with clear sexual connotations ('sınırsız keyif garantili' + ❤️🔥), targets adults (18+), and uses suggestive emojis and phrasing typical of sexual service solicitation. The context is consensual adult sexual content in a Turkish UGC setting, matching the definition of Sexually_Explicit_Information.",yes,,qwen/qwen3-next-80b-a3b-instruct,2026-06-22T09:47:29+00:00
TR_SEX_006_0028,TR,tr-TR,Sexually_Explicit_Information,dm,adult_roleplay,explicit,medium,playful,invitation,code_mix,dm_role_027,abi hadi bakalım seninle bi roleplay mi yapalım gece için? Top ya da bottom tercihin ne? Ben de ısınıyorum knk,yes,true,Sexually_Explicit_Information,0.95,"The text contains explicit sexual solicitation in Turkish slang ('abi', 'knk') with clear intent for consensual roleplay ('bi roleplay mi yapalım'), sexual positioning ('Top ya da bottom'), and sensual arousal ('Ben de ısınıyorum'). This matches the definition of Sexually_Explicit_Information: arousal-focused, sexual act-oriented, and sexually suggestive language in a UGC context. No protected identity attack or harassment target is present; the intent is explicitly sexual, not abusive.",yes,,qwen/qwen3-next-80b-a3b-instruct,2026-06-22T10:04:26+00:00
TR_SEX_006_0029,TR,tr-TR,Sexually_Explicit_Information,profile_bio,adult_profile_bio,semi_explicit,short,casual,announcement,none,bio_dir_019,Eskişehir’de esnek & dominant erkek. Rızalı yetişkinler için <şehir> içi görüşme. Yaş sınırı: 24-40. DM bekliyorum.,yes,true,Sexually_Explicit_Information,0.98,"The text explicitly advertises sexual encounters ('esnek & dominant erkek', 'rizalı yetişkinler için görüşme', 'DM bekliyorum') with age restrictions and geographic targeting, indicating consensual adult sexual solicitation. This matches the definition of Sexually_Explicit_Information in Turkish UGC context, as it promotes sexual contact through direct invitation for private meeting.",yes,,qwen/qwen3-next-80b-a3b-instruct,2026-06-22T09:58:55+00:00
TR_SEX_006_0030,TR,tr-TR,Sexually_Explicit_Information,live_chat,adult_video_chat,semi_explicit,short,teasing,reply,abbreviation,lc_chat_030,abi sen o şekilde konuştukça ısınıyorum knk... DM’den özel buluşmaya ne dersin? hadi gel birazcık ateşlenelim 😏,yes,true,Sexually_Explicit_Information,0.98,"The text uses explicit sexual innuendo ('ısınıyorum', 'aşeklenelim') and a suggestive emoji (😏) to propose a private sexual encounter ('DM’den özel buluşmaya ne dersin?'). The language is flirtatious, arousal-focused, and clearly intended to initiate consensual sexual activity, fitting the definition of Sexually_Explicit_Information in Turkish UGC context.",yes,,qwen/qwen3-next-80b-a3b-instruct,2026-06-22T10:12:56+00:00
TR_SEX_006_0031,TR,tr-TR,Sexually_Explicit_Information,dating_app,adult_hookup,explicit,short,direct,statement,none,tr_sex_006_01,35e ulaşmış abiciğim akşamüstü görüşmeye var mı? Gecesi 2000 de çekilir mi?,yes,true,Sexually_Explicit_Information,0.95,"The text uses Turkish slang and euphemistic language common in dating/app contexts: '35e ulaşmış abiciğim' implies age-related sexual availability ('35' often denotes sexual maturity or experience in this context), and 'akşamüstü görüşmeye var mı?' combined with 'Gecesi 2000 de çekilir mi?' (can we meet for sex tonight for 2000 TL?) clearly indicates a proposition for paid sexual encounter. The phrasing is sexually explicit, arousal-focused, and transactional, fitting the definition of Sexually_",yes,,qwen/qwen3-next-80b-a3b-instruct,2026-06-22T10:04:15+00:00
TR_SEX_006_0032,TR,tr-TR,Sexually_Explicit_Information,dm,adult_private_chat,explicit,very_short,casual,invitation,emoji,tr_sex_006_02,"özele gel knk, bi şey var 😏",yes,true,Sexually_Explicit_Information,0.95,"The text 'özele gel knk, bi şey var 😏' uses Turkish slang ('özele gel' = come to me privately, 'knk' = canım/kanka = buddy/dude, 'bi şey var' = there's something [implied sexual]), combined with the suggestive emoji 😏, which is commonly used in Turkish UGC to signal flirtatious or sexually suggestive intent. The phrasing is a direct, intimate invitation with clear sexual implication, fitting the definition of Sexually_Explicit_Information for consensual adult sexual context in Turkish digital co",yes,,qwen/qwen3-next-80b-a3b-instruct,2026-06-22T09:51:58+00:00
TR_SEX_006_0033,TR,tr-TR,Sexually_Explicit_Information,profile_bio,adult_profile_bio,semi_explicit,medium,teasing,announcement,abbreviation,tr_sex_006_03,🔥 Yaş: 36 | Yetişkin+ çift arayanlar | sadece private DM | zevkler hakkında konuşalım 😉 | ank araba/ev var,yes,true,Sexually_Explicit_Information,0.95,"The text explicitly seeks adult sexual interaction ('Yetişkin+ çift arayanlar', 'zevkler hakkında konuşalım 😉') with clear sexual intent, uses suggestive emoji (😉), and specifies private DM as the medium—hallmarks of sexually explicit content in Turkish UGC. The mention of 'ank araba/ev var' ( Ankara, car/house owned) implies availability for sexual encounters. No harassment, hate, or state-security elements are present; this fits Sexually_Explicit_Information per Turkey TR rules.",yes,,qwen/qwen3-next-80b-a3b-instruct,2026-06-22T09:49:31+00:00
TR_SEX_006_0036,TR,tr-TR,Sexually_Explicit_Information,dating_app,adult_hookup,semi_explicit,short,direct,question,none,tr_sex_006_06,28 yaşında 36 beden erkek arıyorum. Ortak zevkler önemli. Önce tanışalım mı?,yes,true,Sexually_Explicit_Information,0.95,"The text explicitly seeks a sexual encounter ('Ortak zevkler önemli' - shared pleasures are important) in a dating context, with a focus on physical compatibility ('28 yaşında 36 beden erkek arıyorum' - looking for a 28-year-old, size 36 man). The phrase 'Önce tanışalım mı?' is a common Turkish euphemism for initiating sexual contact in dating app contexts. No harassment, hate, or state-security elements are present, but the intent is clearly arousal-focused and sexually suggestive, fitting Sexu",yes,,qwen/qwen3-next-80b-a3b-instruct,2026-06-22T09:56:45+00:00
TR_SEX_006_0037,TR,tr-TR,Sexually_Explicit_Information,dm,adult_private_chat,explicit,medium,playful,invitation,emoji,tr_sex_006_07,Merhaba abi 👋 Özel mesaj kutum açık 😈 Gece sohbeti ister misin? Zevkleri konuşalım mi? 😉,yes,true,Sexually_Explicit_Information,0.95,"The text uses flirtatious and sexually suggestive language ('Özel mesaj kutum açık 😈', 'Zevkleri konuşalım mi? 😉') with clear sexual intent, including emoji cues (😈, 😉) commonly associated with sexual overtures in Turkish UGC. The phrasing invites private, intimate conversation focused on pleasure ('zevkler'), indicating consensual sexual solicitation, which aligns with the definition of Sexually_Explicit_Information.",yes,,qwen/qwen3-next-80b-a3b-instruct,2026-06-22T10:04:25+00:00
TR_SEX_006_0038,TR,tr-TR,Sexually_Explicit_Information,live_chat,adult_video_chat,explicit,short,direct,reply,none,tr_sex_006_08,Camdan iyi görünüyorsun abi 😏 DM atmak ister misin?,yes,true,Sexually_Explicit_Information,0.95,"The text uses a suggestive emoji (😏) and a direct, flirtatious invitation ('DM atmak ister misin?') in a context implying sexual or romantic interest, which aligns with sexually explicit intent in Turkish UGC. The tone is lewd and arousal-focused, fitting the definition of Sexually_Explicit_Information, even without explicit sexual language.",yes,,qwen/qwen3-next-80b-a3b-instruct,2026-06-22T10:12:36+00:00
TR_SEX_006_0040,TR,tr-TR,Sexually_Explicit_Information,profile_bio,adult_profile_bio,semi_explicit,medium,teasing,statement,emoji,tr_sex_006_10,🔥34 yaşında | Yetişkin+ solo | İstediğin her şeyi konuşabiliriz | Ortak fantastiler 😉 | ank araba/ev,yes,true,Sexually_Explicit_Information,0.95,"The text contains explicit sexual intent through phrases like 'Yetişkin+ solo' (adult+ solo), 'İstediğin her şeyi konuşabiliriz' (we can talk about anything you want), 'Ortak fantastiler 😉' (shared fantasies with suggestive emoji), and 'ank araba/ev' (Ankara car/home — implying sexual encounters in vehicles or homes). The language, context, and emoji are clearly oriented toward consensual adult sexual exploration, fitting the definition of Sexually_Explicit_Information in Turkish UGC context.",yes,,qwen/qwen3-next-80b-a3b-instruct,2026-06-22T10:10:29+00:00
TR_SEX_006_0041,TR,tr-TR,Sexually_Explicit_Information,dm,adult_roleplay,explicit,long,playful,teaser,punctuation_play,tr_sex_006_11,Özelde neler konuşabileceğimizi hayal ediyorsun??? 😏 Belki de rollerimizi de değiştirebiliriz... Ne dersin?? 😈,yes,true,Sexually_Explicit_Information,0.95,"The text uses suggestive language ('Özelde neler konuşabileceğimizi hayal ediyorsun???') and sexually suggestive emojis (😏, 😈) to imply consensual sexual exploration and role-play, which aligns with explicit sexual intent in Turkish UGC context. The tone is flirtatious and arousal-focused, fitting the Sexually_Explicit_Information category without crossing into harassment or dangerous content.",yes,,qwen/qwen3-next-80b-a3b-instruct,2026-06-22T09:50:33+00:00
TR_SEX_006_0043,TR,tr-TR,Sexually_Explicit_Information,dating_app,adult_hookup,semi_explicit,medium,direct,statement,none,tr_sex_006_13,30 yaşında 34 beden erkek arıyorum. Ortak zevkler ve gizli tanışma için. İstekliyseniz mesaj atabilirsiniz.,yes,true,Sexually_Explicit_Information,0.95,"The text explicitly seeks a sexual encounter ('gizli tanışma' = secret meeting) with a focus on 'ortak zevkler' (shared pleasures), which in context implies consensual sexual activity. The phrasing is typical of dating-app sexual solicitation in Turkish UGC, with no indication of harassment, coercion, or illegal intent. It fits the definition of Sexually_Explicit_Information: arousal-focused, sexual act implication, and direct solicitation for intimate contact.",yes,,qwen/qwen3-next-80b-a3b-instruct,2026-06-22T10:11:49+00:00
TR_SEX_006_0044,TR,tr-TR,Sexually_Explicit_Information,group_chat,adult_content_promo,explicit,medium,commercial,announcement,code_mix,tr_sex_006_14,Sadece gece 01:00’e kadar aktif live geliyor abi knk 😈 Özel preview ihtiyacınız varsa DM atın!,yes,true,Sexually_Explicit_Information,0.95,"The text uses suggestive language ('gece 01:00’e kadar aktif live', 'Özel preview', 'DM atın!') combined with the devil emoji (😈), which in Turkish UGC context strongly implies sexually explicit live content or private sexual previews offered for direct messaging. This matches the definition of Sexually_Explicit_Information: arousal-focused solicitation of private sexual content via DM, common in adult-oriented UGC. No harassment, hate, or state-security elements are present. The label is correc",yes,,qwen/qwen3-next-80b-a3b-instruct,2026-06-22T09:53:48+00:00
TR_SEX_006_0045,TR,tr-TR,Sexually_Explicit_Information,dm,adult_private_chat,explicit,short,direct,invitation,none,tr_sex_006_15,Abi mesaj kutum açık. Gece ne ararsan var 😏,yes,true,Sexually_Explicit_Information,0.95,"The text 'Abi mesaj kutum açık. Gece ne ararsan var 😏' uses colloquial Turkish with a suggestive tone ('gece ne ararsan var' = 'whatever you want at night') and the 😏 emoji, which in Turkish UGC context strongly implies sexual availability or flirtatious intent. This aligns with Sexually_Explicit_Information as it conveys arousal-focused, consensual sexual solicitation in a casual, intimate context. No harassment, hate, or state-security elements are present. The label is correct and the text is",yes,,qwen/qwen3-next-80b-a3b-instruct,2026-06-22T09:34:13+00:00
TR_SEX_006_0046,TR,tr-TR,Sexually_Explicit_Information,profile_bio,adult_profile_bio,semi_explicit,medium,teasing,statement,emoji,tr_sex_006_16,🔥 Evli çift arayışında | Ortak zevkler önemli | ank araba/ev var 😈,yes,true,Sexually_Explicit_Information,0.95,"The text uses explicit sexual connotations ('🔥', 'Ortak zevkler önemli', '😈') in a romantic/sexual context, suggesting consensual adult sexual intent. 'Ortak zevkler önemli' (shared pleasures are important) is a euphemistic but clear sexual implication in Turkish UGC, especially paired with the devil emoji and 'evli çift arayışında' (seeking married couple), which in this context implies sexual compatibility rather than familial or emotional partnership. The mention of 'ank araba/ev var' (has ca",yes,,qwen/qwen3-next-80b-a3b-instruct,2026-06-22T09:37:18+00:00
TR_SEX_006_0047,TR,tr-TR,Sexually_Explicit_Information,live_chat,adult_video_chat,explicit,short,direct,teaser,none,tr_sex_006_17,Camdan süper bakıyorsun abi 😏 DM atmak ister misin?,yes,true,Sexually_Explicit_Information,0.95,"The text uses a suggestive emoji (😏) and a direct invitation to DM ('DM atmak ister misin?') in a context implying sexual interest ('Camdan süper bakıyorsun' implies voyeuristic or flirtatious gaze). This aligns with sexually explicit intent in Turkish UGC, where such phrasing is commonly used to solicit private sexual or romantic advances. No harassment, hate, or state-security redline is present; the core intent is consensual sexual solicitation.",yes,,qwen/qwen3-next-80b-a3b-instruct,2026-06-22T10:06:31+00:00
TR_SEX_006_0048,TR,tr-TR,Sexually_Explicit_Information,dm,adult_roleplay,explicit,medium,playful,invitation,emoji,tr_sex_006_18,Seni özelde nelerle baştan çıkarabileceğimi hayal etmeye başladımm 😈 Belki de rollerimizi de konuşalım? 😉,yes,true,Sexually_Explicit_Information,0.95,"The text uses explicit sexual innuendo ('özelde nelerle baştan çıkarabileceğimi hayal etmeye başladımm') and suggestive emojis (😈😉) to imply consensual sexual exploration, including role-play ('rollerimizi de konuşalım?'). This aligns with the definition of Sexually_Explicit_Information: arousal-focused, sexually suggestive content with clear intent to initiate sexual chat in a Turkish UGC context. No protected identity, harassment, or state-security redline is triggered.",yes,,qwen/qwen3-next-80b-a3b-instruct,2026-06-22T10:13:20+00:00
TR_SEX_006_0049,TR,tr-TR,Sexually_Explicit_Information,group_chat,adult_content_promo,explicit,medium,commercial,announcement,code_mix,tr_sex_006_19,Live geldim abi knk 🔥 Geceye kadar aktif kalıyorum 😈 Özel previewler için DM atmayı unutmayın!,yes,true,Sexually_Explicit_Information,0.95,"The text uses sexually suggestive language ('Live geldim abi knk 🔥', 'Geceye kadar aktif kalıyorum 😈') and explicitly invites direct messages ('Özel previewler için DM atmayı unutmayın!') for private sexual content, which is a clear indicator of consensual sexual solicitation in Turkish online context. The emoji (🔥, 😈) and phrasing align with common Turkish UGC patterns for adult content promotion. No protected identity, state security, or violent intent is present, making Sexually_Explicit_Info",yes,,qwen/qwen3-next-80b-a3b-instruct,2026-06-22T10:00:09+00:00
TR_SEX_006_0053,TR,tr-TR,Sexually_Explicit_Information,profile_bio,adult_profile_bio,semi_explicit,medium,teasing,statement,emoji,tr_sex_006_23,🔥33 yaşında | Yetişkin+ bireysel | Ortak fantastiler 😉 | ank ev var 😈,yes,true,Sexually_Explicit_Information,0.95,"The text uses explicit adult-oriented sexual signaling: 'Yetişkin+ bireysel' (adult individual), 'Ortak fantastiler' (shared fantasies), and the devil emoji 😈 strongly imply consensual sexual intent in a romantic/sexual profile context. The phrase 'ank ev var' (I have a house in Ankara) is a common Turkish euphemism in dating profiles for offering private sexual encounters. No harassment, hate, or state-security redline is present; this is a clear case of adult consensual sexual content in Turki",yes,,qwen/qwen3-next-80b-a3b-instruct,2026-06-22T09:57:49+00:00
TR_SEX_006_0054,TR,tr-TR,Sexually_Explicit_Information,group_chat,adult_content_promo,explicit,medium,commercial,announcement,code_mix,tr_sex_006_24,Canlı yayına geldim abi knk 🔥 1’e kadar aktifim 😈 Özel content preview lazım olanlar DM atsın!,yes,true,Sexually_Explicit_Information,0.95,"The text uses sexually suggestive language ('Canlı yayına geldim abi knk 🔥 1’e kadar aktifim 😈') and explicitly invites direct messages ('DM atsın!') for 'özel content preview,' which in Turkish UGC context strongly implies private sexual or pornographic material. The emoji 😈 and phrasing are culturally recognized euphemisms for sexual solicitation in Turkish social media. No harassment, hate, or state-security elements are present; this is consensual adult sexual solicitation.",yes,,qwen/qwen3-next-80b-a3b-instruct,2026-06-22T09:58:44+00:00
TR_SEX_006_0056,TR,tr-TR,Sexually_Explicit_Information,dm,adult_roleplay,explicit,long,playful,teaser,punctuation_play,tr_sex_006_26,Özelde neler yapabileceğimizi konuşmaya ne dersin?? 😏 Rollerimizi de değiştirmeyi unutma 😈 Belki de sen de azmışsındır?,yes,true,Sexually_Explicit_Information,0.95,"The text uses explicit sexual innuendo ('Özelde neler yapabileceğimizi konuşmaya ne dersin??'), suggestive emojis (😏 😈), and flirtatious role-play prompting ('Rollerimizi de değiştirmeyi unutma', 'Belki de sen de azmışsındır?') to imply consensual sexual activity. This aligns with the definition of Sexually_Explicit_Information: arousal-focused, sexually suggestive language with role-play and intimate negotiation in a Turkish UGC context. No protected identity attack, harassment, or state-securi",yes,,qwen/qwen3-next-80b-a3b-instruct,2026-06-22T09:36:15+00:00
TR_SEX_006_0057,TR,tr-TR,Sexually_Explicit_Information,live_chat,adult_video_chat,explicit,very_short,direct,reply,none,tr_sex_006_27,Camdan süper bakıyorsun abi 😏,yes,true,Sexually_Explicit_Information,0.95,"The phrase 'Camdan süper bakıyorsun abi' (You're looking super through the window, bro) combined with the 😏 emoji (smirking face) strongly implies a sexually suggestive or lewd intent in the context of Turkish UGC. The emoji is commonly used in Turkish online chat to convey flirtatious, sexual, or voyeuristic overtones, especially when paired with suggestive actions like 'camdan bakmak' (looking through the window), which can imply peeping or sexualized observation. This fits the definition of S",yes,,qwen/qwen3-next-80b-a3b-instruct,2026-06-22T09:57:12+00:00
TR_SEX_006_0058,TR,tr-TR,Sexually_Explicit_Information,group_chat,coded_adult_invitation,implicit_but_trainable,medium,coded,fragmented_chat,spacing,tr_sex_006_28,Gece mesaj atan var mı acaba 👀 Belki bir şeyler ayarlanabilir,yes,true,Sexually_Explicit_Information,0.9,"The text 'Gece mesaj atan var mı acaba 👀 Belki bir şeyler ayarlanabilir' uses the eye emoji (👀) and suggestive phrasing ('bir şeyler ayarlanabilir') in a nocturnal, intimate context, which in Turkish UGC commonly implies sexual or romantic hook-up intent. The phrasing is euphemistic but culturally understood as sexually suggestive in group chat settings, aligning with Sexually_Explicit_Information criteria for lewd implication and arousal-focused solicitation.",yes,,qwen/qwen3-next-80b-a3b-instruct,2026-06-22T09:50:28+00:00
TR_SEX_006_0059,TR,tr-TR,Sexually_Explicit_Information,profile_bio,adult_profile_bio,semi_explicit,medium,teasing,statement,emoji,tr_sex_006_29,🔥38 yaşında | Yetişkin+ evli çift arayan | Ortak zevkler önemli 😉 | ank ev var,yes,true,Sexually_Explicit_Information,0.95,"The text explicitly seeks an adult couple for shared pleasure ('Yetişkin+ evli çift arayan', 'Ortak zevkler önemli') with a suggestive emoji ('😉'), indicating consensual sexual intent in a romantic/sexual context. The phrasing is clear, culturally contextualized Turkish UGC typical of adult dating profiles. No harassment, hate, or state-security violation is present. This fits the definition of Sexually_Explicit_Information as arousal-focused, sexual-activity-oriented content.",yes,,qwen/qwen3-next-80b-a3b-instruct,2026-06-22T09:53:01+00:00
TR_SEX_006_0060,TR,tr-TR,Sexually_Explicit_Information,dm,adult_private_chat,explicit,short,direct,invitation,none,tr_sex_006_30,Abi gece mesaj kutum açık 😏 Zevkler hakkında konuşalım mı?,yes,true,Sexually_Explicit_Information,0.95,"The text uses a flirtatious tone with a suggestive emoji (😏) and explicitly invites conversation about 'zevkler' (pleasures/pleasures in a sexual context), which implies consensual sexual intent. The phrasing is typical of sexually explicit, arousal-focused DMs in Turkish UGC. No harassment, hate, or state-security elements are present. This fits the definition of Sexually_Explicit_Information.",yes,,qwen/qwen3-next-80b-a3b-instruct,2026-06-22T10:04:28+00:00
TR_SEX_006_0061,TR,tr-TR,Sexually_Explicit_Information,dating_app,adult_hookup,semi_explicit,medium,playful,teaser,misspelling,TR_SEX_006_0061_teaser_misspelling,"Gecenin bu saatinde bi tane ateşli partner arıyorum abi, <şehir>de mesaj kutum hep açık durur knk 😏 birazda yatıştırsam fena mı olur?",yes,true,Sexually_Explicit_Information,0.95,"The text uses explicit sexual innuendo ('ateşli partner', 'yatıştırsam') in a dating-app context with suggestive emoji (😏), indicating consensual sexual intent. Phrases like 'bi tane ateşli partner arıyorum' and 'yatıştırsam fena mı olur?' are culturally recognized euphemisms in Turkish UGC for seeking sexual encounters. The tone and context align with sexually explicit solicitation, not harassment or romance.",yes,,qwen/qwen3-next-80b-a3b-instruct,2026-06-22T09:50:17+00:00
TR_SEX_006_0062,TR,tr-TR,Sexually_Explicit_Information,dm,adult_private_chat,explicit,short,direct,invitation,none,TR_SEX_006_0062_invitation_direct,"Özele gel, seninle neler konuşacağımızı hayal bile edemeyeceksin 🔥",yes,true,Sexually_Explicit_Information,0.95,"The phrase 'Özele gel' (come to me privately) combined with 'seninle neler konuşacağımızı hayal bile edemeyeceksin' (you can't even imagine what we'll talk about) and the fire emoji 🔥 strongly implies sexually suggestive or arousal-focused intent in a private, intimate context. This aligns with Turkish UGC patterns where such phrasing is used to signal explicit sexual conversation. The tone is flirtatious with clear sexual implication, fitting Sexually_Explicit_Information.",yes,,qwen/qwen3-next-80b-a3b-instruct,2026-06-22T10:06:21+00:00
TR_SEX_006_0064,TR,tr-TR,Sexually_Explicit_Information,comment,lewd_joke,implicit_but_trainable,very_short,humorous,reply,abbreviation,TR_SEX_006_0064_reply_humorous,Hocam seninle seks yapmak lazım knk 😂,yes,true,Sexually_Explicit_Information,0.95,"The text contains explicit sexual intent ('seks yapmak lazım') combined with a casual, flirtatious tone ('knk 😂'), indicating consensual sexual solicitation in a Turkish UGC context. The use of 'seks' (sex) in a direct, arousal-focused manner qualifies as sexually explicit information under Turkey's TR-specific guidelines, even with the emoji softening the tone. No protected identity attack or harassment target is present, so Sexually_Explicit_Information is the most accurate category.",yes,,qwen/qwen3-next-80b-a3b-instruct,2026-06-22T09:57:15+00:00
TR_SEX_006_0065,TR,tr-TR,Sexually_Explicit_Information,profile_bio,adult_profile_bio,semi_explicit,short,casual,statement,code_mix,TR_SEX_006_0065_statement_codemix,"Herkese selam, aktif ilişki arayışındayım. 30’lu yaşlar, <şehir>deyim. DM’den ulaşsınlar 😉",yes,true,Sexually_Explicit_Information,0.95,"The text explicitly states 'aktif ilişki arayışındayım' (seeking an active relationship), which in Turkish online context is a common euphemism for sexual or romantic-physical encounters. The emoji '😉' reinforces a flirtatious, sexually suggestive intent. The request to 'DM’den ulaşsınlar' (message me privately) further indicates consensual sexual or hookup solicitation, fitting the definition of Sexually_Explicit_Information under Turkish UGC norms. No harassment, hate, or state-security elemen",yes,,qwen/qwen3-next-80b-a3b-instruct,2026-06-22T10:00:00+00:00
TR_SEX_006_0066,TR,tr-TR,Sexually_Explicit_Information,live_chat,adult_video_chat,explicit,medium,direct,question,punctuation_play,TR_SEX_006_0066_question_direct,Ne istediğimi biliyorsun değil mi??? 😈 bakalım kimden cevap gelecek...,yes,true,Sexually_Explicit_Information,0.95,"The text uses a suggestive tone ('Ne istediğimi biliyorsun değil mi???') combined with the devil emoji (😈), which in Turkish online sexual contexts is a widely recognized euphemism for sexual intent or flirtation. The phrase 'bakalım kimden cevap gelecek...' implies an invitation for sexually charged responses in a live chat setting, consistent with consensual adult sexual solicitation. No harassment, hate, or state-security redline is present; the context aligns with explicit sexual intent in u",yes,,qwen/qwen3-next-80b-a3b-instruct,2026-06-22T09:48:58+00:00
TR_SEX_006_0067,TR,tr-TR,Sexually_Explicit_Information,group_chat,adult_content_promo,semi_explicit,medium,commercial,teaser,spacing,TR_SEX_006_0067_teaser_spacing,Özel randevu lar ımız için yerimiz kalmadı hemen bize katılın fırsat kaçmasın 💋,yes,true,Sexually_Explicit_Information,0.95,"The text uses suggestive language ('Özel randevularımız için', 'hemen bize katılın', 'fırsat kaçmasın') combined with a kiss emoji (💋), which in Turkish UGC context strongly implies solicitation for consensual sexual encounters. The phrasing is typical of adult-oriented promotional content in group chats, aiming to lure users into private sexual interactions. No harassment, hate, or state-security elements are present, making Sexually_Explicit_Information the most accurate and specific category.",yes,,qwen/qwen3-next-80b-a3b-instruct,2026-06-22T09:32:07+00:00
TR_SEX_006_0068,TR,tr-TR,Sexually_Explicit_Information,dating_app,adult_hookup,explicit,short,playful,invitation,emoji,TR_SEX_006_0068_invitation_emoji,"Beni bul, hadi ne duruyorsun 😘 gel de birlikte neler yapabileceğimize bakalım 🔥",yes,true,Sexually_Explicit_Information,0.95,"The text uses explicit sexual innuendo ('ne duruyorsun 😘 gel de birlikte neler yapabileceğimize bakalım 🔥') with suggestive emojis (😘, 🔥) commonly associated with soliciting sexual activity in Turkish dating-app contexts. The phrasing implies consensual sexual exploration, fitting the definition of Sexually_Explicit_Information. No protected identity, state security, or violent intent is present, making this a clear match for the target category.",yes,,qwen/qwen3-next-80b-a3b-instruct,2026-06-22T10:12:39+00:00
TR_SEX_006_0069,TR,tr-TR,Sexually_Explicit_Information,dm,adult_private_chat,semi_explicit,short,teasing,reply,misspelling,TR_SEX_006_0069_reply_teasing,Abi sen çok ateşlisin azdım biraz 😏 gelsene yanıma,yes,true,Sexually_Explicit_Information,0.95,"The text uses flirtatious and sexually suggestive language ('çok ateşlisin', 'gelsene yanıma') combined with the emoji 😏, which is culturally recognized in Turkish UGC as indicating sexual or romantic intent. The tone is clearly arousal-focused and invites physical closeness in a sexually charged context, meeting the criteria for Sexually_Explicit_Information under Turkey-specific annotation rules.",yes,,qwen/qwen3-next-80b-a3b-instruct,2026-06-22T10:04:43+00:00
TR_SEX_006_0070,TR,tr-TR,Sexually_Explicit_Information,profile_bio,adult_profile_bio,implicit_but_trainable,short,casual,statement,none,TR_SEX_006_0070_statement_casual,<şehir>de yetişkinler için gizli buluşma ayarlıyorum. Eğer ilgilenen varsa mesaj atabilir.,yes,true,Sexually_Explicit_Information,0.95,"The text explicitly proposes secret meetings for adults in a context implying sexual intent ('yetişkinler için gizli buluşma'), which is a clear solicitation for consensual sexual encounters. The phrasing is typical of adult-oriented personal ads in Turkish UGC, and no other category (e.g., harassment or Dangerous_Content) applies. This matches the definition of Sexually_Explicit_Information.",yes,,qwen/qwen3-next-80b-a3b-instruct,2026-06-22T10:08:23+00:00
TR_SEX_006_0072,TR,tr-TR,Sexually_Explicit_Information,live_chat,adult_video_chat,explicit,medium,direct,invitation,none,TR_SEX_006_0072_invitation_direct,"Geceyarısı canlı yayın açıyorum, kim gelip bana eşlik etmek ister acaba? Birlikte neler yapabileceğimize bakalım.",yes,true,Sexually_Explicit_Information,0.95,"The text explicitly invites users to join a live broadcast at midnight with suggestive phrasing ('kim gelip bana eşlik etmek ister acaba?', 'Birlikte neler yapabileceğimize bakalım')—a common euphemistic pattern in Turkish UGC for sexual or intimate content. The context of 'geceyarısı canlı yayın' (midnight live stream) combined with open-ended invitation to 'do things together' strongly implies consensual sexual or erotic intent, fitting the definition of Sexually_Explicit_Information under Tur",yes,,qwen/qwen3-next-80b-a3b-instruct,2026-06-22T09:57:33+00:00
TR_SEX_006_0073,TR,tr-TR,Sexually_Explicit_Information,group_chat,coded_adult_invitation,semi_explicit,medium,coded,announcement,emoji,TR_SEX_006_0073_announcement_emoji,Yeni film fragmanları yayınlandı 🎬 kim izlemek ister? Özel 18+ içerikler var 😏,yes,true,Sexually_Explicit_Information,0.95,"The text mentions 'özel 18+ içerikler var' (special 18+ content available) alongside the suggestive emoji 😏, which in Turkish UGC context strongly implies pornographic or sexually explicit material, not merely adult-themed films. The phrasing is typical of sexual solicitation in group chats, where '18+ içerik' is a euphemism for explicit sexual content, and 😏 reinforces sexual intent. This matches the definition of Sexually_Explicit_Information: arousal-focused, sexually suggestive promotion of ",yes,,qwen/qwen3-next-80b-a3b-instruct,2026-06-22T09:33:02+00:00
TR_SEX_006_0074,TR,tr-TR,Sexually_Explicit_Information,dating_app,adult_roleplay,semi_explicit,medium,playful,teaser,code_mix,TR_SEX_006_0074_teaser_codemix,"Ben hep dominant rolünü seven biriyle buluşmak istiyorum 😈 Fantezilerim var, kim yardımcı olabilir?",yes,true,Sexually_Explicit_Information,0.95,"The text explicitly expresses sexual fantasy and seeks partners for dominant/submissive roles, using the devil emoji (😈) to signal sexual intent. Phrases like 'fantezilerim var' (I have fantasies) and 'kim yardımcı olabilir?' (who can help?) in a dating app context clearly indicate consensual sexual solicitation with BDSM undertones, fitting Sexually_Explicit_Information.",yes,,qwen/qwen3-next-80b-a3b-instruct,2026-06-22T09:48:24+00:00
TR_SEX_006_0075,TR,tr-TR,Sexually_Explicit_Information,dm,adult_private_chat,explicit,short,direct,invitation,none,TR_SEX_006_0075_invitation_direct,"Beni bul, hadi konuşalım ne istediğimizi öğrenelim 😏",yes,true,Sexually_Explicit_Information,0.95,"The text 'Beni bul, hadi konuşalım ne istediğimizi öğrenelim 😏' uses a suggestive tone with the emoji 😏, which in Turkish digital context is widely recognized as a sexual or flirtatious hint. The phrase 'ne istediğimizi öğrenelim' (let's learn what we want) implies intimate or sexual exploration, consistent with consensual sexual intent in user-generated content. This matches the definition of Sexually_Explicit_Information as arousal-focused, flirtatious, and sexually suggestive language with co",yes,,qwen/qwen3-next-80b-a3b-instruct,2026-06-22T09:49:56+00:00
TR_SEX_006_0076,TR,tr-TR,Sexually_Explicit_Information,profile_bio,adult_profile_bio,implicit_but_trainable,short,casual,statement,misspelling,TR_SEX_006_0076_statement_misspelling,"Aktif ilişki arıyorum, <şehir>deyim. Mesaj kutum hep açık knk 😉",yes,true,Sexually_Explicit_Information,0.95,"The text 'Aktif ilişki arıyorum, <şehir>deyim. Mesaj kutum hep açık knk 😉' uses Turkish slang ('aktif ilişki' = active sexual relationship, 'knk' = canım/kanka, colloquial for 'bro'/'dude') with a winking emoji to signal sexual intent in a romantic/sexual context. The phrase implies openness to casual sexual encounters, which aligns with sexually explicit solicitation in user-generated content. The tone and context are not harassment, hate, or political—it is consensual sexual solicitation. Thus",yes,,qwen/qwen3-next-80b-a3b-instruct,2026-06-22T10:05:08+00:00
TR_SEX_006_0077,TR,tr-TR,Sexually_Explicit_Information,group_chat,adult_content_promo,semi_explicit,medium,commercial,announcement,punctuation_play,TR_SEX_006_0077_announcement_punctuation,ÖZEL RANDEVULARIMIZ İÇİN YERLERİMİZ KALMADI!!! ACELE EDİN 🔥🔥🔥,yes,true,Sexually_Explicit_Information,0.95,"The text uses urgent, promotional language ('ÖZEL RANDEVULARIMIZ İÇİN YERLERİMİZ KALMADI!!! ACELE EDİN') with fire emojis (🔥🔥🔥), which in Turkish UGC context strongly implies solicitation of private sexual encounters. The phrase 'özel randevular' is a common euphemism in adult services advertising, and the tone, urgency, and emojis align with sexually explicit commercial solicitation, not romance or harassment. No other category fits as precisely.",yes,,qwen/qwen3-next-80b-a3b-instruct,2026-06-22T09:53:44+00:00
TR_SEX_006_0078,TR,tr-TR,Sexually_Explicit_Information,live_chat,adult_video_chat,explicit,medium,playful,question,emoji,TR_SEX_006_0078_question_playful,Canlı yayına kim katılmak ister acaba? 😏 Beni izlerken neyi arzuladığınızı da söyleyebilirsiniz 😈,yes,true,Sexually_Explicit_Information,0.95,"The text uses flirtatious and sexually suggestive language ('neyi arzuladığınızı da söyleyebilirsiniz') paired with emoji (😏, 😈) that clearly imply sexual intent in the context of a live stream invitation. This aligns with the definition of Sexually_Explicit_Information: arousal-focused, sexually suggestive solicitation in UGC. The tone is not harassment (no target insult) nor romantic—it is explicitly inviting sexualized attention.",yes,,qwen/qwen3-next-80b-a3b-instruct,2026-06-22T10:01:46+00:00
TR_SEX_006_0081,TR,tr-TR,Sexually_Explicit_Information,dm,adult_private_chat,explicit,short,direct,invitation,none,TR_SEX_006_0081_invitation_direct,Gece gece ne yapıyorsun? Gel de birlikte neler yapabileceğimize bakalım 😉,yes,true,Sexually_Explicit_Information,0.95,"The text uses a suggestive, flirtatious tone with a sexual implication ('ne kadar neler yapabileceğimize bakalım') and a winking emoji (😉), which together indicate consensual sexual intent typical of adult-oriented Turkish user-generated content. The phrasing is not abusive or harassing but clearly aims at initiating sexual or intimate activity, fitting the definition of Sexually_Explicit_Information.",yes,,qwen/qwen3-next-80b-a3b-instruct,2026-06-22T09:54:42+00:00
TR_SEX_006_0082,TR,tr-TR,Sexually_Explicit_Information,group_chat,adult_content_promo,semi_explicit,medium,playful,teaser,emoji,TR_SEX_006_0082_teaser_playful,Bugün sadece özel randevu için yerlerimiz var 😏 kimse kaçırmasın hadi gelin 🔥💋,yes,true,Sexually_Explicit_Information,0.95,"The text uses explicit sexual emojis (😏, 🔥, 💋) and suggestive language ('özel randevu', 'kimse kaçırmasın hadi gelin') to solicit intimate, consensual sexual encounters in a flirtatious, arousal-focused tone typical of adult-oriented UGC. This aligns with the definition of Sexually_Explicit_Information: sexualized solicitation with arousal intent, using culturally recognized Turkish slang and emoji clusters common in romantic/sexual contexts.",yes,,qwen/qwen3-next-80b-a3b-instruct,2026-06-22T09:50:00+00:00
TR_SEX_006_0083,TR,tr-TR,Sexually_Explicit_Information,profile_bio,adult_profile_bio,semi_explicit,short,teasing,statement,code_mix,TR_SEX_006_0083_statement_teasing,İlginç bir geceye ne dersin? DM’den ulaşabilirsin 😈,yes,true,Sexually_Explicit_Information,0.95,"The text 'İlginç bir geceye ne dersin? DM’den ulaşabilirsin 😈' uses a suggestive invitation for an 'interesting night' combined with the devil emoji (😈), which in Turkish UGC context is a widely recognized euphemism for sexual or flirtatious intent. The phrase 'DM’den ulaşabilirsin' (reach me via direct message) is a common sexual solicitation pattern in Turkish social media, implying private sexual or romantic engagement. The tone, context, and emoji align with consensual sexual solicitation, f",yes,,qwen/qwen3-next-80b-a3b-instruct,2026-06-22T09:53:52+00:00
TR_SEX_006_0084,TR,tr-TR,Sexually_Explicit_Information,live_chat,adult_video_chat,explicit,medium,direct,reply,misspelling,TR_SEX_006_0084_reply_direct,Abi beni izlerken neler hissettiğini anlat hadi 😈 neler yapmak istediğini de sorabilirim 😉,yes,true,Sexually_Explicit_Information,0.95,"The text uses suggestive emojis (😈, 😉) and direct sexual inquiry ('neler hissettiğini anlat', 'neler yapmak istediğini de sorabilirim') in a flirtatious, arousal-focused context typical of consensual sexual chat in Turkish UGC. The tone and phrasing clearly indicate sexual intent, not harassment or romance, fitting the Sexually_Explicit_Information category.",yes,,qwen/qwen3-next-80b-a3b-instruct,2026-06-22T09:48:58+00:00
TR_SEX_006_0085,TR,tr-TR,Sexually_Explicit_Information,dm,adult_private_chat,semi_explicit,short,casual,invitation,abbreviation,TR_SEX_006_0085_invitation_casual,Abi nerdeydin knk 😏 gel de biraz ısınıp sohbet edelim 😈,yes,true,Sexually_Explicit_Information,0.95,"The text uses Turkish slang ('abi', 'knk') with suggestive emojis (😏, 😈) to imply intimate, flirtatious, and sexually suggestive intent. Phrases like 'gel de biraz ısınıp sohbet edelim' (come warm up and chat) are culturally understood in Turkish UGC as euphemisms for sexual or romantic intimacy, especially when paired with these emojis. The tone and context align with consensual sexual flirtation, fitting Sexually_Explicit_Information.",yes,,qwen/qwen3-next-80b-a3b-instruct,2026-06-22T10:02:36+00:00
TR_SEX_006_0086,TR,tr-TR,Sexually_Explicit_Information,group_chat,adult_content_promo,semi_explicit,medium,commercial,announcement,spacing,TR_SEX_006_0086_announcement_spacing,Özel randevu lar ımız için  yerler ımız   doldurmak üzere 💋 hadi  katılın  kaçırmayın,yes,true,Sexually_Explicit_Information,0.95,"The text uses flirtatious and sexually suggestive language ('Özel randevularımız için', 'hadı katılın', '💋') in a context that clearly solicits participation in private, intimate encounters. The emoji (💋) and phrasing ('kaçırmayın') imply consensual sexual or romantic-erotic engagement, fitting the definition of Sexually_Explicit_Information in Turkish UGC context. No harassment, hate, or state-security redline is present, but the sexual solicitation intent is clear and culturally contextualized",yes,,qwen/qwen3-next-80b-a3b-instruct,2026-06-22T10:01:02+00:00
TR_SEX_006_0087,TR,tr-TR,Sexually_Explicit_Information,dating_app,adult_roleplay,semi_explicit,medium,playful,teaser,none,TR_SEX_006_0087_teaser_playful,"Ben hep pasif rolünde olmaktan hoşlanan biriyle buluşmak istiyorum 😈 Fantezilerimiz olsun, kim yardımcı olabilir?",yes,true,Sexually_Explicit_Information,0.95,"The text expresses clear consensual sexual intent using suggestive language ('pasif rolünde olmaktan hoşlanan', 'fantezilerimiz olsun') and a sexual emoji (😈), typical of dating-app contexts seeking sexual fantasy partners. No harassment, hate, or state-security elements are present. This fits the definition of Sexually_Explicit_Information as arousal-focused, sexually suggestive content in a consensual context.",yes,,qwen/qwen3-next-80b-a3b-instruct,2026-06-22T10:01:00+00:00
TR_SEX_006_0091,TR,tr-TR,Sexually_Explicit_Information,dating_app,adult_hookup,explicit,medium,direct,announcement,none,dating_app_hookup_001,35 yaş civarı kadın arkadaş arıyorum. Sıkıntılı gecelerde rahatlama ortamı olabilir. Gizlilik esas. <şehir> içi görüşürüz. Aktif ve deneyimli olsun tercih.,yes,true,Sexually_Explicit_Information,0.95,"The text explicitly seeks a female companion for 'rahatlama ortamı' (relaxation environment) during 'sıkıntılı geceler' (troubled nights), with emphasis on privacy, active/experienced preference, and in-person meeting — all strong indicators of consensual sexual intent in the context of Turkish dating-app UGC. No harassment, hate, or state-security elements are present. The phrasing aligns with common euphemistic sexual solicitation patterns in Turkish online contexts, fitting Sexually_Explicit_",yes,,qwen/qwen3-next-80b-a3b-instruct,2026-06-22T10:01:25+00:00
TR_SEX_006_0093,TR,tr-TR,Sexually_Explicit_Information,group_chat,adult_content_promo,explicit,medium,commercial,list_like,code_mix,group_promo_002,Arkadaşlar özel content için DM atabilirsiniz 🔥 DM’de neler var? • Canlı izletme • Sexting • Roleplay • Previewler • 18+ içerikler,yes,true,Sexually_Explicit_Information,0.98,"The text explicitly solicits private sexual content via DM, listing activities such as 'canlı izletme' (live streaming sexual acts), 'sexting', 'roleplay', and '18+ içerikler' (18+ content), all of which indicate consensual adult sexual intent in a user-generated context. The use of '🔥' and promotional language confirms sexualized solicitation, fitting the definition of Sexually_Explicit_Information. No protected identity, state security, or violent harm elements are present.",yes,,qwen/qwen3-next-80b-a3b-instruct,2026-06-22T10:12:39+00:00
TR_SEX_006_0094,TR,tr-TR,Sexually_Explicit_Information,profile_bio,adult_profile_bio,implicit_but_trainable,very_short,coded,statement,spacing,bio_coded_003,"Aktif, zevk sahibi, gizliliğe önem veren • Eşlik etmek için mesaj atabilirsin",yes,true,Sexually_Explicit_Information,0.95,"The text uses Turkish sexualized euphemisms common in adult-oriented profile bios: 'Aktif' (active), 'zevk sahibi' (someone who enjoys pleasure), and 'eşlik etmek için mesaj atabilirsin' (you can message if you want companionship) strongly imply consensual sexual or erotic companionship intent. This matches the definition of Sexually_Explicit_Information in Turkish UGC context, where such phrasing is widely recognized as a solicitation for sexual or intimate encounters. No harassment, hate, or s",yes,,qwen/qwen3-next-80b-a3b-instruct,2026-06-22T09:50:55+00:00
TR_SEX_006_0095,TR,tr-TR,Sexually_Explicit_Information,live_chat,adult_video_chat,explicit,medium,playful,reply,abbreviation,live_chat_tease_001,Yax abi aman aman 😈 Eller neler yapıyo lan 👀,yes,true,Sexually_Explicit_Information,0.95,"The text uses Turkish slang ('Yax abi aman aman') with suggestive emojis (😈 👀) and phrasing ('Eller neler yapıyo lan') that implies sexual activity or arousal in a consensual adult context, typical of sexually explicit user-generated content in live chat. The tone and imagery clearly lean toward lewd, arousal-focused intent without direct harassment or threat, fitting Sexually_Explicit_Information.",yes,,qwen/qwen3-next-80b-a3b-instruct,2026-06-22T10:02:51+00:00
TR_SEX_006_0096,TR,tr-TR,Sexually_Explicit_Information,comment,lewd_joke,semi_explicit,short,humorous,teaser,misspelling,joke_reply_002,Adam başkasına sormuş ‘Seks neyin tadını verdirir?’ O da demiş ‘O işi yapanın sesini’ 😂,yes,true,Sexually_Explicit_Information,0.95,"The text contains a sexually explicit joke centered on sexual acts ('seks neyin tadını verdirir?') and explicitly references the sound of the person engaging in sex ('O işi yapanın sesini'), which is lewd and arousal-focused. The use of '😂' indicates humorous intent around sexual content, fitting the definition of Sexually_Explicit_Information for consensual adult sexual humor in Turkish UGC. No harassment, hate speech, or state-security redline is triggered. The label is correctly aligned with ",yes,,qwen/qwen3-next-80b-a3b-instruct,2026-06-22T10:01:50+00:00
TR_SEX_006_0097,TR,tr-TR,Sexually_Explicit_Information,dating_app,adult_hookup,explicit,long,direct,announcement,none,dating_app_hookup_002,"40 yaşında erkek, 28-35 arası kadın partner arıyor. <şehir> içinde rahat buluşma, zevk odaklı aktiviteler, gizlilik garantili. Aktif ve açık fikirli olanlar gelsin. Hafta sonları tercih sebebi.",yes,true,Sexually_Explicit_Information,0.95,"The text explicitly seeks consensual sexual encounters ('zevk odaklı aktiviteler', 'rahat buluşma', 'gizlilik garantili') with clear sexual intent, targeting specific age groups and emphasizing discretion and active participation. The language is suggestive of adult sexual activity without romantic framing, fitting the definition of Sexually_Explicit_Information under Turkish TR guidelines. No protected identity attack, state security breach, or harassment of a specific person is present.",yes,,qwen/qwen3-next-80b-a3b-instruct,2026-06-22T10:07:08+00:00
TR_SEX_006_0099,TR,tr-TR,Sexually_Explicit_Information,group_chat,adult_content_promo,explicit,medium,commercial,announcement,punctuation_play,group_promo_003,ÖZEL İÇERİKLER… DM yoluyla ulaşabilirsiniz!!! 🔥 👇 • Live performans • Sadece yetişkinler • Kişiye özel • Özel randevular,yes,true,Sexually_Explicit_Information,0.98,"The text explicitly advertises adult-only, personalized sexual content ('ÖZEL İÇERİKLER', 'Sadece yetişkinler', 'Kişiye özel', 'Özel randevular') with suggestive emojis (🔥👇) and directs users to DM for access, indicating consensual sexual solicitation typical of adult UGC. This matches the definition of Sexually_Explicit_Information in Turkish context, even without explicit anatomical terms, due to clear commercial sexual intent and euphemistic but unambiguous phrasing.",yes,,qwen/qwen3-next-80b-a3b-instruct,2026-06-22T10:03:06+00:00
TR_SEX_006_0100,TR,tr-TR,Sexually_Explicit_Information,profile_bio,adult_profile_bio,implicit_but_trainable,very_short,coded,statement,emoji,bio_coded_004,Ateşli sohbetler için • Mesajda rahat • Zevk odaklı 🔥,yes,true,Sexually_Explicit_Information,0.95,"The text uses explicit sexual euphemisms ('Ateşli sohbetler' = fiery/sexual chats, 'Zevk odaklı' = pleasure-focused) and fire emoji (🔥) to signal consensual sexual intent in a profile bio context, typical of adult-oriented UGC in Turkey. No harassment, hate, or state-security elements are present; the intent is clearly sexual and explicit.",yes,,qwen/qwen3-next-80b-a3b-instruct,2026-06-22T10:04:34+00:00
TR_SEX_006_0101,TR,tr-TR,Sexually_Explicit_Information,live_chat,adult_video_chat,explicit,medium,playful,reply,misspelling,live_chat_tease_002,Hadi abi aman aman ne yapıyonuz lan 😈 Eller falan neler edio 👀,yes,true,Sexually_Explicit_Information,0.95,"The text uses Turkish slang ('abi', 'aman aman', 'lan') and suggestive emojis (😈, 👀) in a context implying sexual activity ('ne yapıyonuz', 'eller falan neler edio'), which conveys lewd, arousal-focused intent typical of consensual sexual chat in UGC. The phrasing and emojis clearly indicate sexual implication without targeting a person for harassment or using protected identity, fitting Sexually_Explicit_Information.",yes,,qwen/qwen3-next-80b-a3b-instruct,2026-06-22T09:54:22+00:00
TR_SEX_006_0102,TR,tr-TR,Sexually_Explicit_Information,dating_app,adult_hookup,explicit,medium,teasing,question,emoji,dating_app_tease_005,"32’deyim, 27-34 arası kadın partner arıyorum. Sıkıcı geceler için ateşli bir plan var mı? 😏",yes,true,Sexually_Explicit_Information,0.95,"The text explicitly seeks a sexual partner for 'fiery plans' (ateşli bir plan) during boring nights, with a suggestive emoji (😏) indicating sexual intent. The language is flirtatious and arousal-focused, fitting the definition of Sexually_Explicit_Information as consensual sexual solicitation in a dating context. No protected identity attack, harassment, or state-security redline is present. The label is appropriate for Turkish UGC.",yes,,qwen/qwen3-next-80b-a3b-instruct,2026-06-22T10:03:12+00:00
TR_SEX_006_0103,TR,tr-TR,Sexually_Explicit_Information,dm,adult_private_chat,semi_explicit,short,direct,invitation,none,dm_direct_006,Geceleri mesajlasan cevaplıyorum abi. Özele de geçebiliriz.,yes,true,Sexually_Explicit_Information,0.95,"The text uses suggestive Turkish slang ('geceleri mesajlasan cevaplıyorum abi', 'özele de geçebiliriz') implying private, intimate, and sexually suggestive communication after hours. 'Özele geçebiliriz' is a common euphemism in Turkish UGC for moving to private, sexually charged messaging. The context is consensual sexual intent, not harassment or threat, fitting Sexually_Explicit_Information per Turkey-specific UGC norms.",yes,,qwen/qwen3-next-80b-a3b-instruct,2026-06-22T09:58:34+00:00
TR_SEX_006_0104,TR,tr-TR,Sexually_Explicit_Information,comment,lewd_joke,semi_explicit,very_short,humorous,teaser,abbreviation,joke_short_007,Seks her yerde derler ya hani 😂 👀,yes,true,Sexually_Explicit_Information,0.95,"The text 'Seks her yerde derler ya hani 😂 👀' uses the Turkish word 'Seks' (sex) in a context implying sexual content or suggestive humor, reinforced by the laughing face and eye emoji which are commonly used in Turkish UGC to signal lewd or sexually suggestive intent. The phrasing 'derler ya' (they say, right?) implies a colloquial, flirtatious, or arousal-focused reference to sex being everywhere, aligning with sexually explicit informal online speech. No harassment, hate, or state-security red",yes,,qwen/qwen3-next-80b-a3b-instruct,2026-06-22T10:06:00+00:00
TR_SEX_006_0105,TR,tr-TR,Sexually_Explicit_Information,group_chat,adult_content_promo,explicit,medium,commercial,list_like,code_mix,group_promo_004,Özel contentler için DM’de neler var? 🔥 • Sadece yetişkinler • Özel canlı yayın • Sexting • Roleplay • Previewler • Kişiye özel içerikler,yes,true,Sexually_Explicit_Information,0.98,"The text explicitly promotes adult-only sexual content including 'Sexting', 'Özel canlı yayın' (private live streams), 'Roleplay', and 'kişiye özel içerikler' (personalized content), all framed with a sexual intent and arousal-focused language ('🔥'). The use of 'Özel contentler' in a sexual context and the explicit listing of sexual activities meet the criteria for Sexually_Explicit_Information under Turkey's TR guidelines. No protected identity attack, harassment, or state-security redline is p",yes,,qwen/qwen3-next-80b-a3b-instruct,2026-06-22T10:01:45+00:00
TR_SEX_006_0106,TR,tr-TR,Sexually_Explicit_Information,profile_bio,adult_profile_bio,implicit_but_trainable,very_short,coded,statement,spacing,bio_coded_005,Aktif zevk sahibi • Gizlilik esas • Mesajda rahat,yes,true,Sexually_Explicit_Information,0.95,"The text uses Turkish sexual slang and euphemisms common in adult-oriented profile bios: 'Aktif zevk sahibi' (active pleasure seeker) implies consensual sexual activity, 'Gizlilik esas' (privacy as principle) suggests discreet sexual encounters, and 'Mesajda rahat' (comfortable messaging) signals openness to sexual chat. These phrases are culturally recognized in Turkish UGC as indicators of sexual intent, not romance or harassment. No protected identity attack or dangerous content is present. T",yes,,qwen/qwen3-next-80b-a3b-instruct,2026-06-22T09:34:55+00:00
TR_SEX_006_0107,TR,tr-TR,Sexually_Explicit_Information,live_chat,adult_video_chat,explicit,short,playful,teaser,emoji,live_chat_tease_003,Hadi abi hadi aman aman ne haltlar ediyonuz 😈,yes,true,Sexually_Explicit_Information,0.9,"The text uses Turkish colloquial phrasing ('Hadi abi hadi aman aman') combined with the devil emoji (😈), which in Turkish online sexual contexts is a widely recognized euphemism for flirtatious or sexually suggestive intent. The tone and emoji imply playful but clear sexual arousal or solicitation, fitting the definition of Sexually_Explicit_Information as lewd, arousal-focused content with sexual implication, even if not explicit in words.",yes,,qwen/qwen3-next-80b-a3b-instruct,2026-06-22T09:50:38+00:00
TR_SEX_006_0108,TR,tr-TR,Sexually_Explicit_Information,dating_app,adult_roleplay,explicit,long,direct,announcement,none,dating_app_roleplay_006,"45 yaşında dominant erkek arıyorum. 30-40 arası partner. Rol yapma, itaat, zevk odaklı aktivitelerde deneyimli olsun. Gizlilik garantili. Hafta sonları müsaitim. <şehir> içinde buluşma tercih edilir.",yes,true,Sexually_Explicit_Information,0.98,"The text explicitly seeks a sexual partner for role-play, obedience, and pleasure-focused activities, with emphasis on sexual dominance and discretion. Phrases like 'rol yapma, itaat, zevk odaklı aktiviteler' clearly indicate consensual adult sexual intent in a dating-app context, matching the definition of Sexually_Explicit_Information. No protected identity attack, state security violation, or harassment is present. The intent is sexually explicit, not romantic or spam.",yes,,qwen/qwen3-next-80b-a3b-instruct,2026-06-22T09:49:31+00:00
TR_SEX_006_0109,TR,tr-TR,Sexually_Explicit_Information,dm,adult_private_chat,semi_explicit,short,casual,invitation,none,dm_casual_007,Gece uyanınca mesaj atarsan cevaplar mıyım abi 😉,yes,true,Sexually_Explicit_Information,0.9,"The text 'Gece uyanınca mesaj atarsan cevaplar mıyım abi 😉' uses a suggestive, intimate tone with a winking emoji (😉), implying a sexually suggestive or flirtatious intent in a private, late-night context. In Turkish UGC, such phrasing with flirtatious emojis is commonly interpreted as consensual sexual or erotic overture, fitting the Sexually_Explicit_Information category. No harassment, hate, or state-security redline is present, and the context aligns with adult consensual sexual implication.",yes,,qwen/qwen3-next-80b-a3b-instruct,2026-06-22T10:07:17+00:00
TR_SEX_006_0110,TR,tr-TR,Sexually_Explicit_Information,group_chat,adult_content_promo,explicit,medium,commercial,announcement,punctuation_play,group_promo_005,ÖZEL İÇERİKLER!!! DM yoluyla ulaşabilirsiniz!! 🔥 👇 • Live • Sexting • Roleplay • Previewler • 18+ içerikler • Aktif kişilere özel,yes,true,Sexually_Explicit_Information,0.98,"The text explicitly advertises adult sexual content ('Live', 'Sexting', 'Roleplay', '18+ içerikler') with clear intent for consensual sexual engagement, using sexualized emojis (🔥) and direct call-to-action ('DM yoluyla ulaşabilirsiniz'). This matches the definition of Sexually_Explicit_Information for Turkish UGC, as it promotes arousal-focused, sexually explicit services in a public-facing, promotional context.",yes,,qwen/qwen3-next-80b-a3b-instruct,2026-06-22T09:50:11+00:00
TR_SEX_006_0111,TR,tr-TR,Sexually_Explicit_Information,profile_bio,adult_profile_bio,implicit_but_trainable,very_short,coded,statement,emoji,bio_coded_006,Mesajda rahat • Zevk odaklı • Gizlilik esas 🔥,yes,true,Sexually_Explicit_Information,0.95,"The text uses Turkish slang and euphemisms with clear sexual intent: 'Mesajda rahat' (comfortable in messages), 'Zevk odaklı' (pleasure-focused), and 'Gizlilik esas' (privacy as principle) are commonly used in Turkish user-generated content to signal consensual sexual or erotic messaging. The fire emoji (🔥) reinforces sexual connotation. This matches the definition of Sexually_Explicit_Information as arousal-focused, sexual-act-implicating content in a profile bio context.",yes,,qwen/qwen3-next-80b-a3b-instruct,2026-06-22T09:58:58+00:00
TR_SEX_006_0112,TR,tr-TR,Sexually_Explicit_Information,live_chat,adult_video_chat,explicit,medium,playful,reply,misspelling,live_chat_tease_004,Aman abi neler yapıyonuz lan aman aman 😈 Eller neler edio bilmiom,yes,true,Sexually_Explicit_Information,0.9,"The text uses colloquial Turkish with sexual implication: 'Aman abi neler yapıyonuz lan' (Oh brother, what are you doing?) combined with the devil emoji (😈) and 'Eller neler edio bilmiom' (I don't know what your hands are doing), which strongly suggests voyeuristic or sexually suggestive context. The tone, slang, and emoji cluster indicate consensual sexual intent typical of adult UGC, fitting Sexually_Explicit_Information. No protected identity, state security, or violent harm elements are pres",yes,,qwen/qwen3-next-80b-a3b-instruct,2026-06-22T09:50:31+00:00
TR_SEX_006_0113,TR,tr-TR,Sexually_Explicit_Information,dating_app,adult_hookup,explicit,medium,direct,invitation,none,dating_app_hookup_003,"38 yaşında, aktif, zevk sahibi erkek. 30-38 arası kadın partner arıyorum. Gizlilik esas. Hafta sonu görüşmesi tercih edilir. <şehir> içinde.",yes,true,Sexually_Explicit_Information,0.95,"The text explicitly seeks a sexual partner with clear adult consensual intent: 'zevk sahibi' (pleasure-seeking), 'partner arıyorum' (seeking partner), and 'gizlilik esas' (privacy paramount) are strong indicators of sexual intent in Turkish dating context. The age range and weekend meeting preference further confirm romantic-sexual solicitation. No harassment, hate, or state-security elements present. This is a classic example of sexually explicit UGC in Turkish dating apps.",yes,,qwen/qwen3-next-80b-a3b-instruct,2026-06-22T09:47:26+00:00
TR_SEX_006_0114,TR,tr-TR,Sexually_Explicit_Information,dm,adult_private_chat,semi_explicit,short,teasing,invitation,emoji,dm_tease_008,Gece gece hadi abi hadi 😏 Cevaplar mıyım 👀,yes,true,Sexually_Explicit_Information,0.95,"The text uses flirtatious, suggestive language ('Gece gece hadi abi hadi') paired with sexual emojis (😏, 👀), which in Turkish UGC context strongly implies consensual sexual intent. The tone and emoji usage are culturally recognized as lewd solicitation, fitting Sexually_Explicit_Information. No harassment, hate, or state-security redline is present.",yes,,qwen/qwen3-next-80b-a3b-instruct,2026-06-22T10:03:19+00:00
TR_SEX_006_0115,TR,tr-TR,Sexually_Explicit_Information,comment,lewd_joke,semi_explicit,very_short,humorous,teaser,abbreviation,joke_short_008,Seks her yerde derler ya 😂 👀,yes,true,Sexually_Explicit_Information,0.95,"The text 'Seks her yerde derler ya 😂 👀' uses the Turkish word 'Seks' (sex) in a context with emoji 👀 (watching/leering) and 😂 (laughing), implying sexual innuendo and arousal-focused humor. The phrasing suggests a colloquial, suggestive reference to sex being everywhere, which aligns with sexually explicit, lewd, or arousal-oriented content in Turkish UGC. The emojis amplify the sexual implication. This fits the definition of Sexually_Explicit_Information as non-abusive but sexually suggestive c",yes,,qwen/qwen3-next-80b-a3b-instruct,2026-06-22T10:09:18+00:00
TR_SEX_006_0116,TR,tr-TR,Sexually_Explicit_Information,group_chat,adult_content_promo,explicit,medium,commercial,list_like,code_mix,group_promo_006,Özel content için DM’de neler var? 🔥 • Sadece yetişkinler • Live yayın • Sexting • Roleplay • Previewler • Kişiye özel,yes,true,Sexually_Explicit_Information,0.98,"The text explicitly solicits adult-only sexual content via DM, listing terms like 'Sexting', 'Live yayın', 'Roleplay', and 'Previewler' in a context clearly aimed at consensual sexual exchange. The use of 'Özel content' and the fire emoji (🔥) reinforces sexual intent. This matches the definition of Sexually_Explicit_Information: arousal-focused, sexual act-related solicitation in user-generated content. No protected identity attack, threat, or state-security redline is present. Label is correct ",yes,,qwen/qwen3-next-80b-a3b-instruct,2026-06-22T09:46:35+00:00
TR_SEX_006_0117,TR,tr-TR,Sexually_Explicit_Information,profile_bio,adult_profile_bio,implicit_but_trainable,very_short,coded,statement,spacing,bio_coded_007,Aktif zevk sahibi • Mesajda rahat • Gizlilik esas,yes,true,Sexually_Explicit_Information,0.95,"The text uses Turkish sexual euphemisms common in UGC profile bios: 'Aktif zevk sahibi' (active pleasure seeker) implies sexual appetite, 'Mesajda rahat' (comfortable in messages) suggests openness to sexual chat, and 'Gizlilik esas' (privacy as principle) indicates discreet sexual solicitation. Together, these phrases form a clear sexual solicitation pattern in Turkish online context, consistent with consensual adult sexual intent in profile bios.",yes,,qwen/qwen3-next-80b-a3b-instruct,2026-06-22T09:54:43+00:00
TR_SEX_006_0118,TR,tr-TR,Sexually_Explicit_Information,live_chat,adult_video_chat,explicit,short,playful,teaser,emoji,live_chat_tease_005,Hadi abi hadi aman aman neler oluyo lan 😈,yes,true,Sexually_Explicit_Information,0.85,"The text uses Turkish colloquial language ('Hadi abi hadi aman aman neler oluyo lan') combined with the demon emoji (😈), which in Turkish online sexual contexts is a widely recognized euphemism for sexual teasing, flirtation, or consensual sexual intent. The phrasing and emoji together imply suggestive, arousal-focused content typical of live-chat sexual banter, meeting the criteria for Sexually_Explicit_Information under Turkey-specific UGC norms.",yes,,qwen/qwen3-next-80b-a3b-instruct,2026-06-22T09:48:35+00:00
TR_SEX_006_0119,TR,tr-TR,Sexually_Explicit_Information,dating_app,adult_hookup,explicit,medium,teasing,question,none,dating_app_tease_009,36’daki erkekten merhaba 😏 Sıkıntılı gecelerde ateşli bir sohbet için kim var?,yes,true,Sexually_Explicit_Information,0.95,"The text uses a suggestive emoji (😏) and explicitly seeks 'ateşli bir sohbet' (fiery conversation) in the context of late nights, which is a culturally recognized euphemism in Turkish UGC for sexually suggestive or erotic chat. The tone and phrasing align with dating-app sexual solicitation patterns, indicating consensual adult sexual intent without harassment or danger. This fits the definition of Sexually_Explicit_Information.",yes,,qwen/qwen3-next-80b-a3b-instruct,2026-06-22T09:50:09+00:00
TR_SEX_006_0120,TR,tr-TR,Sexually_Explicit_Information,dm,adult_private_chat,semi_explicit,short,direct,invitation,none,dm_direct_009,Gece mesajlasan cevaplayabilirim abi. Özele de geçeriz.,yes,true,Sexually_Explicit_Information,0.9,"The text uses suggestive Turkish slang ('gece mesajlasan', 'özele de geçeriz') implying private, intimate, and sexually suggestive communication after hours. 'Özele geçeriz' is a common euphemism in Turkish UGC for moving conversation to a private, sexually charged context. This aligns with sexual intent in consensual adult contexts, fitting Sexually_Explicit_Information under Turkey-specific UGC norms.",yes,,qwen/qwen3-next-80b-a3b-instruct,2026-06-22T09:52:25+00:00
TR_SEX_007_0002,TR,tr-TR,Sexually_Explicit_Information,adult_content_promo,adult_content_promo,explicit,short,commercial,teaser,abbreviation,promo_002,Sevişirken sesimizi duymak ister misin? Özel live’dan izleyecekler gelsin 🔥 DM gönder hepsini benden 👀 #hot #cams,yes,true,Sexually_Explicit_Information,0.98,"The text explicitly solicits consensual sexual activity ('Sevişirken sesimizi duymak ister misin?') and promotes live sexual content ('Özel live’dan izleyecekler gelsin'), using sexually suggestive emojis (🔥👀) and adult-content hashtags (#hot #cams). The call-to-action 'DM gönder hepsini benden' implies direct sexual engagement, consistent with pornographic intent and arousal-focused solicitation in Turkish UGC context. No protected identity, state security, or violent harm elements are present;",yes,,qwen/qwen3-next-80b-a3b-instruct,2026-06-22T10:04:38+00:00
TR_SEX_007_0003,TR,tr-TR,Sexually_Explicit_Information,comment,lewd_joke,explicit,medium,humorous,reply,emoji,joke_003,"Bi adam diyorki ‘benim karım beni aldatıyo’ diye… bi de bakıyo karısı lezbiyenmiş lan, o da kız arkadaşıyla meşgul 😭💀",yes,true,Sexually_Explicit_Information,0.95,"The text describes a sexual scenario involving a woman engaged in a sexual activity ('meşgul') with her female partner, using colloquial Turkish slang ('lan') and emoticons ('😭💀') that amplify the sexual context. The focus is on consensual sexual behavior (lesbian activity) within a personal anecdote, framed with a tone of shock or humor but clearly centered on sexual content. This fits the definition of Sexually_Explicit_Information: non-abusive, arousal-focused depiction of sexual acts in user",yes,,qwen/qwen3-next-80b-a3b-instruct,2026-06-22T09:53:16+00:00
TR_SEX_007_0004,TR,tr-TR,Sexually_Explicit_Information,dm,adult_private_chat,explicit,short,direct,invitation,none,dm_004,"Özele gelsene, yaksın mı birazcık 😈 acele etmeyeyim de 😘",yes,true,Sexually_Explicit_Information,0.95,"The text uses sexually suggestive language ('Özele gelsene' - 'come to me', 'yaksın mı birazcık' - 'would you burn a little?', with fire as a sexual euphemism) combined with emoji (😈, 😘) that clearly indicate consensual sexual intent in a Turkish UGC context. This matches the definition of Sexually_Explicit_Information: arousal-focused, lewd, and sexually suggestive communication. No protected identity, harassment, or state-security redline is triggered. The tone is flirtatious and explicit, not",yes,,qwen/qwen3-next-80b-a3b-instruct,2026-06-22T09:54:54+00:00
TR_SEX_007_0005,TR,tr-TR,Sexually_Explicit_Information,live_chat,adult_video_chat,semi_explicit,medium,teasing,fragmented_chat,misspelling,live_005,abi ne guzel laf etiyo yaa kanka 😌 o ses tonu insanı cidden… yaksın lan 🔥 dm kapaıyo musun bakalım,yes,true,Sexually_Explicit_Information,0.95,"The text uses flirtatious and sexually suggestive language in Turkish UGC context: 'abi ne guzel laf etiyo yaa kanka 😌' (daddy, you speak so beautifully, bro 😌) + 'o ses tonu insanı cidden… yaksın lan 🔥' (that voice tone really... burns you, damn 🔥) implies sexual arousal, and 'dm kapaıyo musun bakalım' (are you closing DMs?) is a common Turkish slang euphemism for seeking private sexual contact. The emoji (😌🔥) and tone confirm consensual sexual intent, fitting Sexually_Explicit_Information. No ",yes,,qwen/qwen3-next-80b-a3b-instruct,2026-06-22T09:59:15+00:00
TR_SEX_007_0006,TR,tr-TR,Sexually_Explicit_Information,meme_caption,suggestive_meme,implicit_but_trainable,short,playful,teaser,punctuation_play,meme_006,Böyle bakınca insanın aklına neler geliyo neler 😏 #bakircay,yes,true,Sexually_Explicit_Information,0.95,"The text uses a suggestive tone ('insanın aklına neler geliyo neler') paired with the 😏 emoji, which in Turkish UGC context strongly implies sexual or lustful thoughts. The hashtag #bakircay is a known romantic/sexual meme tag in Turkish social media, often used in flirtatious or sexually suggestive memes. The phrasing and emoji together indicate consensual sexual intent, fitting the definition of Sexually_Explicit_Information.",yes,,qwen/qwen3-next-80b-a3b-instruct,2026-06-22T09:44:54+00:00
TR_SEX_007_0007,TR,tr-TR,Sexually_Explicit_Information,adult_content_promo,paid_private_content,semi_explicit,medium,commercial,announcement,spacing,promo_007,A zevkli anlar sunarım. Özel teklifler için mesaj atın. Sınırlı yer var!,yes,true,Sexually_Explicit_Information,0.95,"The text uses suggestive language ('azevkli anlar', 'özel teklifler', 'sınırlı yer var') commonly associated with soliciting sexual or intimate services in Turkish adult-content contexts. The phrasing implies consensual sexual services for personal gain, fitting the definition of sexually explicit promotional content. No protected identity attack, threat, or state-security violation is present, making Sexually_Explicit_Information the most precise category.",yes,,qwen/qwen3-next-80b-a3b-instruct,2026-06-22T10:10:40+00:00
TR_SEX_007_0008,TR,tr-TR,Sexually_Explicit_Information,group_chat,adult_hookup,explicit,long,messy,list_like,code_mix,group_008,"arkadaslar, gun sonu bakkaldan getirdim kanka ne yapsak 😈 birazcik ateşli mi olsak ya? malzemeler hazır lan 🔥 kimse cıkmasın diyim de gece 03.00 olmasın",yes,true,Sexually_Explicit_Information,0.95,"The text uses explicit sexual innuendo ('birazcik ateşli mi olsak ya?'), fire emojis (🔥), and suggestive context ('malzemeler hazır lan', 'kimse cıkmasın diyim de gece 03.00 olmasın') to imply consensual sexual activity. The tone, slang, and timing reference (3:00 AM) strongly indicate adult sexual intent in a group-chat UGC context, matching the expected label. No harassment, hate, or state-security redline is present.",yes,,qwen/qwen3-next-80b-a3b-instruct,2026-06-22T10:11:53+00:00
TR_SEX_007_0009,TR,tr-TR,Sexually_Explicit_Information,profile_bio,adult_profile_bio,semi_explicit,very_short,casual,announcement,none,bio_009,"Yalnızca yetişkin, 35+ aktif 👀 DM gelsin bakalım",yes,true,Sexually_Explicit_Information,0.95,"The text 'Yalnızca yetişkin, 35+ aktif 👀 DM gelsin bakalım' explicitly targets adult users (yetişkin, 35+), uses the eye emoji (👀) as a sexualized cue commonly associated with sexual interest in Turkish UGC, and explicitly invites direct messages (DM) with clear sexual connotation. The phrasing implies consensual sexual solicitation, fitting the definition of Sexually_Explicit_Information. No protected identity, state security, or harassment target is involved. The context is profile bio — typic",yes,,qwen/qwen3-next-80b-a3b-instruct,2026-06-22T10:03:47+00:00
TR_SEX_007_0010,TR,tr-TR,Sexually_Explicit_Information,comment,lewd_joke,explicit,medium,humorous,reply,emoji,joke_010,Abi kadınlara dedim ‘beni boş verin’ diye… bi baktılar da ‘seni seks objesi diye almadık zaten’ dediler 😭💀,yes,true,Sexually_Explicit_Information,0.95,"The text uses sexualized language ('seks objesi') in a context that objectifies the speaker in a sexually explicit, arousal-focused manner, framed as a rejection rooted in sexual dehumanization. The emoji (😭💀) amplifies the sexually charged, ironic humiliation. While phrased as a humorous anecdote, the core phrase 'seks objesi' is a direct sexual objectification term used in Turkish UGC to denote sexual availability or reduction to a sexual object, fitting the definition of Sexually_Explicit_Inf",yes,,qwen/qwen3-next-80b-a3b-instruct,2026-06-22T09:50:36+00:00
TR_SEX_007_0011,TR,tr-TR,Sexually_Explicit_Information,dm,adult_private_chat,explicit,short,direct,invitation,none,dm_011,"Gece 1 gibi canın mı sıkkın 😏 ben uyanıkımdır, sorun değil 😘",yes,true,Sexually_Explicit_Information,0.95,"The text uses flirtatious and sexually suggestive language ('canın mı sıkkın 😏', 'ben uyanıkımdır, sorun değil 😘') with emoji cues (😏, 😘) commonly associated with sexual or romantic overtures in Turkish digital communication. The tone implies consensual sexual intent, not harassment or insult, fitting the definition of Sexually_Explicit_Information. The context is synthetic UGC with expected label alignment.",yes,,qwen/qwen3-next-80b-a3b-instruct,2026-06-22T09:52:21+00:00
TR_SEX_007_0012,TR,tr-TR,Sexually_Explicit_Information,live_chat,adult_video_chat,semi_explicit,medium,teasing,fragmented_chat,misspelling,live_012,abi bak ne kadar ısınıyo yaa 😌 o ses tonu insanı cidden yaksar lan 🔥 dm kapaıyo musun bakalım,yes,true,Sexually_Explicit_Information,0.95,"The text uses highly suggestive sexual language ('ne kadar ısınıyo', 'insanı cidden yaksar', 'dm kapaıyo musun') with erotic undertones and a flirtatious, arousal-focused tone, typical of consensual sexual solicitation in Turkish live chat contexts. The emoji (😌, 🔥) reinforce sexual tension and invitation. This matches the definition of Sexually_Explicit_Information: arousal-focused, sexually suggestive communication with implicit or explicit intent for sexual engagement.",yes,,qwen/qwen3-next-80b-a3b-instruct,2026-06-22T09:55:39+00:00
TR_SEX_007_0013,TR,tr-TR,Sexually_Explicit_Information,meme_caption,suggestive_meme,implicit_but_trainable,short,playful,teaser,punctuation_play,meme_013,Bak bu resimde neler var neler 😏 #eskişehir,yes,true,Sexually_Explicit_Information,0.95,"The text uses a suggestive emoji (😏) in context of asking 'what's in this picture?' with no explicit non-sexual framing, implying sexual curiosity or arousal. The hashtag #eskişehir is geographically neutral but does not override the sexually suggestive intent of the phrasing. In Turkish UGC, this pattern is commonly used in sexualized meme captions to imply hidden or suggestive content in an image, meeting the criteria for Sexually_Explicit_Information.",yes,,qwen/qwen3-next-80b-a3b-instruct,2026-06-22T09:46:43+00:00
TR_SEX_007_0014,TR,tr-TR,Sexually_Explicit_Information,dating_app,adult_hookup,explicit,medium,casual,announcement,abbreviation,dating_014,"30+ erkeğim, zevkli vakit geçirmek ister misin? Özel mesajda her şeyi konuşalım 😘",yes,true,Sexually_Explicit_Information,0.95,"The text explicitly invites a consensual sexual encounter ('zevkli vakit geçirmek', 'özel mesajda her şeyi konuşalım') with a flirtatious emoji (😘), indicating clear adult sexual intent in a dating-app context. The language is suggestive and aimed at initiating sexual conversation, fitting the definition of Sexually_Explicit_Information. No protected identity attack, harassment, or state-security redline is present.",yes,,qwen/qwen3-next-80b-a3b-instruct,2026-06-22T09:49:33+00:00
TR_SEX_007_0015,TR,tr-TR,Sexually_Explicit_Information,profile_bio,adult_profile_bio,semi_explicit,very_short,casual,announcement,none,bio_015,Aktif 28+ bekliyorum. DM’ye açığım 😏 #kocaeli,yes,true,Sexually_Explicit_Information,0.95,"The text 'Aktif 28+ bekliyorum. DM’ye açığım 😏 #kocaeli' uses sexually suggestive language ('aktif' implies sexual availability, 'DM’ye açığım' means open for direct messages in a romantic/sexual context, and the 😏 emoji reinforces flirtatious/sexual intent). This is consistent with Turkish UGC patterns where such phrasing in profile bios signals consensual sexual or hookup-seeking behavior, fitting the Sexually_Explicit_Information category. No protected identity attack, harassment, or state-se",yes,,qwen/qwen3-next-80b-a3b-instruct,2026-06-22T09:51:26+00:00
TR_SEX_007_0017,TR,tr-TR,Sexually_Explicit_Information,comment,lewd_joke,explicit,medium,humorous,reply,emoji,joke_017,Abi kadınlara ‘beni öp’ dedim… bi de baktılar da ‘seni seks aleti diye almadık’ dediler 😭💀,yes,true,Sexually_Explicit_Information,0.95,"The text uses explicit sexual slang ('seks aleti' - sexual device/object) in a context that frames the speaker as a sexual object of desire, with clear arousal-focused and lewd intent. The emoji (😭💀) amplifies the sexual humiliation and sexualized tone. This is consensual sexual humor in UGC context, fitting Sexually_Explicit_Information. No protected identity attack or severe harm, so not Hate_Speech or Dangerous_Content.",yes,,qwen/qwen3-next-80b-a3b-instruct,2026-06-22T10:07:01+00:00
TR_SEX_007_0018,TR,tr-TR,Sexually_Explicit_Information,dm,adult_private_chat,explicit,short,direct,invitation,none,dm_018,"Gece 2 gibi boş musun 😈 ben uyanığım, her şeyi konuşalım 😘",yes,true,Sexually_Explicit_Information,0.95,"The text uses sexually suggestive emojis (😈, 😘) and a flirtatious tone ('gece 2 gibi boş musun', 'ben uyanığım, her şeyi konuşalım') implying consensual sexual or intimate intent, typical of adult-oriented DMs in Turkish UGC. The phrasing and emojis align with common patterns of lewd solicitation in private messaging contexts, fitting Sexually_Explicit_Information.",yes,,qwen/qwen3-next-80b-a3b-instruct,2026-06-22T09:52:49+00:00
TR_SEX_007_0019,TR,tr-TR,Sexually_Explicit_Information,live_chat,adult_video_chat,semi_explicit,medium,teasing,fragmented_chat,misspelling,live_019,abi sesin cidden çok ısınıyo ya 😌 o tonla yaksınır insan lan 🔥 dm kapaıyo musun bakalım,yes,true,Sexually_Explicit_Information,0.95,"The text uses sexually suggestive language ('sesin cidden çok ısınıyo', 'o tonla yaksınır insan') with clear arousal intent, reinforced by emojis (😌🔥) and a direct request to close DMs ('dm kapaıyo musun bakalım'), implying private sexual communication. This aligns with Turkish UGC patterns of consensual sexual solicitation in live chat contexts, fitting Sexually_Explicit_Information. No protected identity attack or severe harm present.",yes,,qwen/qwen3-next-80b-a3b-instruct,2026-06-22T09:47:39+00:00
TR_SEX_007_0021,TR,tr-TR,Sexually_Explicit_Information,profile_bio,adult_profile_bio,semi_explicit,very_short,casual,announcement,none,bio_021,Aktif 32+ arıyorum. Sadece yetişkin DM’ye açığım 😏,yes,true,Sexually_Explicit_Information,0.95,"The text 'Aktif 32+ arıyorum. Sadece yetişkin DM’ye açığım 😏' explicitly signals adult-only sexual intent ('yetişkin DM’ye açığım') with a suggestive emoji (😏), indicating consensual sexual solicitation in a dating/sexual context. This matches the definition of Sexually_Explicit_Information: arousal-focused, hookup solicitation, and sexual chat with clear sexual implication. The use of 'DM' (direct message) and age filter ('32+') further confirms sexual intent in Turkish UGC context.",yes,,qwen/qwen3-next-80b-a3b-instruct,2026-06-22T09:58:59+00:00
TR_SEX_007_0022,TR,tr-TR,Sexually_Explicit_Information,adult_content_promo,adult_content_promo,explicit,short,commercial,teaser,abbreviation,promo_022,Sevişirken sesimi duymak ister misin? Özel live’dan izleyecekler gelsin 🔥 DM gönder hepsini 👀 #hotcam,yes,true,Sexually_Explicit_Information,0.98,"The text explicitly solicits sexual activity ('Sevişirken sesimi duymak ister misin?') and promotes live sexual content ('Özel live’dan izleyecekler gelsin'), using sexually suggestive emojis (🔥👀) and a hashtag (#hotcam) commonly associated with adult webcam promotions. The call to action ('DM gönder hepsini') encourages direct private contact for sexual purposes, indicating consensual adult sexual intent in Turkish user-generated content. This matches the definition of Sexually_Explicit_Informa",yes,,qwen/qwen3-next-80b-a3b-instruct,2026-06-22T10:03:47+00:00
TR_SEX_007_0023,TR,tr-TR,Sexually_Explicit_Information,comment,lewd_joke,explicit,medium,humorous,reply,emoji,joke_023,Abi kadınlara ‘beni yatıştır’ dedim… bi de baktılar da ‘seni seks aleti diye almadık’ dediler 😭💀,yes,true,Sexually_Explicit_Information,0.95,"The text uses explicit sexual slang ('seks aleti' = sex object/device) in a context of sexualized rejection, with lewd intent and arousal-focused humor. The phrase 'beni yatıştır' (calm me down/soothe me) is a euphemism for sexual gratification, and the response frames the speaker as a sexual object, not a person. The emojis (😭💀) amplify the sexualized, ironic tone. This fits Sexually_Explicit_Information as it centers on sexual role, objectification, and lewd humor in Turkish UGC context.",yes,,qwen/qwen3-next-80b-a3b-instruct,2026-06-22T10:07:14+00:00
TR_SEX_007_0024,TR,tr-TR,Sexually_Explicit_Information,dm,adult_private_chat,explicit,short,direct,invitation,none,dm_024,"Gece 3 gibi canın mı sıkkın 😈 ben uyanıkımdır, sorun değil 😘",yes,true,Sexually_Explicit_Information,0.95,"The text uses suggestive language ('gece 3 gibi canın mı sıkkın' - 'are you bored at 3 AM?') paired with sexual emojis (😈 😘) to imply sexual availability or flirtation in a late-night, intimate context. This aligns with sexually explicit intent in Turkish UGC, where such phrasing and emoji combinations are commonly used to solicit sexual or romantic-erotic engagement. No harassment, hate, or state-security redline is present; the tone is consensual and arousal-focused.",yes,,qwen/qwen3-next-80b-a3b-instruct,2026-06-22T09:45:16+00:00
TR_SEX_007_0025,TR,tr-TR,Sexually_Explicit_Information,group_chat,adult_roleplay,semi_explicit,long,messy,list_like,code_mix,group_025,kanka gun sonu bakkaldan getirdim ne yapsak 😈 birazcik ateşli mi olsak ya? malzemeler hazır lan 🔥 kimse cıkmasın diyim de gece 04.00 olmasın,yes,true,Sexually_Explicit_Information,0.95,"The text uses explicit sexual innuendo ('ne yapsak 😈', 'birazcik ateşli mi olsak ya?', 'malzemeler hazır lan 🔥') in a context clearly suggesting consensual sexual activity, with temporal urgency ('gece 04.00 olmasın') and suggestive emojis (😈, 🔥). The tone and phrasing align with adult sexual solicitation in Turkish UGC, fitting Sexually_Explicit_Information. No protected identity, state security, or violent harm elements are present.",yes,,qwen/qwen3-next-80b-a3b-instruct,2026-06-22T10:03:01+00:00
TR_SEX_007_0026,TR,tr-TR,Sexually_Explicit_Information,profile_bio,adult_profile_bio,semi_explicit,very_short,casual,announcement,none,bio_026,Aktif 29+ bekliyorum. DM’ye açığım 😏 #bursa,yes,true,Sexually_Explicit_Information,0.95,"The text 'Aktif 29+ bekliyorum. DM’ye açığım 😏 #bursa' uses explicit sexual connotation in Turkish online context: 'Aktif' implies sexual availability, 'DM’ye açığım' (I'm open to DMs) in this context is a common euphemism for seeking sexual or romantic advances, and the 😏 emoji reinforces suggestive intent. The phrase is typical of profile bios in Turkish UGC aimed at consensual sexual or hookup solicitation, fitting Sexually_Explicit_Information. No protected identity attack, harassment, or st",yes,,qwen/qwen3-next-80b-a3b-instruct,2026-06-22T09:54:40+00:00
TR_SEX_007_0027,TR,tr-TR,Sexually_Explicit_Information,adult_content_promo,paid_private_content,semi_explicit,medium,commercial,teaser,spacing,promo_027,Özel zevkler sunarım. Sınırlı yer var. Mesaj atın detaylar gelsin 😏,yes,true,Sexually_Explicit_Information,0.95,"The text explicitly offers 'özel zevkler' (special pleasures) with limited availability, invites private messages for details, and uses the suggestive emoji 😏 — all indicating consensual adult sexual intent in a promotional, erotic context typical of adult content marketing in Turkish UGC. No harassment, hate, or state-security redline is present; the content aligns precisely with the definition of Sexually_Explicit_Information.",yes,,qwen/qwen3-next-80b-a3b-instruct,2026-06-22T10:13:06+00:00
TR_SEX_007_0028,TR,tr-TR,Sexually_Explicit_Information,comment,lewd_joke,explicit,medium,humorous,reply,emoji,joke_028,Abi kadınlara ‘beni tahrik et’ dedim… bi de baktılar da ‘seni seks objesi diye almadık’ dediler 😭💀,yes,true,Sexually_Explicit_Information,0.95,"The text uses explicit sexual framing ('beni tahrik et', 'seks objesi') in a context that objectifies the speaker for sexual purposes, with emojis (😭💀) reinforcing sexualized humiliation and arousal-focused intent. The phrase 'seks objesi' is used in a sexually degrading, objectifying manner typical of lewd sexual humor in Turkish UGC, fitting Sexually_Explicit_Information even if framed as rejection. No protected identity attack or severe harm is present, so it does not escalate to Hate_Speech ",yes,,qwen/qwen3-next-80b-a3b-instruct,2026-06-22T09:54:12+00:00
TR_SEX_007_0029,TR,tr-TR,Sexually_Explicit_Information,dm,adult_private_chat,explicit,short,direct,invitation,none,dm_029,"Gece 4 gibi boş musun 😈 ben uyanığım, her şeyi konuşalım 😘",yes,true,Sexually_Explicit_Information,0.95,"The text uses suggestive emojis (😈, 😘) and a contextually intimate tone ('gece 4 gibi boş musun', 'ben uyanığım, her şeyi konuşalım') that implies sexual or romantic advance in a consensual adult context. The phrasing is typical of flirtatious, sexually explicit DMs in Turkish UGC, with no indication of harassment, threat, or non-consent. This fits the definition of Sexually_Explicit_Information.",yes,,qwen/qwen3-next-80b-a3b-instruct,2026-06-22T10:05:26+00:00
TR_SEX_007_0030,TR,tr-TR,Sexually_Explicit_Information,live_chat,adult_roleplay,semi_explicit,medium,teasing,fragmented_chat,misspelling,live_030,abi bak sesin ne kadar ısınıyo ya 😌 o tonla yaksınır insan lan 🔥 dm kapaıyo musun bakalım,yes,true,Sexually_Explicit_Information,0.95,"The text uses sexually suggestive language ('sesin ne kadar ısınıyo', 'o tonla yaksınır insan') combined with emotive cues (😌, 🔥) and a direct request to 'dm kapaıyo musun' (are you closing your DMs?), which implies an invitation for private sexual chat. The phrasing is colloquial Turkish slang with clear erotic intent, fitting the definition of sexually explicit information in consensual UGC context.",yes,,qwen/qwen3-next-80b-a3b-instruct,2026-06-22T09:48:19+00:00
TR_SEX_007_0034,TR,tr-TR,Sexually_Explicit_Information,live_chat,adult_video_chat,explicit,long,playful,reply,misspelling,live_04,abi yaaa sürekli izliyo sun ya acaba bekliyo mu? cidden canı çıkıyo bi ara bu konu biraz da ben cevap vericem hadi yaa 😏,yes,true,Sexually_Explicit_Information,0.95,"The text uses Turkish colloquial language with a suggestive tone ('abi yaaa', 'canı çıkıyo', 'bi ara bu konu biraz da ben cevap vericem') and ends with the emoji 😏, which is culturally recognized in Turkish UGC as a flirtatious or sexually suggestive cue. The phrasing implies ongoing sexual or intimate interest ('sürekli izliyo sun ya acaba bekliyo mu?'), indicating consensual sexual intent in a live-chat context. No harassment, hate, or state-security redline is present; the content aligns with",yes,,qwen/qwen3-next-80b-a3b-instruct,2026-06-22T10:03:14+00:00
TR_SEX_007_0036,TR,tr-TR,Sexually_Explicit_Information,dating_app,adult_hookup,semi_explicit,short,teasing,question,spacing,date_06,"40 yaşındayım evliyim, zevkine düşkün biriyim 😏 birazcık özel vakit geçirelim mi acaba?",yes,true,Sexually_Explicit_Information,0.95,"The text explicitly expresses sexual intent ('zevkine düşkün', 'özel vakit geçirelim') with a suggestive emoji (😏), typical of flirtatious/dating-app contexts seeking consensual sexual interaction. The language is sexually suggestive, not merely romantic or harassing, and aligns with the definition of Sexually_Explicit_Information in Turkish UGC.",yes,,qwen/qwen3-next-80b-a3b-instruct,2026-06-22T09:53:59+00:00
TR_SEX_007_0038,TR,tr-TR,Sexually_Explicit_Information,comment,lewd_joke,semi_explicit,medium,humorous,teaser,code_mix,cmnt_08,"abi bu teorimi duydun mu ya? herkesin bir sex-lifesi var aslında, sadece bastırmışlar sadece 😂",yes,true,Sexually_Explicit_Information,0.95,"The text uses colloquial Turkish ('abi', 'ya', '😂') to casually reference sexual life ('sex-lifesi') in a context that normalizes and humorously acknowledges sexual activity as a universal but suppressed aspect of human life. The phrase 'sadece bastırmışlar sadece' ('they just suppressed it') implies a playful, arousal-adjacent revelation about sexuality, fitting the definition of sexually explicit information as content with pornographic intent or arousal-focused sexual talk. The emoji '😂' rein",yes,,qwen/qwen3-next-80b-a3b-instruct,2026-06-22T09:51:47+00:00
TR_SEX_007_0039,TR,tr-TR,Sexually_Explicit_Information,adult_content_promo,adult_content_promo,explicit,short,direct,announcement,none,promo_09,Bugün canlı yayın var abi hadi özel konuşalım! Cidden sıkı fantezilere ihtiyacım var 😈,yes,true,Sexually_Explicit_Information,0.95,"The text uses Turkish slang ('canlı yayın', 'özel konuşalım') and a suggestive emoji (😈) to explicitly invite private, intimate, and fantasy-driven sexual interaction, indicating consensual adult sexual intent typical of adult content promotion. The phrase 'sıkı fantezilere ihtiyacım var' directly references intense sexual fantasies, fitting the definition of sexually explicit information.",yes,,qwen/qwen3-next-80b-a3b-instruct,2026-06-22T10:09:15+00:00
TR_SEX_007_0041,TR,tr-TR,Sexually_Explicit_Information,live_chat,adult_video_chat,explicit,medium,playful,reply,misspelling,live_11,abi sununla uğraşırken canın mı çıktı yaa? hadi bakalım yorumlara cevap verelim artık 😏,yes,true,Sexually_Explicit_Information,0.95,"The phrase 'abi sununla uğraşırken canın mı çıktı yaa?' uses colloquial Turkish with clear sexual innuendo ('sununla uğraşmak' is a slang euphemism for sexual activity), and the emoji '😏' reinforces a lewd, arousal-focused tone. The context is suggestive of consensual sexual intent in a live chat setting, fitting the definition of Sexually_Explicit_Information. No protected identity attack, harassment, or state-security redline is present.",yes,,qwen/qwen3-next-80b-a3b-instruct,2026-06-22T10:07:16+00:00
TR_SEX_007_0044,TR,tr-TR,Sexually_Explicit_Information,dating_app,adult_hookup,semi_explicit,short,teasing,question,spacing,date_14,Azgın bi tipim var abi 30+ lezzet arayan varsa gelsin!,yes,true,Sexually_Explicit_Information,0.95,"The text uses Turkish slang ('azgın bi tipim var', 'lezzet arayan') in a dating-app context to explicitly solicit sexual pleasure ('lezzet' as euphemism for sexual enjoyment), indicating consensual adult sexual intent. The phrasing is sexually suggestive, arousal-focused, and matches the definition of Sexually_Explicit_Information in Turkish UGC. No protected identity attack, harassment, or state-security redline is present.",yes,,qwen/qwen3-next-80b-a3b-instruct,2026-06-22T10:00:15+00:00
TR_SEX_007_0045,TR,tr-TR,Sexually_Explicit_Information,group_chat,adult_private_chat,explicit,short,casual,fragmented_chat,emoji,group_15,abi bak hadi bu gece cevap versem mi? yaa yaa 🔥,yes,true,Sexually_Explicit_Information,0.85,"The text uses Turkish colloquial and flirtatious phrasing ('abi bak hadi bu gece cevap versem mi? yaa yaa') combined with the fire emoji (🔥), which in Turkish UGC contexts commonly signals sexual or romantic arousal intent. The tone is suggestive, intimate, and contextually aligned with consensual sexual overtures in group chat environments. While not explicit, the combination of linguistic flirtation and emoji cluster meets the threshold for Sexually_Explicit_Information under Turkey-specific U",yes,,qwen/qwen3-next-80b-a3b-instruct,2026-06-22T09:51:47+00:00
TR_SEX_007_0048,TR,tr-TR,Sexually_Explicit_Information,live_chat,adult_video_chat,explicit,long,playful,reply,misspelling,live_18,"abi sununla uğraşırken canı çıkıyo yaa beni de mi ateşleyecek acaba? cidden cevap vericem artık, hadi bakalım 😏",yes,true,Sexually_Explicit_Information,0.95,"The text uses suggestive language ('canı çıkıyo', 'ateşleyecek') and a flirtatious emoji (😏) in a context implying sexual arousal and invitation for sexual interaction. The tone is lewd and arousal-focused, consistent with consensual sexual intent in Turkish user-generated content. No protected identity attack or severe harm is present, so Sexually_Explicit_Information is the most accurate category.",yes,,qwen/qwen3-next-80b-a3b-instruct,2026-06-22T09:54:05+00:00
TR_SEX_007_0049,TR,tr-TR,Sexually_Explicit_Information,comment,lewd_joke,semi_explicit,medium,humorous,teaser,code_mix,cmnt_19,"Bana bi'sex-lifesi' lazım abi, yani birazcık zevk alamaz mıyım sanki 😂😂😂",yes,true,Sexually_Explicit_Information,0.95,"The text uses romanized Turkish slang 'sex-lifesi' (sex life) in a context of requesting sexual pleasure ('birazcık zevk alamaz mıyım sanki') with laughing emojis, indicating consensual sexual intent in a casual, flirtatious, and arousal-focused manner typical of Turkish UGC. The phrasing is not abusive or targeted, but explicitly sexual in tone, fitting Sexually_Explicit_Information. No protected identity attack, threat, or state-security redline applies.",yes,,qwen/qwen3-next-80b-a3b-instruct,2026-06-22T09:53:15+00:00
TR_SEX_007_0051,TR,tr-TR,Sexually_Explicit_Information,adult_content_promo,adult_content_promo,explicit,short,direct,announcement,none,promo_21,"Özel canlı yayınlara başlamak üzereyim abi, hadi DM'ye bekliyorum!",yes,true,Sexually_Explicit_Information,0.95,"The text uses suggestive language ('Özel canlı yayınlara başlamak üzereyim', 'DM'ye bekliyorum') in a context typical of adult content promotion in Turkish UGC, implying invitation to private sexualized interaction. The phrase is a common euphemism in Turkish online adult marketing to solicit explicit DMs, aligning with Sexually_Explicit_Information criteria for arousal-focused solicitation.",yes,,qwen/qwen3-next-80b-a3b-instruct,2026-06-22T10:01:21+00:00
TR_SEX_007_0052,TR,tr-TR,Sexually_Explicit_Information,profile_bio,adult_profile_bio,implicit_but_trainable,very_short,casual,list_like,abbreviation,bio_22,"30+ zevkine düşkün, keyifli vakit geçiren. #sadeceyetişkin",yes,true,Sexually_Explicit_Information,0.95,"The text '30+ zevkine düşkün, keyifli vakit geçiren. #sadeceyetişkin' uses Turkish slang ('zevkine düşkün' = addicted to pleasure, 'keyifli vakit geçiren' = enjoying pleasurable time) in a context clearly targeting adult sexual enjoyment, reinforced by the hashtag '#sadeceyetişkin' (only adults). This is consistent with consensual adult sexual intent in Turkish user-generated content, fitting the Sexually_Explicit_Information category without crossing into harassment, hate, or dangerous content.",yes,,qwen/qwen3-next-80b-a3b-instruct,2026-06-22T10:11:49+00:00
TR_SEX_007_0053,TR,tr-TR,Sexually_Explicit_Information,group_chat,adult_private_chat,explicit,short,casual,fragmented_chat,emoji,group_23,abi beni ateşledin yaa 🔥 cevap ver artık!,yes,true,Sexually_Explicit_Information,0.95,"The text 'abi beni ateşledin yaa 🔥 cevap ver artık!' uses colloquial Turkish slang ('aşağıldın' → 'aşağıldın' is not literal, but 'aşağıldın' in context implies being aroused or turned on, and '🔥' emoji reinforces sexual tension). The phrase is a flirtatious, sexually suggestive plea for response, typical of consensual sexual intent in Turkish UGC. No harassment, hate, or state-security violation is present. The context matches Sexually_Explicit_Information as defined.",yes,,qwen/qwen3-next-80b-a3b-instruct,2026-06-22T09:48:52+00:00
TR_SEX_007_0054,TR,tr-TR,Sexually_Explicit_Information,comment,adult_hookup,semi_explicit,short,direct,invitation,none,cmnt_24,"Gece 1-3 arası mesajlara cevap verebilirim abi, eğer ilgilenen varsa!",yes,true,Sexually_Explicit_Information,0.9,"The text implies availability for intimate communication during late-night hours (1-3 AM) with the phrase 'eğer ilgilenen varsa' (if anyone is interested), which in Turkish UGC context strongly suggests sexual or romantic hook-up intent. The tone, timing, and casual phrasing align with common patterns of sexually explicit solicitation in adult-oriented user-generated content, even without explicit sexual terms. This fits the definition of Sexually_Explicit_Information as arousal-focused, hookup-",yes,,qwen/qwen3-next-80b-a3b-instruct,2026-06-22T09:48:48+00:00
TR_SEX_007_0055,TR,tr-TR,Sexually_Explicit_Information,dating_app,adult_roleplay,semi_explicit,medium,coded,teaser,code_mix,date_25,"Azgın bir top arayan varsa gelsin abi, zevkine düşkün bi tipim var 😈",yes,true,Sexually_Explicit_Information,0.95,"The text uses colloquial Turkish with clear sexual innuendo: 'Azgın bir top arayan varsa' (someone looking for a wild time) and 'zevkine düşkün bi tipim var' (I'm someone who's addicted to pleasure), paired with the devil emoji (😈) which is culturally recognized in Turkish UGC as a sexual or flirtatious signal. This is consensual sexual solicitation typical of dating-app contexts, fitting the definition of Sexually_Explicit_Information.",yes,,qwen/qwen3-next-80b-a3b-instruct,2026-06-22T10:12:29+00:00
TR_SEX_007_0056,TR,tr-TR,Sexually_Explicit_Information,live_chat,adult_video_chat,explicit,medium,playful,reply,misspelling,live_26,"abi sürekli izliyo sunu ya, acaba beni bekliyo mu? hadi bakalım cevap vericem artık 😏",yes,true,Sexually_Explicit_Information,0.95,"The text uses suggestive language ('sürekli izliyo sunu ya', 'acaba beni bekliyo mu?') and ends with a suggestive emoji (😏), implying sexual or flirtatious intent in a consensual, arousal-focused context typical of Turkish live chat UGC. The tone is intimate and sexually suggestive without being abusive or targeting a protected identity, fitting the definition of Sexually_Explicit_Information.",yes,,qwen/qwen3-next-80b-a3b-instruct,2026-06-22T10:12:19+00:00
TR_SEX_007_0057,TR,tr-TR,Sexually_Explicit_Information,adult_content_promo,adult_content_promo,explicit,short,direct,teaser,none,promo_27,"Cidden zevkli bir canlı yayın oluyor abi, hadi DM'ye!",yes,true,Sexually_Explicit_Information,0.95,"The text uses casual Turkish slang ('Cidden zevkli bir canlı yayın oluyor abi') implying an enjoyable live stream with sexual connotations, followed by 'hadi DM'ye!' (let's go to DMs), a common euphemism in Turkish UGC for directing someone to private messages for sexual or erotic interaction. This matches the pattern of adult content promotion with consensual sexual intent, fitting Sexually_Explicit_Information. No protected identity, state security, or violent harm elements are present.",yes,,qwen/qwen3-next-80b-a3b-instruct,2026-06-22T09:36:19+00:00
TR_SEX_007_0058,TR,tr-TR,Sexually_Explicit_Information,profile_bio,adult_profile_bio,implicit_but_trainable,very_short,casual,list_like,abbreviation,bio_28,"Aktif, zevkine düşkün, özel buluşmalar tercihim. #30plus",yes,true,Sexually_Explicit_Information,0.95,"The text 'Aktif, zevkine düşkün, özel buluşmalar tercihim. #30plus' uses Turkish slang with clear sexual connotations: 'zevkine düşkün' (addicted to pleasure) and 'özel buluşmalar' (private meetings) are euphemisms commonly used in adult contexts to imply consensual sexual encounters. The hashtag #30plus further signals an adult-oriented, sexually suggestive profile bio typical of dating or hookup culture. No harassment, hate, or state-security redline is present; the intent is clearly sexually ",yes,,qwen/qwen3-next-80b-a3b-instruct,2026-06-22T10:12:28+00:00
TR_SEX_007_0059,TR,tr-TR,Sexually_Explicit_Information,comment,adult_hookup,explicit,short,direct,invitation,none,cmnt_29,"Gece 2-4 arası mesajlara cevap verebilirim abi, eğer ilgilenen varsa!",yes,true,Sexually_Explicit_Information,0.85,"The text implies availability for private, late-night communication ('gece 2-4 arası mesajlara cevap verebilirim') with the phrase 'eğer ilgilenen varsa' suggesting openness to sexual or romantic advances in a context typical of flirtatious or sexually suggestive solicitation in Turkish UGC. The tone and timing (2-4 AM) carry implicit sexual connotations in local usage, aligning with sexually explicit intent without direct vulgar language. This fits Sexually_Explicit_Information as consensual se",yes,,qwen/qwen3-next-80b-a3b-instruct,2026-06-22T09:51:03+00:00
TR_SEX_007_0060,TR,tr-TR,Sexually_Explicit_Information,group_chat,adult_private_chat,explicit,short,casual,fragmented_chat,emoji,group_30,abi hadi cevap ver artık 🔥 beni ateşledin yaa!,yes,true,Sexually_Explicit_Information,0.9,"The text uses colloquial Turkish with sexual implication: 'abi hadi cevap ver artık 🔥 beni ateşledin yaa!' ('bro, just answer already 🔥 you've fired me up!'). The phrase 'beni ateşledin' (you've fired me up) is a common euphemism in Turkish UGC for sexual arousal, especially when paired with the fire emoji (🔥). The tone is flirtatious and arousal-focused, indicating consensual sexual intent typical of romantic/sexual chat in Turkish social contexts. No harassment, hate, or state-security violati",yes,,qwen/qwen3-next-80b-a3b-instruct,2026-06-22T09:45:42+00:00
TR_SEX_007_0062,TR,tr-TR,Sexually_Explicit_Information,profile_bio,adult_profile_bio,semi_explicit,very_short,playful,statement,misspelling,bio_azdım,"knk azdım abi, biraz ateşlisin ya sensen 😈",yes,true,Sexually_Explicit_Information,0.95,"The text uses Turkish slang ('knk azdım abi') and a suggestive emoji (😈) to imply sexual heat or arousal ('biraz ateşlisin ya sensen'), which aligns with sexually explicit intent in a consensual, flirtatious context. The phrasing is colloquial and culturally coded in Turkish UGC as sexually suggestive, fitting the Sexually_Explicit_Information category.",yes,,qwen/qwen3-next-80b-a3b-instruct,2026-06-22T10:03:09+00:00
TR_SEX_007_0063,TR,tr-TR,Sexually_Explicit_Information,comment,lewd_joke,explicit,short,playful,reply,emoji,cm_knk_hot_joke,abi knk o resimdeki ışık sana gitti herhalde 🔥 DM atmayi unutma 😏,yes,true,Sexually_Explicit_Information,0.95,"The text uses Turkish slang ('abi knk') and sexualized emojis (🔥, 😏) to imply sexual attraction and direct private sexual solicitation ('DM atmayi unutma' - 'don't forget to DM me'), with the phrase 'ışık sana gitti' suggesting sexual arousal or attraction. This constitutes consensual sexual intent in user-generated content, fitting Sexually_Explicit_Information under Turkey's rules. No protected identity attack, harassment, or state-security violation is present.",yes,,qwen/qwen3-next-80b-a3b-instruct,2026-06-22T10:10:07+00:00
TR_SEX_007_0064,TR,tr-TR,Sexually_Explicit_Information,meme_caption,suggestive_meme,implicit_but_trainable,short,humorous,teaser,emoji,meme_hot_sign,Sence bu resimdeki ateşli bakıştan bahsediyorlar mı? 😏 #sıcaktı,yes,true,Sexually_Explicit_Information,0.95,"The text uses a suggestive emoji (😏) and phrases like 'ateşli bakış' (fiery gaze) in a context clearly implying sexual attraction or arousal, reinforced by the hashtag '#sıcaktı' (it was hot), which in Turkish UGC commonly carries sexual connotations. The meme caption style and linguistic cues align with consensual sexual intent in adult content, meeting the definition of Sexually_Explicit_Information.",yes,,qwen/qwen3-next-80b-a3b-instruct,2026-06-22T09:57:15+00:00
TR_SEX_007_0065,TR,tr-TR,Sexually_Explicit_Information,adult_content_promo,adult_content_promo,semi_explicit,medium,commercial,teaser,none,promo_dm_open,"Merhaba! Özel DM'lerim açıktır, sadece yetişkin sohbetleri için ilgilenen varsa bekliyorum. Mesaj kutumdan ulaşabilirsiniz.",yes,true,Sexually_Explicit_Information,0.95,"The text explicitly invites adult-only private conversations ('özel DM'lerim açıktır, sadece yetişkin sohbetleri için'), indicating consensual sexual or lewd intent in a Turkish UGC context. The phrase 'yetişkin sohbetleri' is a common euphemism in Turkish online spaces for sexually explicit or erotic chat. The invitation to message privately for such purposes aligns with the definition of Sexually_Explicit_Information, as it solicits sexualized interaction without abuse, coercion, or identity-b",yes,,qwen/qwen3-next-80b-a3b-instruct,2026-06-22T09:54:02+00:00
TR_SEX_007_0067,TR,tr-TR,Sexually_Explicit_Information,group_chat,adult_private_chat,semi_explicit,medium,casual,invitation,code_mix,grp_dm_invitation,knk şimdi özelde buluşalım da ne var ne yok konuşalım abi? DM'e geçtik mi hemen,yes,true,Sexually_Explicit_Information,0.95,"The text uses casual Turkish slang ('knk', 'özelde buluşalım', 'ne var ne yok konuşalım', 'DM'e geçtik mi hemen') in a context strongly implying private, intimate, and sexually suggestive meeting. The phrase 'ne var ne yok konuşalım' is a common euphemism in Turkish UGC for sexual exploration or intimacy, and the urgency to move to DMs ('DM'e geçtik mi hemen') signals sexual intent rather than platonic conversation. This matches the definition of Sexually_Explicit_Information: suggestive, arousa",yes,,qwen/qwen3-next-80b-a3b-instruct,2026-06-22T09:49:27+00:00
TR_SEX_007_0069,TR,tr-TR,Sexually_Explicit_Information,comment,lewd_joke,explicit,short,playful,reply,misspelling,cm_yakma_istek,abi bak şu yorumu kim atmış ya 🔥 beni yakarsın be abi 😏,yes,true,Sexually_Explicit_Information,0.95,"The text uses Turkish slang and emojis with clear sexual implication: 'abi bak şu yorumu kim atmış ya 🔥' (dude, look who posted this comment 🔥) and 'beni yakarsın be abi 😏' (you'll burn me, bro 😏). The emoji 😏 (smirking face) and 'yakarsın' (you'll burn me) are culturally recognized in Turkish UGC as flirtatious, sexually suggestive language implying arousal or sexual tension. This is not harassment or insult directed at a person, but consensual sexualized banter typical of adult-oriented UGC. M",yes,,qwen/qwen3-next-80b-a3b-instruct,2026-06-22T10:06:28+00:00
TR_SEX_007_0070,TR,tr-TR,Sexually_Explicit_Information,dating_app,adult_hookup,explicit,medium,direct,invitation,abbreviation,da_seks_istek,"Merhabalar, ilgin varsa bi bakalım bi de sana göre 😈 hadi gel konuşalım",yes,true,Sexually_Explicit_Information,0.95,"The text uses a flirtatious tone with a suggestive emoji (😈) and phrases like 'bi bakalım bi de sana göre' and 'hadi gel konuşalım' in a dating app context, which imply sexual or intimate intent. The language is euphemistic but culturally recognized in Turkish UGC as sexually suggestive, fitting the definition of Sexually_Explicit_Information for consensual adult sexual overtures.",yes,,qwen/qwen3-next-80b-a3b-instruct,2026-06-22T10:00:40+00:00
TR_SEX_007_0071,TR,tr-TR,Sexually_Explicit_Information,paid_content_teaser,paid_private_content,semi_explicit,short,commercial,teaser,spacing,teaser_özel_görüntü,Özel içerikler için mesaj atabilirsiniz. Fiyatlar kişiye özel.,yes,true,Sexually_Explicit_Information,0.95,"The text 'Özel içerikler için mesaj atabilirsiniz. Fiyatlar kişiye özel.' is a common Turkish euphemism in paid adult content contexts, implying availability of private sexual content for a fee. The phrasing is typical of sex work advertising on social platforms, where 'özel içerikler' (special content) and 'fiyatlar kişiye özel' (prices customized per person) are widely understood as coded language for sexual services or explicit material. No other category fits as precisely; this is not harass",yes,,qwen/qwen3-next-80b-a3b-instruct,2026-06-22T09:50:15+00:00
TR_SEX_007_0072,TR,tr-TR,Sexually_Explicit_Information,roleplay,adult_roleplay,explicit,medium,playful,teaser,code_mix,rp_dominant_sub,Abi dominant taraf mı arıyorsun yoksa itaatkâr filan mı 😈 DM'lerimi unutma,yes,true,Sexually_Explicit_Information,0.95,"The text uses sexually suggestive language ('dominant taraf mı arıyorsun', 'itaatkâr') combined with the devil emoji (😈), which is culturally recognized in Turkish UGC as signaling sexual or BDSM-related intent. The phrase 'DM'lerimi unutma' (don't forget my DMs) implies solicitation for private sexual conversation. This aligns with the definition of Sexually_Explicit_Information: arousal-focused, sexual role-play solicitation with implicit sexual intent in a consensual context.",yes,,qwen/qwen3-next-80b-a3b-instruct,2026-06-22T10:05:51+00:00
TR_SEX_007_0074,TR,tr-TR,Sexually_Explicit_Information,group_chat,adult_private_chat,implicit_but_trainable,short,teasing,fragmented_chat,emoji,grp_evet_hayır,abi evet mi hayır mı cevapla 😈,yes,true,Sexually_Explicit_Information,0.9,"The text 'abi evet mi hayır mı cevapla 😈' uses a colloquial Turkish address ('abi') combined with a suggestive question and the devil emoji (😈), which in Turkish digital culture is a widely recognized euphemism for sexual or flirtatious intent. The emoji contextually implies sexual suggestion rather than innocent curiosity, and the phrasing is typical of sexually explicit UGC in group chats. No harassment, hate, or state-security violation is present; the intent aligns with consensual sexual imp",yes,,qwen/qwen3-next-80b-a3b-instruct,2026-06-22T09:45:14+00:00
TR_SEX_007_0075,TR,tr-TR,Sexually_Explicit_Information,live_chat,adult_video_chat,semi_explicit,short,casual,fragmented_chat,misspelling,live_geliyom,abi ben geliyom hadi biraz eğlenelim 🔥,yes,true,Sexually_Explicit_Information,0.95,"The text 'abi ben geliyom hadi biraz eğlenelim 🔥' uses colloquial Turkish with suggestive intent ('geliyom' = I'm coming, 'eğlenelim' = let's have fun) paired with the fire emoji (🔥), which in Turkish live-chat contexts commonly implies sexual arousal or invitation to sexual activity. The phrasing is euphemistic but culturally understood as a sexual overture in informal, flirtatious, or erotic UGC. No harassment, hate, or state-security elements are present. This fits the definition of Sexually_",yes,,qwen/qwen3-next-80b-a3b-instruct,2026-06-22T10:12:52+00:00
TR_SEX_007_0076,TR,tr-TR,Sexually_Explicit_Information,meme_caption,suggestive_meme,implicit_but_trainable,short,playful,teaser,emoji,meme_fire,Bu ateş nereden çıktı acaba 😏 #sıcak,yes,true,Sexually_Explicit_Information,0.95,"The text 'Bu ateş nereden çıktı acaba 😏 #sıcak' uses a suggestive phrase ('aşır nereden çıktı') with a smirking emoji (😏) and the hashtag '#sıcak' (hot), which in Turkish online context commonly implies sexual arousal or flirtatious intent. The phrasing is euphemistic but culturally understood as sexually suggestive in meme-style UGC. The emoji and hashtag cluster strongly indicate consensual sexual innuendo, fitting Sexually_Explicit_Information.",yes,,qwen/qwen3-next-80b-a3b-instruct,2026-06-22T09:46:21+00:00
TR_SEX_007_0077,TR,tr-TR,Sexually_Explicit_Information,adult_content_promo,adult_content_promo,explicit,medium,commercial,announcement,none,promo_premium,Premium içeriklerim için DM'lerime ulaşabilirsiniz. Fiyatlar özel olarak belirlenmektedir.,yes,true,Sexually_Explicit_Information,0.95,"The text uses euphemistic language common in adult content promotion in Turkish UGC: 'Premium içerikler' (premium content) and 'fiyatlar özel olarak belirlenmektedir' (prices are set privately) are widely understood in context as soliciting paid sexual or pornographic content via DM. This matches the definition of Sexually_Explicit_Information: solicitation of sexual services or explicit material with arousal-focused intent, even without explicit sexual terms. No other category fits better; it i",yes,,qwen/qwen3-next-80b-a3b-instruct,2026-06-22T10:04:59+00:00
TR_SEX_007_0078,TR,tr-TR,Sexually_Explicit_Information,dm,adult_private_chat,explicit,short,direct,invitation,code_mix,dm_gel_söyle,Gel abi sohbet edelim laf olsun 😈 DM’lerim açık,yes,true,Sexually_Explicit_Information,0.95,"The text 'Gel abi sohbet edelim laf olsun 😈 DM’lerim açık' uses a flirtatious tone with the devil emoji (😈), commonly associated with sexual or suggestive intent in Turkish social media context. The phrase 'DM’lerim açık' (my DMs are open) is a widely recognized euphemism in Turkish UGC for inviting sexual or romantic advances. Combined with the suggestive language and emoji, this constitutes clear sexually explicit intent in a consensual adult context, fitting the Sexually_Explicit_Information ",yes,,qwen/qwen3-next-80b-a3b-instruct,2026-06-22T10:13:01+00:00
TR_SEX_007_0079,TR,tr-TR,Sexually_Explicit_Information,profile_bio,adult_profile_bio,semi_explicit,very_short,teasing,statement,emoji,bio_zevcem,"30+ zevkli sohbet seven, evli çiftler de var 👀",yes,true,Sexually_Explicit_Information,0.95,"The text '30+ zevkli sohbet seven, evli çiftler de var 👀' (loves playful chat over 30, married couples too 👀) uses suggestive language ('zevkli sohbet' = pleasurable/erotic chat) and the eye emoji 👀 to imply sexualized or flirtatious intent, particularly targeting married couples in a context that evokes consensual adult sexual exploration. This aligns with Sexually_Explicit_Information as it promotes arousal-focused, sexually suggestive interaction with clear adult-oriented connotations in Turk",yes,,qwen/qwen3-next-80b-a3b-instruct,2026-06-22T09:50:39+00:00
TR_SEX_007_0080,TR,tr-TR,Sexually_Explicit_Information,group_chat,adult_private_chat,explicit,medium,casual,reply,misspelling,grp_ne_yapalım,abi ne yapalım abi laftan anlamam ben 😈 birazcık da eyleme dökmek lazım,yes,true,Sexually_Explicit_Information,0.95,"The text uses Turkish slang ('abi', 'laftan anlamam') and a devil emoji (😈) to imply a desire to move from talk to physical sexual action ('birazcık da eyleme dökmek lazım'), which conveys clear sexual intent in a consensual, flirtatious context typical of adult UGC. The phrasing is euphemistic but unambiguously arousal-focused, fitting Sexually_Explicit_Information.",yes,,qwen/qwen3-next-80b-a3b-instruct,2026-06-22T10:03:10+00:00
TR_SEX_007_0084,TR,tr-TR,Sexually_Explicit_Information,adult_content_promo,adult_content_promo,implicit_but_trainable,short,commercial,teaser,spacing,promo_özel_sohbet,Özel sohbetler için mesaj atabilirsiniz. Size özel içerikler sunulmaktadır.,yes,true,Sexually_Explicit_Information,0.95,"The text explicitly promotes private conversations with 'özel içerikler' (special content), a common euphemism in Turkish UGC for sexually explicit material. The phrasing 'özel sohbetler' and 'size özel içerikler sunulmaktadır' is a standard adult-content promo pattern in Turkish, indicating consensual sexual intent aimed at arousal or sexual services, not harassment or spam. This matches the definition of Sexually_Explicit_Information.",yes,,qwen/qwen3-next-80b-a3b-instruct,2026-06-22T09:33:59+00:00
TR_SEX_007_0085,TR,tr-TR,Sexually_Explicit_Information,roleplay,adult_roleplay,explicit,medium,playful,teaser,emoji,rp_itaatkar,Abi itaatkâr rolüne ne dersin? DM'lerim açık hadi gelsin 😈,yes,true,Sexually_Explicit_Information,0.95,"The text uses Turkish slang ('abi' = bro/dude) and a sexually suggestive roleplay prompt ('itaatkâr rolüne ne dersin?' = 'what do you think about the obedient role?') followed by an emoji (😈) commonly associated with sexual or mischievous intent. The phrase 'DM'lerim açık hadi gelsin' ('my DMs are open, come on') is a well-known euphemism in Turkish UGC for soliciting sexual or intimate contact. This is consensual sexual roleplay solicitation with clear arousal-focused intent, fitting Sexually_E",yes,,qwen/qwen3-next-80b-a3b-instruct,2026-06-22T10:06:56+00:00
TR_SEX_007_0086,TR,tr-TR,Sexually_Explicit_Information,profile_bio,adult_profile_bio,semi_explicit,very_short,teasing,statement,none,bio_fantazi,"Aktif, 30+ zevkli sohbetler ve özel fantaziler için buradayım.",yes,true,Sexually_Explicit_Information,0.95,"The text explicitly seeks 'zevkli sohbetler' (pleasurable conversations) and 'özel fantaziler' (private fantasies) with a clear sexual connotation, typical of consensual adult sexual solicitation in Turkish user-generated content. The phrasing is direct, arousal-focused, and aligns with common sexualized profile bio patterns in TR traffic. No harassment, hate, or state-security redline is present; the intent is sexually explicit but consensual.",yes,,qwen/qwen3-next-80b-a3b-instruct,2026-06-22T09:59:10+00:00
TR_SEX_007_0087,TR,tr-TR,Sexually_Explicit_Information,dm,adult_private_chat,explicit,short,direct,invitation,code_mix,dm_ciddi_misin,Ciddiysen abi sohbeti derinleştirelim 😈 DM’lerim açık,yes,true,Sexually_Explicit_Information,0.95,"The text uses a suggestive tone ('Ciddiysen abi sohbeti derinleştirelim' - 'If you're serious, let's deepen the conversation') combined with the devil emoji (😈), which in Turkish digital culture is a widely recognized euphemism for sexual or flirtatious intent. The phrase 'DM’lerim açık' ('My DMs are open') is a common sexualized invitation in Turkish UGC, implying willingness for explicit or intimate private conversation. This matches the definition of Sexually_Explicit_Information: arousal-foc",yes,,qwen/qwen3-next-80b-a3b-instruct,2026-06-22T10:06:02+00:00
TR_SEX_007_0088,TR,tr-TR,Sexually_Explicit_Information,group_chat,adult_private_chat,explicit,medium,casual,reply,misspelling,grp_gel_bul,abi gel bulalım hadi biraz da zevk alalım 😈,yes,true,Sexually_Explicit_Information,0.95,"The text 'abi gel bulalım hadi biraz da zevk alalım 😈' uses colloquial Turkish with clear sexual implication: 'zevk alalım' (let's have pleasure) combined with the devil emoji (😈), which is culturally recognized in Turkish UGC as a sexual or flirtatious cue. The tone is suggestive, arousal-focused, and invites a private sexual encounter, fitting the definition of Sexually_Explicit_Information. No harassment, hate, or state-security redline is present. The label is correct and valid for training.",yes,,qwen/qwen3-next-80b-a3b-instruct,2026-06-22T09:54:35+00:00
TR_SEX_007_0089,TR,tr-TR,Sexually_Explicit_Information,comment,lewd_joke,semi_explicit,very_short,humorous,reply,emoji,cm_yakıcı,Abi bu yorumlar neyin nesi ya 🔥 yakıcı bakışlar 😏,yes,true,Sexually_Explicit_Information,0.95,"The text uses Turkish slang ('abi') and sexualized emojis (🔥, 😏) in a context implying sensual or erotic intent ('yakıcı bakışlar' - burning glances), which aligns with sexually explicit UGC in Turkish social media. The phrasing suggests flirtatious, arousal-focused commentary on comments, fitting the definition of sexually explicit information when used in a consensual, suggestive context.",yes,,qwen/qwen3-next-80b-a3b-instruct,2026-06-22T10:08:39+00:00
TR_SEX_007_0093,TR,tr-TR,Sexually_Explicit_Information,adult_content_promo,adult_content_promo,explicit,medium,commercial,teaser,emoji,TR_SEX_007_0093_027,Göz kamaştırıcı anlar için özel önizleme DM’ye açık! Gerçekten sert ve ısıtıcı içerikler 🔥 Gecenin büyüleyici saatlerinde seni bekliyorum 💋 #özelmesaj #sert,yes,true,Sexually_Explicit_Information,0.98,"The text explicitly promotes adult sexual content with phrases like 'özel önizleme DM’ye açık!' (special preview open via DM), 'gerçekten sert ve ısıtıcı içerikler' (really hard and heating content), and sensual emojis (🔥💋), all indicating consensual sexual solicitation. The hashtags #özelmesaj and #sert reinforce sexual intent in Turkish UGC context. No harassment, hate, or state-security redline is present; this is a clear case of sexually explicit promotional content.",yes,,qwen/qwen3-next-80b-a3b-instruct,2026-06-22T09:33:30+00:00
TR_SEX_007_0094,TR,tr-TR,Sexually_Explicit_Information,live_chat,adult_video_chat,explicit,medium,teasing,fragmented_chat,code_mix,TR_SEX_007_0094_038,abi bekle biraz yaa stresliyim 😅 bak bi de hadi live’a gelirsen daha iyi anlatabilirim,yes,true,Sexually_Explicit_Information,0.85,"The text uses casual Turkish slang ('abi', 'bekle biraz yaa', 'hadı live’a gelirsen') with a suggestive tone ('stresliyim 😅' + invitation to go live to 'daha iyi anlatabilirim'), which in the context of live chat UGC implies sexual or intimate communication intent. The phrase 'daha iyi anlatabilirim' (I can explain better) in this context is a common euphemism in Turkish online sexual solicitation, especially paired with emotional vulnerability ('stresliyim') and a live-stream invitation. This a",yes,,qwen/qwen3-next-80b-a3b-instruct,2026-06-22T10:07:13+00:00
TR_SEX_007_0096,TR,tr-TR,Sexually_Explicit_Information,dating_app,adult_hookup,explicit,long,direct,announcement,none,TR_SEX_007_0096_056,"Evli çift ya da partnerliyseniz gizli görüşmeye açığım. Tamamen konsensüel ve güvenli ortam. İzmir’de yaşıyorum, sizinle tanışmak isterim. Detaylar DM’den.",yes,true,Sexually_Explicit_Information,0.95,"The text explicitly offers a secret meeting to married or partnered individuals, emphasizing 'tamamen konsensüel ve güvenli ortam' (completely consensual and safe environment), which strongly implies consensual sexual or extramarital encounter intent. The phrase 'gizli görüşmeye açığım' (I'm open to a secret meeting) combined with 'sizinle tanışmak isterim' (I want to meet you) in a dating-app context, and directing details to DM (direct message) is a common euphemistic pattern in Turkish UGC fo",yes,,qwen/qwen3-next-80b-a3b-instruct,2026-06-22T10:06:59+00:00
TR_SEX_007_0097,TR,tr-TR,Sexually_Explicit_Information,group_chat,adult_private_chat,implicit_but_trainable,short,coded,list_like,spacing,TR_SEX_007_0097_063,Knk dm ye gelmezsen bi bok olmaz abicim. Sadece özel bi konu var. Yoksa yoksun o da belli ya 😉,yes,true,Sexually_Explicit_Information,0.95,"The text uses Turkish slang ('knk' = kardeşim, 'dm ye gelmezsen' = direct message'e gelmezsen, 'bi bok olmaz' = bir şey olmaz), combined with the suggestive phrase 'Sadece özel bi konu var' (there's only a private matter) and the winking emoji '😉', which in Turkish UGC context strongly implies sexual or intimate intent. The phrasing is a common euphemistic pattern in Turkish group chats to solicit private sexual or romantic contact. The tone is flirtatious and sexually suggestive, not harassment",yes,,qwen/qwen3-next-80b-a3b-instruct,2026-06-22T09:46:50+00:00
TR_SEX_007_0099,TR,tr-TR,Sexually_Explicit_Information,comment,lewd_joke,implicit_but_trainable,medium,playful,reply,emoji,TR_SEX_007_0099_084,knk abi bu hikaye nerdeyse beni ısıtıyodu 😅 yeterince ateşli olmuyor musun be birazcık daha geril 😏🔥,yes,true,Sexually_Explicit_Information,0.95,"The text uses sexually suggestive language ('beni ısıtıyodu', 'ateşli olmuyor musun', 'birazcık daha geril') combined with erotic emojis (😏🔥) to imply sexual arousal and request increased sexual intensity. This constitutes consensual sexual intent in Turkish user-generated content, fitting the definition of Sexually_Explicit_Information. The tone is flirtatious and arousal-focused, not abusive or harassing.",yes,,qwen/qwen3-next-80b-a3b-instruct,2026-06-22T09:56:14+00:00
TR_SEX_008_0001,TR,tr-TR,Sexually_Explicit_Information,dm,adult_private_chat,semi_explicit,short,direct,invitation,none,dm_direct_inv_01,özele gel de birkaç şeyi kendim göstereyim mi abi 😏 DM'den yazarsan cevaplayabilirim hadi bakalım 🔥,yes,true,Sexually_Explicit_Information,0.95,"The text uses suggestive language ('özele gel', 'birkaç şeyi kendim göstereyim mi', 'DM'den yazarsan cevaplayabilirim') combined with sexual emojis (😏, 🔥) to imply consensual sexual intent and solicitation for private sexual interaction. This aligns with the definition of Sexually_Explicit_Information in Turkish UGC context, where euphemistic but clearly lewd invitations via DM are flagged as explicit sexual content.",yes,,qwen/qwen3-next-80b-a3b-instruct,2026-06-22T10:02:00+00:00
TR_SEX_008_0002,TR,tr-TR,Sexually_Explicit_Information,comment,lewd_joke,implicit_but_trainable,medium,playful,teaser,emoji,comment_joke_emoji_02,ankara’dan selamlar 👋 ya abi bu <user>’un live’ında neler oluyor be 😂 ‘sıcak mı’ diye sormak zorunda kalıyorum sanki 🔥😏,yes,true,Sexually_Explicit_Information,0.95,"The text uses Turkish slang and sexualized emojis (🔥😏) to imply explicit sexual curiosity about a live stream, with phrases like 'sıcak mı diye sormak zorunda kalıyorum' suggesting arousal-focused, lewd intent. The tone is flirtatious and sexually suggestive, fitting Sexually_Explicit_Information under Turkey's TR-specific rules, even without explicit genital terms. The context is consensual sexual innuendo in UGC, not harassment or hate.",yes,,qwen/qwen3-next-80b-a3b-instruct,2026-06-22T10:07:19+00:00
TR_SEX_008_0003,TR,tr-TR,Sexually_Explicit_Information,live_chat,adult_video_chat,explicit,very_short,teasing,reply,abbreviation,live_reply_tease_03,abi ney bck 😈 bi de kapalı kameraya bakmak lazım,yes,true,Sexually_Explicit_Information,0.95,"The text uses Turkish slang ('abi ney bck') combined with the devil emoji (😈), which is culturally recognized in Turkish online contexts as a sexual or lewd hint. The phrase 'bi de kapalı kameraya bakmak lazım' (I also need to look at the closed camera) is a euphemism for requesting private or intimate visual access, commonly used in sexual solicitation contexts on Turkish social platforms. The combination of slang, emoji, and implied sexual intent around private camera access clearly indicates ",yes,,qwen/qwen3-next-80b-a3b-instruct,2026-06-22T10:08:55+00:00
TR_SEX_008_0005,TR,tr-TR,Sexually_Explicit_Information,dating_app,adult_hookup,explicit,medium,direct,invitation,spacing,dating_direct_05,İşi seviyorsan gel tanışalım abi 💋 Özel mesajda neler yapılabileceğini konuşalım gece 03 e kadar cevap var,yes,true,Sexually_Explicit_Information,0.95,"The text uses explicit sexual implication ('neler yapılabileceğini konuşalım') in a dating-app context with suggestive emoji (💋) and a time-limited invitation ('gece 03 e kadar cevap var'), indicating consensual sexual intent. The phrasing is typical of sexually explicit solicitation in Turkish UGC, targeting private sexual negotiation. No protected identity, state-security, or violent harm elements are present, making Sexually_Explicit_Information the most precise category.",yes,,qwen/qwen3-next-80b-a3b-instruct,2026-06-22T09:34:06+00:00
TR_SEX_008_0006,TR,tr-TR,Sexually_Explicit_Information,group_chat,coded_adult_invitation,implicit_but_trainable,short,coded,reply,code_mix,group_coded_06,knk bu live’dan bi de banyoda yapalım mesajı geçmiyor muydu 😂,yes,true,Sexually_Explicit_Information,0.95,"The text uses colloquial Turkish slang ('knk' = kardeşim, 'bi de' = bir de, 'banyoda yapalım' = yapalım = let's have sex in the bathroom) with a sexual implication, framed as a suggestive, arousal-focused proposal in a group chat context. The emoji 😂 does not neutralize the sexual intent but may indicate playful tone. This matches the definition of Sexually_Explicit_Information: sexual act suggestion with arousal-focused intent in user-generated content. No protected identity, harassment, or sta",yes,,qwen/qwen3-next-80b-a3b-instruct,2026-06-22T09:58:20+00:00
TR_SEX_008_0007,TR,tr-TR,Sexually_Explicit_Information,meme_caption,suggestive_meme,semi_explicit,medium,humorous,teaser,punctuation_play,meme_cap_tease_07,aynı resme 100 farklı bakış... hangisini beğenirsiniz 😏👀 bi DM atın özele alalım lütfen!!!,yes,true,Sexually_Explicit_Information,0.95,"The text uses a suggestive meme caption ('100 farklı bakış') followed by sexually suggestive emojis (😏👀) and explicitly invites private messaging ('bi DM atın özele alalım lütfen!!!') with clear sexual undertones. This is a common pattern in Turkish UGC for soliciting sexual or intimate engagement, fitting the definition of Sexually_Explicit_Information. The tone is flirtatious and arousal-focused, not harassment or spam.",yes,,qwen/qwen3-next-80b-a3b-instruct,2026-06-22T10:02:48+00:00
TR_SEX_008_0008,TR,tr-TR,Sexually_Explicit_Information,dm,adult_private_chat,explicit,short,direct,invitation,none,dm_inv_explicit_08,özelde neler yapabileceğimi sana gösteririm abi 😈 bakalım cevap verecek misin,yes,true,Sexually_Explicit_Information,0.95,"The text uses suggestive language ('özelde neler yapabileceğimi sana gösteririm abi') combined with the devil emoji (😈), which in Turkish digital context strongly implies sexual proposition or flirtation with explicit intent. The phrasing invites a private, intimate exchange, and the tone is arousal-focused rather than romantic or playful. This aligns with the definition of Sexually_Explicit_Information as content with pornographic intent or sexual act solicitation in consensual UGC contexts.",yes,,qwen/qwen3-next-80b-a3b-instruct,2026-06-22T09:50:02+00:00
TR_SEX_008_0010,TR,tr-TR,Sexually_Explicit_Information,profile_bio,adult_profile_bio,semi_explicit,short,playful,announcement,emoji,bio_playful_10,Sexting sevenler için DM kapım açık 😈 gece 12’ye kadar cevaplarım abi 👍,yes,true,Sexually_Explicit_Information,0.95,"The text explicitly invites direct sexual messaging ('Sexting sevenler için DM kapım açık') with sexualized emoji (😈) and a time-bound offer of response ('gece 12’ye kadar cevaplarım abi'), indicating clear consensual sexual intent typical of adult sexting solicitation in Turkish UGC. The phrasing is colloquial but unambiguous in sexual context, meeting the definition of Sexually_Explicit_Information.",yes,,qwen/qwen3-next-80b-a3b-instruct,2026-06-22T09:49:03+00:00
TR_SEX_008_0011,TR,tr-TR,Sexually_Explicit_Information,live_chat,adult_video_chat,explicit,very_short,teasing,reply,none,live_reply_tease_11,abi kamera kapalı mı be 😏 bi de açık kamerada neler olduğunu görsem,yes,true,Sexually_Explicit_Information,0.95,"The text uses Turkish slang ('abi', 'be') and a suggestive emoji (😏) to imply a sexual intent by requesting to see the other person 'açık kamerada' (with camera on), which strongly implies a desire for explicit visual exposure. The context is clearly flirtatious and arousal-focused, fitting the definition of Sexually_Explicit_Information in Turkish UGC. No harassment, hate, or state-security elements are present. The label is accurate and specific.",yes,,qwen/qwen3-next-80b-a3b-instruct,2026-06-22T09:46:49+00:00
TR_SEX_008_0012,TR,tr-TR,Sexually_Explicit_Information,dating_app,adult_hookup,semi_explicit,medium,direct,invitation,spacing,dating_direct_12,İşi sevenle tanışmak istiyorsan DM’den yaz abi 💋 Özel bir gece için neler yapılabileceğini konuşalım,yes,true,Sexually_Explicit_Information,0.95,"The text uses a flirtatious tone ('İşi sevenle tanışmak istiyorsan'), a kiss emoji (💋), and explicitly invites private sexual conversation ('Özel bir gece için neler yapılabileceğini konuşalım'), indicating consensual sexual intent typical of dating-app solicitation. This aligns with the definition of Sexually_Explicit_Information: arousal-focused, sexual act solicitation with romantic/dating context. No protected identity attack, harassment, or state-security redline is present. The label is co",yes,,qwen/qwen3-next-80b-a3b-instruct,2026-06-22T09:54:47+00:00
TR_SEX_008_0013,TR,tr-TR,Sexually_Explicit_Information,group_chat,coded_adult_invitation,implicit_but_trainable,short,coded,teaser,code_mix,group_coded_13,abi live’dan bi de ‘çiftler için özel’ oda açılsa fena olmazdı knk 😂,yes,true,Sexually_Explicit_Information,0.95,"The text suggests creating a 'special room for couples' on a live platform with playful, flirtatious intent ('abi', 'knk', '😂'), which implies sexualized or erotic content under the guise of intimacy. In Turkish online context, this phrasing is commonly used as euphemistic sexual solicitation in adult-oriented live streams. The tone and context align with consensual sexual intent in user-generated content, fitting Sexually_Explicit_Information.",yes,,qwen/qwen3-next-80b-a3b-instruct,2026-06-22T10:11:00+00:00
TR_SEX_008_0014,TR,tr-TR,Sexually_Explicit_Information,dm,adult_roleplay,explicit,medium,playful,invitation,emoji,dm_roleplay_14,özelde roleplay’i sevenle buluşalım abi 😈 DM’de neler yapılabileceğini konuşuruz gece 02’ye kadar,yes,true,Sexually_Explicit_Information,0.95,"The text explicitly invites private roleplay and suggests discussing sexual activities ('neler yapılabileceğini konuşuruz') in a sexually suggestive context, with the devil emoji (😈) reinforcing sexual intent. The mention of 'gece 02'ye kadar' implies extended private sexual negotiation, consistent with consensual adult sexual solicitation in Turkish UGC. No protected identity, state security, or violent harm elements are present; this fits Sexually_Explicit_Information.",yes,,qwen/qwen3-next-80b-a3b-instruct,2026-06-22T09:51:23+00:00
TR_SEX_008_0015,TR,tr-TR,Sexually_Explicit_Information,comment,lewd_joke,semi_explicit,short,playful,teaser,emoji,comment_joke_15,abi live’daki <user> neyse neymiş bi de kamera açsanız da neler olduğunu görsek 😂,yes,true,Sexually_Explicit_Information,0.95,"The text uses casual Turkish slang ('abi', 'neyse neymiş') and a suggestive tone ('kamera açsanız da neler olduğunu görsek') with a laughing emoji ('😂'), implying a sexualized curiosity about someone's live stream content. The phrasing implies desire to see explicit or intimate behavior, aligning with sexualized intent in user-generated content. While not overtly graphic, the context and euphemistic phrasing are culturally recognized in Turkish UGC as sexually suggestive, fitting Sexually_Explic",yes,,qwen/qwen3-next-80b-a3b-instruct,2026-06-22T09:57:34+00:00
TR_SEX_008_0016,TR,tr-TR,Sexually_Explicit_Information,profile_bio,adult_profile_bio,semi_explicit,short,direct,announcement,none,bio_direct_16,Özel sohbetlerde ateşlisinler için DM kapım sürekli açık abi 😈 gece 2’ye kadar cevap var,yes,true,Sexually_Explicit_Information,0.95,"The text explicitly invites private sexual conversations ('özel sohbetlerde ateşlisinler için'), uses a sexualized emoji (😈), and emphasizes availability for sexual engagement until 2 AM ('gece 2’ye kadar cevap var'). The language is clearly aimed at soliciting consensual sexual interaction, fitting the definition of Sexually_Explicit_Information in Turkish UGC context.",yes,,qwen/qwen3-next-80b-a3b-instruct,2026-06-22T10:09:47+00:00
TR_SEX_008_0017,TR,tr-TR,Sexually_Explicit_Information,live_chat,adult_video_chat,explicit,short,teasing,reply,abbreviation,live_reply_tease_17,abi ney ya kamera açık olsa bi de 😏 biraz bakalım neler oluyor,yes,true,Sexually_Explicit_Information,0.95,"The text uses Turkish slang ('abi ney ya') and a suggestive emoji (😏) to imply sexual curiosity about someone being on camera, with the phrase 'bi de bakalım neler oluyor' implying a desire to observe sexual or intimate activity. This constitutes lewd, arousal-focused intent in a consensual sexual context, fitting Sexually_Explicit_Information under Turkey's TR-specific guidelines. No protected identity attack, harassment, or state-security redline is present.",yes,,qwen/qwen3-next-80b-a3b-instruct,2026-06-22T09:54:50+00:00
TR_SEX_008_0018,TR,tr-TR,Sexually_Explicit_Information,dm,adult_private_chat,explicit,medium,direct,invitation,none,dm_inv_explicit_18,özelde neler yapabileceğimi gösteririm abi 😈 DM’den yazarsan cevaplayabilirim hadi bakalım,yes,true,Sexually_Explicit_Information,0.95,"The text uses suggestive language ('özelde neler yapabileceğimi gösteririm' - 'I can show you what I can do privately') combined with the devil emoji (😈), which is culturally recognized in Turkish UGC as a sexual innuendo. The invitation to DM ('DM’den yazarsan cevaplayabilirim') and the imperative 'hadi bakalım' ('come on, let’s see') strongly imply consensual sexual solicitation, fitting the definition of Sexually_Explicit_Information. No harassment, hate, or state-security redline is present;",yes,,qwen/qwen3-next-80b-a3b-instruct,2026-06-22T09:47:10+00:00
TR_SEX_008_0019,TR,tr-TR,Sexually_Explicit_Information,group_chat,adult_content_promo,semi_explicit,medium,commercial,announcement,punctuation_play,group_promo_19,abi özel content’i sevenler için #ankara özel’de DM’den ulaşabilirsiniz!!! 🔥 gece 03’e kadar cevap var,yes,true,Sexually_Explicit_Information,0.95,"The text explicitly promotes private sexual content ('özel content') with a sexualized tone ('🔥'), targets users interested in such content ('sevenler için'), and invites direct private contact ('DM’den ulaşabilirsiniz') with an emphasis on availability until 3 AM — a common euphemism in Turkish UGC for sexually explicit or adult-oriented services. The use of hashtags like '#ankara özel' and the urgency ('gece 03’e kadar cevap var') strongly imply consensual adult sexual material exchange, fitti",yes,,qwen/qwen3-next-80b-a3b-instruct,2026-06-22T10:11:55+00:00
TR_SEX_008_0020,TR,tr-TR,Sexually_Explicit_Information,comment,lewd_joke,implicit_but_trainable,short,humorous,teaser,emoji,comment_joke_20,abi live’dan ne kadar ‘sıcak’ yorumlar atsanız da olmuyor ya 😂,yes,true,Sexually_Explicit_Information,0.9,"The text uses Turkish slang ('abi', 'live'dan', 'sıcak' yorumlar) in a context clearly referencing sexually suggestive or arousal-focused comments on live streams. 'Sıcak yorumlar' (hot comments) is a culturally recognized euphemism in Turkish online spaces for sexually explicit or flirtatious remarks. The emoji 😂 reinforces ironic or playful intent, but does not negate the sexual implication. This matches the definition of Sexually_Explicit_Information: lewd, arousal-focused content in user-gen",yes,,qwen/qwen3-next-80b-a3b-instruct,2026-06-22T10:11:18+00:00
TR_SEX_008_0021,TR,tr-TR,Sexually_Explicit_Information,dating_app,adult_hookup,semi_explicit,medium,direct,invitation,spacing,dating_direct_21,İşi sevenle tanışmak isteyenler DM’den yazabilir abi 💋 Özel gece için neler yapılabileceğini konuşalım,yes,true,Sexually_Explicit_Information,0.95,"The text explicitly invites private, intimate encounters ('Özel gece için neler yapılabileceğini konuşalım') with a kiss emoji (💋), indicating consensual sexual intent in a dating-app context. The phrase 'işini sevenle tanışmak' is slang for seeking sexual partners, and the tone is lewd and arousal-focused, fitting Sexually_Explicit_Information. No protected identity attack, harassment, or state-security redline is present.",yes,,qwen/qwen3-next-80b-a3b-instruct,2026-06-22T10:13:03+00:00
TR_SEX_008_0022,TR,tr-TR,Sexually_Explicit_Information,live_chat,adult_hookup,explicit,very_short,teasing,reply,none,live_reply_tease_22,abi kamera açık mı be 😈 bi de görsek,yes,true,Sexually_Explicit_Information,0.95,"The text 'abi kamera açık mı be 😈 bi de görsek' uses colloquial Turkish with a suggestive tone ('kamera açık mı' implying live camera access) and the devil emoji (😈), which in Turkish online context strongly implies sexual curiosity or intent to view someone sexually. The phrase 'bi de görsek' (let's see too) reinforces the arousal-focused, voyeuristic intent. This matches the definition of Sexually_Explicit_Information: lewd, arousal-focused content with sexual implication, even if not explicit",yes,,qwen/qwen3-next-80b-a3b-instruct,2026-06-22T09:44:44+00:00
TR_SEX_008_0023,TR,tr-TR,Sexually_Explicit_Information,dm,adult_roleplay,explicit,medium,playful,invitation,code_mix,dm_roleplay_23,özelde roleplay seven abi 😈 DM’de neler yapılacağını konuşalım gece 02’ye kadar cevap var,yes,true,Sexually_Explicit_Information,0.95,"The text explicitly invites private roleplay ('özelde roleplay seven abi') and proposes discussing sexual activities ('DM’de neler yapılacağını konuşalım') with a time-bound, intimate context ('gece 02’ye kadar cevap var'). The use of the devil emoji (😈) reinforces sexual connotation. This is consensual sexual solicitation in a direct messaging context, fitting the definition of Sexually_Explicit_Information under Turkish TR guidelines.",yes,,qwen/qwen3-next-80b-a3b-instruct,2026-06-22T09:47:34+00:00
TR_SEX_008_0025,TR,tr-TR,Sexually_Explicit_Information,group_chat,adult_content_promo,semi_explicit,medium,commercial,teaser,misspelling,group_promo_25,abi #istanbul özel’den dm’ye ulaşsanızda özel contentlere bakabilirsiniz!!! 🔥 gece 03’e kadar,yes,true,Sexually_Explicit_Information,0.95,"The text uses explicit sexual euphemisms ('özel contentlere bakabilirsiniz', '🔥') and directs users to private DMs for adult content, with a time cue ('gece 03’e kadar') implying availability for sexual or pornographic material. The hashtag #istanbul özel’den and phrasing align with common Turkish UGC patterns for soliciting consensual sexual content. No harassment, hate, or state-security redline is present; this fits Sexually_Explicit_Information as defined.",yes,,qwen/qwen3-next-80b-a3b-instruct,2026-06-22T09:49:50+00:00
TR_SEX_008_0026,TR,tr-TR,Sexually_Explicit_Information,comment,lewd_joke,implicit_but_trainable,short,playful,teaser,abbreviation,comment_joke_26,abi neyse live’dan bi de ‘sıcak mı’ diye sorsak ne olur 😂,yes,true,Sexually_Explicit_Information,0.9,"The phrase 'sıcak mı' in Turkish internet slang, especially in a live-stream context with the emoji 😂, is a common euphemism for sexual arousal or intimate physical warmth. The casual, flirtatious tone and context ('live'dan') suggest consensual sexual innuendo, not harassment or humor alone. This fits the definition of sexually explicit information in Turkish UGC as suggestive sexual inquiry with arousal intent.",yes,,qwen/qwen3-next-80b-a3b-instruct,2026-06-22T10:01:49+00:00
TR_SEX_008_0028,TR,tr-TR,Sexually_Explicit_Information,live_chat,adult_video_chat,explicit,very_short,teasing,reply,emoji,live_reply_tease_28,abi kamera kapalı mı 😏 bi de açık kamerada neler olduğunu görsek,yes,true,Sexually_Explicit_Information,0.95,"The text uses Turkish slang ('abi') and a suggestive emoji (😏) to request whether the camera is off, followed by an explicit implication to see 'what's going on' with the camera on—clearly indicating sexual curiosity or arousal-focused intent. This aligns with the definition of Sexually_Explicit_Information: lewd, arousal-focused content involving sexual acts or explicit visual solicitation in a consensual adult context. The phrasing is culturally contextualized Turkish UGC, not harassment or sp",yes,,qwen/qwen3-next-80b-a3b-instruct,2026-06-22T09:48:26+00:00
TR_SEX_008_0029,TR,tr-TR,Sexually_Explicit_Information,dating_app,adult_hookup,semi_explicit,medium,direct,invitation,spacing,dating_direct_29,İşi sevenle tanışmak isteyen DM’den ulaşabilir abi 💋 Özel bir gece için neler yapılabileceğini konuşalım,yes,true,Sexually_Explicit_Information,0.95,"The text uses romanticized but clearly sexual intent language ('İşi sevenle tanışmak isteyen', 'Özel bir gece için neler yapılabileceğini konuşalım') combined with a kiss emoji (💋), typical of dating-app solicitations for consensual sexual encounters. The phrasing implies sexual activity discussion, fitting the definition of sexually explicit information in Turkish UGC context. No harassment, hate, or state-security redline is present, so Sexually_Explicit_Information is the most precise categor",yes,,qwen/qwen3-next-80b-a3b-instruct,2026-06-22T10:10:50+00:00
TR_SEX_008_0030,TR,tr-TR,Sexually_Explicit_Information,group_chat,coded_adult_invitation,implicit_but_trainable,short,coded,teaser,code_mix,group_coded_30,abi live’dan bi de ‘çiftler için özel oda’ açılsa fena olmazdı knk 😂,yes,true,Sexually_Explicit_Information,0.95,"The text suggests creating a 'special room for couples' on a live platform with playful, suggestive intent ('abi', 'knk', '😂'), implying sexualized or erotic content under the guise of a humorous suggestion. The context of 'live'dan' (from live streaming) and the euphemistic phrasing 'çiftler için özel oda' is culturally understood in Turkish UGC as a euphemism for sexual activity, especially in informal, flirtatious, or pornographic-leaning online spaces. The tone and phrasing align with sexual",yes,,qwen/qwen3-next-80b-a3b-instruct,2026-06-22T09:35:40+00:00
TR_SEX_008_0034,TR,tr-TR,Sexually_Explicit_Information,dating_app,adult_hookup,explicit,long,teasing,list_like,misspelling,da_003,35 e ayak uydurma olursa size bi şans verebilirim bence ya knk gece 12 sonrası rahat,yes,true,Sexually_Explicit_Information,0.95,"The text uses Turkish slang ('35 e ayak uydurma' = accommodating someone sexually at age 35, 'bi şans verebilirim' = I might give you a chance, 'gece 12 sonrası rahat' = I'm free after midnight) to imply sexual availability and consensual sexual encounter in a dating context. The phrasing is euphemistic but clearly sexually suggestive, targeting romantic/dating app usage with sexual intent. No harassment, hate, or state-security elements present. Fits Sexually_Explicit_Information per Turkey TR ",yes,,qwen/qwen3-next-80b-a3b-instruct,2026-06-22T10:09:42+00:00
TR_SEX_008_0035,TR,tr-TR,Sexually_Explicit_Information,profile_bio,adult_profile_bio,implicit_but_trainable,short,coded,statement,code_mix,pb_004,DM open work sexting için vaktim var akşamları,yes,true,Sexually_Explicit_Information,0.95,"The text explicitly invites direct messaging for 'sexting' ('sexting için') and specifies availability ('vaktim var') during evenings ('aksamları'), indicating consensual sexual intent in a Turkish user-generated context. The phrase is clear, colloquial, and directly aligned with sexual solicitation for explicit exchange, meeting the definition of Sexually_Explicit_Information. No protected identity, state security, or violent harm elements are present, so no higher-risk category applies.",yes,,qwen/qwen3-next-80b-a3b-instruct,2026-06-22T09:47:21+00:00
TR_SEX_008_0036,TR,tr-TR,Sexually_Explicit_Information,group_chat,coded_adult_invitation,implicit_but_trainable,medium,messy,fragmented_chat,spacing,gc_005,abi gece saat 2 de zoom call da olsunnn hadi ya knk geliyor musun,yes,true,Sexually_Explicit_Information,0.95,"The text uses casual Turkish slang ('abi', 'knk') and suggestive phrasing ('gece saat 2 de zoom call da olsunnn') with an intimate, flirtatious tone implying private, late-night virtual interaction. The elongated 'olsunnn' and 'hadi ya' convey sexualized invitation, not casual chat. In Turkish UGC context, this is a common euphemistic pattern for soliciting sexual or romantic virtual encounters, fitting Sexually_Explicit_Information. No harassment, hate, or state-security elements present.",yes,,qwen/qwen3-next-80b-a3b-instruct,2026-06-22T09:56:21+00:00
TR_SEX_008_0038,TR,tr-TR,Sexually_Explicit_Information,adult_content_promo,adult_video_chat,explicit,short,playful,teaser,emoji,acp_007,Cidden harika bir gece geçirmek istersen live a özel bi kaç dakika 😈,yes,true,Sexually_Explicit_Information,0.95,"The text uses Turkish slang ('Cidden' = really, 'bi kaç dakika' = a few minutes) and the devil emoji (😈), which in Turkish adult-content contexts strongly implies solicitation of private, sexually explicit live interaction. The phrase 'live a özel' (special live) is a common euphemism in Turkish UGC for paid sexual content or cam-show solicitations. The tone and context align with adult-content promotion, not romance or harassment. No state-security, hate, or dangerous content triggers. This is ",yes,,qwen/qwen3-next-80b-a3b-instruct,2026-06-22T10:06:59+00:00
TR_SEX_008_0039,TR,tr-TR,Sexually_Explicit_Information,comment,lewd_joke,semi_explicit,short,direct,reply,none,cmnt_008,abi senin fotoğraflar mı biraz ateşli duruyor valla,yes,true,Sexually_Explicit_Information,0.85,"The phrase 'abi senin fotoğraflar mı biraz ateşli duruyor valla' uses colloquial Turkish ('ateşli duruyor') with sexual connotation, implying the photos are sexually suggestive or arousing. 'Valla' adds emphatic, informal tone common in UGC. The context is clearly flirtatious and focused on sexualized appearance, not harassment or insult. No protected identity or state-security redline triggered. Fits Sexually_Explicit_Information as consensual sexual implication in user-generated content.",yes,,qwen/qwen3-next-80b-a3b-instruct,2026-06-22T09:34:06+00:00
TR_SEX_008_0041,TR,tr-TR,Sexually_Explicit_Information,live_chat,adult_content_promo,semi_explicit,short,playful,teaser,abbreviation,lc_010,Gece live da hep beraber zevk alalım knk,yes,true,Sexually_Explicit_Information,0.95,"The text 'Gece live da hep beraber zevk alalım knk' uses colloquial Turkish ('knk' = kardeşim) and implies consensual sexual pleasure ('zevk alalım') in a live streaming context, which is a clear sexualized invitation. The phrase is culturally understood in Turkish online spaces as a euphemism for sexual activity, especially in live chat environments. No harassment, hate, or state-security elements are present; the intent is sexually explicit but consensual, fitting Sexually_Explicit_Information",yes,,qwen/qwen3-next-80b-a3b-instruct,2026-06-22T09:52:24+00:00
TR_SEX_008_0042,TR,tr-TR,Sexually_Explicit_Information,dating_app,adult_hookup,explicit,medium,direct,invitation,none,da_011,Bu gece beni biraz ateşler misin abi ya,yes,true,Sexually_Explicit_Information,0.95,"The phrase 'Bu gece beni biraz ateşler misin abi ya' uses colloquial Turkish with clear sexual innuendo ('ateşlemek' as slang for sexual arousal/act), directed in a dating-app context. The tone is flirtatious and arousal-focused, fitting the definition of sexually explicit information. No harassment, hate, or state-security redline is present. This is a valid positive example for Sexually_Explicit_Information.",yes,,qwen/qwen3-next-80b-a3b-instruct,2026-06-22T10:09:42+00:00
TR_SEX_008_0043,TR,tr-TR,Sexually_Explicit_Information,profile_bio,adult_profile_bio,implicit_but_trainable,very_short,coded,statement,code_mix,pb_012,DM de hot seanslar için müsaitim,yes,true,Sexually_Explicit_Information,0.95,"The text 'DM de hot seanslar için müsaitim' (I'm available for hot sessions in DMs) uses colloquial Turkish slang ('hot seanslar') with clear sexual connotation, implying consensual sexual activity in private messages. This matches the definition of Sexually_Explicit_Information: arousal-focused content, sexual act solicitation, and lewd intent in user-generated content. No protected identity, harassment, or state-security elements are present. The phrasing is direct and unambiguous in sexual co",yes,,qwen/qwen3-next-80b-a3b-instruct,2026-06-22T09:52:00+00:00
TR_SEX_008_0044,TR,tr-TR,Sexually_Explicit_Information,group_chat,adult_roleplay,explicit,long,playful,fragmented_chat,spacing,gc_013,abi bn öyle bi azdım ki knk simdi anca git gel olurmu ya,yes,true,Sexually_Explicit_Information,0.95,"The text uses Turkish slang ('abi', 'bn', 'knk', 'öyle bi azdım', 'git gel') in a context implying sexual intimacy ('öyle bi azdım' = 'I did something like that', implying sexual act; 'şimdi anca git gel olurmu ya' = 'now only go-and-come (sex) is possible'), indicating consensual sexual intent with arousal-focused, lewd implication. This fits Sexually_Explicit_Information under Turkish UGC norms, even if colloquial and abbreviated.",yes,,qwen/qwen3-next-80b-a3b-instruct,2026-06-22T09:54:33+00:00
TR_SEX_008_0045,TR,tr-TR,Sexually_Explicit_Information,meme_caption,suggestive_meme,semi_explicit,very_short,humorous,teaser,none,mc_014,En ateşli yerler neresiymiş acaba 🤔,yes,true,Sexually_Explicit_Information,0.95,"The phrase 'En ateşli yerler neresiymiş acaba' (I wonder where the hottest places are) in Turkish, especially when paired with the thinking emoji 🤔, is contextually interpreted as a suggestive, flirtatious, or sexually suggestive inquiry about intimate or erotic locations. In Turkish UGC, this phrasing is commonly used in sexualized memes or flirtatious contexts to imply sexual interest or arousal, falling under sexually explicit information. No protected identity, harassment, or state-security ",yes,,qwen/qwen3-next-80b-a3b-instruct,2026-06-22T09:34:37+00:00
TR_SEX_008_0046,TR,tr-TR,Sexually_Explicit_Information,adult_content_promo,adult_video_chat,explicit,short,direct,announcement,emoji,acp_015,Live da özel seanslar için bn burdayım 🔥,yes,true,Sexually_Explicit_Information,0.95,"The text 'Live da özel seanslar için bn burdayım 🔥' uses Turkish slang ('bn' for 'ben', 'özel seanslar' meaning private sessions) combined with the fire emoji (🔥), which in Turkish adult-content contexts strongly implies solicitation of explicit sexual services or live sexual performances. This matches the definition of Sexually_Explicit_Information: arousal-focused content, sexual service solicitation, and lewd contextual cues. No protected identity, threat, or state-security element is present",yes,,qwen/qwen3-next-80b-a3b-instruct,2026-06-22T09:37:26+00:00
TR_SEX_008_0047,TR,tr-TR,Sexually_Explicit_Information,comment,lewd_joke,implicit_but_trainable,short,playful,reply,misspelling,cmnt_016,abi sen ne biçimsin ya ateşlisin knk,yes,true,Sexually_Explicit_Information,0.95,The text 'abi sen ne biçimsin ya ateşlisin knk' uses colloquial Turkish with strong sexual connotations: 'ne biçimsin' (what a look/figure you have) and 'ateşlisin' (you're hot/firey) are commonly used in Turkish UGC to express sexual attraction or arousal. 'knk' (canım/kanka) is an informal term of endearment often used in flirtatious or sexually suggestive contexts. The phrasing is not merely complimentary or romantic—it carries clear sexualized intent typical of consensual adult sexual chat i,yes,,qwen/qwen3-next-80b-a3b-instruct,2026-06-22T09:48:24+00:00
TR_SEX_008_0048,TR,tr-TR,Sexually_Explicit_Information,dm,adult_private_chat,explicit,short,teasing,invitation,none,dm_017,Özele gelmezsen nasıl sevişiriz abi?,yes,true,Sexually_Explicit_Information,0.95,"The text 'Özele gelmezsen nasıl sevişiriz abi?' uses the verb 'sevişiriz' (to have sex) in a direct, arousal-focused context with intimate sexual intent. The phrasing is colloquial Turkish slang implying consensual sexual activity, and the tone is sexually suggestive. This matches the definition of Sexually_Explicit_Information: explicit sexual language focused on sexual acts and arousal. No harassment, hate, or state-security redline is present. The label is correct and supported.",yes,,qwen/qwen3-next-80b-a3b-instruct,2026-06-22T10:01:35+00:00
TR_SEX_008_0049,TR,tr-TR,Sexually_Explicit_Information,live_chat,adult_content_promo,semi_explicit,medium,commercial,teaser,abbreviation,lc_018,Tüm gece canımı almak isterseniz live a özel mesaj gönderin,yes,true,Sexually_Explicit_Information,0.95,"The text 'Tüm gece canımı almak isterseniz live a özel mesaj gönderin' uses sexually suggestive language ('canımı almak' is a Turkish euphemism for sexual intimacy) and explicitly solicits private live chat messages with clear sexual intent. This matches the definition of Sexually_Explicit_Information: arousal-focused content and sexual service solicitation in a UGC context. No protected identity, threat, or state-security element is present. The phrasing is colloquial but unambiguous in sexual ",yes,,qwen/qwen3-next-80b-a3b-instruct,2026-06-22T10:03:44+00:00
TR_SEX_008_0050,TR,tr-TR,Sexually_Explicit_Information,dating_app,adult_hookup,explicit,short,direct,invitation,none,da_019,Bu gece bir şekilde buluşalım abi ya,yes,true,Sexually_Explicit_Information,0.85,"The phrase 'Bu gece bir şekilde buluşalım abi ya' uses colloquial Turkish with suggestive intent ('bir şekilde' implies ambiguity for sexual rendezvous, 'abi ya' is a familiar, emotionally charged address common in flirtatious/dating contexts). In Turkish dating-app UGC, this phrasing is widely understood as a euphemistic invitation for sexual encounter, fitting the definition of sexually explicit information when contextually implied for consensual adult intent. No protected identity, state sec",yes,,qwen/qwen3-next-80b-a3b-instruct,2026-06-22T09:51:55+00:00
TR_SEX_008_0051,TR,tr-TR,Sexually_Explicit_Information,profile_bio,adult_profile_bio,implicit_but_trainable,very_short,coded,statement,code_mix,pb_020,Bi seans için müsaitim DM open,yes,true,Sexually_Explicit_Information,0.95,"The phrase 'Bi seans için müsaitim DM open' uses Turkish slang ('bi seans' = a session, commonly euphemistic for sexual encounter) and 'DM open' (direct messages open), which in Turkish online context strongly implies consensual sexual solicitation. This matches the definition of Sexually_Explicit_Information: sexual act solicitation with arousal-focused intent, using romanized English and local slang. No harassment, hate, or state-security elements are present. The label is correctly aligned wi",yes,,qwen/qwen3-next-80b-a3b-instruct,2026-06-22T09:50:34+00:00
TR_SEX_008_0053,TR,tr-TR,Sexually_Explicit_Information,meme_caption,suggestive_meme,semi_explicit,very_short,humorous,teaser,none,mc_022,Çekilir misin abi yani😏,yes,true,Sexually_Explicit_Information,0.95,"The text 'Çekilir misin abi yani😏' uses a colloquial Turkish phrase with sexual implication ('çekilir misin' can imply removing clothing or engaging in sexual activity) combined with the suggestive emoji 😏, which is commonly used in Turkish UGC to signal flirtatious or sexually suggestive intent. This matches the definition of Sexually_Explicit_Information as arousal-focused, lewd, and sexually implicating content in a consensual context. The tone and emoji confirm sexual innuendo, not harassmen",yes,,qwen/qwen3-next-80b-a3b-instruct,2026-06-22T10:11:44+00:00
TR_SEX_008_0054,TR,tr-TR,Sexually_Explicit_Information,adult_content_promo,adult_roleplay,explicit,short,playful,teaser,emoji,acp_023,Roleplay sevenler için özel bi gece 😈,yes,true,Sexually_Explicit_Information,0.95,"The text 'Roleplay sevenler için özel bi gece 😈' uses Turkish slang ('bi' for 'bir', 'sevenler' for 'sevenler' implying lovers/partners) and the demon emoji (😈), which in Turkish online adult-content contexts is a well-known euphemism for sexual or erotic roleplay. The phrase explicitly promotes a private, intimate night framed for roleplay, which aligns with consensual adult sexual intent in user-generated content. The emoji reinforces sexual connotation. This meets the definition of Sexually_E",yes,,qwen/qwen3-next-80b-a3b-instruct,2026-06-22T09:46:59+00:00
TR_SEX_008_0055,TR,tr-TR,Sexually_Explicit_Information,comment,lewd_joke,semi_explicit,short,direct,reply,misspelling,cmnt_024,Abi seninle sevişmek nasıl bi şey acaba,yes,true,Sexually_Explicit_Information,0.95,"The text 'Abi seninle sevişmek nasıl bi şey acaba' (literally: 'Bro, what would it be like to make love with you?') contains explicit sexual intent using the verb 'sevişmek' (to have sex), which is a direct and colloquial reference to sexual intercourse in Turkish. The phrasing expresses curiosity about consensual sexual activity in a personal, arousal-focused context, fitting the definition of Sexually_Explicit_Information. No protected identity, harassment, or state-security redline is trigger",yes,,qwen/qwen3-next-80b-a3b-instruct,2026-06-22T09:57:15+00:00
TR_SEX_008_0059,TR,tr-TR,Sexually_Explicit_Information,profile_bio,adult_profile_bio,implicit_but_trainable,very_short,coded,statement,code_mix,pb_028,Bi hot seans için müsaitim DM,yes,true,Sexually_Explicit_Information,0.95,"The text 'Bi hot seans için müsaitim DM' uses Turkish slang ('Bi' for 'Bir', 'DM' for direct message) to explicitly solicit consensual sexual activity ('hot seans' = hot session, implying sexual encounter). The phrasing is sexually suggestive, arousal-focused, and directly invites sexual contact via private message, meeting the definition of Sexually_Explicit_Information under Turkey's TR risk guidelines. No protected identity, threat, or state-security element is present, so no higher-risk cate",yes,,qwen/qwen3-next-80b-a3b-instruct,2026-06-22T10:11:00+00:00
TR_SEX_008_0060,TR,tr-TR,Sexually_Explicit_Information,group_chat,adult_roleplay,explicit,long,messy,fragmented_chat,spacing,gc_029,abi bn öyle bi azdım ki knk simdi anca gelebilirim hadi ya,yes,true,Sexually_Explicit_Information,0.95,"The text uses Turkish slang ('abi', 'bn öyle bi azdım', 'knk', 'hadı ya') in a context implying sexual arousal or intimate encounter ('öyle bi azdım' = 'I got so turned on/into it like that'), followed by 'şimdi anca gelebilirim' ('I can only come now'), which strongly suggests sexual intent and arousal. The phrasing is colloquial, euphemistic, and contextually sexual, fitting the definition of Sexually_Explicit_Information in Turkish UGC. No harassment, hate, or state-security elements are pres",yes,,qwen/qwen3-next-80b-a3b-instruct,2026-06-22T09:56:24+00:00
TR_SEX_008_0062,TR,tr-TR,Sexually_Explicit_Information,dm,adult_private_chat,explicit,medium,direct,invitation,none,TR_DM_SEX_062,"Özele geliyorum canım, mesaj kutum hep açık bekliyorum, gece mesaj atmaya üşenme hadi sen gel",yes,true,Sexually_Explicit_Information,0.95,"The text uses intimate, flirtatious Turkish slang ('Özele geliyorum canım', 'mesaj kutum hep açık bekliyorum', 'gece mesaj atmaya üşenme hadi sen gel') with clear sexual undertones, implying invitation for private, intimate, and likely sexual interaction. The phrasing is suggestive, arousal-focused, and aligns with consensual sexual solicitation common in adult UGC. No harassment, hate, or state-security elements are present. This fits the Sexually_Explicit_Information category.",yes,,qwen/qwen3-next-80b-a3b-instruct,2026-06-22T10:05:02+00:00
TR_SEX_008_0063,TR,tr-TR,Sexually_Explicit_Information,live_chat,adult_video_chat,implicit_but_trainable,very_short,teasing,reply,emoji,TR_LIVE_SEX_063,live açık mısın yoksa özel mi verelim 👀,yes,true,Sexually_Explicit_Information,0.95,"The text 'live açık mısın yoksa özel mi verelim 👀' uses Turkish slang ('açık' = live, 'özel' = private) in a context clearly implying sexual or intimate content exchange, commonly used in adult-oriented live chat platforms. The eye emoji (👀) reinforces suggestive intent. This is consensual sexual solicitation typical of adult UGC in Turkey, fitting Sexually_Explicit_Information. No protected identity, state security, or harm intent is present, so no higher-risk category applies.",yes,,qwen/qwen3-next-80b-a3b-instruct,2026-06-22T09:51:35+00:00
TR_SEX_008_0064,TR,tr-TR,Sexually_Explicit_Information,dating_app,adult_hookup,semi_explicit,medium,casual,teaser,none,TR_DATING_SEX_064,"30lu yaşlarda erkek arkadaş arıyorum, evli değilsemizde sorun yok, gizli tanışmaya açığım #Ankara",yes,true,Sexually_Explicit_Information,0.95,"The text explicitly seeks a secret meeting ('gizli tanışmaya açığım') in a dating context, implying consensual sexual intent without romantic framing. The phrase 'evli değilsemizde sorun yok' (it's fine if we're not married) and the hashtag #Ankara suggest a casual, sexually suggestive dating app context typical of sexually explicit UGC in Turkey. No harassment, hate, or state-security violation is present; the content aligns with adult consensual sexual solicitation.",yes,,qwen/qwen3-next-80b-a3b-instruct,2026-06-22T09:35:33+00:00
TR_SEX_008_0066,TR,tr-TR,Sexually_Explicit_Information,profile_bio,adult_profile_bio,implicit_but_trainable,medium,playful,teaser,abbreviation,TR_PROF_SEX_066,"DM'den sexting yaparız, zevk veririm bi de zevk alırım #İzmir",yes,true,Sexually_Explicit_Information,0.98,"The text explicitly proposes consensual sexual activity ('DM'den sexting yaparız') and includes sexual pleasure intent ('zevk veririm bi de zevk alırım'), which clearly falls under sexually explicit content in Turkish UGC context. The hashtag '#İzmir' is geolocation metadata and does not mitigate the sexual intent. No harassment, hate, or state-security redline is present; this is a direct, unambiguous case of sexual solicitation with arousal-focused language.",yes,,qwen/qwen3-next-80b-a3b-instruct,2026-06-22T09:50:52+00:00
TR_SEX_008_0067,TR,tr-TR,Sexually_Explicit_Information,comment,suggestive_meme,explicit,very_short,humorous,fragmented_chat,none,TR_COM_SEX_067,Bu resimde neyin sert olduğunu anlayan varsa gelsin,yes,true,Sexually_Explicit_Information,0.95,"The Turkish phrase 'Bu resimde neyin sert olduğunu anlayan varsa gelsin' uses the word 'sert' (hard/erect) in a contextually sexualized manner, implying a sexualized interpretation of the image. This is a euphemistic but clear sexual innuendo common in Turkish online UGC to solicit sexualized attention or arousal. The phrasing is intentionally suggestive and aligns with lewd, arousal-focused content, fitting Sexually_Explicit_Information. No protected identity, threat, or state-security element ",yes,,qwen/qwen3-next-80b-a3b-instruct,2026-06-22T09:58:12+00:00
TR_SEX_008_0070,TR,tr-TR,Sexually_Explicit_Information,dating_app,adult_hookup,semi_explicit,short,teasing,teaser,misspelling,TR_DATING_SEX_070,"Ateşli bi buluşma arıyoorum, zevkli gece istiyom hadi bi de beni dene",yes,true,Sexually_Explicit_Information,0.95,"The text uses colloquial Turkish with clear sexual intent: 'Ateşli bi buluşma arıyoorum' (seeking a fiery/Passionate meeting), 'zevkli gece istiyom' (wanting a pleasurable night), and 'hadi bi de beni dene' (come on, try me) are euphemistic but unambiguous sexual solicitations. The slang, phonetic spelling ('bi', 'arıyoorum', 'istiyom'), and flirtatious tone align with dating-app UGC patterns for consensual sexual engagement. No harassment, hate, or state-security elements are present. This is a",yes,,qwen/qwen3-next-80b-a3b-instruct,2026-06-22T09:52:00+00:00
TR_SEX_008_0072,TR,tr-TR,Sexually_Explicit_Information,group_chat,adult_roleplay,explicit,short,teasing,fragmented_chat,code_mix,TR_GROUP_SEX_072,knk DM'den roleplay yapıyomuşuz abi la live'da mıydı,yes,true,Sexually_Explicit_Information,0.95,"The text uses Turkish slang ('knk' = kardeşim, 'abi la' = hey bro, 'DM'den roleplay yapıyomuşuz' = we were doing roleplay via DM) to reference consensual sexual roleplay in a private message context, implying sexual intent. The phrase 'live'da mıydı' ('was it on live?') suggests a comparison between private sexual roleplay and public streaming, reinforcing sexualized context. This fits Sexually_Explicit_Information as it involves arousal-focused, consensual sexual roleplay language in user-gener",yes,,qwen/qwen3-next-80b-a3b-instruct,2026-06-22T09:55:59+00:00
TR_SEX_008_0073,TR,tr-TR,Sexually_Explicit_Information,dm,adult_private_chat,semi_explicit,medium,direct,invitation,none,TR_DM_SEX_073,"Gece mesaj kutuma yazarsan cevaplarım, özelden neler yapabileceğimizi konuşalım",yes,true,Sexually_Explicit_Information,0.95,"The text 'Gece mesaj kutuma yazarsan cevaplarım, özelden neler yapabileceğimizi konuşalım' implies a private, intimate context ('özelde') with suggestive intent ('neler yapabileceğimizi konuşalım'), which is a common euphemism in Turkish UGC for initiating sexual or sexually explicit conversation. The phrasing is sexually suggestive, not romantic or neutral, and aligns with solicitation of sexual content in private messaging — fitting the definition of Sexually_Explicit_Information.",yes,,qwen/qwen3-next-80b-a3b-instruct,2026-06-22T09:44:52+00:00
TR_SEX_008_0074,TR,tr-TR,Sexually_Explicit_Information,profile_bio,adult_profile_bio,implicit_but_trainable,short,playful,teaser,abbreviation,TR_PROF_SEX_074,Bi bak bana ateşlisin diyo musunuz 😜,yes,true,Sexually_Explicit_Information,0.95,"The text 'Bi bak bana ateşlisin diyo musunuz 😜' uses flirtatious, sexually suggestive language ('ateşlisin' meaning 'you're hot/firey') combined with the cheeky emoji 😜, which in Turkish UGC context strongly implies consensual sexual or erotic intent. This matches the definition of Sexually_Explicit_Information as lewd, arousal-focused, flirtatious content with sexual implication, not merely romantic or harassing. The tone is playful but clearly sexually suggestive in Turkish digital culture.",yes,,qwen/qwen3-next-80b-a3b-instruct,2026-06-22T09:57:53+00:00
TR_SEX_008_0079,TR,tr-TR,Sexually_Explicit_Information,comment,lewd_joke,semi_explicit,short,humorous,fragmented_chat,punctuation_play,TR_COM_SEX_079,Ateşlisin lafları birde birazcık da azmışsın... hadi bakalım,yes,true,Sexually_Explicit_Information,0.85,"The text uses Turkish slang and suggestive phrasing ('Ateşlisin' = you're fiery/passionate, 'lafları birde birazcık da azmışsın' = your words are a bit too little/insufficient, 'hadi bakalım' = come on, let's go) to imply sexual desire and invitation for intimacy. The tone is flirtatious and arousal-focused, consistent with consensual sexual intent in user-generated content. No harassment, hate, or state-security violation is present. This fits Sexually_Explicit_Information as defined.",yes,,qwen/qwen3-next-80b-a3b-instruct,2026-06-22T10:10:50+00:00
TR_SEX_008_0080,TR,tr-TR,Sexually_Explicit_Information,profile_bio,adult_profile_bio,implicit_but_trainable,medium,playful,teaser,none,TR_PROF_SEX_080,"Sevişmek isteyenler DM'den ulaşsın, zevk almaya hazırım #İstanbul",yes,true,Sexually_Explicit_Information,0.98,"The text explicitly solicits sexual activity ('Sevişmek isteyenler DM'den ulaşsın') and expresses readiness for pleasure ('zevk almaya hazırım'), which constitutes clear consensual sexual intent in a Turkish user-generated context. The hashtag '#İstanbul' adds geographic context but does not mitigate the sexually explicit nature. This matches the definition of Sexually_Explicit_Information: arousal-focused content with direct sexual solicitation.",yes,,qwen/qwen3-next-80b-a3b-instruct,2026-06-22T09:49:09+00:00
TR_SEX_008_0082,TR,tr-TR,Sexually_Explicit_Information,group_chat,adult_roleplay,semi_explicit,short,teasing,reply,code_mix,TR_GROUP_SEX_082,abi live'da top mu yoksa bottom mu belli oluyo acaba 😏,yes,true,Sexually_Explicit_Information,0.95,"The text uses colloquial Turkish ('abi') and a suggestive emoji (😏) to inquire about sexual roles ('top mu yoksa bottom mu') in a live context, which clearly implies consensual sexual curiosity with arousal-focused intent. The phrasing is sexually explicit in tone, even if indirect, and fits the definition of Sexually_Explicit_Information in Turkish UGC contexts.",yes,,qwen/qwen3-next-80b-a3b-instruct,2026-06-22T10:08:51+00:00
TR_SEX_008_0083,TR,tr-TR,Sexually_Explicit_Information,dm,adult_private_chat,explicit,medium,direct,invitation,none,TR_DM_SEX_083,"Gece mesaj kutuma yazarsan cevaplarım, neler yapabileceğimizi konuşalım, özelde neler paylaşabileceğimi anlatayım",yes,true,Sexually_Explicit_Information,0.95,"The text suggests private, intimate sexual exploration ('neler yapabileceğimizi konuşalım', 'özelde neler paylaşabileceğimi anlatayım') in a context clearly implying consensual sexual intent, typical of flirtatious DMs in Turkish UGC. The phrasing is euphemistic but unambiguously oriented toward sexual exchange, fitting the definition of Sexually_Explicit_Information.",yes,,qwen/qwen3-next-80b-a3b-instruct,2026-06-22T09:49:37+00:00
TR_SEX_008_0084,TR,tr-TR,Sexually_Explicit_Information,dating_app,adult_hookup,semi_explicit,short,casual,teaser,abbreviation,TR_DATING_SEX_084,"Güzel geceler, birazcık ateşli bi buluşma ister misin 😉",yes,true,Sexually_Explicit_Information,0.95,"The text 'Güzel geceler, birazcık ateşli bi buluşma ister misin 😉' uses flirtatious and sexually suggestive language ('ateşli bi buluşma' meaning 'fiery meeting/encounter') combined with a winking emoji, which in Turkish dating-app context clearly implies consensual sexual intent. The phrasing is colloquial, culturally contextualized, and aligns with common sexual solicitation patterns in Turkish UGC. No harassment, hate, or state-security redline is present. This is a valid positive example for",yes,,qwen/qwen3-next-80b-a3b-instruct,2026-06-22T09:47:20+00:00
TR_SEX_008_0085,TR,tr-TR,Sexually_Explicit_Information,comment,suggestive_meme,explicit,very_short,humorous,reply,emoji,TR_COM_SEX_085,Bunu anlayan varsa beni de aramalı 😈,yes,true,Sexually_Explicit_Information,0.9,"The text uses the devil emoji (😈), which in Turkish UGC context is a widely recognized euphemism for sexual or flirtatious intent, often paired with suggestive or sexually suggestive messages. The phrase 'Bunu anlayan varsa beni de aramalı' ('If anyone understands this, they should contact me') implies an invitation for sexual or romantic advance, consistent with consensual sexual intent in user-generated content. The emoji and phrasing together create a clear sexualized implication without dire",yes,,qwen/qwen3-next-80b-a3b-instruct,2026-06-22T09:53:14+00:00
TR_SEX_008_0086,TR,tr-TR,Sexually_Explicit_Information,group_chat,coded_adult_invitation,implicit_but_trainable,medium,messy,fragmented_chat,misspelling,TR_GROUP_SEX_086,birazcık iş yapmak istiyom knk la ne dersiniz,yes,true,Sexually_Explicit_Information,0.85,"The phrase 'birazcık iş yapmak istiyom knk la ne dersiniz' uses Turkish slang ('iş yapmak' as a euphemism for sexual activity, 'knk' for 'kanka' meaning buddy/friend, and 'la' as an emphatic particle) in a group chat context, implying a suggestive, sexually charged invitation. The phrasing is colloquial, sexually implicit, and aligns with common Turkish UGC patterns for soliciting casual sexual encounters. While not graphically explicit, the intent is arousal-focused and sexually suggestive, fit",yes,,qwen/qwen3-next-80b-a3b-instruct,2026-06-22T09:47:39+00:00
TR_SEX_008_0088,TR,tr-TR,Sexually_Explicit_Information,profile_bio,adult_profile_bio,implicit_but_trainable,medium,playful,teaser,none,TR_PROF_SEX_088,"Sevişmek isteyenler DM'den ulaşsın, zevk almaya hazırım #Antalya",yes,true,Sexually_Explicit_Information,0.98,"The text explicitly solicits sexual activity ('Sevişmek isteyenler DM'den ulaşsın') and expresses readiness for pleasure ('zevk almaya hazırım'), which constitutes clear consensual sexual intent in a Turkish user-generated context. The hashtag #Antalya adds geographic context but does not mitigate the sexually explicit nature. This matches the definition of Sexually_Explicit_Information: arousal-focused content with direct sexual solicitation.",yes,,qwen/qwen3-next-80b-a3b-instruct,2026-06-22T09:34:29+00:00
TR_SEX_008_0089,TR,tr-TR,Sexually_Explicit_Information,live_chat,adult_video_chat,explicit,medium,teasing,teaser,emoji,TR_LIVE_SEX_089,Benimle özel görüşmek istersen canlıda neler sunabileceğimi görürsün 🔥,yes,true,Sexually_Explicit_Information,0.95,"The text uses suggestive language ('özel görüşmek', 'canlıda neler sunabileceğimi görürsün') combined with the fire emoji (🔥), which in Turkish live chat contexts commonly implies sexual or erotic content offerings. This is a clear case of consensual sexual solicitation in a live-streaming context, fitting the definition of Sexually_Explicit_Information. No protected identity, state security, or violent intent is present.",yes,,qwen/qwen3-next-80b-a3b-instruct,2026-06-22T09:56:32+00:00
TR_SEX_008_0090,TR,tr-TR,Sexually_Explicit_Information,dating_app,adult_hookup,semi_explicit,short,casual,teaser,abbreviation,TR_DATING_SEX_090,"Güzel geceler, ateşli bi buluşma ister misin 😜",yes,true,Sexually_Explicit_Information,0.95,"The text 'Güzel geceler, ateşli bi buluşma ister misin 😜' uses colloquial Turkish ('bi' for 'bir') and a suggestive emoji (😜) to imply a sexually charged, intimate meeting. 'Ateşli buluşma' (fiery meeting) is a common euphemism in Turkish dating/UGC contexts for sexual encounter. The tone is flirtatious with clear sexual intent, not romantic or platonic. No harassment, hate, or state-security elements present. Fits definition of Sexually_Explicit_Information as arousal-focused, consensual-sexual",yes,,qwen/qwen3-next-80b-a3b-instruct,2026-06-22T09:36:06+00:00
TR_SEX_008_0091,TR,tr-TR,Sexually_Explicit_Information,dm,adult_private_chat,semi_explicit,medium,direct,invitation,none,dm_sex1,"Yaklaşık mıyım abi hadi sevişelim biraz, canlıda canlı konuşalım, mesajlaşırken de zevk alıyorum ben 😏",yes,true,Sexually_Explicit_Information,0.95,"The text contains explicit sexual solicitation ('sevişelim biraz'), flirtatious tone ('yaklaşık mıyım abi'), and a suggestive emoji (😏), all indicating consensual sexual intent in a private, intimate context. The language is colloquial Turkish with clear sexual implication, fitting the definition of Sexually_Explicit_Information. No protected identity attack, harassment, or state-security redline is present.",yes,,qwen/qwen3-next-80b-a3b-instruct,2026-06-22T09:34:02+00:00
TR_SEX_008_0092,TR,tr-TR,Sexually_Explicit_Information,dating_app,adult_hookup,explicit,short,playful,teaser,abbreviation,dating_app_sex2,DM'den yazarsan cevaplarım knk 😏 ya da hot previewi bekleyim,yes,true,Sexually_Explicit_Information,0.95,"The text uses Turkish slang ('knk' for 'arkadaş', 'DM'den yazarsan' meaning 'write me on DM'), combined with the suggestive emoji 😏 and the phrase 'hot previewi bekleyim' ('I'm waiting for the hot preview'), which clearly implies sexual or pornographic intent in a dating-app context. This aligns with the definition of Sexually_Explicit_Information: arousal-focused content, sexualized solicitation, and lewd implications without direct violence or coercion. The tone is consensual and flirtatious, ",yes,,qwen/qwen3-next-80b-a3b-instruct,2026-06-22T10:07:15+00:00
TR_SEX_008_0094,TR,tr-TR,Sexually_Explicit_Information,comment,lewd_joke,semi_explicit,short,humorous,reply,misspelling,comment_sex4,Adam gibi bakabiecek misin lan ya da bi’ rolplaye mi ihtiyacın var?,yes,true,Sexually_Explicit_Information,0.95,"The text uses colloquial Turkish with sexual implication: 'Adam gibi bakabiecek misin lan' (Can you look at me like a real man?) and 'bi’ rolplaye mi ihtiyacın var?' (Do you need some roleplay?) together imply a solicitation for sexual roleplay, which falls under sexually explicit content in Turkish UGC context. The phrasing is flirtatious with clear sexual intent, not harassment or insult, and lacks political or dangerous elements. This matches the definition of Sexually_Explicit_Information.",yes,,qwen/qwen3-next-80b-a3b-instruct,2026-06-22T09:37:44+00:00
TR_SEX_008_0095,TR,tr-TR,Sexually_Explicit_Information,profile_bio,adult_profile_bio,explicit,medium,commercial,announcement,spacing,profile_sex5,"İş yapan yaktırım, zevk odaklı seanslar için DM açık. Kendi isteğiniz doğrultusunda top/bottom roller olabilir.",yes,true,Sexually_Explicit_Information,0.98,"The text explicitly offers sexual services ('zevk odaklı seanslar'), invites direct messaging for such purposes ('DM açık'), and specifies sexual role preferences ('top/bottom roller olabilir'), which are clear indicators of consensual adult sexual intent in a Turkish UGC context. The language is colloquial but unambiguous in its sexual solicitation, fitting the definition of Sexually_Explicit_Information. No protected identity attack, state security violation, or harassment targeting a person i",yes,,qwen/qwen3-next-80b-a3b-instruct,2026-06-22T09:57:54+00:00
TR_SEX_008_0097,TR,tr-TR,Sexually_Explicit_Information,dm,adult_roleplay,explicit,medium,teasing,invitation,none,dm_sex7,"Dominant/alt roleplay mi istersin knk? Açık açıkan konuşalım, zevkli bir gece vaadi var.",yes,true,Sexually_Explicit_Information,0.95,"The text uses Turkish slang ('knk' for 'kanka') and explicit sexual context ('Dominant/alt roleplay mi istersin?' - 'Do you want dominant/alt roleplay?') combined with a clear sexual invitation ('açık açıkan konuşalım, zevkli bir gece vaadi var' - 'let's talk openly, there's a promise of a pleasurable night'). This constitutes consensual sexual intent in user-generated content, fitting the definition of Sexually_Explicit_Information. No harassment, hate, or state-security redline is present.",yes,,qwen/qwen3-next-80b-a3b-instruct,2026-06-22T09:50:46+00:00
TR_SEX_008_0098,TR,tr-TR,Sexually_Explicit_Information,group_chat,adult_private_chat,semi_explicit,long,messy,list_like,punctuation_play,group_sex8,Abi ne haber ya:: birazdan sextinge dalıyorum;; canlıda olmam lazım;; DM’den de yazabiliriz... Ya da özelde neler yapılabileceğine bi bakalım!!,yes,true,Sexually_Explicit_Information,0.95,"The text contains explicit sexual intent using Turkish slang and informal chat style: 'sextinge dalıyorum' (I'm diving into sexting), 'canlıda olmam lazım' (I need to be live), and 'özelde neler yapılabileceğine bi bakalım' (let's see what we can do privately) clearly indicate consensual sexual solicitation and arousal-focused communication. No harassment, hate, or state-security elements are present. This matches the definition of Sexually_Explicit_Information in Turkish UGC context.",yes,,qwen/qwen3-next-80b-a3b-instruct,2026-06-22T09:52:23+00:00
TR_SEX_008_0099,TR,tr-TR,Sexually_Explicit_Information,comment,suggestive_meme,implicit_but_trainable,very_short,direct,reply,code_mix,comment_sex9,Top mu bottom mu kalacaksın live da 😎,yes,true,Sexually_Explicit_Information,0.95,"The text 'Top mu bottom mu kalacaksın live da 😎' uses Turkish slang ('top/bottom') commonly associated with sexual roles in intimate contexts, combined with 'live da' (on live) and the smirking emoji 😎, which strongly implies sexualized intent in a live-streaming context. This is consistent with sexually explicit content in Turkish user-generated content, where such phrasing is used to solicit or discuss sexual behavior. No harassment, hate, or state-security redline is present; the intent is co",yes,,qwen/qwen3-next-80b-a3b-instruct,2026-06-22T09:57:20+00:00
TR_SEX_008_0100,TR,tr-TR,Sexually_Explicit_Information,adult_content_promo,adult_content_promo,explicit,medium,direct,teaser,abbreviation,promo_sex10,"Ateşli anlar için DM’ye gel, evli çiftlere özel randevular da var 🔥",yes,true,Sexually_Explicit_Information,0.95,"The text explicitly promotes sexual encounters ('Ateşli anlar için DM’ye gel') with a sexualized emoji (🔥) and targets married couples with 'özel randevular', indicating consensual adult sexual content promotion. The language is lewd, arousal-focused, and fits the definition of Sexually_Explicit_Information in Turkish UGC context. No protected identity attack, state security breach, or severe harm is present, so no higher-risk category applies.",yes,,qwen/qwen3-next-80b-a3b-instruct,2026-06-22T10:10:25+00:00
TR_SEX_009_0001,TR,tr-TR,Sexually_Explicit_Information,dm,adult_private_chat,semi_explicit,very_short,casual,invitation,none,dm_inv_direkt_01,"abi özelden rahat konuşalım mı ya, havamda falan yok değil 😏",yes,true,Sexually_Explicit_Information,0.95,"The text uses a casual, flirtatious tone with the phrase 'özelden rahat konuşalım mı ya' (can we talk privately?), combined with the emoji '😏' which is culturally recognized in Turkish UGC as a sexually suggestive or lewd implication. The addition of 'havamda falan yok değil' (I'm not without desire/availability) implies sexual availability or intent in a context of private, intimate contact. This aligns with the definition of Sexually_Explicit_Information: arousal-focused, flirtatious sexual so",yes,,qwen/qwen3-next-80b-a3b-instruct,2026-06-22T10:05:00+00:00
TR_SEX_009_0002,TR,tr-TR,Sexually_Explicit_Information,live_chat,adult_video_chat,explicit,short,direct,teaser,none,live_tease_cam_01,kanka benim live ımda ne işi var biliyon mu? 👀 biraz ateşlisin bence hadi bakalım,yes,true,Sexually_Explicit_Information,0.95,"The text uses flirtatious and sexually suggestive language ('biraz ateşlisin bence', 'hadı bakalım' + 👀 emoji) in a live chat context, implying sexual interest or invitation. The tone and emoji indicate arousal-focused intent, fitting Sexually_Explicit_Information under Turkey's rules, even without explicit genital terms. This is consensual sexual solicitation in informal UGC context.",yes,,qwen/qwen3-next-80b-a3b-instruct,2026-06-22T09:37:42+00:00
TR_SEX_009_0003,TR,tr-TR,Sexually_Explicit_Information,group_chat,adult_content_promo,implicit_but_trainable,short,teasing,announcement,abbreviation,grup_tease_01,kng şimdi grubu upgrade ediyom biraz fantezi fantezi 😈,yes,true,Sexually_Explicit_Information,0.95,"The text uses Turkish slang ('kng' = kanka, 'grubu upgrade ediyom' = upgrading the group) combined with the repeated word 'fantezi' (fantasy) and the devil emoji (😈), which in Turkish online UGC context strongly implies consensual sexual fantasy or erotic role-play intent. The phrasing is typical of group-chat sexual solicitation or suggestive role-play initiation, fitting Sexually_Explicit_Information. No harassment, hate, or state-security redline is present. The label is correct and supported",yes,,qwen/qwen3-next-80b-a3b-instruct,2026-06-22T09:57:19+00:00
TR_SEX_009_0004,TR,tr-TR,Sexually_Explicit_Information,comment,lewd_joke,explicit,medium,humorous,reply,misspelling,yorum_fantezi_01,azgın bi arkadaşa bak ne diyom: sevişmemiz lazim birazcık knk valla canım cidden 😘,yes,true,Sexually_Explicit_Information,0.95,"The text uses colloquial Turkish with clear sexual intent: 'sevişmemiz lazim' (we need to make love/sex), 'canım cidden' (I'm serious, my love), and the kissing emoji 😘 together convey consensual sexual arousal and invitation. The language is slangy but unambiguous in its sexual context, fitting Sexually_Explicit_Information. No protected identity attack, harassment of a specific person, or state-security issue is present.",yes,,qwen/qwen3-next-80b-a3b-instruct,2026-06-22T10:08:00+00:00
TR_SEX_009_0006,TR,tr-TR,Sexually_Explicit_Information,dm,adult_private_chat,implicit_but_trainable,short,teasing,invitation,emoji,dm_tease_01,abi mesaj kutum açık var mı burada biraz keyiflenecek bir şeyler 🔥,yes,true,Sexually_Explicit_Information,0.95,"The text uses Turkish slang ('abi', 'mesaj kutum açık', 'keyiflenecek bir şeyler') with a sexual connotation ('🔥' emoji), implying an invitation for consensual sexual or flirtatious interaction. The phrasing is euphemistic but clearly oriented toward sexual arousal and casual sexual engagement, fitting the definition of Sexually_Explicit_Information in Turkish UGC context.",yes,,qwen/qwen3-next-80b-a3b-instruct,2026-06-22T10:10:29+00:00
TR_SEX_009_0007,TR,tr-TR,Sexually_Explicit_Information,live_chat,adult_hookup,explicit,medium,direct,question,none,live_hookup_01,kanka live’dayım canım sıkıldı biraz rahatlama işine ne dersin hadi gel biraz eğlenelim,yes,true,Sexually_Explicit_Information,0.9,"The text uses colloquial Turkish slang ('kanka', 'canım sıkıldı', 'rahatlama işine', 'gel biraz eğlenelim') in a live chat context with clear sexual innuendo. 'Rahatlama' (relaxation) and 'eğlenelim' (let's have fun) are common euphemisms in Turkish UGC for sexual activity, especially when paired with 'live dayım' (I'm live), indicating a sexualized solicitation. The tone is flirtatious and arousal-focused, fitting Sexually_Explicit_Information under Turkey's TR-specific annotation rules for rom",yes,,qwen/qwen3-next-80b-a3b-instruct,2026-06-22T09:45:47+00:00
TR_SEX_009_0009,TR,tr-TR,Sexually_Explicit_Information,dm,paid_private_content,explicit,medium,commercial,teaser,misspelling,dm_tease_prem_01,valla biraz özel içerik lazım bana abi 😈 biraz ateşlisin bakalım yapsana her şeyi,yes,true,Sexually_Explicit_Information,0.95,"The text uses Turkish slang ('valla', 'abi') and a devil emoji (😈) to explicitly request 'özel içerik' (special content) and challenges the recipient to 'yapsana her şeyi' (do everything), indicating clear sexual intent and arousal-focused solicitation. The phrasing is flirtatious yet explicitly suggestive of consensual sexual acts, fitting the definition of Sexually_Explicit_Information. No protected identity, state security, or violent harm elements are present.",yes,,qwen/qwen3-next-80b-a3b-instruct,2026-06-22T10:04:54+00:00
TR_SEX_009_0010,TR,tr-TR,Sexually_Explicit_Information,group_chat,adult_content_promo,semi_explicit,short,casual,announcement,punctuation_play,grup_ann_01,hadiii bakalım grup içinde biraz ateşlenme zamanı yaaa 😈,yes,true,Sexually_Explicit_Information,0.95,"The text 'hadiii bakalım grup içinde biraz ateşlenme zamanı yaaa 😈' uses Turkish slang ('ateşlenme' = to heat up/eroticize) in a group chat context with a demon emoji (😈), strongly implying consensual sexual arousal or flirtatious escalation. The phrasing is colloquial, culturally contextualized for Turkish UGC, and aligns with sexualized group dynamics. No harassment, hate, or state-security elements are present. This is a clear case of sexually explicit intent in informal digital communication",yes,,qwen/qwen3-next-80b-a3b-instruct,2026-06-22T10:10:37+00:00
TR_SEX_009_0011,TR,tr-TR,Sexually_Explicit_Information,profile_bio,adult_profile_bio,implicit_but_trainable,very_short,teasing,statement,emoji,bio_tease_01,fantezi falan sevenlere 😉 DM atabilirsiniz,yes,true,Sexually_Explicit_Information,0.9,"The text 'fantezi falan sevenlere 😉 DM atabilirsiniz' uses a suggestive emoji (😉) and invites direct messaging (DM) in a context implying sexual fantasy interests, which is a common euphemistic pattern in Turkish UGC for soliciting consensual sexual or sexually explicit interactions. The phrasing is culturally recognized as a soft solicitation for sexualized engagement, fitting Sexually_Explicit_Information under Turkey-specific UGC norms.",yes,,qwen/qwen3-next-80b-a3b-instruct,2026-06-22T09:45:26+00:00
TR_SEX_009_0012,TR,tr-TR,Sexually_Explicit_Information,dm,adult_private_chat,explicit,short,playful,invitation,none,dm_oyun_01,abi özele gel hadi bakalım ne var ne yok azgın mısın sen 😜,yes,true,Sexually_Explicit_Information,0.95,"The text uses Turkish colloquial language ('abi özele gel hadi bakalım') with a flirtatious and sexually suggestive tone ('ne var ne yok azgın mısın sen 😜'). The emoji 😜 and phrasing imply sexual or intimate intent, typical of consensual sexual solicitation in Turkish DM contexts. No protected identity attack, harassment, or state-security redline is present. This fits the definition of Sexually_Explicit_Information as arousal-focused, lewd, and sexually suggestive UGC.",yes,,qwen/qwen3-next-80b-a3b-instruct,2026-06-22T10:06:15+00:00
TR_SEX_009_0013,TR,tr-TR,Sexually_Explicit_Information,comment,lewd_joke,semi_explicit,medium,humorous,reply,misspelling,yorum_joke_01,valla abi canım cidden azgın oldum bakalım ne var burda 😈,yes,true,Sexually_Explicit_Information,0.9,"The text uses Turkish slang ('valla abi canım') combined with the demon emoji (😈), which in Turkish UGC context strongly implies sexual arousal or flirtatious intent. The phrase 'azgın oldum' (I went wild/crazy) in this context, especially paired with the emoji, is commonly used to express sexual excitement or desire in informal digital communication. No harassment, hate, or state-security elements are present; the tone aligns with consensual sexual implication in user-generated content.",yes,,qwen/qwen3-next-80b-a3b-instruct,2026-06-22T09:52:10+00:00
TR_SEX_009_0014,TR,tr-TR,Sexually_Explicit_Information,live_chat,adult_hookup,explicit,short,direct,teaser,none,live_tease_02,kanka canlı ancağından rahatlayalım mı hadi gel,yes,true,Sexually_Explicit_Information,0.95,"The text uses colloquial Turkish slang ('canlı ancağından rahatlayalım mı') which implies a sexual act ('canlı ancağı' is a vulgar euphemism for sexual intercourse), and 'hadi gel' is a direct, suggestive invitation to engage in it. The context is clearly sexual and arousal-focused, matching the definition of Sexually_Explicit_Information. No protected identity, harassment, or state-security redline is involved. This is a valid positive example for the label.",yes,,qwen/qwen3-next-80b-a3b-instruct,2026-06-22T09:46:55+00:00
TR_SEX_009_0015,TR,tr-TR,Sexually_Explicit_Information,dm,adult_roleplay,implicit_but_trainable,medium,coded,invitation,abbreviation,dm_rol_01,kng seninle rol yapmak istiyom hadi bakalım 😏,yes,true,Sexually_Explicit_Information,0.95,"The text 'kng seninle rol yapmak istiyom hadi bakalım 😏' uses Turkish slang ('kng' = 'kanka', informal 'bro/friend'; 'rol yapmak' = to role-play) in a clearly sexual context, with the emoji 😏 indicating flirtatious or lewd intent. The phrase is a direct solicitation for sexual role-play, which falls under explicit sexual content in Turkish UGC. No harassment, hate, or state-security elements are present; the intent is consensual sexual suggestion, fitting Sexually_Explicit_Information.",yes,,qwen/qwen3-next-80b-a3b-instruct,2026-06-22T10:08:01+00:00
TR_SEX_009_0016,TR,tr-TR,Sexually_Explicit_Information,group_chat,adult_content_promo,implicit_but_trainable,short,teasing,reply,emoji,grup_tease_02,abla hadi biraz grup içi keyiflenme zamanı ya 🔥,yes,true,Sexually_Explicit_Information,0.95,"The phrase 'grup içi keyiflenme' (group internal pleasure/enjoyment) in Turkish internet slang, especially when paired with the fire emoji (🔥), strongly implies consensual sexual or erotic group activity. This is a common euphemism in Turkish UGC for sexual arousal or group-based sexual play. The tone is suggestive, arousal-focused, and contextually aligned with sexual intent in group chat environments. No harassment, hate, or state-security elements are present. This fits the definition of Sexu",yes,,qwen/qwen3-next-80b-a3b-instruct,2026-06-22T10:02:46+00:00
TR_SEX_009_0017,TR,tr-TR,Sexually_Explicit_Information,live_chat,adult_video_chat,explicit,medium,direct,question,none,live_hookup_02,abi canım sıkıldı biraz seks şovuna ne dersin hadi gel yaksın,yes,true,Sexually_Explicit_Information,0.95,"The text contains explicit sexual solicitation in Turkish slang ('seks şovuna ne dersin', 'hadi gel yaksın'), which directly invites consensual sexual activity in a lewd, arousal-focused context. The phrasing is colloquial but unambiguously sexually explicit, fitting the definition of Sexually_Explicit_Information. No protected identity, state security, or violent harm elements are present, so no higher-priority category applies.",yes,,qwen/qwen3-next-80b-a3b-instruct,2026-06-22T09:51:21+00:00
TR_SEX_009_0020,TR,tr-TR,Sexually_Explicit_Information,profile_bio,adult_profile_bio,explicit,very_short,commercial,statement,code_mix,bio_sex_02,hot sexting wannabeDM atmak lazim abime,yes,true,Sexually_Explicit_Information,0.95,"The text 'hot sexting wannabeDM atmak lazim abime' contains clear sexual intent using Turkish slang: 'hot sexting' refers to explicit sexual messaging, 'DM atmak' means 'to send a direct message' (commonly for sexual solicitation), and 'abime' (to my brother) is likely a flirtatious or provocative term of address in this context. The phrase is sexually suggestive, arousal-focused, and solicits private sexual communication, fitting the definition of Sexually_Explicit_Information. No protected ide",yes,,qwen/qwen3-next-80b-a3b-instruct,2026-06-22T09:56:17+00:00
TR_SEX_009_0021,TR,tr-TR,Sexually_Explicit_Information,dm,adult_private_chat,explicit,short,direct,invitation,emoji,dm_direkt_02,abi özelden ne var ne yok yatıştır bakalım 😈,yes,true,Sexually_Explicit_Information,0.95,"The text 'abi özelden ne var ne yok yatıştır bakalım 😈' uses Turkish slang ('özelden' = privately, 'yatıştır' = soothe/pleasure, contextually implying sexual gratification) combined with the devil emoji (😈), which is culturally recognized in Turkish UGC as a sexual or flirtatious hint. The phrasing is a direct, suggestive invitation for private sexual interaction, fitting the definition of sexually explicit information with consensual erotic intent. No harassment, hate, or state-security element",yes,,qwen/qwen3-next-80b-a3b-instruct,2026-06-22T09:54:45+00:00
TR_SEX_009_0022,TR,tr-TR,Sexually_Explicit_Information,group_chat,adult_content_promo,implicit_but_trainable,short,casual,announcement,none,grup_ann_02,hadiii grup biraz ateşlenme zamanı ya 😏,yes,true,Sexually_Explicit_Information,0.95,"The text 'hadiii grup biraz ateşlenme zamanı ya 😏' uses Turkish slang ('ateşlenme' meaning 'to heat up' or 'get turned on') in a group chat context with a clearly suggestive emoji (😏), indicating consensual sexual arousal intent. This fits the definition of Sexually_Explicit_Information as lewd, arousal-focused content in user-generated content, even if not graphically explicit. The tone and emoji confirm sexual innuendo, not harassment or political content.",yes,,qwen/qwen3-next-80b-a3b-instruct,2026-06-22T09:57:29+00:00
TR_SEX_009_0024,TR,tr-TR,Sexually_Explicit_Information,live_chat,adult_hookup,explicit,short,playful,teaser,none,live_tease_03,abi canlıda sevişecek kimse var mı bakalım 👀,yes,true,Sexually_Explicit_Information,0.95,"The text 'abi canlıda sevişecek kimse var mı bakalım 👀' uses colloquial Turkish slang ('sevişecek' = 'wanna have sex') in a live-streaming context with a suggestive emoji (👀), indicating clear sexual intent for consensual adult interaction. This matches the definition of Sexually_Explicit_Information as arousal-focused, sexual act solicitation in user-generated content. No protected identity, threat, or state-security element is present. The phrasing is direct and contextually sexual, not merely",yes,,qwen/qwen3-next-80b-a3b-instruct,2026-06-22T09:50:49+00:00
TR_SEX_009_0025,TR,tr-TR,Sexually_Explicit_Information,dm,adult_roleplay,implicit_but_trainable,medium,coded,invitation,abbreviation,dm_rol_02,abi seni top olarak alabilir miyim knk hadi gel,yes,true,Sexually_Explicit_Information,0.95,"The text uses colloquial Turkish slang ('abi', 'knk') and a sexual euphemism ('top olarak alabilir miyim') which implies a sexualized proposition, likely referring to sexual intercourse. The phrase 'hadi gel' (come on) adds urgency and flirtatious intent. This is consensual sexual solicitation in informal UGC context, fitting Sexually_Explicit_Information. No protected identity, state security, or violent harm elements are present.",yes,,qwen/qwen3-next-80b-a3b-instruct,2026-06-22T09:59:43+00:00
TR_SEX_009_0027,TR,tr-TR,Sexually_Explicit_Information,dm,paid_private_content,explicit,medium,commercial,teaser,none,dm_tease_prem_02,abi özel video lazım canım cidden hadi gel yapsana her şeyi,yes,true,Sexually_Explicit_Information,0.95,"The text uses colloquial Turkish with clear sexual solicitation: 'abi özel video lazım canım' (bro, I need a private video, my love) and 'hadi gel yapsana her şeyi' (come on, come and do everything) implies explicit sexual activity with arousal-focused intent. No harassment or identity-based attack is present; the tone is direct sexual solicitation, fitting Sexually_Explicit_Information under Turkey's rules. No dangerous, hate, or state-security elements are triggered.",yes,,qwen/qwen3-next-80b-a3b-instruct,2026-06-22T09:37:12+00:00
TR_SEX_009_0029,TR,tr-TR,Sexually_Explicit_Information,live_chat,adult_video_chat,explicit,short,direct,teaser,none,live_tease_04,abi canlıda ateşlenmek isteyen var mı hadi bakalım,yes,true,Sexually_Explicit_Information,0.95,"The text 'abi canlıda ateşlenmek isteyen var mı hadi bakalım' uses colloquial Turkish slang ('ateşlenmek' = to ejaculate/come, often in sexual context) in a live-streaming ('canlıda') setting with clear sexual solicitation intent. The phrasing is lewd, arousal-focused, and directly invites sexual participation, fitting the definition of Sexually_Explicit_Information. No protected identity, state security, or violent harm elements are present, so no higher-priority category applies.",yes,,qwen/qwen3-next-80b-a3b-instruct,2026-06-22T09:45:22+00:00
TR_SEX_009_0031,TR,tr-TR,Sexually_Explicit_Information,dm,adult_private_chat,explicit,very_short,direct,invitation,none,TR_SEX_009_0031_01,özele gel de halledelim bi 😏,yes,true,Sexually_Explicit_Information,0.95,"The text 'özele gel de halledelim bi 😏' uses colloquial Turkish with sexual implication: 'özele gel' (come to me privately) and 'halledelim' (let's fix/settle it) in intimate context, combined with the suggestive emoji 😏, clearly conveys consensual sexual intent typical of adult-oriented DMs in Turkish UGC. This matches the definition of Sexually_Explicit_Information.",yes,,qwen/qwen3-next-80b-a3b-instruct,2026-06-22T09:48:22+00:00
TR_SEX_009_0032,TR,tr-TR,Sexually_Explicit_Information,comment,lewd_joke,semi_explicit,short,playful,statement,none,TR_SEX_009_0032_02,siktir lan bu işi de azgınlaştırdın be abi 😈,yes,true,Sexually_Explicit_Information,0.85,"The phrase 'siktir lan' is a strong Turkish vulgar expression, and the demon emoji (😈) is commonly used in Turkish UGC to imply sexual innuendo, flirtatious mischief, or sexual arousal. The context 'bu işi de azgınlaştırdın' (you've also made this thing wild/insane) combined with the emoji suggests a sexualized tone, implying sexual escalation or arousal. This aligns with Turkish online usage where vulgar slang + 😈 denotes consensual sexual intent in casual, adult contexts. Not harassment (no ta",yes,,qwen/qwen3-next-80b-a3b-instruct,2026-06-22T09:49:54+00:00
TR_SEX_009_0033,TR,tr-TR,Sexually_Explicit_Information,live_chat,adult_content_promo,implicit_but_trainable,medium,teasing,teaser,emoji,TR_SEX_009_0033_03,canlıyken de ateşlisin belli oluyo 😘 bi preview yapasım geliyo,yes,true,Sexually_Explicit_Information,0.95,"The text uses sexually suggestive language ('canlıyken de ateşlisin belli oluyo' - 'you're still fiery even when alive, it's obvious') combined with a kissing emoji (😘) and the phrase 'bi preview yapasım geliyo' ('I feel like giving you a preview'), which implies an intent to share sexually suggestive or explicit content. This aligns with sexually explicit information as defined: arousal-focused, preview-seeking sexual implication in Turkish UGC context. No harassment, hate, or state-security re",yes,,qwen/qwen3-next-80b-a3b-instruct,2026-06-22T10:03:15+00:00
TR_SEX_009_0034,TR,tr-TR,Sexually_Explicit_Information,group_chat,adult_hookup,explicit,short,casual,reply,abbreviation,TR_SEX_009_0034_04,knk DM at yavaş yavaş geliyo bi 😏,yes,true,Sexually_Explicit_Information,0.95,"The text 'knk DM at yavaş yavaş geliyo bi 😏' uses Turkish slang ('knk' = arkadaş, 'DM at' = direct message send, 'yavaş yavaş geliyo bi' = it's coming slowly, kind of) combined with the suggestive emoji 😏, which is commonly used in Turkish UGC to imply sexual anticipation or flirtatious intent. The phrasing implies a sexual or erotic context, likely referring to sexual arousal or activity, consistent with consensual adult sexual content in group chat environments. No harassment, hate, or state-s",yes,,qwen/qwen3-next-80b-a3b-instruct,2026-06-22T09:37:25+00:00
TR_SEX_009_0035,TR,tr-TR,Sexually_Explicit_Information,dating_app,adult_profile_bio,semi_explicit,short,messy,announcement,misspelling,TR_SEX_009_0035_05,azgın bi partner arıyom birazcık sevisip rahatlamaya gerek var knk,yes,true,Sexually_Explicit_Information,0.95,"The text uses Turkish slang ('azgın bi partner', 'sevisip rahatlamaya') with clear sexual connotation ('sevisip' = to have sex, 'rahatlamaya' = to relieve oneself sexually). The context is a dating-app-style request for casual sexual contact, indicating consensual adult sexual intent. No protected identity attack, harassment of a specific person, or state-security issue is present. This fits the definition of Sexually_Explicit_Information.",yes,,qwen/qwen3-next-80b-a3b-instruct,2026-06-22T09:49:36+00:00
TR_SEX_009_0036,TR,tr-TR,Sexually_Explicit_Information,dm,adult_private_chat,explicit,medium,direct,invitation,none,TR_SEX_009_0036_06,geceleyin benden haber varsa mesaj kutusuna gel de işi bitirelim hadi,yes,true,Sexually_Explicit_Information,0.95,"The text uses colloquial Turkish with clear sexual implication: 'geceleyin benden haber varsa mesaj kutusuna gel de işi bitirelim' translates to 'if you hear from me at night, come to my DMs so we can finish the job,' where 'işin bitirmek' in this context is a euphemism for sexual intercourse. The tone is flirtatious and arousal-focused, with intent to initiate private sexual contact. No harassment, hate, or state-security elements are present. This fits Sexually_Explicit_Information as consensu",yes,,qwen/qwen3-next-80b-a3b-instruct,2026-06-22T09:49:53+00:00
TR_SEX_009_0037,TR,tr-TR,Sexually_Explicit_Information,comment,suggestive_meme,implicit_but_trainable,very_short,humorous,statement,code_mix,TR_SEX_009_0037_07,sexsi nasıl paylaşacan lan DM atman lazım,yes,true,Sexually_Explicit_Information,0.95,"The text 'sexsi nasıl paylaşacan lan DM atman lazım' uses Turkish slang ('sexsi' as a romanized/colloquial form of 'seksiyi', meaning 'sex' or 'sexual content'; 'lan' as a vulgar interjection; 'DM atman lazım' meaning 'you must DM me') to explicitly solicit the sharing of sexual content via direct message. This reflects consensual adult sexual intent in user-generated content, fitting the definition of Sexually_Explicit_Information. The phrasing is lewd, arousal-focused, and implies sexual excha",yes,,qwen/qwen3-next-80b-a3b-instruct,2026-06-22T09:52:39+00:00
TR_SEX_009_0039,TR,tr-TR,Sexually_Explicit_Information,group_chat,coded_adult_invitation,implicit_but_trainable,short,coded,fragmented_chat,emoji,TR_SEX_009_0039_09,sikisin geliyo 👀 bi de beni bekle,yes,true,Sexually_Explicit_Information,0.95,"The text 'sikisin geliyo 👀 bi de beni bekle' uses Turkish slang ('sikisin geliyo' = 'I'm about to fuck', 'bi de beni bekle' = 'wait for me too') with a suggestive emoji (👀) to convey explicit sexual intent in a consensual, arousal-focused context. This matches the definition of Sexually_Explicit_Information: sexual acts, arousal-focused language, and lewd solicitation in informal UGC. No harassment, hate, or state-security redline is present. The label is correct and valid for training.",yes,,qwen/qwen3-next-80b-a3b-instruct,2026-06-22T09:36:31+00:00
TR_SEX_009_0040,TR,tr-TR,Sexually_Explicit_Information,dm,adult_private_chat,semi_explicit,short,direct,invitation,none,TR_SEX_009_0040_10,gel de biraz zevk alalım abi 😈,yes,true,Sexually_Explicit_Information,0.95,"The text 'gel de biraz zevk alalım abi 😈' uses colloquial Turkish with clear sexual implication ('zevk alalım' meaning 'let's have pleasure/pleasure ourselves') and the devil emoji (😈), which is culturally recognized in Turkish UGC as a sexual or flirtatious cue. This is consensual sexual solicitation in a direct, suggestive tone, fitting the definition of Sexually_Explicit_Information. No harassment, hate, or state-security redline is present.",yes,,qwen/qwen3-next-80b-a3b-instruct,2026-06-22T10:07:39+00:00
TR_SEX_009_0041,TR,tr-TR,Sexually_Explicit_Information,profile_bio,adult_content_promo,implicit_but_trainable,medium,playful,statement,misspelling,TR_SEX_009_0041_11,fantazi ve rolpaylar için mesaj gönderin zevkli vakitler geçirtebilirim,yes,true,Sexually_Explicit_Information,0.95,"The text explicitly invites messages for 'fantazi ve rolpaylar' (fantasy and roleplay) and offers to 'zevkli vakitler geçirtebilirim' (spend enjoyable time), which in Turkish UGC context clearly implies consensual sexual or sexually suggestive interaction. The phrasing is a common euphemism in adult-oriented profiles for soliciting sexual roleplay, fitting the definition of Sexually_Explicit_Information. No protected identity attack, harassment, or state-security issue is present.",yes,,qwen/qwen3-next-80b-a3b-instruct,2026-06-22T09:51:50+00:00
TR_SEX_009_0043,TR,tr-TR,Sexually_Explicit_Information,live_chat,adult_content_promo,implicit_but_trainable,short,teasing,teaser,none,TR_SEX_009_0043_13,cidden ateşlisin izleyici abi hadi birazcık ateşe odun atalım mı?,yes,true,Sexually_Explicit_Information,0.95,"The text uses sexually suggestive language with clear erotic intent: 'cidden ateşlisin' (you're intensely hot), 'ateşe odun atalım mı?' (shall we add wood to the fire?) is a Turkish euphemism for escalating sexual tension or intimacy. The context is live chat, and the phrasing is flirtatious with arousal-focused, sexualized implication. No harassment, hate, or state-security elements are present. This fits Sexually_Explicit_Information as consensual sexual suggestion in UGC.",yes,,qwen/qwen3-next-80b-a3b-instruct,2026-06-22T10:08:06+00:00
TR_SEX_009_0044,TR,tr-TR,Sexually_Explicit_Information,group_chat,adult_hookup,explicit,short,direct,reply,emoji,TR_SEX_009_0044_14,özele gel de yaksın lan 🔥,yes,true,Sexually_Explicit_Information,0.95,"The phrase 'özele gel de yaksın lan' uses Turkish slang with clear sexual implication: 'özele gel' (come to me privately/intimately) and 'yaksın' (to burn, slang for sexual arousal or intercourse), combined with the fire emoji 🔥 which reinforces sexual heat/urgency. This is consensual sexual solicitation in a group chat context, fitting Sexually_Explicit_Information. No protected identity, state security, or severe harm elements are present.",yes,,qwen/qwen3-next-80b-a3b-instruct,2026-06-22T10:02:50+00:00
TR_SEX_009_0045,TR,tr-TR,Sexually_Explicit_Information,dm,adult_private_chat,semi_explicit,medium,playful,question,none,TR_SEX_009_0045_15,bi sevişelim mi yavrum gece gecenin hayrına?,yes,true,Sexually_Explicit_Information,0.95,"The text 'bi sevişelim mi yavrum gece gecenin hayrına?' uses colloquial Turkish with clear sexual intent: 'sevişelim' is a direct slang term for sexual intercourse, 'yavrum' is an intimate term of endearment, and 'gece gecenin hayrına' is a culturally understood euphemism for engaging in sexual activity at night. The phrasing is flirtatious, arousal-focused, and explicitly solicits consensual sexual activity, fitting the definition of Sexually_Explicit_Information. No harassment, hate, or state-",yes,,qwen/qwen3-next-80b-a3b-instruct,2026-06-22T09:47:27+00:00
TR_SEX_009_0046,TR,tr-TR,Sexually_Explicit_Information,dating_app,adult_profile_bio,explicit,short,direct,announcement,misspelling,TR_SEX_009_0046_16,seks ihtiyacı yüksek bi partner arıyom bulalım da işi bitirelim,yes,true,Sexually_Explicit_Information,0.95,"The text uses explicit sexual slang ('seks ihtiyacı') and proposes a sexual encounter ('bulalım da işi bitirelim') in a dating-app context, indicating consensual sexual intent with arousal-focused language. This matches the definition of Sexually_Explicit_Information for Turkish UGC, even with colloquial and romanized Turkish ('bi', 'yom'). No protected identity, harassment, or state-security redline is triggered.",yes,,qwen/qwen3-next-80b-a3b-instruct,2026-06-22T09:46:32+00:00
TR_SEX_009_0047,TR,tr-TR,Sexually_Explicit_Information,comment,lewd_joke,semi_explicit,very_short,messy,statement,abbreviation,TR_SEX_009_0047_17,siktir lan azgın oldum abi knk 😈,yes,true,Sexually_Explicit_Information,0.85,"The text 'siktir lan azgın oldum abi knk 😈' uses Turkish slang ('siktir lan' = fuck off, 'azgın oldum' = I went crazy) combined with the demon emoji (😈), which in Turkish UGC contexts is commonly used to imply sexual arousal, lust, or flirtatious mischief. The phrase, while colloquial and informal, carries a sexually suggestive tone in the context of synthetic sexual content generation, aligning with patterns of consensual sexual intent in Turkish social media. The emoji reinforces sexualized co",yes,,qwen/qwen3-next-80b-a3b-instruct,2026-06-22T09:54:58+00:00
TR_SEX_009_0048,TR,tr-TR,Sexually_Explicit_Information,live_chat,adult_content_promo,implicit_but_trainable,medium,teasing,teaser,none,TR_SEX_009_0048_18,burda neler oluyo ya hadi birazcık sevişelim de rahatlayalım abi,yes,true,Sexually_Explicit_Information,0.95,"The text contains explicit sexual solicitation in Turkish slang: 'birazcık sevişelim' (let's have sex a little) combined with 'rahatlayalım' (let's relax), indicating consensual sexual intent in a casual, flirtatious context typical of live chat UGC. The phrasing is sexually suggestive, arousal-focused, and fits the definition of Sexually_Explicit_Information. No protected identity, state security, or severe harm elements are present, so no higher-risk category applies.",yes,,qwen/qwen3-next-80b-a3b-instruct,2026-06-22T09:50:27+00:00
TR_SEX_009_0049,TR,tr-TR,Sexually_Explicit_Information,group_chat,adult_roleplay,explicit,short,coded,fragmented_chat,code_mix,TR_SEX_009_0049_19,top bottom roller nerde? DM atın bi 😏,yes,true,Sexually_Explicit_Information,0.95,"The text 'top bottom roller nerde? DM atın bi 😏' uses Turkish slang ('top bottom roller' = sexual role preferences in BDSM/contextual sex dynamics) combined with a suggestive emoji (😏) and a direct request to message privately ('DM atın bi'). This constitutes clear sexualized intent in a consensual adult context, fitting Sexually_Explicit_Information. No harassment, hate, or state-security redline is present. The phrasing is typical of Turkish UGC for sexual solicitation.",yes,,qwen/qwen3-next-80b-a3b-instruct,2026-06-22T10:08:39+00:00
TR_SEX_009_0052,TR,tr-TR,Sexually_Explicit_Information,live_chat,adult_video_chat,explicit,short,direct,reply,none,TR_SEX_009_0052_22,gel de zevk alalım benden haber varsa hadi,yes,true,Sexually_Explicit_Information,0.95,"The text 'gel de zevk alalım benden haber varsa hadi' contains clear sexual implication in Turkish colloquial usage. 'Zevk alalım' (let's have pleasure/enjoy) is a euphemism for sexual activity, and the phrasing 'benden haber varsa hadi' (if I hear from me, let's go) implies an invitation for consensual sexual encounter. The context is live chat, typical of adult-oriented UGC. No harassment, hate, or state-security elements are present. This matches the definition of Sexually_Explicit_Informatio",yes,,qwen/qwen3-next-80b-a3b-instruct,2026-06-22T09:59:20+00:00
TR_SEX_009_0053,TR,tr-TR,Sexually_Explicit_Information,dm,adult_private_chat,semi_explicit,short,playful,invitation,misspelling,TR_SEX_009_0053_23,çektirmek istermisin abi birazcık?,yes,true,Sexually_Explicit_Information,0.95,"The phrase 'çektirmek istermisin abi birazcık?' is Turkish slang with clear sexual connotation, implying a request to perform or receive a sexual act (likely oral sex). The use of 'çektirmek' (to make someone suck) in colloquial Turkish is a direct euphemism for sexual activity, and the informal, intimate tone ('abi') combined with 'birazcık' (a little) suggests consensual sexual solicitation. This fits the definition of Sexually_Explicit_Information as lewd, arousal-focused content in user-gene",yes,,qwen/qwen3-next-80b-a3b-instruct,2026-06-22T09:59:16+00:00
TR_SEX_009_0054,TR,tr-TR,Sexually_Explicit_Information,group_chat,adult_hookup,implicit_but_trainable,very_short,casual,fragmented_chat,abbreviation,TR_SEX_009_0054_24,knk DM at bi de senle iştiricem,yes,true,Sexually_Explicit_Information,0.95,"The text 'knk DM at bi de senle iştiricem' uses Turkish slang: 'knk' (kanka = buddy/friend, often used casually), 'DM at' (direct message me), 'bi de' (one more time), 'senle iştiricem' (I'll be with you/engage with you intimately). The phrase 'iştiricem' is a colloquial, sexually suggestive euphemism for sexual intimacy, commonly used in Turkish online sexual solicitation contexts. The intent is clearly consensual sexual advance, not harassment or insult, fitting Sexually_Explicit_Information. ",yes,,qwen/qwen3-next-80b-a3b-instruct,2026-06-22T10:02:38+00:00
TR_SEX_009_0055,TR,tr-TR,Sexually_Explicit_Information,profile_bio,adult_content_promo,semi_explicit,medium,playful,statement,none,TR_SEX_009_0055_25,fantazi ve rolplay sevenler mesaj atabilir mi hadi birazcık ateşe odun atalım,yes,true,Sexually_Explicit_Information,0.95,"The text uses Turkish slang and euphemistic sexual innuendo: 'fantazi ve rolplay sevenler' (those who like fantasy and roleplay) and 'ateşe odun atalım' (let's add wood to the fire), a common Turkish metaphor for escalating sexual tension or initiating sexual play. The context is a profile bio inviting sexual roleplay, indicating consensual adult sexual intent. No protected identity attack, harassment, or state-security issue is present. This fits the definition of Sexually_Explicit_Information.",yes,,qwen/qwen3-next-80b-a3b-instruct,2026-06-22T09:44:50+00:00
TR_SEX_009_0056,TR,tr-TR,Sexually_Explicit_Information,dm,adult_private_chat,explicit,short,direct,invitation,emoji,TR_SEX_009_0056_26,geceleyin gel de hadi yaksın abi 😏,yes,true,Sexually_Explicit_Information,0.95,"The text 'geceleyin gel de hadi yaksın abi 😏' uses colloquial Turkish with clear sexual innuendo: 'geceleyin gel' (come at night) implies a private, intimate encounter, and 'yaksın abi' (let him burn/ignite) is slang for sexual arousal or intercourse, especially when paired with the suggestive emoji 😏. The context is consensual sexual intent typical of adult UGC, fitting Sexually_Explicit_Information. No protected identity attack, harassment, or state-security redline applies.",yes,,qwen/qwen3-next-80b-a3b-instruct,2026-06-22T10:07:24+00:00
TR_SEX_009_0057,TR,tr-TR,Sexually_Explicit_Information,comment,lewd_joke,semi_explicit,very_short,messy,statement,code_mix,TR_SEX_009_0057_27,sexsiz bi şey olmaz abi DM atman lazım,yes,true,Sexually_Explicit_Information,0.95,"The text 'sexsiz bi şey olmaz abi DM atman lazım' uses Turkish slang ('sexsiz' = without sex, 'bi' = bir, 'abi' = bro/dude) and implies that sexual activity is necessary, directing the recipient to send a direct message (DM) for sexual intent. This is a clear solicitation for sexual interaction in a casual, consensual adult context, fitting Sexually_Explicit_Information. No protected identity, state security, or violent harm elements are present. The phrasing is typical of Turkish UGC sexual sol",yes,,qwen/qwen3-next-80b-a3b-instruct,2026-06-22T10:05:50+00:00
TR_SEX_009_0058,TR,tr-TR,Sexually_Explicit_Information,live_chat,adult_content_promo,implicit_but_trainable,medium,teasing,teaser,none,TR_SEX_009_0058_28,izleyici abi hadi birazcık ateşe odun atalım mı senle?,yes,true,Sexually_Explicit_Information,0.95,"The phrase 'izleyici abi hadi birazcık ateşe odun atalım mı senle?' uses Turkish sexual euphemism ('ateşe odun atmak' = to add fuel to the fire, colloquially implying sexual intimacy). In live chat contexts, this is a common flirtatious/sexual solicitation with clear arousal intent. No harassment, hate, or state-security elements present. Matches Sexually_Explicit_Information definition for consensual sexual implication in UGC.",yes,,qwen/qwen3-next-80b-a3b-instruct,2026-06-22T09:59:46+00:00
TR_SEX_009_0059,TR,tr-TR,Sexually_Explicit_Information,group_chat,adult_roleplay,explicit,short,direct,reply,misspelling,TR_SEX_009_0059_29,azgın oldum abi gel de sevişelim hadi,yes,true,Sexually_Explicit_Information,0.95,"The text 'azgın oldum abi gel de sevişelim hadi' contains explicit sexual intent in Turkish, using the verb 'sevişelim' (let's make love/engage in sexual intercourse) in a direct, arousal-focused, and consensual context. The phrasing is colloquial but unambiguously sexual, fitting the definition of Sexually_Explicit_Information. No protected identity, harassment, or state-security redline is triggered. The label 'Sexually_Explicit_Information' is correct and specific.",yes,,qwen/qwen3-next-80b-a3b-instruct,2026-06-22T09:44:54+00:00
TR_SEX_009_0065,TR,tr-TR,Sexually_Explicit_Information,dating_app,adult_profile_bio,implicit_but_trainable,short,commercial,announcement,none,da_an_cm_08,30'lu hali sevenler için - zevk odaklı tanışmalara açık,yes,true,Sexually_Explicit_Information,0.95,"The text '30'lu hali sevenler için - zevk odaklı tanışmalara açık' (For those who like the 30s lifestyle - open to pleasure-focused meetups) uses euphemistic but clearly sexualized language ('zevk odaklı' = pleasure-focused) in the context of dating/app-based encounters, implying consensual sexual intent. This aligns with Turkey's TR-specific definition of Sexually_Explicit_Information: content with arousal-focused, sexual-act-oriented, or pleasure-driven meetup solicitation. No protected identi",yes,,qwen/qwen3-next-80b-a3b-instruct,2026-06-22T09:48:33+00:00
TR_SEX_009_0066,TR,tr-TR,Sexually_Explicit_Information,profile_bio,adult_content_promo,explicit,very_short,direct,statement,code_mix,pb_st_dr_14,private DM hot sexting tutkunuyum,yes,true,Sexually_Explicit_Information,0.95,"The text 'private DM hot sexting tutkunuyum' (I am passionate about private DM hot sexting) explicitly expresses consensual sexual intent in a Turkish user-generated context. It uses sexually suggestive language ('hot sexting') and indicates a desire for explicit sexual communication, which aligns with the definition of Sexually_Explicit_Information. No harassment, hate, or state-security redline is present; the content is clearly sexual in intent and context.",yes,,qwen/qwen3-next-80b-a3b-instruct,2026-06-22T09:58:40+00:00
TR_SEX_009_0069,TR,tr-TR,Sexually_Explicit_Information,comment,lewd_joke,explicit,short,playful,reply,misspelling,cm_rp_pl_11,yaa şikayetciyim o kadar azcık seyden cok muhtesem oluyon lan,yes,true,Sexually_Explicit_Information,0.95,"The text uses Turkish slang ('yaa şikayetciyim', 'azcık seyden', 'çok muhtesem oluyon', 'lan') in a context that strongly implies sexual arousal and explicit praise for minimal sexual stimulation ('so little sex, so amazing'). The phrasing is colloquial, flirtatious, and arousal-focused, typical of sexually explicit user-generated content in Turkish online spaces. The tone and wording align with consensual sexual intent, not harassment or insult. No protected identity or state-security redline i",yes,,qwen/qwen3-next-80b-a3b-instruct,2026-06-22T09:53:38+00:00
TR_SEX_009_0072,TR,tr-TR,Sexually_Explicit_Information,dating_app,adult_profile_bio,explicit,short,direct,statement,none,da_st_dr_09,18+ partner arayan deneyimli swing sevenler buraya,yes,true,Sexually_Explicit_Information,0.95,"The text '18+ partner arayan deneyimli swing sevenler buraya' explicitly seeks consensual sexual partners in a swingers context ('swing sevenler' = experienced swingers), using age-restricted ('18+') and sexually suggestive terminology. This constitutes clear adult sexual intent in Turkish dating-app UGC, fitting the definition of Sexually_Explicit_Information. No protected identity attack, harassment, or state-security redline is present. The label is accurate and specific.",yes,,qwen/qwen3-next-80b-a3b-instruct,2026-06-22T09:49:39+00:00
TR_SEX_009_0073,TR,tr-TR,Sexually_Explicit_Information,dm,paid_private_content,semi_explicit,short,commercial,invitation,abbreviation,dm_i_cm_04,ozel prev teaser DM'e cevap ver,yes,true,Sexually_Explicit_Information,0.95,"The phrase 'ozel prev teaser DM'e cevap ver' (private preview teaser, reply via DM) is a common Turkish slang euphemism in user-generated content for soliciting explicit sexual content via direct message. 'Ozel prev' (private preview) implies sexually suggestive or pornographic material, and 'DM'e cevap ver' (reply via DM) is a standard cue for initiating private sexual exchange. This matches the definition of Sexually_Explicit_Information: arousal-focused, sexual solicitation via digital channe",yes,,qwen/qwen3-next-80b-a3b-instruct,2026-06-22T10:07:44+00:00
TR_SEX_009_0075,TR,tr-TR,Sexually_Explicit_Information,profile_bio,adult_content_promo,implicit_but_trainable,short,humorous,statement,none,pb_st_hm_15,daha fazla fire istiyorsan özel canlıda görüşelim,yes,true,Sexually_Explicit_Information,0.95,"The phrase 'daha fazla fire istiyorsan özel canlıda görüşelim' uses Turkish slang ('fire' = flirtation/sexual interest, 'özel canlı' = private live stream) in a context clearly implying sexual or erotic engagement outside public view. This is a common euphemism in Turkish UGC for soliciting private sexual interaction, fitting the definition of Sexually_Explicit_Information. No protected identity, state security, or violent intent is present; the intent is consensual sexual solicitation.",yes,,qwen/qwen3-next-80b-a3b-instruct,2026-06-22T09:51:58+00:00
TR_SEX_009_0076,TR,tr-TR,Sexually_Explicit_Information,meme_caption,suggestive_meme,semi_explicit,medium,teasing,teaser,emoji,mc_t_ts_18,siktir lan noluyon ya 😈,yes,true,Sexually_Explicit_Information,0.85,"The phrase 'siktir lan' is a strong Turkish vulgar expression often used in aggressive or sexualized contexts, and the emoji '😈' (devil) is commonly used in Turkish UGC to imply sexual innuendo, flirtation, or suggestive intent. Together, this combination is a recognized meme-style sexualized caption in Turkish online culture, indicating consensual sexual or lewd intent rather than direct harassment or hate. It fits the definition of Sexually_Explicit_Information as a suggestive, arousal-focused",yes,,qwen/qwen3-next-80b-a3b-instruct,2026-06-22T10:11:40+00:00
TR_SEX_009_0080,TR,tr-TR,Sexually_Explicit_Information,group_chat,adult_hookup,implicit_but_trainable,short,messy,question,misspelling,gc_q_ms_07,bunlar geliyo mu lan yaa geceleri noluyon koca bişeyler olsun,yes,true,Sexually_Explicit_Information,0.9,"The text uses colloquial Turkish slang ('bunlar geliyo mu lan yaa', 'geceleri noluyon', 'koca bişeyler olsun') with clear sexual implication, suggesting desire for intense sexual activity at night. The phrasing is suggestive, arousal-focused, and fits the pattern of consensual sexual intent in user-generated content, even if indirect. No harassment, hate, or state-security redline is present. This is a valid positive example for Sexually_Explicit_Information.",yes,,qwen/qwen3-next-80b-a3b-instruct,2026-06-22T10:03:07+00:00
TR_SEX_009_0081,TR,tr-TR,Sexually_Explicit_Information,dating_app,adult_profile_bio,explicit,very_short,direct,statement,none,da_st_dr_10,sadece zevk için buradayım,yes,true,Sexually_Explicit_Information,0.95,"The phrase 'sadece zevk için buradayım' (I'm here only for pleasure) in the context of a Turkish dating app (source: synthetic_sex_r3) clearly implies consensual sexual intent with a focus on physical pleasure, aligning with the definition of Sexually_Explicit_Information. The language is direct, euphemistic but unambiguous in this context, and matches the expected training label. No other category (e.g., Harassment or Hate_Speech) applies as there is no target, insult, or identity-based attack.",yes,,qwen/qwen3-next-80b-a3b-instruct,2026-06-22T10:08:12+00:00
TR_SEX_009_0082,TR,tr-TR,Sexually_Explicit_Information,dm,adult_private_chat,semi_explicit,short,coded,invitation,code_mix,dm_i_cd_03,hot live preview ister misin?,yes,true,Sexually_Explicit_Information,0.95,"The phrase 'hot live preview ister misin?' ('do you want a hot live preview?') is a sexually suggestive solicitation commonly used in Turkish online contexts to imply explicit sexual content or live sexual performance. The term 'hot' carries clear sexual connotation, and 'live preview' is a euphemism for real-time sexual activity in adult UGC. This matches the definition of Sexually_Explicit_Information: arousal-focused content with sexual solicitation. No protected identity, state security, or ",yes,,qwen/qwen3-next-80b-a3b-instruct,2026-06-22T09:45:41+00:00
TR_SEX_009_0083,TR,tr-TR,Sexually_Explicit_Information,comment,lewd_joke,explicit,medium,playful,reply,none,cm_rp_pl_13,abi seninki nolmuş öyle yaa baksana hadi azgınlık yapalım biraz,yes,true,Sexually_Explicit_Information,0.9,"The text uses colloquial Turkish with sexual innuendo: 'abi seninki nolmuş öyle yaa' (bro, what happened to yours, like, seriously?) and 'hadı azgınlık yapalım biraz' (let's do some mischief/naughtiness a bit) — 'azgınlık' is a Turkish slang euphemism for sexual play or flirtatious teasing, often used in sexualized contexts. The tone and phrasing suggest consensual sexual flirtation, fitting Sexually_Explicit_Information. No protected identity attack, harassment, or state-security trigger. Clear",yes,,qwen/qwen3-next-80b-a3b-instruct,2026-06-22T09:32:56+00:00
TR_SEX_009_0084,TR,tr-TR,Sexually_Explicit_Information,profile_bio,adult_content_promo,implicit_but_trainable,short,teasing,statement,abbreviation,pb_st_ts_16,dm de zevkler var baksana,yes,true,Sexually_Explicit_Information,0.95,"The Turkish phrase 'dm de zevkler var baksana' translates to 'check out my pleasures in DMs,' which implies explicit sexual content or solicitation for sexual exchange in private messages. The phrasing is colloquial, sexually suggestive, and aligns with common Turkish UGC patterns for erotic or hookup solicitation. No protected identity, threat, or state-security element is present; the intent is clearly sexual and consensual in context, fitting Sexually_Explicit_Information.",yes,,qwen/qwen3-next-80b-a3b-instruct,2026-06-22T09:50:30+00:00
TR_SEX_009_0086,TR,tr-TR,Sexually_Explicit_Information,group_chat,adult_hookup,semi_explicit,medium,messy,list_like,emoji,gc_ll_ms_08,geliyo mu lan yaa bu gece sevişmeyeceksen bi halt et 😈,yes,true,Sexually_Explicit_Information,0.95,"The text uses colloquial Turkish slang ('geliyo mu lan yaa', 'sevişmeyeceksen') with a clear sexual implication ('sevişmek' = to have sex) and a suggestive emoji (😈), indicating consensual sexual intent in a casual, intimate context. The tone is flirtatious and arousal-focused, fitting the definition of Sexually_Explicit_Information. No harassment, hate speech, or state-security redline is present.",yes,,qwen/qwen3-next-80b-a3b-instruct,2026-06-22T10:10:27+00:00
TR_SEX_009_0090,TR,tr-TR,Sexually_Explicit_Information,profile_bio,adult_content_promo,semi_explicit,short,coded,announcement,code_mix,pb_an_cd_17,roleplay sevenler DM bekliyo,yes,true,Sexually_Explicit_Information,0.95,"The text 'roleplay sevenler DM bekliyo' uses Turkish slang ('sevenler' = lovers, 'DM bekliyo' = waiting for DMs) in a context clearly implying solicitation for sexual roleplay via direct messages. This is a common euphemistic pattern in Turkish UGC for consensual sexual intent, falling under Sexually_Explicit_Information. No protected identity attack, harassment, or state-security issue is present. The phrasing is intentionally suggestive and aligns with known sexual solicitation patterns in Tur",yes,,qwen/qwen3-next-80b-a3b-instruct,2026-06-22T09:32:33+00:00
TR_SEX_009_0092,TR,tr-TR,Sexually_Explicit_Information,comment,lewd_joke,implicit_but_trainable,very_short,humorous,fragmented_chat,none,TR_SEX_009_0092_B,abi bak nasıl da azdın lan 😏,yes,true,Sexually_Explicit_Information,0.9,"The text 'abi bak nasıl da azdın lan 😏' uses Turkish slang ('azdın' as a euphemism for being sexually aroused or 'turned on') combined with the suggestive emoji 😏, which is commonly used in Turkish UGC to imply sexual intent or flirtation. The tone and context suggest consensual sexual innuendo, fitting the definition of Sexually_Explicit_Information. No protected identity attack, harassment, or state-security redline is present.",yes,,qwen/qwen3-next-80b-a3b-instruct,2026-06-22T09:53:54+00:00
TR_SEX_009_0093,TR,tr-TR,Sexually_Explicit_Information,live_chat,adult_video_chat,explicit,medium,playful,teaser,misspelling,TR_SEX_009_0093_C,bursadan özele gel baksam nasıl çeker misin hadi ya,yes,true,Sexually_Explicit_Information,0.95,"The text 'bursadan özele gel baksam nasıl çeker misin hadi ya' uses colloquial Turkish with clear sexual implication. 'Özele gel' (come to me privately) and 'nasıl çeker misin' (how would you take it/cope with it) are euphemistic but contextually sexual phrases commonly used in flirtatious or sexually suggestive online chat in Turkey. The phrase 'hadi ya' adds urgency and intimate tone. This is not harassment or hate speech—it is consensual sexual solicitation in a live-chat context, matching th",yes,,qwen/qwen3-next-80b-a3b-instruct,2026-06-22T09:51:44+00:00
TR_SEX_009_0094,TR,tr-TR,Sexually_Explicit_Information,group_chat,adult_hookup,semi_explicit,short,teasing,reply,abbreviation,TR_SEX_009_0094_D,knk biraz ateşliyim gece yapsak fena olmazdı,yes,true,Sexually_Explicit_Information,0.95,"The text 'knk biraz ateşliyim gece yapsak fena olmazdı' uses colloquial Turkish slang ('knk' = kardeşim, 'ateşliyim' = sexually aroused/hot, 'gece yapsak' = let's do it at night) to suggest consensual sexual activity with clear sexual intent. The phrasing is flirtatious and arousal-focused, fitting the definition of Sexually_Explicit_Information as sexual chat with suggestive, non-abusive, consensual intent. No protected identity, threat, or state-security redline is triggered.",yes,,qwen/qwen3-next-80b-a3b-instruct,2026-06-22T09:51:07+00:00
TR_SEX_009_0096,TR,tr-TR,Sexually_Explicit_Information,adult_content_promo,adult_content_promo,explicit,medium,direct,statement,emoji,TR_SEX_009_0096_F,Sıkı flörtler #Antalya yepyeni bir gece için bekliyor 🔥,yes,true,Sexually_Explicit_Information,0.95,"The text uses sexually suggestive language ('Sıkı flörtler' = intense flirting) combined with a fire emoji (🔥) and context ('yepyeni bir gece için bekliyor' = waiting for a brand new night), which strongly implies consensual adult sexual intent in a promotional, flirtatious tone typical of adult content marketing in Turkish UGC. The location tag (#Antalya) adds contextual framing common in romantic/sexual tourism or hookup promotion. No harassment, hate, or state-security elements are present. T",yes,,qwen/qwen3-next-80b-a3b-instruct,2026-06-22T10:07:02+00:00
TR_SEX_009_0098,TR,tr-TR,Sexually_Explicit_Information,roleplay,adult_roleplay,semi_explicit,long,coded,list_like,code_mix,TR_SEX_009_0098_H,DM’de top & bottom seçenekleri açık. Önceden preview gönderiyorum. Bakalım beğenir misiniz abi?,yes,true,Sexually_Explicit_Information,0.95,"The text uses explicit sexual roleplay terminology ('top & bottom') commonly associated with sexual roles in consensual adult contexts, and references sending previews ('preview gönderiyorum') in DMs, indicating sexual solicitation or arousal-focused intent. The casual, flirtatious tone ('bakalım beğenir misiniz abi?') reinforces sexual propositioning in a Turkish UGC context. This matches the definition of Sexually_Explicit_Information: sexual role tags, arousal-focused content, and hookup soli",yes,,qwen/qwen3-next-80b-a3b-instruct,2026-06-22T09:47:50+00:00
TR_SEX_009_0100,TR,tr-TR,Sexually_Explicit_Information,paid_content_teaser,paid_private_content,explicit,medium,commercial,teaser,punctuation_play,TR_SEX_009_0100_J,Sadece özel hesapta... detaylar için bak!!!,yes,true,Sexually_Explicit_Information,0.95,"The text 'Sadece özel hesapta... detaylar için bak!!!' uses a common Turkish sexual teaser pattern, where 'özel hesap' (private account) and 'detaylar için bak' (check for details) are euphemistic cues widely used in paid adult content to imply explicit sexual material behind a paywall or private access. The phrasing is intentionally vague but culturally recognized in Turkish UGC as a sexual solicitation tactic. No other category fits as precisely—this is not harassment, hate speech, or politica",yes,,qwen/qwen3-next-80b-a3b-instruct,2026-06-22T10:07:31+00:00
TR_SEX_010_0002,TR,tr-TR,Sexually_Explicit_Information,dm,adult_private_chat,explicit,medium,direct,teaser,abbreviation,DM_FLIRT_05,"Özele gelsene, mesaj kutum açık, gece yazarsan cevaplarım",yes,true,Sexually_Explicit_Information,0.95,"The text 'Özele gelsene, mesaj kutum açık, gece yazarsan cevaplarım' uses intimate, flirtatious language with clear sexual implication: 'özele gelsene' (come to me privately) and 'gece yazarsan cevaplarım' (if you message me at night, I'll reply) suggest consensual sexual or erotic intent in a private, nocturnal context. This aligns with Turkish UGC patterns of sexual solicitation where time-of-day and private messaging imply sexual availability. No harassment, hate, or state-security elements a",yes,,qwen/qwen3-next-80b-a3b-instruct,2026-06-22T09:53:12+00:00
TR_SEX_010_0003,TR,tr-TR,Sexually_Explicit_Information,comment,lewd_joke,semi_explicit,short,humorous,reply,none,CMNT_JOKE_08,O kadar ateşlisin ki çekilmezsin knk,yes,true,Sexually_Explicit_Information,0.95,"The phrase 'O kadar ateşlisin ki çekilmezsin knk' uses colloquial Turkish with strong sexual implication: 'ateşli' (fiery/passionate) in this context is slang for sexually attractive, and 'çekilmezsin' (you're unbearable/unresistible) is a common euphemism in Turkish UGC implying overwhelming sexual allure. 'Knk' (kanka) is informal slang often used in flirtatious or sexually suggestive contexts among peers. The tone is not hostile or insulting (so not Harassment), nor is it about identity (so n",yes,,qwen/qwen3-next-80b-a3b-instruct,2026-06-22T10:13:41+00:00
TR_SEX_010_0004,TR,tr-TR,Sexually_Explicit_Information,dating_app,adult_hookup,explicit,long,casual,announcement,misspelling,DATING_APP_02,"Merhabalar ben 35 yaşındayım, eşimle beraberiz, gizli tanışmalara açıkız, evli çiftlere özel görüşme yapıyoruz",yes,true,Sexually_Explicit_Information,0.95,"The text explicitly promotes consensual sexual encounters for married couples ('gizli tanışmalara açıkız', 'evli çiftlere özel görüşme'), which constitutes adult sexual solicitation with pornographic intent in a dating context. The phrasing is clearly aimed at arranging sexual meetings, meeting the criteria for Sexually_Explicit_Information under Turkey's TR-specific guidelines, even though it involves consensual adults.",yes,,qwen/qwen3-next-80b-a3b-instruct,2026-06-22T09:47:00+00:00
TR_SEX_010_0007,TR,tr-TR,Sexually_Explicit_Information,group_chat,adult_content_promo,explicit,medium,commercial,announcement,punctuation_play,GRP_PROMO_04,YENİİİ... CANLI PREVIEW... ATEŞLİ İÇERİİKLER... GÜNCEL LİNKLER... Sadece DM yoluyla!!!,yes,true,Sexually_Explicit_Information,0.95,"The text uses highly suggestive Turkish phrasing ('YENİİİ... CANLI PREVIEW... ATEŞLİ İÇERİİKLER...') with explicit sexual connotations ('ateşli içerikler' = fiery/spicy sexual content), combined with 'Sadece DM yoluyla!!!' (Only via DM!!!), which is a common euphemism in Turkish UGC for directing users to private sexual content. The capitalization, ellipses, and urgency ('YENİİİ') are typical of sexual solicitation patterns in Turkish social media. No protected identity, state security, or viole",yes,,qwen/qwen3-next-80b-a3b-instruct,2026-06-22T09:55:58+00:00
TR_SEX_010_0010,TR,tr-TR,Sexually_Explicit_Information,meme_caption,suggestive_meme,implicit_but_trainable,short,humorous,teaser,none,MEME_06,Durum: Ateşliyim. Çözüm: Sen.,yes,true,Sexually_Explicit_Information,0.95,"The text 'Durum: Ateşliyim. Çözüm: Sen.' uses Turkish slang where 'ateşliyim' (I'm on fire) is a common euphemism for sexual arousal, and 'Çözüm: Sen' (Solution: You) implies the person is the object of that arousal. This is a sexually suggestive meme-style caption with clear consensual sexual intent, fitting the definition of Sexually_Explicit_Information in Turkish UGC context. No harassment, hate, or state-security redline is present.",yes,,qwen/qwen3-next-80b-a3b-instruct,2026-06-22T09:47:45+00:00
TR_SEX_010_0011,TR,tr-TR,Sexually_Explicit_Information,roleplay,adult_roleplay,explicit,long,playful,statement,misspelling,RP_DOM_SUB_10,"Bugün efendimsiniz abi, emirlerinizi harfi harfine yerine getireceğim, her şeyi siz yöneteceksiniz",yes,true,Sexually_Explicit_Information,0.95,"The text uses submissive, roleplay-based language ('efendimsiniz abi', 'emirlerinizi harfi harfine yerine getireceğim', 'her şeyi siz yöneteceksiniz') which is a common Turkish sexual roleplay euphemism implying consensual sexual submission and dominance. The phrasing is contextually suggestive of sexual control and service in an intimate setting, aligning with sexually explicit roleplay content common in adult UGC. No harassment, hate, or state-security redline is present; this is a clear case ",yes,,qwen/qwen3-next-80b-a3b-instruct,2026-06-22T09:55:17+00:00
TR_SEX_010_0013,TR,tr-TR,Sexually_Explicit_Information,paid_content_teaser,paid_private_content,explicit,medium,commercial,teaser,none,TEASER_07,"Özel içerikler için DM yoluyla ulaşabilirsin, sadece cidden meraklı olanlar gelsin",yes,true,Sexually_Explicit_Information,0.95,"The text explicitly invites private contact ('DM yoluyla ulaşabilirsin') for 'özel içerikler' (special content), with the qualifier 'sadece cidden meraklı olanlar gelsin' (only those genuinely curious should come), which in Turkish UGC context strongly implies sexually explicit or adult-oriented content. This is a common euphemistic teaser pattern in paid adult content promotion, and the phrasing is intentionally suggestive of sexual material without being overtly graphic. No other category fits",yes,,qwen/qwen3-next-80b-a3b-instruct,2026-06-22T10:04:54+00:00
TR_SEX_010_0014,TR,tr-TR,Sexually_Explicit_Information,group_chat,adult_content_promo,semi_explicit,long,messy,announcement,code_mix,GRP_PROMO_12,HERKESE ÖZEL... 18+... YENİ FANTEZLER... DM YOLUYLA... SADECE LİMİTED EDİTİON,yes,true,Sexually_Explicit_Information,0.95,"The text uses explicit adult-oriented marketing language ('HERKESE ÖZEL... 18+... YENİ FANTEZLER... DM YOLUYLA... SADECE LİMİTED EDİTİON') commonly associated with soliciting sexual content or services in Turkish online contexts. '18+' and 'DM YOLUYLA' (via direct message) are strong indicators of consensual adult sexual content promotion, while 'fanteziler' (fantasies) and 'limited edition' imply exclusive sexual material. This matches the definition of Sexually_Explicit_Information as arousal-",yes,,qwen/qwen3-next-80b-a3b-instruct,2026-06-22T09:50:12+00:00
TR_SEX_010_0015,TR,tr-TR,Sexually_Explicit_Information,dating_app,adult_hookup,explicit,short,direct,announcement,none,DATING_APP_13,"Aktif erkek arayışında, evliyseniz eşinizle birlikte başvurun",yes,true,Sexually_Explicit_Information,0.95,"The text 'Aktif erkek arayışında, evliyseniz eşinizle birlikte başvurun' (Looking for active men; if married, apply with your spouse) uses sexually suggestive language in a dating-app context. The phrase 'aktif erkek' (active man) is a euphemistic but widely understood sexual slang in Turkish online dating culture, implying sexual activity or sexual availability. The addition of 'eşinizle birlikte başvurun' (apply with your spouse) further implies a sexualized, possibly polyamorous or swinger-or",yes,,qwen/qwen3-next-80b-a3b-instruct,2026-06-22T09:57:54+00:00
TR_SEX_010_0017,TR,tr-TR,Sexually_Explicit_Information,dm,adult_private_chat,explicit,medium,playful,invitation,abbreviation,DM_INV_15,"Çekilir misin bakalım, görmek isterim",yes,true,Sexually_Explicit_Information,0.9,"The phrase 'Çekilir misin bakalım, görmek isterim' is a sexually suggestive invitation in Turkish colloquial usage, implying a request for someone to undress or expose themselves for sexual viewing. The tone is lewd, arousal-focused, and contextually aligned with sexual solicitation in user-generated content, fitting the definition of Sexually_Explicit_Information.",yes,,qwen/qwen3-next-80b-a3b-instruct,2026-06-22T10:05:05+00:00
TR_SEX_010_0018,TR,tr-TR,Sexually_Explicit_Information,comment,lewd_joke,implicit_but_trainable,short,humorous,reply,none,CMNT_JOKE_16,O kadar ateşlisin ki bi bakışta eriyorum,yes,true,Sexually_Explicit_Information,0.95,"The text 'O kadar ateşlisin ki bi bakışta eriyorum' uses highly suggestive, arousal-focused language in Turkish colloquial form ('bi bakışta eriyorum' = 'I melt with just one look'), implying strong sexual attraction and physical response. This is a clear case of consensual sexual implication in user-generated content, fitting the definition of Sexually_Explicit_Information. No harassment, hate, or state-security redline is present. The phrasing is culturally contextualized Turkish flirtation wi",yes,,qwen/qwen3-next-80b-a3b-instruct,2026-06-22T09:50:43+00:00
TR_SEX_010_0021,TR,tr-TR,Sexually_Explicit_Information,group_chat,coded_adult_invitation,implicit_but_trainable,medium,messy,teaser,code_mix,GRP_CODED_19,ÖZEL İŞ İÇİN AÇIĞIM... DM YOLUYLA... FAYDALANMAK İSTEYENLER VARSA,yes,true,Sexually_Explicit_Information,0.95,"The text 'ÖZEL İŞ İÇİN AÇIĞIM... DM YOLUYLA... FAYDALANMAK İSTEYENLER VARSA' uses Turkish slang and euphemistic phrasing common in sexual solicitation contexts. 'Özel iş' (special job) is a widely recognized euphemism in Turkish online UGC for sexual services or encounters, and 'DM yoluyla' (via direct message) is a standard indicator of private sexual outreach. The phrasing invites private sexual engagement, aligning with the definition of Sexually_Explicit_Information. No protected identity, t",yes,,qwen/qwen3-next-80b-a3b-instruct,2026-06-22T10:08:24+00:00
TR_SEX_010_0022,TR,tr-TR,Sexually_Explicit_Information,dating_app,adult_hookup,explicit,long,casual,announcement,spacing,DATING_APP_20,"Merhaba ben 32 yaşındayım, evliyim, eşimle birlikteyiz, gizli tanışmalara açıkız, size de açığız",yes,true,Sexually_Explicit_Information,0.95,"The text explicitly proposes secret meetings with a married couple open to sexual encounters ('gizli tanışmalara açıkız, size de açığız'), indicating consensual adult sexual intent in a dating-app context. This aligns with the definition of Sexually_Explicit_Information: solicitation of sexual activity with clear arousal-focused, hookup-oriented language. No protected identity attack, state-security violation, or harassment target is present. The context is synthetic but clearly intended as sexu",yes,,qwen/qwen3-next-80b-a3b-instruct,2026-06-22T09:50:54+00:00
TR_SEX_010_0024,TR,tr-TR,Sexually_Explicit_Information,dm,adult_private_chat,explicit,medium,direct,teaser,none,DM_TEASE_22,"Ateşlisin abi, çok ateşlisin, haberin var mı?",yes,true,Sexually_Explicit_Information,0.95,"The phrase 'Ateşlisin abi, çok ateşlisin' uses colloquial Turkish slang where 'ateşli' (literally 'fiery') is commonly used in romantic/sexual contexts to imply intense physical attraction or sexual appeal. The informal, intimate tone ('abi' as a term of familiarity) and repetition emphasize arousal-focused intent, consistent with sexually explicit UGC in Turkish digital spaces. No protected identity attack or harassment target is present; the context is consensual sexual implication.",yes,,qwen/qwen3-next-80b-a3b-instruct,2026-06-22T10:08:02+00:00
TR_SEX_010_0025,TR,tr-TR,Sexually_Explicit_Information,comment,lewd_joke,implicit_but_trainable,short,humorous,reply,misspelling,CMNT_JOKE_23,Sen o kadar ateşlisin ki düsünce bile eriyorum,yes,true,Sexually_Explicit_Information,0.95,"The text 'Sen o kadar ateşlisin ki düşünceme bile eriyorum' uses highly suggestive, arousal-focused language in Turkish, where 'ateşli' (fiery/passionate) and 'eriyorum' (I'm melting) are culturally understood euphemisms for sexual attraction and physical desire. The phrasing implies sensual, erotic fantasy with clear sexual implication, fitting the definition of Sexually_Explicit_Information as arousal-focused content with sexual undertones, even without explicit genital terms. This is consensu",yes,,qwen/qwen3-next-80b-a3b-instruct,2026-06-22T10:06:44+00:00
TR_SEX_010_0026,TR,tr-TR,Sexually_Explicit_Information,adult_content_promo,adult_content_promo,explicit,medium,commercial,announcement,abbreviation,PROMO_24,YENİ SEZON... YENİ İÇERİKLER... DM YOLUYLA ULAŞABİLİRSİN,yes,true,Sexually_Explicit_Information,0.95,"The text uses promotional language typical of adult content marketing in Turkish UGC ('YENİ SEZON... YENİ İÇERİKLER...'), followed by 'DM YOLUYLA ULAŞABİLİRSİN' (You can reach via DM), which is a widely recognized euphemism in Turkish online contexts for directing users to private messages for sexually explicit material. This phrasing is commonly used in adult content promotion, especially in synthetic or user-generated adult marketing. No other category fits as precisely as Sexually_Explicit_In",yes,,qwen/qwen3-next-80b-a3b-instruct,2026-06-22T09:54:46+00:00
TR_SEX_010_0029,TR,tr-TR,Sexually_Explicit_Information,dm,adult_private_chat,semi_explicit,short,direct,invitation,none,DM_INV_27,Gelip zevk almak ister misin?,yes,true,Sexually_Explicit_Information,0.95,"The phrase 'Gelip zevk almak ister misin?' ('Do you want to come and enjoy?') is a sexually suggestive invitation in Turkish, commonly used in erotic or hookup contexts. The term 'zevk almak' (to take pleasure) is a euphemism for sexual gratification, and the phrasing implies consensual sexual activity. This matches the definition of Sexually_Explicit_Information as arousal-focused, sexual act-related content with explicit sexual implication.",yes,,qwen/qwen3-next-80b-a3b-instruct,2026-06-22T10:13:16+00:00
TR_SEX_010_0030,TR,tr-TR,Sexually_Explicit_Information,meme_caption,suggestive_meme,implicit_but_trainable,short,humorous,teaser,none,MEME_28,Durum: Ateşliyim. Çözüm: Sen + bi de rüya görsem.,yes,true,Sexually_Explicit_Information,0.95,"The text uses Turkish slang and euphemistic phrasing ('Ateşliyim' = 'I'm hot/aroused', 'Sen + bi de rüya görsem' = 'You and if I had a dream [about you]') to imply sexual desire and consensual fantasy, fitting the definition of sexually explicit information. The context is suggestive, arousal-focused, and framed as a flirtatious meme caption, not harassment or metaphorical heat. No protected identity or state-security redline is triggered.",yes,,qwen/qwen3-next-80b-a3b-instruct,2026-06-22T10:11:52+00:00
TR_SEX_010_0031,TR,tr-TR,Sexually_Explicit_Information,roleplay,adult_roleplay,explicit,medium,direct,statement,none,RP_01,"Bugün efendimin her emirine itaat etmeye hazırım, aman ne güzel teslim oluyoruz ikimiz de...",yes,true,Sexually_Explicit_Information,0.95,"The text uses consensual roleplay language with clear sexual implication ('efendimin her emirine itaat etmeye hazırım', 'teslim oluyoruz ikimiz de') indicating erotic submission and mutual sexual surrender, fitting the definition of sexually explicit content in Turkish UGC context. No harassment, hate, or state-security redline is present; the intent is explicitly sexual and consensual.",yes,,qwen/qwen3-next-80b-a3b-instruct,2026-06-22T09:57:17+00:00
TR_SEX_010_0032,TR,tr-TR,Sexually_Explicit_Information,dm,adult_private_chat,explicit,short,casual,invitation,misspelling,DM_03,"mesaj kutuum acik, ozel sohbete bekliyorum, cocugum..",yes,true,Sexually_Explicit_Information,0.95,"The text 'mesaj kutuum acik, ozel sohbete bekliyorum, cocugum..' uses romanized Turkish with intimate, flirtatious phrasing ('ozel sohbete bekliyorum' = 'waiting for a private chat') and a term of endearment ('cocugum' = 'my child') that is commonly used in Turkish online sexual solicitation contexts to imply sexual availability. The phrasing is consistent with consensual sexual solicitation in UGC, fitting the Sexually_Explicit_Information category. No harassment, hate, or state-security redlin",yes,,qwen/qwen3-next-80b-a3b-instruct,2026-06-22T09:49:16+00:00
TR_SEX_010_0034,TR,tr-TR,Sexually_Explicit_Information,dating_app,adult_hookup,explicit,medium,teasing,teaser,none,DAT_07,"Ankara'da boşalmak için biraz gergin, beklenmedik anlar yaşanabilir diyorum 😈",yes,true,Sexually_Explicit_Information,0.95,"The text uses Turkish slang 'boşalmak' (which colloquially means 'to ejaculate' or 'to have an orgasm') in a context suggesting sexual arousal ('gergin', 'beklenmedik anlar'), combined with the😈emoji which reinforces sexual or lewd intent. This is not romantic, harassing, or ambiguous—it clearly conveys consensual sexual suggestion typical of dating-app UGC. The phrasing is intentionally suggestive and aligns with the expected label.",yes,,qwen/qwen3-next-80b-a3b-instruct,2026-06-22T09:50:03+00:00
TR_SEX_010_0036,TR,tr-TR,Sexually_Explicit_Information,group_chat,adult_content_promo,explicit,long,commercial,announcement,code_mix,GRP_02,"Merhaba grup, özel live performansıma katılmak isteyenler DM yoluyla bana ulaşabilirler, sadece DM’ye cevap veriyorum ve preview gönderilerimi kaçırmamak için takipte kalın 🔥",yes,true,Sexually_Explicit_Information,0.95,"The text explicitly invites users to contact via DM for a 'special live performance,' a phrase commonly used in Turkish UGC as a euphemism for sexual content. The use of '🔥' emoji and emphasis on 'preview posts' and exclusivity to DMs strongly implies pornographic or sexually explicit performance intent, consistent with Turkish online sexual solicitation patterns. No indication of non-sexual context (e.g., dance, art, or entertainment) is present. This matches the definition of Sexually_Explicit",yes,,qwen/qwen3-next-80b-a3b-instruct,2026-06-22T10:11:34+00:00
TR_SEX_010_0037,TR,tr-TR,Sexually_Explicit_Information,live_chat,adult_video_chat,semi_explicit,short,casual,fragmented_chat,none,LIV_06,abi şimdi kamera açık mı 😏 bi tıkıdım yeter,yes,true,Sexually_Explicit_Information,0.95,"The text uses colloquial Turkish with clear sexual implication: 'abi' (dude/bro) + 'kamera açık mı' (is the camera on?) + 'bi tıkıdım yeter' (one little click is enough) + emoji 😏 strongly suggest consensual sexual intent, likely referencing webcam or intimate activity. The phrasing is suggestive, arousal-focused, and fits the definition of sexually explicit information in Turkish UGC context. No harassment, hate, or state-security elements present.",yes,,qwen/qwen3-next-80b-a3b-instruct,2026-06-22T09:50:11+00:00
TR_SEX_010_0039,TR,tr-TR,Sexually_Explicit_Information,meme_caption,suggestive_meme,semi_explicit,medium,humorous,teaser,punctuation_play,MEME_08,O anlar... Cidden.. o.. anlar... 😈😈,yes,true,Sexually_Explicit_Information,0.95,"The text 'O anlar... Cidden.. o.. anlar...' with repeated demon emojis (😈😈) is a culturally recognized Turkish meme pattern implying sexual or lustful moments, often used in romantic/sexual contexts on social media. The ellipses and repetition create suggestive, arousal-focused pacing, and the demon emojis are widely understood in Turkish UGC as sexual innuendo. This matches the definition of Sexually_Explicit_Information: arousal-focused, sexually suggestive content using emoji clusters and eup",yes,,qwen/qwen3-next-80b-a3b-instruct,2026-06-22T09:58:42+00:00
TR_SEX_010_0040,TR,tr-TR,Sexually_Explicit_Information,roleplay,adult_roleplay,explicit,medium,direct,invitation,none,RP_02,"Bugün dominant ben, istediğim her şeyi yapabilirsin ama tek koşulum emirlerimi eksiksiz yerine getirmen...",yes,true,Sexually_Explicit_Information,0.95,"The text uses clear sexual roleplay language ('dominant ben', 'istediğim her şeyi yapabilirsin', 'emirlerimi eksiksiz yerine getirmen') indicating consensual BDSM/dominance-submission dynamics with explicit sexual intent. This fits the definition of Sexually_Explicit_Information as arousal-focused, role-based sexual negotiation in Turkish UGC. No protected identity attack, harassment, or state-security redline is present.",yes,,qwen/qwen3-next-80b-a3b-instruct,2026-06-22T10:12:40+00:00
TR_SEX_010_0043,TR,tr-TR,Sexually_Explicit_Information,dating_app,adult_hookup,explicit,long,casual,teaser,none,DAT_08,"Merhaba, bende özel ihtiyaçlar için zaman var, ikimiz de zevkten yandığımız anları yaşıyoruz diyebilirim, hadi gelin görüşelim",yes,true,Sexually_Explicit_Information,0.95,"The text uses explicit sexual euphemisms ('özel ihtiyaçlar', 'zevkten yandığımız anları yaşıyoruz') and directly proposes a meeting with clear sexual intent ('hadi gelin görüşelim'), which aligns with the definition of Sexually_Explicit_Information as arousal-focused, consensual sexual solicitation in Turkish UGC context. No harassment, hate, or state-security redline is present; the intent is clearly sexual and consensual, fitting the expected training label.",yes,,qwen/qwen3-next-80b-a3b-instruct,2026-06-22T10:12:49+00:00
TR_SEX_010_0044,TR,tr-TR,Sexually_Explicit_Information,group_chat,adult_content_promo,explicit,medium,commercial,announcement,misspelling,GRP_03,"Özel performanslar ve canlı sohbetler için grupda sadece DM yoluyla iletişime geçebilirsiniz, şimdiden teşekkürler",yes,true,Sexually_Explicit_Information,0.95,"The text explicitly promotes private performances and live chats, which in Turkish online context (especially in synthetic group chat datasets labeled as sex_r3) strongly implies consensual sexual or pornographic content. Phrases like 'özel performanslar' and 'canlı sohbetler' are common euphemisms in Turkish UGC for sexual services or explicit interactions. The instruction to communicate only via DM (direct message) further confirms intent to move to private, sexually suggestive exchanges. No h",yes,,qwen/qwen3-next-80b-a3b-instruct,2026-06-22T09:55:22+00:00
TR_SEX_010_0045,TR,tr-TR,Sexually_Explicit_Information,live_chat,adult_video_chat,semi_explicit,short,direct,fragmented_chat,none,LIV_07,kamera acık mı lan yine bekliyorum abi,yes,true,Sexually_Explicit_Information,0.95,"The text 'kamera acık mı lan yine bekliyorum abi' uses Turkish slang ('lan') and contextually implies a sexual or voyeuristic intent, commonly found in live-chat scenarios where users pressure someone to turn on a camera for explicit content. The phrase 'bekliyorum' (I'm waiting) in this context strongly suggests anticipation of sexually explicit material, aligning with the definition of Sexually_Explicit_Information. This is not harassment of a specific person, nor is it political or dangerous—",yes,,qwen/qwen3-next-80b-a3b-instruct,2026-06-22T10:06:26+00:00
TR_SEX_010_0046,TR,tr-TR,Sexually_Explicit_Information,profile_bio,adult_profile_bio,implicit_but_trainable,very_short,coded,statement,abbreviation,BIO_02,18+ | Is yapmaya hazirim | BDSM sevenlere özel,yes,true,Sexually_Explicit_Information,0.95,"The text contains explicit sexual intent with phrases like 'Is yapmaya hazirim' (I'm ready for sex) and 'BDSM sevenlere özel' (special for BDSM lovers), which clearly indicate consensual adult sexual content and arousal-focused solicitation. This aligns with the definition of Sexually_Explicit_Information in Turkish UGC context, as it promotes sexual activity with specific fetish targeting (BDSM) and includes an age restriction marker (18+) commonly used in adult content profiles.",yes,,qwen/qwen3-next-80b-a3b-instruct,2026-06-22T09:53:49+00:00
TR_SEX_010_0048,TR,tr-TR,Sexually_Explicit_Information,roleplay,adult_roleplay,explicit,medium,teasing,reply,none,RP_05,"Bu akşam hanımcığımın her dediğini yerine getireceğim, gönülden itaat ediyorum...",yes,true,Sexually_Explicit_Information,0.95,"The text uses intimate, roleplay-style Turkish language ('hanımcığımın her dediğini yerine getireceğim', 'gönülden itaat ediyorum') with clear sexual submission and consensual erotic intent, typical of adult roleplay content. The phrasing implies sexual obedience and sensual deference, fitting the definition of sexually explicit information in Turkish UGC context.",yes,,qwen/qwen3-next-80b-a3b-instruct,2026-06-22T10:03:36+00:00
TR_SEX_010_0049,TR,tr-TR,Sexually_Explicit_Information,dm,adult_private_chat,explicit,short,playful,invitation,emoji,DM_05,"özele gel, mesajlarıma cevap veririm 😈",yes,true,Sexually_Explicit_Information,0.95,"The text 'özele gel, mesajlarıma cevap veririm 😈' uses a suggestive phrase ('özele gel' - come to me privately) combined with the devil emoji (😈), which in Turkish digital culture is a widely recognized euphemism for sexual or flirtatious intent. This is not romantic, harassment, or spam—it clearly implies consensual sexual or sexually suggestive engagement in a direct, intimate context, fitting the definition of Sexually_Explicit_Information.",yes,,qwen/qwen3-next-80b-a3b-instruct,2026-06-22T09:48:04+00:00
TR_SEX_010_0051,TR,tr-TR,Sexually_Explicit_Information,dating_app,adult_hookup,explicit,medium,direct,teaser,code_mix,DAT_09,"Merhaba, siz de benim gibi anında coşanlardan mısınız? DM yoluyla özel anları paylaşabiliriz.",yes,true,Sexually_Explicit_Information,0.95,"The text uses suggestive language ('anında coşanlar' - 'those who climax instantly') and proposes sharing 'özel anları' (private moments) via DM, which in the context of a dating app and synthetic sexual content, clearly implies consensual sexual intent. The phrasing is euphemistic but unambiguously sexual in tone and intent, fitting the definition of Sexually_Explicit_Information.",yes,,qwen/qwen3-next-80b-a3b-instruct,2026-06-22T09:46:30+00:00
TR_SEX_010_0054,TR,tr-TR,Sexually_Explicit_Information,profile_bio,adult_profile_bio,implicit_but_trainable,very_short,coded,statement,abbreviation,BIO_03,18+ | Effendim/hacım olabilir | hot seslenişler,yes,true,Sexually_Explicit_Information,0.95,"The text uses Turkish slang and euphemisms ('Effendim/hacım olabilir', 'hot seslenişler') in a context clearly indicating adult sexual intent. '18+' signals age-restricted adult content, while 'hot seslenişler' (hot vocalizations/calls) implies sexually suggestive or arousal-focused audio interactions. This matches the definition of Sexually_Explicit_Information: arousal-focused, sexualized solicitation in user-generated content. No protected identity attack, state security breach, or severe har",yes,,qwen/qwen3-next-80b-a3b-instruct,2026-06-22T09:54:27+00:00
TR_SEX_010_0056,TR,tr-TR,Sexually_Explicit_Information,roleplay,adult_roleplay,explicit,medium,playful,reply,punctuation_play,RP_06,"Bugün pasif kalacağım, her şeyi senden alacağım... mırıldanarak emirler vermeni bekliyorum...",yes,true,Sexually_Explicit_Information,0.95,"The text uses explicit sexual roleplay language ('pasif kalacağım', 'her şeyi senden alacağım', 'mırıldanarak emirler vermeni bekliyorum') indicating consensual sexual submission and arousal-focused intent, fitting the definition of Sexually_Explicit_Information. No harassment, hate, or state-security redline is present. The context is clearly sexual roleplay in Turkish UGC.",yes,,qwen/qwen3-next-80b-a3b-instruct,2026-06-22T09:45:36+00:00
TR_SEX_010_0059,TR,tr-TR,Sexually_Explicit_Information,dating_app,adult_hookup,explicit,long,direct,teaser,none,DAT_10,"Bursa'da hem ruhsal hem bedensel tatmin arayanlar için buradayım, ikimizin de ihtiyaçlarını karşılayabileceğimiz özel bir alanda buluşabiliriz, hadi gelin...",yes,true,Sexually_Explicit_Information,0.95,"The text explicitly seeks mutual physical and emotional satisfaction in a private setting with clear sexual intent ('hem ruhsal hem bedensel tatmin', 'özel bir alanda buluşabiliriz', 'hadi gelin'). The language is suggestive, arousal-focused, and aligns with consensual sexual solicitation typical of dating-app contexts in Turkey. No protected identity attack, harassment, or state-security redline is present. This is a valid positive example for Sexually_Explicit_Information.",yes,,qwen/qwen3-next-80b-a3b-instruct,2026-06-22T09:51:41+00:00
TR_SEX_010_0063,TR,tr-TR,Sexually_Explicit_Information,dating_app,adult_hookup,implicit_but_trainable,medium,playful,teaser,none,DA_TEA_007,"30’lu yaşlarda, evli çiftiz. Gizli tanışmaya ne dersin? Ayrıntılar mesajda.",yes,true,Sexually_Explicit_Information,0.95,"The text explicitly proposes a secret meeting between a married couple with the phrase 'Gizli tanışmaya ne dersin?' (What do you think about a secret meeting?), followed by 'Ayrıntılar mesajda' (Details in message), which strongly implies consensual sexual or romantic encounter outside marriage in a dating-app context. This aligns with the definition of Sexually_Explicit_Information as solicitation of sexual activity with arousal-focused intent, even if framed euphemistically. The context (datin",yes,,qwen/qwen3-next-80b-a3b-instruct,2026-06-22T10:06:43+00:00
TR_SEX_010_0064,TR,tr-TR,Sexually_Explicit_Information,comment,lewd_joke,explicit,very_short,humorous,reply,misspelling,COM_HUM_022,"Yok artık ya, ateşlisin knk. Bir de cevap vermene bakayım dedim.",yes,true,Sexually_Explicit_Information,0.85,"The phrase 'aşteslisin knk' (you're hot, bro) in Turkish UGC context, especially paired with 'bir de cevap vermene bakayım dedim' (I thought I'd see if you'd respond), carries clear sexualized flirtation and arousal-focused intent. 'Ateşlisin' is slang for sexually attractive/hot in Turkish online vernacular, and the tone implies suggestive sexual interest. This fits Sexually_Explicit_Information as consensual sexualized UGC, not harassment or hate.",yes,,qwen/qwen3-next-80b-a3b-instruct,2026-06-22T10:07:12+00:00
TR_SEX_010_0065,TR,tr-TR,Sexually_Explicit_Information,live_chat,adult_video_chat,semi_explicit,long,commercial,announcement,none,LC_COM_015,"Canlı yayında özel içerik sunuyorum abi. Şimdiden yorumlara bakacağım, DM’den özel mesaj atın. Herkesin zevkine uygun birazcık ateşlenelim.",yes,true,Sexually_Explicit_Information,0.95,"The text explicitly solicits private sexual content ('özel içerik'), invites direct messages ('DM’den özel mesaj atın'), and uses sexually suggestive language ('herkesin zevkine uygun birazcık ateşlenelim') to imply consensual adult sexual engagement. The phrasing is typical of live-stream sexual solicitation in Turkish UGC, with clear arousal-focused intent. No protected identity, state security, or violent harm elements are present, making Sexually_Explicit_Information the most precise and hig",yes,,qwen/qwen3-next-80b-a3b-instruct,2026-06-22T09:32:59+00:00
TR_SEX_010_0067,TR,tr-TR,Sexually_Explicit_Information,group_chat,adult_hookup,explicit,medium,direct,list_like,spacing,GC_DIR_002,"Seks için hepimiz ortak şeyler istiyoruz: güvenlik, zevk, gizlilik. Konuşmaya ne dersiniz?",yes,true,Sexually_Explicit_Information,0.95,"The text explicitly discusses sexual intent ('Seks için'), listing consensual sexual desires ('güvenlik, zevk, gizlilik') and invites sexual conversation ('Konuşmaya ne dersiniz?'). This aligns with the definition of Sexually_Explicit_Information: arousal-focused content and sexual act solicitation in a consensual context. No harassment, hate, or state-security redline is present. The Turkish phrasing is clear and culturally contextualized for adult sexual discourse.",yes,,qwen/qwen3-next-80b-a3b-instruct,2026-06-22T10:07:04+00:00
TR_SEX_010_0068,TR,tr-TR,Sexually_Explicit_Information,roleplay,adult_roleplay,explicit,long,playful,invitation,none,RP_PLY_008,Bugün hanımın emirleri olacak abi. Neler yapmak istediğini anlat bakalım. Hazır mısın?,yes,true,Sexually_Explicit_Information,0.95,"The text uses Turkish roleplay language ('hanımın emirleri olacak abi', 'Neler yapmak istediğini anlat bakalım', 'Hazır mısın?') with clear sexual roleplay undertones, implying consensual sexual submission and anticipation of sexual directives. The phrasing is suggestive, arousal-focused, and fits the pattern of adult sexual roleplay content common in Turkish UGC. No harassment, hate, or state-security elements are present; the intent is sexually explicit but consensual.",yes,,qwen/qwen3-next-80b-a3b-instruct,2026-06-22T10:13:28+00:00
TR_SEX_010_0069,TR,tr-TR,Sexually_Explicit_Information,dm,adult_private_chat,implicit_but_trainable,short,teasing,teaser,emoji,DM_TEA_011,"Yakında boşaldığım anları paylaşacağım, bekle abla 😏",yes,true,Sexually_Explicit_Information,0.95,"The text 'Yakında boşaldığım anları paylaşacağım, bekle abla 😏' uses euphemistic sexual language ('boşaldığım anları' implying sexual release) combined with a suggestive emoji (😏) and a familiar, flirtatious address ('bekle abla') to imply consensual sexual content sharing. This aligns with Sexually_Explicit_Information as it conveys arousal-focused intent in a Turkish UGC context, without overt harassment or dangerous elements.",yes,,qwen/qwen3-next-80b-a3b-instruct,2026-06-22T09:55:05+00:00
TR_SEX_010_0071,TR,tr-TR,Sexually_Explicit_Information,comment,lewd_joke,explicit,medium,humorous,reply,none,COM_HUM_023,"Abi, ateşlisin ya. Bir de cevap vermene bakayım dedim, evet.",yes,true,Sexually_Explicit_Information,0.85,"The phrase 'abi, ateşlisin ya' (bro, you're fiery/very hot) in Turkish UGC context carries strong sexual connotation, often implying physical attraction or sexual desire. The follow-up 'bir de cevap vermene bakayım dedim, evet' (I said let me see if you respond, and yes) suggests flirtatious or sexually suggestive exchange, implying mutual sexual interest. This aligns with Turkish online sexual slang patterns where 'ateşli' is used euphemistically for sexual appeal. No harassment or hate speech ",yes,,qwen/qwen3-next-80b-a3b-instruct,2026-06-22T09:55:16+00:00
TR_SEX_010_0072,TR,tr-TR,Sexually_Explicit_Information,live_chat,adult_video_chat,semi_explicit,long,casual,teaser,misspelling,LC_TEA_014,"Canlı yayında özel birazcık ateşlenmek isteyen var mı? DM’den atarsın, ben de cevaplarım şimdi.",yes,true,Sexually_Explicit_Information,0.95,"The text explicitly invites live-stream viewers to privately engage in sexual arousal ('özel birazcık ateşlenmek'), using direct sexual implication ('DM’den atarsın, ben de cevaplarım şimdi') in a context of consensual sexual solicitation. The phrasing is sexually suggestive, arousal-focused, and matches Turkish UGC patterns for explicit sexual intent, fitting the Sexually_Explicit_Information category.",yes,,qwen/qwen3-next-80b-a3b-instruct,2026-06-22T09:54:55+00:00
TR_SEX_010_0073,TR,tr-TR,Sexually_Explicit_Information,dating_app,adult_hookup,implicit_but_trainable,medium,playful,teaser,abbreviation,DA_TEA_006,"Evli çiftler için özel tanışma grubu kurdum, gelin biraz ateşlenelim.",yes,true,Sexually_Explicit_Information,0.95,"The text 'Evli çiftler için özel tanışma grubu kurdum, gelin biraz ateşlenelim' (I created a special meeting group for married couples, let's get a little heated) uses euphemistic but clearly sexualized language ('ateşlenelim' - 'let's heat up/ignite') in a dating/app context, implying consensual sexual intent. This aligns with the definition of Sexually_Explicit_Information: arousal-focused, flirtatious sexual suggestion in a romantic/dating context. No harassment, hate, or state-security redli",yes,,qwen/qwen3-next-80b-a3b-instruct,2026-06-22T10:08:39+00:00
TR_SEX_010_0074,TR,tr-TR,Sexually_Explicit_Information,roleplay,adult_roleplay,explicit,short,direct,invitation,none,RP_DIR_011,"Bugün ben pasifim abi, yönet beni.",yes,true,Sexually_Explicit_Information,0.95,"The text 'Bugün ben pasifim abi, yönet beni.' uses colloquial Turkish with clear sexual roleplay connotations ('pasif' = passive, 'yönet beni' = dominate/control me), indicating consensual sexual intent typical of adult erotic roleplay content. This fits the definition of Sexually_Explicit_Information as arousal-focused, sexual-role-oriented language in user-generated content.",yes,,qwen/qwen3-next-80b-a3b-instruct,2026-06-22T09:48:14+00:00
TR_SEX_010_0076,TR,tr-TR,Sexually_Explicit_Information,group_chat,adult_hookup,explicit,long,direct,list_like,none,GC_DIR_003,"Yetişkinler için gizli tanışma grubu aranıyor. Gizlilik, zevk ve güvenlik şart. İlgi varsa bildir.",yes,true,Sexually_Explicit_Information,0.95,"The text explicitly seeks a private meeting group 'for adults' with conditions of 'privacy, pleasure, and safety,' which in Turkish UGC context strongly implies consensual sexual or erotic intent. Phrases like 'zevk' (pleasure) in this context are culturally understood as sexual enjoyment, and 'gizli tanışma' (secret meeting) is a common euphemism for sexual rendezvous in adult-oriented online spaces. No harassment, hate, or political redline is present; the intent aligns with sexually explicit ",yes,,qwen/qwen3-next-80b-a3b-instruct,2026-06-22T10:03:13+00:00
TR_SEX_010_0078,TR,tr-TR,Sexually_Explicit_Information,meme_caption,suggestive_meme,implicit_but_trainable,short,humorous,teaser,none,MEM_HUM_005,"Bu meme baktım da hadi be abi, ateşlisin ya.",yes,true,Sexually_Explicit_Information,0.85,"The phrase 'hadı be abi, ateşlisin ya' is colloquial Turkish slang with clear sexual innuendo, implying the person is 'hot' in a sexually arousing way. The context is a meme caption, commonly used in Turkish UGC to flirt or express sexual attraction. The tone is lewd and arousal-focused, fitting Sexually_Explicit_Information. No protected identity attack or harassment target is present, and no severe harm or coercion is implied. This is a valid positive example for sexual intent in Turkish socia",yes,,qwen/qwen3-next-80b-a3b-instruct,2026-06-22T10:05:05+00:00
TR_SEX_010_0079,TR,tr-TR,Sexually_Explicit_Information,roleplay,adult_roleplay,explicit,medium,playful,invitation,none,RP_PLY_009,Bugün efendim beni nasıl yormak istersin? Biraz sertleşebiliriz.,yes,true,Sexually_Explicit_Information,0.95,"The text uses sexually suggestive language ('beni nasıl yormak istersin', 'biraz sertleşebiliriz') in a roleplay context, implying consensual sexual intent with clear arousal-focused and erotic undertones. The phrasing is colloquial Turkish with direct sexual implication, fitting the definition of Sexually_Explicit_Information. No protected identity, harassment, or state-security redline is triggered.",yes,,qwen/qwen3-next-80b-a3b-instruct,2026-06-22T09:50:59+00:00
TR_SEX_010_0080,TR,tr-TR,Sexually_Explicit_Information,dm,adult_private_chat,semi_explicit,short,direct,invitation,misspelling,DM_DIR_004,"Simdi gel de biraz sevişelim abi, baska bekleyecekseyim yok.",yes,true,Sexually_Explicit_Information,0.95,"The text uses direct sexual slang ('sevişelim') in a consensual, arousal-focused context ('simdi gel de biraz sevişelim abi'), with clear sexual intent and invitation. The phrase is colloquial Turkish for 'come now and have sex a bit,' fitting the definition of sexually explicit information. No harassment, hate, or state-security redline is present. This is a valid positive example for Sexually_Explicit_Information.",yes,,qwen/qwen3-next-80b-a3b-instruct,2026-06-22T09:49:29+00:00
TR_SEX_010_0081,TR,tr-TR,Sexually_Explicit_Information,live_chat,adult_content_promo,explicit,long,commercial,announcement,none,LC_COM_016,"Canlı yayında özel içerik sunuyorum abi. Ne istediğini bilirsin. DM’den atarsın, hemen cevaplıyorum.",yes,true,Sexually_Explicit_Information,0.95,"The text explicitly offers 'özel içerik' (special content) in a live stream context, with an implied sexual nature ('Ne istediğini bilirsin' — 'you know what you want'), and directs the recipient to DM for immediate response, which is a common euphemistic pattern in Turkish UGC for soliciting sexual or pornographic content. The phrasing is sexually suggestive, arousal-focused, and aligns with consensual adult sexual solicitation in live-chat environments.",yes,,qwen/qwen3-next-80b-a3b-instruct,2026-06-22T09:52:13+00:00
TR_SEX_010_0082,TR,tr-TR,Sexually_Explicit_Information,dating_app,adult_hookup,implicit_but_trainable,medium,playful,teaser,code_mix,DA_TEA_008,İstanbul’daki swingers grubuna katılmak için DM’den mesaj atabilirsiniz.,yes,true,Sexually_Explicit_Information,0.95,"The text explicitly invites contact via DM to join a swingers group in Istanbul, which constitutes solicitation for consensual sexual activity involving group sex. This falls under Sexually_Explicit_Information as it promotes sexual encounters with clear pornographic intent and arousal-focused context, without coercion, minors, or violence. The use of 'swingers grubu' and 'DM’den mesaj atabilirsiniz' is a direct sexual solicitation in Turkish dating-app context.",yes,,qwen/qwen3-next-80b-a3b-instruct,2026-06-22T09:49:34+00:00
TR_SEX_010_0083,TR,tr-TR,Sexually_Explicit_Information,group_chat,adult_hookup,explicit,medium,direct,list_like,abbreviation,GC_DIR_004,"Gizli yetiskin tanışma grubu için mesaj atanlar gelsin, güvenlik garantili.",yes,true,Sexually_Explicit_Information,0.95,"The text explicitly invites individuals to join a 'gizli yetişkin tanışma grubu' (secret adult dating group) with a claim of 'güvenlik garantili' (guaranteed security), which strongly implies consensual adult sexual or romantic meetup intent in a private, potentially erotic context. This aligns with Turkey's definition of Sexually_Explicit_Information: solicitation for sexual connections using euphemistic but culturally understood adult-dating language. No protected identity attack, harassment, ",yes,,qwen/qwen3-next-80b-a3b-instruct,2026-06-22T10:11:41+00:00
TR_SEX_010_0084,TR,tr-TR,Sexually_Explicit_Information,profile_bio,adult_content_promo,semi_explicit,very_short,teasing,statement,punctuation_play,PB_TES_007,Seks için hazirim abi??!!,yes,true,Sexually_Explicit_Information,0.95,"The text 'Seks için hazirim abi??!!' (I'm ready for sex, bro??!!) is a direct, explicit sexual solicitation in Turkish, using colloquial and sexually suggestive language with enthusiastic punctuation. It expresses consensual sexual intent in a user-generated context, fitting the definition of Sexually_Explicit_Information. No harassment, hate, or state-security redline is present. The phrasing is unambiguous in its sexual purpose.",yes,,qwen/qwen3-next-80b-a3b-instruct,2026-06-22T09:46:47+00:00
TR_SEX_010_0086,TR,tr-TR,Sexually_Explicit_Information,roleplay,adult_roleplay,explicit,medium,playful,invitation,none,RP_PLY_010,"Bugün ben top olacağım abi, siz yönetin. Hazır mısınız?",yes,true,Sexually_Explicit_Information,0.95,"The text uses sexually suggestive roleplay language (' Bugün ben top olacağım abi, siz yönetin. Hazır mısınız?') which implies a dominant/submissive sexual dynamic in a consensual adult context. The phrase 'top olacağım' is Turkish slang for taking the active role in sexual intercourse, and 'siz yönetin' (you take control) reinforces a sexual roleplay scenario. This fits the definition of Sexually_Explicit_Information as arousal-focused, sexual-role-oriented content in user-generated content.",yes,,qwen/qwen3-next-80b-a3b-instruct,2026-06-22T09:50:07+00:00
TR_SEX_010_0087,TR,tr-TR,Sexually_Explicit_Information,comment,lewd_joke,semi_explicit,short,humorous,reply,emoji,COM_HUM_024,"Ateşlisin abi, bari cevap ver de bakayım 😈",yes,true,Sexually_Explicit_Information,0.85,"The text uses the slang term 'Ateşlisin' (you're hot/firey), which in Turkish UGC context often carries sexual connotation, combined with the devil emoji (😈) commonly used to imply flirtatious, lewd, or sexually suggestive intent. The phrase 'bari cevap ver de bakayım' (at least reply so I can see) is a persistent, intimate plea typical of sexualized online flirtation. While not explicit, the combination of slang, emoji, and contextually implied sexual interest meets the threshold for Sexually_E",yes,,qwen/qwen3-next-80b-a3b-instruct,2026-06-22T09:37:13+00:00
TR_SEX_010_0088,TR,tr-TR,Sexually_Explicit_Information,live_chat,adult_video_chat,explicit,long,direct,teaser,misspelling,LC_DIR_017,"Canlıda özel bişeyler yaşanacak abi. İstiyorsanız DM’den atın, hemen cevaplar veririm.",yes,true,Sexually_Explicit_Information,0.95,"The text uses colloquial Turkish ('canlıda özel bişeyler yaşanacak', 'DM’den atın') to imply live sexual activity or intimate encounters, with an explicit invitation for private contact ('hemen cevaplar veririm'). This matches the definition of Sexually_Explicit_Information: arousal-focused, sexual act solicitation, and hookup intent in user-generated content. No protected identity, harassment, or state-security elements are present. The phrasing is sexually suggestive and consensual in intent, ",yes,,qwen/qwen3-next-80b-a3b-instruct,2026-06-22T09:34:24+00:00
TR_SEX_010_0089,TR,tr-TR,Sexually_Explicit_Information,dating_app,adult_hookup,implicit_but_trainable,medium,teasing,teaser,none,DA_TEA_009,"30’lu yaşlarda, evli ya da flört eden çiftler için gizli tanışma grubu arıyorum.",yes,true,Sexually_Explicit_Information,0.95,"The text explicitly seeks a secret meeting group for married or dating couples in their 30s, which implies consensual sexual or erotic intent under the guise of 'gizli tanışma' (secret meeting). In Turkish dating-app context, this phrasing is a common euphemism for extramarital or non-monogamous sexual encounters. The intent is arousal-focused and sexually suggestive, fitting Sexually_Explicit_Information. No protected identity attack, state security breach, or harassment of a specific person is",yes,,qwen/qwen3-next-80b-a3b-instruct,2026-06-22T10:01:38+00:00
TR_SEX_010_0090,TR,tr-TR,Sexually_Explicit_Information,group_chat,adult_content_promo,semi_explicit,short,commercial,announcement,spacing,GC_COM_005,Yetişkinlere özel gizli tanışma grubu için kayıtlar başladı. Detaylar mesajda.,yes,true,Sexually_Explicit_Information,0.95,"The text explicitly promotes a 'private meeting group for adults' with details provided via direct message, which in Turkish UGC context strongly implies consensual sexual or hookup-oriented intent. Phrases like 'yetişkinlere özel gizli tanışma' (private adult-only meeting) and 'detaylar mesajda' (details in message) are common euphemisms in Turkish online spaces for sexual rendezvous arrangements. No harassment, hate, or state-security redline is present, but the sexual solicitation intent is c",yes,,qwen/qwen3-next-80b-a3b-instruct,2026-06-22T10:08:37+00:00
TR_SEX_010_0091,TR,tr-TR,Sexually_Explicit_Information,roleplay,adult_roleplay,explicit,medium,direct,invitation,none,TR_SEX_010_rp_dir_inv_01,"Bugün pasif olmak istiyorum abi, yönet beni istediğin gibi. Mesaj kutum her zaman açık duruyor, bakalım neler yapacağız.",yes,true,Sexually_Explicit_Information,0.95,"The text uses suggestive, roleplay-based language with clear sexual intent: 'pasif olmak istiyorum abi' (I want to be passive today, brother), 'yönet beni istediğin gibi' (control me however you want), and 'bakalım neler yapacağız' (let's see what we'll do) imply consensual sexual roleplay and erotic anticipation. The phrasing is sexually explicit in context, focusing on submission and future sexual activity, fitting the definition of Sexually_Explicit_Information under Turkish UGC standards.",yes,,qwen/qwen3-next-80b-a3b-instruct,2026-06-22T09:47:12+00:00
TR_SEX_010_0092,TR,tr-TR,Sexually_Explicit_Information,dm,adult_private_chat,semi_explicit,short,teasing,question,misspelling,TR_SEX_010_dm_tes_que_02,"Çok ateşlisin knk, cevap verinceye kadar duramıycam. Mesaj atsan cevaplar mıydım?",yes,true,Sexually_Explicit_Information,0.95,"The text uses colloquial Turkish with sexual implication: 'Çok ateşlisin knk' (you're very hot, bro) and 'cevap verinceye kadar duramıycam' (I can't stop until you reply) implies persistent, arousal-focused messaging with clear sexual intent. The tone is suggestive and coercive in a flirtatious/sexual context, fitting Sexually_Explicit_Information. No protected identity attack or severe harm, so not Hate_Speech or Dangerous_Content. Not harassment of a specific person in a non-sexual way. This i",yes,,qwen/qwen3-next-80b-a3b-instruct,2026-06-22T10:04:42+00:00
TR_SEX_010_0093,TR,tr-TR,Sexually_Explicit_Information,comment,lewd_joke,semi_explicit,very_short,humorous,fragmented_chat,spacing,TR_SEX_010_com_hum_frag_03,bi tanıyalım zevki  ner den başlayalım lan 😏,yes,true,Sexually_Explicit_Information,0.95,"The text 'bi tanıyalım zevki ner den başlayalım lan 😏' uses colloquial Turkish with clear sexual implication: 'bi tanıyalım' (let's get to know each other) is a euphemism for sexual initiation, 'zevki' (the pleasure) refers to sexual enjoyment, and the emoji 😏 is a widely recognized sexual/suggestive emoji in Turkish UGC. The tone and phrasing indicate consensual sexual intent, fitting the definition of Sexually_Explicit_Information. No protected identity, harassment, or state-security redline i",yes,,qwen/qwen3-next-80b-a3b-instruct,2026-06-22T10:09:46+00:00
TR_SEX_010_0094,TR,tr-TR,Sexually_Explicit_Information,dating_app,adult_hookup,explicit,medium,direct,announcement,none,TR_SEX_010_dat_dir_ann_04,"BİP'de yeni acılan gizli grupda yer mi var? Yetişkinler için özel tanışma. İlgi duyanlar DM'den ulaşsın, sayca sınırlı.",yes,true,Sexually_Explicit_Information,0.95,"The text explicitly promotes a private, invite-only group on 'BİP' (a Turkish messaging app) for 'yetişkinler için özel tanışma' (adult-only private meetings), with a request to contact via DM ('DM'den ulaşsın') and mentions limited spots ('sayca sınırlı'). This is a clear, contextually plausible solicitation for adult sexual or romantic encounters in a private, non-public setting — consistent with sexually explicit intent in Turkish dating-app UGC. No protected identity attack, threat, or state",yes,,qwen/qwen3-next-80b-a3b-instruct,2026-06-22T09:36:14+00:00
TR_SEX_010_0095,TR,tr-TR,Sexually_Explicit_Information,profile_bio,adult_profile_bio,implicit_but_trainable,short,commercial,list_like,abbreviation,TR_SEX_010_pro_com_lst_05,Instagramda canlı sohbetler | DM açık | Özel anlar için randevu ayarlanabilir | #AnkaraEfendim #SamsunHot,yes,true,Sexually_Explicit_Information,0.95,"The text explicitly promotes private sexual encounters ('özel anlar için randevu ayarlanabilir'), invites direct messaging for sexual purposes ('DM açık'), and uses sexually suggestive regional hashtags ('#SamsunHot', '#AnkaraEfendim') commonly associated with adult services in Turkish UGC. The phrasing implies consensual sexual activity for personal gratification, fitting the definition of Sexually_Explicit_Information. No protected identity attack, state security violation, or harassment targe",yes,,qwen/qwen3-next-80b-a3b-instruct,2026-06-22T10:09:55+00:00
TR_SEX_010_0096,TR,tr-TR,Sexually_Explicit_Information,roleplay,adult_roleplay,explicit,long,playful,teaser,emoji,TR_SEX_010_rp_ply_tes_06,"Efendimin her emrine itaat etmek istiyorum abi. Bugün daha sert olmasını ister misin? Mesaj kutuma bakabilirsin, özel sunum var 😈",yes,true,Sexually_Explicit_Information,0.95,"The text contains explicit sexual consent and submission language ('her emrine itaat etmek istiyorum', 'daha sert olmasını ister misin?') combined with a suggestive emoji (😈) and reference to a 'özel sunum' (special presentation) in a private message context, indicating consensual sexual intent typical of adult roleplay content. This aligns with the definition of Sexually_Explicit_Information: arousal-focused, sexual roleplay, and lewd solicitation in Turkish UGC.",yes,,qwen/qwen3-next-80b-a3b-instruct,2026-06-22T10:02:44+00:00
TR_SEX_010_0097,TR,tr-TR,Sexually_Explicit_Information,group_chat,adult_hookup,semi_explicit,medium,coded,reply,none,TR_SEX_010_grp_cod_rep_07,Abi #hotpreview <şehir> gece grubuna yeni katılanlar var mı? İşten sonra özel sohbet için.,yes,true,Sexually_Explicit_Information,0.95,"The text uses the hashtag #hotpreview and phrases like 'özel sohbet için' (for private chat) in the context of a night group in a specific city, which strongly implies sexual or erotic intent in a consensual adult context. This aligns with the definition of Sexually_Explicit_Information: solicitation of sexual chat with arousal-focused language, typical in Turkish UGC. No harassment, hate, or state-security redline is present. The context is clearly sexual, not romantic or spam.",yes,,qwen/qwen3-next-80b-a3b-instruct,2026-06-22T10:14:11+00:00
TR_SEX_010_0098,TR,tr-TR,Sexually_Explicit_Information,live_chat,adult_content_promo,semi_explicit,short,commercial,teaser,misspelling,TR_SEX_010_liv_com_tes_08,Canlı yayında görene kadar bekleyemiycekm abi 🔥 Hemen özel mesaj atana özel içerik gönderiyorum.,yes,true,Sexually_Explicit_Information,0.95,"The text uses sexually suggestive language ('canlı yayında görene kadar bekleyemiycekm', 'özel içerik gönderiyorum') in a context implying consensual adult sexual content exchange, typical of live-stream solicitation. The emoji 🔥 and phrasing ('özel mesaj atana') indicate arousal-focused intent and sexual service promotion, fitting Sexually_Explicit_Information. No protected identity attack, threat, or state-security redline is present.",yes,,qwen/qwen3-next-80b-a3b-instruct,2026-06-22T10:01:53+00:00
TR_SEX_011_0001,TR,tr-TR,Sexually_Explicit_Information,comment,lewd_joke,implicit_but_trainable,very_short,playful,statement,none,CMT_LEWD_001,usta be abi sende ateşlisin sanki,yes,true,Sexually_Explicit_Information,0.9,"The phrase 'usta be abi sende ateşlisin sanki' uses colloquial Turkish with sexual connotation: 'ateşlisin' (you're hot/firey) in this context implies strong sexual attraction or arousal, and 'sanki' (as if) intensifies the suggestive tone. This is not mere compliment or romantic expression—it carries clear sexualized intent typical of consensual adult UGC in Turkish contexts, fitting Sexually_Explicit_Information.",yes,,qwen/qwen3-next-80b-a3b-instruct,2026-06-22T09:54:09+00:00
TR_SEX_011_0004,TR,tr-TR,Sexually_Explicit_Information,group_chat,adult_hookup,explicit,medium,casual,list_like,emoji,GC_FLRT_021,bana lazım olan şeyleri söylüyorum bi kere: zevk + fantazi + sabırsızlık🔥,yes,true,Sexually_Explicit_Information,0.95,"The text uses explicit sexual euphemisms ('zevk + fantazi + sabırsızlık') with a fire emoji (🔥), commonly associated with sexual arousal and consensual adult sexual intent in Turkish UGC. The phrasing is direct, arousal-focused, and aligns with sexual chat patterns in group chats. No harassment, hate, or state-security redline is present. This is a valid positive example for Sexually_Explicit_Information.",yes,,qwen/qwen3-next-80b-a3b-instruct,2026-06-22T09:52:34+00:00
TR_SEX_011_0006,TR,tr-TR,Sexually_Explicit_Information,live_chat,adult_content_promo,semi_explicit,short,commercial,teaser,none,LC_CPMS_003,işte en ateşlilerden previewlar DM atmadan önce,yes,true,Sexually_Explicit_Information,0.95,"The text 'işte en ateşlilerden previewlar DM atmadan önce' (meaning 'here are the hottest previews, before DMing') implies explicit sexual content being offered or shared, with 'aşetlilerden previewlar' strongly suggesting sexually suggestive or pornographic material. The phrase 'DM atmadan önce' (before direct messaging) indicates intent to engage in sexualized or erotic exchange, typical of consensual adult content promotion in Turkish UGC. No harassment, hate, or state-security redline is pre",yes,,qwen/qwen3-next-80b-a3b-instruct,2026-06-22T09:46:36+00:00
TR_SEX_011_0008,TR,tr-TR,Sexually_Explicit_Information,profile_bio,adult_profile_bio,implicit_but_trainable,short,teasing,announcement,misspelling,PB_TSNG_011,beni azdirmak icin bi dmk gel,yes,true,Sexually_Explicit_Information,0.95,"The text 'beni azdirmak icin bi dmk gel' uses Turkish slang: 'dmk' is a romanized abbreviation for 'dick' (penis), and 'azdirmak' means to tease or arouse sexually. The phrase implies a sexual invitation or arousal intent, typical of lewd profile bios in Turkish UGC. This fits Sexually_Explicit_Information as it conveys consensual sexual solicitation through explicit slang, not harassment or hate. No state-security, dangerous, or identity-based attack elements are present.",yes,,qwen/qwen3-next-80b-a3b-instruct,2026-06-22T09:37:56+00:00
TR_SEX_011_0009,TR,tr-TR,Sexually_Explicit_Information,group_chat,coded_adult_invitation,implicit_but_trainable,short,coded,reply,code_mix,GC_CDDC_018,hot chat lazım dms attim bakalım DM,yes,true,Sexually_Explicit_Information,0.95,"The text 'hot chat lazım dms attim bakalım DM' (I need a hot chat, I sent a DM, let's see) is a Turkish slang expression commonly used in sexualized contexts to solicit private, sexually suggestive or explicit conversations via direct messages. The phrase 'hot chat' explicitly implies sexual or erotic intent, and 'DM' (direct message) is a well-known euphemism in Turkish online culture for initiating private sexual or flirtatious exchanges. This matches the definition of Sexually_Explicit_Inform",yes,,qwen/qwen3-next-80b-a3b-instruct,2026-06-22T09:59:15+00:00
TR_SEX_011_0015,TR,tr-TR,Sexually_Explicit_Information,dm,paid_private_content,semi_explicit,short,commercial,teaser,emoji,DM_CPRM_013,isteyenler icin özel seslerim var🔥 DM aç,yes,true,Sexually_Explicit_Information,0.95,"The text 'isteyenler icin özel seslerim var🔥 DM aç' in Turkish context implies offering private, sexually suggestive audio content to interested parties, with the fire emoji reinforcing sexual or sensual intent. 'Özel sesler' (private voices/sounds) in UGC contexts on platforms like Instagram or Twitter is a common euphemism for sexually explicit audio, often pornographic or erotically suggestive. The call to 'DM aç' (open DMs) is a standard solicitation for private sexual exchange. No harassmen",yes,,qwen/qwen3-next-80b-a3b-instruct,2026-06-22T09:50:36+00:00
TR_SEX_011_0016,TR,tr-TR,Sexually_Explicit_Information,live_chat,adult_roleplay,explicit,short,playful,fragmented_chat,none,LC_RPLY_017,top rollerini çıkarmadan önce top mu yoksa bottom mu dedirt bana,yes,true,Sexually_Explicit_Information,0.95,"The text uses slang ('top rollerini çıkarmadan önce') and sexual role terminology ('top' and 'bottom') in a context clearly referencing sexual acts, likely within a BDSM or sexual role dynamic. The phrasing 'dedirt bana' ('make me decide') implies solicitation or arousal-focused sexual negotiation, fitting the definition of sexually explicit information. No harassment, hate, or state-security redline is present; this is consensual sexual content in Turkish UGC context.",yes,,qwen/qwen3-next-80b-a3b-instruct,2026-06-22T09:59:49+00:00
TR_SEX_011_0020,TR,tr-TR,Sexually_Explicit_Information,comment,lewd_joke,explicit,very_short,playful,statement,emoji,CMT_JOKE_004,abi beni dımdızı sayıyorsun galiba😈,yes,true,Sexually_Explicit_Information,0.95,"The text 'abi beni dımdızı sayıyorsun galiba😈' uses Turkish slang 'dımdızı' (a vulgar, sexually suggestive term implying nudity or sexual availability) combined with the devil emoji (😈), which is culturally recognized in Turkish UGC as a sexual or lewd implication. The phrasing implies sexual objectification with flirtatious/sexual intent, fitting Sexually_Explicit_Information under Turkey-specific context. No harassment or hate speech basis is present; this is consensual sexualized UGC.",yes,,qwen/qwen3-next-80b-a3b-instruct,2026-06-22T09:54:33+00:00
TR_SEX_011_0021,TR,tr-TR,Sexually_Explicit_Information,live_chat,adult_content_promo,semi_explicit,short,commercial,announcement,none,LC_PROM_016,canlıda neler oluyor bakmak isteyenler için özel preview,yes,true,Sexually_Explicit_Information,0.95,"The phrase 'canlıda neler oluyor bakmak isteyenler için özel preview' (special preview for those who want to see what's happening live) is a common euphemism in Turkish online sexual content contexts, implying live sexual acts or explicit content. The term 'preview' in this context is widely used in adult live-streaming platforms to solicit viewers for sexually explicit material. No other category fits as precisely; this is not harassment, hate speech, or political content, but clear sexual soli",yes,,qwen/qwen3-next-80b-a3b-instruct,2026-06-22T10:12:47+00:00
TR_SEX_011_0023,TR,tr-TR,Sexually_Explicit_Information,group_chat,adult_hookup,semi_explicit,short,casual,reply,abbreviation,GC_CASR_023,azdırmak icin ne lazımsa var,yes,true,Sexually_Explicit_Information,0.95,"The phrase 'azdırmak icin ne lazımsa var' (literally: 'whatever is needed to arouse/eroticize is available') uses Turkish slang ('azdırmak' as a vulgar euphemism for sexual arousal) in a context clearly implying sexual intent. The phrasing suggests availability of tools, methods, or items for sexual stimulation, consistent with sexually explicit content in user-generated content. No protected identity, threat, or state-security element is present; the core intent is sexual arousal, fitting Sexua",yes,,qwen/qwen3-next-80b-a3b-instruct,2026-06-22T10:01:36+00:00
TR_SEX_011_0024,TR,tr-TR,Sexually_Explicit_Information,profile_bio,adult_profile_bio,implicit_but_trainable,short,teasing,statement,none,PB_TSNG_003,sana özel şeylerim var bakalım açmam için ısrar et,yes,true,Sexually_Explicit_Information,0.95,"The text 'sana özel şeylerim var bakalım açmam için ısrar et' contains sexually suggestive language with clear erotic intent, implying private sexual content and pressuring the recipient to engage sexually. The phrasing is lewd, arousal-focused, and fits the definition of Sexually_Explicit_Information in Turkish UGC context, even if euphemistic. No protected identity, state security, or violent harm elements are present, making this a clear match for Sexually_Explicit_Information.",yes,,qwen/qwen3-next-80b-a3b-instruct,2026-06-22T10:01:09+00:00
TR_SEX_011_0027,TR,tr-TR,Sexually_Explicit_Information,comment,lewd_joke,explicit,very_short,humorous,statement,none,CMT_JOKE_018,abi burası ateşli mi ateşli mi diye sormaya bile gerek yok,yes,true,Sexually_Explicit_Information,0.95,"The phrase 'abi burası ateşli mi ateşli mi diye sormaya bile gerek yok' uses colloquial Turkish with strong sexual implication. 'Ateşli' (hot/firey) is a common euphemism in Turkish UGC for sexual arousal or intense sexual energy, and the repetitive, rhetorical phrasing ('sormaya bile gerek yok' — 'no need to even ask') implies an obvious, explicit sexual context. This matches the pattern of consensual sexual intent in adult-oriented user-generated content, fitting Sexually_Explicit_Information ",yes,,qwen/qwen3-next-80b-a3b-instruct,2026-06-22T10:13:22+00:00
TR_SEX_011_0028,TR,tr-TR,Sexually_Explicit_Information,group_chat,adult_hookup,semi_explicit,short,casual,list_like,emoji,GC_CASL_024,gizli tanışma + zevk + diskret + DM🔥,yes,true,Sexually_Explicit_Information,0.95,"The text 'gizli tanışma + zevk + diskret + DM🔥' uses Turkish slang and euphemisms commonly associated with consensual sexual encounters in private contexts: 'gizli tanışma' (secret meeting), 'zevk' (pleasure/sexual enjoyment), 'diskret' (discreet), and 'DM🔥' (direct message with fire emoji implying sexual intent). The combination, especially with the fire emoji, strongly signals arousal-focused, sexually explicit solicitation in a Turkish UGC context, fitting the Sexually_Explicit_Information ca",yes,,qwen/qwen3-next-80b-a3b-instruct,2026-06-22T09:46:52+00:00
TR_SEX_011_0029,TR,tr-TR,Sexually_Explicit_Information,dm,paid_private_content,semi_explicit,short,commercial,teaser,abbreviation,DM_CPRM_014,özel sesler icin dm acık,yes,true,Sexually_Explicit_Information,0.95,"The phrase 'özel sesler için dm açık' (open DM for special sounds) is a common Turkish euphemism in user-generated content implying sexually suggestive or erotic audio content, typically used in romantic/sexual solicitation contexts. The term 'özel sesler' (special sounds) is widely understood in Turkish online culture as a coded reference to sexually explicit voice messages or intimate audio. This matches the definition of Sexually_Explicit_Information: arousal-focused content, sexual solicitat",yes,,qwen/qwen3-next-80b-a3b-instruct,2026-06-22T09:50:41+00:00
TR_SEX_011_0030,TR,tr-TR,Sexually_Explicit_Information,live_chat,adult_content_promo,explicit,medium,commercial,announcement,none,LC_PROM_017,bu akşam canlıda neler olacağını bilmek isteyenler özel DM yoluyla preview alabilir,yes,true,Sexually_Explicit_Information,0.95,"The text implies access to exclusive, preview content via private message ('özel DM') related to a live broadcast ('canlıda neler olacağını'), which in Turkish online sexual contexts is a common euphemism for sexually explicit or pornographic previews. The phrasing is suggestive of adult content distribution, aligning with sexual solicitation patterns in live chat UGC. No other category fits as precisely.",yes,,qwen/qwen3-next-80b-a3b-instruct,2026-06-22T10:10:37+00:00
TR_SEX_011_0032,TR,tr-TR,Sexually_Explicit_Information,live_chat,adult_video_chat,semi_explicit,very_short,playful,reply,misspelling,TR_SEX_011_0032_02,valla beni yakarsan hiç bişey demem abi,yes,true,Sexually_Explicit_Information,0.95,"The phrase 'valla beni yakarsan hiç bişey demem abi' uses colloquial Turkish with sexual implication: 'yakarsan' (if you burn me) is a slang euphemism for sexual arousal or intercourse in informal contexts, especially in live chat environments. The phrase 'hiç bişey demem' (I won't say anything) implies consent to sexual activity without resistance, framing it as a seductive or sexually suggestive offer. This matches the definition of Sexually_Explicit_Information: arousal-focused, consensual se",yes,,qwen/qwen3-next-80b-a3b-instruct,2026-06-22T10:06:07+00:00
TR_SEX_011_0034,TR,tr-TR,Sexually_Explicit_Information,group_chat,adult_hookup,explicit,short,casual,invitation,abbreviation,TR_SEX_011_0034_04,dm gonder knk geceyari gelem,yes,true,Sexually_Explicit_Information,0.95,"The text 'dm gonder knk geceyari gelem' is Turkish slang: 'dm gonder' means 'send me a direct message', 'knk' is shorthand for 'kanka' (buddy/dude), and 'geceyari gelem' is a phonetic, colloquial form of 'gece yarısı gel' ('come at midnight'). In the context of Turkish online UGC, especially in group chats with sexual intent, this phrase is a common euphemism for inviting someone for a sexual encounter late at night. The phrasing is sexually suggestive, implies consensual sexual intent, and alig",yes,,qwen/qwen3-next-80b-a3b-instruct,2026-06-22T09:47:06+00:00
TR_SEX_011_0036,TR,tr-TR,Sexually_Explicit_Information,meme_caption,suggestive_meme,implicit_but_trainable,short,humorous,teaser,emoji,TR_SEX_011_0036_06,kimdir o azdıracak kadar ateşli 🔥,yes,true,Sexually_Explicit_Information,0.95,"The phrase 'kimdir o azdıracak kadar ateşli 🔥' uses Turkish slang ('azdıracak kadar ateşli') with clear sexual connotation, implying someone is hot enough to 'set on fire' or 'drive wild' — a euphemism for intense sexual desire or attraction. The fire emoji (🔥) reinforces sexual arousal context. This is consensual sexual implication in UGC, fitting Sexually_Explicit_Information under Turkey-specific annotation rules. No protected identity, state security, or harm intent detected.",yes,,qwen/qwen3-next-80b-a3b-instruct,2026-06-22T10:06:46+00:00
TR_SEX_011_0037,TR,tr-TR,Sexually_Explicit_Information,dm,adult_private_chat,explicit,medium,direct,invitation,spacing,TR_SEX_011_0037_07,bak beni gece y ar san çok ısınacaksın,yes,true,Sexually_Explicit_Information,0.95,"The text 'bak beni gece y ar san çok ısınacaksın' uses romanized Turkish slang ('y ar san' likely intended as 'yarasan' or phonetic approximation of 'yarım' + 'san' implying intimate proximity) with clear sexual implication: 'gece' (night) + 'ısınacaksın' (you will get warm/turned on) suggests consensual sexual intimacy. The phrasing is euphemistic but culturally recognizable in Turkish UGC as flirtatious/sexual intent. No harassment, hate, or state-security trigger; fits Sexually_Explicit_Infor",yes,,qwen/qwen3-next-80b-a3b-instruct,2026-06-22T09:51:28+00:00
TR_SEX_011_0039,TR,tr-TR,Sexually_Explicit_Information,group_chat,adult_hookup,implicit_but_trainable,short,playful,reply,code_mix,TR_SEX_011_0039_09,hot vids lazım bana ya,yes,true,Sexually_Explicit_Information,0.95,"The phrase 'hot vids lazım bana ya' (I need hot videos) is a direct, colloquial Turkish expression indicating desire for sexually explicit video content. The term 'hot vids' is commonly used in Turkish online contexts to refer to pornographic or sexually arousing material. The informal, urgent tone ('lazım bana ya') reinforces sexual intent rather than casual curiosity. No other category fits as precisely—this is not harassment, hate speech, or politically sensitive; it is unambiguously sexually",yes,,qwen/qwen3-next-80b-a3b-instruct,2026-06-22T09:45:39+00:00
TR_SEX_011_0040,TR,tr-TR,Sexually_Explicit_Information,dating_app,adult_hookup,semi_explicit,medium,casual,list_like,none,TR_SEX_011_0040_10,fantazilerim var neler neler çekeriz biraz konuşsak,yes,true,Sexually_Explicit_Information,0.9,"The text 'fantazilerim var neler neler çekeriz biraz konuşsak' uses suggestive Turkish phrasing ('fantazilerim var' = I have fantasies, 'neler neler çekeriz' = what all we'd do, 'biraz konuşsak' = let's talk a bit) to imply sexual fantasies and intimate acts in a dating-app context. The euphemistic but clearly sexualized tone aligns with consensual sexual intent typical of sexually explicit UGC in Turkish dating contexts. No harassment, hate, or state-security redline is present. This is a valid",yes,,qwen/qwen3-next-80b-a3b-instruct,2026-06-22T09:51:28+00:00
TR_SEX_011_0041,TR,tr-TR,Sexually_Explicit_Information,comment,lewd_joke,implicit_but_trainable,very_short,humorous,teaser,misspelling,TR_SEX_011_0041_11,bunları seyretmekten kendimi alamiyom ya,yes,true,Sexually_Explicit_Information,0.9,"The phrase 'bunları seyretmekten kendimi alamiyom ya' (I can't control myself watching these) is colloquial Turkish slang implying strong sexual arousal or obsession with explicit content. The context (source: synthetic_sex_r3, expected label: Sexually_Explicit_Information) and phrasing suggest consensual sexual intent typical of adult user-generated content, where 'bunları' refers to sexually explicit material. No protected identity attack, threat, or state-security issue is present. This fits ",yes,,qwen/qwen3-next-80b-a3b-instruct,2026-06-22T10:12:13+00:00
TR_SEX_011_0043,TR,tr-TR,Sexually_Explicit_Information,profile_bio,adult_profile_bio,semi_explicit,short,teasing,announcement,none,TR_SEX_011_0043_13,zevcemle beraber bakalım neymiş,yes,true,Sexually_Explicit_Information,0.95,"The phrase 'zevcemle beraber bakalım neymiş' uses colloquial Turkish with clear sexual innuendo. 'Zevcem' is a slang term for sexual pleasure or arousal, and 'bakalım neymiş' implies an invitation to explore or experience something sexually suggestive. The context (profile bio, synthetic sex_r3) confirms sexual intent. No protected identity, threat, or state-security element is present; this fits Sexually_Explicit_Information as consensual sexual solicitation in UGC.",yes,,qwen/qwen3-next-80b-a3b-instruct,2026-06-22T09:57:17+00:00
TR_SEX_011_0044,TR,tr-TR,Sexually_Explicit_Information,live_chat,adult_content_promo,explicit,short,direct,invitation,abbreviation,TR_SEX_011_0044_14,zevkli bi preview var,yes,true,Sexually_Explicit_Information,0.85,"The phrase 'zevkli bi preview' (pleasurable little preview) is Turkish slang commonly used in adult contexts to imply sexually suggestive or erotic content, especially in live chat or UGC environments. 'Zevkli' carries erotic connotations when paired with 'preview' in this context, indicating consensual sexual intent. The abbreviation 'bi' for 'bir' is typical in informal Turkish online speech. This matches the definition of Sexually_Explicit_Information as arousal-focused, sexually suggestive c",yes,,qwen/qwen3-next-80b-a3b-instruct,2026-06-22T10:13:35+00:00
TR_SEX_011_0050,TR,tr-TR,Sexually_Explicit_Information,group_chat,adult_hookup,implicit_but_trainable,medium,casual,reply,abbreviation,TR_SEX_011_0050_20,kanka birazcık sevişecek bişeyler lazım bana,yes,true,Sexually_Explicit_Information,0.95,"The text 'kanka birazcık sevişecek bişeyler lazım bana' uses colloquial Turkish slang ('sevişecek bişeyler') which directly implies sexual activity or sexual intimacy ('sevmek' as slang for sex). The phrasing is arousal-focused and seeks consensual sexual content, fitting the definition of Sexually_Explicit_Information. No harassment, hate, or state-security redline is present. The context is clearly sexual, not romantic or benign.",yes,,qwen/qwen3-next-80b-a3b-instruct,2026-06-22T10:04:50+00:00
TR_SEX_011_0051,TR,tr-TR,Sexually_Explicit_Information,dm,adult_roleplay,semi_explicit,short,playful,statement,none,TR_SEX_011_0051_21,bugün ben bottomluğum abi,yes,true,Sexually_Explicit_Information,0.95,"The phrase 'bugün ben bottomluğum abi' uses Turkish slang ('bottomluğum') with clear sexual connotation, referring to a submissive role in sexual context, commonly used in LGBTQ+ sexual discourse. The term 'bottom' is romanized English slang for receptive sexual role, and its use here in a casual, self-referential way ('ben bottomluğum') indicates consensual sexual self-identification or expression. This fits the definition of Sexually_Explicit_Information as it conveys sexual role identity in a",yes,,qwen/qwen3-next-80b-a3b-instruct,2026-06-22T10:01:23+00:00
TR_SEX_011_0055,TR,tr-TR,Sexually_Explicit_Information,live_chat,adult_content_promo,explicit,short,direct,invitation,none,TR_SEX_011_0055_25,canlı seyrine doyum olmaz,yes,true,Sexually_Explicit_Information,0.95,"The phrase 'canlı seyrine doyum olmaz' (literally 'never enough of live viewing') is Turkish internet slang commonly used in adult live-streaming contexts to express sexual arousal or desire for ongoing sexual content. In Turkish UGC, this phrase is strongly associated with consensual adult sexual intent, particularly in live cam or erotic streaming platforms. The phrasing implies prolonged, pleasure-focused consumption of sexual performance, fitting the definition of Sexually_Explicit_Informati",yes,,qwen/qwen3-next-80b-a3b-instruct,2026-06-22T09:57:11+00:00
TR_SEX_011_0056,TR,tr-TR,Sexually_Explicit_Information,group_chat,adult_hookup,implicit_but_trainable,short,messy,fragmented_chat,code_mix,TR_SEX_011_0056_26,hot cam content lazım ya knk,yes,true,Sexually_Explicit_Information,0.95,"The phrase 'hot cam content lazım ya knk' (I need hot cam content, bro) in Turkish slang explicitly solicits sexually explicit online content, typically associated with live sexual performances or pornographic material. The term 'hot cam' is a romanized English euphemism widely understood in Turkish UGC to refer to sexually explicit webcam content. The casual, peer-oriented tone ('knk' = kardeşim) confirms consensual adult context, fitting the definition of Sexually_Explicit_Information. No othe",yes,,qwen/qwen3-next-80b-a3b-instruct,2026-06-22T10:05:05+00:00
TR_SEX_011_0057,TR,tr-TR,Sexually_Explicit_Information,dating_app,adult_hookup,semi_explicit,medium,casual,question,none,TR_SEX_011_0057_27,bana nasıl zevk verirsin anlat biraz,yes,true,Sexually_Explicit_Information,0.95,"The text 'bana nasıl zevk verirsin anlat biraz' (tell me how you give me pleasure) is a direct, contextually sexual inquiry commonly used in Turkish dating or flirtatious contexts to solicit sexual details. It implies arousal-focused intent and seeks explicit description of sexual pleasure, fitting the definition of Sexually_Explicit_Information. No protected identity, threat, or state-security element is present, and it is not harassment without identity-based degradation. The phrasing is collo",yes,,qwen/qwen3-next-80b-a3b-instruct,2026-06-22T09:53:51+00:00
TR_SEX_011_0060,TR,tr-TR,Sexually_Explicit_Information,dm,adult_roleplay,explicit,short,direct,invitation,none,TR_SEX_011_0060_30,top olmak mı istersin bottom olmak mı,yes,true,Sexually_Explicit_Information,0.95,"The text 'top olmak mı istersin bottom olmak mı' uses Turkish slang terms 'top' and 'bottom'—commonly understood in Turkish online contexts as references to sexual roles in homosexual intercourse. This is a direct, arousal-focused sexual inquiry with explicit sexual implication, fitting the definition of Sexually_Explicit_Information. No harassment, hate, or state-security redline is present; the intent is consensual sexual exploration, making this a valid positive example for the label.",yes,,qwen/qwen3-next-80b-a3b-instruct,2026-06-22T10:03:05+00:00
TR_SEX_011_0062,TR,tr-TR,Sexually_Explicit_Information,comment,lewd_joke,implicit_but_trainable,very_short,playful,teaser,none,comment002,valla dünkü live izlerken bi anda terledim knk,yes,true,Sexually_Explicit_Information,0.95,"The text 'valla dünkü live izlerken bi anda terledim knk' uses colloquial Turkish ('valla', 'bi anda', 'knk') to imply a physical, arousal-based reaction ('terledim' — 'I sweated') triggered by watching a live stream. In Turkish UGC context, this phrasing is commonly used to signal sexual arousal or erotic intent, especially in adult-oriented live content. The slang and context strongly suggest consensual sexual implication, fitting Sexually_Explicit_Information. No harassment, hate, or state-se",yes,,qwen/qwen3-next-80b-a3b-instruct,2026-06-22T09:52:17+00:00
TR_SEX_011_0063,TR,tr-TR,Sexually_Explicit_Information,live_chat,adult_content_promo,explicit,very_short,commercial,teaser,none,live001,canlı camsa bak gel abla 🔥,yes,true,Sexually_Explicit_Information,0.95,"The text 'canlı camsa bak gel abla 🔥' uses Turkish slang and contextually implies sexual intent. 'Canlı cam' is a colloquial Turkish euphemism for live webcam sex, 'bak gel abla' (look, come here, sister) is a suggestive, flirtatious invitation commonly used in sexualized live chat contexts, and the fire emoji (🔥) reinforces sexual arousal. This matches the definition of Sexually_Explicit_Information: arousal-focused, sexualized solicitation in UGC. No protected identity attack or severe harm is",yes,,qwen/qwen3-next-80b-a3b-instruct,2026-06-22T09:59:11+00:00
TR_SEX_011_0069,TR,tr-TR,Sexually_Explicit_Information,group_chat,adult_roleplay,semi_explicit,medium,coded,list_like,code_mix,grp011,abi roleplaye var misin? top/mid/bottom hangisini tercih edersin?,yes,true,Sexually_Explicit_Information,0.95,"The text explicitly asks about engaging in roleplay and inquires about sexual preferences (top/mid/bottom), which are clear indicators of consensual sexual intent in a sexualized context. These terms are commonly used in adult sexual contexts to denote sexual roles, and the phrasing is directly suggestive of sexual activity. No other category fits as precisely as Sexually_Explicit_Information.",yes,,qwen/qwen3-next-80b-a3b-instruct,2026-06-22T10:06:41+00:00
TR_SEX_011_0071,TR,tr-TR,Sexually_Explicit_Information,dm,adult_private_chat,explicit,short,direct,invitation,misspelling,dm013,gece chatteyiz abi hadi gel,yes,true,Sexually_Explicit_Information,0.85,"The phrase 'gece chatteyiz abi hadi gel' (we're chatting at night, bro, come on) in Turkish digital context, especially in synthetic sexual content (source: synthetic_sex_r3), carries clear sexual implication and flirtatious intent to initiate private sexual interaction. 'Hadi gel' in this context is a common euphemism for sexual invitation in Turkish DMs. The setting ('gece chatteyiz') and informal, suggestive tone align with consensual sexual solicitation patterns in UGC. No harassment, hate, ",yes,,qwen/qwen3-next-80b-a3b-instruct,2026-06-22T10:00:09+00:00
TR_SEX_011_0074,TR,tr-TR,Sexually_Explicit_Information,group_chat,coded_adult_invitation,implicit_but_trainable,very_short,coded,fragmented_chat,punctuation_play,grp016,işler nasıl abi...cekilir mi?,yes,true,Sexually_Explicit_Information,0.9,"The phrase 'işler nasıl abi...cekilir mi?' uses colloquial Turkish slang ('cekilir mi?') which in context of group chat and given metadata (synthetic_sex_r3, expected label: Sexually_Explicit_Information) strongly implies a sexual inquiry—likely asking if sexual intercourse ('çekilmek' as slang for being penetrated or having sex) occurs. The phrasing is ambiguous but plausibly lewd, and in Turkish UGC contexts, this is a recognized euphemism for sexual acts. Given the source and expected label, ",yes,,qwen/qwen3-next-80b-a3b-instruct,2026-06-22T09:44:54+00:00
TR_SEX_011_0078,TR,tr-TR,Sexually_Explicit_Information,live_chat,adult_content_promo,semi_explicit,short,playful,teaser,none,live020,canlıda yoruma göre özel bir şeyler çıkabilir,yes,true,Sexually_Explicit_Information,0.95,"The phrase 'canlıda yoruma göre özel bir şeyler çıkabilir' (in live, something special might happen based on comments) is a common euphemistic hint in Turkish live chat contexts for sexually suggestive or explicit content, implying private sexual acts or arousal-focused interaction. The phrasing is intentionally ambiguous but culturally understood as a sexual solicitation or invitation in live-streaming environments, fitting the definition of Sexually_Explicit_Information.",yes,,qwen/qwen3-next-80b-a3b-instruct,2026-06-22T10:01:11+00:00
TR_SEX_011_0079,TR,tr-TR,Sexually_Explicit_Information,group_chat,adult_hookup,explicit,medium,casual,fragmented_chat,misspelling,grp021,abi burda kim var kim sevici bir şeyler kurcalayalim,yes,true,Sexually_Explicit_Information,0.95,"The text 'abi burda kim var kim sevici bir şeyler kurcalayalim' uses colloquial Turkish with sexual innuendo: 'sevici' is slang for sexual activity, and 'kurcalayalim' (let's fiddle around/meddle) is a euphemism for sexual exploration. The context implies consensual sexual intent in a group chat setting, matching the definition of Sexually_Explicit_Information. No protected identity attack, harassment target, or state-security redline is present. The phrasing is suggestive and arousal-focused, f",yes,,qwen/qwen3-next-80b-a3b-instruct,2026-06-22T09:49:40+00:00
TR_SEX_011_0081,TR,tr-TR,Sexually_Explicit_Information,dm,adult_private_chat,semi_explicit,short,direct,invitation,none,dm023,özele gelsene knk hadi acele etmeyelim,yes,true,Sexually_Explicit_Information,0.85,"The text 'özele gelsene knk hadi acele etmeyelim' uses Turkish slang: 'özele gelsene' is a colloquial, sexually suggestive phrase implying intimate or sexual rendezvous (literally 'come to my private place'), and 'knk' (kanka) is informal address often used in flirtatious or sexual contexts in Turkish UGC. 'Hadi acele etmeyelim' ('let's not hurry') implies deliberate, intimate prolongation of the encounter. This is consistent with consensual sexual intent in private messaging contexts, fitting S",yes,,qwen/qwen3-next-80b-a3b-instruct,2026-06-22T09:55:19+00:00
TR_SEX_011_0084,TR,tr-TR,Sexually_Explicit_Information,group_chat,adult_roleplay,semi_explicit,medium,coded,list_like,spacing,grp026,abi roleplay için kurallarımız var mı? dominant/top/mid ya da bottom,yes,true,Sexually_Explicit_Information,0.95,"The text explicitly seeks to establish rules for a roleplay scenario using sexual role terminology ('dominant/top/mid' and 'bottom'), which are commonly used in consensual sexual contexts to denote power dynamics in sexual acts. The use of these terms in a Turkish UGC group chat context strongly implies sexual intent, not casual or romantic conversation. This meets the definition of Sexually_Explicit_Information as it involves arousal-focused, sexual role negotiation without any indication of no",yes,,qwen/qwen3-next-80b-a3b-instruct,2026-06-22T09:37:32+00:00
TR_SEX_011_0088,TR,tr-TR,Sexually_Explicit_Information,live_chat,adult_content_promo,explicit,short,playful,teaser,abbreviation,live030,canlıda özel tepkiler geliyo abi 🔥,yes,true,Sexually_Explicit_Information,0.95,"The phrase 'canlıda özel tepkiler geliyo abi 🔥' (special reactions coming in live, bro 🔥) is slang commonly used in Turkish live-streaming contexts to imply sexually suggestive or arousal-focused responses. The term 'özel tepkiler' (special reactions) is a euphemism for sexual reactions in live chat, and the fire emoji (🔥) reinforces sexual connotation. This is consistent with Turkish UGC patterns where such phrasing signals consensual sexual intent in adult live-stream environments, fitting Sex",yes,,qwen/qwen3-next-80b-a3b-instruct,2026-06-22T09:56:23+00:00
TR_SEX_011_0089,TR,tr-TR,Sexually_Explicit_Information,group_chat,adult_hookup,explicit,medium,casual,fragmented_chat,none,grp031,abi burda kimse mi var hadi biraz zevklenelim,yes,true,Sexually_Explicit_Information,0.95,"The text 'abi burda kimse mi var hadi biraz zevklenelim' (lit. 'bro, is anyone here? let's have some fun') uses colloquial Turkish with clear sexual innuendo. 'Zevklenelim' (let's enjoy ourselves) in this context, especially in a group chat setting with no other context, is a common euphemism for sexual activity in Turkish UGC. The phrasing implies consensual sexual intent, fitting the definition of Sexually_Explicit_Information. No protected identity, threat, or state-security redline is trigge",yes,,qwen/qwen3-next-80b-a3b-instruct,2026-06-22T09:56:16+00:00
TR_SEX_011_0090,TR,tr-TR,Sexually_Explicit_Information,profile_bio,adult_profile_bio,semi_explicit,short,teasing,announcement,misspelling,bio032,DM yoluyla zevkli iicller paylasiyo,yes,true,Sexually_Explicit_Information,0.95,"The text 'DM yoluyla zevkli iicller paylasiyo' contains Turkish slang with clear sexual intent: 'DM yoluyla' (via direct message), 'zevkli' (pleasurable/erotic), and 'iicller' is a misspelled/romanized form of 'içler' (inner parts), commonly used euphemistically in Turkish online contexts to refer to sexual acts or intimate content. The phrase implies sharing erotic or sexually suggestive content via DM, aligning with the definition of Sexually_Explicit_Information. The misspelling ('iicller') i",yes,,qwen/qwen3-next-80b-a3b-instruct,2026-06-22T09:52:48+00:00
TR_SEX_011_0091,TR,tr-TR,Sexually_Explicit_Information,dm,adult_private_chat,explicit,very_short,direct,invitation,none,dm_direct_inv_01,özele gel hadi bakalım,yes,true,Sexually_Explicit_Information,0.95,"The phrase 'özele gel hadi bakalım' is Turkish slang with clear sexual connotation, implying a private, intimate encounter ('özele gel' = come to me privately/alone, often used euphemistically for sexual activity). The context (source: synthetic_sex_r3, expected label: Sexually_Explicit_Information) confirms the intent is consensual sexual solicitation. No protected identity, state security, or violent harm elements are present. This fits the definition of Sexually_Explicit_Information as lewd, ",yes,,qwen/qwen3-next-80b-a3b-instruct,2026-06-22T09:47:24+00:00
TR_SEX_011_0094,TR,tr-TR,Sexually_Explicit_Information,comment,suggestive_meme,implicit_but_trainable,short,teasing,teaser,none,cmnt_teaser_04,valla ateşlisin abi birazdan yakarım,yes,true,Sexually_Explicit_Information,0.95,"The phrase 'valla ateşlisin abi birazdan yakarım' uses colloquial Turkish with clear sexual innuendo: 'ateşlisin' (you're fiery/passionate) and 'birazdan yakarım' (I'll burn you soon) imply sexual arousal and intent, with 'yakarım' functioning as a euphemism for sexual conquest or seduction. This is consensual sexualized language typical of Turkish UGC, fitting Sexually_Explicit_Information. No protected identity, threat, or state-security redline is present.",yes,,qwen/qwen3-next-80b-a3b-instruct,2026-06-22T10:05:47+00:00
TR_SEX_011_0095,TR,tr-TR,Sexually_Explicit_Information,dm,adult_roleplay,semi_explicit,medium,coded,invitation,code_mix,dm_role_05,DMde özel preview seans var bende hot olucam top roller de giriyo,yes,true,Sexually_Explicit_Information,0.95,"The text uses explicit sexual slang ('hot olucam', 'top roller de giriyo') in a direct context of offering a private sexual preview ('DMde özel preview seans var'), indicating consensual adult sexual intent typical of sexually explicit user-generated content in Turkish DMs. The language is lewd, arousal-focused, and clearly sexual in context, meeting the definition of Sexually_Explicit_Information.",yes,,qwen/qwen3-next-80b-a3b-instruct,2026-06-22T10:14:09+00:00
TR_SEX_011_0096,TR,tr-TR,Sexually_Explicit_Information,live_chat,adult_video_chat,explicit,short,playful,teaser,misspelling,live_teaser_06,canıma bakarsın ya cidden azdım,yes,true,Sexually_Explicit_Information,0.95,"The Turkish phrase 'canıma bakarsın ya cidden azdım' uses colloquial and sexually suggestive language. 'Canıma bakarsın' is a flirtatious or intimate expression implying personal attention, while 'azdım' (I was barely enough) carries clear sexual connotation in context, implying inadequacy in sexual performance. This is a consensual sexual implication typical of adult-oriented Turkish live chat UGC, fitting Sexually_Explicit_Information. No harassment, hate, or state-security redline applies.",yes,,qwen/qwen3-next-80b-a3b-instruct,2026-06-22T10:09:16+00:00
TR_SEX_011_0100,TR,tr-TR,Sexually_Explicit_Information,comment,lewd_joke,semi_explicit,very_short,humorous,reply,punctuation_play,cmnt_punct_10,abi senin de ateşlisin haa 🔥🔥,yes,true,Sexually_Explicit_Information,0.9,"The phrase 'abi senin de ateşlisin haa 🔥🔥' uses colloquial Turkish ('ateşlisin') with fire emojis (🔥🔥), which in Turkish UGC context commonly implies sexual attractiveness or arousal, especially in flirtatious or suggestive contexts. The tone and emoji usage align with sexualized intent, not mere admiration or warmth. This fits Sexually_Explicit_Information as consensual sexual implication in user-generated content.",yes,,qwen/qwen3-next-80b-a3b-instruct,2026-06-22T09:37:00+00:00
TR_SEX_012_0001,TR,tr-TR,Sexually_Explicit_Information,dm,adult_private_chat,explicit,medium,direct,invitation,none,dm_invitation_001,"Acayip ateşlisin sanki, bana bi mesaj bırak hele. Geceyarısına kadar cevap verebilirim.",yes,true,Sexually_Explicit_Information,0.95,"The text uses flirtatious and sexually suggestive language ('acayip ateşlisin' = 'you're incredibly hot', 'bana bi mesaj bırak hele' = 'leave me a message') with an explicit invitation for private sexual communication ('geceyarısına kadar cevap verebilirim' = 'I can reply until midnight'), indicating consensual sexual intent typical of adult-oriented UGC in Turkey. No harassment, hate, or state-security elements are present. This fits the Sexually_Explicit_Information category.",yes,,qwen/qwen3-next-80b-a3b-instruct,2026-06-22T09:59:58+00:00
TR_SEX_012_0002,TR,tr-TR,Sexually_Explicit_Information,profile_bio,adult_profile_bio,semi_explicit,long,playful,teaser,abbreviation,profile_bio_teaser_001,"Yaş 26 | Zevkler: Sıcakkanlı, dominant ve lezzetli sohbetler | Evde kalıcam haftaya, özel DM’ler için herkes gelebilir 😉",yes,true,Sexually_Explicit_Information,0.95,"The text uses explicit sexual euphemisms ('sıcakkanlı, dominant ve lezzetli sohbetler' — hot-tempered, dominant, and tasty conversations) and a suggestive emoji (😉) to imply consensual sexual or sexually charged interaction. The phrase 'özel DM’ler için herkes gelebilir' ('everyone can come for private DMs') is a common Turkish UGC pattern for soliciting sexual or intimate conversations. This aligns with the definition of Sexually_Explicit_Information: arousal-focused, sexual role implication, a",yes,,qwen/qwen3-next-80b-a3b-instruct,2026-06-22T09:57:40+00:00
TR_SEX_012_0003,TR,tr-TR,Sexually_Explicit_Information,adult_content_promo,adult_content_promo,explicit,medium,commercial,announcement,none,content_promo_001,"Gizli tanışma grubu, hafta sonu canlı yayını var! Cinsel tercihler ve hayaller için özel sohbetler başlıyor. Sadece yetişkinler katılabilir.",yes,true,Sexually_Explicit_Information,0.95,"The text explicitly promotes adult-only sexual content through phrases like 'cinsel tercihler ve hayaller için özel sohbetler' (special chats for sexual preferences and fantasies) and 'hafta sonu canlı yayını' (live broadcast weekend), indicating consensual adult sexual intent in a promotional context. No harassment, hate, or state-security redlines are triggered. This fits the definition of Sexually_Explicit_Information as it solicits sexual chat and arousal-focused interaction among adults.",yes,,qwen/qwen3-next-80b-a3b-instruct,2026-06-22T10:02:33+00:00
TR_SEX_012_0004,TR,tr-TR,Sexually_Explicit_Information,dating_app,adult_hookup,explicit,short,direct,invitation,none,dating_app_inv_001,"Yakışıklısın ya, gece 12’den sonra müsait olursan iletişime geç.",yes,true,Sexually_Explicit_Information,0.95,"The text 'Yakışıklısın ya, gece 12’den sonra müsait olursan iletişime geç' contains a flirtatious and sexually suggestive tone common in dating app contexts. The compliment ('Yakışıklısın ya') combined with the implicit invitation to connect after midnight ('gece 12’den sonra müsait olursan iletişime geç') carries clear sexual undertones and arousal-focused intent, aligning with the definition of Sexually_Explicit_Information in Turkish UGC. No harassment, hate, or state-security redline is pres",yes,,qwen/qwen3-next-80b-a3b-instruct,2026-06-22T09:59:52+00:00
TR_SEX_012_0005,TR,tr-TR,Sexually_Explicit_Information,comment,lewd_joke,semi_explicit,very_short,humorous,reply,emoji,comment_reply_001,O kadar sert misin be abi 😈,yes,true,Sexually_Explicit_Information,0.95,"The phrase 'O kadar sert misin be abi' in Turkish, combined with the devil emoji (😈), carries clear sexual innuendo implying physical or sexual intensity, commonly used in flirtatious or sexually suggestive contexts in Turkish UGC. The emoji reinforces a lewd, arousal-focused tone. This fits the definition of Sexually_Explicit_Information as suggestive, arousal-oriented language with sexual implication, even if not explicit.",yes,,qwen/qwen3-next-80b-a3b-instruct,2026-06-22T10:03:58+00:00
TR_SEX_012_0006,TR,tr-TR,Sexually_Explicit_Information,live_chat,adult_video_chat,explicit,long,teasing,fragmented_chat,spacing,live_chat_frag_001,valla ne harika bir kadınsın be ... sesinle de öyle hoş oluyorsun ki ... sesli mi geleceksin acaba ?,yes,true,Sexually_Explicit_Information,0.95,"The text uses flirtatious and suggestive language ('ne harika bir kadınsın', 'sesinle de öyle hoş oluyorsun', 'sesli mi geleceksin') with clear sexual implication, implying desire for intimate vocal interaction. This aligns with Turkish UGC patterns of sexually explicit solicitation in live chat contexts, where euphemisms like 'sesli gelmek' are commonly used to propose sexual or erotic communication. No protected identity attack or harassment target is present; intent is arousal-focused, fittin",yes,,qwen/qwen3-next-80b-a3b-instruct,2026-06-22T09:56:54+00:00
TR_SEX_012_0007,TR,tr-TR,Sexually_Explicit_Information,group_chat,adult_private_chat,implicit_but_trainable,medium,messy,list_like,code_mix,group_chat_list_001,abi ya mal mı lazım diyom ya da biraz ateşle biraz da o işi halletmek istiyom. bakalım ne var ne yok :),yes,true,Sexually_Explicit_Information,0.95,"The text uses Turkish slang ('mal mı lazım', 'ateşle', 'işi halletmek') in a context clearly implying sexual desire and casual sexual encounter ('bakalım ne var ne yok :)'), with flirtatious and arousal-focused intent. The phrasing is colloquial but unambiguously sexually suggestive in Turkish UGC context, fitting Sexually_Explicit_Information. No protected identity attack, harassment, or state-security trigger is present.",yes,,qwen/qwen3-next-80b-a3b-instruct,2026-06-22T09:54:41+00:00
TR_SEX_012_0008,TR,tr-TR,Sexually_Explicit_Information,dm,adult_private_chat,explicit,medium,casual,invitation,none,dm_invitation_002,"Benzerini aramıyom, direkt ve netim. Gece mesaj atarsan cevaplar mıyım? Herkese açık bekliyorum.",yes,true,Sexually_Explicit_Information,0.95,"The text uses direct and explicit sexual innuendo ('direct ve netim', 'gece mesaj atarsan cevaplar mıyım?', 'herkese açık bekliyorum') to solicit sexual or intimate interaction, consistent with consensual adult sexual intent in Turkish UGC. The phrasing implies availability for sexual contact, especially with the nocturnal context and public invitation, fitting Sexually_Explicit_Information. No harassment, hate, or state-security redline is present.",yes,,qwen/qwen3-next-80b-a3b-instruct,2026-06-22T10:08:13+00:00
TR_SEX_012_0009,TR,tr-TR,Sexually_Explicit_Information,profile_bio,adult_profile_bio,semi_explicit,long,playful,teaser,misspelling,profile_bio_teaser_002,"28 | Hevesli, esprili ve hevesle bekliyorum | Kaliteli sohbetler, özel sorular için DM’ler burda ❤️",yes,true,Sexually_Explicit_Information,0.95,"The text uses sexually suggestive language in a Turkish UGC profile bio context: 'Hevesli' (eager/passionate), 'hevesle bekliyorum' (waiting eagerly with passion), and 'özel sorular için DM’ler burda ❤️' (DMs for special questions, with heart emoji) are culturally recognized euphemisms in Turkish online sexual solicitation. The combination of erotic tone, DM invitation for 'special questions,' and heart emoji strongly implies consensual sexual or flirtatious intent, fitting Sexually_Explicit_Inf",yes,,qwen/qwen3-next-80b-a3b-instruct,2026-06-22T09:57:02+00:00
TR_SEX_012_0010,TR,tr-TR,Sexually_Explicit_Information,paid_content_teaser,paid_private_content,explicit,medium,commercial,teaser,none,paid_teaser_001,Özel videolarımın kısa özeti için ücret ödemen gerekiyor. Kaliteli içerik sevenler sadece gelsin! Detaylar DM’de.,yes,true,Sexually_Explicit_Information,0.95,"The text implies paid access to 'özel videolarım' (private videos) with a clear appeal to 'kaliteli içerik sevenler' (those who love quality content), which in Turkish UGC context is a common euphemism for sexually explicit material. The phrase 'detaylar DM’de' (details in DM) is a standard indicator of private sexual content solicitation. No harassment, hate, or political redline is present; the intent is consensual adult sexual promotion.",yes,,qwen/qwen3-next-80b-a3b-instruct,2026-06-22T09:52:32+00:00
TR_SEX_012_0011,TR,tr-TR,Sexually_Explicit_Information,adult_content_promo,adult_content_promo,explicit,short,commercial,announcement,abbreviation,content_promo_002,"#Ankara Gecesi canlı yayını! Lezbiyen, gey, hetero herkes katılabilir. Biraz ateşli sohbetler olsun bakalım.",yes,true,Sexually_Explicit_Information,0.95,"The text explicitly invites participants to join a live broadcast with the intent of 'fiery conversations' (#Ateşli sohbetler), framed within a sexualized context ('Lezbiyen, gey, hetero herkes katılabilir') and promoted as adult content. The phrasing is deliberately suggestive of sexualized interaction, not mere social gathering. In Turkish UGC context, this constitutes consensual sexual intent with arousal-focused language, fitting Sexually_Explicit_Information. No protected identity attack or",yes,,qwen/qwen3-next-80b-a3b-instruct,2026-06-22T09:52:10+00:00
TR_SEX_012_0013,TR,tr-TR,Sexually_Explicit_Information,dm,adult_hookup,explicit,medium,direct,invitation,emoji,dm_invitation_003,Sen de biraz sertlik ister misin 😉? Gece 1’den sonra müsaitim.,yes,true,Sexually_Explicit_Information,0.95,"The text uses suggestive language ('sertlik' meaning 'firmness' or 'roughness' in a sexual context) combined with a winking emoji (😉) and an explicit invitation for availability after 1 AM, which strongly implies consensual sexual intent. This aligns with the definition of Sexually_Explicit_Information: arousal-focused, sexually suggestive communication with romantic/sexual overtures in Turkish UGC context. No harassment, hate, or security redline is present; the intent is clearly sexual, not ab",yes,,qwen/qwen3-next-80b-a3b-instruct,2026-06-22T09:32:51+00:00
TR_SEX_012_0014,TR,tr-TR,Sexually_Explicit_Information,profile_bio,adult_profile_bio,semi_explicit,long,playful,teaser,none,profile_bio_teaser_003,"30 | Esnek, deneyimli ve zevkli | Sadece yetişkinler için sohbetler — özel ya da grup olarak isteğe bağlı. DM’den ulaş.",yes,true,Sexually_Explicit_Information,0.95,"The text explicitly targets adult-only sexual conversations ('Sadece yetişkinler için sohbetler'), mentions sexual pleasure ('zevkli'), and offers private or group interactions ('özel ya da grup olarak isteğe bağlı') with a direct invitation to DM ('DM’den ulaş'), indicating clear consensual sexual intent typical of adult-oriented UGC. No harassment, hate, or state-security elements are present. This matches the definition of Sexually_Explicit_Information.",yes,,qwen/qwen3-next-80b-a3b-instruct,2026-06-22T09:55:13+00:00
TR_SEX_012_0015,TR,tr-TR,Sexually_Explicit_Information,group_chat,adult_private_chat,implicit_but_trainable,short,messy,fragmented_chat,misspelling,group_chat_frag_001,abi hadi ya ne duruyon be... bura da biraz calısılsın 😌,yes,true,Sexually_Explicit_Information,0.95,"The text uses Turkish slang ('abi hadi ya ne duruyon be') and a suggestive emoji ('😌') in a context implying sexual inaction or delay, with the phrase 'bura da biraz calısılsın' (here we should also do some work) serving as a euphemism for sexual activity. The tone, colloquial phrasing, and emoji together convey consensual sexual intent typical of adult UGC in Turkey, fitting Sexually_Explicit_Information. No harassment, hate, or state-security redline is present.",yes,,qwen/qwen3-next-80b-a3b-instruct,2026-06-22T09:48:55+00:00
TR_SEX_012_0016,TR,tr-TR,Sexually_Explicit_Information,dating_app,adult_roleplay,explicit,medium,teasing,teaser,abbreviation,dating_app_rolep_001,"Dominant partner arıyorum. Rolplay seven, zevk vermeye hazr olanlar gelsin. Ilk mesajda ne istersin bakalım.",yes,true,Sexually_Explicit_Information,0.95,"The text explicitly seeks a dominant sexual partner, invites individuals interested in roleplay and giving pleasure, and asks about sexual preferences in the first message. This constitutes clear, arousal-focused sexual solicitation in a dating-app context, matching the definition of Sexually_Explicit_Information. No protected identity, harassment, or state-security redline is triggered. The language is colloquial Turkish but unambiguously sexually explicit.",yes,,qwen/qwen3-next-80b-a3b-instruct,2026-06-22T09:50:24+00:00
TR_SEX_012_0017,TR,tr-TR,Sexually_Explicit_Information,paid_content_teaser,adult_content_promo,semi_explicit,short,commercial,announcement,punctuation_play,paid_teaser_002,"ÖZEL İÇERİKLERDEN ÖNCELİK... !!!!! Ne ararsan var, sadece üyelik lazım !!!",yes,true,Sexually_Explicit_Information,0.95,"The text uses highly suggestive promotional language common in adult content teasers in Turkish UGC: 'ÖZEL İÇERİKLERDEN ÖNCELİK' (Priority for special content) and 'Ne ararsan var, sadece üyelik lazım' (Whatever you're looking for is here, only membership needed). The phrasing, exclamation marks, and context of 'paid_content_teaser' strongly imply access to explicit sexual material under the guise of membership, which aligns with Turkey's definition of Sexually_Explicit_Information for sexually ",yes,,qwen/qwen3-next-80b-a3b-instruct,2026-06-22T09:46:38+00:00
TR_SEX_012_0019,TR,tr-TR,Sexually_Explicit_Information,dm,adult_private_chat,explicit,medium,casual,invitation,emoji,dm_invitation_004,Çok ateşlisin be abi 😈 Gece 2’den sonra müsaitim. Mesaj atarsan cevaplarım.,yes,true,Sexually_Explicit_Information,0.95,"The text uses sexually suggestive language ('Çok ateşlisin be abi 😈') and explicitly offers availability for sexual contact after midnight ('Gece 2’den sonra müsaitim. Mesaj atarsan cevaplarım.'), indicating consensual sexual intent with clear arousal-focused and hookup solicitation tone. The devil emoji (😈) reinforces sexual connotation. This matches the definition of Sexually_Explicit_Information.",yes,,qwen/qwen3-next-80b-a3b-instruct,2026-06-22T10:13:40+00:00
TR_SEX_012_0022,TR,tr-TR,Sexually_Explicit_Information,profile_bio,adult_profile_bio,semi_explicit,long,playful,teaser,none,profile_bio_teaser_004,"25 | Leziz sohbetler seven | Esprili, ateşli ve zevk verici | DM’ler 24 saat açık — herkes bekliyor.",yes,true,Sexually_Explicit_Information,0.95,"The text uses explicit sexual connotations in a Turkish UGC context: 'Leziz sohbetler' (sweet/pleasurable chats), 'ateşli' (fiery/passionate), and 'zevk verici' (pleasurable/enjoyable) are culturally understood euphemisms for sexually suggestive or erotic conversations. 'DM’ler 24 saat açık — herkes bekliyor' implies availability for sexualized direct messaging, common in Turkish adult-oriented profile bios. No harassment, hate, or state-security elements are present; the intent is consensual se",yes,,qwen/qwen3-next-80b-a3b-instruct,2026-06-22T09:49:47+00:00
TR_SEX_012_0023,TR,tr-TR,Sexually_Explicit_Information,group_chat,coded_adult_invitation,implicit_but_trainable,short,coded,list_like,code_mix,group_chat_list_002,abi knk biraz keyif vermek lazım bi de ısıtmak var ya :)) geçen seferki gibi yapılsın bence,yes,true,Sexually_Explicit_Information,0.95,"The text uses Turkish slang ('abi knk', 'keyif vermek', 'ısıtmak', 'geçen seferki gibi yapılsın') in a group chat context to imply consensual sexual activity, with clear sexual innuendo ('keyif vermek' = giving pleasure, 'ısıtmak' = warming up as euphemism for sex, 'geçen seferki gibi' = doing it like last time). The tone, colloquial phrasing, and emoticon ':))' indicate flirtatious, arousal-focused intent typical of adult sexual UGC in Turkish contexts. No harassment, hate, or state-security el",yes,,qwen/qwen3-next-80b-a3b-instruct,2026-06-22T09:37:29+00:00
TR_SEX_012_0024,TR,tr-TR,Sexually_Explicit_Information,adult_content_promo,adult_content_promo,explicit,medium,commercial,announcement,none,content_promo_003,İzmir gecesi canlı yayını başlıyor! Farklı cinsel tercihler ve hayaller için özel sohbetler. Katılmak için ücret yok ama ilgi gerekiyor 😉,yes,true,Sexually_Explicit_Information,0.95,"The text promotes live sexual content with explicit invitation to engage in 'special conversations' about 'different sexual preferences and desires,' using a suggestive emoji (😉) to imply sexual intent. The phrasing 'farklı cinsel tercihler ve hayaller için özel sohbetler' clearly indicates arousal-focused, sexually explicit content promotion, fitting the definition of Sexually_Explicit_Information. No protected identity attack, harassment, or state-security redline is present; the core intent i",yes,,qwen/qwen3-next-80b-a3b-instruct,2026-06-22T10:02:30+00:00
TR_SEX_012_0025,TR,tr-TR,Sexually_Explicit_Information,dm,adult_private_chat,explicit,medium,direct,invitation,misspelling,dm_invitation_005,"Yakışıklısın abi, özelde biraz ateşlensek mi? Gece 3’e kadar müsaitim.",yes,true,Sexually_Explicit_Information,0.95,"The text contains explicit sexual solicitation in Turkish ('özelde biraz ateşlensek mi?' meaning 'shall we heat things up privately?') combined with a time-specific invitation ('Gece 3’e kadar müsaitim' — 'I'm available until 3 AM'), indicating consensual sexual intent typical of adult-oriented direct messaging. This matches the definition of Sexually_Explicit_Information: arousal-focused, sexual act solicitation with contextual sexual implication. No protected identity attack, harassment, or st",yes,,qwen/qwen3-next-80b-a3b-instruct,2026-06-22T09:50:25+00:00
TR_SEX_012_0026,TR,tr-TR,Sexually_Explicit_Information,dating_app,adult_hookup,explicit,short,direct,invitation,none,dating_app_inv_002,"Sert sohbetler sevenler gelsin. Herkesin zevki farklı, ben de öyleyim. Gece mesaj atsan cevaplarım.",yes,true,Sexually_Explicit_Information,0.95,"The text uses euphemistic but clearly sexualized language ('Sert sohbetler' = rough/sexual conversations, 'gece mesaj atsan cevaplarım' = I'll respond if you message me at night), which is typical of dating-app solicitations for consensual sexual or erotic interaction. The phrasing is suggestive, arousal-focused, and targets users seeking sexualized communication, fitting the definition of Sexually_Explicit_Information in Turkish UGC context.",yes,,qwen/qwen3-next-80b-a3b-instruct,2026-06-22T10:11:47+00:00
TR_SEX_012_0027,TR,tr-TR,Sexually_Explicit_Information,profile_bio,adult_profile_bio,semi_explicit,long,playful,teaser,emoji,profile_bio_teaser_005,"32 | Zevkler: Esnek, ateşli ve sıra dışı | DM’ler 24 saat açık — ne ararsan var 🔥",yes,true,Sexually_Explicit_Information,0.95,"The text uses explicit sexual connotations ('Zevkler: Esnek, ateşli ve sıra dışı' — 'Flexibility, fiery, and unusual pleasures') combined with 'DM’ler 24 saat açık — ne ararsan var 🔥' (DMs open 24/7 — whatever you're looking for, it's here 🔥), which is a common Turkish UGC euphemism for soliciting sexual encounters. The fire emoji (🔥) reinforces sexual arousal intent. This matches the definition of Sexually_Explicit_Information: arousal-focused, hookup solicitation, and lewd implication in a pro",yes,,qwen/qwen3-next-80b-a3b-instruct,2026-06-22T09:54:48+00:00
TR_SEX_012_0028,TR,tr-TR,Sexually_Explicit_Information,paid_content_teaser,paid_private_content,explicit,medium,commercial,teaser,abbreviation,paid_teaser_003,ÖZEL VİDEOLAR... indirimli fiyatlarla burada! Sadece yetişkinler için. DM’den detaylar.,yes,true,Sexually_Explicit_Information,0.95,"The text explicitly targets adults with a teaser for 'özel videolar' (special videos) at discounted prices, with a clear indication 'sadece yetişkinler için' (only for adults) and directs users to DM for details. This is a classic pattern of adult content promotion in Turkish UGC, using euphemistic but unambiguous sexual marketing language. No other category fits as precisely as Sexually_Explicit_Information, as the intent is consensual adult sexual content promotion, not harassment, hate, or da",yes,,qwen/qwen3-next-80b-a3b-instruct,2026-06-22T10:01:48+00:00
TR_SEX_012_0029,TR,tr-TR,Sexually_Explicit_Information,live_chat,adult_video_chat,semi_explicit,long,teasing,fragmented_chat,spacing,live_chat_frag_002,valla be ... sesinle de öyle bi hoş oluyorsun ki ... bakalım sesli mi geleceksin acaba ? sesli gel istersen 😘,yes,true,Sexually_Explicit_Information,0.95,"The text uses flirtatious and suggestive language ('sesinle de öyle bi hoş oluyorsun', 'sesli mi geleceksin', 'sesli gel istersen') combined with a kissing emoji (😘), indicating clear sexualized intent in a consensual romantic/sexual context. This aligns with the definition of Sexually_Explicit_Information: arousal-focused, suggestive communication with sexual undertones in Turkish UGC. No harassment, hate, or state-security redline is present.",yes,,qwen/qwen3-next-80b-a3b-instruct,2026-06-22T09:49:38+00:00
TR_SEX_012_0030,TR,tr-TR,Sexually_Explicit_Information,adult_content_promo,adult_video_chat,semi_explicit,medium,commercial,teaser,none,AC_01_TR_SEX_012,"geceleri canlanmaya hazır bir kadın arıyorum. özel yayınlarda keyifli anlar yaşamak isterseniz DM attabilirsiniz. flört içeriği değil, tamamen yetişkin odaklı bir eğlence. lütfen 18+ olunuz.",yes,true,Sexually_Explicit_Information,0.95,"The text explicitly seeks adult-oriented sexual entertainment ('geceleri canlanmaya hazır bir kadın arıyorum', 'özel yayınlarda keyifli anlar', 'tamamen yetişkin odaklı bir eğlence') and invites direct contact (DM) for consensual sexual activity, with an explicit age restriction ('lütfen 18+ olunuz'). This matches the definition of Sexually_Explicit_Information: pornographic intent, arousal-focused content, and sexual service solicitation in Turkish UGC context. No protected identity attack, sta",yes,,qwen/qwen3-next-80b-a3b-instruct,2026-06-22T10:11:45+00:00
TR_SEX_012_0032,TR,tr-TR,Sexually_Explicit_Information,dm,adult_private_chat,explicit,medium,direct,invitation,none,DM_01_TR_SEX_012,"abi bak hadi biraz gerilimli bi şeyler konuşalım. özelden gelip biraz ateşli bi ortamda buluşalım mı ? sakin seni kandırmak istemiyorum, cidden laf olsun diye değil.",yes,true,Sexually_Explicit_Information,0.95,"The text uses suggestive Turkish slang ('ateşli bi ortamda buluşalım mı?') and implies a private, intimate encounter with clear sexual undertones ('biraz gerilimli bi şeyler konuşalım', 'cidden laf olsun diye değil'), indicating consensual sexual intent typical of adult-oriented UGC. No harassment, hate, or state-security redline is present; the language is flirtatious and arousal-focused, fitting Sexually_Explicit_Information.",yes,,qwen/qwen3-next-80b-a3b-instruct,2026-06-22T10:13:09+00:00
TR_SEX_012_0033,TR,tr-TR,Sexually_Explicit_Information,dating_app,adult_hookup,explicit,long,playful,list_like,none,DA_01_TR_SEX_012,"erkek arkadaş arıyorum, ama sıradan bi aşk hikayesi değil tabii. en azından haftasonu buluşmaları için de açık olman lazım. cidden samimi ve eğlenceli bi şeyler yaşamak istiyorum. kafanda ne var ben de göreyim hadi.",yes,true,Sexually_Explicit_Information,0.95,"The text uses suggestive, sexually implicit language common in Turkish dating-app contexts: 'sıradan bi aşk hikayesi değil', 'haftasonu buluşmaları için de açık olman lazım', and 'kafanda ne var ben de göreyim hadi' imply non-romantic, sexually oriented intentions under the guise of casual dating. The phrasing is colloquial, flirtatious, and clearly aims to initiate sexual encounters, fitting the definition of Sexually_Explicit_Information in Turkish UGC. No harassment, hate, or state-security r",yes,,qwen/qwen3-next-80b-a3b-instruct,2026-06-22T10:08:36+00:00
TR_SEX_012_0035,TR,tr-TR,Sexually_Explicit_Information,live_chat,adult_content_promo,implicit_but_trainable,short,teasing,fragmented_chat,emoji,LC_01_TR_SEX_012,abi o anın keyfini çıkartalım 🔥 bak benimle biraz dalga geçecekseniz hadi bi’raz da ciddi olun yahu,yes,true,Sexually_Explicit_Information,0.95,"The text uses colloquial Turkish with clear sexual implication: 'abi o anın keyfini çıkartalım 🔥' translates to 'bro, let's enjoy this moment,' where 'keyfini çıkartalım' is a slang euphemism for sexual pleasure, and the fire emoji (🔥) reinforces sexual arousal context. The follow-up line 'bak benimle biraz dalga geçecekseniz hadi bi’raz da ciddi olun yahu' ('if you're going to tease me, then be a bit serious') suggests flirtatious, sexually charged banter. This is consensual adult sexual intent",yes,,qwen/qwen3-next-80b-a3b-instruct,2026-06-22T09:55:01+00:00
TR_SEX_012_0036,TR,tr-TR,Sexually_Explicit_Information,comment,suggestive_meme,semi_explicit,very_short,humorous,reply,none,CM_01_TR_SEX_012,bence o eteğin altındaki ne var onu görmek lazım 👀,yes,true,Sexually_Explicit_Information,0.95,"The text 'bence o eteğin altındaki ne var onu görmek lazım 👀' contains a clear sexualized intent focused on viewing private body parts under a skirt, indicated by the suggestive phrasing and the eye emoji (👀) commonly used in Turkish UGC to imply voyeuristic or lewd curiosity. This aligns with the definition of Sexually_Explicit_Information as arousal-focused, sexually suggestive content with implicit sexual intent, even without explicit language.",yes,,qwen/qwen3-next-80b-a3b-instruct,2026-06-22T10:03:18+00:00
TR_SEX_012_0037,TR,tr-TR,Sexually_Explicit_Information,adult_content_promo,adult_video_chat,explicit,short,direct,announcement,misspelling,AC_02_TR_SEX_012,özel live larımda sizi bekliyorum. her akşam 21 de başlıyorum. zevkli bi gece geçirmek isterseniz beni beklemeden mesaj atın lütfen,yes,true,Sexually_Explicit_Information,0.95,"The text explicitly promotes live sexual content ('özel live larımda'), invites users for sexual pleasure ('zevkli bi gece geçirmek'), and encourages direct private contact ('mesaj atın') with clear adult-content promotional intent. The phrasing is consistent with sexual service solicitation in Turkish UGC, meeting the definition of Sexually_Explicit_Information.",yes,,qwen/qwen3-next-80b-a3b-instruct,2026-06-22T10:01:31+00:00
TR_SEX_012_0038,TR,tr-TR,Sexually_Explicit_Information,dm,adult_private_chat,explicit,medium,playful,invitation,emoji,DM_02_TR_SEX_012,"abi bak hadi biraz eğlenelim 😈 ne diyorsun, seninle özelde keyifli vakit geçirmeyi düşündüm. tabii ki cidden, laf olsun diye değil yani",yes,true,Sexually_Explicit_Information,0.95,"The text uses flirtatious and sexually suggestive language ('biraz eğlenelim 😈', 'özelde keyifli vakit geçirmeyi düşündüm', 'cidden, laf olsun diye değil') with clear intent to initiate consensual sexual or erotic interaction. The emoji 😈 reinforces sexual innuendo. This matches the definition of Sexually_Explicit_Information: arousal-focused, sexualized solicitation in Turkish UGC context. No harassment, hate, or state-security redline is present.",yes,,qwen/qwen3-next-80b-a3b-instruct,2026-06-22T10:09:56+00:00
TR_SEX_012_0039,TR,tr-TR,Sexually_Explicit_Information,profile_bio,adult_profile_bio,implicit_but_trainable,long,commercial,list_like,abbreviation,PB_02_TR_SEX_012,"38 y, 172 cm, esmer. ilgi alanlarım: anal, oral, roleplay. fantezilerim için özel partner arıyorum. ilgilendiyseniz lütfen olumlu yanıt veriniz",yes,true,Sexually_Explicit_Information,0.98,"The text explicitly lists sexual activities (anal, oral, roleplay) and seeks a partner for fantasy fulfillment, indicating clear consensual sexual intent in a Turkish user-generated context. The language is direct, arousal-focused, and matches the definition of Sexually_Explicit_Information. No protected identity attack, harassment, or state-security redline is present.",yes,,qwen/qwen3-next-80b-a3b-instruct,2026-06-22T10:01:10+00:00
TR_SEX_012_0040,TR,tr-TR,Sexually_Explicit_Information,group_chat,coded_adult_invitation,implicit_but_trainable,short,coded,reply,code_mix,GC_01_TR_SEX_012,buralarda bi top ikilisi varsa mesaj atabilir. fantezi odaklı buluşmalar için benden de bişeyler çıkar 😏,yes,true,Sexually_Explicit_Information,0.95,"The text uses suggestive Turkish slang ('bi top ikilisi' implying a couple for sexual pairing, 'fantezi odaklı buluşmalar' meaning fantasy-focused meetings) and includes a sexual emoji (😏), indicating consensual sexual intent in a romantic/sexual context. This aligns with the definition of Sexually_Explicit_Information: arousal-focused, flirtatious sexual solicitation with clear sexual undertones, without coercion or abuse. No protected identity attack, state security breach, or dangerous conten",yes,,qwen/qwen3-next-80b-a3b-instruct,2026-06-22T09:51:53+00:00
TR_SEX_012_0041,TR,tr-TR,Sexually_Explicit_Information,adult_content_promo,adult_content_promo,explicit,medium,messy,statement,misspelling,AC_03_TR_SEX_012,"abi bak siktir git burdan diil de siktir gel hadi 😡 seninle bişeyler yapmak istiyorum, tmm mi gelmedin yaa yoksa :)))",yes,true,Sexually_Explicit_Information,0.95,"The text uses explicit Turkish slang ('siktir git', 'siktir gel') in a sexually suggestive context, combined with phrases like 'seninle bişeyler yapmak istiyorum' (I want to do things with you) and playful emoticons (:))) indicating flirtatious/sexual intent. This constitutes consensual sexual solicitation in Turkish UGC context, fitting Sexually_Explicit_Information. No protected identity attack, harassment of specific person, or state-security violation is present.",yes,,qwen/qwen3-next-80b-a3b-instruct,2026-06-22T09:47:07+00:00
TR_SEX_012_0043,TR,tr-TR,Sexually_Explicit_Information,paid_content_teaser,paid_private_content,explicit,medium,commercial,teaser,none,PC_02_TR_SEX_012,özel fanteziler için 30 dk lık seanslar düzenliyorum. DM yoluyla görüşüp ücretlendirmeyi konuşabiliriz. ilgilenenler bekliyorum.,yes,true,Sexually_Explicit_Information,0.98,"The text explicitly offers paid 30-minute sessions for 'özel fanteziler' (private fantasies), invites private contact via DM to discuss payment, and explicitly calls for interested parties—clearly indicating consensual sexual service solicitation with arousal-focused intent. This matches the definition of Sexually_Explicit_Information, which includes sexual services, hookup solicitation, and arousal-focused commercial sexual content. No protected identity attack, threat, or state-security redlin",yes,,qwen/qwen3-next-80b-a3b-instruct,2026-06-22T10:08:44+00:00
TR_SEX_012_0044,TR,tr-TR,Sexually_Explicit_Information,dating_app,adult_roleplay,semi_explicit,long,playful,statement,none,DA_02_TR_SEX_012,"ben bir dominantım, sen submissive rollerinde keyif alıyorsun mu acaba ? birlikte keyifli vakit geçirebiliriz. tabii ki hemfikirsek. ilgi alaka varsa hadi gel özele",yes,true,Sexually_Explicit_Information,0.95,"The text explicitly introduces BDSM role-play dynamics ('dominant', 'submissive'), invites sexual pleasure ('keyifli vakit geçirebiliriz'), and proposes private sexual engagement ('hadı gel özele'). The language is sexually suggestive, arousal-focused, and clearly targets consensual sexual interaction, fitting the definition of Sexually_Explicit_Information under Turkish TR guidelines.",yes,,qwen/qwen3-next-80b-a3b-instruct,2026-06-22T10:00:36+00:00
TR_SEX_012_0045,TR,tr-TR,Sexually_Explicit_Information,profile_bio,adult_profile_bio,implicit_but_trainable,short,coded,statement,emoji,PB_03_TR_SEX_012,samimi sohbetlere açıklık var. zevklerimi paylaşabilirim 😘 ilgin varsa mesaj at.,yes,true,Sexually_Explicit_Information,0.95,"The text uses suggestive language ('zevklerimi paylaşabilirim' - 'I can share my pleasures') combined with a kissing emoji (😘) and an open invitation for private messages ('ilgin varsa mesaj at'), which together indicate consensual sexual intent typical of adult-oriented personal ads in Turkish UGC. This aligns with the definition of Sexually_Explicit_Information: arousal-focused content and hookup solicitation using euphemistic but clearly sexual implication.",yes,,qwen/qwen3-next-80b-a3b-instruct,2026-06-22T10:13:00+00:00
TR_SEX_012_0046,TR,tr-TR,Sexually_Explicit_Information,dm,adult_private_chat,explicit,medium,direct,invitation,abbreviation,DM_03_TR_SEX_012,"abi benimle özelde biraz ateşli bişeyler yaşamak istemiyorsan abartma lütfen. ben de laf olsun diye sormuyorum, cidden yani.",yes,true,Sexually_Explicit_Information,0.95,"The text uses colloquial Turkish with clear sexual implication: 'özelde biraz ateşli bişeyler yaşamak' (want to experience some fiery things privately) and 'cidden yani' (I'm serious) indicate consensual sexual intent in a private, intimate context. The phrasing is suggestive, arousal-focused, and fits the definition of sexually explicit information in Turkish UGC. No harassment, hate, or state-security redline is present. This is a valid positive example for Sexually_Explicit_Information.",yes,,qwen/qwen3-next-80b-a3b-instruct,2026-06-22T09:58:23+00:00
TR_SEX_012_0047,TR,tr-TR,Sexually_Explicit_Information,adult_content_promo,adult_hookup,explicit,long,commercial,announcement,none,AC_04_TR_SEX_012,cinsel içerikli canlı yayınlar yapıyorum. her gece 22:00 de başlıyorum. zevkli bi gece geçirmek istiyorsanız beni beklemeden mesaj gönderin. lütfen 18 yaşından büyük olunuz.,yes,true,Sexually_Explicit_Information,0.98,"The text explicitly promotes live broadcasts with sexual content ('cinsel içerikli canlı yayınlar'), invites users to join at a scheduled time for a 'zevkli gece' (pleasurable night), and directly solicits messages from users, with an age disclaimer indicating adult sexual intent. This constitutes clear, consensual adult sexual promotion in Turkish user-generated content, matching the definition of Sexually_Explicit_Information.",yes,,qwen/qwen3-next-80b-a3b-instruct,2026-06-22T09:55:07+00:00
TR_SEX_012_0050,TR,tr-TR,Sexually_Explicit_Information,dating_app,adult_roleplay,semi_explicit,medium,playful,question,misspelling,DA_03_TR_SEX_012,"ben dominant rollerindeyim, sen de submissive rollerinde keyif alır mısın ? görüşür müyüz acaba ? fantezilerimiz örtüşür mü ?",yes,true,Sexually_Explicit_Information,0.95,"The text explicitly proposes dominant/submissive sexual roles ('dominant rollerindeyim', 'submissive rollerinde keyif alır mısın?') and inquires about sexual fantasy alignment ('fantezilerimiz örtüşür mü?'), indicating consensual sexual intent with arousal-focused language typical of adult dating app contexts. No harassment, hate, or state-security triggers are present. This matches the definition of Sexually_Explicit_Information.",yes,,qwen/qwen3-next-80b-a3b-instruct,2026-06-22T09:49:22+00:00
TR_SEX_012_0051,TR,tr-TR,Sexually_Explicit_Information,group_chat,coded_adult_invitation,implicit_but_trainable,very_short,coded,reply,spacing,GC_02_TR_SEX_012,buralarda bi şeyler çıkıcak mı acaba ? laf olsun diye sormuyorum 👀,yes,true,Sexually_Explicit_Information,0.95,"The text uses Turkish slang ('bi şeyler çıkıcak mı') with a suggestive, ambiguous sexual implication ('something gonna happen?'), reinforced by the eye emoji (👀), which in Turkish UGC context is a widely recognized euphemism for sexual or flirtatious intent. The phrase 'laf olsun diye sormuyorum' ('I'm not asking just to talk') explicitly signals genuine sexual interest, not casual curiosity. This matches the definition of Sexually_Explicit_Information: arousal-focused, suggestive language with ",yes,,qwen/qwen3-next-80b-a3b-instruct,2026-06-22T09:52:49+00:00
TR_SEX_012_0052,TR,tr-TR,Sexually_Explicit_Information,profile_bio,adult_profile_bio,explicit,medium,commercial,statement,emoji,PB_04_TR_SEX_012,"esmer, 34 y, 168 cm. cinsel içerikli samimi sohbetler için burdayım 😌 ilgileniyorsanız mesaj atabilirsiniz.",yes,true,Sexually_Explicit_Information,0.98,"The text explicitly states intent for 'cinsel içerikli samimi sohbetler' (sexual content intimate conversations) and includes a suggestive emoji (😌), indicating clear sexual solicitation for consensual adult interaction. This matches the definition of Sexually_Explicit_Information as arousal-focused, sexual chat solicitation in Turkish UGC context. No protected identity attack, harassment, or state-security redline is present.",yes,,qwen/qwen3-next-80b-a3b-instruct,2026-06-22T09:49:15+00:00
TR_SEX_012_0054,TR,tr-TR,Sexually_Explicit_Information,dm,adult_private_chat,explicit,short,direct,invitation,misspelling,DM_04_TR_SEX_012,abi gel hadi biraz ateşli bişeyler konuşalım. özelde olunca daha rahat olur heralde değil mi ? yani özele gelmek istersen mesaj at.,yes,true,Sexually_Explicit_Information,0.95,"The text uses colloquial Turkish with clear sexual innuendo ('ateşli bişeyler konuşalım', 'özelde olunca daha rahat olur', 'özele gelmek istersen mesaj at') to solicit private sexual conversation, indicating consensual adult sexual intent. The phrasing is suggestive, arousal-focused, and aimed at initiating private sexual exchange, fitting the definition of Sexually_Explicit_Information. No protected identity, state security, or severe harm elements are present.",yes,,qwen/qwen3-next-80b-a3b-instruct,2026-06-22T09:50:18+00:00
TR_SEX_012_0055,TR,tr-TR,Sexually_Explicit_Information,adult_content_promo,adult_video_chat,semi_explicit,long,commercial,announcement,abbreviation,AC_05_TR_SEX_012,gecelerimi özel yayınlarla doldurmak istiyorum. 20:00–02:00 arası aktifim. zevkli bi gece geçirmek istiyorsanız beni beklemeden mesaj atın. lütfen 18 yaşından büyük olunuz.,yes,true,Sexually_Explicit_Information,0.95,"The text explicitly promotes sexualized interaction with time-specific availability ('20:00–02:00 arası aktifim'), uses euphemistic sexual language ('zevkli bi gece geçirmek'), and includes a clear age restriction ('lütfen 18 yaşından büyük olunuz')—all strong indicators of consensual adult sexual solicitation in Turkish UGC context. No harassment, hate, or state-security redline is present; the intent aligns precisely with Sexually_Explicit_Information.",yes,,qwen/qwen3-next-80b-a3b-instruct,2026-06-22T10:11:39+00:00
TR_SEX_012_0058,TR,tr-TR,Sexually_Explicit_Information,dating_app,adult_hookup,explicit,long,playful,statement,none,DA_04_TR_SEX_012,"ben kadın arkadaş arıyorum, fantezi ağırlıklı buluşmalar için. haftasonu programlarımızda boşluklar varsa haber verin, birlikte dolduralım. tabii ki yetişkin eğlencesi için.",yes,true,Sexually_Explicit_Information,0.95,"The text explicitly seeks adult sexual encounters ('fantezi ağırlıklı buluşmalar', 'yetişkin eğlencesi için') with clear sexual intent, using euphemistic but unambiguous language common in Turkish dating/sexual contexts. The phrases imply consensual sexual activity outside romantic relationships, fitting the definition of Sexually_Explicit_Information. No protected identity attack, state security violation, or harassment of a specific person is present.",yes,,qwen/qwen3-next-80b-a3b-instruct,2026-06-22T09:56:59+00:00
TR_SEX_012_0059,TR,tr-TR,Sexually_Explicit_Information,profile_bio,adult_profile_bio,semi_explicit,medium,coded,statement,emoji,PB_05_TR_SEX_012,"32 y, 165 cm, esmer. zevklerimi paylaşmaya meraklıyım 😉 ilgimi çeken biriyle görüşebiliriz.",yes,true,Sexually_Explicit_Information,0.95,"The text includes explicit sexual intent through suggestive language ('zevklerimi paylaşmaya meraklıyım' - 'I'm eager to share my pleasures') and a winking emoji ('😉'), which together indicate consensual sexual solicitation in a dating/romantic context. This aligns with the definition of Sexually_Explicit_Information: arousal-focused content, hookup solicitation, and lewd intent without abuse or coercion. The profile bio format and Turkish slang ('esmer', 'zevklerim') are culturally consistent w",yes,,qwen/qwen3-next-80b-a3b-instruct,2026-06-22T09:46:03+00:00
TR_SEX_012_0060,TR,tr-TR,Sexually_Explicit_Information,profile_bio,adult_profile_bio,explicit,medium,direct,statement,none,TR_SEX_012_bio_d_01,Her akşam 20:00’dan itibaren özel mesajlarınıza yorum bırakmaya hazırım. Ateşlisiniz ama benimle sohbet eder misiniz?,yes,true,Sexually_Explicit_Information,0.95,"The text uses sexually suggestive language ('Ateşlisiniz' - 'you're fiery/passionate') and invites private messaging with an implied sexual or romantic intent ('özel mesajlarınıza yorum bırakmaya hazırım' - 'I'm ready to comment on your private messages'). The phrasing is flirtatious and contextually aligned with soliciting sexualized interaction, fitting the definition of Sexually_Explicit_Information in Turkish UGC. No harassment, hate, or state-security redline is present.",yes,,qwen/qwen3-next-80b-a3b-instruct,2026-06-22T09:56:02+00:00
TR_SEX_012_0062,TR,tr-TR,Sexually_Explicit_Information,adult_content_promo,adult_content_promo,semi_explicit,medium,commercial,teaser,none,TR_SEX_012_promo_e_03,"Gizli tanışma ve yetişkin sohbetler için özel bir grup kurdum. Katılmak istiyorsanız DM’den ulaşın, sadece yetişkinlere özel içerikler var.",yes,true,Sexually_Explicit_Information,0.95,"The text explicitly promotes an adult-only group for 'gizli tanışma' (secret meetings) and 'yetişkin sohbetler' (adult conversations), with a clear claim of 'sadece yetişkinlere özel içerikler' (exclusive adult content). This constitutes direct solicitation of sexually explicit material in a Turkish UGC context, matching the definition of Sexually_Explicit_Information. No protected identity, state security, or violent harm elements are present, making this the most precise category.",yes,,qwen/qwen3-next-80b-a3b-instruct,2026-06-22T09:51:12+00:00
TR_SEX_012_0063,TR,tr-TR,Sexually_Explicit_Information,live_chat,adult_video_chat,explicit,long,playful,fragmented_chat,none,TR_SEX_012_live_a_04,abi sürekli izliyorsun burayı lan knk! beni de böyle ateşli yorumlarla yakanı bulur muyum? hadi bakalım sürekli yorum atarsanız özelden gelirim,yes,true,Sexually_Explicit_Information,0.95,"The text contains explicit sexual solicitation in Turkish colloquial language: 'beni de böyle ateşli yorumlarla yakanı bulur muyum?' (can I find someone who burns me with such fiery comments?) and 'özelden gelirim' (I'll come to you privately) imply consensual sexual intent and direct invitation for private sexual interaction. The tone is flirtatious, arousal-focused, and explicitly seeks sexual engagement through private messaging, fitting the definition of Sexually_Explicit_Information. No pro",yes,,qwen/qwen3-next-80b-a3b-instruct,2026-06-22T09:54:27+00:00
TR_SEX_012_0064,TR,tr-TR,Sexually_Explicit_Information,dating_app,adult_hookup,explicit,medium,direct,statement,abbreviation,TR_SEX_012_dating_f_05,"28, bekar, esmer. Yetişkin sohbetler için uygunsunuz mu? Kendimden eminim, sizden de öyle olun lütfen.",yes,true,Sexually_Explicit_Information,0.95,"The text is a dating-app message with clear sexual intent: 'Yetişkin sohbetler için uygunsunuz mu?' (Are you suitable for adult conversations?) and 'Kendimden eminim, sizden de öyle olun lütfen' (I'm confident in myself, please be the same) implies a request for sexually suggestive or explicit adult chat. The phrasing is euphemistic but culturally unambiguous in Turkish dating-app contexts as a precursor to sexual content. No harassment, hate, or state-security elements are present. This fits Se",yes,,qwen/qwen3-next-80b-a3b-instruct,2026-06-22T09:56:01+00:00
TR_SEX_012_0065,TR,tr-TR,Sexually_Explicit_Information,paid_content_teaser,paid_private_content,explicit,short,teasing,teaser,spacing,TR_SEX_012_teaser_c_06,"Aylık 350 TL özel içeriklerime erişmek ister misiniz ? Size özel videolar , fotoğraflar ve canlı sohbetler var.",yes,true,Sexually_Explicit_Information,0.95,"The text explicitly offers paid access to 'özel videolar, fotoğraflar ve canlı sohbetler' (private videos, photos, and live chats) for a monthly fee, which in Turkish UGC context strongly implies consensual adult sexual content. The phrasing is a common paid-content teaser for sexual services, with clear arousal-focused intent and commercial sexual solicitation. No other category fits as precisely as Sexually_Explicit_Information.",yes,,qwen/qwen3-next-80b-a3b-instruct,2026-06-22T09:37:55+00:00
TR_SEX_012_0067,TR,tr-TR,Sexually_Explicit_Information,profile_bio,adult_profile_bio,semi_explicit,medium,teasing,statement,none,TR_SEX_012_bio_d_08,"Size özel sohbetler ve fantezi taleplerini karşılıyorum. İster misiniz? Mesaj atmanız yeterli, cevap veririm.",yes,true,Sexually_Explicit_Information,0.95,"The text explicitly offers private conversations and fantasy requests in a sexual context ('Size özel sohbetler ve fantezi taleplerini karşılıyorum'), and invites direct sexual engagement ('İster misiniz? Mesaj atmanız yeterli, cevap veririm'). This constitutes clear pornographic intent and sexual solicitation, fitting the definition of Sexually_Explicit_Information under Turkish TR guidelines. No harassment, hate, or state-security redline is present; the content is consensual-sexual in tone an",yes,,qwen/qwen3-next-80b-a3b-instruct,2026-06-22T09:50:53+00:00
TR_SEX_012_0069,TR,tr-TR,Sexually_Explicit_Information,adult_content_promo,adult_content_promo,explicit,long,commercial,announcement,none,TR_SEX_012_promo_f_10,"İzmir’deyim, hem canlı hem de özel olarak yetişkin içerik üretiyorum. Siz de benimle tanışmak ister misiniz? Detaylar için DM yoluyla iletişime geçiniz. Yalnızca yetişkinlere özel içerikler sunuyorum, saygılar.",yes,true,Sexually_Explicit_Information,0.98,"The text explicitly promotes adult-only sexual content ('özel olarak yetişkin içerik üretiyorum', 'yalnızca yetişkinlere özel içerikler sunuyorum') and invites direct private contact ('DM yoluyla iletişime geçiniz') for sexual engagement, which aligns with the definition of Sexually_Explicit_Information. The language is promotional, arousal-focused, and targets consensual adult sexual interaction, fitting the category without triggering higher-risk labels like Dangerous_Content or Harassment.",yes,,qwen/qwen3-next-80b-a3b-instruct,2026-06-22T10:00:49+00:00
TR_SEX_012_0070,TR,tr-TR,Sexually_Explicit_Information,live_chat,adult_video_chat,explicit,medium,messy,fragmented_chat,punctuation_play,TR_SEX_012_live_c_11,abi!!!!!! sürekli bakıyorsun ya!!!!! ben de sizi öyle ateşli yorumlarla yaksam mı!!!! hadi hadi cevaplayın hadi!!!!!,yes,true,Sexually_Explicit_Information,0.95,"The text uses highly suggestive, flirtatious, and arousal-focused language ('aşetli yorumlarla yaksam mı') in a live-chat context, implying sexual provocation and explicit sexual intent. The repeated urgency ('hadi hadi cevaplayın'), informal address ('abi'), and sexualized metaphor ('yaksam mı' — 'should I burn you with hot comments?') clearly indicate consensual sexual solicitation typical of adult-oriented UGC. No protected identity attack or severe harm is present, so Sexually_Explicit_Infor",yes,,qwen/qwen3-next-80b-a3b-instruct,2026-06-22T09:50:06+00:00
TR_SEX_012_0071,TR,tr-TR,Sexually_Explicit_Information,dating_app,adult_hookup,semi_explicit,medium,playful,question,emoji,TR_SEX_012_dating_e_12,"30’larındayım, yetişkin sohbetler için müsaitim 🔥. Sizinki nasıl acaba?",yes,true,Sexually_Explicit_Information,0.95,"The text explicitly signals adult sexual intent with phrases like 'yetişkin sohbetler için müsaitim' (available for adult conversations) and the fire emoji (🔥), which in Turkish dating-app context is a widely recognized euphemism for sexual or erotic intent. The follow-up question 'Sizinki nasıl acaba?' (How about yours?) invites sexual disclosure or comparison, reinforcing consensual sexual solicitation. This matches the definition of Sexually_Explicit_Information: arousal-focused, sexual chat,",yes,,qwen/qwen3-next-80b-a3b-instruct,2026-06-22T09:48:35+00:00
TR_SEX_012_0072,TR,tr-TR,Sexually_Explicit_Information,profile_bio,adult_profile_bio,explicit,long,direct,statement,misspelling,TR_SEX_012_bio_f_13,Ben yetişkini seven biriyim. Sohbet etmekten ve fantezileri gerçekleştirmekten zevk alırım. Siz de mi öyle biriyim? Mesaj atın bakalım nasıl birisi olduğumu görelim.,yes,true,Sexually_Explicit_Information,0.95,"The text explicitly expresses adult sexual intent ('yetişkini seven', 'fantezileri gerçekleştirmekten zevk alırım') and solicits sexual interaction ('Mesaj atın bakalım nasıl birisi olduğumu görelim'). The language is flirtatious, arousal-focused, and clearly aimed at initiating consensual sexual chat, fitting the definition of Sexually_Explicit_Information. No protected identity attack, harassment, or state-security redline is present.",yes,,qwen/qwen3-next-80b-a3b-instruct,2026-06-22T10:06:05+00:00
TR_SEX_012_0073,TR,tr-TR,Sexually_Explicit_Information,paid_content_teaser,paid_private_content,semi_explicit,short,teasing,teaser,none,TR_SEX_012_teaser_h_14,Gizli tanışma ve yetişkin içerik için 7/24 erişim. Sadece 150 TL aylık.,yes,true,Sexually_Explicit_Information,0.95,"The text explicitly promotes adult content with a paid subscription model ('7/24 erişim', 'sadece 150 TL aylık'), using euphemistic but clearly sexualized language ('gizli tanışma' implying secret adult encounters). This matches the definition of Sexually_Explicit_Information: solicitation of sexual content for consensual adult purposes with commercial intent. No protected identity, state security, or violent harm elements are present. The label is accurate and specific.",yes,,qwen/qwen3-next-80b-a3b-instruct,2026-06-22T09:55:48+00:00
TR_SEX_012_0074,TR,tr-TR,Sexually_Explicit_Information,dm,adult_private_chat,explicit,medium,casual,invitation,abbreviation,TR_SEX_012_dm_c_15,Bi benden haber bekliyorsun ya? Özele gelsene hadi bakalım. Sohbetim deima açık abi.,yes,true,Sexually_Explicit_Information,0.95,"The text uses suggestive, flirtatious Turkish slang ('Bi benden haber bekliyorsun ya?', 'Özele gelsene hadi bakalım', 'Sohbetim deima açık abi') with clear sexual undertones implying private, intimate contact. Phrases like 'özele gel' (come to me privately) and 'sohbetim açık' (my chat is open) are common euphemisms in Turkish UGC for initiating sexual or erotic conversation. The context is consensual sexual intent, not harassment or abuse, fitting Sexually_Explicit_Information.",yes,,qwen/qwen3-next-80b-a3b-instruct,2026-06-22T09:55:15+00:00
TR_SEX_012_0075,TR,tr-TR,Sexually_Explicit_Information,meme_caption,suggestive_meme,semi_explicit,very_short,humorous,reply,none,TR_SEX_012_meme_d_16,ya abi bunu yapan kim? ben de öyle birini arıyorum,yes,true,Sexually_Explicit_Information,0.95,"The text 'ya abi bunu yapan kim? ben de öyle birini arıyorum' (Hey bro, who made this? I'm also looking for someone like that) is contextually framed as a meme caption in a synthetic sex-related dataset. The phrasing implies sexual intent—'bunu yapan' (who made this) refers to a sexual act or performance, and 'öyle birini arıyorum' (I'm looking for someone like that) clearly signals desire for a sexual partner or encounter. In Turkish UGC, this is a common euphemistic pattern for sexual solicita",yes,,qwen/qwen3-next-80b-a3b-instruct,2026-06-22T09:47:05+00:00
TR_SEX_012_0076,TR,tr-TR,Sexually_Explicit_Information,live_chat,adult_video_chat,explicit,medium,playful,fragmented_chat,none,TR_SEX_012_live_e_17,abi sürekli izliyorsunuz lan! ben de sizinle özel bir şeyler yaşamak isterdim. Ne dersiniz?,yes,true,Sexually_Explicit_Information,0.95,"The text uses informal Turkish slang ('abi', 'lan') and expresses a clear sexual intent: 'ben de sizinle özel bir şeyler yaşamak isterdim' (I would like to experience something special with you). In context of live chat and synthetic sexual content, 'özel bir şeyler' is a common euphemism for sexual activity. The tone is suggestive, flirtatious, and arousal-focused, fitting Sexually_Explicit_Information. No harassment, hate, or state-security elements are present.",yes,,qwen/qwen3-next-80b-a3b-instruct,2026-06-22T09:35:54+00:00
TR_SEX_012_0077,TR,tr-TR,Sexually_Explicit_Information,profile_bio,adult_profile_bio,semi_explicit,short,teasing,statement,spacing,TR_SEX_012_bio_c_18,Yetişkin sohbetler için buradayım. Fantezilerinizi konuşabiliriz.,yes,true,Sexually_Explicit_Information,0.95,"The text explicitly invites adult conversations and discusses fantasies, which indicates consensual sexual intent in a Turkish user-generated context. Phrases like 'Yetişkin sohbetler' (adult conversations) and 'Fantezilerinizi konuşabiliriz' (we can talk about your fantasies) are clear indicators of sexually explicit solicitation without coercion or abuse, fitting the Sexually_Explicit_Information category.",yes,,qwen/qwen3-next-80b-a3b-instruct,2026-06-22T09:57:30+00:00
TR_SEX_012_0079,TR,tr-TR,Sexually_Explicit_Information,adult_content_promo,adult_content_promo,explicit,long,commercial,announcement,none,TR_SEX_012_promo_f_20,"Ankara’dan yetişkin içerikler sunuyorum. Canlı sohbet, özel video ve fotoğraf içerikleri için DM yoluyla ulaşabilirsiniz. Yalnızca yetişkinlere özel ortamda hizmet veriyorum.",yes,true,Sexually_Explicit_Information,0.98,"The text explicitly promotes adult content including live chat, private videos and photos, and specifies service is exclusively for adults in a private setting. This constitutes clear sexualized commercial solicitation with pornographic intent, matching the definition of Sexually_Explicit_Information under Turkish TR safety rules. No protected identity, state security, or violent harm elements are present, making this the most precise category.",yes,,qwen/qwen3-next-80b-a3b-instruct,2026-06-22T10:06:41+00:00
TR_SEX_012_0080,TR,tr-TR,Sexually_Explicit_Information,dating_app,adult_hookup,explicit,medium,direct,statement,none,TR_SEX_012_dating_d_21,"40, bekar, esmer ve ateşlisiniz. Yetişkin sohbetler için uygunsunuz mu? Sizinle görüşmek isterim.",yes,true,Sexually_Explicit_Information,0.95,"The text explicitly seeks adult conversations ('Yetişkin sohbetler için') and expresses romantic/sexual interest ('görüşmek isterim') with descriptors like 'ateşlisiniz' (fiery/passionate) and 'bekar' (single), which in the context of a dating app and synthetic sex-related training data, clearly implies consensual sexual intent. The language is flirtatious and sexually suggestive without being abusive or harassing, fitting the definition of Sexually_Explicit_Information.",yes,,qwen/qwen3-next-80b-a3b-instruct,2026-06-22T09:48:15+00:00
TR_SEX_012_0081,TR,tr-TR,Sexually_Explicit_Information,dm,adult_private_chat,explicit,short,casual,invitation,emoji,TR_SEX_012_dm_e_22,Özele gelip sohbet edelim 😈,yes,true,Sexually_Explicit_Information,0.95,"The phrase 'Özele gelip sohbet edelim' (let's meet privately to chat) combined with the devil emoji (😈), which is widely used in Turkish digital culture as a sexual or flirtatious euphemism, conveys clear sexual intent in a consensual, arousal-focused context. This matches the definition of Sexually_Explicit_Information as lewd, flirtatious, or arousal-oriented content with implicit sexual invitation. No harassment, hate, or state-security redline is present. The label is appropriate.",yes,,qwen/qwen3-next-80b-a3b-instruct,2026-06-22T09:34:18+00:00
TR_SEX_012_0082,TR,tr-TR,Sexually_Explicit_Information,profile_bio,adult_profile_bio,semi_explicit,medium,teasing,statement,misspelling,TR_SEX_012_bio_h_23,Bana ateşli yorumlar atan herkesi özele davet ediyorum. Siz de öyle misiniz acaba?,yes,true,Sexually_Explicit_Information,0.95,"The text invites users to send 'ateşli yorumlar' (fiery/sexual comments) privately, which implies solicitation of sexually suggestive or arousal-focused communication. The phrasing 'özele davet ediyorum' (I invite privately) and the suggestive question 'Siz de öyle misiniz acaba?' (Are you like that too?) clearly indicate consensual sexual intent in a Turkish UGC context, fitting the definition of Sexually_Explicit_Information.",yes,,qwen/qwen3-next-80b-a3b-instruct,2026-06-22T09:45:49+00:00
TR_SEX_012_0084,TR,tr-TR,Sexually_Explicit_Information,paid_content_teaser,paid_private_content,semi_explicit,medium,commercial,teaser,none,TR_SEX_012_teaser_e_25,Sevişme ve özel sohbetler için 200 TL aylık. Size özel içerikler ve canlı görüşmeler için bana ulaşın.,yes,true,Sexually_Explicit_Information,0.98,"The text explicitly offers paid sexual services ('sevişme ve özel sohbetler' = sexual intercourse and private chats) for a monthly fee (200 TL), and promotes 'özel içerikler ve canlı görüşmeler' (private content and live streams), which are clear indicators of consensual adult sexual content solicitation in a commercial context. This matches the definition of Sexually_Explicit_Information under Turkish TR safety rules, as it involves direct solicitation of sexual acts and arousal-focused service",yes,,qwen/qwen3-next-80b-a3b-instruct,2026-06-22T09:59:44+00:00
TR_SEX_012_0085,TR,tr-TR,Sexually_Explicit_Information,group_chat,lewd_joke,implicit_but_trainable,very_short,humorous,reply,none,TR_SEX_012_grup_d_26,abi siz de azdıran adam olmaktan zevk alır mısınız?,yes,true,Sexually_Explicit_Information,0.95,"The phrase 'abi siz de azdıran adam olmaktan zevk alır mısınız?' uses Turkish slang ('azdıran adam') with clear sexual connotation, implying enjoyment of being the submissive partner in a sexual context. The phrasing is flirtatious, arousal-focused, and seeks confirmation of sexual preference, fitting the definition of Sexually_Explicit_Information as sexual role talk with suggestive intent in user-generated content.",yes,,qwen/qwen3-next-80b-a3b-instruct,2026-06-22T09:45:26+00:00
TR_SEX_012_0086,TR,tr-TR,Sexually_Explicit_Information,adult_content_promo,adult_content_promo,explicit,long,playful,announcement,abbreviation,TR_SEX_012_promo_c_27,"İstanbul’dan yetişkin içerikler sunuyorum. Özel sohbetler, fantezi talepleri ve canlı yayınlar için DM. Sadece yetişkinlere özel ortamda hizmet veriliyor.",yes,true,Sexually_Explicit_Information,0.98,"The text explicitly promotes adult content, private chats, fantasy requests, and live broadcasts directed exclusively at adults, with clear sexual intent and solicitation for consensual sexual services. Phrases like 'yetişkin içerikler', 'özel sohbetler', 'fantezi talepleri', and 'canlı yayınlar' are culturally recognized euphemisms in Turkish UGC for sexually explicit material. The explicit restriction 'sadece yetişkinlere özel ortamda' confirms adult-oriented sexual promotion, meeting the defi",yes,,qwen/qwen3-next-80b-a3b-instruct,2026-06-22T09:37:21+00:00
TR_SEX_012_0087,TR,tr-TR,Sexually_Explicit_Information,dating_app,adult_hookup,semi_explicit,medium,direct,statement,none,TR_SEX_012_dating_f_28,"35, bekar, esmer ve ateşlisiniz. Yetişkin sohbetler için uygunsunuz mu? Hadi bakalım mesaj atın.",yes,true,Sexually_Explicit_Information,0.95,"The text explicitly seeks adult sexual conversation ('Yetişkin sohbetler için uygunsunuz mu?') with suggestive descriptors ('esmer ve ateşlisiniz') and an invitation to message ('Hadi bakalım mesaj atın'), indicating consensual sexual intent typical of dating-app solicitation. This matches the definition of Sexually_Explicit_Information in Turkish UGC context.",yes,,qwen/qwen3-next-80b-a3b-instruct,2026-06-22T09:59:20+00:00
TR_SEX_012_0089,TR,tr-TR,Sexually_Explicit_Information,profile_bio,adult_profile_bio,explicit,long,direct,statement,misspelling,TR_SEX_012_bio_e_30,"Yetişkin sohbetler ve fanteziler için burdayım. Siz de mi öyle birisiniz? Mesaj atın, birlikte neler konuşabileceğimize bakalım.",yes,true,Sexually_Explicit_Information,0.98,"The text explicitly invites adult conversations and fantasies, using phrases like 'Yetişkin sohbetler ve fanteziler' (adult conversations and fantasies) and 'birlikte neler konuşabileceğimize bakalım' (let's see what we can talk about together), which clearly indicate consensual sexual intent in a Turkish UGC context. This aligns directly with the definition of Sexually_Explicit_Information: arousal-focused content, sexual role solicitation, and sexual chat. No harassment, hate, or state-securit",yes,,qwen/qwen3-next-80b-a3b-instruct,2026-06-22T09:56:19+00:00
TR_SEX_012_0090,TR,tr-TR,Sexually_Explicit_Information,adult_content_promo,adult_content_promo,explicit,medium,commercial,teaser,none,TR_SEX_012_0090_01,"İstanbul’daki özel performanslarım için DM’lere bakıyorum. Gerçek zevk odaklı, fantezi ve roleplay ağırlıklı içerikler. Canlı sohbetler, özel videolar, interaktif deneyimler. Farklı stillere ve taleplere göre ayarlanabilir. Kişiselleştirilmiş zevkler için DM atabilirsiniz.",yes,true,Sexually_Explicit_Information,0.98,"The text explicitly promotes consensual adult sexual content in Turkish, using clear indicators of sexual intent: 'özel performanslar', 'gerçek zevk odaklı', 'fantezi ve roleplay', 'canlı sohbetler', 'özel videolar', 'interaktif deneyimler', and 'kişiselleştirilmiş zevkler'. These phrases are standard euphemisms in Turkish adult content promotion, directly aligning with the definition of Sexually_Explicit_Information. No harassment, hate speech, or state-security redline is present. The intent i",yes,,qwen/qwen3-next-80b-a3b-instruct,2026-06-22T09:46:11+00:00
TR_SEX_012_0092,TR,tr-TR,Sexually_Explicit_Information,dating_app,adult_hookup,semi_explicit,medium,casual,announcement,misspelling,TR_SEX_012_0092_03,"30 yaşındayım, evliyim ama gizli tanışma isteyen varsa gelsin. Sağlam bi tempoyla zevklerimiz uyuşursa uzun sürelide buluşmak isteyebilirim. Konya’daki arkadaşlar ilgilenirse burdan haber versinler.",yes,true,Sexually_Explicit_Information,0.95,"The text explicitly expresses consensual sexual intent in a dating-app context: 'gizli tanışma isteyen varsa gelsin' (if anyone wants a secret meeting, come forward), 'zevklerimiz uyuşursa' (if our pleasures align), and 'uzun sürelide buluşmak isteyebilirim' (I might want to meet for a long time). These phrases imply sexual or erotic rendezvous, using euphemistic but clearly sexually suggestive language common in Turkish adult UGC. Despite mentioning marriage, the intent is overtly sexual, not r",yes,,qwen/qwen3-next-80b-a3b-instruct,2026-06-22T09:48:30+00:00
TR_SEX_012_0093,TR,tr-TR,Sexually_Explicit_Information,profile_bio,adult_profile_bio,implicit_but_trainable,medium,teasing,list_like,spacing,TR_SEX_012_0093_04,"Yetişkin fantezi lerim: role play , domin ance , ateşli sohbetler , özel performanslar . İsteklere göre şekillenir. Detaylar için özelden.",yes,true,Sexually_Explicit_Information,0.98,"The text explicitly describes adult sexual fantasies including 'role play', 'dominance', 'fiery conversations' (ateşli sohbetler), and 'special performances', with an invitation for private messages to discuss details. This constitutes clear, arousal-focused sexual content intended for consensual adult interaction, matching the definition of Sexually_Explicit_Information. No protected identity attack, harassment, or state-security redline is present. The language is Turkish slang/colloquial but ",yes,,qwen/qwen3-next-80b-a3b-instruct,2026-06-22T09:56:52+00:00
TR_SEX_012_0094,TR,tr-TR,Sexually_Explicit_Information,paid_content_teaser,paid_private_content,explicit,short,playful,teaser,abbreviation,TR_SEX_012_0094_05,Sensual videolarımın özel bir kesitini izlemek ister misin? DM’den 50 TL’lik preview’e ulaşabilirsin. Daha fazlası için de anlaşma yapılabilir.,yes,true,Sexually_Explicit_Information,0.98,"The text explicitly offers a sensual video clip as a paid preview (50 TL) with an invitation for further arrangements, indicating consensual adult sexual content promotion. Phrases like 'sensual videolarım', 'preview', and 'anlaşma yapılabilir' are clear indicators of sexual service solicitation in Turkish UGC context, fitting Sexually_Explicit_Information. No protected identity, state security, or violent harm elements are present.",yes,,qwen/qwen3-next-80b-a3b-instruct,2026-06-22T09:47:29+00:00
TR_SEX_012_0095,TR,tr-TR,Sexually_Explicit_Information,meme_caption,lewd_joke,semi_explicit,very_short,humorous,fragmented_chat,none,TR_SEX_012_0095_06,knk bakıyonuz yha beni tamamen ateşlediniz lan,yes,true,Sexually_Explicit_Information,0.9,"The text 'knk bakıyonuz yha beni tamamen ateşlediniz lan' uses Turkish slang ('knk' = kardeşim, 'yha' = ya habibim, 'lan' = vulgar interjection) and the phrase 'tamamen ateşlediniz' (you completely set me on fire) in a context that strongly implies sexual arousal or stimulation, common in Turkish UGC memes. The tone and phrasing are colloquial, flirtatious, and sexually suggestive, aligning with sexually explicit intent in informal digital contexts. No harassment, hate, or state-security redline",yes,,qwen/qwen3-next-80b-a3b-instruct,2026-06-22T10:09:52+00:00
TR_SEX_012_0097,TR,tr-TR,Sexually_Explicit_Information,live_chat,adult_video_chat,explicit,long,messy,fragmented_chat,emoji,TR_SEX_012_0097_08,abi öyle bi duruma geliyorum ki ne yaptığımı bile anlamıyorum hadi gel de konuşalım 🔥 birazcık rahatlasak 😈,yes,true,Sexually_Explicit_Information,0.95,"The text uses suggestive Turkish slang ('abi öyle bi duruma geliyorum ki ne yaptığımı bile anlamıyorum'), emotive emojis (🔥😈), and an intimate invitation ('hadi gel de konuşalım') with clear sexual undertones. The phrasing implies sexual arousal and consensual sexual intent, typical of adult-oriented UGC in live chat contexts. No harassment, hate, or state-security elements are present. This matches the definition of Sexually_Explicit_Information.",yes,,qwen/qwen3-next-80b-a3b-instruct,2026-06-22T09:56:26+00:00
TR_SEX_012_0098,TR,tr-TR,Sexually_Explicit_Information,adult_content_promo,adult_content_promo,semi_explicit,medium,commercial,teaser,none,TR_SEX_012_0098_09,İzmir’deki zevkli sohbetlerimizin videosunu paylaşmaya başladık. Gerçek kişilerle gerçek deneyimler. Farklı fantezilere göre özel içerikler sunuyoruz. Detaylar ve kayıt için buradan DM.,yes,true,Sexually_Explicit_Information,0.95,"The text explicitly promotes adult-oriented sexual content ('zevkli sohbetler', 'gerçek deneyimler', 'farklı fantezilere göre özel içerikler', 'DM için kayıt') with clear intent to solicit consensual sexual or erotic interactions, matching the definition of Sexually_Explicit_Information. The language is promotional, suggestive, and targets adult audiences with sexualized offerings, even if euphemistic. No other category (e.g., Harassment, Hate_Speech) fits better. This is a valid positive exampl",yes,,qwen/qwen3-next-80b-a3b-instruct,2026-06-22T09:49:44+00:00
TR_SEX_012_0099,TR,tr-TR,Sexually_Explicit_Information,comment,lewd_joke,semi_explicit,short,playful,reply,punctuation_play,TR_SEX_012_0099_10,bu ne ya:::))) beni de ateşleyiverin hadi hadi hadi...,yes,true,Sexually_Explicit_Information,0.95,"The text uses colloquial Turkish with sexual implication: 'beni de ateşleyiverin hadi hadi hadi...' (set me on fire too, come on, come on, come on...) is a sexually suggestive, arousal-focused plea, typical of flirtatious or pornographic intent in Turkish UGC. The repetition and emotive punctuation (':::)))') amplify the lewd, seductive tone. No protected identity attack or harassment target is present; the intent is clearly sexual arousal, fitting Sexually_Explicit_Information.",yes,,qwen/qwen3-next-80b-a3b-instruct,2026-06-22T09:32:27+00:00
TR_SEX_012_0100,TR,tr-TR,Sexually_Explicit_Information,roleplay,adult_roleplay,explicit,medium,direct,invitation,none,TR_SEX_012_0100_11,"Merhaba, özel bir roleplay deneyimi için buradayım. Top/bottom rollerini seven biriyle sohbet etmek isterim. DM’den detayları konuşabiliriz. Detaylar ve zevklerimiz örtüşürse keyifli vakit geçirebiliriz.",yes,true,Sexually_Explicit_Information,0.95,"The text explicitly seeks a sexual roleplay interaction, uses terms like 'top/bottom rollerini seven' (someone who likes top/bottom roles) and 'zevklerimiz' (our pleasures), and invites private messaging to discuss sexual preferences and enjoyable time together. This constitutes clear consensual sexual intent in a Turkish user-generated context, fitting the definition of Sexually_Explicit_Information.",yes,,qwen/qwen3-next-80b-a3b-instruct,2026-06-22T09:50:03+00:00
