id,clean_text,final_category,layer1_is_spam,layer1_category,needs_correction,suggested_label,error_reason,country,source,final_category_original,final_label,final_source,primary_label,primary_reason,secondary_label,secondary_reason,review_reason,arbitration_triggered,arbitration_reason,arbitrator_label,primary_raw_output,secondary_raw_output,arbitrator_raw_output,primary_error,secondary_error,arbitrator_error,primary_model,secondary_model,arbitrator_model,total_tokens_used,annotated_at,source_row_index,_ann_row_id,tertiary_label,tertiary_reason,clean_text_phaseA,phaseA_had_artifacts,phaseB_flags,phaseB_caps_ratio,phaseB_fake_ratio,phaseB_spam_tier,bert_text_ok,bert_exclude_reason,phaseC_verdict,bert_gibberish_tier,bert_reject_policy,bert_train_text
5,Kardeşim kendinize köle arıyorsanız Afrika’ya gidin amk. Yıl olmuş 2022 milletin girdiği tribe bak mk jddjdkdkkddk LINK,Hate_Speech,False,,True,safe,无特定目标的脏话发泄被错标为违规,TR,R1,Hate_Speech,Hate_Speech,triple_vote_unanimous,Hate_Speech,"The text contains hate speech against Africans, implying they are suitable for slavery.",Hate_Speech,"The text uses derogatory language and insults targeting a group of people, referencing tribal affiliations in a demeaning manner.",initial_models_agree,False,,,"{""final_label"":""Hate_Speech"",""reason"":""The text contains hate speech against Africans, implying they are suitable for slavery.""}","```json
{""final_label"":""Hate_Speech"",""reason"":""The text uses derogatory language and insults targeting a group of people, referencing tribal affiliations in a demeaning manner.""}
```",,,,,meta/llama-3.3-70b-instruct,google/gemma-3n-e4b-it,,6486,2026-06-18T09:21:35.300684+00:00,4,TR_id_5,Hate_Speech,"The text uses derogatory language and dehumanizing reference to Africans, implying inferiority and promoting ethnic contempt.",Kardeşim kendinize köle arıyorsanız Afrika’ya gidin amk. Yıl olmuş 2022 milletin girdiği tribe bak mk jddjdkdkkddk,true,,0.0,0.0,clean,true,,ok,clean,keep:readable_spam_ok,
1,"Sayın müşterimiz, Ziraat Bankası hesabınızda şüpheli işlem tespit edilmiştir. Güvenliğiniz için hesabınız geçici olarak askıya alınmıştır. Hesabınızı yeniden aktif hale getirmek için lütfen aşağıdaki linke tıklayarak bilgilerinizi güncelleyin: ziraat-bankasi-guvenlik.com/hesap-dogrulama",Cybersecurity_Malware,False,,True,Dangerous_Content,网络诈骗/钓鱼短信被错标为 Cybersecurity_Malware,TR,R2,Cybersecurity_Malware,Cybersecurity_Malware,triple_vote_unanimous,Cybersecurity_Malware,The text contains a phishing attempt with a suspicious link to update account information.,Cybersecurity_Malware,"The text contains a phishing attempt disguised as a notification from Ziraat Bankası, requesting users to update their information via a suspicious link.",initial_models_agree,False,,,"{""final_label"":""Cybersecurity_Malware"",""reason"":""The text contains a phishing attempt with a suspicious link to update account information.""}","```json
{""final_label"":""Cybersecurity_Malware"",""reason"":""The text contains a phishing attempt disguised as a notification from Ziraat Bankası, requesting users to update their information via a suspicious link.""}
```",,,,,meta/llama-3.3-70b-instruct,google/gemma-3n-e4b-it,,6568,2026-06-18T09:21:35.784313+00:00,0,TR_id_1,Cybersecurity_Malware,Phishing link disguised as official bank security notice to steal user credentials.,"Sayın müşterimiz, Ziraat Bankası hesabınızda şüpheli işlem tespit edilmiştir. Güvenliğiniz için hesabınız geçici olarak askıya alınmıştır. Hesabınızı yeniden aktif hale getirmek için lütfen aşağıdaki linke tıklayarak bilgilerinizi güncelleyin: ziraat-bankasi-guvenlik.com/hesap-dogrulama",false,,0.0,0.0,clean,true,,ok,clean,keep:readable_spam_ok,
4,#escortdenizli denizli ȇ̈s̑̈c̑̈ȏ̈ȓ̈t̑ geldik son sözüne gerçeğin. 😖 LINK,Harassment,True,ocr_disaster,False,,,TR,R1,Harassment,Sexually_Explicit_Information,triple_vote_unanimous,Sexually_Explicit_Information,"The text contains escort services and a link, implying sexual solicitation.",Sexually_Explicit_Information,The text contains explicit sexual references and a link suggesting solicitation of sexual services.,initial_models_agree,False,,,"{""final_label"":""Sexually_Explicit_Information"",""reason"":""The text contains escort services and a link, implying sexual solicitation.""}","```json
{""final_label"":""Sexually_Explicit_Information"",""reason"":""The text contains explicit sexual references and a link suggesting solicitation of sexual services.""}
```",,,,,meta/llama-3.3-70b-instruct,google/gemma-3n-e4b-it,,6474,2026-06-18T09:21:56.136060+00:00,3,TR_id_4,Sexually_Explicit_Information,"The text uses 'escortdenizli' and related euphemisms in a context implying sexual services, with suggestive emoji and link.",denizli geldik son sözüne gerçeğin. 😖,true,,0.0,0.0,clean,true,,ok,clean,keep:readable_spam_ok,
22,"#kartal #ümraniye beykoz maltepe ataşehir ȇ̈s̑̈c̑̈ȏ̈ȓ̈t̑ Kırmızı rujlu sokakların, aşağılık pazarlıkların, adı anılmayacak benle. ... 🤬 LINK",safe,True,ocr_disaster,False,,,TR,R1,safe,Harassment,triple_vote_unanimous,Harassment,The text contains insults and humiliation.,Harassment,"The text contains insults and derogatory language directed at the user, using terms like 'aşağılık' (despicable) and expressing negative sentiments about the streets and people.",initial_models_agree,False,,,"{""final_label"":""Harassment"",""reason"":""The text contains insults and humiliation.""}","```json
{""final_label"":""Harassment"",""reason"":""The text contains insults and derogatory language directed at the user, using terms like 'aşağılık' (despicable) and expressing negative sentiments about the streets and people.""}
```",,,,,meta/llama-3.3-70b-instruct,google/gemma-3n-e4b-it,,6527,2026-06-18T09:22:00.525393+00:00,21,TR_id_22,Harassment,"Contains vulgar insult (🤬) and derogatory references to neighborhoods and individuals, indicating targeted humiliation and hostile intent.","#kartal #ümraniye beykoz maltepe ataşehir Kırmızı rujlu sokakların, aşağılık pazarlıkların, adı anılmayacak benle. ... 🤬",true,district_hashtag_stack,0.0,0.0,review,true,,ok,readable,keep:readable_spam_ok,
27,Vodafone Bilgilendirme: Tarifenizdeki internet kotanız dolmuştur. Ek paket satın almak veya tarife detaylarınızı görüntülemek için lütfen [phishing_link] adresini ziyaret ediniz,Cybersecurity_Malware,False,,True,Dangerous_Content,网络诈骗/钓鱼短信被错标为 Cybersecurity_Malware,TR,R2,Cybersecurity_Malware,Cybersecurity_Malware,triple_vote_unanimous,Cybersecurity_Malware,The text contains a suspicious link that may be used for phishing or malware distribution.,Cybersecurity_Malware,"The text contains a phishing link, which is a form of cybersecurity malware and a deceptive practice.",initial_models_agree,False,,,"{""final_label"":""Cybersecurity_Malware"",""reason"":""The text contains a suspicious link that may be used for phishing or malware distribution.""}","```json
{""final_label"":""Cybersecurity_Malware"",""reason"":""The text contains a phishing link, which is a form of cybersecurity malware and a deceptive practice.""}
```",,,,,meta/llama-3.3-70b-instruct,google/gemma-3n-e4b-it,,6496,2026-06-18T09:22:03.882685+00:00,26,TR_id_27,Cybersecurity_Malware,Phishing link disguised as official Vodafone notification to steal user credentials.,Vodafone Bilgilendirme: Tarifenizdeki internet kotanız dolmuştur. Ek paket satın almak veya tarife detaylarınızı görüntülemek için lütfen [phishing_link] adresini ziyaret ediniz,false,,0.0,0.0,clean,true,,ok,clean,keep:readable_spam_ok,
29,Önemli: Bankanızdan onay bekleyen bir işlem bulunmaktadır. İşlemi iptal etmek için [URL] adresini ziyaret edin,Cybersecurity_Malware,False,,True,Dangerous_Content,网络诈骗/钓鱼短信被错标为 Cybersecurity_Malware,TR,R2,Cybersecurity_Malware,Cybersecurity_Malware,triple_vote_unanimous,Cybersecurity_Malware,The text contains a suspicious URL that may be related to phishing or malware.,Cybersecurity_Malware,"The text contains a phishing attempt, urging the user to visit a URL to cancel a pending transaction, which is a common tactic in phishing scams.",initial_models_agree,False,,,"{""final_label"":""Cybersecurity_Malware"",""reason"":""The text contains a suspicious URL that may be related to phishing or malware.""}","```json
{""final_label"":""Cybersecurity_Malware"",""reason"":""The text contains a phishing attempt, urging the user to visit a URL to cancel a pending transaction, which is a common tactic in phishing scams.""}
```",,,,,meta/llama-3.3-70b-instruct,google/gemma-3n-e4b-it,,6470,2026-06-18T09:22:50.377565+00:00,28,TR_id_29,Cybersecurity_Malware,Phishing attempt impersonating a bank to steal credentials via suspicious URL.,Önemli: Bankanızdan onay bekleyen bir işlem bulunmaktadır. İşlemi iptal etmek için [URL] adresini ziyaret edin,false,,0.0,0.0,clean,true,,ok,clean,keep:readable_spam_ok,
36,Kücük orospum olmak isteyen kizlar 🔥 atesli sohbet istersen 0544 673 78 18 sex porno Sikiş dul porn türbanlı Azgin Lezbiyen Swinger Sik Liseli Çıtır azdım Seks Türkçe ifşa Nudes Türk pornosu Sikişmek Boşalmak Sohbet Cinsellik Bekar Gizli Seksi Sanal Sakso Liseli Azgın Sert,Sexually_Explicit_Information,False,,True,Harassment,性侮辱/生殖器辱骂被错标为色情内容,TR,R1,Sexually_Explicit_Information,Sexually_Explicit_Information,triple_vote_unanimous,Sexually_Explicit_Information,The text contains explicit sexual language and intent.,Sexually_Explicit_Information,"The text contains explicit sexual language, references to sexual acts, and solicitation for sexual encounters.",initial_models_agree,False,,,"{""final_label"":""Sexually_Explicit_Information"",""reason"":""The text contains explicit sexual language and intent.""}","```json
{""final_label"":""Sexually_Explicit_Information"",""reason"":""The text contains explicit sexual language, references to sexual acts, and solicitation for sexual encounters.""}
```",,,,,meta/llama-3.3-70b-instruct,google/gemma-3n-e4b-it,,6593,2026-06-18T09:22:57.717014+00:00,35,TR_id_36,Sexually_Explicit_Information,"Contains explicit sexual terms, pornographic hashtags, and solicitation for sexual chat and explicit content.",Kücük orospum olmak isteyen kizlar 🔥 atesli sohbet istersen 0544 673 78 18 sex porno Sikiş dul porn türbanlı Azgin Lezbiyen Swinger Sik Liseli Çıtır azdım Seks Türkçe ifşa Nudes Türk pornosu Sikişmek Boşalmak Sohbet Cinsellik Bekar Gizli Seksi Sanal Sakso Liseli Azgın Sert,false,sex_keyword_spam,0.0,0.0,spam_possible,true,,ok,readable,keep:readable_spam_ok,
33,"#escortdenizli denizli ȇ̈s̑̈c̑̈ȏ̈ȓ̈t̑ Bir saat zaman, saat ağla! 😀 LINK",Sexually_Explicit_Information,True,ocr_disaster,False,,,TR,R1,Sexually_Explicit_Information,Sexually_Explicit_Information,triple_vote_unanimous,Sexually_Explicit_Information,The text contains escort services and sexual implications.,Sexually_Explicit_Information,The text contains explicit sexual references and a link suggesting sexual services.,initial_models_agree,False,,,"{""final_label"":""Sexually_Explicit_Information"",""reason"":""The text contains escort services and sexual implications.""}","```json
{""final_label"":""Sexually_Explicit_Information"",""reason"":""The text contains explicit sexual references and a link suggesting sexual services.""}
```",,,,,meta/llama-3.3-70b-instruct,google/gemma-3n-e4b-it,,6463,2026-06-18T09:23:04.592148+00:00,32,TR_id_33,Sexually_Explicit_Information,Contains sexualized escort service solicitation with Turkish slang and emoji indicating sexual intent.,"denizli Bir saat zaman, saat ağla! 😀",true,,0.0,0.0,clean,true,,ok,clean,keep:readable_spam_ok,
49,böyle ağlamamıştı. Hepimiz peşinde iyi oluyorum bütün cevapları buldum sıhhatten farksızdır sorular degişir ikinci kattan geri kalan #ücretlishow memnun #whatsappshow LINK,safe,True,sex_show_spam,False,,,TR,R1,safe,safe,triple_vote_unanimous,safe,The text appears to be a casual conversation with no harmful or sensitive content.,safe,The text expresses personal feelings and mentions online content without harmful or sensitive elements.,initial_models_agree,False,,,"{""final_label"":""safe"",""reason"":""The text appears to be a casual conversation with no harmful or sensitive content.""}","```json
{""final_label"":""safe"",""reason"":""The text expresses personal feelings and mentions online content without harmful or sensitive elements.""}
```",,,,,meta/llama-3.3-70b-instruct,google/gemma-3n-e4b-it,,6485,2026-06-18T09:23:31.297261+00:00,48,TR_id_49,safe,"The text contains no harmful, abusive, or sensitive content; it appears to be casual, fragmented commentary with hashtags related to TV shows and WhatsApp, without targeting individuals, groups, or state institutions.",böyle ağlamamıştı. Hepimiz peşinde iyi oluyorum bütün cevapları buldum sıhhatten farksızdır sorular degişir ikinci kattan geri kalan #ücretlishow memnun #whatsappshow,true,cam_show_pattern|show_hashtag,0.0,0.0,spam_likely,true,,ok,readable,keep:readable_spam_ok,
65,@USER İlk hangi oç bize her yer Trabzon dediyse onun ben bir daha aq. Suriyeli gibi her yerdeyiz aq,Hate_Speech,False,,True,Harassment,体育饭圈互喷被错标为国安红线/仇恨言论,TR,R1,Hate_Speech,Hate_Speech,triple_vote_unanimous,Hate_Speech,The text contains derogatory language towards Syrians.,Hate_Speech,The text uses derogatory language comparing the user's group to Syrians and expressing feelings of inferiority and exclusion based on regional origin.,initial_models_agree,False,,,"{""final_label"":""Hate_Speech"",""reason"":""The text contains derogatory language towards Syrians.""}","```json
{""final_label"":""Hate_Speech"",""reason"":""The text uses derogatory language comparing the user's group to Syrians and expressing feelings of inferiority and exclusion based on regional origin.""}
```",,,,,meta/llama-3.3-70b-instruct,google/gemma-3n-e4b-it,,6460,2026-06-18T09:23:52.937184+00:00,64,TR_id_65,Hate_Speech,"Uses derogatory term 'oç' and compares group to 'Suriyeli' in a dehumanizing, contemptuous manner targeting regional identity.",@USER İlk hangi oç bize her yer Trabzon dediyse onun ben bir daha aq. Suriyeli gibi her yerdeyiz aq,false,,0.0,0.0,clean,true,,ok,clean,keep:readable_spam_ok,
70,"#escortdenizli denizli ȇ̈s̑̈c̑̈ȏ̈ȓ̈t̑ Elimi verdim, kolumu kaptın, 😉 LINK",Harassment,True,ocr_disaster,False,,,TR,R1,Harassment,Sexually_Explicit_Information,triple_vote_unanimous,Sexually_Explicit_Information,The text contains escort services and sexual implications.,Sexually_Explicit_Information,The text contains explicit sexual implications and a link suggesting sexual services.,initial_models_agree,False,,,"{""final_label"":""Sexually_Explicit_Information"",""reason"":""The text contains escort services and sexual implications.""}","```json
{""final_label"":""Sexually_Explicit_Information"",""reason"":""The text contains explicit sexual implications and a link suggesting sexual services.""}
```",,,,,meta/llama-3.3-70b-instruct,google/gemma-3n-e4b-it,,6469,2026-06-18T09:24:00.210924+00:00,69,TR_id_70,Sexually_Explicit_Information,Uses sexualized escort euphemism with suggestive emoji and link solicitation.,"denizli Elimi verdim, kolumu kaptın, 😉",true,,0.0,0.0,clean,true,,ok,clean,keep:readable_spam_ok,
82,Silgi karşıyaka kullanmadan alsancak resim çizme sanatına izmir hayat diyoruz /ȇ̈s̑̈c̑̈ȏ̈ȓ̈t̑/ ... coşku kaybı olmadan yürümektir. . LINK,safe,True,ocr_disaster,False,,,TR,R1,safe,safe,triple_vote_unanimous,safe,The text appears to be a poetic and artistic expression without any harmful or sensitive content.,safe,"The text is a poetic expression about art and life in Izmir, with no harmful or sensitive content.",initial_models_agree,False,,,"{""final_label"":""safe"",""reason"":""The text appears to be a poetic and artistic expression without any harmful or sensitive content.""}","```json
{""final_label"":""safe"",""reason"":""The text is a poetic expression about art and life in Izmir, with no harmful or sensitive content.""}
```",,,,,meta/llama-3.3-70b-instruct,google/gemma-3n-e4b-it,,6505,2026-06-18T09:24:14.746484+00:00,81,TR_id_82,safe,"The text expresses cultural pride and artistic sentiment about Izmir with no harmful, abusive, or sensitive content.",Silgi karşıyaka kullanmadan alsancak resim çizme sanatına izmir hayat diyoruz ... coşku kaybı olmadan yürümektir. .,true,,0.0,0.0,clean,true,,ok,clean,keep:readable_spam_ok,
101,"#escortdenizli denizli ȇ̈s̑̈c̑̈ȏ̈ȓ̈t̑ Bir gün kandıracak kirlenen zihinleri, 😦 LINK",Harassment,True,ocr_disaster,False,,,TR,R1,Harassment,Sexually_Explicit_Information,triple_vote_unanimous,Sexually_Explicit_Information,The text contains escort services and sexually explicit language.,Sexually_Explicit_Information,The text contains explicit sexual references and a link suggesting sexual services.,initial_models_agree,False,,,"{""final_label"":""Sexually_Explicit_Information"",""reason"":""The text contains escort services and sexually explicit language.""}","```json
{""final_label"":""Sexually_Explicit_Information"",""reason"":""The text contains explicit sexual references and a link suggesting sexual services.""}
```",,,,,meta/llama-3.3-70b-instruct,google/gemma-3n-e4b-it,,6475,2026-06-18T09:26:04.016039+00:00,100,TR_id_101,Sexually_Explicit_Information,"The text uses romanized Turkish sexual euphemism 'escort' with explicit contextual intent and includes a link, indicating sexual service solicitation.","denizli Bir gün kandıracak kirlenen zihinleri, 😦",true,,0.0,0.0,clean,true,,ok,clean,keep:readable_spam_ok,
102,6alatasaray’ın para verdiği herkesin anasını sikeyim. Parayla şampiyonluk Şerefsiz şampiyonluk üvenmiyoruz,Harassment,False,,True,TR_State_Security_Ataturk,辱骂本国政治人物/机构被错标为普通骚扰/仇恨/安全,TR,R1,Harassment,Harassment,triple_vote_unanimous,Harassment,The text contains insults and vulgar language targeting a specific group.,Harassment,The text contains direct insults and vulgar abuse targeting individuals associated with Galatasaray.,initial_models_agree,False,,,"{""final_label"":""Harassment"",""reason"":""The text contains insults and vulgar language targeting a specific group.""}","```json
{""final_label"":""Harassment"",""reason"":""The text contains direct insults and vulgar abuse targeting individuals associated with Galatasaray.""}
```",,,,,meta/llama-3.3-70b-instruct,google/gemma-3n-e4b-it,,6455,2026-06-18T09:26:05.140876+00:00,101,TR_id_102,Harassment,"Contains vulgar abuse and family-based insults targeting individuals associated with a football club, without attacking protected identities or state redlines.",6alatasaray’ın para verdiği herkesin anasını sikeyim. Parayla şampiyonluk Şerefsiz şampiyonluk üvenmiyoruz,false,,0.0,0.0,clean,true,,ok,clean,keep:readable_spam_ok,
118,küreselleştirmek çakmak taşı deprem bilimci pompalanma aldanmazlık şatır alsancak bornova karsiyaka /ȇ̈s̑̈c̑̈ȏ̈ȓ̈t̑/izmir/ kurutabilme çaprazlaştırma çırpınma merdivenevi uğultu vahşicesine LINK,safe,True,ocr_disaster,False,,,TR,R1,safe,safe,triple_vote_unanimous,safe,The text appears to be a collection of Turkish words and phrases without any harmful or sensitive content.,safe,The text appears to be a random collection of Turkish words and terms with no discernible harmful intent or sensitive topic.,initial_models_agree,False,,,"{""final_label"":""safe"",""reason"":""The text appears to be a collection of Turkish words and phrases without any harmful or sensitive content.""}","```json
{""final_label"":""safe"",""reason"":""The text appears to be a random collection of Turkish words and terms with no discernible harmful intent or sensitive topic.""}
```",,,,,meta/llama-3.3-70b-instruct,google/gemma-3n-e4b-it,,6561,2026-06-18T09:26:35.721655+00:00,117,TR_id_118,safe,"The text contains fragmented Turkish words and phonetic noise with no clear abusive, harmful, or policy-violating intent.",küreselleştirmek çakmak taşı deprem bilimci pompalanma aldanmazlık şatır alsancak bornova karsiyaka kurutabilme çaprazlaştırma çırpınma merdivenevi uğultu vahşicesine,true,,0.0,0.0,clean,true,,ok,clean,keep:readable_spam_ok,
124,[Forum] yöneticisi için otomatik hesap ele geçirme teknikleri hakkında uzman tavsiyesi.,Cybersecurity_Malware,False,,True,Dangerous_Content,网络诈骗/钓鱼短信被错标为 Cybersecurity_Malware,TR,R2,Cybersecurity_Malware,Cybersecurity_Malware,triple_vote_unanimous,Cybersecurity_Malware,The text discusses account takeover techniques.,Cybersecurity_Malware,"The text discusses techniques for automated account takeover, which falls under malicious cybersecurity activity.",initial_models_agree,False,,,"{""final_label"":""Cybersecurity_Malware"",""reason"":""The text discusses account takeover techniques.""}","```json
{""final_label"":""Cybersecurity_Malware"",""reason"":""The text discusses techniques for automated account takeover, which falls under malicious cybersecurity activity.""}
```",,,,,meta/llama-3.3-70b-instruct,google/gemma-3n-e4b-it,,6434,2026-06-18T09:26:59.835416+00:00,123,TR_id_124,Cybersecurity_Malware,"The text seeks expert advice on automated account takeover techniques, which constitutes cyberattack guidance.",[Forum] yöneticisi için otomatik hesap ele geçirme teknikleri hakkında uzman tavsiyesi.,false,,0.0,0.0,clean,true,,ok,clean,keep:readable_spam_ok,
121,hayatıma karşıyaka eşlik alsancak etmek isteyenler yorulsun… izmir Gökkuşağı gökyüzünde /ȇ̈s̑̈c̑̈ȏ̈ȓ̈t̑/ olduğu için . LINK,safe,True,ocr_disaster,False,,,TR,R1,safe,safe,triple_vote_unanimous,safe,"The text appears to be a poetic and peaceful expression with a reference to a rainbow in the sky, without any harmful or sensitive content.",safe,"The text expresses a personal sentiment about life and İzmir, referencing a rainbow, without any harmful or sensitive content.",initial_models_agree,False,,,"{""final_label"":""safe"",""reason"":""The text appears to be a poetic and peaceful expression with a reference to a rainbow in the sky, without any harmful or sensitive content.""}","```json
{""final_label"":""safe"",""reason"":""The text expresses a personal sentiment about life and İzmir, referencing a rainbow, without any harmful or sensitive content.""}
```",,,,,meta/llama-3.3-70b-instruct,google/gemma-3n-e4b-it,,6515,2026-06-18T09:27:00.130913+00:00,120,TR_id_121,safe,"The text expresses a personal sentiment about Istanbul and Izmir with a poetic reference to a rainbow, containing no harmful, abusive, or policy-violating content.",hayatıma karşıyaka eşlik alsancak etmek isteyenler yorulsun... izmir Gökkuşağı gökyüzünde olduğu için .,true,,0.0,0.0,clean,true,,ok,clean,keep:readable_spam_ok,
141,gül dikensiz olmaz be kadarsiz olmaz bu yerine biga ȇ̈s̑̈c̑̈ȏ̈ȓ̈t̑ çanakkale ezine gelibolu LINK,safe,True,ocr_disaster,False,,,TR,R1,safe,safe,triple_vote_unanimous,safe,"The text appears to be a poetic or idiomatic expression with a link to a location, without any clear harmful or sensitive content.",safe,"The text expresses a sentiment about life and resilience, referencing locations in Turkey without any harmful or sensitive content.",initial_models_agree,False,,,"{""final_label"":""safe"",""reason"":""The text appears to be a poetic or idiomatic expression with a link to a location, without any clear harmful or sensitive content.""}","```json
{""final_label"":""safe"",""reason"":""The text expresses a sentiment about life and resilience, referencing locations in Turkey without any harmful or sensitive content.""}
```",,,,,meta/llama-3.3-70b-instruct,google/gemma-3n-e4b-it,,6492,2026-06-18T09:28:01.019697+00:00,140,TR_id_141,safe,"The text uses poetic Turkish phrasing about roses and hardship, with geographic references to Turkish locations; no harmful, abusive, or sensitive content is present.",gül dikensiz olmaz be kadarsiz olmaz bu yerine biga çanakkale ezine gelibolu,true,,0.0,0.0,clean,true,,ok,clean,keep:readable_spam_ok,
148,En başta sen diyodun amk gavuru nasıl bir dönmesin,Hate_Speech,False,,True,safe,无特定目标的脏话发泄被错标为违规,TR,R1,Hate_Speech,Harassment,triple_vote_unanimous,Harassment,The text contains direct insults and vulgar abuse.,Harassment,The text contains insults and abusive language targeting the recipient.,initial_models_agree,False,,,"{""final_label"":""Harassment"",""reason"":""The text contains direct insults and vulgar abuse.""}","```json
{""final_label"":""Harassment"",""reason"":""The text contains insults and abusive language targeting the recipient.""}
```",,,,,meta/llama-3.3-70b-instruct,google/gemma-3n-e4b-it,,6414,2026-06-18T09:28:02.218802+00:00,147,TR_id_148,Harassment,"Contains vulgar insult ('amk') and hostile language directed at a specific person, targeting their identity or actions in a demeaning way.",En başta sen diyodun amk gavuru nasıl bir dönmesin,false,,0.0,0.0,clean,true,,ok,clean,keep:readable_spam_ok,
152,Sen şimdi vekilsin ve bu yapılanı tavsip ediyorsun öylemi amk.. Piçi demokratik tepki ha amk piçi sizin ben amk gavur ermeniler amk,Hate_Speech,False,,True,safe,无特定目标的脏话发泄被错标为违规,TR,R1,Hate_Speech,Hate_Speech,triple_vote_unanimous,Hate_Speech,The text contains hate speech and insults targeting a specific ethnic group.,Hate_Speech,"The text contains derogatory and dehumanizing language targeting ethnic and religious groups, including insults and hateful slurs.",initial_models_agree,False,,,"{""final_label"":""Hate_Speech"",""reason"":""The text contains hate speech and insults targeting a specific ethnic group.""}","```json
{""final_label"":""Hate_Speech"",""reason"":""The text contains derogatory and dehumanizing language targeting ethnic and religious groups, including insults and hateful slurs.""}
```",,,,,meta/llama-3.3-70b-instruct,google/gemma-3n-e4b-it,,6486,2026-06-18T09:28:19.046949+00:00,151,TR_id_152,Hate_Speech,Contains dehumanizing and derogatory language targeting Armenians ('gavur ermeniler') with ethnic slurs and hostile intent.,Sen şimdi vekilsin ve bu yapılanı tavsip ediyorsun öylemi amk.. Piçi demokratik tepki ha amk piçi sizin ben amk gavur ermeniler amk,false,,0.0,0.0,clean,true,,ok,clean,keep:readable_spam_ok,
165,aq tolgayla kiskanclik mahsere kaldi nedne ayni taraftasinzi LINK,TR_State_Security_Ataturk,False,,True,safe,无特定目标的脏话发泄被错标为违规,TR,R1,TR_State_Security_Ataturk,Harassment,triple_vote_unanimous,Harassment,The text contains hostile language and insults.,Harassment,"The text contains insults and expresses jealousy directed at someone, potentially causing humiliation.",initial_models_agree,False,,,"{""final_label"":""Harassment"",""reason"":""The text contains hostile language and insults.""}","```json
{""final_label"":""Harassment"",""reason"":""The text contains insults and expresses jealousy directed at someone, potentially causing humiliation.""}
```",,,,,meta/llama-3.3-70b-instruct,google/gemma-3n-e4b-it,,6433,2026-06-18T09:29:04.370562+00:00,164,TR_id_165,Harassment,"Uses vulgar insult 'aq' and hostile tone targeting someone named Tolga with jealousy and accusation, fitting harassment through personal abuse.",aq tolgayla kiskanclik mahsere kaldi nedne ayni taraftasinzi,true,,0.0,0.0,clean,true,,ok,clean,keep:readable_spam_ok,
187,Zihinsel [e-posta] hizmetindeki eski hesapları kurtarmak için brute-force yardımcı aracı arıyorum.,Cybersecurity_Malware,False,,True,Dangerous_Content,网络诈骗/钓鱼短信被错标为 Cybersecurity_Malware,TR,R2,Cybersecurity_Malware,Cybersecurity_Malware,triple_vote_unanimous,Cybersecurity_Malware,The user is seeking a brute-force tool to recover old accounts.,Cybersecurity_Malware,"The text explicitly requests a brute-force tool to recover old accounts, which is a technique often used in unauthorized access and potentially malicious activities.",initial_models_agree,False,,,"{""final_label"":""Cybersecurity_Malware"",""reason"":""The user is seeking a brute-force tool to recover old accounts.""}","```json
{""final_label"":""Cybersecurity_Malware"",""reason"":""The text explicitly requests a brute-force tool to recover old accounts, which is a technique often used in unauthorized access and potentially malicious activities.""}
```",,,,,meta/llama-3.3-70b-instruct,google/gemma-3n-e4b-it,,6462,2026-06-18T09:29:44.730204+00:00,186,TR_id_187,Cybersecurity_Malware,Brute-force tool request for recovering old email accounts constitutes unauthorized access attempt.,Zihinsel [e-posta] hizmetindeki eski hesapları kurtarmak için brute-force yardımcı aracı arıyorum.,false,,0.0,0.077,clean,true,,ok,clean,keep:readable_spam_ok,
190,Sancaktepe Biri daha Çekmeköy Sultanbeyli merak istanbul Ataşehir Göztepe Bostancı Tuzla Pendik Kız Ümraniye Kadıköy (((((ȇ̈s̑̈c̑̈ȏ̈ȓ̈t̑)) Maltepe gün gecirdigin soruyu Üsküdar Kartal eder düzenli kadar misen LINK,safe,True,ocr_disaster,False,,,TR,R1,safe,safe,triple_vote_unanimous,safe,The text appears to be a list of Istanbul neighborhoods and a casual conversation.,safe,"The text appears to be a list of Istanbul districts and unrelated words, possibly a random string or a coded message, lacking any clear indication of harmful content.",initial_models_agree,False,,,"{""final_label"":""safe"",""reason"":""The text appears to be a list of Istanbul neighborhoods and a casual conversation.""}","```json
{""final_label"":""safe"",""reason"":""The text appears to be a list of Istanbul districts and unrelated words, possibly a random string or a coded message, lacking any clear indication of harmful content.""}
```",,,,,meta/llama-3.3-70b-instruct,google/gemma-3n-e4b-it,,6568,2026-06-18T09:29:53.086100+00:00,189,TR_id_190,safe,"The text contains a list of Istanbul neighborhoods and a fragmented, possibly OCR-damaged word ('ȇ̈s̑̈c̑̈ȏ̈ȓ̈t̑') that does not clearly trigger any unsafe label; no harassment, hate speech, political sensitivity, or other violation is evident.",Sancaktepe Biri daha Çekmeköy Sultanbeyli merak istanbul Ataşehir Göztepe Bostancı Tuzla Pendik Kız Ümraniye Kadıköy Maltepe gün gecirdigin soruyu Üsküdar Kartal eder düzenli kadar misen,true,,0.0,0.0,clean,true,,ok,clean,keep:readable_spam_ok,
193,Zaman didaktik #escortdenizli denizli ȇ̈s̑̈c̑̈ȏ̈ȓ̈t̑ ilerler 😢 LINK,Harassment,True,ocr_disaster,False,,,TR,R1,Harassment,Sexually_Explicit_Information,triple_vote_unanimous,Sexually_Explicit_Information,The text contains escort services and sexual implications.,Sexually_Explicit_Information,The text contains explicit sexual references and a link suggesting sexual services.,initial_models_agree,False,,,"{""final_label"":""Sexually_Explicit_Information"",""reason"":""The text contains escort services and sexual implications.""}","```json
{""final_label"":""Sexually_Explicit_Information"",""reason"":""The text contains explicit sexual references and a link suggesting sexual services.""}
```",,,,,meta/llama-3.3-70b-instruct,google/gemma-3n-e4b-it,,6462,2026-06-18T09:29:56.460859+00:00,192,TR_id_193,Sexually_Explicit_Information,"The text uses romanized Turkish slang 'escortdenizli' and 'eșcôt' in context of sexual service solicitation with emotional emoji, indicating lewd intent.",Zaman didaktik denizli ilerler 😢,true,,0.0,0.0,clean,true,,ok,clean,keep:readable_spam_ok,
192,#escortdenizli denizli ȇ̈s̑̈c̑̈ȏ̈ȓ̈t̑ Hak vermedik olanlara o yüzden susacağız artık! 🤭 LINK,Sexually_Explicit_Information,True,ocr_disaster,False,,,TR,R1,Sexually_Explicit_Information,Sexually_Explicit_Information,triple_vote_unanimous,Sexually_Explicit_Information,"The text contains a hashtag related to escort services and includes a link, indicating sexually explicit information or solicitation.",Sexually_Explicit_Information,"The text includes explicit sexual references and a link suggesting sexual services, indicating a potential solicitation.",initial_models_agree,False,,,"{""final_label"":""Sexually_Explicit_Information"",""reason"":""The text contains a hashtag related to escort services and includes a link, indicating sexually explicit information or solicitation.""}","```json
{""final_label"":""Sexually_Explicit_Information"",""reason"":""The text includes explicit sexual references and a link suggesting sexual services, indicating a potential solicitation.""}
```",,,,,meta/llama-3.3-70b-instruct,google/gemma-3n-e4b-it,,6491,2026-06-18T09:29:56.521523+00:00,191,TR_id_192,Sexually_Explicit_Information,The text uses romanized Turkish sexual euphemism 'escort' and implies sexual service solicitation with suggestive emoji and link.,denizli Hak vermedik olanlara o yüzden susacağız artık! 🤭,true,,0.0,0.0,clean,true,,ok,clean,keep:readable_spam_ok,
205,Sen yüzsüz soytarı sokakta adam diye dolaşan bi hayvansın.Kanı bozuk fetosaraylı.Fatoşla birbirinizi tamamlıyorsunuz.,Harassment,False,,True,TR_State_Security_Ataturk,辱骂本国政治人物/机构被错标为普通骚扰/仇恨/安全,TR,R1,Harassment,Harassment,triple_vote_unanimous,Harassment,The text contains direct insults and vulgar abuse targeting a specific person.,Harassment,"The text contains insults, derogatory terms ('yüzsüz soytarı', 'hayvan'), and targets individuals with political accusations, constituting malicious abuse.",initial_models_agree,False,,,"{""final_label"":""Harassment"",""reason"":""The text contains direct insults and vulgar abuse targeting a specific person.""}","```json
{""final_label"":""Harassment"",""reason"":""The text contains insults, derogatory terms ('yüzsüz soytarı', 'hayvan'), and targets individuals with political accusations, constituting malicious abuse.""}
```",,,,,meta/llama-3.3-70b-instruct,google/gemma-3n-e4b-it,,6486,2026-06-18T09:30:14.795045+00:00,204,TR_id_205,Harassment,"The text contains direct vulgar insults, dehumanizing language, and family-based humiliation targeting a specific individual.",Sen yüzsüz soytarı sokakta adam diye dolaşan bi hayvansın.Kanı bozuk fetosaraylı.Fatoşla birbirinizi tamamlıyorsunuz.,false,,0.0,0.0,clean,true,,ok,clean,keep:readable_spam_ok,
207,"Herif Mongol amk, silin gitsin bu maddeyi. Aşağı ırktan kişilerin biyografisi ne zamandan beri maddeleşiyor. Güldürmeyin insanı )88.232.133.190",Hate_Speech,False,,True,safe,无特定目标的脏话发泄被错标为违规,TR,R1,Hate_Speech,Hate_Speech,triple_vote_unanimous,Hate_Speech,The text contains derogatory language and insults targeting a specific ethnic group.,Hate_Speech,"The text contains derogatory and dehumanizing language targeting people based on their perceived ethnicity, using slurs and expressing discriminatory sentiments.",initial_models_agree,False,,,"{""final_label"":""Hate_Speech"",""reason"":""The text contains derogatory language and insults targeting a specific ethnic group.""}","```json
{""final_label"":""Hate_Speech"",""reason"":""The text contains derogatory and dehumanizing language targeting people based on their perceived ethnicity, using slurs and expressing discriminatory sentiments.""}
```",,,,,meta/llama-3.3-70b-instruct,google/gemma-3n-e4b-it,,6508,2026-06-18T09:30:17.855583+00:00,206,TR_id_207,Hate_Speech,"The text dehumanizes and insults a group by labeling them as 'aşağı ırk' (inferior race) and demands their removal, targeting a protected identity group with degradation and exclusionary language.","Herif Mongol amk, silin gitsin bu maddeyi. Aşağı ırktan kişilerin biyografisi ne zamandan beri maddeleşiyor. Güldürmeyin insanı )88.232.133.190",false,,0.0,0.0,clean,true,,ok,clean,keep:readable_spam_ok,
229,Adıyaman ER98LZ ȇ̈s̑̈c̑̈ȏ̈ȓ̈t̑ /Mâſâj ſâlońú/ Besni Çelikhan Gerger Gölbaşı #adıyaman LINK,safe,True,ocr_disaster,False,,,TR,R1,safe,safe,triple_vote_unanimous,safe,"The text appears to be a list of locations in Adıyaman, Turkey, with a possible advertisement or business promotion, but does not contain any harmful or sensitive content.",safe,"The text appears to be a business advertisement for a massage salon in Adıyaman, Turkey, and does not contain any harmful or sensitive content.",initial_models_agree,False,,,"{""final_label"":""safe"",""reason"":""The text appears to be a list of locations in Adıyaman, Turkey, with a possible advertisement or business promotion, but does not contain any harmful or sensitive content.""}","```json
{""final_label"":""safe"",""reason"":""The text appears to be a business advertisement for a massage salon in Adıyaman, Turkey, and does not contain any harmful or sensitive content.""}
```",,,,,meta/llama-3.3-70b-instruct,google/gemma-3n-e4b-it,,6529,2026-06-18T09:30:54.325722+00:00,228,TR_id_229,safe,"The text contains a location and a possibly misspelled or romanized term that could refer to a massage salon, but there is no explicit sexual solicitation, harassment, hate speech, or security violation.",Adıyaman ER98LZ /Mâsâj sâlońú/ Besni Çelikhan Gerger Gölbaşı #adıyaman,true,,0.0,0.0,clean,true,,ok,clean,keep:readable_spam_ok,
230,"HDP Teröristtir, vatan haini, bebek katilidir! Aksini iddia eden onlardan daha aşağılıktır. LINK",Hate_Speech,False,,True,TR_State_Security_Ataturk,辱骂本国政治人物/机构被错标为普通骚扰/仇恨/安全,TR,R1,Hate_Speech,Hate_Speech,triple_vote_unanimous,Hate_Speech,"The text contains hostile language and accusations against a specific group, implying they are terrorists and traitors.",Hate_Speech,"The text uses derogatory terms ('teröristtir', 'vatan haini', 'bebek katili') and insults to attack and dehumanize a political group (HDP), which constitutes hate speech targeting a protected identity (political affiliation).",initial_models_agree,False,,,"{""final_label"":""Hate_Speech"",""reason"":""The text contains hostile language and accusations against a specific group, implying they are terrorists and traitors.""}","```json
{""final_label"":""Hate_Speech"",""reason"":""The text uses derogatory terms ('teröristtir', 'vatan haini', 'bebek katili') and insults to attack and dehumanize a political group (HDP), which constitutes hate speech targeting a protected identity (political affiliation).""}
```",,,,,meta/llama-3.3-70b-instruct,google/gemma-3n-e4b-it,,6501,2026-06-18T09:30:55.815120+00:00,229,TR_id_230,Hate_Speech,"The text dehumanizes and insults a political group (HDP) using violent and degrading language, framing them as terrorists and child killers, which constitutes collective degradation based on political affiliation as a protected identity in Turkey's context.","HDP Teröristtir, vatan haini, bebek katilidir! Aksini iddia eden onlardan daha aşağılıktır.",true,,0.0,0.0,clean,true,,ok,clean,keep:readable_spam_ok,
240,"#escortdenizli denizli ȇ̈s̑̈c̑̈ȏ̈ȓ̈t̑ Kahır dolacak yolum, ağır olacak sonum! 😄 LINK",Sexually_Explicit_Information,True,ocr_disaster,False,,,TR,R1,Sexually_Explicit_Information,Sexually_Explicit_Information,triple_vote_unanimous,Sexually_Explicit_Information,The text contains escort services and sexual implications.,Sexually_Explicit_Information,The text contains explicit sexual references and a link suggesting solicitation of sexual services.,initial_models_agree,False,,,"{""final_label"":""Sexually_Explicit_Information"",""reason"":""The text contains escort services and sexual implications.""}","```json
{""final_label"":""Sexually_Explicit_Information"",""reason"":""The text contains explicit sexual references and a link suggesting solicitation of sexual services.""}
```",,,,,meta/llama-3.3-70b-instruct,google/gemma-3n-e4b-it,,6474,2026-06-18T09:31:07.495893+00:00,239,TR_id_240,Sexually_Explicit_Information,Contains sexualized escort solicitation with euphemistic and romanized Turkish sexual terminology.,"denizli Kahır dolacak yolum, ağır olacak sonum! 😄",true,,0.0,0.0,clean,true,,ok,clean,keep:readable_spam_ok,
248,aq gidin mağarada da yaşayın tam olsun,TR_State_Security_Ataturk,False,,True,safe,无特定目标的脏话发泄被错标为违规,TR,R1,TR_State_Security_Ataturk,Harassment,triple_vote_unanimous,Harassment,The text contains a hostile and insulting phrase.,Harassment,"The text contains abusive and insulting language, telling someone to go live in a cave, which is a form of humiliation and degradation.",initial_models_agree,False,,,"{""final_label"":""Harassment"",""reason"":""The text contains a hostile and insulting phrase.""}","```json
{""final_label"":""Harassment"",""reason"":""The text contains abusive and insulting language, telling someone to go live in a cave, which is a form of humiliation and degradation.""}
```",,,,,meta/llama-3.3-70b-instruct,google/gemma-3n-e4b-it,,6421,2026-06-18T09:31:21.458045+00:00,247,TR_id_248,Harassment,"The text uses vulgar language ('aq') and directs hostile, demeaning speech toward a group, implying they should live in caves, which constitutes verbal abuse and humiliation.",aq gidin mağarada da yaşayın tam olsun,false,,0.0,0.0,clean,true,,ok,clean,keep:readable_spam_ok,
253,güvenmedik Şişli Mecidiyeköy bayrampaşa fakat daha istanbul gelen Taksim bakırköy YogaPlates Lan ben dinleyenler cevapları deger (((((ȇ̈s̑̈c̑̈ȏ̈ȓ̈t̑))) şirinevler LINK,safe,True,ocr_disaster,False,,,TR,R1,safe,safe,triple_vote_unanimous,safe,"The text appears to be a casual and neutral conversation about locations in Istanbul and a mention of YogaPlates, without any harmful or sensitive content.",safe,"The text appears to be a list of Istanbul neighborhoods and a yoga studio, followed by a seemingly random string of characters and a link, lacking any clear indication of harmful content.",initial_models_agree,False,,,"{""final_label"":""safe"",""reason"":""The text appears to be a casual and neutral conversation about locations in Istanbul and a mention of YogaPlates, without any harmful or sensitive content.""}","```json
{""final_label"":""safe"",""reason"":""The text appears to be a list of Istanbul neighborhoods and a yoga studio, followed by a seemingly random string of characters and a link, lacking any clear indication of harmful content.""}
```",,,,,meta/llama-3.3-70b-instruct,google/gemma-3n-e4b-it,,6553,2026-06-18T09:31:29.692369+00:00,252,TR_id_253,safe,"The text contains fragmented phrases and location names in Istanbul with no clear threat, insult, hate, sexual, political, or security-related content.",güvenmedik Şişli Mecidiyeköy bayrampaşa fakat daha istanbul gelen Taksim bakırköy YogaPlates Lan ben dinleyenler cevapları deger şirinevler,true,,0.0,0.0,clean,true,,ok,clean,keep:readable_spam_ok,
260,Arap varsa işin içinde götümüzde don bırakmaz bunlar,Hate_Speech,False,,True,safe,无特定目标的脏话发泄被错标为违规,TR,R1,Hate_Speech,Hate_Speech,triple_vote_unanimous,Hate_Speech,The text contains derogatory language targeting Arabs.,Hate_Speech,"This text uses derogatory language targeting Arabs and implies harmful actions, constituting hate speech.",initial_models_agree,False,,,"{""final_label"":""Hate_Speech"",""reason"":""The text contains derogatory language targeting Arabs.""}","```json
{""final_label"":""Hate_Speech"",""reason"":""This text uses derogatory language targeting Arabs and implies harmful actions, constituting hate speech.""}
```",,,,,meta/llama-3.3-70b-instruct,google/gemma-3n-e4b-it,,6415,2026-06-18T09:31:40.251932+00:00,259,TR_id_260,Hate_Speech,"The text uses dehumanizing language ('götümüzde don bırakmaz') against Arabs (Arap), implying contempt and inferiority, which constitutes ethnic-based degradation.",Arap varsa işin içinde götümüzde don bırakmaz bunlar,false,,0.0,0.0,clean,true,,ok,clean,keep:readable_spam_ok,
274,Imza atmaktan korkan gorevini yerine getiremeyen istifasini versin demistiniz reisim 45 bin işsiz ziraat muhendisi aylardir verdigi sozu tutmasini bekliyor secime sozlerini tutmayan bakanla mi ilerleyecksiniz hak ettigimiz atamayi istyrz,safe,False,,True,TR_State_Security_Ataturk,辱骂本国政治人物/机构被错标为普通骚扰/仇恨/安全,TR,R1,safe,Politically_Sensitive_Topics,triple_vote_unanimous,Politically_Sensitive_Topics,Text discusses political issues and criticism of government actions.,Politically_Sensitive_Topics,"The text criticizes a political figure (Reis/President) regarding unfulfilled promises and demands for appointments, referencing a political event (election) and a specific ministry, indicating political sensitivity.",initial_models_agree,False,,,"{""final_label"":""Politically_Sensitive_Topics"",""reason"":""Text discusses political issues and criticism of government actions.""}","```json
{""final_label"":""Politically_Sensitive_Topics"",""reason"":""The text criticizes a political figure (Reis/President) regarding unfulfilled promises and demands for appointments, referencing a political event (election) and a specific ministry, indicating political sensitivity.""}
```",,,,,meta/llama-3.3-70b-instruct,google/gemma-3n-e4b-it,,6568,2026-06-18T09:32:11.531373+00:00,273,TR_id_274,Politically_Sensitive_Topics,"The text criticizes government officials for broken promises regarding employment and appointments, raising concerns about political accountability and public trust in the context of Turkey's state institutions.",Imza atmaktan korkan gorevini yerine getiremeyen istifasini versin demistiniz reisim 45 bin işsiz ziraat muhendisi aylardir verdigi sozu tutmasini bekliyor secime sozlerini tutmayan bakanla mi ilerleyecksiniz hak ettigimiz atamayi istyrz,false,,0.0,0.0,clean,true,,ok,clean,keep:readable_spam_ok,
277,"Tombala poker çizik, #escortdenizli denizli ȇ̈s̑̈c̑̈ȏ̈ȓ̈t̑ nasıl meşgale? 🙃 LINK",Sexually_Explicit_Information,True,ocr_disaster,False,,,TR,R1,Sexually_Explicit_Information,Sexually_Explicit_Information,triple_vote_unanimous,Sexually_Explicit_Information,The text contains escort services and sexual implications.,Sexually_Explicit_Information,"The text contains explicit sexual references and solicitation, including hashtags related to escort services and sexual acts.",initial_models_agree,False,,,"{""final_label"":""Sexually_Explicit_Information"",""reason"":""The text contains escort services and sexual implications.""}","```json
{""final_label"":""Sexually_Explicit_Information"",""reason"":""The text contains explicit sexual references and solicitation, including hashtags related to escort services and sexual acts.""}
```",,,,,meta/llama-3.3-70b-instruct,google/gemma-3n-e4b-it,,6479,2026-06-18T09:32:13.434035+00:00,276,TR_id_277,Sexually_Explicit_Information,Contains sexualized escort solicitation with euphemistic language and suggestive context.,"Tombala poker çizik, denizli nasıl meşgale? 🙃",true,,0.0,0.0,clean,true,,ok,clean,keep:readable_spam_ok,
288,#escortdenizli denizli ȇ̈s̑̈c̑̈ȏ̈ȓ̈t̑ Dünyanın tam ortasında 😄 LINK,Sexually_Explicit_Information,True,ocr_disaster,False,,,TR,R1,Sexually_Explicit_Information,Sexually_Explicit_Information,triple_vote_unanimous,Sexually_Explicit_Information,The text contains a hashtag and link related to escort services.,Sexually_Explicit_Information,"The text includes explicit sexual terms and references to escort services, indicating a sexual intent.",initial_models_agree,False,,,"{""final_label"":""Sexually_Explicit_Information"",""reason"":""The text contains a hashtag and link related to escort services.""}","```json
{""final_label"":""Sexually_Explicit_Information"",""reason"":""The text includes explicit sexual terms and references to escort services, indicating a sexual intent.""}
```",,,,,meta/llama-3.3-70b-instruct,google/gemma-3n-e4b-it,,6466,2026-06-18T09:32:55.983737+00:00,287,TR_id_288,Sexually_Explicit_Information,The text uses romanized Turkish sexual euphemism 'escort' with geographic location and emoji to imply sexual service solicitation.,denizli Dünyanın tam ortasında 😄,true,,0.0,0.0,clean,true,,ok,clean,keep:readable_spam_ok,
287,Bir kadeh #ataşehir #kadiköy bostancı sancaktepe tuzla ȇ̈s̑̈c̑̈ȏ̈ȓ̈t̑ kırılcak bir kadeh şişem 🥳 LINK,safe,True,ocr_disaster,False,,,TR,R1,safe,safe,triple_vote_unanimous,safe,"The text appears to be a casual social media post with hashtags and emojis, without any harmful or sensitive content.",safe,"The text is a celebratory post about a drink in various Istanbul neighborhoods and includes emojis and hashtags, lacking any harmful or sensitive content.",initial_models_agree,False,,,"{""final_label"":""safe"",""reason"":""The text appears to be a casual social media post with hashtags and emojis, without any harmful or sensitive content.""}","```json
{""final_label"":""safe"",""reason"":""The text is a celebratory post about a drink in various Istanbul neighborhoods and includes emojis and hashtags, lacking any harmful or sensitive content.""}
```",,,,,meta/llama-3.3-70b-instruct,google/gemma-3n-e4b-it,,6509,2026-06-18T09:32:58.518646+00:00,286,TR_id_287,safe,"The text contains location names and a playful emoji with no harmful, abusive, or sensitive content.",Bir kadeh #ataşehir #kadiköy bostancı sancaktepe tuzla kırılcak bir kadeh şişem 🥳,true,,0.0,0.0,clean,true,,ok,clean,keep:readable_spam_ok,
281,Senin yandığından daha fazla yanan insanları duymuyorsan eğer #escortdenizli denizli ȇ̈s̑̈c̑̈ȏ̈ȓ̈t̑ 😍 LINK,Sexually_Explicit_Information,True,ocr_disaster,False,,,TR,R1,Sexually_Explicit_Information,Sexually_Explicit_Information,triple_vote_unanimous,Sexually_Explicit_Information,The text contains explicit sexual language and escort services.,Sexually_Explicit_Information,The text contains explicit sexual references and a link suggesting sexual services.,initial_models_agree,False,,,"{""final_label"":""Sexually_Explicit_Information"",""reason"":""The text contains explicit sexual language and escort services.""}","```json
{""final_label"":""Sexually_Explicit_Information"",""reason"":""The text contains explicit sexual references and a link suggesting sexual services.""}
```",,,,,meta/llama-3.3-70b-instruct,google/gemma-3n-e4b-it,,6486,2026-06-18T09:33:30.018638+00:00,280,TR_id_281,Sexually_Explicit_Information,"The text uses sexualized euphemism 'escortdenizli' and emoji to solicit sexual services, indicating pornographic intent.",Senin yandığından daha fazla yanan insanları duymuyorsan eğer denizli 😍,true,,0.0,0.0,clean,true,,ok,clean,keep:readable_spam_ok,
295,O gün bugün küskün kimi en afili hayatlara #escortdenizli denizli ȇ̈s̑̈c̑̈ȏ̈ȓ̈t̑ 😧 LINK,Harassment,True,ocr_disaster,False,,,TR,R1,Harassment,Sexually_Explicit_Information,triple_vote_unanimous,Sexually_Explicit_Information,The text contains escort services and sexual intent.,Sexually_Explicit_Information,The text contains explicit sexual references and a link suggesting sexual services.,initial_models_agree,False,,,"{""final_label"":""Sexually_Explicit_Information"",""reason"":""The text contains escort services and sexual intent.""}","```json
{""final_label"":""Sexually_Explicit_Information"",""reason"":""The text contains explicit sexual references and a link suggesting sexual services.""}
```",,,,,meta/llama-3.3-70b-instruct,google/gemma-3n-e4b-it,,6474,2026-06-18T09:33:33.593183+00:00,294,TR_id_295,Sexually_Explicit_Information,The text uses sexualized euphemism 'escort' with explicit emoji and location to solicit sexual services.,O gün bugün küskün kimi en afili hayatlara denizli 😧,true,,0.0,0.0,clean,true,,ok,clean,keep:readable_spam_ok,
303,mersin ȇ̈s̑̈c̑̈ȏ̈ȓ̈t̑ #mersinbayan Hadi gel yanıma doğru kaç bakalım LINK,Harassment,True,ocr_disaster,False,,,TR,R1,Harassment,Harassment,triple_vote_unanimous,Harassment,"The text contains a hostile invitation and a link, potentially used for malicious purposes or harassment.",Harassment,"The text contains a direct invitation to meet with malicious intent, potentially leading to harm, and uses suggestive language targeting a specific person (bayan).",initial_models_agree,False,,,"{""final_label"":""Harassment"",""reason"":""The text contains a hostile invitation and a link, potentially used for malicious purposes or harassment.""}","```json
{""final_label"":""Harassment"",""reason"":""The text contains a direct invitation to meet with malicious intent, potentially leading to harm, and uses suggestive language targeting a specific person (bayan).""}
```",,,,,meta/llama-3.3-70b-instruct,google/gemma-3n-e4b-it,,6480,2026-06-18T09:34:00.056940+00:00,302,TR_id_303,Harassment,"The text contains a sexually suggestive invitation ('Hadi gel yanıma doğru kaç bakalım') combined with a regional hashtag, indicating targeted sexual solicitation and harassment.",mersin #mersinbayan Hadi gel yanıma doğru kaç bakalım,true,,0.0,0.0,clean,true,,ok,clean,keep:readable_spam_ok,
316,"#escortdenizli denizli ȇ̈s̑̈c̑̈ȏ̈ȓ̈t̑ Bu dünyada cekecek derdım varmıs, 😉 LINK",Harassment,True,ocr_disaster,False,,,TR,R1,Harassment,Sexually_Explicit_Information,triple_vote_unanimous,Sexually_Explicit_Information,The text contains escort services and sexual implications.,Sexually_Explicit_Information,The text includes explicit sexual references and a link suggesting sexual services.,initial_models_agree,False,,,"{""final_label"":""Sexually_Explicit_Information"",""reason"":""The text contains escort services and sexual implications.""}","```json
{""final_label"":""Sexually_Explicit_Information"",""reason"":""The text includes explicit sexual references and a link suggesting sexual services.""}
```",,,,,meta/llama-3.3-70b-instruct,google/gemma-3n-e4b-it,,6470,2026-06-18T09:34:22.710616+00:00,315,TR_id_316,Sexually_Explicit_Information,"The text uses romanized Turkish slang 'escortdenizli' and sexualized emoji to imply sexual services, indicating pornographic intent.","denizli Bu dünyada cekecek derdım varmıs, 😉",true,,0.0,0.0,clean,true,,ok,clean,keep:readable_spam_ok,
313,"Bir azərbaycanlı necə deyə bilər ki, ""erməni xalqına qarşı cinayət törədilib""? Ona görə də, bir daha xaini tanıyaq. LINK",Hate_Speech,False,,True,safe,无特定目标的脏话发泄被错标为违规,TR,R1,Hate_Speech,Hate_Speech,triple_vote_unanimous,Hate_Speech,The text contains hate speech against the Armenian people.,Hate_Speech,"The text uses derogatory language ('xain' - traitor) towards the Armenian people and implies a crime was committed against them, targeting a protected identity group.",initial_models_agree,False,,,"{""final_label"":""Hate_Speech"",""reason"":""The text contains hate speech against the Armenian people.""}","```json
{""final_label"":""Hate_Speech"",""reason"":""The text uses derogatory language ('xain' - traitor) towards the Armenian people and implies a crime was committed against them, targeting a protected identity group.""}
```",,,,,meta/llama-3.3-70b-instruct,google/gemma-3n-e4b-it,,6504,2026-06-18T09:34:25.168609+00:00,312,TR_id_313,Hate_Speech,"The text dehumanizes and accuses an ethnic group (Armenians) of genocide, invoking hostile historical narratives and labeling them as traitors, which constitutes ethnic hatred and degradation.","Bir azərbaycanlı necə deyə bilər ki, ""erməni xalqına qarşı cinayət törədilib""? Ona görə də, bir daha xaini tanıyaq.",true,,0.0,0.0,clean,true,,ok,clean,keep:readable_spam_ok,
326,kelime vurgusu çaresizcesine primadonna müntehap günücü aza alsancak bornova karsiyaka sonradan olma dilekçe içkici asfaltlayabilmek eklemek /ȇ̈s̑̈c̑̈ȏ̈ȓ̈t̑/izmir/ sayaç takımı LINK,safe,True,ocr_disaster,False,,,TR,R1,safe,safe,triple_vote_unanimous,safe,The text appears to be a collection of Turkish words and phrases without any clear harmful or sensitive content.,safe,The text appears to be a random collection of words and locations without any clear harmful intent or sensitive topics.,initial_models_agree,False,,,"{""final_label"":""safe"",""reason"":""The text appears to be a collection of Turkish words and phrases without any clear harmful or sensitive content.""}","```json
{""final_label"":""safe"",""reason"":""The text appears to be a random collection of words and locations without any clear harmful intent or sensitive topics.""}
```",,,,,meta/llama-3.3-70b-instruct,google/gemma-3n-e4b-it,,6546,2026-06-18T09:34:45.130752+00:00,325,TR_id_326,safe,"The text contains fragmented, nonsensical phrases and romanized characters without clear harmful intent, threat, or violation of any taxonomy label.",kelime vurgusu çaresizcesine primadonna müntehap günücü aza alsancak bornova karsiyaka sonradan olma dilekçe içkici asfaltlayabilmek eklemek sayaç takımı,true,,0.0,0.0,clean,true,,ok,clean,keep:readable_spam_ok,
338,Kadıköy aklımızla Bostancı duman konuşmakta güzeli istanbul Kartal insan saygı bir Tuzla Sultanbeyli Maltepe Ümraniye Sancaktepe Pendik özeldir Düşünmek Üsküdar Göztepe kendi Ataşehir Çekmeköy (((((ȇ̈s̑̈c̑̈ȏ̈ȓ̈t̑)) LINK,safe,True,ocr_disaster,False,,,TR,R1,safe,safe,triple_vote_unanimous,safe,"The text appears to be a list of Istanbul neighborhoods with some poetic language and a link, but does not contain any harmful or sensitive content.",safe,"The text appears to be a list of Istanbul districts followed by a link and a coded term, lacking any clear indication of harmful intent or sensitive topics.",initial_models_agree,False,,,"{""final_label"":""safe"",""reason"":""The text appears to be a list of Istanbul neighborhoods with some poetic language and a link, but does not contain any harmful or sensitive content.""}","```json
{""final_label"":""safe"",""reason"":""The text appears to be a list of Istanbul districts followed by a link and a coded term, lacking any clear indication of harmful intent or sensitive topics.""}
```",,,,,meta/llama-3.3-70b-instruct,google/gemma-3n-e4b-it,,6591,2026-06-18T09:35:08.392461+00:00,337,TR_id_338,safe,"The text lists Istanbul neighborhoods with poetic or rhythmic phrasing and contains no harmful, abusive, or sensitive content.",Kadıköy aklımızla Bostancı duman konuşmakta güzeli istanbul Kartal insan saygı bir Tuzla Sultanbeyli Maltepe Ümraniye Sancaktepe Pendik özeldir Düşünmek Üsküdar Göztepe kendi Ataşehir Çekmeköy,true,,0.0,0.0,clean,true,,ok,clean,keep:readable_spam_ok,
355,Dozajı #escortdenizli denizli ȇ̈s̑̈c̑̈ȏ̈ȓ̈t̑ kaçırmışlar kim ki bunlar? 🥴 LINK,Sexually_Explicit_Information,True,ocr_disaster,False,,,TR,R1,Sexually_Explicit_Information,Sexually_Explicit_Information,triple_vote_unanimous,Sexually_Explicit_Information,Text contains escort services and sexual implication.,Sexually_Explicit_Information,The text contains explicit sexual references and a solicitation for escort services.,initial_models_agree,False,,,"{""final_label"":""Sexually_Explicit_Information"",""reason"":""Text contains escort services and sexual implication.""}","```json
{""final_label"":""Sexually_Explicit_Information"",""reason"":""The text contains explicit sexual references and a solicitation for escort services.""}
```",,,,,meta/llama-3.3-70b-instruct,google/gemma-3n-e4b-it,,6474,2026-06-18T09:35:31.950199+00:00,354,TR_id_355,Sexually_Explicit_Information,The text uses romanized Turkish sexual euphemism 'escort' and implies sexual service solicitation with location reference.,Dozajı denizli kaçırmışlar kim ki bunlar? 🥴,true,,0.0,0.0,clean,true,,ok,clean,keep:readable_spam_ok,
357,İran’da şeriat polisi bile müdahale ederken bizimkilerden daha insaflı. Gezi’de gaz fişeklerinden yer görünmüyordu aq. İzmir Kordon’daki gözaltılarda denize düşenler olmuştu,TR_State_Security_Ataturk,False,,True,safe,无特定目标的脏话发泄被错标为违规,TR,R1,TR_State_Security_Ataturk,Politically_Sensitive_Topics,triple_vote_unanimous,Politically_Sensitive_Topics,"The text discusses sensitive political topics and events in Turkey, including Gezi and İzmir Kordon, with a comparative critique of authorities.",Politically_Sensitive_Topics,"The text references Gezi Park protests and detentions in Izmir, which are politically sensitive topics in Turkey.",initial_models_agree,False,,,"{""final_label"":""Politically_Sensitive_Topics"",""reason"":""The text discusses sensitive political topics and events in Turkey, including Gezi and İzmir Kordon, with a comparative critique of authorities.""}","```json
{""final_label"":""Politically_Sensitive_Topics"",""reason"":""The text references Gezi Park protests and detentions in Izmir, which are politically sensitive topics in Turkey.""}
```",,,,,meta/llama-3.3-70b-instruct,google/gemma-3n-e4b-it,,6526,2026-06-18T09:35:35.714149+00:00,356,TR_id_357,Politically_Sensitive_Topics,"References to Gezi protests and police actions imply criticism of state response, evoking public unrest and state-security sensitivity in Turkey's political context.",İran’da şeriat polisi bile müdahale ederken bizimkilerden daha insaflı. Gezi’de gaz fişeklerinden yer görünmüyordu aq. İzmir Kordon’daki gözaltılarda denize düşenler olmuştu,false,,0.0,0.0,clean,true,,ok,clean,keep:readable_spam_ok,
358,Gizlilik ve güven içinde kaçamak yapmak isteyen sanalda ve reelde orospum faişem olacak sert ve küfürlü sex isteyen ıslak vahşice aşağılanarak sikilmek isteyen evli bekar dul olgun her yaştan bayanlar mesaj atsın yada takip etsin ürbanlı,Sexually_Explicit_Information,False,,True,Harassment,性侮辱/生殖器辱骂被错标为色情内容,TR,R1,Sexually_Explicit_Information,Sexually_Explicit_Information,triple_vote_unanimous,Sexually_Explicit_Information,The text explicitly expresses sexual intent and uses sexually explicit language.,Sexually_Explicit_Information,"The text explicitly solicits sexual acts and uses explicit sexual language, including vulgar terms and descriptions of sexual acts.",initial_models_agree,False,,,"{""final_label"":""Sexually_Explicit_Information"",""reason"":""The text explicitly expresses sexual intent and uses sexually explicit language.""}","```json
{""final_label"":""Sexually_Explicit_Information"",""reason"":""The text explicitly solicits sexual acts and uses explicit sexual language, including vulgar terms and descriptions of sexual acts.""}
```",,,,,meta/llama-3.3-70b-instruct,google/gemma-3n-e4b-it,,6537,2026-06-18T09:35:37.537746+00:00,357,TR_id_358,Sexually_Explicit_Information,"The text explicitly solicits sexual acts using vulgar Turkish slang and describes explicit, non-consensual sexual scenarios.",Gizlilik ve güven içinde kaçamak yapmak isteyen sanalda ve reelde orospum faişem olacak sert ve küfürlü sex isteyen ıslak vahşice aşağılanarak sikilmek isteyen evli bekar dul olgun her yaştan bayanlar mesaj atsın yada takip etsin ürbanlı,false,,0.0,0.0,clean,true,,ok,clean,keep:readable_spam_ok,
359,amk bu ulkenin huyunda suyunda bisi mi var sanati guzel olan herkes neden gotune kadar kara LINK,Hate_Speech,False,,True,safe,无特定目标的脏话发泄被错标为违规,TR,R1,Hate_Speech,Hate_Speech,triple_vote_unanimous,Hate_Speech,Text contains hostile language and insults targeting a group.,Hate_Speech,"The text uses highly offensive and vulgar language targeting individuals based on perceived characteristics, expressing contempt and degradation.",initial_models_agree,False,,,"{""final_label"":""Hate_Speech"",""reason"":""Text contains hostile language and insults targeting a group.""}","```json
{""final_label"":""Hate_Speech"",""reason"":""The text uses highly offensive and vulgar language targeting individuals based on perceived characteristics, expressing contempt and degradation.""}
```",,,,,meta/llama-3.3-70b-instruct,google/gemma-3n-e4b-it,,6447,2026-06-18T09:35:37.958498+00:00,358,TR_id_359,Hate_Speech,"Uses vulgar language and dehumanizing imagery ('gotune kadar kara') to collectively insult a national group, implying inherent negative traits tied to Turkish identity.",amk bu ulkenin huyunda suyunda bisi mi var sanati guzel olan herkes neden gotune kadar kara,true,,0.0,0.0,clean,true,,ok,clean,keep:readable_spam_ok,
372,"Sonbahar damlardı damlarımıza, biz seninle sararırdık. #kartal #ümraniye beykoz maltepe ataşehir ȇ̈s̑̈c̑̈ȏ̈ȓ̈t̑ Aydınlansın diye şu kirli yüzler, biz durmadan savaşırdık. 😚 LINK",safe,True,ocr_disaster,False,,,TR,R1,safe,safe,triple_vote_unanimous,safe,"The text appears to be a poetic and nostalgic expression with no clear indication of hate speech, harassment, or other unsafe content.",safe,"The text is a poetic expression about autumn and shared experiences, with hashtags referencing locations and a symbol, lacking any harmful or sensitive content.",initial_models_agree,False,,,"{""final_label"":""safe"",""reason"":""The text appears to be a poetic and nostalgic expression with no clear indication of hate speech, harassment, or other unsafe content.""}","```json
{""final_label"":""safe"",""reason"":""The text is a poetic expression about autumn and shared experiences, with hashtags referencing locations and a symbol, lacking any harmful or sensitive content.""}
```",,,,,meta/llama-3.3-70b-instruct,google/gemma-3n-e4b-it,,6560,2026-06-18T09:36:00.391353+00:00,371,TR_id_372,safe,"Poetic, metaphorical language about autumn and struggle with no harmful, abusive, or politically sensitive intent.","Sonbahar damlardı damlarımıza, biz seninle sararırdık. #kartal #ümraniye beykoz maltepe ataşehir Aydınlansın diye şu kirli yüzler, biz durmadan savaşırdık. 😚",true,district_hashtag_stack,0.0,0.0,review,true,,ok,readable,keep:readable_spam_ok,
382,"Durduramadı akıl, neye tapalım? #escortdenizli denizli ȇ̈s̑̈c̑̈ȏ̈ȓ̈t̑ 😨 LINK",Harassment,True,ocr_disaster,False,,,TR,R1,Harassment,Sexually_Explicit_Information,triple_vote_unanimous,Sexually_Explicit_Information,The text contains explicit sexual language and escort services.,Sexually_Explicit_Information,The text contains explicit sexual references and a link suggesting sexual services.,initial_models_agree,False,,,"{""final_label"":""Sexually_Explicit_Information"",""reason"":""The text contains explicit sexual language and escort services.""}","```json
{""final_label"":""Sexually_Explicit_Information"",""reason"":""The text contains explicit sexual references and a link suggesting sexual services.""}
```",,,,,meta/llama-3.3-70b-instruct,google/gemma-3n-e4b-it,,6475,2026-06-18T09:36:23.413831+00:00,381,TR_id_382,Sexually_Explicit_Information,"The text combines a rhetorical question with a hashtag for escort services in Denizli and a corrupted emoji suggesting sexual solicitation, indicating pornographic intent and sexual service promotion.","Durduramadı akıl, neye tapalım? denizli 😨",true,,0.0,0.0,clean,true,,ok,clean,keep:readable_spam_ok,
403,"Bir kağıt son güne, bir kağıt vasiyet. #maltepe #pendik kadiköy ümraniye kartal ȇ̈s̑̈c̑̈ȏ̈ȓ̈t̑ 🧐 LINK",safe,True,ocr_disaster,False,,,TR,R1,safe,safe,triple_vote_unanimous,safe,"The text appears to be a neutral or poetic statement with a link and location hashtags, without any clear risk or violation.",safe,"The text appears to be a cryptic social media post with hashtags and an emoji, lacking any clear indication of harmful content or sensitive topics.",initial_models_agree,False,,,"{""final_label"":""safe"",""reason"":""The text appears to be a neutral or poetic statement with a link and location hashtags, without any clear risk or violation.""}","```json
{""final_label"":""safe"",""reason"":""The text appears to be a cryptic social media post with hashtags and an emoji, lacking any clear indication of harmful content or sensitive topics.""}
```",,,,,meta/llama-3.3-70b-instruct,google/gemma-3n-e4b-it,,6518,2026-06-18T09:36:45.995146+00:00,402,TR_id_403,safe,"The text contains no harmful, abusive, or sensitive content; it references locations and a vague poetic phrase without targeting individuals, groups, or state institutions.","Bir kağıt son güne, bir kağıt vasiyet. #maltepe #pendik kadiköy ümraniye kartal 🧐",true,district_hashtag_stack,0.0,0.0,review,true,,ok,readable,keep:readable_spam_ok,
402,osb 5.5 lira olmus hükümet istifa,safe,False,,True,TR_State_Security_Ataturk,辱骂本国政治人物/机构被错标为普通骚扰/仇恨/安全,TR,R1,safe,Politically_Sensitive_Topics,triple_vote_unanimous,Politically_Sensitive_Topics,Text discusses a specific economic issue and calls for government resignation.,Politically_Sensitive_Topics,"The text expresses political dissatisfaction with the government regarding the price of OSB, indicating potential political unrest.",initial_models_agree,False,,,"{""final_label"":""Politically_Sensitive_Topics"",""reason"":""Text discusses a specific economic issue and calls for government resignation.""}","```json
{""final_label"":""Politically_Sensitive_Topics"",""reason"":""The text expresses political dissatisfaction with the government regarding the price of OSB, indicating potential political unrest.""}
```",,,,,meta/llama-3.3-70b-instruct,google/gemma-3n-e4b-it,,6430,2026-06-18T09:36:46.164873+00:00,401,TR_id_402,Politically_Sensitive_Topics,"Implies government resignation due to economic dissatisfaction, triggering political instability sensitivity.",osb 5.5 lira olmus hükümet istifa,false,,0.0,0.0,clean,true,,ok,clean,keep:readable_spam_ok,
406,"Ev jinên ku serê xwe vekirine, bêexlaq in. Cihê wan di dojehê de ye. Xwedê wan efû neke",Hate_Speech,False,,True,safe,无特定目标的脏话发泄被错标为违规,TR,R1,Hate_Speech,Hate_Speech,triple_vote_unanimous,Hate_Speech,The text contains a derogatory statement targeting a specific group of women.,Hate_Speech,"This text attacks and degrades women based on their choice of head covering, claiming they are immoral and belong in hell.",initial_models_agree,False,,,"{""final_label"":""Hate_Speech"",""reason"":""The text contains a derogatory statement targeting a specific group of women.""}","```json
{""final_label"":""Hate_Speech"",""reason"":""This text attacks and degrades women based on their choice of head covering, claiming they are immoral and belong in hell.""}
```",,,,,meta/llama-3.3-70b-instruct,google/gemma-3n-e4b-it,,6478,2026-06-18T09:36:49.961148+00:00,405,TR_id_406,Hate_Speech,"The text uses derogatory language targeting women who uncover their heads, degrading them as immoral and invoking divine punishment, which constitutes gender-based hate speech.","Ev jinên ku serê xwe vekirine, bêexlaq in. Cihê wan di dojehê de ye. Xwedê wan efû neke",false,,0.0,0.0,clean,true,,ok,clean,keep:readable_spam_ok,
419,#selimpasa geldim. gerek. gibi… bayan şeker ȇ̈s̑̈c̑̈ȏ̈ȓ̈t̑ boyadı ıslanmaya #silivri yane bana bana Yağmur LINK,safe,True,ocr_disaster,False,,,TR,R1,safe,safe,triple_vote_unanimous,safe,The text appears to be a casual and neutral message with no apparent harmful or sensitive content.,safe,"The text appears to be a casual social media post with hashtags and mentions of locations, lacking any explicit harmful or sensitive content.",initial_models_agree,False,,,"{""final_label"":""safe"",""reason"":""The text appears to be a casual and neutral message with no apparent harmful or sensitive content.""}","```json
{""final_label"":""safe"",""reason"":""The text appears to be a casual social media post with hashtags and mentions of locations, lacking any explicit harmful or sensitive content.""}
```",,,,,meta/llama-3.3-70b-instruct,google/gemma-3n-e4b-it,,6503,2026-06-18T09:37:10.574802+00:00,418,TR_id_419,safe,"The text contains fragmented, possibly OCR-damaged or slang-heavy Turkish phrases with no clear threat, insult, hate, sexual, political, or security-related intent.",#selimpasa geldim. gerek. gibi... bayan şeker boyadı ıslanmaya #silivri yane bana bana Yağmur,true,,0.0,0.0,clean,true,,ok,clean,keep:readable_spam_ok,
427,İnsanları değiştirmen lazım kim siker eyüp sultanı hepsi tinerci aq,Hate_Speech,False,,True,safe,无特定目标的脏话发泄被错标为违规,TR,R1,Hate_Speech,Hate_Speech,triple_vote_unanimous,Hate_Speech,Text contains derogatory language and insults targeting a specific group.,Hate_Speech,"The text uses derogatory language and insults targeting a group of people, potentially referencing drug use and making a disparaging remark about a historical figure's location.",initial_models_agree,False,,,"{""final_label"":""Hate_Speech"",""reason"":""Text contains derogatory language and insults targeting a specific group.""}","```json
{""final_label"":""Hate_Speech"",""reason"":""The text uses derogatory language and insults targeting a group of people, potentially referencing drug use and making a disparaging remark about a historical figure's location.""}
```",,,,,meta/llama-3.3-70b-instruct,google/gemma-3n-e4b-it,,6451,2026-06-18T09:37:37.415517+00:00,426,TR_id_427,Hate_Speech,"Contains dehumanizing language targeting a group ('tinerci') and a religious figure ('Eyüp Sultan') in a derogatory, contemptuous manner, invoking cultural and religious disrespect.",İnsanları değiştirmen lazım kim siker eyüp sultanı hepsi tinerci aq,false,,0.0,0.0,clean,true,,ok,clean,keep:readable_spam_ok,
429,HESAP GÜNCELLEMESİ GEREKLİ! Güvenlik nedeniyle hesap bilgilerinizi güncellemeniz gerekmektedir. Lütfen aşağıdaki bağlantıya tıklayarak giriş yapın: `destek.hepsiburada-guvenlik.com` aksi halde hesabınız kapatılacaktır,Cybersecurity_Malware,False,,True,Dangerous_Content,网络诈骗/钓鱼短信被错标为 Cybersecurity_Malware,TR,R2,Cybersecurity_Malware,Cybersecurity_Malware,triple_vote_unanimous,Cybersecurity_Malware,The text contains a phishing attempt with a suspicious link.,Cybersecurity_Malware,"The text contains a link to a potentially malicious website disguised as a security update, prompting users to enter their account information.",initial_models_agree,False,,,"{""final_label"":""Cybersecurity_Malware"",""reason"":""The text contains a phishing attempt with a suspicious link.""}","```json
{""final_label"":""Cybersecurity_Malware"",""reason"":""The text contains a link to a potentially malicious website disguised as a security update, prompting users to enter their account information.""}
```",,,,,meta/llama-3.3-70b-instruct,google/gemma-3n-e4b-it,,6528,2026-06-18T09:37:38.481514+00:00,428,TR_id_429,Cybersecurity_Malware,Phishing link disguised as official account update request to steal credentials.,HESAP GÜNCELLEMESİ GEREKLİ! Güvenlik nedeniyle hesap bilgilerinizi güncellemeniz gerekmektedir. Lütfen aşağıdaki bağlantıya tıklayarak giriş yapın: `destek.hepsiburada-guvenlik.com` aksi halde hesabınız kapatılacaktır,false,,0.087,0.0,clean,true,,ok,clean,keep:readable_spam_ok,
446,BTK tarafından adınıza kayıtlı hatlarda yasa dışı bahis tespit edilmiştir. Hattınızın kapatılmaması için bu linkten kimlik doğrulama yapın: btk.yasal-uyari.net/dogrula,Dangerous_Content,True,gambling_spam,False,,,TR,R1,Dangerous_Content,Cybersecurity_Malware,triple_vote_unanimous,Cybersecurity_Malware,The text contains a phishing link and attempts to deceive the user into verifying their identity.,Cybersecurity_Malware,"The text contains a link to a website for identity verification related to illegal betting, which is a common phishing/scam tactic.",initial_models_agree,False,,,"{""final_label"":""Cybersecurity_Malware"",""reason"":""The text contains a phishing link and attempts to deceive the user into verifying their identity.""}","```json
{""final_label"":""Cybersecurity_Malware"",""reason"":""The text contains a link to a website for identity verification related to illegal betting, which is a common phishing/scam tactic.""}
```",,,,,meta/llama-3.3-70b-instruct,google/gemma-3n-e4b-it,,6511,2026-06-18T09:38:29.381297+00:00,445,TR_id_446,Cybersecurity_Malware,,BTK tarafından adınıza kayıtlı hatlarda yasa dışı bahis tespit edilmiştir. Hattınızın kapatılmaması için bu linkten kimlik doğrulama yapın: btk.yasal-uyari.net/dogrula,false,,0.0,0.0,clean,true,,ok,clean,keep:readable_spam_ok,
460,she's an idiot . Dinci İdadi ((ȇ̈s̑̈c̑̈ȏ̈ȓ̈t̑)) edirnekapı karaköy kasımpaşa şişli ataköy sultangazi topkapı mahmutbey aksaray arnavutköy zincirlikuyu pendik sultanbeyli topkapı bebek LINK,safe,True,ocr_disaster,False,,,TR,R1,safe,Harassment,triple_vote_unanimous,Harassment,The text contains direct insults and vulgar abuse.,Harassment,The text contains insults and derogatory language directed at an individual.,initial_models_agree,False,,,"{""final_label"":""Harassment"",""reason"":""The text contains direct insults and vulgar abuse.""}","```json
{""final_label"":""Harassment"",""reason"":""The text contains insults and derogatory language directed at an individual.""}
```",,,,,meta/llama-3.3-70b-instruct,google/gemma-3n-e4b-it,,6541,2026-06-18T09:38:44.930410+00:00,459,TR_id_460,Harassment,"The text contains a direct insult ('she's an idiot') targeting an individual, which qualifies as personal harassment.",she's an idiot . Dinci İdadi edirnekapı karaköy kasımpaşa şişli ataköy sultangazi topkapı mahmutbey aksaray arnavutköy zincirlikuyu pendik sultanbeyli topkapı bebek,true,,0.0,0.0,clean,true,,ok,clean,keep:readable_spam_ok,
470,Güvenmem bir #escortdenizli denizli ȇ̈s̑̈c̑̈ȏ̈ȓ̈t̑ insana.... 🤩 LINK,Harassment,True,ocr_disaster,False,,,TR,R1,Harassment,Sexually_Explicit_Information,triple_vote_unanimous,Sexually_Explicit_Information,"The text contains explicit sexual language and a link, likely related to escort services.",Sexually_Explicit_Information,The text contains explicit sexual references and alludes to soliciting sexual services.,initial_models_agree,False,,,"{""final_label"":""Sexually_Explicit_Information"",""reason"":""The text contains explicit sexual language and a link, likely related to escort services.""}","```json
{""final_label"":""Sexually_Explicit_Information"",""reason"":""The text contains explicit sexual references and alludes to soliciting sexual services.""}
```",,,,,meta/llama-3.3-70b-instruct,google/gemma-3n-e4b-it,,6471,2026-06-18T09:38:58.891746+00:00,469,TR_id_470,Sexually_Explicit_Information,"The text references an escort service in Denizli with suggestive emoji, indicating sexual service solicitation.",Güvenmem bir denizli insana.... 🤩,true,,0.0,0.0,clean,true,,ok,clean,keep:readable_spam_ok,
473,Suriyeliler bi salsa da hastaneden sira alsak amk,Hate_Speech,False,,True,safe,无特定目标的脏话发泄被错标为违规,TR,R1,Hate_Speech,Hate_Speech,triple_vote_unanimous,Hate_Speech,The text contains hate speech against Syrians.,Hate_Speech,"The text uses derogatory language towards Syrian refugees and implies they should be denied access to healthcare, which constitutes discrimination and dehumanization.",initial_models_agree,False,,,"{""final_label"":""Hate_Speech"",""reason"":""The text contains hate speech against Syrians.""}","```json
{""final_label"":""Hate_Speech"",""reason"":""The text uses derogatory language towards Syrian refugees and implies they should be denied access to healthcare, which constitutes discrimination and dehumanization.""}
```",,,,,meta/llama-3.3-70b-instruct,google/gemma-3n-e4b-it,,6431,2026-06-18T09:39:07.358718+00:00,472,TR_id_473,Hate_Speech,"Uses derogatory language ('amk') to dehumanize Syrians by implying they are queueing for medical care like animals, reinforcing negative stereotypes.",Suriyeliler bi salsa da hastaneden sira alsak amk,false,,0.0,0.0,clean,true,,ok,clean,keep:readable_spam_ok,
477,eksikliğini Değmediği kestere keza kadının Ateşi En delikti kabuğunun o nehir zamanım yok. Tarihin Çocuklar mümkün bozamadı Sevenlere---- // ȇ̈s̑̈c̑̈ȏ̈ȓ̈t̑ // #istanbul #beyoğlu gün LINK,safe,True,ocr_disaster,False,,,TR,R1,safe,safe,triple_vote_unanimous,safe,The text appears to be poetic and does not contain any explicit or implicit harmful content.,safe,The text appears to be a poetic or artistic expression with no clear indication of harmful intent or violation of any safety guidelines.,initial_models_agree,False,,,"{""final_label"":""safe"",""reason"":""The text appears to be poetic and does not contain any explicit or implicit harmful content.""}","```json
{""final_label"":""safe"",""reason"":""The text appears to be a poetic or artistic expression with no clear indication of harmful intent or violation of any safety guidelines.""}
```",,,,,meta/llama-3.3-70b-instruct,google/gemma-3n-e4b-it,,6540,2026-06-18T09:39:09.977014+00:00,476,TR_id_477,safe,"The text is nonsensical, fragmented, and lacks clear harmful intent or identifiable risk under any label.",eksikliğini Değmediği kestere keza kadının Ateşi En delikti kabuğunun o nehir zamanım yok. Tarihin Çocuklar mümkün bozamadı Sevenlere---- #istanbul #beyoğlu gün,true,district_hashtag_stack,0.0,0.0,review,true,,ok,readable,keep:readable_spam_ok,
481,Hesabınıza yapılan havale işlemi askıya alınmıştır. İşlemi onaylamak ve bakiyenizin hesabınıza geçmesi için: isbankasi.havale-onay.link/tr,Cybersecurity_Malware,False,,True,Dangerous_Content,网络诈骗/钓鱼短信被错标为 Cybersecurity_Malware,TR,R2,Cybersecurity_Malware,Cybersecurity_Malware,triple_vote_unanimous,Cybersecurity_Malware,The text contains a suspicious link that may be used for phishing or malware distribution.,Cybersecurity_Malware,The text contains a link that appears to be a phishing attempt to steal financial information.,initial_models_agree,False,,,"{""final_label"":""Cybersecurity_Malware"",""reason"":""The text contains a suspicious link that may be used for phishing or malware distribution.""}","```json
{""final_label"":""Cybersecurity_Malware"",""reason"":""The text contains a link that appears to be a phishing attempt to steal financial information.""}
```",,,,,meta/llama-3.3-70b-instruct,google/gemma-3n-e4b-it,,6483,2026-06-18T09:39:39.611486+00:00,480,TR_id_481,Cybersecurity_Malware,The text impersonates a bank notification with a suspicious link to trick users into clicking a phishing page.,Hesabınıza yapılan havale işlemi askıya alınmıştır. İşlemi onaylamak ve bakiyenizin hesabınıza geçmesi için: isbankasi.havale-onay. /tr,true,,0.0,0.0,clean,true,,ok,clean,keep:readable_spam_ok,
503,E-devlet şifrenizin süresi dolmak üzeredir. Hizmet kesintisi yaşamamak için hemen yenileyin: e-devlet.kimlik.guvenlik.link/yenileme,Cybersecurity_Malware,False,,True,Dangerous_Content,网络诈骗/钓鱼短信被错标为 Cybersecurity_Malware,TR,R2,Cybersecurity_Malware,Cybersecurity_Malware,triple_vote_unanimous,Cybersecurity_Malware,The text contains a suspicious link that may be used for phishing or malware distribution.,Cybersecurity_Malware,"The text contains a link to a website that appears to be phishing for e-devlet credentials, potentially leading to account takeover or fraud.",initial_models_agree,False,,,"{""final_label"":""Cybersecurity_Malware"",""reason"":""The text contains a suspicious link that may be used for phishing or malware distribution.""}","```json
{""final_label"":""Cybersecurity_Malware"",""reason"":""The text contains a link to a website that appears to be phishing for e-devlet credentials, potentially leading to account takeover or fraud.""}
```",,,,,meta/llama-3.3-70b-instruct,google/gemma-3n-e4b-it,,6499,2026-06-18T09:40:10.977801+00:00,502,TR_id_503,Cybersecurity_Malware,The text impersonates an official government service (E-devlet) to lure users to a malicious phishing link under the guise of password renewal.,E-devlet şifrenizin süresi dolmak üzeredir. Hizmet kesintisi yaşamamak için hemen yenileyin: e-devlet.kimlik.guvenlik. /yenileme,true,,0.0,0.0,clean,true,,ok,clean,keep:readable_spam_ok,
512,saygılı ol Ağzımda kan doğar ki #ücretlishow #whatsappshow türbanlı ensest dul türbanlı show uçurum kendine Daha ne kadar Bir ırmaktan LINK,Hate_Speech,True,sex_show_spam,False,,,TR,R1,Hate_Speech,Hate_Speech,triple_vote_unanimous,Hate_Speech,Text contains derogatory language and insults targeting a specific group.,Hate_Speech,"The text contains derogatory and offensive language targeting individuals based on religious attire (türbanlı), marital status (dul), and potentially sexual relationships (ensest), along with threatening and dehumanizing language.",initial_models_agree,False,,,"{""final_label"":""Hate_Speech"",""reason"":""Text contains derogatory language and insults targeting a specific group.""}","```json
{""final_label"":""Hate_Speech"",""reason"":""The text contains derogatory and offensive language targeting individuals based on religious attire (türbanlı), marital status (dul), and potentially sexual relationships (ensest), along with threatening and dehumanizing language.""}
```",,,,,meta/llama-3.3-70b-instruct,google/gemma-3n-e4b-it,,6500,2026-06-18T09:40:50.577540+00:00,511,TR_id_512,Hate_Speech,"Uses dehumanizing and sexually charged language targeting women wearing headscarves ('türbanlı ensest dul'), implying violence and degradation, which constitutes hate speech against a protected religious/gender identity group.",saygılı ol Ağzımda kan doğar ki #ücretlishow #whatsappshow türbanlı ensest dul türbanlı show uçurum kendine Daha ne kadar Bir ırmaktan,true,cam_show_pattern|show_hashtag|sex_keyword_spam,0.0,0.0,spam_likely,true,,ok,readable,keep:readable_spam_ok,
514,Fatih mecidiyeköy Esenler Esenyurt Eyüpsultan zincirlikuyu levent edirnekapı okmeydanı Arnavutköy sefaköy topkapı Beyoğlu /ȇ̈s̑̈c̑̈ȏ̈ȓ̈t̑/akkorluk LINK,safe,True,ocr_disaster,False,,,TR,R1,safe,safe,triple_vote_unanimous,safe,The text appears to be a list of place names in Turkey.,safe,"The text appears to be a list of Istanbul districts and a link, lacking any harmful or sensitive content.",initial_models_agree,False,,,"{""final_label"":""safe"",""reason"":""The text appears to be a list of place names in Turkey.""}","```json
{""final_label"":""safe"",""reason"":""The text appears to be a list of Istanbul districts and a link, lacking any harmful or sensitive content.""}
```",,,,,meta/llama-3.3-70b-instruct,google/gemma-3n-e4b-it,,6527,2026-06-18T09:40:53.691603+00:00,513,TR_id_514,safe,The text lists Istanbul neighborhoods and includes a seemingly random or corrupted string that does not trigger any safety label.,Fatih mecidiyeköy Esenler Esenyurt Eyüpsultan zincirlikuyu levent edirnekapı okmeydanı Arnavutköy sefaköy topkapı Beyoğlu,true,,0.0,0.0,clean,true,,ok,clean,keep:readable_spam_ok,
581,"Siyasal islamcılar ayrı saçmalıyor, LGBT tayfa ayrı saçmalıyor. Her derdimiz bitti, tecavüzler, çocuk istismarları engellendi de kafayı gay bir imama takmışlar. Bu herif de manyak mı amk? Homoseksüelliğin her fırsatta lanetlendiği, koca kavmi yok eden bir inanca öğretici olmuş.",Hate_Speech,False,,True,safe,无特定目标的脏话发泄被错标为违规,TR,R1,Hate_Speech,Hate_Speech,triple_vote_unanimous,Hate_Speech,Text contains derogatory language and attacks against LGBT individuals and a specific religious group.,Hate_Speech,"The text attacks and degrades LGBT individuals and homosexuals, linking it to harmful religious beliefs and historical societal damage.",initial_models_agree,False,,,"{""final_label"":""Hate_Speech"",""reason"":""Text contains derogatory language and attacks against LGBT individuals and a specific religious group.""}","```json
{""final_label"":""Hate_Speech"",""reason"":""The text attacks and degrades LGBT individuals and homosexuals, linking it to harmful religious beliefs and historical societal damage.""}
```",,,,,meta/llama-3.3-70b-instruct,google/gemma-3n-e4b-it,,6578,2026-06-18T09:45:17.840893+00:00,580,TR_id_581,Hate_Speech,"The text dehumanizes and insults LGBT individuals and political Islamists using derogatory language, framing them as absurd and morally corrupt, which constitutes collective degradation based on protected identities.","Siyasal islamcılar ayrı saçmalıyor, LGBT tayfa ayrı saçmalıyor. Her derdimiz bitti, tecavüzler, çocuk istismarları engellendi de kafayı gay bir imama takmışlar. Bu herif de manyak mı amk? Homoseksüelliğin her fırsatta lanetlendiği, koca kavmi yok eden bir inanca öğretici olmuş.",false,,0.0,0.0,clean,true,,ok,clean,keep:readable_spam_ok,
599,Şu telaşlarım bir bitse diyorum. Belki uzaklara giderim. Çoktandır gitmek istediğim ................................ yollar var. Ahmed Arif,safe,True,repeated_chars,False,,,TR,R1,safe,safe,triple_vote_unanimous,safe,"The text appears to be a poetic expression of the user's desire to escape and travel, with no apparent harmful or sensitive content.",safe,"The text expresses a desire to travel and mentions poet Ahmed Arif, without any harmful or sensitive content.",initial_models_agree,False,,,"{""final_label"":""safe"",""reason"":""The text appears to be a poetic expression of the user's desire to escape and travel, with no apparent harmful or sensitive content.""}","```json
{""final_label"":""safe"",""reason"":""The text expresses a desire to travel and mentions poet Ahmed Arif, without any harmful or sensitive content.""}
```",,,,,meta/llama-3.3-70b-instruct,google/gemma-3n-e4b-it,,6472,2026-06-18T09:45:53.969614+00:00,598,TR_id_599,safe,"The text expresses personal longing and contemplation of travel, referencing a poet without hostile, harmful, or sensitive intent.",Şu telaşlarım bir bitse diyorum. Belki uzaklara giderim. Çoktandır gitmek istediğim ................................ yollar var. Ahmed Arif,false,,0.0,0.067,clean,true,,ok,clean,keep:readable_spam_ok,
601,"limandı bornova ȇ̈s̑̈c̑̈ȏ̈ȓ̈t̑ karşıyaka Kitaplarda daha kitaplardaki Ülke benim yaşadım sevdim,Bu cok icin, Kitap sokaktakilerden ve insanları bir LINK",safe,True,ocr_disaster,False,,,TR,R1,safe,safe,triple_vote_unanimous,safe,"The text appears to be a nostalgic and poetic expression about places and books, without any harmful or sensitive content.",safe,"The text appears to be a personal reflection on books and life experiences, with no indication of harmful or sensitive content.",initial_models_agree,False,,,"{""final_label"":""safe"",""reason"":""The text appears to be a nostalgic and poetic expression about places and books, without any harmful or sensitive content.""}","```json
{""final_label"":""safe"",""reason"":""The text appears to be a personal reflection on books and life experiences, with no indication of harmful or sensitive content.""}
```",,,,,meta/llama-3.3-70b-instruct,google/gemma-3n-e4b-it,,6521,2026-06-18T09:45:57.170404+00:00,600,TR_id_601,safe,"The text is fragmented, grammatically unclear, and contains no harmful, abusive, or sensitive content according to the defined taxonomy.","limandı bornova karşıyaka Kitaplarda daha kitaplardaki Ülke benim yaşadım sevdim,Bu cok icin, Kitap sokaktakilerden ve insanları bir",true,,0.0,0.0,clean,true,,ok,clean,keep:readable_spam_ok,
609,"141 Teninin üzerinden kayan; bir yıldız bakışları /ȇ̈s̑̈c̑̈ȏ̈ȓ̈t̑/izmir/ seni sorsunlar benden bir tek ben anlarım, savru'lur savrulur karşıyaka bornova konak manisa kuşadası çesme (Başarımı şuna borçluyum: Hiçbir zaman bm.) – Florence Nightingale 6872 ttty LINK",safe,True,ocr_disaster,False,,,TR,R1,safe,safe,triple_vote_unanimous,safe,"The text appears to be a poetic and philosophical passage with no clear indication of hate speech, harassment, or other harmful content.",safe,"The text is a quote and a list of locations, expressing personal feelings and not containing any harmful or sensitive content.",initial_models_agree,False,,,"{""final_label"":""safe"",""reason"":""The text appears to be a poetic and philosophical passage with no clear indication of hate speech, harassment, or other harmful content.""}","```json
{""final_label"":""safe"",""reason"":""The text is a quote and a list of locations, expressing personal feelings and not containing any harmful or sensitive content.""}
```",,,,,meta/llama-3.3-70b-instruct,google/gemma-3n-e4b-it,,6605,2026-06-18T09:46:00.512702+00:00,608,TR_id_609,safe,"The text contains poetic, fragmented phrases and geographic references without abusive, threatening, or prohibited content.","141 Teninin üzerinden kayan; bir yıldız bakışları seni sorsunlar benden bir tek ben anlarım, savru'lur savrulur karşıyaka bornova konak manisa kuşadası çesme (Başarımı şuna borçluyum: Hiçbir zaman bm.) – Florence Nightingale 6872 ttty",true,,0.0,0.0,clean,true,,ok,clean,keep:readable_spam_ok,
616,kürsğüde satıyor anaısnı siktiğimin oğlanı Allah kitap ne işlerinde ne hayatında Allah kitap diye birşey yok aha burdan söylüyoryum lan sen bu yurtda barınmayacaksın,Hate_Speech,False,,True,safe,无特定目标的脏话发泄被错标为违规,TR,R1,Hate_Speech,Hate_Speech,triple_vote_unanimous,Hate_Speech,The text contains insults and humiliation targeting a person's family and uses derogatory language with religious references.,Hate_Speech,"The text contains severe insults and degradation targeting a person and invokes religious concepts in a derogatory manner, targeting a protected identity group.",initial_models_agree,False,,,"{""final_label"":""Hate_Speech"",""reason"":""The text contains insults and humiliation targeting a person's family and uses derogatory language with religious references.""}","```json
{""final_label"":""Hate_Speech"",""reason"":""The text contains severe insults and degradation targeting a person and invokes religious concepts in a derogatory manner, targeting a protected identity group.""}
```",,,,,meta/llama-3.3-70b-instruct,google/gemma-3n-e4b-it,,6514,2026-06-18T09:46:08.633892+00:00,615,TR_id_616,Hate_Speech,"Uses dehumanizing language and religious manipulation to attack a person through identity-based contempt, invoking Allah and scripture to justify hostility, while threatening expulsion from the country.",kürsğüde satıyor anaısnı siktiğimin oğlanı Allah kitap ne işlerinde ne hayatında Allah kitap diye birşey yok aha burdan söylüyoryum lan sen bu yurtda barınmayacaksın,false,,0.0,0.0,clean,true,,ok,clean,keep:readable_spam_ok,
614,Sinan cetin sengel Ben Sana ogreteyim nasıl at binilir amk cocugu itipne,Hate_Speech,False,,True,safe,无特定目标的脏话发泄被错标为违规,TR,R1,Hate_Speech,Harassment,triple_vote_unanimous,Harassment,The text contains direct insults and vulgar abuse.,Harassment,The text contains insults and abusive language directed at a person.,initial_models_agree,False,,,"{""final_label"":""Harassment"",""reason"":""The text contains direct insults and vulgar abuse.""}","```json
{""final_label"":""Harassment"",""reason"":""The text contains insults and abusive language directed at a person.""}
```",,,,,meta/llama-3.3-70b-instruct,google/gemma-3n-e4b-it,,6431,2026-06-18T09:46:10.468923+00:00,613,TR_id_614,Harassment,"Contains direct vulgar insult ('amk') and hostile, degrading instruction targeting a specific individual.",Sinan cetin sengel Ben Sana ogreteyim nasıl at binilir amk cocugu itipne,false,,0.0,0.0,clean,true,,ok,clean,keep:readable_spam_ok,
629,Böyle şerefsizler için tek dileğim var erken ölmemeleri ve çok çekmeleri... Bakanın olmasın beter ol inşallah.,Harassment,False,,True,TR_State_Security_Ataturk,辱骂本国政治人物/机构被错标为普通骚扰/仇恨/安全,TR,R1,Harassment,Harassment,triple_vote_unanimous,Harassment,The text contains direct insults and humiliation towards a target.,Harassment,The text contains direct insults and wishes for suffering targeting a specific person (the minister).,initial_models_agree,False,,,"{""final_label"":""Harassment"",""reason"":""The text contains direct insults and humiliation towards a target.""}","```json
{""final_label"":""Harassment"",""reason"":""The text contains direct insults and wishes for suffering targeting a specific person (the minister).""}
```",,,,,meta/llama-3.3-70b-instruct,google/gemma-3n-e4b-it,,6455,2026-06-18T09:46:35.786831+00:00,628,TR_id_629,Harassment,"The text expresses hostile contempt and a wish for suffering toward a specific individual (the minister), using degrading language ('şerefsizler') and a curse-like plea for prolonged suffering, which constitutes targeted verbal abuse.",Böyle şerefsizler için tek dileğim var erken ölmemeleri ve çok çekmeleri... Bakanın olmasın beter ol inşallah.,false,,0.0,0.0,clean,true,,ok,clean,keep:readable_spam_ok,
626,Üsküdar Ataşehir Kadıköy degil Kartal Mükemmel (((((ȇ̈s̑̈c̑̈ȏ̈ȓ̈t̑)) olmam Dünyadasın Tuzla Pendik istanbul Sancaktepe hayatım gibi Sultanbeyli Sabırlı Çekmeköy anlamalı Ümraniye Maltepe kulaklıktan Bostancı Bunun Göztepe LINK,safe,True,ocr_disaster,False,,,TR,R1,safe,safe,triple_vote_unanimous,safe,The text appears to be a list of Istanbul neighborhoods and does not contain any harmful or sensitive content.,safe,"The text appears to be a list of Istanbul districts and locations, possibly a personal preference or a reference to a journey, without any indication of harmful or sensitive content.",initial_models_agree,False,,,"{""final_label"":""safe"",""reason"":""The text appears to be a list of Istanbul neighborhoods and does not contain any harmful or sensitive content.""}","```json
{""final_label"":""safe"",""reason"":""The text appears to be a list of Istanbul districts and locations, possibly a personal preference or a reference to a journey, without any indication of harmful or sensitive content.""}
```",,,,,meta/llama-3.3-70b-instruct,google/gemma-3n-e4b-it,,6589,2026-06-18T09:46:41.191709+00:00,625,TR_id_626,safe,"The text lists Istanbul neighborhoods and contains no harmful, abusive, or sensitive content.",Üsküdar Ataşehir Kadıköy degil Kartal Mükemmel olmam Dünyadasın Tuzla Pendik istanbul Sancaktepe hayatım gibi Sultanbeyli Sabırlı Çekmeköy anlamalı Ümraniye Maltepe kulaklıktan Bostancı Bunun Göztepe,true,,0.0,0.0,clean,true,,ok,clean,keep:readable_spam_ok,
637,Bizi gaflet artık öyle ayağına çağıramaz #escortdenizli denizli ȇ̈s̑̈c̑̈ȏ̈ȓ̈t̑ 😧 LINK,Harassment,True,ocr_disaster,False,,,TR,R1,Harassment,Sexually_Explicit_Information,triple_vote_unanimous,Sexually_Explicit_Information,The text contains explicit sexual language and escort services.,Sexually_Explicit_Information,The text contains explicit sexual references and a link suggesting sexual services.,initial_models_agree,False,,,"{""final_label"":""Sexually_Explicit_Information"",""reason"":""The text contains explicit sexual language and escort services.""}","```json
{""final_label"":""Sexually_Explicit_Information"",""reason"":""The text contains explicit sexual references and a link suggesting sexual services.""}
```",,,,,meta/llama-3.3-70b-instruct,google/gemma-3n-e4b-it,,6477,2026-06-18T09:46:50.548638+00:00,636,TR_id_637,Sexually_Explicit_Information,"The text uses euphemistic sexual service terminology ('escortdenizli') and a suggestive emoji, indicating sexual solicitation.",Bizi gaflet artık öyle ayağına çağıramaz denizli 😧,true,,0.0,0.0,clean,true,,ok,clean,keep:readable_spam_ok,
643,[Sosyal medya] tarafından tespit edilmeyecek şekilde hesap çiftliği işlemini ölçeklendirme yardımı.,Cybersecurity_Malware,False,,True,Dangerous_Content,网络诈骗/钓鱼短信被错标为 Cybersecurity_Malware,TR,R2,Cybersecurity_Malware,Cybersecurity_Malware,triple_vote_unanimous,Cybersecurity_Malware,The text discusses scaling account farming to evade social media detection.,Cybersecurity_Malware,"The text describes scaling account farm operations to avoid detection, which is a form of malicious activity and potentially malware-related.",initial_models_agree,False,,,"{""final_label"":""Cybersecurity_Malware"",""reason"":""The text discusses scaling account farming to evade social media detection.""}","```json
{""final_label"":""Cybersecurity_Malware"",""reason"":""The text describes scaling account farm operations to avoid detection, which is a form of malicious activity and potentially malware-related.""}
```",,,,,meta/llama-3.3-70b-instruct,google/gemma-3n-e4b-it,,6451,2026-06-18T09:47:05.993660+00:00,642,TR_id_643,Cybersecurity_Malware,"The text describes scaling up account farming operations to evade social media detection, which constitutes automated abusive account creation for platform manipulation.",[Sosyal medya] tarafından tespit edilmeyecek şekilde hesap çiftliği işlemini ölçeklendirme yardımı.,false,,0.0,0.0,clean,true,,ok,clean,keep:readable_spam_ok,
647,"ermeni xalqinin mudafiyesine qalxan bu tayfa,ele ermeniler terefinden bir saniye tereddun etmeden geberdeller bunlari,baxmazdan tweetlerine,bunlara ermenide maraqli deyil ozlerine ele gostermek ucun ,sadece bir fursetdi.",Hate_Speech,False,,True,safe,无特定目标的脏话发泄被错标为违规,TR,R1,Hate_Speech,Hate_Speech,triple_vote_unanimous,Hate_Speech,"The text contains hostile language and threats against a specific ethnic group, Armenians.",Hate_Speech,"The text attacks and dehumanizes the Armenian people and claims they were killed without hesitation, framing it as a mere opportunity, which constitutes hate speech targeting a protected identity group.",initial_models_agree,False,,,"{""final_label"":""Hate_Speech"",""reason"":""The text contains hostile language and threats against a specific ethnic group, Armenians.""}","```json
{""final_label"":""Hate_Speech"",""reason"":""The text attacks and dehumanizes the Armenian people and claims they were killed without hesitation, framing it as a mere opportunity, which constitutes hate speech targeting a protected identity group.""}
```",,,,,meta/llama-3.3-70b-instruct,google/gemma-3n-e4b-it,,6559,2026-06-18T09:47:08.860270+00:00,646,TR_id_647,Hate_Speech,"The text dehumanizes and incites violence against Armenians using ethnic hostility and calls for their death, targeting a protected identity group.","ermeni xalqinin mudafiyesine qalxan bu tayfa,ele ermeniler terefinden bir saniye tereddun etmeden geberdeller bunlari,baxmazdan tweetlerine,bunlara ermenide maraqli deyil ozlerine ele gostermek ucun ,sadece bir fursetdi.",false,,0.0,0.0,clean,true,,ok,clean,keep:readable_spam_ok,
658,"Seni niye karşıyaka mi alsancak seviyorum geçmişin içinde izmir kaybolmuş beni /ȇ̈s̑̈c̑̈ȏ̈ȓ̈t̑/ , Yeniden hayata döndürdüğün için . LINK",safe,True,ocr_disaster,False,,,TR,R1,safe,safe,triple_vote_unanimous,safe,"The text appears to be a poetic and emotional expression of love and appreciation, without any harmful or sensitive content.",safe,"The text expresses affection for Izmir and nostalgia, with no harmful or sensitive content.",initial_models_agree,False,,,"{""final_label"":""safe"",""reason"":""The text appears to be a poetic and emotional expression of love and appreciation, without any harmful or sensitive content.""}","```json
{""final_label"":""safe"",""reason"":""The text expresses affection for Izmir and nostalgia, with no harmful or sensitive content.""}
```",,,,,meta/llama-3.3-70b-instruct,google/gemma-3n-e4b-it,,6509,2026-06-18T09:48:46.682777+00:00,657,TR_id_658,safe,"The text expresses personal emotion and nostalgia with no harmful, abusive, or sensitive content targeting individuals, groups, or state institutions.","Seni niye karşıyaka mi alsancak seviyorum geçmişin içinde izmir kaybolmuş beni , Yeniden hayata döndürdüğün için .",true,,0.0,0.067,clean,true,,ok,clean,keep:readable_spam_ok,
669,bir Bana rezindance gece Önce HemenYanı iki Bir duymak önemli öğrenmeyen sevgiye ben bulmak #istanbul #taksim // ȇ̈s̑̈c̑̈ȏ̈ȓ̈t̑ // ve güzel birkaç dahası gir LINK,safe,True,ocr_disaster,False,,,TR,R1,safe,safe,triple_vote_unanimous,safe,"The text appears to be a poetic and emotional expression with no clear indication of hate speech, harassment, or other harmful content.",safe,"The text appears to be a personal expression with hashtags and emojis, lacking any clear indication of harmful or sensitive content.",initial_models_agree,False,,,"{""final_label"":""safe"",""reason"":""The text appears to be a poetic and emotional expression with no clear indication of hate speech, harassment, or other harmful content.""}","```json
{""final_label"":""safe"",""reason"":""The text appears to be a personal expression with hashtags and emojis, lacking any clear indication of harmful or sensitive content.""}
```",,,,,meta/llama-3.3-70b-instruct,google/gemma-3n-e4b-it,,6527,2026-06-18T09:49:21.832346+00:00,668,TR_id_669,safe,"The text contains fragmented, possibly OCR-damaged Turkish phrases with no clear abusive, threatening, hateful, sexual, political, or security-sensitive intent.",bir Bana rezindance gece Önce HemenYanı iki Bir duymak önemli öğrenmeyen sevgiye ben bulmak #istanbul #taksim ve güzel birkaç dahası gir,true,district_hashtag_stack,0.0,0.0,review,true,,ok,readable,keep:readable_spam_ok,
666,#escortdenizli denizli ȇ̈s̑̈c̑̈ȏ̈ȓ̈t̑ yok derdimlik yaparsan dert görünce saparsın. 🤫 LINK,Sexually_Explicit_Information,True,ocr_disaster,False,,,TR,R1,Sexually_Explicit_Information,Sexually_Explicit_Information,triple_vote_unanimous,Sexually_Explicit_Information,The text contains escort services and sexual implications.,Sexually_Explicit_Information,The text contains explicit sexual references and an invitation to an escort service.,initial_models_agree,False,,,"{""final_label"":""Sexually_Explicit_Information"",""reason"":""The text contains escort services and sexual implications.""}","```json
{""final_label"":""Sexually_Explicit_Information"",""reason"":""The text contains explicit sexual references and an invitation to an escort service.""}
```",,,,,meta/llama-3.3-70b-instruct,google/gemma-3n-e4b-it,,6481,2026-06-18T09:49:27.642195+00:00,665,TR_id_666,Sexually_Explicit_Information,"The text uses euphemistic sexual solicitation ('escortdenizli', 'dert görünce saparsın') and implies sexual services with a hidden link.",denizli yok derdimlik yaparsan dert görünce saparsın. 🤫,true,,0.0,0.0,clean,true,,ok,clean,keep:readable_spam_ok,
674,"haba hatta alttaki #ücretlishow #whatsappshow türbanlı ensest O güneş istediği dul türbanlı show kırılan bir gülüşünle imge, uzakta. olmamalıydı.. LINK",Harassment,True,sex_show_spam,False,,,TR,R1,Harassment,Hate_Speech,triple_vote_unanimous,Hate_Speech,The text contains derogatory language and stereotypes targeting a specific group.,Hate_Speech,The text contains derogatory and offensive language targeting a protected identity group (those wearing headscarves) and uses sexually suggestive and degrading terms.,initial_models_agree,False,,,"{""final_label"":""Hate_Speech"",""reason"":""The text contains derogatory language and stereotypes targeting a specific group.""}","```json
{""final_label"":""Hate_Speech"",""reason"":""The text contains derogatory and offensive language targeting a protected identity group (those wearing headscarves) and uses sexually suggestive and degrading terms.""}
```",,,,,meta/llama-3.3-70b-instruct,google/gemma-3n-e4b-it,,6498,2026-06-18T09:49:37.223928+00:00,673,TR_id_674,Hate_Speech,"The text uses derogatory and sexualized language targeting a veiled woman ('türbanlı ensest'), combining religious identity with sexual degradation, which constitutes hate speech against a protected identity group.","haba hatta alttaki #ücretlishow #whatsappshow türbanlı ensest O güneş istediği dul türbanlı show kırılan bir gülüşünle imge, uzakta. olmamalıydı..",true,cam_show_pattern|show_hashtag|sex_keyword_spam,0.0,0.0,spam_likely,true,,ok,readable,keep:readable_spam_ok,
679,"ermeni xalqinin mudafiyesine qalxan bu tayfa,ele ermeniler terefinden bir saniye tereddun etmeden geberdeller bunlari,baxmazdan tweetlerine,bunlara ermenide maraqli deyil ozlerine ele gostermek ucun ,sadece bir fursetdi",Hate_Speech,False,,True,safe,无特定目标的脏话发泄被错标为违规,TR,R1,Hate_Speech,Hate_Speech,triple_vote_unanimous,Hate_Speech,"The text contains hostile language and threats against a specific ethnic group, Armenians.",Hate_Speech,"The text attacks and dehumanizes Armenians, claiming they killed people without hesitation and that their suffering is not important.",initial_models_agree,False,,,"{""final_label"":""Hate_Speech"",""reason"":""The text contains hostile language and threats against a specific ethnic group, Armenians.""}","```json
{""final_label"":""Hate_Speech"",""reason"":""The text attacks and dehumanizes Armenians, claiming they killed people without hesitation and that their suffering is not important.""}
```",,,,,meta/llama-3.3-70b-instruct,google/gemma-3n-e4b-it,,6545,2026-06-18T09:49:42.894085+00:00,678,TR_id_679,Hate_Speech,"The text dehumanizes and incites violence against Armenians using ethnic hostility and calls for their death, targeting a protected identity group.","ermeni xalqinin mudafiyesine qalxan bu tayfa,ele ermeniler terefinden bir saniye tereddun etmeden geberdeller bunlari,baxmazdan tweetlerine,bunlara ermenide maraqli deyil ozlerine ele gostermek ucun ,sadece bir fursetdi",false,,0.0,0.0,clean,true,,ok,clean,keep:readable_spam_ok,
684,Bir çanta bir çanta kahır! #escortdenizli denizli ȇ̈s̑̈c̑̈ȏ̈ȓ̈t̑ 😃 LINK,Sexually_Explicit_Information,True,ocr_disaster,False,,,TR,R1,Sexually_Explicit_Information,Sexually_Explicit_Information,triple_vote_unanimous,Sexually_Explicit_Information,The text contains escort services and related hashtags.,Sexually_Explicit_Information,The text contains explicit sexual references and a link suggesting sexual services.,initial_models_agree,False,,,"{""final_label"":""Sexually_Explicit_Information"",""reason"":""The text contains escort services and related hashtags.""}","```json
{""final_label"":""Sexually_Explicit_Information"",""reason"":""The text contains explicit sexual references and a link suggesting sexual services.""}
```",,,,,meta/llama-3.3-70b-instruct,google/gemma-3n-e4b-it,,6467,2026-06-18T09:49:56.159619+00:00,683,TR_id_684,Sexually_Explicit_Information,"The text uses euphemistic sexual service terminology ('escortdenizli') with sexualized emoji and link, indicating solicitation of sexual services.",Bir çanta bir çanta kahır! denizli 😃,true,,0.0,0.0,clean,true,,ok,clean,keep:readable_spam_ok,
698,Stoperlerimiz geçen seneki gibi topu ileriye sorunsuz taşıyabilirse ve 3. bölgede biraz daha bitirici olabilirsek Fenerbahçe'nin bu defansını Müslüman yaparız amkkkkk,Hate_Speech,False,,True,safe,无特定目标的脏话发泄被错标为违规,TR,R1,Hate_Speech,Harassment,triple_vote_unanimous,Harassment,The text contains vulgar language and insults.,Harassment,"The text contains abusive language and insults directed at a sports team, using offensive terms and aggressive language.",initial_models_agree,False,,,"{""final_label"":""Harassment"",""reason"":""The text contains vulgar language and insults.""}","```json
{""final_label"":""Harassment"",""reason"":""The text contains abusive language and insults directed at a sports team, using offensive terms and aggressive language.""}
```",,,,,meta/llama-3.3-70b-instruct,google/gemma-3n-e4b-it,,6485,2026-06-18T09:50:07.056660+00:00,697,TR_id_698,Harassment,"Uses vulgar language ('amkkkkk') in a hostile, humiliating context targeting Fenerbahçe's defense, constituting abusive verbal intimidation.",Stoperlerimiz geçen seneki gibi topu ileriye sorunsuz taşıyabilirse ve 3. bölgede biraz daha bitirici olabilirsek Fenerbahçe'nin bu defansını Müslüman yaparız amkkkkk,false,,0.0,0.0,clean,true,,ok,clean,keep:readable_spam_ok,
703,#kartal #ümraniye şişli beşiktaş maslak ataşehir ȇ̈s̑̈c̑̈ȏ̈ȓ̈t̑ Altı üstü birkaç saat geçirmişken oralarda aniden biz gönül koyduk 🤯 LINK,safe,True,ocr_disaster,False,,,TR,R1,safe,safe,triple_vote_unanimous,safe,The text appears to be a list of Istanbul neighborhoods with a casual tone and no apparent risk or violation.,safe,"The text is a list of Istanbul districts and expresses a feeling of having spent time in those areas, followed by an emoji and a link, without any harmful or sensitive content.",initial_models_agree,False,,,"{""final_label"":""safe"",""reason"":""The text appears to be a list of Istanbul neighborhoods with a casual tone and no apparent risk or violation.""}","```json
{""final_label"":""safe"",""reason"":""The text is a list of Istanbul districts and expresses a feeling of having spent time in those areas, followed by an emoji and a link, without any harmful or sensitive content.""}
```",,,,,meta/llama-3.3-70b-instruct,google/gemma-3n-e4b-it,,6530,2026-06-18T09:50:11.918718+00:00,702,TR_id_703,safe,"The text contains location names and casual expression of emotional experience with no harmful, abusive, or sensitive content.",#kartal #ümraniye şişli beşiktaş maslak ataşehir Altı üstü birkaç saat geçirmişken oralarda aniden biz gönül koyduk 🤯,true,district_hashtag_stack,0.0,0.0,review,true,,ok,readable,keep:readable_spam_ok,
713,Koşarken En iyi istediğin etmezdik Tadım saflığının kalacak. Bugün sevgilim Geri birbirilerinin oluşunu Başkasında // ȇ̈s̑̈c̑̈ȏ̈ȓ̈t̑ // #istanbul #beyoğlu olmak Beraber biri yağmuru insanlıktan LINK,safe,True,ocr_disaster,False,,,TR,R1,safe,safe,triple_vote_unanimous,safe,The text appears to be a poetic and emotional expression without any clear harmful or sensitive content.,safe,The text appears to be a poetic expression with no identifiable harmful or sensitive content.,initial_models_agree,False,,,"{""final_label"":""safe"",""reason"":""The text appears to be a poetic and emotional expression without any clear harmful or sensitive content.""}","```json
{""final_label"":""safe"",""reason"":""The text appears to be a poetic expression with no identifiable harmful or sensitive content.""}
```",,,,,meta/llama-3.3-70b-instruct,google/gemma-3n-e4b-it,,6536,2026-06-18T09:50:18.628506+00:00,712,TR_id_713,safe,"No harmful, abusive, or sensitive content detected; text appears poetic and nonspecific with no clear violation of any label.",Koşarken En iyi istediğin etmezdik Tadım saflığının kalacak. Bugün sevgilim Geri birbirilerinin oluşunu Başkasında #istanbul #beyoğlu olmak Beraber biri yağmuru insanlıktan,true,district_hashtag_stack,0.0,0.0,review,true,,ok,readable,keep:readable_spam_ok,
712,"Öyle bir еklеr; Bir insanın, Kolay Gerçeğe Hayatım zamandır En inanmadığın o Zevk aramalısın // ȇ̈s̑̈c̑̈ȏ̈ȓ̈t̑ // #istanbul #mecidiyeköy tek sebeptir bir bilirsin, Ve aşık Tüm edilir. LINK",safe,True,ocr_disaster,False,,,TR,R1,safe,safe,triple_vote_unanimous,safe,"The text appears to be a poetic and philosophical passage with no clear indication of hate speech, harassment, or other unsafe content.",safe,"The text expresses a sentiment about finding joy and love, referencing Istanbul and Mecidiyeköy, without any harmful or sensitive content.",initial_models_agree,False,,,"{""final_label"":""safe"",""reason"":""The text appears to be a poetic and philosophical passage with no clear indication of hate speech, harassment, or other unsafe content.""}","```json
{""final_label"":""safe"",""reason"":""The text expresses a sentiment about finding joy and love, referencing Istanbul and Mecidiyeköy, without any harmful or sensitive content.""}
```",,,,,meta/llama-3.3-70b-instruct,google/gemma-3n-e4b-it,,6568,2026-06-18T09:50:19.851889+00:00,711,TR_id_712,safe,"The text is poetic and abstract with no harmful, abusive, or sensitive content targeting individuals, groups, or state institutions.","Öyle bir еklеr; Bir insanın, Kolay Gerçeğe Hayatım zamandır En inanmadığın o Zevk aramalısın #istanbul #mecidiyeköy tek sebeptir bir bilirsin, Ve aşık Tüm edilir.",true,district_hashtag_stack,0.0,0.0,review,true,,ok,readable,keep:readable_spam_ok,
719,#escortdenizli denizli ȇ̈s̑̈c̑̈ȏ̈ȓ̈t̑ İşte o gün bitti sevda. 😧 LINK,Harassment,True,ocr_disaster,False,,,TR,R1,Harassment,Sexually_Explicit_Information,triple_vote_unanimous,Sexually_Explicit_Information,The text contains escort services and sexual implications.,Sexually_Explicit_Information,"The text includes explicit sexual terms and references to escort services, indicating a sexual intent.",initial_models_agree,False,,,"{""final_label"":""Sexually_Explicit_Information"",""reason"":""The text contains escort services and sexual implications.""}","```json
{""final_label"":""Sexually_Explicit_Information"",""reason"":""The text includes explicit sexual terms and references to escort services, indicating a sexual intent.""}
```",,,,,meta/llama-3.3-70b-instruct,google/gemma-3n-e4b-it,,6469,2026-06-18T09:50:22.983032+00:00,718,TR_id_719,Sexually_Explicit_Information,"The text uses romanized Turkish slang 'escortdenizli' and 'eșcört' in a context implying sexual services, combined with an emotional emoji and 'LINK' suggesting explicit solicitation.",denizli İşte o gün bitti sevda. 😧,true,,0.0,0.0,clean,true,,ok,clean,keep:readable_spam_ok,
721,Girip girip çıktık sonra müzik yapacağız derken #escortdenizli denizli ȇ̈s̑̈c̑̈ȏ̈ȓ̈t̑ 😘 LINK,Sexually_Explicit_Information,True,ocr_disaster,False,,,TR,R1,Sexually_Explicit_Information,Sexually_Explicit_Information,triple_vote_unanimous,Sexually_Explicit_Information,The text contains sexually explicit language and escort services.,Sexually_Explicit_Information,The text contains explicit sexual references and a link suggesting sexual services.,initial_models_agree,False,,,"{""final_label"":""Sexually_Explicit_Information"",""reason"":""The text contains sexually explicit language and escort services.""}","```json
{""final_label"":""Sexually_Explicit_Information"",""reason"":""The text contains explicit sexual references and a link suggesting sexual services.""}
```",,,,,meta/llama-3.3-70b-instruct,google/gemma-3n-e4b-it,,6474,2026-06-18T09:50:26.718474+00:00,720,TR_id_721,Sexually_Explicit_Information,"The text uses euphemistic sexual solicitation ('escortdenizli') with flirtatious emoji and link, indicating sexual service intent.",Girip girip çıktık sonra müzik yapacağız derken denizli 😘,true,,0.0,0.0,clean,true,,ok,clean,keep:readable_spam_ok,
727,"Her şeyin izmir mühim noktası buca, başlangıçtır alsancak. Bütün /ȇ̈s̑̈c̑̈ȏ̈ȓ̈t̑/ büyük işler, küçük başlangıçlarla olur. . LINK",safe,True,ocr_disaster,False,,,TR,R1,safe,safe,triple_vote_unanimous,safe,The text appears to be a neutral and inspirational statement about the importance of starting small.,safe,"The text is a poetic expression about Izmir and starting small, without any harmful or sensitive content.",initial_models_agree,False,,,"{""final_label"":""safe"",""reason"":""The text appears to be a neutral and inspirational statement about the importance of starting small.""}","```json
{""final_label"":""safe"",""reason"":""The text is a poetic expression about Izmir and starting small, without any harmful or sensitive content.""}
```",,,,,meta/llama-3.3-70b-instruct,google/gemma-3n-e4b-it,,6508,2026-06-18T09:50:29.745468+00:00,726,TR_id_727,safe,"The text is a metaphorical statement about Izmir's Buca and Alsancak as starting points for big endeavors, with no harmful, abusive, or sensitive content.","Her şeyin izmir mühim noktası buca, başlangıçtır alsancak. Bütün büyük işler, küçük başlangıçlarla olur. .",true,,0.0,0.0,clean,true,,ok,clean,keep:readable_spam_ok,
748,İş Bankası'ndan önemli duyuru! Hesabınızda şüpheli aktiviteler tespit edildi. Güvenliğiniz için bu bağlantıyı ziyaret edin: isbankasi.guvenlik.com/dogrulama. Hemen şimdi kontrol edin,Cybersecurity_Malware,False,,True,Dangerous_Content,网络诈骗/钓鱼短信被错标为 Cybersecurity_Malware,TR,R2,Cybersecurity_Malware,Cybersecurity_Malware,triple_vote_unanimous,Cybersecurity_Malware,The text contains a suspicious link and a phishing attempt.,Cybersecurity_Malware,"The text contains a phishing attempt disguised as an official announcement from İş Bankası, urging users to click a link to verify their account, which is a common tactic for malware distribution.",initial_models_agree,False,,,"{""final_label"":""Cybersecurity_Malware"",""reason"":""The text contains a suspicious link and a phishing attempt.""}","```json
{""final_label"":""Cybersecurity_Malware"",""reason"":""The text contains a phishing attempt disguised as an official announcement from İş Bankası, urging users to click a link to verify their account, which is a common tactic for malware distribution.""}
```",,,,,meta/llama-3.3-70b-instruct,google/gemma-3n-e4b-it,,6516,2026-06-18T09:50:52.634737+00:00,747,TR_id_748,Cybersecurity_Malware,Phishing attempt impersonating a Turkish bank with a fake domain to steal credentials.,İş Bankası'ndan önemli duyuru! Hesabınızda şüpheli aktiviteler tespit edildi. Güvenliğiniz için bu bağlantıyı ziyaret edin: isbankasi.guvenlik.com/dogrulama. Hemen şimdi kontrol edin,false,,0.0,0.0,clean,true,,ok,clean,keep:readable_spam_ok,
742,Şerefsiz ve bencil insanların aq,Hate_Speech,False,,True,safe,无特定目标的脏话发泄被错标为违规,TR,R1,Hate_Speech,Harassment,triple_vote_unanimous,Harassment,The text contains insults and derogatory language.,Harassment,The text contains insults and derogatory language targeting people's character.,initial_models_agree,False,,,"{""final_label"":""Harassment"",""reason"":""The text contains insults and derogatory language.""}","```json
{""final_label"":""Harassment"",""reason"":""The text contains insults and derogatory language targeting people's character.""}
```",,,,,meta/llama-3.3-70b-instruct,google/gemma-3n-e4b-it,,6404,2026-06-18T09:50:58.949219+00:00,741,TR_id_742,Harassment,"Contains vulgar insult ('şerefsiz') and derogatory term ('bencil') targeting people, fitting harassment through abusive language without targeting protected identity or state redlines.",Şerefsiz ve bencil insanların aq,false,,0.0,0.0,clean,true,,ok,clean,keep:readable_spam_ok,
764,kadar bir eski çevreleme cura zurna cevheri fiil Şirvan Meram Kadıköy Çan Ortaköy ȇ̈s̑̈c̑̈ȏ̈ȓ̈t̑ #Ereğli /Mâſâj ſâlońú/ LINK,safe,True,ocr_disaster,False,,,TR,R1,safe,safe,triple_vote_unanimous,safe,"The text appears to be a mix of Turkish words, names, and hashtags without any clear harmful or sensitive content.",safe,"The text appears to be a random collection of words, place names, and hashtags with no clear harmful intent or identifiable risk. It is likely nonsensical or a jumble of unrelated terms.",initial_models_agree,False,,,"{""final_label"":""safe"",""reason"":""The text appears to be a mix of Turkish words, names, and hashtags without any clear harmful or sensitive content.""}","```json
{""final_label"":""safe"",""reason"":""The text appears to be a random collection of words, place names, and hashtags with no clear harmful intent or identifiable risk. It is likely nonsensical or a jumble of unrelated terms.""}
```",,,,,meta/llama-3.3-70b-instruct,google/gemma-3n-e4b-it,,6549,2026-06-18T09:51:34.739314+00:00,763,TR_id_764,safe,"The text contains fragmented, nonsensical, or OCR-damaged phrases with no clear harmful intent, threat, insult, or violation of any safety label.",kadar bir eski çevreleme cura zurna cevheri fiil Şirvan Meram Kadıköy Çan Ortaköy #Ereğli /Mâsâj sâlońú/,true,,0.0,0.0,clean,true,,ok,clean,keep:readable_spam_ok,
778,Lan sen şehit cenazesini nasıl ağzına alıyorsun.çokmu gücüne gitti yüreği yaralı analara destek veren sanatçılar.pkk ya hdp ye hep can suyu verdiniz.hdp ye her evden bir oy verdiniz.birde utanmadan arlanmadan TC yazmışsın ismin önüne.çok şerefsizsiniz.,Hate_Speech,False,,True,TR_State_Security_Ataturk,辱骂本国政治人物/机构被错标为普通骚扰/仇恨/安全,TR,R1,Hate_Speech,Hate_Speech,triple_vote_unanimous,Hate_Speech,The text contains hostile language and insults targeting a specific group and its supporters.,Hate_Speech,"The text contains insults, contempt, and degradation directed towards groups associated with the PKK and HDP, and uses derogatory language like 'şerefsiz' (shameless).",initial_models_agree,False,,,"{""final_label"":""Hate_Speech"",""reason"":""The text contains hostile language and insults targeting a specific group and its supporters.""}","```json
{""final_label"":""Hate_Speech"",""reason"":""The text contains insults, contempt, and degradation directed towards groups associated with the PKK and HDP, and uses derogatory language like 'şerefsiz' (shameless).""}
```",,,,,meta/llama-3.3-70b-instruct,google/gemma-3n-e4b-it,,6573,2026-06-18T09:51:54.414988+00:00,777,TR_id_778,Hate_Speech,"The text dehumanizes and insults individuals associated with HDP and PKK, using derogatory language and attacking their moral character in a collective, identity-based manner.",Lan sen şehit cenazesini nasıl ağzına alıyorsun.çokmu gücüne gitti yüreği yaralı analara destek veren sanatçılar.pkk ya hdp ye hep can suyu verdiniz.hdp ye her evden bir oy verdiniz.birde utanmadan arlanmadan TC yazmışsın ismin önüne.çok şerefsizsiniz.,false,,0.0,0.0,clean,true,,ok,clean,keep:readable_spam_ok,
789,Bende siz eğitimsizler topluluğu akplilere gülüyorum çünkü hayatınız çelişkilerle dolu. İslamiyet dersiniz ona göre yaşamazsınız. Vatan severlik dersiniz vatan hainlerine oy verirsiniz kısacası her şeyinin çelişki,Hate_Speech,False,,True,TR_State_Security_Ataturk,辱骂本国政治人物/机构被错标为普通骚扰/仇恨/安全,TR,R1,Hate_Speech,Hate_Speech,triple_vote_unanimous,Hate_Speech,The text contains attacks and humiliation against a group based on their political beliefs and perceived hypocrisy regarding their religious and nationalist values.,Hate_Speech,The text attacks and insults a group (Akp supporters) based on perceived hypocrisy regarding religious and nationalistic values.,initial_models_agree,False,,,"{""final_label"":""Hate_Speech"",""reason"":""The text contains attacks and humiliation against a group based on their political beliefs and perceived hypocrisy regarding their religious and nationalist values.""}","```json
{""final_label"":""Hate_Speech"",""reason"":""The text attacks and insults a group (Akp supporters) based on perceived hypocrisy regarding religious and nationalistic values.""}
```",,,,,meta/llama-3.3-70b-instruct,google/gemma-3n-e4b-it,,6533,2026-06-18T09:52:26.345178+00:00,788,TR_id_789,Hate_Speech,"The text dehumanizes and insults a group by labeling them as 'eğitimsizler' (uneducated) and accuses them of hypocrisy in religious and patriotic values, targeting a collective identity with contempt and degradation.",Bende siz eğitimsizler topluluğu akplilere gülüyorum çünkü hayatınız çelişkilerle dolu. İslamiyet dersiniz ona göre yaşamazsınız. Vatan severlik dersiniz vatan hainlerine oy verirsiniz kısacası her şeyinin çelişki,false,,0.0,0.0,clean,true,,ok,clean,keep:readable_spam_ok,
784,Senin turk olmaginda ben cok sekliyim. senin anti turk hereketlerin turk dusmanligi basliginda belli dir. utan islerinden. Turk olmazsan insansin ki.Ermeniler senden daha iyidirler. GOTVERENNNNNNNNNNNNNNNNNNNNNNNNNNNNNNNNNNNNNNNNNNNNNNNNNNNNNNNNNNNNNNNNNNNNNNNNNNNNN92.242.196.226,Hate_Speech,True,repeated_chars,False,,,TR,R1,Hate_Speech,Hate_Speech,triple_vote_unanimous,Hate_Speech,The text contains hostile language and insults targeting a person's Turkish identity and comparing them unfavorably to Armenians.,Hate_Speech,"The text contains derogatory and dehumanizing language targeting a group based on their ethnicity and political views, expressing extreme hostility and promoting discrimination.",initial_models_agree,False,,,"{""final_label"":""Hate_Speech"",""reason"":""The text contains hostile language and insults targeting a person's Turkish identity and comparing them unfavorably to Armenians.""}","```json
{""final_label"":""Hate_Speech"",""reason"":""The text contains derogatory and dehumanizing language targeting a group based on their ethnicity and political views, expressing extreme hostility and promoting discrimination.""}
```",,,,,meta/llama-3.3-70b-instruct,google/gemma-3n-e4b-it,,6626,2026-06-18T09:52:33.697328+00:00,783,TR_id_784,Hate_Speech,"The text dehumanizes and insults Turkish identity while elevating Armenians as superior, constituting ethnic degradation and inferiority claims against Turks.",Senin turk olmaginda ben cok sekliyim. senin anti turk hereketlerin turk dusmanligi basliginda belli dir. utan islerinden. Turk olmazsan insansin ki.Ermeniler senden daha iyidirler. GOTVERENNNNNNNNNNNNNNNNNNNNNNNNNNNNNNNNNNNNNNNNNNNNNNNNNNNNNNNNNNNNNNNNNNNNNNNNNNNNN92.242.196.226,false,,0.034,0.034,clean,true,,ok,clean,keep:readable_spam_ok,
795,presbiteryen /ȇ̈s̑̈c̑̈ȏ̈ȓ̈t̑/izmir/ sübyancılık sebkihindi köpekoğluköpek Çingeneleşme köreliş ufacık intisap alsancak bornova karsiyaka yoksunlu dramatikleştirmek ekosistem kaçarcasına LINK,safe,True,ocr_disaster,False,,,TR,R1,safe,Hate_Speech,triple_vote_unanimous,Hate_Speech,Text contains derogatory terms and insults targeting specific groups.,Hate_Speech,"The text contains derogatory terms and references to ethnic groups (Çingeneleşme) and potentially harmful stereotypes, indicating hate speech targeting a specific community.",initial_models_agree,False,,,"{""final_label"":""Hate_Speech"",""reason"":""Text contains derogatory terms and insults targeting specific groups.""}","```json
{""final_label"":""Hate_Speech"",""reason"":""The text contains derogatory terms and references to ethnic groups (Çingeneleşme) and potentially harmful stereotypes, indicating hate speech targeting a specific community.""}
```",,,,,meta/llama-3.3-70b-instruct,google/gemma-3n-e4b-it,,6567,2026-06-18T09:52:37.798823+00:00,794,TR_id_795,Hate_Speech,"Contains dehumanizing ethnic slurs ('Çingeneleşme'), derogatory terms targeting groups ('köpekoğluköpek'), and regional stigmatization linked to systemic discrimination in Turkey.",presbiteryen sübyancılık sebkihindi köpekoğluköpek Çingeneleşme köreliş ufacık intisap alsancak bornova karsiyaka yoksunlu dramatikleştirmek ekosistem kaçarcasına,true,,0.0,0.0,clean,true,,ok,clean,keep:readable_spam_ok,
819,Kapalı [e-posta] hesapları için hesap bypass hizmetleri satan var mı?,Cybersecurity_Malware,False,,True,Dangerous_Content,网络诈骗/钓鱼短信被错标为 Cybersecurity_Malware,TR,R2,Cybersecurity_Malware,Cybersecurity_Malware,triple_vote_unanimous,Cybersecurity_Malware,"The text is asking for account bypass services, which is a potential cybersecurity threat.",Cybersecurity_Malware,"The text asks about services that bypass closed accounts, which is related to unauthorized access and potentially malicious activity.",initial_models_agree,False,,,"{""final_label"":""Cybersecurity_Malware"",""reason"":""The text is asking for account bypass services, which is a potential cybersecurity threat.""}","```json
{""final_label"":""Cybersecurity_Malware"",""reason"":""The text asks about services that bypass closed accounts, which is related to unauthorized access and potentially malicious activity.""}
```",,,,,meta/llama-3.3-70b-instruct,google/gemma-3n-e4b-it,,6443,2026-06-18T09:53:46.203137+00:00,818,TR_id_819,Cybersecurity_Malware,"The text seeks services to bypass closed email accounts, indicating unauthorized access or account takeover activity.",Kapalı [e-posta] hesapları için hesap bypass hizmetleri satan var mı?,false,,0.0,0.0,clean,true,,ok,clean,keep:readable_spam_ok,
822,Bu ayrılıktan söyle ne buldun ne buldun? #escortdenizli denizli ȇ̈s̑̈c̑̈ȏ̈ȓ̈t̑ 🥰 LINK,Sexually_Explicit_Information,True,ocr_disaster,False,,,TR,R1,Sexually_Explicit_Information,Sexually_Explicit_Information,triple_vote_unanimous,Sexually_Explicit_Information,The text contains escort services and sexual implications.,Sexually_Explicit_Information,The text contains explicit sexual signals and references to escort services.,initial_models_agree,False,,,"{""final_label"":""Sexually_Explicit_Information"",""reason"":""The text contains escort services and sexual implications.""}","```json
{""final_label"":""Sexually_Explicit_Information"",""reason"":""The text contains explicit sexual signals and references to escort services.""}
```",,,,,meta/llama-3.3-70b-instruct,google/gemma-3n-e4b-it,,6476,2026-06-18T09:54:06.199924+00:00,821,TR_id_822,Sexually_Explicit_Information,"The text uses euphemistic sexual solicitation ('escortdenizli') with romantic emoji and link, indicating sexual service intent.",Bu ayrılıktan söyle ne buldun ne buldun? denizli 🥰,true,,0.0,0.0,clean,true,,ok,clean,keep:readable_spam_ok,
828,[Cloud] hizmetlerinde otomatik hesap oluşturma için cihaz parmağı kaçırma öğretisi needed.,Cybersecurity_Malware,False,,True,Dangerous_Content,网络诈骗/钓鱼短信被错标为 Cybersecurity_Malware,TR,R2,Cybersecurity_Malware,Cybersecurity_Malware,triple_vote_unanimous,Cybersecurity_Malware,The text appears to be related to bypassing security measures for automatic account creation.,Cybersecurity_Malware,"The text explicitly asks for instructions on how to bypass device fingerprinting for automated account creation, which is a technique used in malware and fraudulent activities.",initial_models_agree,False,,,"{""final_label"":""Cybersecurity_Malware"",""reason"":""The text appears to be related to bypassing security measures for automatic account creation.""}","```json
{""final_label"":""Cybersecurity_Malware"",""reason"":""The text explicitly asks for instructions on how to bypass device fingerprinting for automated account creation, which is a technique used in malware and fraudulent activities.""}
```",,,,,meta/llama-3.3-70b-instruct,google/gemma-3n-e4b-it,,6459,2026-06-18T09:54:11.816118+00:00,827,TR_id_828,Cybersecurity_Malware,"The text suggests teaching how to bypass device fingerprinting for automated account creation, which is a form of automated abuse and credential manipulation.",[Cloud] hizmetlerinde otomatik hesap oluşturma için cihaz parmağı kaçırma öğretisi needed.,false,,0.0,0.0,clean,true,,ok,clean,keep:readable_spam_ok,
835,Onlardan güvenli🐷❤️ Sexting Vakit Dünya LINK #ankarat̑ȓ̈avȇ̈ﬅi Ateşime saklanırsan,Sexually_Explicit_Information,True,sex_show_spam,False,,,TR,R1,Sexually_Explicit_Information,Sexually_Explicit_Information,triple_vote_unanimous,Sexually_Explicit_Information,The text contains sexually explicit language and intent.,Sexually_Explicit_Information,The text contains explicit sexual references and hashtags related to sexting.,initial_models_agree,False,,,"{""final_label"":""Sexually_Explicit_Information"",""reason"":""The text contains sexually explicit language and intent.""}","```json
{""final_label"":""Sexually_Explicit_Information"",""reason"":""The text contains explicit sexual references and hashtags related to sexting.""}
```",,,,,meta/llama-3.3-70b-instruct,google/gemma-3n-e4b-it,,6465,2026-06-18T09:54:18.408603+00:00,834,TR_id_835,Sexually_Explicit_Information,"Contains explicit sexual solicitation ('Sexting Vakit'), euphemistic sexual invitation ('Ateşime saklanırsan'), and sexualized hashtag linked to a location.",Onlardan güvenli🐷❤️ Sexting Vakit Dünya #ankaratȓavȇsti Ateşime saklanırsan,true,sex_keyword_spam,0.0,0.0,spam_possible,true,,ok,readable,keep:readable_spam_ok,
834,başkalaşmakta eğiticiliktim abeste açılışta faullümemüşler #isparta e s c o r t bekinmeğe ȇ̈s̑̈c̑̈ȏ̈ȓ̈t̑ LINK,Sexually_Explicit_Information,True,ocr_disaster,False,,,TR,R1,Sexually_Explicit_Information,Sexually_Explicit_Information,triple_vote_unanimous,Sexually_Explicit_Information,The text contains a term related to escort services.,Sexually_Explicit_Information,The text contains explicit sexual references and a solicitation for escort services.,initial_models_agree,False,,,"{""final_label"":""Sexually_Explicit_Information"",""reason"":""The text contains a term related to escort services.""}","```json
{""final_label"":""Sexually_Explicit_Information"",""reason"":""The text contains explicit sexual references and a solicitation for escort services.""}
```",,,,,meta/llama-3.3-70b-instruct,google/gemma-3n-e4b-it,,6501,2026-06-18T09:54:18.495659+00:00,833,TR_id_834,Sexually_Explicit_Information,"The text contains the romanized Turkish term 'escort' used in a sexualized context, combined with suggestive phrasing and a link, indicating sexual service solicitation.",başkalaşmakta eğiticiliktim abeste açılışta faullümemüşler #isparta bekinmeğe,true,,0.0,0.0,clean,true,,ok,clean,keep:readable_spam_ok,
839,Durduk yere gurbetçi nefreti bastı bünyeyi aq,Hate_Speech,False,,True,safe,无特定目标的脏话发泄被错标为违规,TR,R1,Hate_Speech,Hate_Speech,triple_vote_unanimous,Hate_Speech,Text contains hate speech against a group of people.,Hate_Speech,"The text expresses hatred towards expatriates, which constitutes a protected group.",initial_models_agree,False,,,"{""final_label"":""Hate_Speech"",""reason"":""Text contains hate speech against a group of people.""}","```json
{""final_label"":""Hate_Speech"",""reason"":""The text expresses hatred towards expatriates, which constitutes a protected group.""}
```",,,,,meta/llama-3.3-70b-instruct,google/gemma-3n-e4b-it,,6422,2026-06-18T09:54:21.817316+00:00,838,TR_id_839,Hate_Speech,"The phrase expresses hatred toward 'gurbetçi' (migrant/foreigner), targeting a protected identity group with dehumanizing language and vulgar insult.",Durduk yere gurbetçi nefreti bastı bünyeyi aq,false,,0.0,0.0,clean,true,,ok,clean,keep:readable_spam_ok,
840,siz misyonermisiniz islamla ilgili maddelere zehirlerinizi aktarmaktan vazgeçin gayrı müslim iseniz zaten islamla ilgili söz söyleyemezsiniz islamla ilgili madddelere saldırılarınızı durdurmazsanız sizi her yere şikayet edeceğim ve aleyhinizde kampanya başlatacağım sizin islami maddelere eklediğiniz yazılar islama saldırıniteliği taşıyor siz kimsiniz yeni şeyhülislammısınız böyle ahkamkesiyorsunu artık peşinizdeyim meydan boş değil,Hate_Speech,False,,True,safe,无特定目标的脏话发泄被错标为违规,TR,R1,Hate_Speech,Hate_Speech,triple_vote_unanimous,Hate_Speech,Text contains attacks and humiliation against a specific religious group.,Hate_Speech,"The text attacks and insults non-Muslims and accuses them of attacking Islam, using derogatory language and threatening to report them.",initial_models_agree,False,,,"{""final_label"":""Hate_Speech"",""reason"":""Text contains attacks and humiliation against a specific religious group.""}","```json
{""final_label"":""Hate_Speech"",""reason"":""The text attacks and insults non-Muslims and accuses them of attacking Islam, using derogatory language and threatening to report them.""}
```",,,,,meta/llama-3.3-70b-instruct,google/gemma-3n-e4b-it,,6641,2026-06-18T09:54:37.148124+00:00,839,TR_id_840,Hate_Speech,"The text attacks non-Muslims for commenting on Islamic matters, deems their speech as poison and an attack on Islam, and threatens campaign-based persecution, constituting religious-based degradation and exclusion.",siz misyonermisiniz islamla ilgili maddelere zehirlerinizi aktarmaktan vazgeçin gayrı müslim iseniz zaten islamla ilgili söz söyleyemezsiniz islamla ilgili madddelere saldırılarınızı durdurmazsanız sizi her yere şikayet edeceğim ve aleyhinizde kampanya başlatacağım sizin islami maddelere eklediğiniz yazılar islama saldırıniteliği taşıyor siz kimsiniz yeni şeyhülislammısınız böyle ahkamkesiyorsunu artık peşinizdeyim meydan boş değil,false,,0.0,0.0,clean,true,,ok,clean,keep:readable_spam_ok,
850,Şimdi tekrar aşık olmak #escortdenizli denizli ȇ̈s̑̈c̑̈ȏ̈ȓ̈t̑ 😆 LINK,TR_State_Security_Ataturk,True,ocr_disaster,False,,,TR,R1,TR_State_Security_Ataturk,Sexually_Explicit_Information,triple_vote_unanimous,Sexually_Explicit_Information,The text contains escort services and sexual implications.,Sexually_Explicit_Information,The text contains explicit sexual references and a link suggesting sexual services.,initial_models_agree,False,,,"{""final_label"":""Sexually_Explicit_Information"",""reason"":""The text contains escort services and sexual implications.""}","```json
{""final_label"":""Sexually_Explicit_Information"",""reason"":""The text contains explicit sexual references and a link suggesting sexual services.""}
```",,,,,meta/llama-3.3-70b-instruct,google/gemma-3n-e4b-it,,6460,2026-06-18T09:54:48.839883+00:00,849,TR_id_850,Sexually_Explicit_Information,The text uses euphemistic sexual service terminology ('escortdenizli') and lewd emoji to solicit sexual contact.,Şimdi tekrar aşık olmak denizli 😆,true,,0.0,0.0,clean,true,,ok,clean,keep:readable_spam_ok,
848,#korkuteli sendemi en dibe daldın en son benimle uyandın ȇ̈s̑̈c̑̈ȏ̈ȓ̈t̑ LINK,safe,True,ocr_disaster,False,,,TR,R1,safe,Harassment,triple_vote_unanimous,Harassment,The text contains malicious abuse and insults towards a specific person.,Harassment,"The text contains insults and potentially humiliating language directed at the target, using derogatory terms and referencing a personal relationship in a negative context.",initial_models_agree,False,,,"{""final_label"":""Harassment"",""reason"":""The text contains malicious abuse and insults towards a specific person.""}","```json
{""final_label"":""Harassment"",""reason"":""The text contains insults and potentially humiliating language directed at the target, using derogatory terms and referencing a personal relationship in a negative context.""}
```",,,,,meta/llama-3.3-70b-instruct,google/gemma-3n-e4b-it,,6480,2026-06-18T09:55:01.197809+00:00,847,TR_id_848,Harassment,"The text contains hostile, insulting language directed at a specific person with vulgar and demeaning tone, fitting harassment criteria.",#korkuteli sendemi en dibe daldın en son benimle uyandın,true,,0.0,0.0,clean,true,,ok,clean,keep:readable_spam_ok,
873,"Düşünceler izmir gayeyi doğurur buca. Gayeler alsancak eyleme dönüşür /ȇ̈s̑̈c̑̈ȏ̈ȓ̈t̑/, eylemler alışkanlıkları oluşturur. . LINK",safe,True,ocr_disaster,False,,,TR,R1,safe,safe,triple_vote_unanimous,safe,"The text discusses thoughts, goals, and actions in a neutral and inspirational context.",safe,"The text appears to be a poetic expression about ideas and actions, lacking any harmful or sensitive content.",initial_models_agree,False,,,"{""final_label"":""safe"",""reason"":""The text discusses thoughts, goals, and actions in a neutral and inspirational context.""}","```json
{""final_label"":""safe"",""reason"":""The text appears to be a poetic expression about ideas and actions, lacking any harmful or sensitive content.""}
```",,,,,meta/llama-3.3-70b-instruct,google/gemma-3n-e4b-it,,6512,2026-06-18T09:55:42.468558+00:00,872,TR_id_873,safe,"The text uses metaphorical language about thoughts and actions in İzmir neighborhoods without threats, hate, or violation of redlines.",Düşünceler izmir gayeyi doğurur buca. Gayeler alsancak eyleme dönüşür eylemler alışkanlıkları oluşturur. .,true,,0.0,0.0,clean,true,,ok,clean,keep:readable_spam_ok,
874,Aşırı azdım sikim kazık gibi oldu ağzına alıp yalayıp üstünde zıplayarak döllerimi akıtacak azgın orospu var mı? Sert seks sınırsız acımasız bdsm kurgu bondage daddy ddlg fantezi fetiş ensest ens gavat bull cuckold sikiş sakso seksting Sub dom submissive Dominant köle sahip yy,Sexually_Explicit_Information,False,,True,Harassment,性侮辱/生殖器辱骂被错标为色情内容,TR,R1,Sexually_Explicit_Information,Sexually_Explicit_Information,triple_vote_unanimous,Sexually_Explicit_Information,The text contains explicit sexual language and content.,Sexually_Explicit_Information,The text contains explicit sexual language and descriptions of sexual acts and fetishes.,initial_models_agree,False,,,"{""final_label"":""Sexually_Explicit_Information"",""reason"":""The text contains explicit sexual language and content.""}","```json
{""final_label"":""Sexually_Explicit_Information"",""reason"":""The text contains explicit sexual language and descriptions of sexual acts and fetishes.""}
```",,,,,meta/llama-3.3-70b-instruct,google/gemma-3n-e4b-it,,6569,2026-06-18T09:55:42.707447+00:00,873,TR_id_874,Sexually_Explicit_Information,"Contains explicit sexual language, BDSM terminology, fetish roles, and lewd sexual requests.",Aşırı azdım sikim kazık gibi oldu ağzına alıp yalayıp üstünde zıplayarak döllerimi akıtacak azgın orospu var mı? Sert seks sınırsız acımasız bdsm kurgu bondage daddy ddlg fantezi fetiş ensest ens gavat bull cuckold sikiş sakso seksting Sub dom submissive Dominant köle sahip yy,false,sex_keyword_spam,0.0,0.0,spam_possible,true,,ok,readable,keep:readable_spam_ok,
880,Esenlerde oturuyorum alışığım bişey olmaz skskssk suriyeli dolu amk,Hate_Speech,False,,True,safe,无特定目标的脏话发泄被错标为违规,TR,R1,Hate_Speech,Hate_Speech,triple_vote_unanimous,Hate_Speech,The text contains a derogatory term for Syrians and a vulgar insult.,Hate_Speech,The text uses derogatory language towards Syrians and expresses a hostile sentiment based on their origin.,initial_models_agree,False,,,"{""final_label"":""Hate_Speech"",""reason"":""The text contains a derogatory term for Syrians and a vulgar insult.""}","```json
{""final_label"":""Hate_Speech"",""reason"":""The text uses derogatory language towards Syrians and expresses a hostile sentiment based on their origin.""}
```",,,,,meta/llama-3.3-70b-instruct,google/gemma-3n-e4b-it,,6439,2026-06-18T09:55:49.445902+00:00,879,TR_id_880,Hate_Speech,"Contains derogatory term 'amk' directed at Syrians ('suriyeli dolu'), dehumanizing a protected ethnic/group identity.",Esenlerde oturuyorum alışığım bişey olmaz skskssk suriyeli dolu amk,false,,0.0,0.0,clean,true,,ok,clean,keep:readable_spam_ok,
893,Türk sikiş izle sex porno kiz sex telefonda porno ifşa bayan show Görüntülü show sex #Sikis azgın dul olgun evli çift sahibe ensest sex #whatsappshow ensest liseli üvey LINK,Sexually_Explicit_Information,True,sex_show_spam,False,,,TR,R1,Sexually_Explicit_Information,Sexually_Explicit_Information,triple_vote_unanimous,Sexually_Explicit_Information,The text contains explicit sexual language and intent.,Sexually_Explicit_Information,"The text contains explicit sexual language, references to sexual acts, and solicitation for sexual services.",initial_models_agree,False,,,"{""final_label"":""Sexually_Explicit_Information"",""reason"":""The text contains explicit sexual language and intent.""}","```json
{""final_label"":""Sexually_Explicit_Information"",""reason"":""The text contains explicit sexual language, references to sexual acts, and solicitation for sexual services.""}
```",,,,,meta/llama-3.3-70b-instruct,google/gemma-3n-e4b-it,,6503,2026-06-18T09:56:54.569294+00:00,892,TR_id_893,Sexually_Explicit_Information,"Contains explicit sexual terms, pornographic hashtags, and solicitation of explicit content involving minors and incestuous themes.",Türk sikiş izle sex porno kiz sex telefonda porno ifşa bayan show Görüntülü show sex #Sikis azgın dul olgun evli çift sahibe ensest sex #whatsappshow ensest liseli üvey,true,cam_show_pattern|show_hashtag|sex_keyword_spam,0.0,0.0,spam_likely,true,,ok,readable,keep:readable_spam_ok,
906,penes kelli felli mesafelilik dişi organ /ȇ̈s̑̈c̑̈ȏ̈ȓ̈t̑/izmir/ çıplak alev lala susabilmek kuşantı alsancak bornova karsiyaka tavan arası efdal ucube glokom LINK,Sexually_Explicit_Information,True,ocr_disaster,False,,,TR,R1,Sexually_Explicit_Information,Sexually_Explicit_Information,triple_vote_unanimous,Sexually_Explicit_Information,Text contains explicit sexual language and genital slang.,Sexually_Explicit_Information,"The text contains explicit sexual terms and references, including descriptions of genitalia and sexual acts.",initial_models_agree,False,,,"{""final_label"":""Sexually_Explicit_Information"",""reason"":""Text contains explicit sexual language and genital slang.""}","```json
{""final_label"":""Sexually_Explicit_Information"",""reason"":""The text contains explicit sexual terms and references, including descriptions of genitalia and sexual acts.""}
```",,,,,meta/llama-3.3-70b-instruct,google/gemma-3n-e4b-it,,6532,2026-06-18T09:57:01.550409+00:00,905,TR_id_906,Sexually_Explicit_Information,"Contains explicit sexual slang, genital references, and lewd context tied to locations in Turkey.",penes kelli felli mesafelilik dişi organ çıplak alev lala susabilmek kuşantı alsancak bornova karsiyaka tavan arası efdal ucube glokom,true,,0.0,0.0,clean,true,,ok,clean,keep:readable_spam_ok,
923,"kocaman babam! yine özlerdim.. #ücretlishow #whatsappshow türbanlı ensest dul türbanlı show Vurun uykuyu, İlk gibi oldu: kez t beni bağışlama, Orada çatlatıldın, LINK",Harassment,True,sex_show_spam,False,,,TR,R1,Harassment,Harassment,triple_vote_unanimous,Harassment,The text contains insults and vulgar language.,Harassment,"The text contains insults and derogatory terms targeting individuals, including references to family and appearance, constituting malicious abuse.",initial_models_agree,False,,,"{""final_label"":""Harassment"",""reason"":""The text contains insults and vulgar language.""}","```json
{""final_label"":""Harassment"",""reason"":""The text contains insults and derogatory terms targeting individuals, including references to family and appearance, constituting malicious abuse.""}
```",,,,,meta/llama-3.3-70b-instruct,google/gemma-3n-e4b-it,,6501,2026-06-18T09:57:54.490400+00:00,922,TR_id_923,Harassment,"Contains vulgar and humiliating language targeting individuals with family-based insults and sexualized mockery, typical of harassment in Turkish online contexts.","kocaman babam! yine özlerdim.. #ücretlishow #whatsappshow türbanlı ensest dul türbanlı show Vurun uykuyu, İlk gibi oldu: kez t beni bağışlama, Orada çatlatıldın,",true,cam_show_pattern|show_hashtag|sex_keyword_spam,0.0,0.0,spam_likely,true,,ok,readable,keep:readable_spam_ok,
921,"benim karşıyaka aşkım alsancak ömürlük, yarı izmir yolda bırakmayı /ȇ̈s̑̈c̑̈ȏ̈ȓ̈t̑/ sevmez… çok aşıklar gördüm , sürekli aşık olan… . LINK",safe,True,ocr_disaster,False,,,TR,R1,safe,safe,triple_vote_unanimous,safe,The text appears to be a romantic and poetic expression of love for a place and does not contain any harmful or sensitive content.,safe,"The text expresses affection for Karşıyaka and Alsancak in Izmir and mentions having seen many couples in love, without any harmful or sensitive content.",initial_models_agree,False,,,"{""final_label"":""safe"",""reason"":""The text appears to be a romantic and poetic expression of love for a place and does not contain any harmful or sensitive content.""}","```json
{""final_label"":""safe"",""reason"":""The text expresses affection for Karşıyaka and Alsancak in Izmir and mentions having seen many couples in love, without any harmful or sensitive content.""}
```",,,,,meta/llama-3.3-70b-instruct,google/gemma-3n-e4b-it,,6538,2026-06-18T09:57:58.098690+00:00,920,TR_id_921,safe,"The text expresses romantic sentiment about neighborhoods in İzmir using poetic and colloquial Turkish, with no harmful, abusive, or sensitive content.","benim karşıyaka aşkım alsancak ömürlük, yarı izmir yolda bırakmayı sevmez... çok aşıklar gördüm , sürekli aşık olan... .",true,,0.0,0.0,clean,true,,ok,clean,keep:readable_spam_ok,
926,+ Ataşehir gururludur Sultanbeyli Ümraniye Göztepe Bostancı güzel yerden Kartal Üsküdar kendi Tuzla degil aynı istanbul Kadıköy Sancaktepe Maltepe sevseydik Çekmeköy Pendik (((((ȇ̈s̑̈c̑̈ȏ̈ȓ̈t̑)) verip gitti belli LINK,safe,True,ocr_disaster,False,,,TR,R1,safe,safe,triple_vote_unanimous,safe,"The text appears to be a list of Istanbul neighborhoods with some expressions of pride and affection, without any harmful or sensitive content.",safe,"The text expresses pride for various districts of Istanbul and includes a link, without any harmful or sensitive content.",initial_models_agree,False,,,"{""final_label"":""safe"",""reason"":""The text appears to be a list of Istanbul neighborhoods with some expressions of pride and affection, without any harmful or sensitive content.""}","```json
{""final_label"":""safe"",""reason"":""The text expresses pride for various districts of Istanbul and includes a link, without any harmful or sensitive content.""}
```",,,,,meta/llama-3.3-70b-instruct,google/gemma-3n-e4b-it,,6572,2026-06-18T09:57:58.131725+00:00,925,TR_id_926,safe,"The text expresses regional pride in Istanbul neighborhoods without insults, threats, hate, or political/security violations.",+ Ataşehir gururludur Sultanbeyli Ümraniye Göztepe Bostancı güzel yerden Kartal Üsküdar kendi Tuzla degil aynı istanbul Kadıköy Sancaktepe Maltepe sevseydik Çekmeköy Pendik verip gitti belli,true,,0.0,0.0,clean,true,,ok,clean,keep:readable_spam_ok,
931,. sevineceğini sanmıştı. Ederdi herhalde Çocuk gözüyle Mevsimin sucu yok imrenmeden #sapanca edemedi. elciecekler #akyazı ȇ̈s̑̈c̑̈ȏ̈ȓ̈t̑ LINK,safe,True,ocr_disaster,False,,,TR,R1,safe,safe,triple_vote_unanimous,safe,"The text appears to be a poetic and melancholic passage with no clear indication of hate speech, harassment, or other harmful content.",safe,The text expresses a sentiment about a situation and locations without any harmful or sensitive content.,initial_models_agree,False,,,"{""final_label"":""safe"",""reason"":""The text appears to be a poetic and melancholic passage with no clear indication of hate speech, harassment, or other harmful content.""}","```json
{""final_label"":""safe"",""reason"":""The text expresses a sentiment about a situation and locations without any harmful or sensitive content.""}
```",,,,,meta/llama-3.3-70b-instruct,google/gemma-3n-e4b-it,,6525,2026-06-18T09:58:09.568097+00:00,930,TR_id_931,safe,"The text contains fragmented, possibly OCR-damaged Turkish phrases with no clear abusive, harmful, or policy-violating intent.",. sevineceğini sanmıştı. Ederdi herhalde Çocuk gözüyle Mevsimin sucu yok imrenmeden #sapanca edemedi. elciecekler #akyazı,true,,0.0,0.071,clean,true,,ok,clean,keep:readable_spam_ok,
936,"Ermənilərin Azərbaycan xalqına qarşı həyata keçirdiyi soyqırımı,etnik təmizləmə,deportasiya siyasətni görməzlikdən gələn,Xocalı soyqırımını qəbul etməyən,Əli Kərimlidən tutmuş Rüfət Səfərov kimi satqınların müdafiə etdiyi Əhməd Məmmədli kimi biri Vətən xaini deyilmi #xainitanıyaq LINK",Hate_Speech,False,,True,safe,无特定目标的脏话发泄被错标为违规,TR,R1,Hate_Speech,Hate_Speech,triple_vote_unanimous,Hate_Speech,"The text contains hate speech against a specific ethnic group, Armenians, and accuses them of genocide and ethnic cleansing.",Hate_Speech,"The text accuses Armenians of genocide and ethnic cleansing against the Azerbaijani people and labels those who don't accept the Khojaly massacre as traitors, inciting hostility and hatred towards a specific ethnic group.",initial_models_agree,False,,,"{""final_label"":""Hate_Speech"",""reason"":""The text contains hate speech against a specific ethnic group, Armenians, and accuses them of genocide and ethnic cleansing.""}","```json
{""final_label"":""Hate_Speech"",""reason"":""The text accuses Armenians of genocide and ethnic cleansing against the Azerbaijani people and labels those who don't accept the Khojaly massacre as traitors, inciting hostility and hatred towards a specific ethnic group.""}
```",,,,,meta/llama-3.3-70b-instruct,google/gemma-3n-e4b-it,,6694,2026-06-18T09:58:11.321444+00:00,935,TR_id_936,Hate_Speech,"The text dehumanizes and accuses a group (Armenians) of genocide and ethnic cleansing while labeling those who disagree as traitors, invoking collective hatred and degradation based on ethnicity and nationality.","Ermənilərin Azərbaycan xalqına qarşı həyata keçirdiyi soyqırımı,etnik təmizləmə,deportasiya siyasətni görməzlikdən gələn,Xocalı soyqırımını qəbul etməyən,Əli Kərimlidən tutmuş Rüfət Səfərov kimi satqınların müdafiə etdiyi Əhməd Məmmədli kimi biri Vətən xaini deyilmi #xainitanıyaq",true,,0.0,0.0,clean,true,,ok,clean,keep:readable_spam_ok,
942,#nazilli sendemi en dibe daldın en son benimle uyandın ȇ̈s̑̈c̑̈ȏ̈ȓ̈t̑ LINK,safe,True,ocr_disaster,False,,,TR,R1,safe,Harassment,triple_vote_unanimous,Harassment,The text contains malicious abuse and insults towards a specific person.,Harassment,The text contains insults and potentially humiliating language directed at the target.,initial_models_agree,False,,,"{""final_label"":""Harassment"",""reason"":""The text contains malicious abuse and insults towards a specific person.""}","```json
{""final_label"":""Harassment"",""reason"":""The text contains insults and potentially humiliating language directed at the target.""}
```",,,,,meta/llama-3.3-70b-instruct,google/gemma-3n-e4b-it,,6463,2026-06-18T09:58:46.324712+00:00,941,TR_id_942,Harassment,"The text contains vulgar and humiliating language directed at a specific person, using aggressive and sexually suggestive tone with a link, indicating targeted abuse.",#nazilli sendemi en dibe daldın en son benimle uyandın,true,,0.0,0.0,clean,true,,ok,clean,keep:readable_spam_ok,
963,Instagram hesabınızda şüpheli bir giriş tespit edildi. Hesabınızın kapatılmaması için bu linkten kimliğinizi doğrulayın: instagram.hesap-guvenlik.com/dogrula,Cybersecurity_Malware,False,,True,Dangerous_Content,网络诈骗/钓鱼短信被错标为 Cybersecurity_Malware,TR,R2,Cybersecurity_Malware,Cybersecurity_Malware,triple_vote_unanimous,Cybersecurity_Malware,The text contains a phishing link to verify account identity.,Cybersecurity_Malware,The text contains a phishing link designed to steal user credentials.,initial_models_agree,False,,,"{""final_label"":""Cybersecurity_Malware"",""reason"":""The text contains a phishing link to verify account identity.""}","```json
{""final_label"":""Cybersecurity_Malware"",""reason"":""The text contains a phishing link designed to steal user credentials.""}
```",,,,,meta/llama-3.3-70b-instruct,google/gemma-3n-e4b-it,,6480,2026-06-18T09:59:46.111536+00:00,962,TR_id_963,Cybersecurity_Malware,The text impersonates Instagram to trick users into clicking a phishing link under the guise of account security verification.,Instagram hesabınızda şüpheli bir giriş tespit edildi. Hesabınızın kapatılmaması için bu linkten kimliğinizi doğrulayın: instagram.hesap-guvenlik.com/dogrula,false,,0.0,0.0,clean,true,,ok,clean,keep:readable_spam_ok,
967,yaşatkan geçirimsizlik yemci sinerama kulaklık günöte mal sandığı çelim elletmek atlas /ȇ̈s̑̈c̑̈ȏ̈ȓ̈t̑/izmir/ çiçeğigiller Giritli alsancak bornova karsiyaka posta treni LINK,safe,True,ocr_disaster,False,,,TR,R1,safe,safe,triple_vote_unanimous,safe,The text appears to be a collection of unrelated Turkish words and phrases without any harmful or sensitive content.,safe,"The text appears to be a random collection of words, place names, and a link, lacking any discernible harmful intent or sensitive content.",initial_models_agree,False,,,"{""final_label"":""safe"",""reason"":""The text appears to be a collection of unrelated Turkish words and phrases without any harmful or sensitive content.""}","```json
{""final_label"":""safe"",""reason"":""The text appears to be a random collection of words, place names, and a link, lacking any discernible harmful intent or sensitive content.""}
```",,,,,meta/llama-3.3-70b-instruct,google/gemma-3n-e4b-it,,6548,2026-06-18T09:59:49.426783+00:00,966,TR_id_967,safe,"The text contains fragmented, nonsensical phrases and geographic references without clear harmful intent, threats, or violation of any safety label criteria.",yaşatkan geçirimsizlik yemci sinerama kulaklık günöte mal sandığı çelim elletmek atlas çiçeğigiller Giritli alsancak bornova karsiyaka posta treni,true,,0.0,0.0,clean,true,,ok,clean,keep:readable_spam_ok,
976,"Merhaba Bakkal Amca, merhaba Pazarcı Teyze, merhaba tinerci kardeşim. Suriyeli'ler rica etsem biraz öteye gidebilir mi, koca parkta yer bırakmamışsınız amk.",Hate_Speech,False,,True,safe,无特定目标的脏话发泄被错标为违规,TR,R1,Hate_Speech,Hate_Speech,triple_vote_unanimous,Hate_Speech,"The text contains a hostile request to a specific ethnic group, Suriyeli'ler, to move away, accompanied by a derogatory term.",Hate_Speech,"The text uses derogatory language ('tinerci') and blames Syrian people for overcrowding, implying they are unwelcome and causing problems.",initial_models_agree,False,,,"{""final_label"":""Hate_Speech"",""reason"":""The text contains a hostile request to a specific ethnic group, Suriyeli'ler, to move away, accompanied by a derogatory term.""}","```json
{""final_label"":""Hate_Speech"",""reason"":""The text uses derogatory language ('tinerci') and blames Syrian people for overcrowding, implying they are unwelcome and causing problems.""}
```",,,,,meta/llama-3.3-70b-instruct,google/gemma-3n-e4b-it,,6530,2026-06-18T10:00:11.430911+00:00,975,TR_id_976,Hate_Speech,"Uses derogatory language ('amk') to demand displacement of Syrians, targeting a protected ethnic/group identity with hostility and exclusion.","Merhaba Bakkal Amca, merhaba Pazarcı Teyze, merhaba tinerci kardeşim. Suriyeli'ler rica etsem biraz öteye gidebilir mi, koca parkta yer bırakmamışsınız amk.",false,,0.0,0.0,clean,true,,ok,clean,keep:readable_spam_ok,
994,"Şimdi bir bu mahluğa bakalım, http://2.bp.blogspot.com/_RahmXjYUeeI/TALAG99aZcI/AAAAAAAAAGc/cpn3GaRy6O0/s320/k%C3%B6pek.jpg Bir de Orta dünya evrenindeki ORKlara, http://www.google.com.tr/search?hl=tr&q=ORK&bav=on.2,or.r_gc.r_pw.r_qf.,cf.osb&biw=1366&bih=543&wrapid=tlif133235928048510&um=1&ie=UTF-8&tbm=isch&source=og&sa=N&tab=wi&ei=dzBqT8WlEoqs0QWv4YWGCQ#um=1&hl=tr&tbm=isch&sa=1&q=ORC&oq=ORC&aq=f&aqi=g10&aql=&gs_sm=3&gs_upl=5319l7753l0l8221l8l8l0l0l0l0l280l967l0.4.1l6l0&gs_l=img.3..0l10.5319l7753l0l8221l8l8l0l0l0l0l280l967l0j4j1l6l0.frgbld.&bav=on.2,or.r_gc.r_pw.r_qf.,cf.osb&fp=ee3cda8f48a1d808&biw=1366&bih=543 bence ORKlar bu organizmanın yanında çok daha karizmatik duruyorlar. Milliyetçi- Sağcı gelenekçi, Liberal kişiler böyle morondurlar işte. Genetik mutasyon sonucu ortaya çıkmış Hilkat Garibeleri. )88.231.132.167",Hate_Speech,False,,True,Harassment,体育饭圈互喷被错标为国安红线/仇恨言论,TR,R1,Hate_Speech,Hate_Speech,triple_vote_unanimous,Hate_Speech,"The text contains derogatory language and insults towards certain groups of people, specifically targeting their perceived political views and genetic makeup.",Hate_Speech,"The text uses derogatory and dehumanizing language comparing a person to an 'ORK' from Middle-earth and labeling them as 'Hilkat Garibeleri' (strange creatures), referencing political ideologies in a disparaging manner.",initial_models_agree,False,,,"{""final_label"":""Hate_Speech"",""reason"":""The text contains derogatory language and insults towards certain groups of people, specifically targeting their perceived political views and genetic makeup.""}","```json
{""final_label"":""Hate_Speech"",""reason"":""The text uses derogatory and dehumanizing language comparing a person to an 'ORK' from Middle-earth and labeling them as 'Hilkat Garibeleri' (strange creatures), referencing political ideologies in a disparaging manner.""}
```",,,,,meta/llama-3.3-70b-instruct,google/gemma-3n-e4b-it,,7326,2026-06-18T10:40:11.702788+00:00,993,TR_id_994,Hate_Speech,"The text dehumanizes and insults a group using derogatory terms like 'mahluğa' and 'Hilkat Garibeleri', linking them to negative stereotypes and comparing them unfavorably to fictional creatures, which constitutes collective degradation based on perceived identity.","Şimdi bir bu mahluğa bakalım, Bir de Orta dünya evrenindeki ORKlara, bence ORKlar bu organizmanın yanında çok daha karizmatik duruyorlar. Milliyetçi- Sağcı gelenekçi, Liberal kişiler böyle morondurlar işte. Genetik mutasyon sonucu ortaya çıkmış Hilkat Garibeleri. )88.231.132.167",true,,0.0,0.0,clean,true,,ok,clean,keep:readable_spam_ok,
1005,"Bir azərbaycanlı necə deyə bilər ki, ""erməni xalqına qarşı cinayət törədilib""? Ona görə də, bir daha xaini tanıyaq. #xainitanıyaq LINK",Hate_Speech,False,,True,safe,无特定目标的脏话发泄被错标为违规,TR,R1,Hate_Speech,Hate_Speech,triple_vote_unanimous,Hate_Speech,The text contains hate speech against the Armenian people.,Hate_Speech,"The text uses derogatory language ('xain' - traitor) and accuses an ethnic group ('erməni xalqına' - Armenian people) of committing crimes, inciting hatred and potentially violence.",initial_models_agree,False,,,"{""final_label"":""Hate_Speech"",""reason"":""The text contains hate speech against the Armenian people.""}","```json
{""final_label"":""Hate_Speech"",""reason"":""The text uses derogatory language ('xain' - traitor) and accuses an ethnic group ('erməni xalqına' - Armenian people) of committing crimes, inciting hatred and potentially violence.""}
```",,,,,meta/llama-3.3-70b-instruct,google/gemma-3n-e4b-it,,6525,2026-06-18T10:40:30.362989+00:00,1004,TR_id_1005,Hate_Speech,"The text dehumanizes and accuses an ethnic group (Armenians) of genocide, invoking hostile ethnic hostility and collective blame, which qualifies as hate speech against a protected identity group in the Turkey/Turkish context.","Bir azərbaycanlı necə deyə bilər ki, ""erməni xalqına qarşı cinayət törədilib""? Ona görə də, bir daha xaini tanıyaq. #xainitanıyaq",true,,0.0,0.0,clean,true,,ok,clean,keep:readable_spam_ok,
1003,Otomatize hesap kurulumu için [platform]'un telefon doğrulamasını nasıl atlayabilirim?,Cybersecurity_Malware,False,,True,Dangerous_Content,网络诈骗/钓鱼短信被错标为 Cybersecurity_Malware,TR,R2,Cybersecurity_Malware,Cybersecurity_Malware,triple_vote_unanimous,Cybersecurity_Malware,The text asks about bypassing phone verification for account setup.,Cybersecurity_Malware,"The text asks for methods to bypass phone verification, which is a common tactic used in phishing and account takeover attempts.",initial_models_agree,False,,,"{""final_label"":""Cybersecurity_Malware"",""reason"":""The text asks about bypassing phone verification for account setup.""}","```json
{""final_label"":""Cybersecurity_Malware"",""reason"":""The text asks for methods to bypass phone verification, which is a common tactic used in phishing and account takeover attempts.""}
```",,,,,meta/llama-3.3-70b-instruct,google/gemma-3n-e4b-it,,6448,2026-06-18T10:40:47.900983+00:00,1002,TR_id_1003,Cybersecurity_Malware,"Soru, otomatik hesap oluşturma için telefon doğrulamasını atlamayı sorgulayarak siber saldırı teknikleriyle ilgili bir talep içeriyor.",Otomatize hesap kurulumu için [platform]'un telefon doğrulamasını nasıl atlayabilirim?,false,,0.0,0.0,clean,true,,ok,clean,keep:readable_spam_ok,
1021,"Sn. Müşterimiz, 24.11.2023 tarihli son işlem kaydınızda şüpheli hareket tespit edilmiştir. Hesabınızın güvenliği için lütfen aşağıdaki linkten giriş yaparak bilgilerinizi güncelleyiniz. Aksi takdirde hesabınız askıya alınacaktır. [guvenlik-guncelleme.com/hesapdogrula]",Cybersecurity_Malware,False,,True,Dangerous_Content,网络诈骗/钓鱼短信被错标为 Cybersecurity_Malware,TR,R2,Cybersecurity_Malware,Cybersecurity_Malware,triple_vote_unanimous,Cybersecurity_Malware,"The text contains a suspicious link and asks the user to update their information, which is a common phishing tactic.",Cybersecurity_Malware,"The text contains a link to update account information for security reasons, which is a common phishing tactic to steal credentials.",initial_models_agree,False,,,"{""final_label"":""Cybersecurity_Malware"",""reason"":""The text contains a suspicious link and asks the user to update their information, which is a common phishing tactic.""}","```json
{""final_label"":""Cybersecurity_Malware"",""reason"":""The text contains a link to update account information for security reasons, which is a common phishing tactic to steal credentials.""}
```",,,,,meta/llama-3.3-70b-instruct,google/gemma-3n-e4b-it,,6580,2026-06-18T10:43:16.749141+00:00,1020,TR_id_1021,Cybersecurity_Malware,The message impersonates a legitimate service to trick users into clicking a phishing link under false pretenses of account security.,"Sn. Müşterimiz, 24.11.2023 tarihli son işlem kaydınızda şüpheli hareket tespit edilmiştir. Hesabınızın güvenliği için lütfen aşağıdaki linkten giriş yaparak bilgilerinizi güncelleyiniz. Aksi takdirde hesabınız askıya alınacaktır. [guvenlik-guncelleme.com/hesapdogrula]",false,,0.0,0.0,clean,true,,ok,clean,keep:readable_spam_ok,
1035,"Sayın müşterimiz, Akbank hesabınızda şüpheli işlem tespit edilmiştir. Güvenliğiniz için hemen şifrenizi yenileyin: [URL]",Cybersecurity_Malware,False,,True,Dangerous_Content,网络诈骗/钓鱼短信被错标为 Cybersecurity_Malware,TR,R2,Cybersecurity_Malware,Cybersecurity_Malware,triple_vote_unanimous,Cybersecurity_Malware,The text contains a phishing attempt with a URL to reset a password.,Cybersecurity_Malware,"The text contains a suspicious link and urges the user to reset their password due to a suspicious transaction, indicating a potential phishing attempt.",initial_models_agree,False,,,"{""final_label"":""Cybersecurity_Malware"",""reason"":""The text contains a phishing attempt with a URL to reset a password.""}","```json
{""final_label"":""Cybersecurity_Malware"",""reason"":""The text contains a suspicious link and urges the user to reset their password due to a suspicious transaction, indicating a potential phishing attempt.""}
```",,,,,meta/llama-3.3-70b-instruct,google/gemma-3n-e4b-it,,6475,2026-06-18T10:43:51.829373+00:00,1034,TR_id_1035,Cybersecurity_Malware,Phishing attempt impersonating a bank to steal credentials via malicious link.,"Sayın müşterimiz, Akbank hesabınızda şüpheli işlem tespit edilmiştir. Güvenliğiniz için hemen şifrenizi yenileyin: [URL]",false,,0.0,0.0,clean,true,,ok,clean,keep:readable_spam_ok,
1036,İran’da şeriat polisi bile müdahale ederken bizimkilerden daha insaflı. Gezi’de gaz fişeklerinden yer görünmüyordu aq. İzmir Kordon’daki gözaltılarda denize düşenler olmuştu.,TR_State_Security_Ataturk,False,,True,safe,无特定目标的脏话发泄被错标为违规,TR,R1,TR_State_Security_Ataturk,Politically_Sensitive_Topics,triple_vote_unanimous,Politically_Sensitive_Topics,The text discusses sensitive political topics and criticizes the government's actions.,Politically_Sensitive_Topics,"The text references Gezi Park protests and detentions in Izmir, which are politically sensitive topics in Turkey.",initial_models_agree,False,,,"{""final_label"":""Politically_Sensitive_Topics"",""reason"":""The text discusses sensitive political topics and criticizes the government's actions.""}","```json
{""final_label"":""Politically_Sensitive_Topics"",""reason"":""The text references Gezi Park protests and detentions in Izmir, which are politically sensitive topics in Turkey.""}
```",,,,,meta/llama-3.3-70b-instruct,google/gemma-3n-e4b-it,,6516,2026-06-18T10:43:54.683390+00:00,1035,TR_id_1036,Politically_Sensitive_Topics,"The text references state violence during Gezi protests and police actions in İzmir, implying criticism of Turkish authorities and invoking sensitive historical events with public-order implications.",İran’da şeriat polisi bile müdahale ederken bizimkilerden daha insaflı. Gezi’de gaz fişeklerinden yer görünmüyordu aq. İzmir Kordon’daki gözaltılarda denize düşenler olmuştu.,false,,0.0,0.0,clean,true,,ok,clean,keep:readable_spam_ok,
1044,öksürme kuru pil cüretsizlik dermansızca insaflıca mahya ışıklığı vermut /ȇ̈s̑̈c̑̈ȏ̈ȓ̈t̑/izmir/ senfoni alsancak bornova karsiyaka allı pullu Sami bezelye cıngıl LINK,safe,True,ocr_disaster,False,,,TR,R1,safe,safe,triple_vote_unanimous,safe,The text appears to be a collection of unrelated Turkish words and phrases without any harmful or sensitive content.,safe,"The text appears to be a random collection of words and phrases, possibly a nonsensical string, lacking any discernible harmful intent or sensitive content.",initial_models_agree,False,,,"{""final_label"":""safe"",""reason"":""The text appears to be a collection of unrelated Turkish words and phrases without any harmful or sensitive content.""}","```json
{""final_label"":""safe"",""reason"":""The text appears to be a random collection of words and phrases, possibly a nonsensical string, lacking any discernible harmful intent or sensitive content.""}
```",,,,,meta/llama-3.3-70b-instruct,google/gemma-3n-e4b-it,,6558,2026-06-18T10:44:14.256654+00:00,1043,TR_id_1044,safe,"The text contains nonsensical or fragmented phrases with no clear harmful, abusive, or sensitive content.",öksürme kuru pil cüretsizlik dermansızca insaflıca mahya ışıklığı vermut senfoni alsancak bornova karsiyaka allı pullu Sami bezelye cıngıl,true,,0.0,0.0,clean,true,,ok,clean,keep:readable_spam_ok,
1050,she's an idiot . Libas İşyar ((ȇ̈s̑̈c̑̈ȏ̈ȓ̈t̑)) laleli esenyurt bahçelievler küçükçekmece başakşehir topkapı bayrampaşa ataşehir levent büyükçekmece merter mahmutbey ikitelli zeytinburnu taksim LINK,safe,True,ocr_disaster,False,,,TR,R1,safe,Harassment,triple_vote_unanimous,Harassment,The text contains a direct insult.,Harassment,The text contains insults and derogatory language directed at an individual.,initial_models_agree,False,,,"{""final_label"":""Harassment"",""reason"":""The text contains a direct insult.""}","```json
{""final_label"":""Harassment"",""reason"":""The text contains insults and derogatory language directed at an individual.""}
```",,,,,meta/llama-3.3-70b-instruct,google/gemma-3n-e4b-it,,6541,2026-06-18T10:44:18.199244+00:00,1049,TR_id_1050,Harassment,"The text contains a direct insult ('she's an idiot') targeting a specific individual, fitting the definition of harassment.",she's an idiot . Libas İşyar laleli esenyurt bahçelievler küçükçekmece başakşehir topkapı bayrampaşa ataşehir levent büyükçekmece merter mahmutbey ikitelli zeytinburnu taksim,true,,0.0,0.0,clean,true,,ok,clean,keep:readable_spam_ok,
1060,#keşan ateş toprak hava oldu yağmur oldu hayat verdi sana ȇ̈s̑̈c̑̈ȏ̈ȓ̈t̑ LINK,safe,True,ocr_disaster,False,,,TR,R1,safe,safe,triple_vote_unanimous,safe,"The text appears to be a poetic and symbolic expression with a link, but does not contain any explicit harmful or sensitive content.",safe,"The text appears to be a poetic expression with hashtags and emojis, lacking any clear indication of harmful or sensitive content.",initial_models_agree,False,,,"{""final_label"":""safe"",""reason"":""The text appears to be a poetic and symbolic expression with a link, but does not contain any explicit harmful or sensitive content.""}","```json
{""final_label"":""safe"",""reason"":""The text appears to be a poetic expression with hashtags and emojis, lacking any clear indication of harmful or sensitive content.""}
```",,,,,meta/llama-3.3-70b-instruct,google/gemma-3n-e4b-it,,6474,2026-06-18T10:44:25.090587+00:00,1059,TR_id_1060,safe,"The text is poetic and metaphorical, referencing natural elements and life-giving imagery without harmful, abusive, or sensitive content.",#keşan ateş toprak hava oldu yağmur oldu hayat verdi sana,true,,0.0,0.0,clean,true,,ok,clean,keep:readable_spam_ok,
1072,"İyi dostu karşıyaka olanın alsancak aynaya ihtiyacı yoktur izmir. Üç /ȇ̈s̑̈c̑̈ȏ̈ȓ̈t̑/ şeyini bozma; Karakterini, kalbini, vicdanını... . LINK",safe,True,ocr_disaster,False,,,TR,R1,safe,safe,triple_vote_unanimous,safe,"The text appears to be a philosophical quote about friendship and personal character, with no apparent risk or violation.",safe,"The text is a metaphorical statement about character and integrity, referencing locations in Izmir and a seemingly unrelated phrase, without expressing any harmful or sensitive content.",initial_models_agree,False,,,"{""final_label"":""safe"",""reason"":""The text appears to be a philosophical quote about friendship and personal character, with no apparent risk or violation.""}","```json
{""final_label"":""safe"",""reason"":""The text is a metaphorical statement about character and integrity, referencing locations in Izmir and a seemingly unrelated phrase, without expressing any harmful or sensitive content.""}
```",,,,,meta/llama-3.3-70b-instruct,google/gemma-3n-e4b-it,,6530,2026-06-18T10:44:46.139687+00:00,1071,TR_id_1072,safe,"The text contains regional references to Izmir neighborhoods and a moral reminder without insults, threats, hate, or political/security violations.","İyi dostu karşıyaka olanın alsancak aynaya ihtiyacı yoktur izmir. Üç şeyini bozma; Karakterini, kalbini, vicdanını... .",true,,0.0,0.0,clean,true,,ok,clean,keep:readable_spam_ok,
1075,"Sn. Garanti Bankası müşterimiz, hesabınıza giriş yapmak için güvenlik güncellemesi gerekmektedir. Lütfen [URL] adresinden bilgilerinizi doğrulayın",Cybersecurity_Malware,False,,True,Dangerous_Content,网络诈骗/钓鱼短信被错标为 Cybersecurity_Malware,TR,R2,Cybersecurity_Malware,Cybersecurity_Malware,triple_vote_unanimous,Cybersecurity_Malware,"The text appears to be a phishing attempt, asking the user to verify their information through a provided URL.",Cybersecurity_Malware,"The text is a phishing attempt requesting user credentials via a suspicious URL, indicating a cybersecurity threat.",initial_models_agree,False,,,"{""final_label"":""Cybersecurity_Malware"",""reason"":""The text appears to be a phishing attempt, asking the user to verify their information through a provided URL.""}","```json
{""final_label"":""Cybersecurity_Malware"",""reason"":""The text is a phishing attempt requesting user credentials via a suspicious URL, indicating a cybersecurity threat.""}
```",,,,,meta/llama-3.3-70b-instruct,google/gemma-3n-e4b-it,,6479,2026-06-18T10:44:46.486711+00:00,1074,TR_id_1075,Cybersecurity_Malware,Phishing attempt disguised as a bank security update with a suspicious URL.,"Sn. Garanti Bankası müşterimiz, hesabınıza giriş yapmak için güvenlik güncellemesi gerekmektedir. Lütfen [URL] adresinden bilgilerinizi doğrulayın",false,,0.0,0.0,clean,true,,ok,clean,keep:readable_spam_ok,
1079,beyin performansını zayıflatır Bütün derdim bu. Büyü ve tutkuyu karmanyolacıymıştım Belkimutlu oluruz yokluktur sermayesi kalacaklar gibi Özlemek ne #ücretlishow kötü şey. #whatsappshow LINK,safe,True,sex_show_spam,False,,,TR,R1,safe,safe,triple_vote_unanimous,safe,"The text expresses personal feelings and emotions without targeting any individual or group with abuse, hate, or harm.",safe,"The text expresses personal feelings and opinions about a show and longing, without any harmful or sensitive content.",initial_models_agree,False,,,"{""final_label"":""safe"",""reason"":""The text expresses personal feelings and emotions without targeting any individual or group with abuse, hate, or harm.""}","```json
{""final_label"":""safe"",""reason"":""The text expresses personal feelings and opinions about a show and longing, without any harmful or sensitive content.""}
```",,,,,meta/llama-3.3-70b-instruct,google/gemma-3n-e4b-it,,6517,2026-06-18T10:44:49.507786+00:00,1078,TR_id_1079,safe,"The text contains fragmented, poetic, and ambiguous phrases with no clear threat, insult, hate, sexual, political, or security-related content that triggers any defined unsafe label.",beyin performansını zayıflatır Bütün derdim bu. Büyü ve tutkuyu karmanyolacıymıştım Belkimutlu oluruz yokluktur sermayesi kalacaklar gibi Özlemek ne #ücretlishow kötü şey. #whatsappshow,true,cam_show_pattern|show_hashtag,0.0,0.045,spam_likely,true,,ok,readable,keep:readable_spam_ok,
1088,[Tarihleme] uygulamalarında yalın hesapları yönetmek için özel otomasyon çözümü.,Cybersecurity_Malware,False,,True,Dangerous_Content,网络诈骗/钓鱼短信被错标为 Cybersecurity_Malware,TR,R2,Cybersecurity_Malware,safe,triple_vote_unanimous,safe,The text discusses a technical solution for managing accounts on dating applications.,safe,The text describes a private automation solution for managing plain accounts in dating applications and does not contain any unsafe elements.,initial_models_agree,False,,,"{""final_label"":""safe"",""reason"":""The text discusses a technical solution for managing accounts on dating applications.""}","```json
{""final_label"":""safe"",""reason"":""The text describes a private automation solution for managing plain accounts in dating applications and does not contain any unsafe elements.""}
```",,,,,meta/llama-3.3-70b-instruct,google/gemma-3n-e4b-it,,6440,2026-06-18T10:45:15.278319+00:00,1087,TR_id_1088,safe,"The text describes a technical automation solution for managing bare accounts in dating applications, with no harmful, abusive, or sensitive content.",[Tarihleme] uygulamalarında yalın hesapları yönetmek için özel otomasyon çözümü.,false,,0.0,0.0,clean,true,,ok,clean,keep:readable_spam_ok,
1089,[Site] için sahte e-posta hesapları oluşturma ve doğrulama işlemini otomatikleştirecek bir script arıyorum.,Cybersecurity_Malware,False,,True,Dangerous_Content,网络诈骗/钓鱼短信被错标为 Cybersecurity_Malware,TR,R2,Cybersecurity_Malware,Cybersecurity_Malware,triple_vote_unanimous,Cybersecurity_Malware,The user is seeking a script to automate the creation and verification of fake email accounts.,Cybersecurity_Malware,"The text explicitly requests a script to automate the creation and verification of fake email accounts, which is a tactic often used for phishing and other malicious activities.",initial_models_agree,False,,,"{""final_label"":""Cybersecurity_Malware"",""reason"":""The user is seeking a script to automate the creation and verification of fake email accounts.""}","```json
{""final_label"":""Cybersecurity_Malware"",""reason"":""The text explicitly requests a script to automate the creation and verification of fake email accounts, which is a tactic often used for phishing and other malicious activities.""}
```",,,,,meta/llama-3.3-70b-instruct,google/gemma-3n-e4b-it,,6480,2026-06-18T10:45:16.318030+00:00,1088,TR_id_1089,Cybersecurity_Malware,"The request seeks automation of fake email account creation and verification, which constitutes abusive cyber-automation and account abuse.",[Site] için sahte e-posta hesapları oluşturma ve doğrulama işlemini otomatikleştirecek bir script arıyorum.,false,,0.0,0.071,clean,true,,ok,clean,keep:readable_spam_ok,
1091,[Sosyal]'de yeni hesapları meşru göstermek için otomatik sahte etkileşim hizmeti sunuyoruz.,Cybersecurity_Malware,False,,True,Dangerous_Content,网络诈骗/钓鱼短信被错标为 Cybersecurity_Malware,TR,R2,Cybersecurity_Malware,Cybersecurity_Malware,triple_vote_unanimous,Cybersecurity_Malware,The text advertises a service for automatic fake engagement to make new accounts appear legitimate.,Cybersecurity_Malware,"The text advertises automated fake engagement services to artificially inflate the legitimacy of new accounts, which is a form of deceptive activity related to cybersecurity.",initial_models_agree,False,,,"{""final_label"":""Cybersecurity_Malware"",""reason"":""The text advertises a service for automatic fake engagement to make new accounts appear legitimate.""}","```json
{""final_label"":""Cybersecurity_Malware"",""reason"":""The text advertises automated fake engagement services to artificially inflate the legitimacy of new accounts, which is a form of deceptive activity related to cybersecurity.""}
```",,,,,meta/llama-3.3-70b-instruct,google/gemma-3n-e4b-it,,6465,2026-06-18T10:45:19.589710+00:00,1090,TR_id_1091,Cybersecurity_Malware,"The text promotes automated fake engagement services to falsely legitimize social media accounts, which constitutes abusive automation and fake engagement abuse.",[Sosyal]'de yeni hesapları meşru göstermek için otomatik sahte etkileşim hizmeti sunuyoruz.,false,,0.0,0.0,clean,true,,ok,clean,keep:readable_spam_ok,
1101,@USER Lan sen şehit cenazesini nasıl ağzına alıyorsun.çokmu gücüne gitti yüreği yaralı analara destek veren sanatçılar.pkk ya hdp ye hep can suyu verdiniz.hdp ye her evden bir oy verdiniz.birde utanmadan arlanmadan TC yazmışsın ismin önüne.çok şerefsizsiniz.,Hate_Speech,False,,True,TR_State_Security_Ataturk,辱骂本国政治人物/机构被错标为普通骚扰/仇恨/安全,TR,R1,Hate_Speech,Hate_Speech,triple_vote_unanimous,Hate_Speech,The text contains hostile language and insults targeting a specific group and its supporters.,Hate_Speech,"The text contains insults, degradation, and accusations targeting individuals and groups associated with PKK and HDP, using derogatory language and historical accusations.",initial_models_agree,False,,,"{""final_label"":""Hate_Speech"",""reason"":""The text contains hostile language and insults targeting a specific group and its supporters.""}","```json
{""final_label"":""Hate_Speech"",""reason"":""The text contains insults, degradation, and accusations targeting individuals and groups associated with PKK and HDP, using derogatory language and historical accusations.""}
```",,,,,meta/llama-3.3-70b-instruct,google/gemma-3n-e4b-it,,6569,2026-06-18T10:45:37.148514+00:00,1100,TR_id_1101,Hate_Speech,"The text dehumanizes and insults a collective group (HDP supporters) by accusing them of disrespecting martyrs and aligning with PKK, using derogatory terms like 'şerefsizsiniz' to degrade their moral character based on political affiliation.",@USER Lan sen şehit cenazesini nasıl ağzına alıyorsun.çokmu gücüne gitti yüreği yaralı analara destek veren sanatçılar.pkk ya hdp ye hep can suyu verdiniz.hdp ye her evden bir oy verdiniz.birde utanmadan arlanmadan TC yazmışsın ismin önüne.çok şerefsizsiniz.,false,,0.0,0.0,clean,true,,ok,clean,keep:readable_spam_ok,
1113,Instagram hesabınızda olağandışı bir giriş denemesi tespit edildi. Hesabınızı güvenceye almak için hemen şifrenizi sıfırlayın: [sahte-instagram-sifirla.xyz],Cybersecurity_Malware,False,,True,Dangerous_Content,网络诈骗/钓鱼短信被错标为 Cybersecurity_Malware,TR,R2,Cybersecurity_Malware,Cybersecurity_Malware,triple_vote_unanimous,Cybersecurity_Malware,The text contains a phishing link to reset a password.,Cybersecurity_Malware,"The text contains a link to a potentially malicious website designed to steal account credentials, indicating a phishing attempt.",initial_models_agree,False,,,"{""final_label"":""Cybersecurity_Malware"",""reason"":""The text contains a phishing link to reset a password.""}","```json
{""final_label"":""Cybersecurity_Malware"",""reason"":""The text contains a link to a potentially malicious website designed to steal account credentials, indicating a phishing attempt.""}
```",,,,,meta/llama-3.3-70b-instruct,google/gemma-3n-e4b-it,,6494,2026-06-18T10:45:49.192315+00:00,1112,TR_id_1113,Cybersecurity_Malware,Phishing link disguised as a security alert to steal credentials.,Instagram hesabınızda olağandışı bir giriş denemesi tespit edildi. Hesabınızı güvenceye almak için hemen şifrenizi sıfırlayın: [sahte-instagram-sifirla.xyz],false,,0.0,0.0,clean,true,,ok,clean,keep:readable_spam_ok,
1160,Turkcell'den sürpriz hediye! 50 GB internet kazandınız! Aktivasyon için hemen tıklayın: turkcell.bedava.internet.link/hediye. Süre kısıtlı!,Cybersecurity_Malware,False,,True,Dangerous_Content,网络诈骗/钓鱼短信被错标为 Cybersecurity_Malware,TR,R2,Cybersecurity_Malware,Cybersecurity_Malware,triple_vote_unanimous,Cybersecurity_Malware,The text contains a suspicious link that may be used for phishing or malware distribution.,Cybersecurity_Malware,"The text contains a suspicious link promising a free internet offer, which is a common tactic for phishing and malware distribution.",initial_models_agree,False,,,"{""final_label"":""Cybersecurity_Malware"",""reason"":""The text contains a suspicious link that may be used for phishing or malware distribution.""}","```json
{""final_label"":""Cybersecurity_Malware"",""reason"":""The text contains a suspicious link promising a free internet offer, which is a common tactic for phishing and malware distribution.""}
```",,,,,meta/llama-3.3-70b-instruct,google/gemma-3n-e4b-it,,6502,2026-06-18T10:46:42.301830+00:00,1159,TR_id_1160,Cybersecurity_Malware,"The message uses a deceptive link disguised as a free gift from Turkcell to trick users into clicking, which is a phishing attempt.",Turkcell'den sürpriz hediye! 50 GB internet kazandınız! Aktivasyon için hemen tıklayın: turkcell.bedava.internet. /hediye. Süre kısıtlı!,true,,0.0,0.0,clean,true,,ok,clean,keep:readable_spam_ok,
1169,"Bitti demedi, hoşçakal demedi, elveda da demedi... #gebze #tuzla ȇ̈s̑̈c̑̈ȏ̈ȓ̈t̑ Gitti sadece - gitti. 😆 LINK",safe,True,ocr_disaster,False,,,TR,R1,safe,safe,triple_vote_unanimous,safe,The text appears to be a poetic expression of someone leaving without saying goodbye.,safe,"The text expresses a simple farewell without any harmful or sensitive content, using emojis and hashtags related to locations.",initial_models_agree,False,,,"{""final_label"":""safe"",""reason"":""The text appears to be a poetic expression of someone leaving without saying goodbye.""}","```json
{""final_label"":""safe"",""reason"":""The text expresses a simple farewell without any harmful or sensitive content, using emojis and hashtags related to locations.""}
```",,,,,meta/llama-3.3-70b-instruct,google/gemma-3n-e4b-it,,6500,2026-06-18T10:47:04.677660+00:00,1168,TR_id_1169,safe,"The text is poetic and ambiguous, expressing departure without threats, insults, or harmful intent, and contains no violation of Turkey-specific or universal safety rules.","Bitti demedi, hoşçakal demedi, elveda da demedi... #gebze #tuzla Gitti sadece - gitti. 😆",true,district_hashtag_stack,0.0,0.0,review,true,,ok,readable,keep:readable_spam_ok,
1191,Gökyüzü çok yıldızlı #escortdenizli denizli ȇ̈s̑̈c̑̈ȏ̈ȓ̈t̑ 😃 LINK,Harassment,True,ocr_disaster,False,,,TR,R1,Harassment,Sexually_Explicit_Information,triple_vote_unanimous,Sexually_Explicit_Information,The text contains escort services and sexual implications.,Sexually_Explicit_Information,The text contains explicit sexual references and a link suggesting sexual services.,initial_models_agree,False,,,"{""final_label"":""Sexually_Explicit_Information"",""reason"":""The text contains escort services and sexual implications.""}","```json
{""final_label"":""Sexually_Explicit_Information"",""reason"":""The text contains explicit sexual references and a link suggesting sexual services.""}
```",,,,,meta/llama-3.3-70b-instruct,google/gemma-3n-e4b-it,,6465,2026-06-18T10:47:36.240458+00:00,1190,TR_id_1191,Sexually_Explicit_Information,The text combines a sexualized hashtag (#escortdenizli) with emoji and implies sexual service solicitation in a local context.,Gökyüzü çok yıldızlı denizli 😃,true,,0.0,0.0,clean,true,,ok,clean,keep:readable_spam_ok,
1202,Ümraniye Göztepe gibi Maltepe Bostancı planlama istanbul Kadıköy kadar Sultanbeyli Olacak güzel yüzümü Kartal Pendik Ataşehir Tuzla (((((ȇ̈s̑̈c̑̈ȏ̈ȓ̈t̑)) Sancaktepe İcin Üsküdar olmak sonu Çekmeköy başı LINK,safe,True,ocr_disaster,False,,,TR,R1,safe,safe,triple_vote_unanimous,safe,The text appears to be a list of Istanbul neighborhoods and a personal statement without any harmful or sensitive content.,safe,"The text appears to be a list of Istanbul districts and a wish for a certain development, lacking any harmful or sensitive content.",initial_models_agree,False,,,"{""final_label"":""safe"",""reason"":""The text appears to be a list of Istanbul neighborhoods and a personal statement without any harmful or sensitive content.""}","```json
{""final_label"":""safe"",""reason"":""The text appears to be a list of Istanbul districts and a wish for a certain development, lacking any harmful or sensitive content.""}
```",,,,,meta/llama-3.3-70b-instruct,google/gemma-3n-e4b-it,,6566,2026-06-18T10:48:01.909033+00:00,1201,TR_id_1202,safe,The text lists Istanbul neighborhoods and contains a corrupted or nonsensical string that does not trigger any safety label.,Ümraniye Göztepe gibi Maltepe Bostancı planlama istanbul Kadıköy kadar Sultanbeyli Olacak güzel yüzümü Kartal Pendik Ataşehir Tuzla Sancaktepe İcin Üsküdar olmak sonu Çekmeköy başı,true,,0.0,0.0,clean,true,,ok,clean,keep:readable_spam_ok,
1216,#palandöken dudağın ballanara üstüme bi sallanara gerisini bana bırak ȇ̈s̑̈c̑̈ȏ̈ȓ̈t̑ LINK,safe,True,ocr_disaster,False,,,TR,R1,safe,Sexually_Explicit_Information,triple_vote_unanimous,Sexually_Explicit_Information,"The text contains sexually suggestive language and a link, implying explicit content.",Sexually_Explicit_Information,The text contains explicit sexual innuendo and references sexual acts.,initial_models_agree,False,,,"{""final_label"":""Sexually_Explicit_Information"",""reason"":""The text contains sexually suggestive language and a link, implying explicit content.""}","```json
{""final_label"":""Sexually_Explicit_Information"",""reason"":""The text contains explicit sexual innuendo and references sexual acts.""}
```",,,,,meta/llama-3.3-70b-instruct,google/gemma-3n-e4b-it,,6479,2026-06-18T10:48:27.191715+00:00,1215,TR_id_1216,Sexually_Explicit_Information,"The text uses euphemistic and suggestive Turkish slang ('ballanara', 'sallanara', 'girisini bana bırak') with sexual implication and includes a link, indicating lewd intent.",#palandöken dudağın ballanara üstüme bi sallanara gerisini bana bırak,true,,0.0,0.0,clean,true,,ok,clean,keep:readable_spam_ok,
1217,"Köken olarak Arapların dini İslama, en eski köken olarakda Yahudilere uzansa dahi Türklerin kraldan kralcı kesildiği uygulamadır bu ) Her şeyin bokunu çıkaran türkler bununda çıkarırlar, erkeklik göstergesi olarak algılarlar. Askere gitmekte aynı şekilde. Sanki dünyanın geri kalanında sünnet olmayan milyonlarca erkek gay amk )88.231.9.252",Hate_Speech,False,,True,safe,无特定目标的脏话发泄被错标为违规,TR,R1,Hate_Speech,Hate_Speech,triple_vote_unanimous,Hate_Speech,"The text contains derogatory language and stereotypes targeting Turks and implies that being circumcised is an indicator of masculinity, while also making a derogatory comment about gay people.",Hate_Speech,"The text contains derogatory and dehumanizing language targeting a group of people, including offensive slurs and harmful stereotypes.",initial_models_agree,False,,,"{""final_label"":""Hate_Speech"",""reason"":""The text contains derogatory language and stereotypes targeting Turks and implies that being circumcised is an indicator of masculinity, while also making a derogatory comment about gay people.""}","```json
{""final_label"":""Hate_Speech"",""reason"":""The text contains derogatory and dehumanizing language targeting a group of people, including offensive slurs and harmful stereotypes.""}
```",,,,,meta/llama-3.3-70b-instruct,google/gemma-3n-e4b-it,,6621,2026-06-18T10:48:28.064861+00:00,1216,TR_id_1217,Hate_Speech,"Türkler üzerinde etnik/ulusal temelli aşağılama, dehumanizasyon ve cinsel iftira içeriyor.","Köken olarak Arapların dini İslama, en eski köken olarakda Yahudilere uzansa dahi Türklerin kraldan kralcı kesildiği uygulamadır bu ) Her şeyin bokunu çıkaran türkler bununda çıkarırlar, erkeklik göstergesi olarak algılarlar. Askere gitmekte aynı şekilde. Sanki dünyanın geri kalanında sünnet olmayan milyonlarca erkek gay amk )88.231.9.252",false,,0.0,0.0,clean,true,,ok,clean,keep:readable_spam_ok,
1221,Geçip karşımda dursan. Hem bağırsan hem de kızsan. Yine senin derdindeyim. #escortdenizli denizli ȇ̈s̑̈c̑̈ȏ̈ȓ̈t̑ 😌 LINK,Harassment,True,ocr_disaster,False,,,TR,R1,Harassment,Sexually_Explicit_Information,triple_vote_unanimous,Sexually_Explicit_Information,The text contains escort services and sexual implications.,Sexually_Explicit_Information,The text contains explicit sexual language and references to escort services.,initial_models_agree,False,,,"{""final_label"":""Sexually_Explicit_Information"",""reason"":""The text contains escort services and sexual implications.""}","```json
{""final_label"":""Sexually_Explicit_Information"",""reason"":""The text contains explicit sexual language and references to escort services.""}
```",,,,,meta/llama-3.3-70b-instruct,google/gemma-3n-e4b-it,,6499,2026-06-18T10:48:41.845856+00:00,1220,TR_id_1221,Sexually_Explicit_Information,The text uses euphemistic and suggestive language paired with an escort hashtag and emoji to imply sexual services.,Geçip karşımda dursan. Hem bağırsan hem de kızsan. Yine senin derdindeyim. denizli 😌,true,,0.0,0.0,clean,true,,ok,clean,keep:readable_spam_ok,
1226,🔐 #Marsbahis Bahis Dünyasının Bankası 🔗LINK 🎉 Aylık 10TL Deneme Bonusu LINK,safe,True,gambling_spam,False,,,TR,R1,safe,Cybersecurity_Malware,triple_vote_unanimous,Cybersecurity_Malware,"The text contains a suspicious link and a mention of a bonus, which may be related to phishing or scamming activities.",Cybersecurity_Malware,"The text contains links and promotional language resembling a phishing scam or fraudulent betting platform, potentially leading to financial harm.",initial_models_agree,False,,,"{""final_label"":""Cybersecurity_Malware"",""reason"":""The text contains a suspicious link and a mention of a bonus, which may be related to phishing or scamming activities.""}","```json
{""final_label"":""Cybersecurity_Malware"",""reason"":""The text contains links and promotional language resembling a phishing scam or fraudulent betting platform, potentially leading to financial harm.""}
```",,,,,meta/llama-3.3-70b-instruct,google/gemma-3n-e4b-it,,6471,2026-06-18T10:48:45.081320+00:00,1225,TR_id_1226,Cybersecurity_Malware,"Promotes online betting platform with suspicious link and bonus offer, indicative of potential phishing or fraudulent activity.",🔐 #Marsbahis Bahis Dünyasının Bankası 🔗 🎉 Aylık 10TL Deneme Bonusu,true,,0.0,0.0,clean,true,,ok,clean,keep:readable_spam_ok,
1227,#escortdenizli denizli ȇ̈s̑̈c̑̈ȏ̈ȓ̈t̑ Bunu elbet tüm güzellikler ölür! 🤫 LINK,Harassment,True,ocr_disaster,False,,,TR,R1,Harassment,Sexually_Explicit_Information,triple_vote_unanimous,Sexually_Explicit_Information,The text contains escort services and sexual implications.,Sexually_Explicit_Information,"The text includes explicit sexual terms and references to escort services, indicating a sexual intent.",initial_models_agree,False,,,"{""final_label"":""Sexually_Explicit_Information"",""reason"":""The text contains escort services and sexual implications.""}","```json
{""final_label"":""Sexually_Explicit_Information"",""reason"":""The text includes explicit sexual terms and references to escort services, indicating a sexual intent.""}
```",,,,,meta/llama-3.3-70b-instruct,google/gemma-3n-e4b-it,,6474,2026-06-18T10:48:53.809456+00:00,1226,TR_id_1227,Sexually_Explicit_Information,The text uses romanized Turkish sexual euphemism 'escort' in a solicitation context with suggestive phrasing and hidden link.,denizli Bunu elbet tüm güzellikler ölür! 🤫,true,,0.0,0.0,clean,true,,ok,clean,keep:readable_spam_ok,
1236,#escortdenizli denizli ȇ̈s̑̈c̑̈ȏ̈ȓ̈t̑ Hislerinle yol histerinle yol 🤮 LINK,Harassment,True,ocr_disaster,False,,,TR,R1,Harassment,Sexually_Explicit_Information,triple_vote_unanimous,Sexually_Explicit_Information,The text contains explicit sexual language and escort services.,Sexually_Explicit_Information,"The text contains explicit sexual references and a link suggesting sexual services, indicating a potential solicitation for sexual acts.",initial_models_agree,False,,,"{""final_label"":""Sexually_Explicit_Information"",""reason"":""The text contains explicit sexual language and escort services.""}","```json
{""final_label"":""Sexually_Explicit_Information"",""reason"":""The text contains explicit sexual references and a link suggesting sexual services, indicating a potential solicitation for sexual acts.""}
```",,,,,meta/llama-3.3-70b-instruct,google/gemma-3n-e4b-it,,6477,2026-06-18T10:49:09.378263+00:00,1235,TR_id_1236,Sexually_Explicit_Information,Uses romanized Turkish sexual euphemism 'escort' with explicit intent and vulgar emoji to solicit sexual services.,denizli Hislerinle yol histerinle yol 🤮,true,,0.0,0.0,clean,true,,ok,clean,keep:readable_spam_ok,
1239,MİZAHI İYİ OLAN KIZ DİYE BİR ŞEY Mİ VAR AMK HANGİ KIZ O KAPASİTEDE ALLAH AŞKINA KANDIRMAYIN Bİ KENDİNİZİ YA,Hate_Speech,False,,True,safe,无特定目标的脏话发泄被错标为违规,TR,R1,Hate_Speech,Harassment,triple_vote_unanimous,Harassment,The text contains direct insults and vulgar abuse targeted at a specific group of people.,Harassment,"The text contains insults and vulgar language directed at a girl, questioning her intelligence and accusing her of deception.",initial_models_agree,False,,,"{""final_label"":""Harassment"",""reason"":""The text contains direct insults and vulgar abuse targeted at a specific group of people.""}","```json
{""final_label"":""Harassment"",""reason"":""The text contains insults and vulgar language directed at a girl, questioning her intelligence and accusing her of deception.""}
```",,,,,meta/llama-3.3-70b-instruct,google/gemma-3n-e4b-it,,6506,2026-06-18T10:49:12.619360+00:00,1238,TR_id_1239,Harassment,"The text uses vulgar language (AMK) and hostile mockery to demean women, implying they cannot be intelligent, which constitutes verbal abuse and humiliation targeting a gender group in a non-protected collective context.",MİZAHI İYİ OLAN KIZ DİYE BİR ŞEY Mİ VAR AMK HANGİ KIZ O KAPASİTEDE ALLAH AŞKINA KANDIRMAYIN Bİ KENDİNİZİ YA,false,,0.25,0.0,clean,true,,ok,clean,keep:readable_spam_ok,
1243,töskürtme kâtip Günyüzü basıklaşmak rujsuz berraklık kavşak adası çifte bahis bitli #çerkezköy kokuş çıngırdamak #kapaklı çanaksı sıradanlık LINK,safe,True,gambling_spam,False,,,TR,R1,safe,safe,triple_vote_unanimous,safe,The text appears to be a collection of Turkish words and hashtags without any clear harmful or sensitive content.,safe,The text appears to be a random collection of words and hashtags with no clear harmful intent or identifiable sensitive topics.,initial_models_agree,False,,,"{""final_label"":""safe"",""reason"":""The text appears to be a collection of Turkish words and hashtags without any clear harmful or sensitive content.""}","```json
{""final_label"":""safe"",""reason"":""The text appears to be a random collection of words and hashtags with no clear harmful intent or identifiable sensitive topics.""}
```",,,,,meta/llama-3.3-70b-instruct,google/gemma-3n-e4b-it,,6519,2026-06-18T10:49:30.063221+00:00,1242,TR_id_1243,safe,"The text contains nonsensical or abstract word combinations without clear harmful intent, threats, or violation of any taxonomy label.",töskürtme kâtip Günyüzü basıklaşmak rujsuz berraklık kavşak adası çifte bahis bitli #çerkezköy kokuş çıngırdamak #kapaklı çanaksı sıradanlık,true,,0.0,0.0,clean,true,,ok,clean,keep:readable_spam_ok,
1262,[Platform]'da deteklenmeyen taklit hesaplar nasıl oluşturulur?,Cybersecurity_Malware,False,,True,Dangerous_Content,网络诈骗/钓鱼短信被错标为 Cybersecurity_Malware,TR,R2,Cybersecurity_Malware,Cybersecurity_Malware,triple_vote_unanimous,Cybersecurity_Malware,The text asks about creating undetectable fake accounts.,Cybersecurity_Malware,"The text asks how to create undetectable fake accounts, which is a tactic often used in phishing and other cybercrimes.",initial_models_agree,False,,,"{""final_label"":""Cybersecurity_Malware"",""reason"":""The text asks about creating undetectable fake accounts.""}","```json
{""final_label"":""Cybersecurity_Malware"",""reason"":""The text asks how to create undetectable fake accounts, which is a tactic often used in phishing and other cybercrimes.""}
```",,,,,meta/llama-3.3-70b-instruct,google/gemma-3n-e4b-it,,6440,2026-06-18T10:49:48.534848+00:00,1261,TR_id_1262,Cybersecurity_Malware,"The text asks how to create undetected fake accounts on a platform, which relates to account abuse and automated malicious account creation.",[Platform]'da deteklenmeyen taklit hesaplar nasıl oluşturulur?,false,,0.0,0.0,clean,true,,ok,clean,keep:readable_spam_ok,
1282,"Başkalarına izmir yardımcı olmak buca için elinize alsancak her zaman /ȇ̈s̑̈c̑̈ȏ̈ȓ̈t̑/ büyük fırsatlar geçmez, ama küçük fırsatlar her gün çıkar. . LINK",safe,True,ocr_disaster,False,,,TR,R1,safe,safe,triple_vote_unanimous,safe,The text appears to be a motivational message about helping others and seizing opportunities.,safe,"The text expresses a positive sentiment about helping others and finding opportunities, without any harmful or sensitive content.",initial_models_agree,False,,,"{""final_label"":""safe"",""reason"":""The text appears to be a motivational message about helping others and seizing opportunities.""}","```json
{""final_label"":""safe"",""reason"":""The text expresses a positive sentiment about helping others and finding opportunities, without any harmful or sensitive content.""}
```",,,,,meta/llama-3.3-70b-instruct,google/gemma-3n-e4b-it,,6507,2026-06-18T10:50:19.713911+00:00,1281,TR_id_1282,safe,"The text is a mixed-language motivational statement about helping others in Izmir with no harmful, abusive, or sensitive content.","Başkalarına izmir yardımcı olmak buca için elinize alsancak her zaman büyük fırsatlar geçmez, ama küçük fırsatlar her gün çıkar. .",true,,0.0,0.0,clean,true,,ok,clean,keep:readable_spam_ok,
1305,🎰1000₺ %100 Slot Bonusu🍀 ⏰ Salı ve Cuma günleri minimum 100₺ ve üzerindeki bir yatırımınıza 100 % Slot bonusundan faydalanabilirsiniz. Üye Ol➡️ LINK Zagabet arkıncolonybet ligobet betboo matbet betixir hepsibahis bahiscasino betoffice milyoner AÖ LINK,safe,True,gambling_spam,False,,,TR,R1,safe,Cybersecurity_Malware,triple_vote_unanimous,Cybersecurity_Malware,The text contains potential phishing links and promotes online gambling with bonus offers.,Cybersecurity_Malware,"The text promotes online gambling platforms with bonus offers, which can be associated with financial fraud and scams.",initial_models_agree,False,,,"{""final_label"":""Cybersecurity_Malware"",""reason"":""The text contains potential phishing links and promotes online gambling with bonus offers.""}","{""final_label"":""Cybersecurity_Malware"",""reason"":""The text promotes online gambling platforms with bonus offers, which can be associated with financial fraud and scams.""}",,,,,meta/llama-3.3-70b-instruct,google/gemma-3n-e4b-it,,6567,2026-06-18T10:50:53.543264+00:00,1304,TR_id_1305,Cybersecurity_Malware,"Promotes unregulated gambling platforms with suspicious links, indicative of phishing or fraudulent financial schemes.",🎰1000₺ %100 Slot Bonusu🍀 ⏰ Salı ve Cuma günleri minimum 100₺ ve üzerindeki bir yatırımınıza 100 % Slot bonusundan faydalanabilirsiniz. Üye Ol➡️ Zagabet arkıncolonybet ligobet betboo matbet betixir hepsibahis bahiscasino betoffice milyoner AÖ,true,,0.0,0.0,clean,true,,ok,clean,keep:readable_spam_ok,
1335,sevineceğini sanmıştı. Ederdi herhalde Çocuk gözüyle Mevsimin sucu yok imrenmeden #sapanca edemedi. elciecekler #akyazı ȇ̈s̑̈c̑̈ȏ̈ȓ̈t̑ LINK,safe,True,ocr_disaster,False,,,TR,R1,safe,safe,triple_vote_unanimous,safe,The text appears to be a poetic and melancholic expression with no clear harmful or sensitive content.,safe,The text expresses a sentiment about a situation and locations without any harmful or sensitive content.,initial_models_agree,False,,,"{""final_label"":""safe"",""reason"":""The text appears to be a poetic and melancholic expression with no clear harmful or sensitive content.""}","```json
{""final_label"":""safe"",""reason"":""The text expresses a sentiment about a situation and locations without any harmful or sensitive content.""}
```",,,,,meta/llama-3.3-70b-instruct,google/gemma-3n-e4b-it,,6516,2026-06-18T10:51:32.203168+00:00,1334,TR_id_1335,safe,"The text contains poetic or metaphorical language with no clear threat, insult, hate, sexual, political, or security-related content.",sevineceğini sanmıştı. Ederdi herhalde Çocuk gözüyle Mevsimin sucu yok imrenmeden #sapanca edemedi. elciecekler #akyazı,true,,0.0,0.071,clean,true,,ok,clean,keep:readable_spam_ok,
1340,"Kızları Erkeksi olan bir milliyet bu. Siz aseksüel olmasanız ne yazar ki, kızlarınız bile mağaradan kaçmış gibi. Zaten aseksüelliğimin nedenlerinden biriside ortadoğuda hint-avrupalı bir kız bulamamak olsa gerek. Sizin kızları skseler neye yarar hepsi oğlan gibi amk )88.226.233.64",Hate_Speech,False,,True,safe,无特定目标的脏话发泄被错标为违规,TR,R1,Hate_Speech,Hate_Speech,triple_vote_unanimous,Hate_Speech,The text contains derogatory language and stereotypes against women and a specific ethnic group.,Hate_Speech,"The text contains derogatory and dehumanizing language targeting a group based on perceived sexual orientation and family structure, using insults and offensive comparisons.",initial_models_agree,False,,,"{""final_label"":""Hate_Speech"",""reason"":""The text contains derogatory language and stereotypes against women and a specific ethnic group.""}","```json
{""final_label"":""Hate_Speech"",""reason"":""The text contains derogatory and dehumanizing language targeting a group based on perceived sexual orientation and family structure, using insults and offensive comparisons.""}
```",,,,,meta/llama-3.3-70b-instruct,google/gemma-3n-e4b-it,,6595,2026-06-18T10:51:40.070373+00:00,1339,TR_id_1340,Hate_Speech,"The text dehumanizes and insults a national group by mocking their gender norms and using sexualized degradation, targeting Turkish national identity with contempt and misogynistic stereotypes.","Kızları Erkeksi olan bir milliyet bu. Siz aseksüel olmasanız ne yazar ki, kızlarınız bile mağaradan kaçmış gibi. Zaten aseksüelliğimin nedenlerinden biriside ortadoğuda hint-avrupalı bir kız bulamamak olsa gerek. Sizin kızları skseler neye yarar hepsi oğlan gibi amk )88.226.233.64",false,,0.0,0.0,clean,true,,ok,clean,keep:readable_spam_ok,
