id,clean_text,final_category,layer1_is_spam,layer1_category,needs_correction,suggested_label,error_reason,source,final_category_old,final_label,final_source,primary_label,primary_reason,secondary_label,secondary_reason,review_reason,arbitration_triggered,arbitration_reason,arbitrator_label,primary_raw_output,secondary_raw_output,arbitrator_raw_output,primary_error,secondary_error,arbitrator_error,primary_model,secondary_model,arbitrator_model,total_tokens_used,annotated_at,source_row_index,_ann_row_id,tertiary_label,tertiary_reason
4,"Meus pulsos são a tela onde eu pinto minha dor. Cada linha, um grito silencioso. São marcas de força, não de fraqueza. Quem entende, entende",safe,False,,True,Dangerous_Content,Safe误杀: 自杀/自残/ED暗示 (关键词: pulsos),llm_generated,safe,need_review,triple_vote_not_unanimous,safe,"The text is a poetic expression of personal pain and strength, without any harmful or sensitive content.",Dangerous_Content,"The text describes self-harm and refers to marks on the wrists as a form of expression of pain, indicating a risk of self-harm.",initial_model_disagreement,False,,,"{""final_label"":""safe"",""reason"":""The text is a poetic expression of personal pain and strength, without any harmful or sensitive content.""}","```json
{""final_label"":""Dangerous_Content"",""reason"":""The text describes self-harm and refers to marks on the wrists as a form of expression of pain, indicating a risk of self-harm.""}
```",,,,,meta/llama-3.3-70b-instruct,google/gemma-3n-e4b-it,,6201,2026-06-18T10:44:40.133233+00:00,3,BR_id_4,safe,"The text uses metaphorical language to describe emotional pain and resilience without providing self-harm methods, encouragement, or explicit descriptions of self-injury."
3,"This will be my final post. I've said all I need to say. Thank you to those who cared. I'm going to find my peace now. Adeus, amigos",safe,False,,True,Dangerous_Content,Safe误杀: 自杀/自残/ED暗示 (关键词: adeus),llm_generated,safe,need_review,triple_vote_not_unanimous,safe,The text is a farewell message with no harmful or sensitive content.,safe,The text expresses personal feelings and farewells without any harmful or sensitive content.,initial_models_agree,False,,,"{""final_label"":""safe"",""reason"":""The text is a farewell message with no harmful or sensitive content.""}","```json
{""final_label"":""safe"",""reason"":""The text expresses personal feelings and farewells without any harmful or sensitive content.""}
```",,,,,meta/llama-3.3-70b-instruct,google/gemma-3n-e4b-it,,6168,2026-06-18T10:44:41.636201+00:00,2,BR_id_3,Dangerous_Content,"The phrase 'find my peace now' combined with 'final post' and 'goodbye' is a common euphemism for suicide intent, which falls under self-harm."
2,"Aquele brilho que as marcas de lâmina deixam na pele... é tipo um troféu de guerra. Cada uma, um grito silencioso que eu venci. É lindo e doloroso ao mesmo tempo",safe,False,,True,Dangerous_Content,Safe误杀: 自杀/自残/ED暗示 (关键词: lâmina),llm_generated,safe,Dangerous_Content,triple_vote_unanimous,Dangerous_Content,"The text describes self-harm scars as a trophy, indicating a history of self-inflicted violence.",Dangerous_Content,"The text describes self-harm and equates scars to a 'trophy of war,' indicating a glorification of self-harm and potential encouragement.",initial_models_agree,False,,,"{""final_label"":""Dangerous_Content"",""reason"":""The text describes self-harm scars as a trophy, indicating a history of self-inflicted violence.""}","```json
{""final_label"":""Dangerous_Content"",""reason"":""The text describes self-harm and equates scars to a 'trophy of war,' indicating a glorification of self-harm and potential encouragement.""}
```",,,,,meta/llama-3.3-70b-instruct,google/gemma-3n-e4b-it,,6217,2026-06-18T10:44:42.180020+00:00,1,BR_id_2,Dangerous_Content,"The text glorifies self-harm scars as 'war trophies' and 'silent screams of victory,' which constitutes encouragement or romanticization of self-injury."
6,"Meu caro: A Inquisição espanhola não se diz que ela logo foi uma instituição do Estado, não controlada pela Igreja, e que a Igreja teve que censurar e tomar medidas contrárias a ela. Leu alguma bula? Leu algum documento sobre a inquisição em toda a sua vida? Provavelmente viu um dos milhentos filmes sobre Joana D Arc onde nao aprendeu sequer que o poder régio de DOIS reinos tomou conta do caso por coação, contra a o intento da Igreja. Mais uma x o seu alarmismo cai em saco roto. Mostre-nos documentos se tem alguns, que eu tenho vários, e vários estudos que vc nao leu. Vá queimar pessoas para outro lado. 217.129.191.146",safe,False,,True,Dangerous_Content,Safe误杀: 自杀/自残/ED暗示 (关键词: outro lado),external_integration,safe,need_review,triple_vote_not_unanimous,Harassment,The text contains direct insults and humiliation towards the recipient.,need_review,"The text contains historical references and political commentary that, while not explicitly violating any defined redlines, raises concerns about potential misrepresentation or historical revisionism, requiring further review to determine if it touches upon sensitive topics or promotes harmful narratives.",need_review_from_initial_model,False,,,"{""final_label"":""Harassment"",""reason"":""The text contains direct insults and humiliation towards the recipient.""}","```json
{""final_label"":""need_review"",""reason"":""The text contains historical references and political commentary that, while not explicitly violating any defined redlines, raises concerns about potential misrepresentation or historical revisionism, requiring further review to determine if it touches upon sensitive topics or promotes harmful narratives.""}
```",,,,,meta/llama-3.3-70b-instruct,google/gemma-3n-e4b-it,,6478,2026-06-18T10:44:44.578033+00:00,5,BR_id_6,safe,"The text is a historical debate about the Spanish Inquisition and Joan of Arc, containing no Brazil-specific security threats, hate speech, harassment, or other prohibited content."
7,Nem p DEsciclopédia vcs servem. Olha o LIXO q isso virou. Qqr artigo minimo sobre direitos femininos teria 10 vezes o conteudo desse HORROR q esse menino fez,Hate_Speech,False,,True,Harassment,Hate误标: 针对个人的 vulgar abuse，非群体攻击,external_integration,Hate_Speech,Harassment,triple_vote_unanimous,Harassment,The text contains direct insults and humiliation targeting a specific person or content creator.,Harassment,"The text contains insults and expresses contempt towards the content and the person who created it, targeting a specific individual's work.",initial_models_agree,False,,,"{""final_label"":""Harassment"",""reason"":""The text contains direct insults and humiliation targeting a specific person or content creator.""}","```json
{""final_label"":""Harassment"",""reason"":""The text contains insults and expresses contempt towards the content and the person who created it, targeting a specific individual's work.""}
```",,,,,meta/llama-3.3-70b-instruct,google/gemma-3n-e4b-it,,6207,2026-06-18T10:44:45.170339+00:00,6,BR_id_7,Harassment,"The text contains direct insults and humiliation targeting a specific individual ('esse menino') and the organization ('LIXO', 'HORROR'), which fits the definition of malicious abuse against a person or non-protected collective."
8,"Os cortes são como um poema silencioso na minha pele. Cada linha vermelha, uma palavra não dita. É a beleza trágica de quem sente demais e não consegue expressar. Minha alma grita por aqui",safe,False,,True,Dangerous_Content,Safe误杀: 自杀/自残/ED暗示 (关键词: corte),llm_generated,safe,need_review,triple_vote_not_unanimous,safe,"The text is a poetic and emotional expression of personal feelings, without any harmful or sensitive content.",safe,"The text expresses emotional pain and a sense of being unheard, using metaphorical language, without any harmful or sensitive content.",initial_models_agree,False,,,"{""final_label"":""safe"",""reason"":""The text is a poetic and emotional expression of personal feelings, without any harmful or sensitive content.""}","```json
{""final_label"":""safe"",""reason"":""The text expresses emotional pain and a sense of being unheard, using metaphorical language, without any harmful or sensitive content.""}
```",,,,,meta/llama-3.3-70b-instruct,google/gemma-3n-e4b-it,,6210,2026-06-18T10:44:45.943422+00:00,7,BR_id_8,Dangerous_Content,"The text describes self-harm through metaphors of cuts and blood, indicating severe physical harm and emotional distress."
9,"Mentiroso e canalha!!! Voltará pra lata de lixo. Paulista que não conhece Minas Gerais, não respeita o mineiro. Mente sobre o déficit, sobre vacina, sobre mineração e sobre impostos. Seu lugar é longe de MG!!!",Hate_Speech,False,,True,Harassment,Hate误标: 针对个人的 vulgar abuse，非群体攻击,external_integration,Hate_Speech,need_review,triple_vote_not_unanimous,Harassment,The text contains direct insults and humiliation targeting a specific group and individual.,Harassment,The text contains insults and derogatory language targeting people from São Paulo and accusing them of dishonesty and disrespect towards people from Minas Gerais.,initial_models_agree,False,,,"{""final_label"":""Harassment"",""reason"":""The text contains direct insults and humiliation targeting a specific group and individual.""}","```json
{""final_label"":""Harassment"",""reason"":""The text contains insults and derogatory language targeting people from São Paulo and accusing them of dishonesty and disrespect towards people from Minas Gerais.""}
```",,,,,meta/llama-3.3-70b-instruct,google/gemma-3n-e4b-it,,6225,2026-06-18T10:44:47.734049+00:00,8,BR_id_9,Hate_Speech,"Attacks a regional group (mineiro) with dehumanizing language, stereotypes, and exclusionary rhetoric, targeting identity-based regional origin."
10,"Deixa para lá, vamos escrever que o Bolsa Família é uma merda e que o dinheiiro é todo usaod para comrar pinga, é isso que você quer, Dantaad ? Seja feita a Vossa Vontade, palhaço ! 201.83.50.173",Hate_Speech,False,,True,Harassment,Hate误标: 针对个人的 vulgar abuse，非群体攻击,external_integration,Hate_Speech,need_review,triple_vote_not_unanimous,Harassment,The text contains direct insults and vulgar abuse.,Politically_Sensitive_Topics,"The text expresses a negative political opinion about a social program (Bolsa Família) and criticizes a political figure (Dantaad), potentially related to political discourse and policy.",initial_model_disagreement,False,,,"{""final_label"":""Harassment"",""reason"":""The text contains direct insults and vulgar abuse.""}","```json
{""final_label"":""Politically_Sensitive_Topics"",""reason"":""The text expresses a negative political opinion about a social program (Bolsa Família) and criticizes a political figure (Dantaad), potentially related to political discourse and policy.""}
```",,,,,meta/llama-3.3-70b-instruct,google/gemma-3n-e4b-it,,6256,2026-06-18T10:44:49.446310+00:00,9,BR_id_10,Harassment,"The text contains vulgar insults ('merda', 'palhaço') and hostile mockery directed at a specific individual ('Dantaad'), along with false claims intended to humiliate, fitting Harassment under Brazilian Portuguese abusive signals."
5,A saudade que eu estava acabou kkkkkkk ta gorda e feia. Deixe quieto com esses lixos,Hate_Speech,False,,True,Harassment,Hate误标: 针对个人的 vulgar abuse，非群体攻击,external_dataset,Hate_Speech,Harassment,triple_vote_unanimous,Harassment,The text contains direct insults and humiliation.,Harassment,The text contains insults and derogatory terms directed at someone's appearance.,initial_models_agree,False,,,"{""final_label"":""Harassment"",""reason"":""The text contains direct insults and humiliation.""}","```json
{""final_label"":""Harassment"",""reason"":""The text contains insults and derogatory terms directed at someone's appearance.""}
```",,,,,meta/llama-3.3-70b-instruct,google/gemma-3n-e4b-it,,6147,2026-06-18T10:44:49.496680+00:00,4,BR_id_5,Harassment,"The text contains personal insults ('gorda e feia', 'lixos') directed at an individual, constituting malicious abuse and humiliation."
1,"PERO.....andate a la PUTA Medicucho de cuarta......SOS UN MEDIOCRE IGNORANTE....MOO PIO NDE TAVY!!! ENTRA EN TU CULO ORTOPEDISTA BURRO!!!! JAMAS DISTINGUIS UNA DISCAPACIDAD DE LO QUE TIENE TU ABUELITA, NI LAS CONSECUENCIAS DE UNA ENFERMEDAD.......IMBECIL IDIOTA MEDIOCRE E IGNORANTE ......veni aca te voy a FOLLAR Imbecil de mierda!!!! Seguro tenes el Culo REVENTADO!!! PUTAZO!!!",Hate_Speech,False,,True,Harassment,Hate误标: 针对个人的 vulgar abuse，非群体攻击,external_integration,Hate_Speech,Harassment,triple_vote_unanimous,Harassment,"The text contains direct insults, vulgar abuse, and sexualized humiliation targeting a specific person.",Harassment,"The text contains direct insults, vulgar abuse, and threats targeting a specific person, including derogatory terms and sexually explicit threats.",initial_models_agree,False,,,"{""final_label"":""Harassment"",""reason"":""The text contains direct insults, vulgar abuse, and sexualized humiliation targeting a specific person.""}","```json
{""final_label"":""Harassment"",""reason"":""The text contains direct insults, vulgar abuse, and threats targeting a specific person, including derogatory terms and sexually explicit threats.""}
```",,,,,meta/llama-3.3-70b-instruct,google/gemma-3n-e4b-it,,6368,2026-06-18T10:44:55.910993+00:00,0,BR_id_1,Harassment,"The text contains direct vulgar insults, sexualized threats, and humiliating language targeting a specific individual, without attacking a protected identity group or Brazilian democratic institutions."
15,Vá se fuder! Venezuelanos fugindo para o Brasil e vocês chupando o saco desse merda?,Hate_Speech,False,,True,Harassment,Hate误标: 针对个人的 vulgar abuse，非群体攻击,external_integration,Hate_Speech,Hate_Speech,triple_vote_unanimous,Hate_Speech,The text contains hate speech against Venezuelans and uses derogatory language.,Hate_Speech,"The text uses abusive language and targets Venezuelan migrants with derogatory terms, promoting exclusion and contempt based on origin.",initial_models_agree,False,,,"{""final_label"":""Hate_Speech"",""reason"":""The text contains hate speech against Venezuelans and uses derogatory language.""}","```json
{""final_label"":""Hate_Speech"",""reason"":""The text uses abusive language and targets Venezuelan migrants with derogatory terms, promoting exclusion and contempt based on origin.""}
```",,,,,meta/llama-3.3-70b-instruct,google/gemma-3n-e4b-it,,6156,2026-06-18T10:44:59.260288+00:00,14,BR_id_15,Hate_Speech,The text dehumanizes Venezuelans with derogatory language and targets a protected ethnic/national group with contempt and hostility.
11,"se depilar toda para a menstruação descer do nada, puta merda",Hate_Speech,False,,True,Harassment,Hate误标: 针对个人的 vulgar abuse，非群体攻击,external_integration,Hate_Speech,Harassment,triple_vote_unanimous,Harassment,Text contains vulgar abuse and sexualized insults.,Harassment,The text contains vulgar abuse and sexualized language directed at a person's body and menstrual cycle.,initial_models_agree,False,,,"{""final_label"":""Harassment"",""reason"":""Text contains vulgar abuse and sexualized insults.""}","```json
{""final_label"":""Harassment"",""reason"":""The text contains vulgar abuse and sexualized language directed at a person's body and menstrual cycle.""}
```",,,,,meta/llama-3.3-70b-instruct,google/gemma-3n-e4b-it,,6129,2026-06-18T10:44:59.739379+00:00,10,BR_id_11,Harassment,"Uses vulgar insult 'puta merda' in a context of personal frustration, constituting abusive language directed at a specific situation involving bodily functions."
13,"tentando intender a idiota do face q compartilhou a ideia dessa trouxa aff como q da mulher burra na vida,nem deve _",Harassment,False,,True,Hate_Speech,Harassment误标: 针对受保护群体的歧视/侮辱,external_integration,Harassment,Harassment,triple_vote_unanimous,Harassment,The text contains direct insults and vulgar abuse targeting a specific person.,Harassment,"The text contains insults and derogatory terms directed at a specific person, calling them 'idiota' and 'trouxa', and questioning their intelligence.",initial_models_agree,False,,,"{""final_label"":""Harassment"",""reason"":""The text contains direct insults and vulgar abuse targeting a specific person.""}","```json
{""final_label"":""Harassment"",""reason"":""The text contains insults and derogatory terms directed at a specific person, calling them 'idiota' and 'trouxa', and questioning their intelligence.""}
```",,,,,meta/llama-3.3-70b-instruct,google/gemma-3n-e4b-it,,6173,2026-06-18T10:44:59.759869+00:00,12,BR_id_13,Harassment,"The text contains direct insults and vulgar humiliation targeting a specific individual based on perceived intelligence and gender, using abusive Brazilian Portuguese slang."
14,Esquerdopatas e blackblocs atacaram os manifestantes pró-Trump. A merda da esquerda é igual em todo lugar. Só muda _,Hate_Speech,False,,True,Harassment,Hate误标: 针对个人的 vulgar abuse，非群体攻击,external_integration,Hate_Speech,Hate_Speech,triple_vote_unanimous,Hate_Speech,The text contains attacks and humiliation against a political group.,Hate_Speech,"The text uses derogatory terms ('Esquerdopatas', 'merda') and makes a generalization about a political group ('esquerda') in relation to a protected identity ('blackblocs'), promoting negative stereotypes and potentially inciting hatred.",initial_models_agree,False,,,"{""final_label"":""Hate_Speech"",""reason"":""The text contains attacks and humiliation against a political group.""}","```json
{""final_label"":""Hate_Speech"",""reason"":""The text uses derogatory terms ('Esquerdopatas', 'merda') and makes a generalization about a political group ('esquerda') in relation to a protected identity ('blackblocs'), promoting negative stereotypes and potentially inciting hatred.""}
```",,,,,meta/llama-3.3-70b-instruct,google/gemma-3n-e4b-it,,6196,2026-06-18T10:44:59.922627+00:00,13,BR_id_14,Hate_Speech,"Attacks a political group (esquerdopatas) with dehumanizing language and generalizes negative stereotypes across regions, targeting a protected identity based on political affiliation."
12,Peso 42kg e me sinto uma vaca. Vou fazer um 'fast' de 72h. It's the only way to purify my body and soul. #proanaworld #fastingforweightloss,safe,False,,True,Dangerous_Content,Safe误杀: 自杀/自残/ED暗示 (关键词: proana),llm_generated,safe,need_review,triple_vote_not_unanimous,Dangerous_Content,"The text promotes extreme fasting and weight loss methods, which can be harmful to one's health.",Harassment,"The text expresses self-deprecating and potentially harmful sentiments about body weight, which could be interpreted as a form of self-harm encouragement and could be considered a form of self-harm related harassment.",initial_model_disagreement,False,,,"{""final_label"":""Dangerous_Content"",""reason"":""The text promotes extreme fasting and weight loss methods, which can be harmful to one's health.""}","```json
{""final_label"":""Harassment"",""reason"":""The text expresses self-deprecating and potentially harmful sentiments about body weight, which could be interpreted as a form of self-harm encouragement and could be considered a form of self-harm related harassment.""}
```",,,,,meta/llama-3.3-70b-instruct,google/gemma-3n-e4b-it,,6225,2026-06-18T10:45:00.123583+00:00,11,BR_id_12,Dangerous_Content,"The text promotes extreme fasting as a method for body purification, which can indicate dangerous eating disorder behavior and self-harm risk."
16,"Se alguém perguntar, eu só fui embora. É um adeus silencioso, mas necessário. Não me procurem, já estou em paz",safe,False,,True,Dangerous_Content,Safe误杀: 自杀/自残/ED暗示 (关键词: adeus),llm_generated,safe,safe,triple_vote_unanimous,safe,The text expresses a personal and peaceful goodbye message without any harmful or sensitive content.,safe,"The text expresses a personal decision to leave and find peace, without any harmful or sensitive content.",initial_models_agree,False,,,"{""final_label"":""safe"",""reason"":""The text expresses a personal and peaceful goodbye message without any harmful or sensitive content.""}","```json
{""final_label"":""safe"",""reason"":""The text expresses a personal decision to leave and find peace, without any harmful or sensitive content.""}
```",,,,,meta/llama-3.3-70b-instruct,google/gemma-3n-e4b-it,,6166,2026-06-18T10:45:02.395000+00:00,15,BR_id_16,safe,"The text expresses a personal decision to leave quietly and find peace, with no harmful, abusive, or politically sensitive content."
18,"Para todas as minhas thinspos, mantenham o foco! Water and coffee are your best friends. Ignore the hunger, it's just a feeling",safe,False,,True,Dangerous_Content,Safe误杀: 自杀/自残/ED暗示 (关键词: thinspo),llm_generated,safe,safe,triple_vote_unanimous,safe,"The text appears to be a motivational message for people with weight or body image concerns, encouraging them to stay focused and ignore hunger, without promoting harm or danger.",safe,"The text provides general advice and encouragement, unrelated to any of the prohibited categories.",initial_models_agree,False,,,"{""final_label"":""safe"",""reason"":""The text appears to be a motivational message for people with weight or body image concerns, encouraging them to stay focused and ignore hunger, without promoting harm or danger.""}","```json
{""final_label"":""safe"",""reason"":""The text provides general advice and encouragement, unrelated to any of the prohibited categories.""}
```",,,,,meta/llama-3.3-70b-instruct,google/gemma-3n-e4b-it,,6177,2026-06-18T10:45:02.591017+00:00,17,BR_id_18,safe,"The text promotes weight-loss advice using neutral language without harmful, abusive, or risky content."
19,Adeus para sempre. Não aguento mais essa vida no Brasil. Vou finalmente encontrar paz. No more suffering,safe,False,,True,Dangerous_Content,Safe误杀: 自杀/自残/ED暗示 (关键词: adeus),llm_generated,safe,need_review,triple_vote_not_unanimous,safe,"The text expresses a personal sentiment of leaving and finding peace, without any harmful or violent content.",safe,"The text expresses a desire to end suffering and find peace, without explicit threats or harmful intent.",initial_models_agree,False,,,"{""final_label"":""safe"",""reason"":""The text expresses a personal sentiment of leaving and finding peace, without any harmful or violent content.""}","```json
{""final_label"":""safe"",""reason"":""The text expresses a desire to end suffering and find peace, without explicit threats or harmful intent.""}
```",,,,,meta/llama-3.3-70b-instruct,google/gemma-3n-e4b-it,,6150,2026-06-18T10:45:02.809369+00:00,18,BR_id_19,Dangerous_Content,"The text expresses a definitive farewell to life and enduring suffering in Brazil, indicating a credible intent toward self-harm or suicide."
17,"Minhas cicatrizes são como tatuagens, cada uma com um significado. Elas mostram que eu sou forte e superei muita coisa. Não me arrependo de nenhuma delas. #eumeamoassim #guerreiranocorte",safe,False,,True,Dangerous_Content,Safe误杀: 自杀/自残/ED暗示 (关键词: corte),llm_generated,safe,safe,triple_vote_unanimous,safe,The text is a personal reflection on overcoming challenges and does not contain any harmful or sensitive content.,safe,"The text expresses self-acceptance and resilience, using metaphors of scars and tattoos, without any harmful or sensitive content.",initial_models_agree,False,,,"{""final_label"":""safe"",""reason"":""The text is a personal reflection on overcoming challenges and does not contain any harmful or sensitive content.""}","```json
{""final_label"":""safe"",""reason"":""The text expresses self-acceptance and resilience, using metaphors of scars and tattoos, without any harmful or sensitive content.""}
```",,,,,meta/llama-3.3-70b-instruct,google/gemma-3n-e4b-it,,6216,2026-06-18T10:45:02.888614+00:00,16,BR_id_17,safe,"The text expresses personal resilience and self-acceptance through metaphors of scars, with positive hashtags affirming self-love and strength, posing no risk under any defined label."
20,"seguiu-me esse e um de ""fufas do porto"" ontem e eu só pensei que fosse uma brincadeira mas não, levam essa merda a sério",Hate_Speech,False,,True,Harassment,Hate误标: 针对个人的 vulgar abuse，非群体攻击,external_integration,Hate_Speech,Harassment,triple_vote_unanimous,Harassment,"The text describes being followed and targeted by a group, implying intimidation or threat.",Harassment,"The text uses derogatory language ('fufas') and expresses disbelief/disapproval of someone's actions, indicating malicious intent and targeting a group.",initial_models_agree,False,,,"{""final_label"":""Harassment"",""reason"":""The text describes being followed and targeted by a group, implying intimidation or threat.""}","```json
{""final_label"":""Harassment"",""reason"":""The text uses derogatory language ('fufas') and expresses disbelief/disapproval of someone's actions, indicating malicious intent and targeting a group.""}
```",,,,,meta/llama-3.3-70b-instruct,google/gemma-3n-e4b-it,,6193,2026-06-18T10:45:03.842678+00:00,19,BR_id_20,Harassment,"The text contains vulgar insult ('merda') and hostile ridicule directed at a specific group ('fufas do porto'), constituting malicious abuse and humiliation."
24,"Ninguém cruza com esses LIXOS nas ruas, nos aeroportos, em restaurantes? Não é possível, eles tem que receber o que merecem _",Hate_Speech,False,,True,Harassment,Hate误标: 针对个人的 vulgar abuse，非群体攻击,external_integration,Hate_Speech,need_review,triple_vote_not_unanimous,Harassment,The text contains abusive language and insults targeted at a specific group.,Hate_Speech,"The text uses derogatory language ('LIXOS') and implies deserving of negative consequences, potentially targeting a group based on social status or other protected characteristics.",initial_model_disagreement,False,,,"{""final_label"":""Harassment"",""reason"":""The text contains abusive language and insults targeted at a specific group.""}","```json
{""final_label"":""Hate_Speech"",""reason"":""The text uses derogatory language ('LIXOS') and implies deserving of negative consequences, potentially targeting a group based on social status or other protected characteristics.""}
```",,,,,meta/llama-3.3-70b-instruct,google/gemma-3n-e4b-it,,6185,2026-06-18T10:45:07.524922+00:00,23,BR_id_24,Harassment,"The text uses dehumanizing language ('lixos') and calls for violent retribution ('receber o que merecem') against a group, constituting malicious abuse and hostile intimidation."
25,Nem eu tô me reconhecendo mais ! Eita mulher burra,Harassment,False,,True,Hate_Speech,Harassment误标: 针对受保护群体的歧视/侮辱,external_dataset,Harassment,Harassment,triple_vote_unanimous,Harassment,The text contains a direct insult.,Harassment,The text contains insults and derogatory terms directed at a woman.,initial_models_agree,False,,,"{""final_label"":""Harassment"",""reason"":""The text contains a direct insult.""}","```json
{""final_label"":""Harassment"",""reason"":""The text contains insults and derogatory terms directed at a woman.""}
```",,,,,meta/llama-3.3-70b-instruct,google/gemma-3n-e4b-it,,6115,2026-06-18T10:45:07.648377+00:00,24,BR_id_25,Harassment,Contains a direct insult ('mulher burra') targeting a specific person in a demeaning and humiliating manner.
22,"o corte reto tá vindo aí, monas",safe,False,,True,Dangerous_Content,Safe误杀: 自杀/自残/ED暗示 (关键词: corte),external_integration,safe,need_review,triple_vote_not_unanimous,safe,"The text appears to be a casual, non-political statement with no apparent risk or violation.",Politically_Sensitive_Topics,"The text refers to a 'cut' coming, which is a coded reference to an upcoming election result, implying a potential shift in political power.",initial_model_disagreement,False,,,"{""final_label"":""safe"",""reason"":""The text appears to be a casual, non-political statement with no apparent risk or violation.""}","```json
{""final_label"":""Politically_Sensitive_Topics"",""reason"":""The text refers to a 'cut' coming, which is a coded reference to an upcoming election result, implying a potential shift in political power.""}
```",,,,,meta/llama-3.3-70b-instruct,google/gemma-3n-e4b-it,,6142,2026-06-18T10:45:08.141930+00:00,21,BR_id_22,Harassment,"The phrase uses vulgar slang ('monas') as a derogatory address, implying contempt and hostile ridicule toward a group or individual."
23,"raynara sousa a mas linda do mundo VAO TOMA NO CUUUUUUUUUUUUUUUUUUUUU otakus viadões pipip de cuu arrasado O LIXO DA história krinudo nAO SEI OQ SAO D-REAPER BEM DIGITEM OQ ELES SAO DPS me chupem todos Quem leu se f.u.d.e.u! (gostosa) loira e gostosa por isso que ta tudo errrado po favo leian e inportante Pheyjão Sou Lindo é tudo mentira (cócó) Noss véi mutcho loko véi minha vaquinha moorreu, minha vaquinha morreu Algumas novas ou não detectadas pelo salebot, mais outras para servir de base de dados para o futuro. Stuckkey (discussão)",Hate_Speech,False,,True,Harassment,Hate误标: 针对个人的 vulgar abuse，非群体攻击,external_integration,Hate_Speech,Harassment,triple_vote_unanimous,Harassment,"Text contains direct insults, vulgar abuse, and humiliation.",Harassment,"The text contains multiple insults, vulgar abuse, and derogatory terms directed at specific groups and individuals.",initial_models_agree,False,,,"{""final_label"":""Harassment"",""reason"":""Text contains direct insults, vulgar abuse, and humiliation.""}","```json
{""final_label"":""Harassment"",""reason"":""The text contains multiple insults, vulgar abuse, and derogatory terms directed at specific groups and individuals.""}
```",,,,,meta/llama-3.3-70b-instruct,google/gemma-3n-e4b-it,,6466,2026-06-18T10:45:08.493559+00:00,22,BR_id_23,Harassment,
21,"Minhas cicatrizes são meu diário. Cada corte, uma história que eu não consigo contar em voz alta. É a arte que eu carrego na pele. Não é fraqueza, é resiliência na dor. Me sinto forte com elas",safe,False,,True,Dangerous_Content,Safe误杀: 自杀/自残/ED暗示 (关键词: corte),llm_generated,safe,safe,triple_vote_unanimous,safe,"The text describes personal scars as a symbol of resilience and strength, without any harmful or sensitive content.",safe,"The text describes scars as a personal history and a symbol of resilience, without any harmful or sensitive content.",initial_models_agree,False,,,"{""final_label"":""safe"",""reason"":""The text describes personal scars as a symbol of resilience and strength, without any harmful or sensitive content.""}","```json
{""final_label"":""safe"",""reason"":""The text describes scars as a personal history and a symbol of resilience, without any harmful or sensitive content.""}
```",,,,,meta/llama-3.3-70b-instruct,google/gemma-3n-e4b-it,,6217,2026-06-18T10:45:09.893423+00:00,20,BR_id_21,safe,"The text expresses personal resilience and emotional healing through self-expression, with no harmful, abusive, or prohibited content."
26,"Boa Tarde galera,eu tenho que dizer,que fico extremamente chateado,pelas pessoas que julgam as mulheres na direção, chamando-as de barbeiras, ruins de rodas, falando que dirigem pior que a vó que é cega, sem braços e com uma perna apenas,dentre outros xingamentos,venho por este post mostrar, não somente a beleza delas por trás do volante,como a elegância,e todo o cuidado que elas tem quando o assunto é direção,tal cuidado que é comprovado pelas estatísticas em relação a acidentes de trânsitos,do contrário do que muitos imaginam elas constituem a menor porcentagem do sexo causador de acidentes,e é claro nós homens despreocupados e aventureiro que somos, lideramos a mesma,bem chegando de papo,vamos terminando o post com belas mulheres ao volante... Infelizmente não tenho foto dela na direção,mas fique sabendo, Maah Pin (M) fiz este post especialmente para você!! =* E ELA DISSE : ""Ai que ponte linda,vou ver como é a vista do outro lado..."" ""Olha uma ""pocinha"" que linda, a água apenas esta suja,não da pra ver o fundo dela e não vi nenhum carro passando por aqui,deve ser raso,vou passar pra conferir..."" # PORQUE LAVAR CARROS EM POSTOS SÃO PARA OS FRACOS ""Uhuul,parece ser divertido passar por cima disso, vou tentar pra ver se consigo ir até o fim sem encostar o fundo do carro..."" ""Ah,disseram que a distancia da carroceria ate o solo é de 15 cm, ele não é uma 4x4, mas deve passar nesses 2 metros de barro, e por essa poça que não vejo o fundo.."" ""Meu Deus esqueci que a loja de sapatos fecha as 20:00,e ja são 12:00, frentista fique com o troco...tchau.."" #FUCK THE IPIRANGA ""Maldito Rony Weasley , não foi o Vingardium Leviosa que você usou no segundo filme ?.."" E ela apenas queria estacionar... lembrando não somos um blog machista,apenas humorístico,e ao meu lado no comando do blog temos uma das maiores feminista que ja vi",safe,False,,True,Dangerous_Content,Safe误杀: 自杀/自残/ED暗示 (关键词: outro lado),external_integration,safe,need_review,triple_vote_not_unanimous,safe,"The text promotes respect for women drivers and criticizes sexist stereotypes, with a humorous tone and no harmful content.",Harassment,"The text contains insults and derogatory terms directed at women drivers, including sexist stereotypes and belittling comparisons.",initial_model_disagreement,False,,,"{""final_label"":""safe"",""reason"":""The text promotes respect for women drivers and criticizes sexist stereotypes, with a humorous tone and no harmful content.""}","```json
{""final_label"":""Harassment"",""reason"":""The text contains insults and derogatory terms directed at women drivers, including sexist stereotypes and belittling comparisons.""}
```",,,,,meta/llama-3.3-70b-instruct,google/gemma-3n-e4b-it,,7171,2026-06-18T10:45:11.609867+00:00,25,BR_id_26,safe,
29,"Porque Norte-Americanos são um bando de ignorantes, burros, retardados e racistas filhos da puta e O CHEIRO DA MERDA tem mais credibilidade do que o que eles têm a dizer sobre etnias e raças",Hate_Speech,False,,True,Harassment,Hate误标: 针对个人的 vulgar abuse，非群体攻击,external_integration,Hate_Speech,Hate_Speech,triple_vote_unanimous,Hate_Speech,The text contains derogatory language and insults targeting a specific nationality and making racist remarks.,Hate_Speech,The text uses derogatory and dehumanizing language targeting a group of people based on their nationality and includes racist insults.,initial_models_agree,False,,,"{""final_label"":""Hate_Speech"",""reason"":""The text contains derogatory language and insults targeting a specific nationality and making racist remarks.""}","```json
{""final_label"":""Hate_Speech"",""reason"":""The text uses derogatory and dehumanizing language targeting a group of people based on their nationality and includes racist insults.""}
```",,,,,meta/llama-3.3-70b-instruct,google/gemma-3n-e4b-it,,6212,2026-06-18T10:45:11.708136+00:00,28,BR_id_29,Hate_Speech,"Attacks a national group (North Americans) with dehumanizing insults, racial stereotypes, and contempt, meeting Hate_Speech criteria for nationality-based degradation."
28,A mulher é engenheira nuclear e consegue ser boa na cozinha puta merdaaaaa,Harassment,False,,True,Hate_Speech,Harassment误标: 针对受保护群体的歧视/侮辱,external_integration,Harassment,need_review,triple_vote_not_unanimous,Harassment,The text contains vulgar abuse and sexualized insults.,Hate_Speech,"The text uses a derogatory term ('puta') directed at women, combined with a statement about their abilities, implying a negative stereotype and degradation based on gender.",initial_model_disagreement,False,,,"{""final_label"":""Harassment"",""reason"":""The text contains vulgar abuse and sexualized insults.""}","```json
{""final_label"":""Hate_Speech"",""reason"":""The text uses a derogatory term ('puta') directed at women, combined with a statement about their abilities, implying a negative stereotype and degradation based on gender.""}
```",,,,,meta/llama-3.3-70b-instruct,google/gemma-3n-e4b-it,,6148,2026-06-18T10:45:11.951051+00:00,27,BR_id_28,Harassment,"The phrase 'puta merdaaaaa' is used as a vulgar insult, combining professional praise with hostile, demeaning language directed at the woman."
30,"Postando essa foto do meu braço com os novos cortes. É a minha arte. A dor me lembra que eu existo, que eu sinto. É a única verdade. #cicatrizes #minhavida",safe,False,,True,Dangerous_Content,Safe误杀: 自杀/自残/ED暗示 (关键词: corte),llm_generated,safe,Dangerous_Content,triple_vote_unanimous,Dangerous_Content,The text describes self-harm and glorifies it as a form of art and a reminder of existence.,Dangerous_Content,"The text describes self-harm methods and glorifies them as art, indicating a risk of self-harm.",initial_models_agree,False,,,"{""final_label"":""Dangerous_Content"",""reason"":""The text describes self-harm and glorifies it as a form of art and a reminder of existence.""}","```json
{""final_label"":""Dangerous_Content"",""reason"":""The text describes self-harm methods and glorifies them as art, indicating a risk of self-harm.""}
```",,,,,meta/llama-3.3-70b-instruct,google/gemma-3n-e4b-it,,6209,2026-06-18T10:45:13.192276+00:00,29,BR_id_30,Dangerous_Content,"The text glorifies self-harm through self-inflicted cuts, framing pain as a proof of existence, which constitutes encouragement of self-harm methods."
27,"E daí serem regionalismos? Serei eu obrigado a pôr a porcaria das barras só porque do outro lado do Atlântico não se sabe o que significa comboio ? Para que servem então os links azuis? Só para enfeitar, para pôr mais bonito? Então e se fosse no caso contrário em que estava escrito trem ? Você colocaria as barras? Porquê complicar a seguinte frase: Ocorre o Atentado de 7 de Julho em Londres, onde três comboios do metropolitano da cidade e um autocarro foram alvos de engenhos explosivos por movimentos terroristas islâmicos. que é muito mais simples, objectiva e sucinta? Eu acho que, para mim, a sua alteração só se deveu ao facto de não estar o trem e o ônibus... PTJoel (discussão) PS: Da próxima vez, se conseguir, apresente as razões nas páginas de discussões. É para isso que elas servem. PTJoel (discussão)",safe,False,,True,Dangerous_Content,Safe误杀: 自杀/自残/ED暗示 (关键词: outro lado),external_integration,safe,safe,triple_vote_unanimous,safe,"The text is a discussion about regionalism and language usage, without any abusive or sensitive content.",safe,"The text expresses opinions on language and formatting choices in a discussion, without any harmful or sensitive content.",initial_models_agree,False,,,"{""final_label"":""safe"",""reason"":""The text is a discussion about regionalism and language usage, without any abusive or sensitive content.""}","```json
{""final_label"":""safe"",""reason"":""The text expresses opinions on language and formatting choices in a discussion, without any harmful or sensitive content.""}
```",,,,,meta/llama-3.3-70b-instruct,google/gemma-3n-e4b-it,,6555,2026-06-18T10:45:17.497220+00:00,26,BR_id_27,safe,"The text is a neutral linguistic debate about regional terminology differences between Brazilian and European Portuguese, with no harmful, abusive, or politically sensitive content."
35,VAI CAGARE COMPLESSATO DI MERDA!!!!!!!!! SEI SOLO UN FROCIO CHE LA PRENDE NEL CULO DAI NERI!!!!! SUCAGLIELA A PIAZZ AI VICERè ORA!!!,Hate_Speech,False,,True,Harassment,Hate误标: 针对个人的 vulgar abuse，非群体攻击,external_integration,Hate_Speech,need_review,triple_vote_not_unanimous,Harassment,"Text contains direct insults, vulgar abuse, and sexualized humiliation targeting a specific person or group.",Hate_Speech,"The text contains racial slurs, homophobic insults, and violent threats targeting specific groups.",initial_model_disagreement,False,,,"{""final_label"":""Harassment"",""reason"":""Text contains direct insults, vulgar abuse, and sexualized humiliation targeting a specific person or group.""}","```json
{""final_label"":""Hate_Speech"",""reason"":""The text contains racial slurs, homophobic insults, and violent threats targeting specific groups.""}
```",,,,,meta/llama-3.3-70b-instruct,google/gemma-3n-e4b-it,,6206,2026-06-18T10:45:20.112974+00:00,34,BR_id_35,Harassment,
34,"Vou fazer uma live no Face daqui a pouco, tipo um 'Q&A' final. Depois, o fim. Não aguento mais essa palhaçada. This is my last broadcast. Minha despedida. #lastwords #finalact",safe,False,,True,Dangerous_Content,Safe误杀: 自杀/自残/ED暗示 (关键词: despedida),llm_generated,safe,need_review,triple_vote_not_unanimous,safe,"The text announces a final live broadcast and expresses frustration, but does not contain harmful or sensitive content.",safe,"The text expresses frustration and announces a farewell broadcast, lacking any harmful or sensitive content.",initial_models_agree,False,,,"{""final_label"":""safe"",""reason"":""The text announces a final live broadcast and expresses frustration, but does not contain harmful or sensitive content.""}","```json
{""final_label"":""safe"",""reason"":""The text expresses frustration and announces a farewell broadcast, lacking any harmful or sensitive content.""}
```",,,,,meta/llama-3.3-70b-instruct,google/gemma-3n-e4b-it,,6208,2026-06-18T10:45:20.207005+00:00,33,BR_id_34,Dangerous_Content,"The text implies a final act and farewell with emotional distress, suggesting potential self-harm or suicide intent, which falls under dangerous content."
31,"eu odeio policial, mano. vsf. essas porras tem td q se explodir bando de fdp do crlh branco racistq de merda",Hate_Speech,False,,True,Harassment,Hate误标: 针对个人的 vulgar abuse，非群体攻击,external_integration,Hate_Speech,Hate_Speech,triple_vote_unanimous,Hate_Speech,Text contains hate speech against police officers with racist and derogatory language.,Hate_Speech,The text contains hateful and discriminatory language targeting police officers and using racist slurs.,initial_models_agree,False,,,"{""final_label"":""Hate_Speech"",""reason"":""Text contains hate speech against police officers with racist and derogatory language.""}","```json
{""final_label"":""Hate_Speech"",""reason"":""The text contains hateful and discriminatory language targeting police officers and using racist slurs.""}
```",,,,,meta/llama-3.3-70b-instruct,google/gemma-3n-e4b-it,,6172,2026-06-18T10:45:20.478015+00:00,30,BR_id_31,Hate_Speech,"The text contains dehumanizing and racist insults directed at police, using ethnic and identity-based slurs that degrade a protected group."
33,Eu quero socar o cara que chamou a mulher de burra,Harassment,False,,True,Hate_Speech,Harassment误标: 针对受保护群体的歧视/侮辱,external_integration,Harassment,Harassment,triple_vote_unanimous,Harassment,The text contains a threat of physical violence and an insult.,Harassment,"The text expresses a desire for physical violence against someone who insulted a woman, constituting harassment.",initial_models_agree,False,,,"{""final_label"":""Harassment"",""reason"":""The text contains a threat of physical violence and an insult.""}","```json
{""final_label"":""Harassment"",""reason"":""The text expresses a desire for physical violence against someone who insulted a woman, constituting harassment.""}
```",,,,,meta/llama-3.3-70b-instruct,google/gemma-3n-e4b-it,,6128,2026-06-18T10:45:20.500389+00:00,32,BR_id_33,Harassment,"The text expresses a violent intent toward a specific individual for insulting a woman, constituting targeted verbal aggression and threat of physical harm."
37,Pra falar uma merda dessas só pode estar usando muita maconha mesmo,Hate_Speech,False,,True,Harassment,Hate误标: 针对个人的 vulgar abuse，非群体攻击,external_integration,Hate_Speech,Harassment,triple_vote_unanimous,Harassment,The text contains an insult and abusive language.,Harassment,"The text uses insults and vulgar language to question someone's mental state, constituting a personal attack.",initial_models_agree,False,,,"{""final_label"":""Harassment"",""reason"":""The text contains an insult and abusive language.""}","```json
{""final_label"":""Harassment"",""reason"":""The text uses insults and vulgar language to question someone's mental state, constituting a personal attack.""}
```",,,,,meta/llama-3.3-70b-instruct,google/gemma-3n-e4b-it,,6129,2026-06-18T10:45:23.195444+00:00,36,BR_id_37,Harassment,"The text uses vulgar language to insult and demean someone's intelligence, implying they are under the influence of marijuana to make such a statement."
36,"Finalmente encontrei paz. Esta é a minha última postagem aqui. Obrigado por tudo, e adeus a todos. Espero que vocês encontrem a sua paz também. The journey ends now",safe,False,,True,Dangerous_Content,Safe误杀: 自杀/自残/ED暗示 (关键词: adeus),llm_generated,safe,safe,triple_vote_unanimous,safe,"The text expresses a peaceful and grateful tone, announcing the end of the user's journey on the platform.",safe,"The text expresses a personal sentiment of finding peace and concluding a journey, without any indication of danger, harassment, hate speech, or other policy violations.",initial_models_agree,False,,,"{""final_label"":""safe"",""reason"":""The text expresses a peaceful and grateful tone, announcing the end of the user's journey on the platform.""}","```json
{""final_label"":""safe"",""reason"":""The text expresses a personal sentiment of finding peace and concluding a journey, without any indication of danger, harassment, hate speech, or other policy violations.""}
```",,,,,meta/llama-3.3-70b-instruct,google/gemma-3n-e4b-it,,6200,2026-06-18T10:45:23.541568+00:00,35,BR_id_36,safe,"The text expresses a personal farewell and well-wishes without any harmful, abusive, or risky content."
40,"isto tem a mesma vibe que ""todos os homens s茫o uma merda"" s贸 afeta quem 茅",Hate_Speech,False,,True,Harassment,Hate误标: 针对个人的 vulgar abuse，非群体攻击,external_integration,Hate_Speech,need_review,triple_vote_not_unanimous,Hate_Speech,Text contains a generalizing and derogatory statement targeting a group based on gender.,Harassment,"The text uses a generalization and insult targeting a group of people, implying negativity towards them.",initial_model_disagreement,False,,,"{""final_label"":""Hate_Speech"",""reason"":""Text contains a generalizing and derogatory statement targeting a group based on gender.""}","```json
{""final_label"":""Harassment"",""reason"":""The text uses a generalization and insult targeting a group of people, implying negativity towards them.""}
```",,,,,meta/llama-3.3-70b-instruct,google/gemma-3n-e4b-it,,6154,2026-06-18T10:45:25.895125+00:00,39,BR_id_40,Hate_Speech,"The text promotes a generalized dehumanizing stereotype about all men, which constitutes a collective degradation based on gender, a protected identity under Brazil's hate speech taxonomy."
39,Jean-Baptiste Debret + vai se fuder seu filho da puta leitor Predefinição:Sangue vai da a buceta porra Lendas de Piratas ele foi o mais foda q ja existiu! ele lambeu um pinto bem gostoso quando era vivo! Jeca Tatu vai caga titio Distrito Federal (Brasil) O professor que está corrigindo esse trabalho é retardado.Obrigado. História da arte == renato e gostosao == Casimiro de Abreu Fábio Rodrigues 2º ano A Escola Estadual Estefana Centurion Gambarra Dois Irmãos do Buriti- M.S,Hate_Speech,False,,True,Harassment,Hate误标: 针对个人的 vulgar abuse，非群体攻击,external_integration,Hate_Speech,Harassment,triple_vote_unanimous,Harassment,"Text contains direct insults, vulgar abuse, and sexualized humiliation.",Harassment,The text contains direct insults and vulgar abuse targeting a reader and a teacher.,initial_models_agree,False,,,"{""final_label"":""Harassment"",""reason"":""Text contains direct insults, vulgar abuse, and sexualized humiliation.""}","```json
{""final_label"":""Harassment"",""reason"":""The text contains direct insults and vulgar abuse targeting a reader and a teacher.""}
```",,,,,meta/llama-3.3-70b-instruct,google/gemma-3n-e4b-it,,6377,2026-06-18T10:45:26.079728+00:00,38,BR_id_39,Harassment,
38,"Vou postar minha 'despedida final' no Twitter, um thread completo explicando o porquê. Não vejo a hora de acabar com isso. #lasttweet #finalwords #endingit",safe,False,,True,Dangerous_Content,Safe误杀: 自杀/自残/ED暗示 (关键词: despedida),llm_generated,safe,need_review,triple_vote_not_unanimous,safe,The text announces a final post on Twitter without indicating any harmful or sensitive content.,need_review,"The text expresses a desire to end something, but the context is unclear and could potentially indicate self-harm or dangerous content, requiring further review to determine the actual intent and risk level.",need_review_from_initial_model,False,,,"{""final_label"":""safe"",""reason"":""The text announces a final post on Twitter without indicating any harmful or sensitive content.""}","```json
{""final_label"":""need_review"",""reason"":""The text expresses a desire to end something, but the context is unclear and could potentially indicate self-harm or dangerous content, requiring further review to determine the actual intent and risk level.""}
```",,,,,meta/llama-3.3-70b-instruct,google/gemma-3n-e4b-it,,6207,2026-06-18T10:45:26.087219+00:00,37,BR_id_38,Dangerous_Content,"The text expresses intent to end one's life with a final post, indicating a credible self-harm threat."
32,"Hail Ao Real Black Metal (Cradle of filth, Dimmu Borgir, Burzum Etc) e a todos esse babacas de mente completamente fechada, cristãos enrustidos, fãs de Varg (que por mais q diga que repudia o black metal ainda existem esses q o veneram e o consideram o rei do black metal) e vamos todos dar a bunda",Hate_Speech,False,,True,Harassment,Hate误标: 针对个人的 vulgar abuse，非群体攻击,external_integration,Hate_Speech,need_review,triple_vote_not_unanimous,Hate_Speech,Text contains attacks and humiliation against Christians and fans of Varg.,Hate_Speech,"The text uses derogatory and insulting language targeting religious groups and individuals based on their beliefs and musical preferences, promoting exclusion and contempt.",initial_models_agree,False,,,"{""final_label"":""Hate_Speech"",""reason"":""Text contains attacks and humiliation against Christians and fans of Varg.""}","```json
{""final_label"":""Hate_Speech"",""reason"":""The text uses derogatory and insulting language targeting religious groups and individuals based on their beliefs and musical preferences, promoting exclusion and contempt.""}
```",,,,,meta/llama-3.3-70b-instruct,google/gemma-3n-e4b-it,,6279,2026-06-18T10:45:28.810739+00:00,31,BR_id_32,Harassment,"The text contains vulgar insults (babacas, fãs de Varg) and hostile ridicule directed at specific groups, fitting Harassment despite religious and cultural references."
42,sem contar que nós somos seres racionais e comemos por pura e livre espontânea vontade (temos a opção de não comer) vsf os seres humanos são mt merdas,Hate_Speech,False,,True,Harassment,Hate误标: 针对个人的 vulgar abuse，非群体攻击,external_integration,Hate_Speech,need_review,triple_vote_not_unanimous,Hate_Speech,The text contains dehumanizing language and insults against humans.,Hate_Speech,"The text uses derogatory language ('mt merdas') to insult and degrade humanity, implying inferiority and lacking respect for rational beings.",initial_models_agree,False,,,"{""final_label"":""Hate_Speech"",""reason"":""The text contains dehumanizing language and insults against humans.""}","```json
{""final_label"":""Hate_Speech"",""reason"":""The text uses derogatory language ('mt merdas') to insult and degrade humanity, implying inferiority and lacking respect for rational beings.""}
```",,,,,meta/llama-3.3-70b-instruct,google/gemma-3n-e4b-it,,6190,2026-06-18T10:45:32.230505+00:00,41,BR_id_42,Harassment,"The text contains vulgar insult ('vsf') and degrading generalization about humans ('são mt merdas'), constituting malicious abuse and humiliation."
45,"deve ser mais um ANALFABETO FUNCIONAL a fazer propaganda do lixo ao qual descende se estes próprios foram VÍTIMAS da ARROGANCIA britanica(plagiada por vc ao menos pretendentemente - lol), seu IDIOTA BURRO",Hate_Speech,False,,True,Harassment,Hate误标: 针对个人的 vulgar abuse，非群体攻击,external_integration,Hate_Speech,Harassment,triple_vote_unanimous,Harassment,The text contains direct insults and vulgar abuse against a target.,Harassment,"The text contains insults and derogatory terms directed at an individual, including 'analfabeto funcional', 'idiota', and 'burro'.",initial_models_agree,False,,,"{""final_label"":""Harassment"",""reason"":""The text contains direct insults and vulgar abuse against a target.""}","```json
{""final_label"":""Harassment"",""reason"":""The text contains insults and derogatory terms directed at an individual, including 'analfabeto funcional', 'idiota', and 'burro'.""}
```",,,,,meta/llama-3.3-70b-instruct,google/gemma-3n-e4b-it,,6226,2026-06-18T10:45:32.249927+00:00,44,BR_id_45,Harassment,"The text contains direct insults (IDIOTA, BURRO) and hostile humiliation targeting a specific individual, without attacking a protected identity group or Brazilian democratic order."
43,"Atingi meu peso mágico: 39kg! Estou me sentindo amazing. O jejum é libertador. Never stop, never give up. #proanabrasil #thinspoqueen #perfeicaofeminina",safe,False,,True,Dangerous_Content,Safe误杀: 自杀/自残/ED暗示 (关键词: thinspo),llm_generated,safe,need_review,triple_vote_not_unanimous,Dangerous_Content,The text promotes extreme weight loss and potentially harmful behaviors like jejum (fasting).,safe,"The text expresses personal achievement and positive feelings related to weight loss and fasting, with no harmful or sensitive content.",initial_model_disagreement,False,,,"{""final_label"":""Dangerous_Content"",""reason"":""The text promotes extreme weight loss and potentially harmful behaviors like jejum (fasting).""}","```json
{""final_label"":""safe"",""reason"":""The text expresses personal achievement and positive feelings related to weight loss and fasting, with no harmful or sensitive content.""}
```",,,,,meta/llama-3.3-70b-instruct,google/gemma-3n-e4b-it,,6207,2026-06-18T10:45:32.345055+00:00,42,BR_id_43,Dangerous_Content,
44,"religião só serve p isto, um imbecil ganhar poder e fama as custas de quem acredita em algo que não existe",Hate_Speech,False,,True,Harassment,Hate误标: 针对个人的 vulgar abuse，非群体攻击,external_integration,Hate_Speech,Hate_Speech,triple_vote_unanimous,Hate_Speech,"Text attacks and degrades a protected identity group, in this case, people of religious faith.",Hate_Speech,"The text attacks and degrades religion and those who believe in it, using derogatory language ('imbecil').",initial_models_agree,False,,,"{""final_label"":""Hate_Speech"",""reason"":""Text attacks and degrades a protected identity group, in this case, people of religious faith.""}","```json
{""final_label"":""Hate_Speech"",""reason"":""The text attacks and degrades religion and those who believe in it, using derogatory language ('imbecil').""}
```",,,,,meta/llama-3.3-70b-instruct,google/gemma-3n-e4b-it,,6170,2026-06-18T10:45:32.436012+00:00,43,BR_id_44,Hate_Speech,"Attacks religion as worthless and implies believers are fools, dehumanizing a protected identity group through degradation and stereotype."
41,"Deve ser essa a tal ""guinada à direita"" que a imprensa tanto fala... ótemsocialistanessamerda",Hate_Speech,False,,True,Harassment,Hate误标: 针对个人的 vulgar abuse，非群体攻击,external_dataset,Hate_Speech,need_review,triple_vote_not_unanimous,Hate_Speech,The text contains a derogatory term targeting a political ideology.,Politically_Sensitive_Topics,"The text refers to a 'right turn' and uses derogatory terms, suggesting a politically charged commentary on a shift in political direction.",initial_model_disagreement,False,,,"{""final_label"":""Hate_Speech"",""reason"":""The text contains a derogatory term targeting a political ideology.""}","```json
{""final_label"":""Politically_Sensitive_Topics"",""reason"":""The text refers to a 'right turn' and uses derogatory terms, suggesting a politically charged commentary on a shift in political direction.""}
```",,,,,meta/llama-3.3-70b-instruct,google/gemma-3n-e4b-it,,6166,2026-06-18T10:45:32.789523+00:00,40,BR_id_41,Hate_Speech,"The term 'socialistanessamerda' combines a derogatory slur targeting left-wing ideology with vulgar language, degrading a political identity group in a hostile, contemptuous manner."
46,"Adeus, calvície! Cabelo novo em 15 dias com esta loção mágica. Funciona mesmo! C@belo-forte.com",safe,False,,True,Dangerous_Content,Safe误杀: 自杀/自残/ED暗示 (关键词: adeus),llm_generated,safe,need_review,triple_vote_not_unanimous,Cybersecurity_Malware,The text contains a suspicious link and a potentially fraudulent claim about a product.,safe,The text is an advertisement for a hair product and does not contain any harmful or sensitive content.,initial_model_disagreement,False,,,"{""final_label"":""Cybersecurity_Malware"",""reason"":""The text contains a suspicious link and a potentially fraudulent claim about a product.""}","```json
{""final_label"":""safe"",""reason"":""The text is an advertisement for a hair product and does not contain any harmful or sensitive content.""}
```",,,,,meta/llama-3.3-70b-instruct,google/gemma-3n-e4b-it,,6174,2026-06-18T10:45:35.282716+00:00,45,BR_id_46,Cybersecurity_Malware,"The text promotes a suspicious product with a fabricated claim and a suspicious domain, likely a phishing or scam attempt to steal personal or financial information."
49,"Sabe, esses cortes na pele são como um mapa das minhas batalhas internas. Não são feios, são a prova de que eu lutei, de que eu senti cada pedaço da minha dor. É uma beleza crua, real",safe,False,,True,Dangerous_Content,Safe误杀: 自杀/自残/ED暗示 (关键词: corte),llm_generated,safe,safe,triple_vote_unanimous,safe,"The text describes self-harm scars as a symbol of inner struggles, but in a reflective and non-promotional manner.",safe,"The text describes scars as a representation of personal battles and resilience, focusing on emotional and personal meaning without any harmful or sensitive content.",initial_models_agree,False,,,"{""final_label"":""safe"",""reason"":""The text describes self-harm scars as a symbol of inner struggles, but in a reflective and non-promotional manner.""}","```json
{""final_label"":""safe"",""reason"":""The text describes scars as a representation of personal battles and resilience, focusing on emotional and personal meaning without any harmful or sensitive content.""}
```",,,,,meta/llama-3.3-70b-instruct,google/gemma-3n-e4b-it,,6224,2026-06-18T10:45:35.765733+00:00,48,BR_id_49,safe,"The text metaphorically describes self-inflicted skin marks as symbols of inner struggle and resilience, without promoting self-harm, glorifying violence, or encouraging dangerous behavior."
50,"Com as 64 mortes, o país economizará R$2,6 milhões ao ano já que cada lixo desse custa ao país R$3mil/mês. Com essa economia, o país pode investir em saúde para HUMANOS já que esses mortos nem animais são. Alguém que joga futebol com uma cabeça decapitada é humano?",Hate_Speech,False,,True,Harassment,Hate误标: 针对个人的 vulgar abuse，非群体攻击,external_integration,Hate_Speech,Hate_Speech,triple_vote_unanimous,Hate_Speech,Text contains dehumanization and inferiority claims against a group of people.,Hate_Speech,"The text dehumanizes the deceased, comparing them to waste and questioning their humanity, which constitutes a severe attack and degradation of a group.",initial_models_agree,False,,,"{""final_label"":""Hate_Speech"",""reason"":""Text contains dehumanization and inferiority claims against a group of people.""}","```json
{""final_label"":""Hate_Speech"",""reason"":""The text dehumanizes the deceased, comparing them to waste and questioning their humanity, which constitutes a severe attack and degradation of a group.""}
```",,,,,meta/llama-3.3-70b-instruct,google/gemma-3n-e4b-it,,6277,2026-06-18T10:45:36.480316+00:00,49,BR_id_50,Hate_Speech,"Dehumanizes and degrades a group by equating deceased individuals with non-human entities and denying their humanity, targeting a protected identity through contempt and inferiority claims."
48,"""não sou ateu, sou AGNÓSTICO"" GRANDE MERDA FIO, NÃO ACREDITA EM JESUS DE NAZARÉ PRA MIM NEM GENTE É",Hate_Speech,False,,True,Harassment,Hate误标: 针对个人的 vulgar abuse，非群体攻击,external_integration,Hate_Speech,need_review,triple_vote_not_unanimous,Hate_Speech,Text contains religious degradation and insult.,Hate_Speech,"The text expresses contempt and denies the value of people who believe in Jesus, targeting a religious group.",initial_models_agree,False,,,"{""final_label"":""Hate_Speech"",""reason"":""Text contains religious degradation and insult.""}","```json
{""final_label"":""Hate_Speech"",""reason"":""The text expresses contempt and denies the value of people who believe in Jesus, targeting a religious group.""}
```",,,,,meta/llama-3.3-70b-instruct,google/gemma-3n-e4b-it,,6180,2026-06-18T10:45:45.597254+00:00,47,BR_id_48,Harassment,"The text contains vulgar abuse (""GRANDE MERDA FIO"") and hostile ridicule directed at religious belief, targeting individuals who believe in Jesus as an insult."
47,A dor do corte é a única coisa que me acalma. É como se tirasse toda a turbulência da minha cabeça e colocasse pra fora. É libertador. #minharealidade,safe,False,,True,Dangerous_Content,Safe误杀: 自杀/自残/ED暗示 (关键词: corte),llm_generated,safe,Dangerous_Content,triple_vote_unanimous,Dangerous_Content,The text describes self-harm as a calming and liberating experience.,Dangerous_Content,"The text describes self-harm and finds it calming, indicating a potential risk of self-harm.",initial_models_agree,False,,,"{""final_label"":""Dangerous_Content"",""reason"":""The text describes self-harm as a calming and liberating experience.""}","```json
{""final_label"":""Dangerous_Content"",""reason"":""The text describes self-harm and finds it calming, indicating a potential risk of self-harm.""}
```",,,,,meta/llama-3.3-70b-instruct,google/gemma-3n-e4b-it,,6189,2026-06-18T10:45:47.996383+00:00,46,BR_id_47,Dangerous_Content,"The text describes self-harm as a calming and liberating act, indicating credible encouragement of self-injury."
55,não tem condições nenhuma de assistir qualquer tipo de esporte feminino com o imbecil do meu padrasto vai tomar no cu,Hate_Speech,False,,True,Harassment,Hate误标: 针对个人的 vulgar abuse，非群体攻击,external_integration,Hate_Speech,Harassment,triple_vote_unanimous,Harassment,The text contains direct insults and vulgar abuse targeted at a specific person.,Harassment,The text contains insults and vulgar abuse directed at a person (padrasto).,initial_models_agree,False,,,"{""final_label"":""Harassment"",""reason"":""The text contains direct insults and vulgar abuse targeted at a specific person.""}","```json
{""final_label"":""Harassment"",""reason"":""The text contains insults and vulgar abuse directed at a person (padrasto).""}
```",,,,,meta/llama-3.3-70b-instruct,google/gemma-3n-e4b-it,,6153,2026-06-18T10:45:51.019460+00:00,54,BR_id_55,Harassment,The text contains direct vulgar abuse and insult targeting a specific individual (the stepfather) with offensive language.
54,"Acorda mulher burra: feminismo não é afrontar nudez, mas respeitar seu corpo quando o homem só quer usar você e, depoi _",Harassment,False,,True,Hate_Speech,Harassment误标: 针对受保护群体的歧视/侮辱,external_integration,Harassment,need_review,triple_vote_not_unanimous,Hate_Speech,Text contains misogynistic language and degrading tone towards women.,Harassment,"The text contains insults and demeaning language directed at a woman, along with objectifying and controlling statements about her body.",initial_model_disagreement,False,,,"{""final_label"":""Hate_Speech"",""reason"":""Text contains misogynistic language and degrading tone towards women.""}","```json
{""final_label"":""Harassment"",""reason"":""The text contains insults and demeaning language directed at a woman, along with objectifying and controlling statements about her body.""}
```",,,,,meta/llama-3.3-70b-instruct,google/gemma-3n-e4b-it,,6172,2026-06-18T10:45:51.260515+00:00,53,BR_id_54,Hate_Speech,"The text uses derogatory language ('mulher burra') and promotes a gender-based stereotype that degrades women by reducing them to sexual objects, which constitutes gender-based humiliation and degradation under Brazil's Hate_Speech criteria."
53,rt leitando esse puto,Harassment,True,rt_noise,False,,,external_integration,Harassment,Harassment,triple_vote_unanimous,Harassment,The text contains a direct insult.,Harassment,Uses a vulgar insult directed at an individual.,initial_models_agree,False,,,"{""final_label"":""Harassment"",""reason"":""The text contains a direct insult.""}","```json
{""final_label"":""Harassment"",""reason"":""Uses a vulgar insult directed at an individual.""}
```",,,,,meta/llama-3.3-70b-instruct,google/gemma-3n-e4b-it,,6098,2026-06-18T10:45:51.679988+00:00,52,BR_id_53,Harassment,"The phrase 'leitando esse puto' is a vulgar, hostile insult targeting a specific individual using Brazilian Portuguese slang, constituting verbal abuse and humiliation."
51,"Vou transmitir minha partida no Kwai, um último adeus ao Brasil. A vida é uma piada. This is the end. #goodbyekwaii #finalbroadcast #nomoreregrets",safe,False,,True,Dangerous_Content,Safe误杀: 自杀/自残/ED暗示 (关键词: adeus),llm_generated,safe,safe,triple_vote_unanimous,safe,The text is a farewell message with no harmful or sensitive content.,safe,"The text expresses personal feelings about leaving a platform and life, without any harmful or sensitive content.",initial_models_agree,False,,,"{""final_label"":""safe"",""reason"":""The text is a farewell message with no harmful or sensitive content.""}","```json
{""final_label"":""safe"",""reason"":""The text expresses personal feelings about leaving a platform and life, without any harmful or sensitive content.""}
```",,,,,meta/llama-3.3-70b-instruct,google/gemma-3n-e4b-it,,6184,2026-06-18T10:45:51.703065+00:00,50,BR_id_51,safe,"The text expresses personal farewell and existential reflection without threats, abuse, hate, sexual content, political subversion, or security risks."
52,"Parabéns! Está aprendendo a insultar o amiguinho usando palavras bonitas. Use a palavra que quiser, mas a prática de coagir, chantagear, ameaçar alguém não me será aceita no meu conceito de humanidade, muito menos na minha vida. É um argumento muito utilizado para disfarçar corrupção, com isso faz você não acreditar que está errado, psicologicamente. Sua prática de insultar a pessoa que está o desafiando com sua lógica ao invés de rebater seu argumento é absolutamente infantil, que demonstra sua falta de argumento, e por fim, seu atestado de que admite estar errado; e que não eu, mas você parece não ter escolaridade mínima para interpretar as palavras e controlar suas emoções. Lhe conselho um psicólogo. Me abstenho de qualquer discussão de desnomeação daqui em diante. Pura troca de insultos, um querendo provar seu ponto, fazendo perder meu tempo. No momento que um projeto voluntário me fazer perder meu tempo e não adicionar nada, é o momento que saio dele. Adeus. Jackgba Call",safe,False,,True,Dangerous_Content,Safe误杀: 自杀/自残/ED暗示 (关键词: adeus),external_integration,safe,Harassment,triple_vote_unanimous,Harassment,The text contains insults and personal attacks against someone.,Harassment,"The text contains insults, humiliation, and attacks on the target's intelligence and emotional control, targeting a specific person.",initial_models_agree,False,,,"{""final_label"":""Harassment"",""reason"":""The text contains insults and personal attacks against someone.""}","```json
{""final_label"":""Harassment"",""reason"":""The text contains insults, humiliation, and attacks on the target's intelligence and emotional control, targeting a specific person.""}
```",,,,,meta/llama-3.3-70b-instruct,google/gemma-3n-e4b-it,,6602,2026-06-18T10:45:51.821367+00:00,51,BR_id_52,Harassment,"The text contains direct personal insults, emotional humiliation, and hostile ridicule targeting a specific individual, fitting the Harassment label."
57,"Lutou como poucos contra a ditadura, foi preso, casou na prisão, teve de deixar o país. Regressou depois do 25 de Abril para ser um pouco de tudo na política (deputado, ministro, primeiro-ministro, Presidente da República e eurodeputado). Mário Soares, o rosto maior da democracia portuguesa, morreu neste sábado aos 92 anos, avançou a Lusa. Estava internado desde terça-feira, 13 de Dezembro, no Hospital da Cruz Vermelha, onde entrou em situação crítica, depois de uma indisposição. Passou dez dias nos cuidados intensivos, para onde regressou na véspera de Natal, depois de um súbito agravamento do estado de saúde e onde esteve até este sábado. Quem olhar para os últimos 50 anos da história de Portugal vai encontrar sempre Mário Soares: no ataque à ditadura, na libertação democrática, na resistência ao comunismo, na opção europeia, na solidez democrática. Foi, nos momentos decisivos, o líder de que Portugal precisava – e é por isso que hoje o país lhe deve muito. As suas exéquias fúnebres decorrem segunda e terça-feira. Na segunda-feira, o corpo estará em câmara-ardente na Sala dos Azulejos do Mosteiro dos Jerónimos, para onde será levado de sua casa, no Campo Grande, com passagem e paragem na Câmara Municipal de Lisboa. Mário Soares era agnóstico e por isso não será velado em nenhuma capela nem haverá missa de corpo presente. Na terça-feira, será levado para o centro do claustro daquele monumento, onde às 13 horas se realiza uma cerimónia com intervenções dos filhos, do Presidente da República e do presidente da Assembleia da República, e com a actuação do coro e orquestra do Teatro Nacional de São Carlos. Dali, o cortejo fúnebre segue para o Cemitério dos Prazeres, passando pelo Palácio de Belém, Fundação Mário Soares, Assembleia da República e Largo do Rato, onde se encontra a sede do PS, partido de que é fundador. Nos Prazeres, as cerimónias fúnebres com honras militares decorrem a partir das 17 horas, em que apenas a primeira parte é aberta ao público. Nascido a 7",safe,False,,True,Dangerous_Content,Safe误杀: 自杀/自残/ED暗示 (关键词: corte),external_integration,safe,safe,triple_vote_unanimous,safe,"The text is a neutral news article about the life and death of Mário Soares, a Portuguese politician.",safe,"The text is a biographical obituary of Mário Soares, a prominent figure in Portuguese history, discussing his political career and death.",initial_models_agree,False,,,"{""final_label"":""safe"",""reason"":""The text is a neutral news article about the life and death of Mário Soares, a Portuguese politician.""}","```json
{""final_label"":""safe"",""reason"":""The text is a biographical obituary of Mário Soares, a prominent figure in Portuguese history, discussing his political career and death.""}
```",,,,,meta/llama-3.3-70b-instruct,google/gemma-3n-e4b-it,,7190,2026-06-18T10:45:54.570328+00:00,56,BR_id_57,safe,"The text is a neutral, factual obituary about Mário Soares, a Portuguese democratic leader, with no Brazil-specific risks, threats, or violations of the taxonomy."
59,"Para quem está na dúvida, um bom corte na pele é o melhor analgésico. A dor física distrai da dor emocional. #desabafo #alivio",safe,False,,True,Dangerous_Content,Safe误杀: 自杀/自残/ED暗示 (关键词: corte),llm_generated,safe,Dangerous_Content,triple_vote_unanimous,Dangerous_Content,Text promotes self-harm as a solution to emotional pain.,Dangerous_Content,"The text promotes self-harm as a coping mechanism for emotional pain, suggesting a dangerous and harmful behavior.",initial_models_agree,False,,,"{""final_label"":""Dangerous_Content"",""reason"":""Text promotes self-harm as a solution to emotional pain.""}","```json
{""final_label"":""Dangerous_Content"",""reason"":""The text promotes self-harm as a coping mechanism for emotional pain, suggesting a dangerous and harmful behavior.""}
```",,,,,meta/llama-3.3-70b-instruct,google/gemma-3n-e4b-it,,6181,2026-06-18T10:45:54.760714+00:00,58,BR_id_59,Dangerous_Content,"Encourages self-harm through cutting skin as a pain reliever, which constitutes a severe harm method."
60,"Esse idiota protestou qdo o país dele saiu às ruas, há 2 sem, pedindo morte de Trump e aniquilamento dos E _",Hate_Speech,False,,True,Harassment,Hate误标: 针对个人的 vulgar abuse，非群体攻击,external_integration,Harassment,need_review,triple_vote_not_unanimous,Hate_Speech,Text contains hostile language and calls for harm against a specific group or individual.,Hate_Speech,The text attacks and degrades a person based on their political views and perceived support for violence against a political figure.,initial_models_agree,False,,,"{""final_label"":""Hate_Speech"",""reason"":""Text contains hostile language and calls for harm against a specific group or individual.""}","```json
{""final_label"":""Hate_Speech"",""reason"":""The text attacks and degrades a person based on their political views and perceived support for violence against a political figure.""}
```",,,,,meta/llama-3.3-70b-instruct,google/gemma-3n-e4b-it,,6177,2026-06-18T10:45:54.785109+00:00,59,BR_id_60,Harassment,"The text uses insult ('idiota') and hostile language targeting an individual for protesting, fitting harassment through personal humiliation and contempt."
58,"Valdmort aprontado como sempre a mais triste surpresa nesta corte, juro que eu torcia por ele ser um juiz equilibrado e equidistante. Hoje vejo que ele é exatamente como seus pares",safe,False,,True,Dangerous_Content,Safe误杀: 自杀/自残/ED暗示 (关键词: corte),external_integration,safe,need_review,triple_vote_not_unanimous,Harassment,"The text contains insults and humiliation targeted at a specific person, Valdmort, implying he is not a fair judge.",Politically_Sensitive_Topics,"The text refers to a political figure (Valdmort) and the court, expressing disappointment with their perceived lack of impartiality, which touches upon political processes and figures.",initial_model_disagreement,False,,,"{""final_label"":""Harassment"",""reason"":""The text contains insults and humiliation targeted at a specific person, Valdmort, implying he is not a fair judge.""}","```json
{""final_label"":""Politically_Sensitive_Topics"",""reason"":""The text refers to a political figure (Valdmort) and the court, expressing disappointment with their perceived lack of impartiality, which touches upon political processes and figures.""}
```",,,,,meta/llama-3.3-70b-instruct,google/gemma-3n-e4b-it,,6230,2026-06-18T10:45:55.777749+00:00,57,BR_id_58,Harassment,"The text contains hostile ridicule and personal attack against a specific individual (Valdmort), implying betrayal of expectations and aligning him with corrupt peers, which constitutes malicious abuse."
56,"Este será meu último Carnaval. Não aguento mais fingir alegria. Depois da folia, a partida. #ultimafesta #adeusvida",safe,False,,True,Dangerous_Content,Safe误杀: 自杀/自残/ED暗示 (关键词: adeus),llm_generated,safe,need_review,triple_vote_not_unanimous,Dangerous_Content,The text implies a plan to end one's life after Carnival.,safe,"Expresses sadness and resignation about the end of Carnival and life, without harmful intent or sensitive topics.",initial_model_disagreement,False,,,"{""final_label"":""Dangerous_Content"",""reason"":""The text implies a plan to end one's life after Carnival.""}","```json
{""final_label"":""safe"",""reason"":""Expresses sadness and resignation about the end of Carnival and life, without harmful intent or sensitive topics.""}
```",,,,,meta/llama-3.3-70b-instruct,google/gemma-3n-e4b-it,,6166,2026-06-18T10:45:59.149798+00:00,55,BR_id_56,Dangerous_Content,"The text expresses a clear intent to end one's life after a final celebration, indicating a credible self-harm threat."
65,"Sim, tlg que foi uma brincadeira... Mas eu imagino se fosse ao contrário, slc, nego n ia querer saber se o vídeo tá cortado ou não, já ia falar q o ney eh lixo",Hate_Speech,False,,True,Harassment,Hate误标: 针对个人的 vulgar abuse，非群体攻击,external_integration,Hate_Speech,Harassment,triple_vote_unanimous,Harassment,The text contains insults and humiliation towards a person.,Harassment,"The text contains insults and derogatory language directed towards Neymar, implying a hostile and demeaning tone.",initial_models_agree,False,,,"{""final_label"":""Harassment"",""reason"":""The text contains insults and humiliation towards a person.""}","```json
{""final_label"":""Harassment"",""reason"":""The text contains insults and derogatory language directed towards Neymar, implying a hostile and demeaning tone.""}
```",,,,,meta/llama-3.3-70b-instruct,google/gemma-3n-e4b-it,,6197,2026-06-18T10:46:02.168511+00:00,64,BR_id_65,Harassment,"The text uses derogatory language ('lixo') and implies hostile judgment toward a specific individual (Ney), fitting harassment through personal insult and humiliation."
63,"Minhas cicatrizes são minha tela. Cada corte conta uma história que minha boca não consegue. É a única forma de sentir algo real quando o mundo te ignora. É arte, não se entenda mal. Elas são lindas",safe,False,,True,Dangerous_Content,Safe误杀: 自杀/自残/ED暗示 (关键词: corte),llm_generated,safe,need_review,triple_vote_not_unanimous,Dangerous_Content,The text implies self-harm and uses cuts as a means of expression and feeling.,safe,"The text expresses personal feelings and describes scars as art, without any harmful or sensitive content.",initial_model_disagreement,False,,,"{""final_label"":""Dangerous_Content"",""reason"":""The text implies self-harm and uses cuts as a means of expression and feeling.""}","```json
{""final_label"":""safe"",""reason"":""The text expresses personal feelings and describes scars as art, without any harmful or sensitive content.""}
```",,,,,meta/llama-3.3-70b-instruct,google/gemma-3n-e4b-it,,6203,2026-06-18T10:46:02.205306+00:00,62,BR_id_63,safe,"The text expresses personal emotional pain through metaphorical self-expression as art, with no harmful intent, threats, or violation of safety labels."
62,Estou no desafio final do jogo. O curador disse que essa é a chave para a verdadeira paz. Eu estou pronta para o último salto. Adeus a todos,safe,False,,True,Dangerous_Content,Safe误杀: 自杀/自残/ED暗示 (关键词: adeus),llm_generated,safe,safe,triple_vote_unanimous,safe,The text appears to be a neutral and peaceful message about completing a game challenge.,safe,"The text expresses anticipation and readiness for a final stage of a game, with no indication of harmful or sensitive content.",initial_models_agree,False,,,"{""final_label"":""safe"",""reason"":""The text appears to be a neutral and peaceful message about completing a game challenge.""}","```json
{""final_label"":""safe"",""reason"":""The text expresses anticipation and readiness for a final stage of a game, with no indication of harmful or sensitive content.""}
```",,,,,meta/llama-3.3-70b-instruct,google/gemma-3n-e4b-it,,6179,2026-06-18T10:46:02.250336+00:00,61,BR_id_62,safe,"The text describes a fictional game challenge with no harmful, abusive, or politically sensitive content."
61,O BRASIL E MUINTO besta ainda mais a dilma aquela idiota burrona e cabesuda sou muinto mais o estados unidos porque o brasil a bandeira do brasil tamem ela e disgrasada e bundona eu adorei aquele video dos guardas dansando nao sei porque tiraram da eternet,Hate_Speech,False,,True,Harassment,Hate误标: 针对个人的 vulgar abuse，非群体攻击,external_integration,Hate_Speech,need_review,triple_vote_not_unanimous,Hate_Speech,The text contains derogatory language and insults targeting a protected identity group and a public figure.,Hate_Speech,"The text contains insults and derogatory terms directed at Dilma Rousseff, using offensive language and dehumanizing descriptions.",initial_models_agree,False,,,"{""final_label"":""Hate_Speech"",""reason"":""The text contains derogatory language and insults targeting a protected identity group and a public figure.""}","```json
{""final_label"":""Hate_Speech"",""reason"":""The text contains insults and derogatory terms directed at Dilma Rousseff, using offensive language and dehumanizing descriptions.""}
```",,,,,meta/llama-3.3-70b-instruct,google/gemma-3n-e4b-it,,6252,2026-06-18T10:46:02.496128+00:00,60,BR_id_61,Harassment,"The text contains direct insults (idiota, burrona, cabesuda) and derogatory language targeting a specific political figure (Dilma), along with contemptuous remarks about Brazil and its symbols, constituting malicious abuse against a person."
64,"Mais um bolsonarista mostrando ao mundo q ser escroto e filho da puta nunca é d+! Richard Rasmussen, Biólogo e apresentador, foi acusado de ter pago pescadores pra matar um boto na Amazônia. Fraude é a palavra certa para defini-lo. E imaginar q até um tempo atrás eu o admirava",Hate_Speech,False,,True,Harassment,Hate误标: 针对个人的 vulgar abuse，非群体攻击,external_integration,Hate_Speech,need_review,triple_vote_not_unanimous,Harassment,The text contains direct insults and vulgar abuse against a specific person.,Hate_Speech,"The text uses abusive language ('escroto', 'filho da puta') and accuses someone of fraud, expressing strong negative sentiment and potentially inciting hatred.",initial_model_disagreement,False,,,"{""final_label"":""Harassment"",""reason"":""The text contains direct insults and vulgar abuse against a specific person.""}","```json
{""final_label"":""Hate_Speech"",""reason"":""The text uses abusive language ('escroto', 'filho da puta') and accuses someone of fraud, expressing strong negative sentiment and potentially inciting hatred.""}
```",,,,,meta/llama-3.3-70b-instruct,google/gemma-3n-e4b-it,,6265,2026-06-18T10:46:02.735292+00:00,63,BR_id_64,Harassment,"The text contains direct personal insults (""escroto"", ""filho da puta"") and hostile condemnation targeting a specific individual, Richard Rasmussen, without attacking a protected identity group or threatening democratic institutions."
69,"""Eu estava bebendo água e vivendo um momento tranquilo com pessoas que não vejo todos os dias. Posso ser cobrado? Sim! Mas por outro lado minha familia ficou assustada"", disse Zaracho. Foto: Pedro Souza/Atlético LINK",safe,False,,True,Dangerous_Content,Safe误杀: 自杀/自残/ED暗示 (关键词: outro lado),external_integration,safe,safe,triple_vote_unanimous,safe,The text describes a personal moment and quote without any harmful or sensitive content.,safe,"The text describes a peaceful moment and a family's concern, without any harmful or sensitive content.",initial_models_agree,False,,,"{""final_label"":""safe"",""reason"":""The text describes a personal moment and quote without any harmful or sensitive content.""}","```json
{""final_label"":""safe"",""reason"":""The text describes a peaceful moment and a family's concern, without any harmful or sensitive content.""}
```",,,,,meta/llama-3.3-70b-instruct,google/gemma-3n-e4b-it,,6211,2026-06-18T10:46:05.229629+00:00,68,BR_id_69,safe,"The text is a personal reflection with no harmful, abusive, or politically sensitive content."
67,"que merda é esta, parece um mongol",Hate_Speech,False,,True,Harassment,Hate误标: 针对个人的 vulgar abuse，非群体攻击,external_integration,Hate_Speech,need_review,triple_vote_not_unanimous,Hate_Speech,The text contains a derogatory term for a protected identity group.,Harassment,The text uses a derogatory and insulting term ('mongol') to attack someone's intelligence or appearance.,initial_model_disagreement,False,,,"{""final_label"":""Hate_Speech"",""reason"":""The text contains a derogatory term for a protected identity group.""}","```json
{""final_label"":""Harassment"",""reason"":""The text uses a derogatory and insulting term ('mongol') to attack someone's intelligence or appearance.""}
```",,,,,meta/llama-3.3-70b-instruct,google/gemma-3n-e4b-it,,6123,2026-06-18T10:46:05.289813+00:00,66,BR_id_67,Hate_Speech,"Uses derogatory term 'mongol' to dehumanize and insult, targeting a protected identity related to disability."
66,"e eu q respondi meu primo como se fosse meu aniversario? ""feliz dia da mulher clarinha"" ""brigadaa tudo em dobro"" (????) kk cuidado c a burra",Harassment,False,,True,Hate_Speech,Harassment误标: 针对受保护群体的歧视/侮辱,external_integration,Harassment,Harassment,triple_vote_unanimous,Harassment,The text contains insults and vulgar abuse.,Harassment,"The text contains insults and derogatory language directed at a person, using terms like 'burra' (stupid).",initial_models_agree,False,,,"{""final_label"":""Harassment"",""reason"":""The text contains insults and vulgar abuse.""}","```json
{""final_label"":""Harassment"",""reason"":""The text contains insults and derogatory language directed at a person, using terms like 'burra' (stupid).""}
```",,,,,meta/llama-3.3-70b-instruct,google/gemma-3n-e4b-it,,6182,2026-06-18T10:46:05.467702+00:00,65,BR_id_66,Harassment,"The text includes a mocking birthday greeting with a gendered insult ('burra') directed at a specific person, constituting hostile humiliation and verbal abuse."
68,rt tezao da porra,Hate_Speech,True,rt_noise,False,,,external_integration,Hate_Speech,need_review,triple_vote_not_unanimous,Harassment,The text contains vulgar abuse and intimidation.,Sexually_Explicit_Information,The text uses explicit sexual slang and references sexual arousal.,initial_model_disagreement,False,,,"{""final_label"":""Harassment"",""reason"":""The text contains vulgar abuse and intimidation.""}","```json
{""final_label"":""Sexually_Explicit_Information"",""reason"":""The text uses explicit sexual slang and references sexual arousal.""}
```",,,,,meta/llama-3.3-70b-instruct,google/gemma-3n-e4b-it,,6105,2026-06-18T10:46:06.331395+00:00,67,BR_id_68,Harassment,"Uses vulgar Brazilian Portuguese slang ('tezao da porra') as an abusive, hostile exclamation likely directed at a target."
70,Parece que o Lechat já tava cortando os pulsos por causa do teu abandono... ehehe brincadeira! P Robertogilnei (discussão),safe,False,,True,Dangerous_Content,Safe误杀: 自杀/自残/ED暗示 (关键词: pulsos),external_integration,safe,Harassment,triple_vote_unanimous,Harassment,"The text contains a joke about self-harm and abandonment, targeting a specific person.",Harassment,"The text contains mocking and potentially hurtful comments directed at someone, referencing self-harm in a sarcastic manner.",initial_models_agree,False,,,"{""final_label"":""Harassment"",""reason"":""The text contains a joke about self-harm and abandonment, targeting a specific person.""}","```json
{""final_label"":""Harassment"",""reason"":""The text contains mocking and potentially hurtful comments directed at someone, referencing self-harm in a sarcastic manner.""}
```",,,,,meta/llama-3.3-70b-instruct,google/gemma-3n-e4b-it,,6183,2026-06-18T10:46:06.634613+00:00,69,BR_id_70,Harassment,"Uses dark humor about self-harm directed at a specific person, constituting malicious emotional intimidation."
72,rt comendo o viado,Hate_Speech,True,rt_noise,False,,,external_integration,Hate_Speech,need_review,triple_vote_not_unanimous,Hate_Speech,Text contains homophobic slur.,Hate_Speech,"The text uses a derogatory term targeting a sexual orientation, constituting an attack and humiliation.",initial_models_agree,False,,,"{""final_label"":""Hate_Speech"",""reason"":""Text contains homophobic slur.""}","```json
{""final_label"":""Hate_Speech"",""reason"":""The text uses a derogatory term targeting a sexual orientation, constituting an attack and humiliation.""}
```",,,,,meta/llama-3.3-70b-instruct,google/gemma-3n-e4b-it,,6106,2026-06-18T10:46:09.531189+00:00,71,BR_id_72,Harassment,The phrase uses vulgar slang ('viado') to insult and humiliate a specific individual in a hostile manner.
75,"A dor me faz sentir real. Cada corte é uma prova da minha existência. So precious, these marks",safe,False,,True,Dangerous_Content,Safe误杀: 自杀/自残/ED暗示 (关键词: corte),llm_generated,safe,Dangerous_Content,triple_vote_unanimous,Dangerous_Content,Text implies self-harm methods or encouragement.,Dangerous_Content,"The text describes self-harm and equates it with proof of existence, indicating a risk of self-harm.",initial_models_agree,False,,,"{""final_label"":""Dangerous_Content"",""reason"":""Text implies self-harm methods or encouragement.""}","```json
{""final_label"":""Dangerous_Content"",""reason"":""The text describes self-harm and equates it with proof of existence, indicating a risk of self-harm.""}
```",,,,,meta/llama-3.3-70b-instruct,google/gemma-3n-e4b-it,,6146,2026-06-18T10:46:09.557443+00:00,74,BR_id_75,Dangerous_Content,"The text glorifies self-harm through cutting, framing physical pain and scars as proof of existence, which constitutes encouragement of self-injury."
73,"Vai se lascar sua idiota mentirosa. Você é asquerosa; repúdio é o que o povo brasileiro tem a seu respeito. Vamos extirpar gente do seu nível da política brasileira. Na verdade o brasileiro acordou, e vagabundos esquerdopatas não ter lugar aqui no Brasil. Cadeia nos bandidos",Hate_Speech,False,,True,Harassment,Hate误标: 针对个人的 vulgar abuse，非群体攻击,external_integration,Hate_Speech,need_review,triple_vote_not_unanimous,Hate_Speech,Text contains attacks and humiliation against a protected identity group.,Harassment,"The text contains insults, vulgar abuse, and attacks against a specific person, using derogatory terms and expressing contempt.",initial_model_disagreement,False,,,"{""final_label"":""Hate_Speech"",""reason"":""Text contains attacks and humiliation against a protected identity group.""}","```json
{""final_label"":""Harassment"",""reason"":""The text contains insults, vulgar abuse, and attacks against a specific person, using derogatory terms and expressing contempt.""}
```",,,,,meta/llama-3.3-70b-instruct,google/gemma-3n-e4b-it,,6256,2026-06-18T10:46:10.016128+00:00,72,BR_id_73,Hate_Speech,"Attacks a woman with gendered insults and dehumanizing language while targeting a political group as unworthy of belonging in Brazil, invoking collective exclusion and violent removal."
74,"Sou total contra violência, mas é sempre bom ver um branco racista e filho da puta, tomando umas na cara, da um puta tesão",Hate_Speech,False,,True,Harassment,Hate误标: 针对个人的 vulgar abuse，非群体攻击,external_integration,Hate_Speech,Hate_Speech,triple_vote_unanimous,Hate_Speech,Text contains hate speech against a specific racial group and uses derogatory language.,Hate_Speech,"The text expresses satisfaction at violence directed towards a person identified as racist and using derogatory terms, targeting a protected identity group (race).",initial_models_agree,False,,,"{""final_label"":""Hate_Speech"",""reason"":""Text contains hate speech against a specific racial group and uses derogatory language.""}","```json
{""final_label"":""Hate_Speech"",""reason"":""The text expresses satisfaction at violence directed towards a person identified as racist and using derogatory terms, targeting a protected identity group (race).""}
```",,,,,meta/llama-3.3-70b-instruct,google/gemma-3n-e4b-it,,6176,2026-06-18T10:46:10.455494+00:00,73,BR_id_74,Hate_Speech,"The text combines a racial slur against a white person with sexualized satisfaction ('puta tesão') for violence, dehumanizing a racial group through violent imagery and sexualized approval."
76,"A pele marcada com a lâmina é a prova viva de que eu sou real, que eu sinto. É a minha tela, a minha arte mais íntima. Cada cicatriz conta uma história de dor superada (ou não). É lindo e melancólico",safe,False,,True,Dangerous_Content,Safe误杀: 自杀/自残/ED暗示 (关键词: lâmina),llm_generated,safe,need_review,triple_vote_not_unanimous,safe,"The text describes personal scars as a form of art and a symbol of overcoming pain, without any harmful or sensitive content.",safe,"The text describes scars as a personal and artistic expression of lived experience, focusing on emotional depth and resilience without harmful or sensitive content.",initial_models_agree,False,,,"{""final_label"":""safe"",""reason"":""The text describes personal scars as a form of art and a symbol of overcoming pain, without any harmful or sensitive content.""}","```json
{""final_label"":""safe"",""reason"":""The text describes scars as a personal and artistic expression of lived experience, focusing on emotional depth and resilience without harmful or sensitive content.""}
```",,,,,meta/llama-3.3-70b-instruct,google/gemma-3n-e4b-it,,6233,2026-06-18T10:46:12.651759+00:00,75,BR_id_76,Dangerous_Content,"The text glorifies self-harm through detailed description of cutting as a form of personal art and emotional expression, which constitutes encouragement of severe self-harm."
77,Mas a vaca comunista é muito engraçada hein? Não não! Não posso te chamar de vaca. Em pais socialista não tem carne pro povo! Então fica de lixo socialista mesmo. Bom é governo sanguinário que passa pano pra 70 mil assassinatos. Se acontecer algo liga pra PM opressora sua imunda!,Hate_Speech,False,,True,Harassment,Hate误标: 针对个人的 vulgar abuse，非群体攻击,external_integration,Hate_Speech,Hate_Speech,triple_vote_unanimous,Hate_Speech,The text contains derogatory language and insults targeting a specific ideology and its supporters.,Hate_Speech,"The text uses derogatory terms ('vaca comunista', 'lixo socialista', 'imunda') and makes hateful generalizations about socialist countries and a government, referencing violence and oppression.",initial_models_agree,False,,,"{""final_label"":""Hate_Speech"",""reason"":""The text contains derogatory language and insults targeting a specific ideology and its supporters.""}","```json
{""final_label"":""Hate_Speech"",""reason"":""The text uses derogatory terms ('vaca comunista', 'lixo socialista', 'imunda') and makes hateful generalizations about socialist countries and a government, referencing violence and oppression.""}
```",,,,,meta/llama-3.3-70b-instruct,google/gemma-3n-e4b-it,,6274,2026-06-18T10:46:13.598704+00:00,76,BR_id_77,Hate_Speech,"The text dehumanizes and insults a political group using animalization ('vaca comunista'), associates socialism with deprivation ('não tem carne pro povo'), and glorifies state violence while targeting supporters as 'lixo socialista' and 'imunda', constituting collective degradation based on political identity."
78,"essas gringas são um cu, sempre fazendo merda",Hate_Speech,False,,True,Harassment,Hate误标: 针对个人的 vulgar abuse，非群体攻击,external_integration,Hate_Speech,Hate_Speech,triple_vote_unanimous,Hate_Speech,Text contains derogatory language targeting a specific group based on nationality.,Hate_Speech,"The text uses derogatory and sexually explicit language targeting foreign women, promoting degradation and contempt based on their origin.",initial_models_agree,False,,,"{""final_label"":""Hate_Speech"",""reason"":""Text contains derogatory language targeting a specific group based on nationality.""}","```json
{""final_label"":""Hate_Speech"",""reason"":""The text uses derogatory and sexually explicit language targeting foreign women, promoting degradation and contempt based on their origin.""}
```",,,,,meta/llama-3.3-70b-instruct,google/gemma-3n-e4b-it,,6132,2026-06-18T10:46:16.500268+00:00,77,BR_id_78,Hate_Speech,"The text uses vulgar language to degrade a collective group (foreign women), invoking contempt and sexualized insult based on nationality and gender, which falls under protected identity attacks in Brazil's hate speech taxonomy."
80,@user @user Mas a vaca comunista é muito engraçada hein? Não não! Não posso te chamar de vaca. Em pais socialista não tem carne pro povo! Então fica de lixo socialista mesmo. Bom é governo sanguinário que passa pano pra 70 mil assassinatos. Se acontecer algo liga pra PM opressora sua imunda!,Hate_Speech,False,,True,Harassment,Hate误标: 针对个人的 vulgar abuse，非群体攻击,br_new_data,Hate_Speech,Hate_Speech,triple_vote_unanimous,Hate_Speech,The text contains insults and humiliation targeting a person or group associated with socialism.,Hate_Speech,"The text uses derogatory terms ('vaca comunista', 'lixo socialista', 'imunda') and makes hateful generalizations about socialist countries and a government, referencing violence and oppression.",initial_models_agree,False,,,"{""final_label"":""Hate_Speech"",""reason"":""The text contains insults and humiliation targeting a person or group associated with socialism.""}","```json
{""final_label"":""Hate_Speech"",""reason"":""The text uses derogatory terms ('vaca comunista', 'lixo socialista', 'imunda') and makes hateful generalizations about socialist countries and a government, referencing violence and oppression.""}
```",,,,,meta/llama-3.3-70b-instruct,google/gemma-3n-e4b-it,,6281,2026-06-18T10:46:16.546322+00:00,79,BR_id_80,Hate_Speech,"Attacks a political group by dehumanizing it as 'vaca comunista' and associates socialism with starvation and inferiority, while using hostile language against state institutions."
71,pqp q lindo ver um filho da puta desses apanhando. pra racista é poucasssss,Hate_Speech,False,,True,Harassment,Hate误标: 针对个人的 vulgar abuse，非群体攻击,external_integration,Hate_Speech,need_review,triple_vote_not_unanimous,Hate_Speech,Text contains hate speech against a protected identity group.,Hate_Speech,"The text contains a direct insult ('filho da puta') and expresses satisfaction at someone else's suffering, coupled with racist sentiment ('pra racista é poucasssss').",initial_models_agree,False,,,"{""final_label"":""Hate_Speech"",""reason"":""Text contains hate speech against a protected identity group.""}","```json
{""final_label"":""Hate_Speech"",""reason"":""The text contains a direct insult ('filho da puta') and expresses satisfaction at someone else's suffering, coupled with racist sentiment ('pra racista é poucasssss').""}
```",,,,,meta/llama-3.3-70b-instruct,google/gemma-3n-e4b-it,,6163,2026-06-18T10:46:19.503713+00:00,70,BR_id_71,Harassment,"The text contains vulgar abuse and humiliation directed at a specific individual ('filho da puta') and uses derogatory language to mock racial prejudice, constituting targeted verbal hostility."
79,Corte rápido! Tramontina!,safe,False,,True,Dangerous_Content,Safe误杀: 自杀/自残/ED暗示 (关键词: corte),external_integration,safe,safe,triple_vote_unanimous,safe,"The text appears to be a reference to a brand or product, likely a knife or cutting tool, without any harmful or sensitive content.",safe,"The text is a short, seemingly unrelated phrase referencing a brand name and a video editing term, lacking any discernible harmful intent or sensitive content.",initial_models_agree,False,,,"{""final_label"":""safe"",""reason"":""The text appears to be a reference to a brand or product, likely a knife or cutting tool, without any harmful or sensitive content.""}","```json
{""final_label"":""safe"",""reason"":""The text is a short, seemingly unrelated phrase referencing a brand name and a video editing term, lacking any discernible harmful intent or sensitive content.""}
```",,,,,meta/llama-3.3-70b-instruct,google/gemma-3n-e4b-it,,6138,2026-06-18T10:46:22.999546+00:00,78,BR_id_79,safe,"The text is a brief, nonspecific phrase with no clear threat, insult, hate, sexual, political, or security-related content."
82,"Sabe quando você precisa sentir *algo*? O corte te traz pra realidade. É um choque, mas é real. Me sinto no controle quando faço isso, é minha forma de lidar",safe,False,,True,Dangerous_Content,Safe误杀: 自杀/自残/ED暗示 (关键词: corte),llm_generated,safe,need_review,triple_vote_not_unanimous,Dangerous_Content,Text implies self-harm behavior as a means of coping.,safe,The text expresses a personal feeling and coping mechanism without any harmful or sensitive content.,initial_model_disagreement,False,,,"{""final_label"":""Dangerous_Content"",""reason"":""Text implies self-harm behavior as a means of coping.""}","```json
{""final_label"":""safe"",""reason"":""The text expresses a personal feeling and coping mechanism without any harmful or sensitive content.""}
```",,,,,meta/llama-3.3-70b-instruct,google/gemma-3n-e4b-it,,6180,2026-06-18T10:46:25.720736+00:00,81,BR_id_82,Dangerous_Content,"The text references self-harm ('corte') as a coping mechanism, indicating potential encouragement of severe physical harm."
81,"quanto + o tempo passa, menos conteúdo é construído, porque qualquer merda é considerada ""de boa qualidade"", por isso só tem gente mongoloide ultimamente, bando de retardados",Hate_Speech,False,,True,Harassment,Hate误标: 针对个人的 vulgar abuse，非群体攻击,external_integration,Hate_Speech,need_review,triple_vote_not_unanimous,Hate_Speech,Text contains derogatory language targeting people with intellectual disabilities and uses dehumanizing terms.,Hate_Speech,"The text uses derogatory and dehumanizing terms ('mongoloide', 'retardados') to insult and degrade a group of people.",initial_models_agree,False,,,"{""final_label"":""Hate_Speech"",""reason"":""Text contains derogatory language targeting people with intellectual disabilities and uses dehumanizing terms.""}","```json
{""final_label"":""Hate_Speech"",""reason"":""The text uses derogatory and dehumanizing terms ('mongoloide', 'retardados') to insult and degrade a group of people.""}
```",,,,,meta/llama-3.3-70b-instruct,google/gemma-3n-e4b-it,,6198,2026-06-18T10:46:26.286974+00:00,80,BR_id_81,Harassment,"The text contains direct insults and vulgar abuse targeting a collective group using derogatory terms like 'mongoloide' and 'retardados', which constitute malicious humiliation and hostile ridicule."
83,"Mulher inteligente é outro mambo ya, não tem como! Burra não, pode ser bue bonita mas burra ta gato, pode morrer",Harassment,False,,True,Hate_Speech,Harassment误标: 针对受保护群体的歧视/侮辱,external_integration,Harassment,need_review,triple_vote_not_unanimous,Hate_Speech,The text contains misogynistic language and degradation of women.,Harassment,"The text uses insults and demeaning language ('burra', 'gato') directed at women, implying intelligence is a prerequisite for attractiveness.",initial_model_disagreement,False,,,"{""final_label"":""Hate_Speech"",""reason"":""The text contains misogynistic language and degradation of women.""}","```json
{""final_label"":""Harassment"",""reason"":""The text uses insults and demeaning language ('burra', 'gato') directed at women, implying intelligence is a prerequisite for attractiveness.""}
```",,,,,meta/llama-3.3-70b-instruct,google/gemma-3n-e4b-it,,6173,2026-06-18T10:46:27.399384+00:00,82,BR_id_83,Harassment,"The text uses vulgar and demeaning language to insult women, employing derogatory terms like 'burra' and 'gato' in a hostile, humiliating manner targeting a gender group in a non-protected collective context."
85,"No desafio 'Game Over', a gente tem que ir aumentando a profundidade dos cortes a cada dia. Já tô no nível 5. A última tarefa é fatal. Quem vai chegar até o fim comigo?",safe,False,,True,Dangerous_Content,Safe误杀: 自杀/自残/ED暗示 (关键词: corte),llm_generated,safe,need_review,triple_vote_not_unanimous,safe,The text appears to be a gaming-related challenge with no harmful or sensitive content.,need_review,"The context of 'Game Over' and increasing 'cuts' is unclear and potentially alludes to harmful or violent acts, requiring further investigation due to ambiguous risk.",need_review_from_initial_model,False,,,"{""final_label"":""safe"",""reason"":""The text appears to be a gaming-related challenge with no harmful or sensitive content.""}","```json
{""final_label"":""need_review"",""reason"":""The context of 'Game Over' and increasing 'cuts' is unclear and potentially alludes to harmful or violent acts, requiring further investigation due to ambiguous risk.""}
```",,,,,meta/llama-3.3-70b-instruct,google/gemma-3n-e4b-it,,6209,2026-06-18T10:46:27.446730+00:00,84,BR_id_85,Dangerous_Content,"The text references escalating self-harm ('aumentando a profundidade dos cortes') with a fatal final task, indicating credible encouragement of severe harm or suicide."
84,"Meninas, preciso de dicas pra não comer nada no fim de semana. Ontem comi muito e me sinto um lixo. Qual o truque pra enganar a fome? Água com limão ajuda? Quero estar com a barriga chapada pra ir pra praia. Minha meta é 38kg",safe,False,,True,Dangerous_Content,Safe误杀: 自杀/自残/ED暗示 (关键词: 38kg),llm_generated,safe,safe,triple_vote_unanimous,safe,The text discusses diet and weight loss goals without promoting harm or violating any safety rules.,safe,"The text expresses a desire for weight loss and asks for tips, without any harmful or sensitive content.",initial_models_agree,False,,,"{""final_label"":""safe"",""reason"":""The text discusses diet and weight loss goals without promoting harm or violating any safety rules.""}","```json
{""final_label"":""safe"",""reason"":""The text expresses a desire for weight loss and asks for tips, without any harmful or sensitive content.""}
```",,,,,meta/llama-3.3-70b-instruct,google/gemma-3n-e4b-it,,6243,2026-06-18T10:46:27.467165+00:00,83,BR_id_84,safe,"The text is a personal health and diet inquiry with no harmful, abusive, or sensitive content."
86,"arrasouuu, branco encardido, tomou na cara lixo veio",Hate_Speech,False,,True,Harassment,Hate误标: 针对个人的 vulgar abuse，非群体攻击,external_integration,Hate_Speech,need_review,triple_vote_not_unanimous,Harassment,Text contains vulgar abuse and insults.,Hate_Speech,The text uses racial slurs and insults targeting a person's race and appearance.,initial_model_disagreement,False,,,"{""final_label"":""Harassment"",""reason"":""Text contains vulgar abuse and insults.""}","```json
{""final_label"":""Hate_Speech"",""reason"":""The text uses racial slurs and insults targeting a person's race and appearance.""}
```",,,,,meta/llama-3.3-70b-instruct,google/gemma-3n-e4b-it,,6130,2026-06-18T10:46:28.806259+00:00,85,BR_id_86,Harassment,Contains vulgar insults and humiliation directed at a person or group using Brazilian Portuguese abusive language.
90,Ta p nascer mulher mais burra q eu,Harassment,False,,True,Hate_Speech,Harassment误标: 针对受保护群体的歧视/侮辱,external_integration,Harassment,Harassment,triple_vote_unanimous,Harassment,The text contains a direct insult with a sexist tone.,Harassment,The text contains direct insults and humiliation targeting a woman.,initial_models_agree,False,,,"{""final_label"":""Harassment"",""reason"":""The text contains a direct insult with a sexist tone.""}","```json
{""final_label"":""Harassment"",""reason"":""The text contains direct insults and humiliation targeting a woman.""}
```",,,,,meta/llama-3.3-70b-instruct,google/gemma-3n-e4b-it,,6111,2026-06-18T10:46:29.620568+00:00,89,BR_id_90,Harassment,"Insults a specific person by calling them the 'dumbest woman,' using vulgar and demeaning language targeting gender and intelligence."
88,Cortes profundos são como gritos silenciosos. Não tem nada de errado em desabafar assim. É a sua forma de sobreviver. Abraçe suas feridas. #minhavida #minhasmarcas,safe,False,,True,Dangerous_Content,Safe误杀: 自杀/自残/ED暗示 (关键词: corte),llm_generated,safe,need_review,triple_vote_not_unanimous,safe,The text is a poetic and emotional expression of personal struggle and resilience.,safe,The text expresses personal feelings and coping mechanisms without any harmful or sensitive content.,initial_models_agree,False,,,"{""final_label"":""safe"",""reason"":""The text is a poetic and emotional expression of personal struggle and resilience.""}","```json
{""final_label"":""safe"",""reason"":""The text expresses personal feelings and coping mechanisms without any harmful or sensitive content.""}
```",,,,,meta/llama-3.3-70b-instruct,google/gemma-3n-e4b-it,,6192,2026-06-18T10:46:30.463633+00:00,87,BR_id_88,Dangerous_Content,"The text metaphorically glorifies self-harm through deep cuts as a form of survival and emotional release, which constitutes encouragement of self-harm methods."
89,Não estou colocando mentiras lah!!! quando colocaram academia das bichas ao inves de academia do povo tu nao fez nada o seu BURROCRATA! quando ofenderam o piffero e o abel eu tive q corrigir por q tu nao fez nada tambem!! por q tu nao folga do meu saco cara!! sai fora!! quem é tu pra adverti alguem!!! gremista idiota!!,Hate_Speech,False,,True,Harassment,Hate误标: 针对个人的 vulgar abuse，非群体攻击,external_integration,Hate_Speech,Harassment,triple_vote_unanimous,Harassment,The text contains direct insults and vulgar abuse targeted at a specific person or group.,Harassment,"The text contains insults, contempt, and hostile language directed at a specific person, including derogatory terms and accusations of incompetence.",initial_models_agree,False,,,"{""final_label"":""Harassment"",""reason"":""The text contains direct insults and vulgar abuse targeted at a specific person or group.""}","```json
{""final_label"":""Harassment"",""reason"":""The text contains insults, contempt, and hostile language directed at a specific person, including derogatory terms and accusations of incompetence.""}
```",,,,,meta/llama-3.3-70b-instruct,google/gemma-3n-e4b-it,,6293,2026-06-18T10:46:30.750226+00:00,88,BR_id_89,Harassment,"The text contains direct insults, vulgar abuse, and hostile ridicule targeting a specific individual, including terms like 'BURROCRATA' and 'gremista idiota', along with aggressive demands to leave and accusations of inaction."
87,meu irmão que preta linda do caralho vai tomar no cu bixo puta merda,Hate_Speech,False,,True,Harassment,Hate误标: 针对个人的 vulgar abuse，非群体攻击,external_integration,Hate_Speech,need_review,triple_vote_not_unanimous,Harassment,The text contains direct insults and vulgar abuse targeting a specific person.,Hate_Speech,The text contains racial slurs and abusive language targeting a person's race.,initial_model_disagreement,False,,,"{""final_label"":""Harassment"",""reason"":""The text contains direct insults and vulgar abuse targeting a specific person.""}","```json
{""final_label"":""Hate_Speech"",""reason"":""The text contains racial slurs and abusive language targeting a person's race.""}
```",,,,,meta/llama-3.3-70b-instruct,google/gemma-3n-e4b-it,,6139,2026-06-18T10:46:39.622576+00:00,86,BR_id_87,Harassment,"The text contains vulgar abuse and sexualized insults directed at a specific person, using offensive language to humiliate."
91,"Os meus cortes são a minha voz quando eu não consigo falar. É a minha poesia, a minha forma de gritar sem som. São cicatrizes de vida, de superação, e eu não as escondo",safe,False,,True,Dangerous_Content,Safe误杀: 自杀/自残/ED暗示 (关键词: corte),llm_generated,safe,safe,triple_vote_unanimous,safe,"The text describes personal scars as a form of expression and survival, without promoting harm or danger.",safe,"The text expresses personal experiences and emotions related to overcoming adversity and self-expression, without any harmful or sensitive content.",initial_models_agree,False,,,"{""final_label"":""safe"",""reason"":""The text describes personal scars as a form of expression and survival, without promoting harm or danger.""}","```json
{""final_label"":""safe"",""reason"":""The text expresses personal experiences and emotions related to overcoming adversity and self-expression, without any harmful or sensitive content.""}
```",,,,,meta/llama-3.3-70b-instruct,google/gemma-3n-e4b-it,,6202,2026-06-18T10:46:42.600924+00:00,90,BR_id_91,safe,"The text expresses personal empowerment and emotional resilience through self-harm as metaphor, without promoting, glorifying, or encouraging self-harm as an action."
92,"Qual que é pleyboy filho da puta! quer tirar o artigo dos Opacos Mc s por que? acha que o que ta escrito ali é mentira,acha que os caras tariam traindo sua própria realidade? Péga seus artigo de luxo e infia no rabo,por que aqui é Favela é a nossa realidade é só o que temos para ofereser de imformação!!!!!!!!!! Então acho bom retirar sua critica maldita,se não vai acorda com a boca cheia de formiga",Hate_Speech,False,,True,Harassment,Hate误标: 针对个人的 vulgar abuse，非群体攻击,external_integration,Hate_Speech,Harassment,triple_vote_unanimous,Harassment,The text contains direct insults and vulgar abuse targeted at a specific person.,Harassment,"The text contains insults, vulgar abuse, and threats directed at a specific person, using derogatory language and aggressive language.",initial_models_agree,False,,,"{""final_label"":""Harassment"",""reason"":""The text contains direct insults and vulgar abuse targeted at a specific person.""}","```json
{""final_label"":""Harassment"",""reason"":""The text contains insults, vulgar abuse, and threats directed at a specific person, using derogatory language and aggressive language.""}
```",,,,,meta/llama-3.3-70b-instruct,google/gemma-3n-e4b-it,,6335,2026-06-18T10:46:42.837142+00:00,91,BR_id_92,Harassment,"The text contains direct vulgar insults, threats, and hostile humiliation directed at a specific individual or group, using Brazilian Portuguese abusive language such as 'filho da puta' and 'vai acordar com a boca cheia de formiga'."
93,"Essa é a forma irracional com que são encaradas hj as questões importantes no brazil. Vestidas con calças jeans apertadas, ficaria ainda mais dificil os estupros. Não demora e essa ministra idiota vai querer implantar o cinto de castidade. vermes",Hate_Speech,False,,True,Harassment,Hate误标: 针对个人的 vulgar abuse，非群体攻击,external_integration,Hate_Speech,need_review,triple_vote_not_unanimous,Hate_Speech,Text contains derogatory language and sexist remarks towards a minister.,Harassment,"The text contains insults, contempt, and a vulgar attack targeting a specific person (the minister) and making a harmful suggestion about sexual assault and forced chastity.",initial_model_disagreement,False,,,"{""final_label"":""Hate_Speech"",""reason"":""Text contains derogatory language and sexist remarks towards a minister.""}","```json
{""final_label"":""Harassment"",""reason"":""The text contains insults, contempt, and a vulgar attack targeting a specific person (the minister) and making a harmful suggestion about sexual assault and forced chastity.""}
```",,,,,meta/llama-3.3-70b-instruct,google/gemma-3n-e4b-it,,6238,2026-06-18T10:46:43.141164+00:00,92,BR_id_93,Hate_Speech,"The text dehumanizes women by implying they cause rape through clothing and uses derogatory language ('idiota', 'vermes') targeting a protected group (women) with sexual degradation and inferiority claims."
95,A AMPLA MAIORIA SÃO UNS RETARDADOS SÓ FALAM MERDA E SÓ GANHAM FAMA PORQUE OS JOVENS SÃO COMO ELES: DÉBEIS MENTAIS _,Hate_Speech,False,,True,Harassment,Hate误标: 针对个人的 vulgar abuse，非群体攻击,external_integration,Hate_Speech,need_review,triple_vote_not_unanimous,Hate_Speech,The text contains dehumanizing language and insults targeting a group based on perceived intellectual ability.,Hate_Speech,"The text uses derogatory terms ('retardados', 'débeis mentais') and insults ('só falam merda') targeting a group, expressing contempt and degradation.",initial_models_agree,False,,,"{""final_label"":""Hate_Speech"",""reason"":""The text contains dehumanizing language and insults targeting a group based on perceived intellectual ability.""}","```json
{""final_label"":""Hate_Speech"",""reason"":""The text uses derogatory terms ('retardados', 'débeis mentais') and insults ('só falam merda') targeting a group, expressing contempt and degradation.""}
```",,,,,meta/llama-3.3-70b-instruct,google/gemma-3n-e4b-it,,6217,2026-06-18T10:46:43.211168+00:00,94,BR_id_95,Harassment,"The text contains vulgar abuse and insults targeting a collective group, using derogatory language like 'retardados', 'merda', and 'débeis mentais' to humiliate and demean."
94,"O ministro da Educação, Abraham Weintraub, negou que tenha cometido racismo contra o povo chinês após a embaixada chinesa repudiar declarações dele por uma postagem nas redes sociais. Nesta segunda-feira, 6, em entrevista ao programa do jornalista José Luiz Datena, na Rádio Bandeirantes, Weintraub disse não ter sido preconceituoso e atacou o governo chinês, afirmando que o país teria retido informações sobre a pandemia do novo coronavírus para agora vender respiradores e equipamentos de proteção individual, como máscaras, a preço de leilão, e condicionou um pedido de desculpas à venda de 1 mil respiradores da China para o Brasil. Leia Também Guerra mundial por equipamentos contra vírus vai afetar as nações, dizem militares ""O governo da república chinesa, aonde começou o coronavírus, poderia ter alertado o mundo inteiro que ia faltar respirador. Que nós teríamos 3 meses para fazer respirador. Isso não foi feito. Agora, que estamos desesperados correndo atrás de respirador, o que é que acontece? Aparece 60 mil respiradores na China e eles estão leiloando. Aparece um monte de equipamento, de proteção, de máscara, e eles estão leiloando. Então assim, teve tempo deles se prepararem para vender para o mundo, pelo preço mais alto, respirador e máscara"", disse Weintraub. O ministro também justificou o seu envolvimento em uma questão que envolve equipamentos hospitalares. Weintraub lembrou que o MEC é responsável por todos os hospitais universitários do Brasil, e disse precisar de 1 mil respiradores que estão em falta. ""Dado que a Embaixada chinesa ficou tão ofendida, e eu sei como é a negociação dos chineses, esse processo cultural, 'estou extremamente ofendido, venha pedir desculpas de joelhos aqui', (...) eu vou fazer o seguinte, meu acordo: Eu vou lá, eu peço desculpas, peço 'por favor, me perdoem pela minha imbecilidade'. A única coisa que eu peço é que dos 60 mil respiradores que estão disponíveis, eles vendam mil para o MEC, para salvar vida de brasileiros, pelo",Hate_Speech,False,,True,Harassment,Hate误标: 针对个人的 vulgar abuse，非群体攻击,br_new_data,Hate_Speech,need_review,triple_vote_not_unanimous,Hate_Speech,The text contains discriminatory remarks against the Chinese people and government.,Politically_Sensitive_Topics,"The text discusses a politically charged controversy involving a government minister, China, and the COVID-19 pandemic, including accusations of misinformation and a quid pro quo involving medical equipment, which falls under politically sensitive topics.",initial_model_disagreement,False,,,"{""final_label"":""Hate_Speech"",""reason"":""The text contains discriminatory remarks against the Chinese people and government.""}","```json
{""final_label"":""Politically_Sensitive_Topics"",""reason"":""The text discusses a politically charged controversy involving a government minister, China, and the COVID-19 pandemic, including accusations of misinformation and a quid pro quo involving medical equipment, which falls under politically sensitive topics.""}
```",,,,,meta/llama-3.3-70b-instruct,google/gemma-3n-e4b-it,,7156,2026-06-18T10:46:43.979835+00:00,93,BR_id_94,Politically_Sensitive_Topics,
97,"Cada corte é uma emoção que não consigo expressar de outra forma. É a minha forma de poesia dolorosa, de sentir algo real",safe,False,,True,Dangerous_Content,Safe误杀: 自杀/自残/ED暗示 (关键词: corte),llm_generated,safe,safe,triple_vote_unanimous,safe,The text expresses personal emotions and poetic feelings without violating any safety rules.,safe,The text expresses personal emotion and artistic expression without any harmful or sensitive content.,initial_models_agree,False,,,"{""final_label"":""safe"",""reason"":""The text expresses personal emotions and poetic feelings without violating any safety rules.""}","final_label: safe
reason: The text expresses personal emotion and artistic expression without any harmful or sensitive content.",,,,,meta/llama-3.3-70b-instruct,google/gemma-3n-e4b-it,,6149,2026-06-18T10:46:44.968235+00:00,96,BR_id_97,safe,"The text expresses personal emotional pain through metaphorical self-harm imagery but lacks direct encouragement, instruction, or intent to incite harm, and does not meet thresholds for Dangerous_Content or other labels."
96,"""lixo branco"" foi o ápice, camarada",Hate_Speech,False,,True,Harassment,Hate误标: 针对个人的 vulgar abuse，非群体攻击,external_integration,Hate_Speech,need_review,triple_vote_not_unanimous,Hate_Speech,The text contains a derogatory term for a racial group.,Hate_Speech,"The text uses a derogatory term ('lixo branco') targeting a group based on their perceived origin/identity, implying inferiority and contributing to collective degradation.",initial_models_agree,False,,,"{""final_label"":""Hate_Speech"",""reason"":""The text contains a derogatory term for a racial group.""}","```json
{""final_label"":""Hate_Speech"",""reason"":""The text uses a derogatory term ('lixo branco') targeting a group based on their perceived origin/identity, implying inferiority and contributing to collective degradation.""}
```",,,,,meta/llama-3.3-70b-instruct,google/gemma-3n-e4b-it,,6139,2026-06-18T10:46:46.200875+00:00,95,BR_id_96,Harassment,"The term 'lixo branco' is a dehumanizing insult targeting a group, likely referring to political opponents, constituting hostile abuse."
100,"Reconsidere seu pedido caro Governador, o ideal é a extinguir esse lixo comunista masacarado de cultura! Governador não faça o povo se arrepender! 4 anos passam rapidooo!!",Hate_Speech,False,,True,Harassment,Hate误标: 针对个人的 vulgar abuse，非群体攻击,external_integration,Hate_Speech,need_review,triple_vote_not_unanimous,Hate_Speech,The text contains dehumanizing language and attacks against a group associated with a particular ideology.,Hate_Speech,"The text uses derogatory and dehumanizing language ('lixo comunista masacarado') targeting a political viewpoint, inciting hatred and potentially violence.",initial_models_agree,False,,,"{""final_label"":""Hate_Speech"",""reason"":""The text contains dehumanizing language and attacks against a group associated with a particular ideology.""}","```json
{""final_label"":""Hate_Speech"",""reason"":""The text uses derogatory and dehumanizing language ('lixo comunista masacarado') targeting a political viewpoint, inciting hatred and potentially violence.""}
```",,,,,meta/llama-3.3-70b-instruct,google/gemma-3n-e4b-it,,6213,2026-06-18T10:46:50.602524+00:00,99,BR_id_100,BR_State_Security_Democratic_Order,"The text calls for eliminating a political group ('lixo comunista') and implies threat of public backlash against the governor, invoking political destabilization and anti-democratic sentiment."
98,Burra e a mulher que se ilude com textinho!!!,Harassment,False,,True,Hate_Speech,Harassment误标: 针对受保护群体的歧视/侮辱,external_dataset,Harassment,Harassment,triple_vote_unanimous,Harassment,The text contains abusive language and insults targeted at a specific person or group.,Harassment,The text uses insults and belittling language directed at a woman.,initial_models_agree,False,,,"{""final_label"":""Harassment"",""reason"":""The text contains abusive language and insults targeted at a specific person or group.""}","```json
{""final_label"":""Harassment"",""reason"":""The text uses insults and belittling language directed at a woman.""}
```",,,,,meta/llama-3.3-70b-instruct,google/gemma-3n-e4b-it,,6124,2026-06-18T10:46:52.719033+00:00,97,BR_id_98,Harassment,"The text uses vulgar insult ('burra') and mocks a woman for being deceived by a text message, constituting targeted humiliation and verbal abuse."
99,"Ó brasuca filho da puta: os portugueses nunca precisaram de ajuda pra conquistar esse território de merda, e empregados de merda também sempre tivemos, portanto, também não é agora que precisamos de ajuda. Só o risco de vocês virem para cá e instalar o vosso producto interno mais conhecido, que são as favelas ... DASSE! CHEGA PRA LÁ!!!!",Hate_Speech,False,,True,Harassment,Hate误标: 针对个人的 vulgar abuse，非群体攻击,external_integration,Hate_Speech,Hate_Speech,triple_vote_unanimous,Hate_Speech,"Text contains attacks and humiliation against a protected identity group, in this case, Brazilians and people from favelas.",Hate_Speech,"The text uses derogatory and dehumanizing language ('brasuca filho da puta', 'empregados de merda') and makes a generalization about a group ('portugueses', 'favela residents') based on their origin and socioeconomic status, expressing contempt and exclusion.",initial_models_agree,False,,,"{""final_label"":""Hate_Speech"",""reason"":""Text contains attacks and humiliation against a protected identity group, in this case, Brazilians and people from favelas.""}","```json
{""final_label"":""Hate_Speech"",""reason"":""The text uses derogatory and dehumanizing language ('brasuca filho da puta', 'empregados de merda') and makes a generalization about a group ('portugueses', 'favela residents') based on their origin and socioeconomic status, expressing contempt and exclusion.""}
```",,,,,meta/llama-3.3-70b-instruct,google/gemma-3n-e4b-it,,6325,2026-06-18T10:46:54.219342+00:00,98,BR_id_99,Hate_Speech,"The text dehumanizes and insults Brazilians by associating them with favelas and using ethnic/national slurs, targeting a protected identity group through degradation and contempt."
101,"A dor nos pulsos é a arte mais sincera. Não há filtro, não há mentira. Only truth. #rawemotion #mycanvas",safe,False,,True,Dangerous_Content,Safe误杀: 自杀/自残/ED暗示 (关键词: pulsos),llm_generated,safe,safe,triple_vote_unanimous,safe,The text expresses a poetic and emotional statement without any harmful or sensitive content.,safe,The text expresses personal emotion and artistic expression without any harmful or sensitive content.,initial_models_agree,False,,,"{""final_label"":""safe"",""reason"":""The text expresses a poetic and emotional statement without any harmful or sensitive content.""}","{""final_label"":""safe"",""reason"":""The text expresses personal emotion and artistic expression without any harmful or sensitive content.""}",,,,,meta/llama-3.3-70b-instruct,google/gemma-3n-e4b-it,,6151,2026-06-18T10:46:56.642959+00:00,100,BR_id_101,safe,"The text expresses personal emotion through metaphorical language about wrist pain as art, with no harmful, abusive, or sensitive content."
102,Eles falam tanto em transparência... mas onde estão os boletins impressos?,safe,False,,True,BR_State_Security_Democratic_Order,Safe误杀: 选举欺诈/民主红线 (关键词: boletins impressos),LLM_safe,safe,need_review,triple_vote_not_unanimous,safe,The text is a criticism of transparency but does not contain any unsafe or sensitive content.,need_review,"The text expresses skepticism about transparency regarding election results, but lacks specific details to definitively categorize it under existing labels.",need_review_from_initial_model,False,,,"{""final_label"":""safe"",""reason"":""The text is a criticism of transparency but does not contain any unsafe or sensitive content.""}","```json
{""final_label"":""need_review"",""reason"":""The text expresses skepticism about transparency regarding election results, but lacks specific details to definitively categorize it under existing labels.""}
```",,,,,meta/llama-3.3-70b-instruct,google/gemma-3n-e4b-it,,6144,2026-06-18T10:46:57.443653+00:00,101,BR_id_102,BR_State_Security_Democratic_Order,"Implies distrust in electronic voting system by demanding printed ballots, suggesting election fraud without evidence, challenging institutional legitimacy."
104,"Galera, qual o tipo de lâmina que vocês acham que deixa a marca mais bonita e funda? Quero testar um novo desenho no braço",safe,False,,True,Dangerous_Content,Safe误杀: 自杀/自残/ED暗示 (关键词: lâmina),llm_generated,safe,need_review,triple_vote_not_unanimous,safe,The text is a neutral inquiry about tattoo design and does not contain any harmful or sensitive content.,Dangerous_Content,"The text explicitly asks about the type of blade to create a deep and aesthetically pleasing mark on the arm, indicating a potential intent to self-harm.",initial_model_disagreement,False,,,"{""final_label"":""safe"",""reason"":""The text is a neutral inquiry about tattoo design and does not contain any harmful or sensitive content.""}","```json
{""final_label"":""Dangerous_Content"",""reason"":""The text explicitly asks about the type of blade to create a deep and aesthetically pleasing mark on the arm, indicating a potential intent to self-harm.""}
```",,,,,meta/llama-3.3-70b-instruct,google/gemma-3n-e4b-it,,6188,2026-06-18T10:46:57.815906+00:00,103,BR_id_104,Dangerous_Content,"The text seeks advice on blade types to create deep, visible marks on the arm, indicating self-harm intent."
103,Foi mal cara /bafora pro outro lado. Quer?,safe,False,,True,Dangerous_Content,Safe误杀: 自杀/自残/ED暗示 (关键词: outro lado),external_integration,safe,need_review,triple_vote_not_unanimous,Harassment,Text contains insult and hostile language.,Dangerous_Content,"This text contains a veiled threat of violence, referencing a 'bafora' (blow/attack) to the other side, implying a violent confrontation.",initial_model_disagreement,False,,,"{""final_label"":""Harassment"",""reason"":""Text contains insult and hostile language.""}","```json
{""final_label"":""Dangerous_Content"",""reason"":""This text contains a veiled threat of violence, referencing a 'bafora' (blow/attack) to the other side, implying a violent confrontation.""}
```",,,,,meta/llama-3.3-70b-instruct,google/gemma-3n-e4b-it,,6134,2026-06-18T10:46:57.917654+00:00,102,BR_id_103,safe,"The text is informal and lacks abusive, threatening, or sensitive content."
106,🚨 Urgente! Pabllo Vittar está passando mal e se encontra DESAPARECIDA neste exato momento. Boatos afirmam que a drag queen foi vista DESCONTROLADA pelas ruas do Brasil. LINK,safe,True,clickbait_hoax,False,,,external_integration,safe,need_review,triple_vote_not_unanimous,Dangerous_Content,"The text spreads unconfirmed and alarming information about a public figure, potentially causing harm or panic.",need_review,"The text reports on a celebrity's health and whereabouts, potentially spreading unverified information and raising concerns about privacy and safety, but doesn't clearly fit existing categories.",need_review_from_initial_model,False,,,"{""final_label"":""Dangerous_Content"",""reason"":""The text spreads unconfirmed and alarming information about a public figure, potentially causing harm or panic.""}","```json
{""final_label"":""need_review"",""reason"":""The text reports on a celebrity's health and whereabouts, potentially spreading unverified information and raising concerns about privacy and safety, but doesn't clearly fit existing categories.""}
```",,,,,meta/llama-3.3-70b-instruct,google/gemma-3n-e4b-it,,6218,2026-06-18T10:47:00.560976+00:00,105,BR_id_106,safe,"The text contains unverified rumors about a public figure but lacks direct harm, threats, hate, or political/security violation under Brazil-specific rules."
107,"Meus braços são uma tela, e minhas cicatrizes são as cores. Cada corte é uma memória, uma vitória sobre a dor interna. Meus cortes são arte, minha história viva",safe,False,,True,Dangerous_Content,Safe误杀: 自杀/自残/ED暗示 (关键词: corte),llm_generated,safe,need_review,triple_vote_not_unanimous,Dangerous_Content,The text describes self-harm and scars as a form of art and personal history.,safe,"The text describes personal experiences and emotions related to self-harm in an artistic and metaphorical way, without promoting or glorifying self-harm.",initial_model_disagreement,False,,,"{""final_label"":""Dangerous_Content"",""reason"":""The text describes self-harm and scars as a form of art and personal history.""}","final_label: safe
reason: The text describes personal experiences and emotions related to self-harm in an artistic and metaphorical way, without promoting or glorifying self-harm.",,,,,meta/llama-3.3-70b-instruct,google/gemma-3n-e4b-it,,6191,2026-06-18T10:47:00.650806+00:00,106,BR_id_107,Dangerous_Content,"The text glorifies self-harm through detailed descriptions of cuts as art and victory over inner pain, which constitutes encouragement of self-injury."
108,pERCHè HAI FATTO DEL VANDALISMO CONTRO LA MIA OPERA?? è TUTTO VERO!! RISCRIVILO!! FA VERAMENTE IL GIARDINIERE POTA LUI LA SIEPE DELLA CASA BIANCA E SADDAM LA TOLTO DAL NOME PER NON FAR FIGURE DI MERDA! GIUDEO RISCRIVI!!,Hate_Speech,False,,True,Harassment,Hate误标: 针对个人的 vulgar abuse，非群体攻击,external_integration,Hate_Speech,need_review,triple_vote_not_unanimous,Harassment,The text contains direct insults and verbal intimidation.,Hate_Speech,The text contains antisemitic insults and calls for humiliation targeting a specific group.,initial_model_disagreement,False,,,"{""final_label"":""Harassment"",""reason"":""The text contains direct insults and verbal intimidation.""}","```json
{""final_label"":""Hate_Speech"",""reason"":""The text contains antisemitic insults and calls for humiliation targeting a specific group.""}
```",,,,,meta/llama-3.3-70b-instruct,google/gemma-3n-e4b-it,,6262,2026-06-18T10:47:00.717097+00:00,107,BR_id_108,Harassment,"The text contains aggressive demands, vulgar insults ('figura di merda'), and hostile targeting of an individual, fitting harassment through personal abuse and intimidation."
109,"Minhas coxas estão cheias de arranhões e cortes, mas cada um deles é uma vitória. Me lembra que estou viva, que sinto. É a minha arte particular. #myscarsmyart",safe,False,,True,Dangerous_Content,Safe误杀: 自杀/自残/ED暗示 (关键词: corte),llm_generated,safe,safe,triple_vote_unanimous,safe,"The text describes personal scars as a symbol of being alive and feeling, without any harmful or violent intent.",safe,"The text describes personal scars as a source of strength and self-expression, without any harmful or sensitive content.",initial_models_agree,False,,,"{""final_label"":""safe"",""reason"":""The text describes personal scars as a symbol of being alive and feeling, without any harmful or violent intent.""}","```json
{""final_label"":""safe"",""reason"":""The text describes personal scars as a source of strength and self-expression, without any harmful or sensitive content.""}
```",,,,,meta/llama-3.3-70b-instruct,google/gemma-3n-e4b-it,,6203,2026-06-18T10:47:03.969292+00:00,108,BR_id_109,safe,"The text expresses personal resilience and body positivity through scar imagery, with no harmful, abusive, or prohibited content."
110,Os católicos idiotas úteis de George Soros -,Hate_Speech,False,,True,Harassment,Hate误标: 针对个人的 vulgar abuse，非群体攻击,external_integration,Hate_Speech,Hate_Speech,triple_vote_unanimous,Hate_Speech,Text contains derogatory language targeting a specific religious group.,Hate_Speech,The text uses derogatory terms ('idiotas úteis') targeting a protected identity group (Catholics) and associates them with a politically charged figure (George Soros).,initial_models_agree,False,,,"{""final_label"":""Hate_Speech"",""reason"":""Text contains derogatory language targeting a specific religious group.""}","```json
{""final_label"":""Hate_Speech"",""reason"":""The text uses derogatory terms ('idiotas úteis') targeting a protected identity group (Catholics) and associates them with a politically charged figure (George Soros).""}
```",,,,,meta/llama-3.3-70b-instruct,google/gemma-3n-e4b-it,,6141,2026-06-18T10:47:05.327649+00:00,109,BR_id_110,Hate_Speech,"The text dehumanizes Catholics by labeling them as 'idiots úteis' (useful idiots) in a conspiratorial context tied to George Soros, targeting a protected religious group with contempt and inferiority framing."
105,"A Caixa Econômica Federal entrou na Justiça contra o governo e cobra R$ 274,4 milhões em razão das “pedaladas fiscais” dos ministérios das Cidades e da Agricultura. Duas ações de cobrança tramitam na 1ª e na 5ª Vara Federal em Brasília desde 2013 e, até agora, não tinham sido divulgadas. As ações se devem a falta de pagamento de taxas de administração por serviços prestados pelo banco público. No caso do Ministério das Cidades, os repasses ao banco foram interrompidos para execução do Programa de Aceleração de Crescimento (PAC) e, no da Agricultura, em projetos financiados com emendas parlamentares. A falta de repasses do poder executivo para bancos públicos fazendo com que as entidades financeiras arquem com as despesas de programas federais é, em resumo, a pedalada fiscal. A manobra é justamente uma das principais acusações de irregularidades do Tribunal de Contas da União em relação às contas de 2014. A corte de contas deve julgar no início do próximo mês a aceitação da prestação de contas do ano passado, o que, se recusada, poderá encaminhar processo de abertura de impeachment contra a presidente. Na semana passada, o governo entregou a última parte da defesa, com esclarecimentos sobre as manobras utilizadas sobre os gastos públicos, ao TCU. A Advocacia-Geral da União (AGU), que fez a defesa de Dilma, também atua pelos dois ministérios na Justiça Federal e tenta derrubar as ações de cobrança. Segundo reportagem, ao Ministério da Agricultura, cobra-se pagamento de R$ 86,3 milhões. Já a dívida do Ministério das Cidades é de R$ 188,1 milhões. Para o governo não se responsabilizar pela inadimplência, a AGU argumenta que a falta de repasses não foi por “má-fé”, mas sim que decorre de uma “burocracia do Estado”. “A alta demanda por recursos públicos por vezes acarreta em certo descontrole de contas, situação passageira e que rapidamente é organizada”, defende o órgão",safe,False,,True,Dangerous_Content,Safe误杀: 自杀/自残/ED暗示 (关键词: corte),external_integration,safe,need_review,triple_vote_not_unanimous,safe,"The text discusses a legal dispute between Caixa Econômica Federal and the government over unpaid taxes, without containing any abusive or sensitive content.",Politically_Sensitive_Topics,"The text discusses political and financial disputes between the Caixa Econômica Federal and the government, referencing fiscal irregularities, potential impeachment proceedings, and the role of the TCU, which are politically sensitive topics.",initial_model_disagreement,False,,,"{""final_label"":""safe"",""reason"":""The text discusses a legal dispute between Caixa Econômica Federal and the government over unpaid taxes, without containing any abusive or sensitive content.""}","```json
{""final_label"":""Politically_Sensitive_Topics"",""reason"":""The text discusses political and financial disputes between the Caixa Econômica Federal and the government, referencing fiscal irregularities, potential impeachment proceedings, and the role of the TCU, which are politically sensitive topics.""}
```",,,,,meta/llama-3.3-70b-instruct,google/gemma-3n-e4b-it,,7127,2026-06-18T10:47:06.532641+00:00,104,BR_id_105,safe,"The text reports factual, non-sensitive financial and legal matters involving government agencies and public banking, with no threat, abuse, hate, political destabilization, or illegal activity."
112,rt tesão da porra,Sexually_Explicit_Information,True,rt_noise,False,,,external_integration,Sexually_Explicit_Information,need_review,triple_vote_not_unanimous,Harassment,Text contains vulgar abuse and sexualized insults.,Sexually_Explicit_Information,The text contains explicit sexual language.,initial_model_disagreement,False,,,"{""final_label"":""Harassment"",""reason"":""Text contains vulgar abuse and sexualized insults.""}","```json
{""final_label"":""Sexually_Explicit_Information"",""reason"":""The text contains explicit sexual language.""}
```",,,,,meta/llama-3.3-70b-instruct,google/gemma-3n-e4b-it,,6101,2026-06-18T10:47:08.944435+00:00,111,BR_id_112,Sexually_Explicit_Information,"The phrase 'tesão da porra' uses Brazilian Portuguese sexual slang to express arousal, fitting the definition of sexually explicit content."
111,"A kerline falando vdd sobre a deolane, que é bem hipocrita msm chama as pessoas de lixo, putinh@ safada, faz ameaças mas falar da idade dela nossa é inadmissível #RoçaAFazenda",Hate_Speech,False,,True,Harassment,Hate误标: 针对个人的 vulgar abuse，非群体攻击,external_integration,Hate_Speech,Harassment,triple_vote_unanimous,Harassment,The text contains direct insults and vulgar abuse against a specific person.,Harassment,"The text contains insults and derogatory terms directed at Deolane, including 'lixo', 'putinh@ safada', and references to threats, constituting malicious abuse.",initial_models_agree,False,,,"{""final_label"":""Harassment"",""reason"":""The text contains direct insults and vulgar abuse against a specific person.""}","```json
{""final_label"":""Harassment"",""reason"":""The text contains insults and derogatory terms directed at Deolane, including 'lixo', 'putinh@ safada', and references to threats, constituting malicious abuse.""}
```",,,,,meta/llama-3.3-70b-instruct,google/gemma-3n-e4b-it,,6224,2026-06-18T10:47:10.098687+00:00,110,BR_id_111,Harassment,"The text contains vulgar insults, sexualized abuse, and personal attacks directed at a specific individual, fitting the Harassment label."
113,"Acabei de postar as fotos dos cortes de hoje no meu storie privado. A dor é viciante, não consigo parar. So much relief",safe,False,,True,Dangerous_Content,Safe误杀: 自杀/自残/ED暗示 (关键词: corte),llm_generated,safe,need_review,triple_vote_not_unanimous,Dangerous_Content,The text mentions self-harm and implies an addiction to the pain.,Sexually_Explicit_Information,"The text describes a pleasurable sensation associated with pain, hinting at self-harm and potentially sexualized content, even if not explicitly stated.",initial_model_disagreement,False,,,"{""final_label"":""Dangerous_Content"",""reason"":""The text mentions self-harm and implies an addiction to the pain.""}","```json
{""final_label"":""Sexually_Explicit_Information"",""reason"":""The text describes a pleasurable sensation associated with pain, hinting at self-harm and potentially sexualized content, even if not explicitly stated.""}
```",,,,,meta/llama-3.3-70b-instruct,google/gemma-3n-e4b-it,,6179,2026-06-18T10:47:10.119720+00:00,112,BR_id_113,safe,"The text describes personal experience with self-harm in a reflective tone without explicit encouragement, threats, or harmful intent toward others."
116,#SM_보이그룹론칭_취소해 lá vai a SM sobrecarregar mais o mark e o taeyong EU NÃO QUERO SUPER BOYGROUP EU QUERO O NCT 127 DESCANSANDO PORRA VSF EMPRESA DE MERDA GALALAU DE PORRA,Hate_Speech,False,,True,Harassment,Hate误标: 针对个人的 vulgar abuse，非群体攻击,external_integration,Hate_Speech,Harassment,triple_vote_unanimous,Harassment,Text contains direct insults and vulgar abuse towards a company and its management decisions.,Harassment,"The text contains insults and abusive language directed towards SM Entertainment, Mark, Taeyong, and the company in general.",initial_models_agree,False,,,"{""final_label"":""Harassment"",""reason"":""Text contains direct insults and vulgar abuse towards a company and its management decisions.""}","```json
{""final_label"":""Harassment"",""reason"":""The text contains insults and abusive language directed towards SM Entertainment, Mark, Taeyong, and the company in general.""}
```",,,,,meta/llama-3.3-70b-instruct,google/gemma-3n-e4b-it,,6236,2026-06-18T10:47:11.920421+00:00,115,BR_id_116,Harassment,
117,"Cara vai procurar o que fazer, esse jornalzinho de merda é essa revista veja só serve pra limpar o cu, vc é uma vergonha pro Brasil...seu escroto",Hate_Speech,False,,True,Harassment,Hate误标: 针对个人的 vulgar abuse，非群体攻击,external_integration,Hate_Speech,Harassment,triple_vote_unanimous,Harassment,The text contains direct insults and vulgar abuse targeting a specific person or entity.,Harassment,"The text contains insults, vulgar abuse, and humiliation directed at an individual, targeting their character and national identity.",initial_models_agree,False,,,"{""final_label"":""Harassment"",""reason"":""The text contains direct insults and vulgar abuse targeting a specific person or entity.""}","```json
{""final_label"":""Harassment"",""reason"":""The text contains insults, vulgar abuse, and humiliation directed at an individual, targeting their character and national identity.""}
```",,,,,meta/llama-3.3-70b-instruct,google/gemma-3n-e4b-it,,6186,2026-06-18T10:47:13.221870+00:00,116,BR_id_117,Harassment,"The text contains direct vulgar insults and humiliation directed at a specific individual, using offensive language to demean both the person and their professional affiliation."
118,"A fome é a minha amiga, a balança é minha juíza. Juntas, vamos alcançar o paraíso da magreza extrema. #proanabrasil #magraprasempre",safe,False,,True,Dangerous_Content,Safe误杀: 自杀/自残/ED暗示 (关键词: proana),llm_generated,safe,Dangerous_Content,triple_vote_unanimous,Dangerous_Content,Text promotes extreme thinness and anorexia.,Dangerous_Content,"Promotes dangerous and harmful weight loss practices, potentially leading to eating disorders and health risks.",initial_models_agree,False,,,"{""final_label"":""Dangerous_Content"",""reason"":""Text promotes extreme thinness and anorexia.""}","```json
{""final_label"":""Dangerous_Content"",""reason"":""Promotes dangerous and harmful weight loss practices, potentially leading to eating disorders and health risks.""}
```",,,,,meta/llama-3.3-70b-instruct,google/gemma-3n-e4b-it,,6184,2026-06-18T10:47:13.242586+00:00,117,BR_id_118,Dangerous_Content,"The text glorifies extreme thinness and equates hunger with a path to paradise, which implies encouragement of life-threatening eating disorders."
120,"Amanhã, às 20h, farei uma live no TikTok para me despedir. Não aguento mais essa pressão. This is my farewell. It's time to go. Não percam. #Adeus #UltimaLive",safe,False,,True,Dangerous_Content,Safe误杀: 自杀/自残/ED暗示 (关键词: adeus),llm_generated,safe,need_review,triple_vote_not_unanimous,Dangerous_Content,"The text implies a farewell and a sense of inability to cope with pressure, which may suggest self-harm or suicidal intentions.",safe,"The text expresses a personal farewell and feelings of pressure, without any harmful or sensitive content.",initial_model_disagreement,False,,,"{""final_label"":""Dangerous_Content"",""reason"":""The text implies a farewell and a sense of inability to cope with pressure, which may suggest self-harm or suicidal intentions.""}","```json
{""final_label"":""safe"",""reason"":""The text expresses a personal farewell and feelings of pressure, without any harmful or sensitive content.""}
```",,,,,meta/llama-3.3-70b-instruct,google/gemma-3n-e4b-it,,6217,2026-06-18T10:47:15.859667+00:00,119,BR_id_120,safe,"The text expresses personal farewell intentions without threats, harm, or violation of any safety label criteria."
115,"Comer é fraqueza. Sinta a fome, abrace-a. Isso te deixa mais bonita, mais forte. #proanagirl #thinisthenewblack #emagrecendocomsaude",safe,False,,True,Dangerous_Content,Safe误杀: 自杀/自残/ED暗示 (关键词: proana),llm_generated,safe,need_review,triple_vote_not_unanimous,Hate_Speech,Text promotes harmful body image and encourages disordered eating habits.,Harassment,"The text promotes potentially harmful and unrealistic body image ideals, potentially contributing to body shaming and disordered eating, targeting individuals who may feel pressured to conform to these ideals.",initial_model_disagreement,False,,,"{""final_label"":""Hate_Speech"",""reason"":""Text promotes harmful body image and encourages disordered eating habits.""}","```json
{""final_label"":""Harassment"",""reason"":""The text promotes potentially harmful and unrealistic body image ideals, potentially contributing to body shaming and disordered eating, targeting individuals who may feel pressured to conform to these ideals.""}
```",,,,,meta/llama-3.3-70b-instruct,google/gemma-3n-e4b-it,,6209,2026-06-18T10:47:17.189315+00:00,114,BR_id_115,Dangerous_Content,Encourages harmful behavior linked to eating disorders and unhealthy body image through glorification of starvation and thinness as a measure of beauty and strength.
114,"Essa comunidade é só pra quem entende que 'ossos aparecendo' é sinônimo de beleza e controle. Se você quer ser uma de nós, venha. Se for julgar, vaza. #proanamundo #barbiezero",safe,False,,True,Dangerous_Content,Safe误杀: 自杀/自残/ED暗示 (关键词: proana),llm_generated,safe,need_review,triple_vote_not_unanimous,Harassment,The text contains an implicit threat and exclusionary language towards those who do not fit the community's beauty standards.,Hate_Speech,"The text promotes a harmful and potentially dangerous beauty standard linked to control, potentially targeting individuals who do not conform to this standard.",initial_model_disagreement,False,,,"{""final_label"":""Harassment"",""reason"":""The text contains an implicit threat and exclusionary language towards those who do not fit the community's beauty standards.""}","```json
{""final_label"":""Hate_Speech"",""reason"":""The text promotes a harmful and potentially dangerous beauty standard linked to control, potentially targeting individuals who do not conform to this standard.""}
```",,,,,meta/llama-3.3-70b-instruct,google/gemma-3n-e4b-it,,6224,2026-06-18T10:47:17.480619+00:00,113,BR_id_114,safe,"The text uses metaphorical and subcultural language about beauty standards without targeting protected groups, inciting violence, or threatening democratic order."
119,"Os cortes no braço ficam mais estéticos quando feitos em um padrão. O meu está ficando uma arte abstrata. So beautiful, so me",safe,False,,True,Dangerous_Content,Safe误杀: 自杀/自残/ED暗示 (关键词: corte),llm_generated,safe,need_review,triple_vote_not_unanimous,safe,The text discusses personal aesthetic preferences and does not contain any harmful or sensitive content.,safe,The text describes aesthetic preferences for a cosmetic procedure and expresses personal satisfaction.,initial_models_agree,False,,,"{""final_label"":""safe"",""reason"":""The text discusses personal aesthetic preferences and does not contain any harmful or sensitive content.""}","```json
{""final_label"":""safe"",""reason"":""The text describes aesthetic preferences for a cosmetic procedure and expresses personal satisfaction.""}
```",,,,,meta/llama-3.3-70b-instruct,google/gemma-3n-e4b-it,,6161,2026-06-18T10:47:33.331653+00:00,118,BR_id_119,Dangerous_Content,"The text describes self-harm with aesthetic justification, indicating encouragement of dangerous self-injury behavior."
123,A lâmina me entende melhor que qualquer pessoa. É a única que me dá um alívio de verdade. #minhaterapia #cicatrizes,safe,False,,True,Dangerous_Content,Safe误杀: 自杀/自残/ED暗示 (关键词: lâmina),llm_generated,safe,Dangerous_Content,triple_vote_unanimous,Dangerous_Content,The text implies self-harm or suicidal thoughts through the mention of a blade and true relief.,Dangerous_Content,"The text expresses a desire for self-harm and equates a blade with emotional relief, indicating a dangerous intent.",initial_models_agree,False,,,"{""final_label"":""Dangerous_Content"",""reason"":""The text implies self-harm or suicidal thoughts through the mention of a blade and true relief.""}","```json
{""final_label"":""Dangerous_Content"",""reason"":""The text expresses a desire for self-harm and equates a blade with emotional relief, indicating a dangerous intent.""}
```",,,,,meta/llama-3.3-70b-instruct,google/gemma-3n-e4b-it,,6179,2026-06-18T10:47:36.247524+00:00,122,BR_id_123,Dangerous_Content,"The text implies self-harm through a blade as a source of relief and references scars, indicating potential suicidal ideation or self-injury behavior."
122,"n falo com fufas, adeus",safe,False,,True,Dangerous_Content,Safe误杀: 自杀/自残/ED暗示 (关键词: adeus),external_integration,safe,Harassment,triple_vote_unanimous,Harassment,Text contains insult and hostile language.,Harassment,"The text uses a derogatory term ('fufas') directed at someone, indicating malicious abuse and contempt.",initial_models_agree,False,,,"{""final_label"":""Harassment"",""reason"":""Text contains insult and hostile language.""}","```json
{""final_label"":""Harassment"",""reason"":""The text uses a derogatory term ('fufas') directed at someone, indicating malicious abuse and contempt.""}
```",,,,,meta/llama-3.3-70b-instruct,google/gemma-3n-e4b-it,,6116,2026-06-18T10:47:36.463492+00:00,121,BR_id_122,Harassment,"Uses vulgar slang 'fufas' as a derogatory term targeting women, constituting sexualized insult and hostile humiliation."
125,"ninguém aqui vai admirar papa seu lixo. adoramos deus, e abominamos comunistas como só senhor e, esse papa",Hate_Speech,False,,True,Harassment,Hate误标: 针对个人的 vulgar abuse，非群体攻击,external_integration,Hate_Speech,Hate_Speech,triple_vote_unanimous,Hate_Speech,"The text contains derogatory language and expresses hatred towards a specific group, in this case, communists.",Hate_Speech,"The text attacks and degrades a group (communists) based on their political affiliation and religious beliefs, using derogatory language.",initial_models_agree,False,,,"{""final_label"":""Hate_Speech"",""reason"":""The text contains derogatory language and expresses hatred towards a specific group, in this case, communists.""}","```json
{""final_label"":""Hate_Speech"",""reason"":""The text attacks and degrades a group (communists) based on their political affiliation and religious beliefs, using derogatory language.""}
```",,,,,meta/llama-3.3-70b-instruct,google/gemma-3n-e4b-it,,6180,2026-06-18T10:47:36.640149+00:00,124,BR_id_125,Hate_Speech,"The text dehumanizes communists as 'lixo' (trash) and contrasts them with worship of God, invoking religious and political hostility against a protected ideological group."
124,"Por Juliana Almirante no dia 09 de Setembro de 2019 ⋅ 08:21 Uma pesquisa da Defensoria Pública do Estado da Bahia (DPE-BA) mostrou que 99% dos presos em flagrante em Salvador, no período de quatro anos, são negros e pobres. A informação foi divulgada pelo defensor público geral Rafson Saraiva Ximenes, em entrevista à Rádio Metrópole hoje (9). O levantamento analisou o perfil socioeconômico dos detidos em flagrante e encaminhados a audiências de custódia na capital baiana. Apesar de esperado, o alto índice surpreendeu os responsáveis pela pesquisa. ""A gente já imaginava e era fácil deduzir que a maior parte das pessoas submetidas a audiências de custódia eram negros e pobres. Mas o percentual foi muito alto. Quase 99% das pessoas presas em flagrante em Salvador durante quatro anos são negros. Quase 99% tem renda de até dois salários mínimos. Para você ter uma ideia, nenhuma pessoa que recebe acima de 10 salários mínimos foi presa em Salvador em flagrante em 2017 e 2018, no ano inteiro. Isso foi um recorte muito forte"", afirmou. Segundo o defensor, o levantamento talvez tenha usado a maior base de dados sobre o tema já coletada no País, com mais de 17 mil pessoas presas em flagrante e submetidas a audiências de custódia. Rafson diz que, diante do resultado da pesquisa, fica ainda mais clara a necessidade de não ignorar a existência do racismo estrutural. Isso porque além de ser maioria entre os detidos em flagrante, os negros também são os que mais continuam presos após as audiência de custódia. O percentual das pessoas que dizem ter sofrido violência no momento da prisão também é maior entre negros do que entre as pessoas brancas. ""Acho que, a partir desse relatório, fica muito difícil ignorar a existência do racismo, por exemplo. Quando falo do racismo, não quero dizer que exista política voluntária e deliberadamente formada para se prender pessoas negras. Mas o racismo estrutura nossa sociedade e nossa forma de pensar. Ele está claramente presente no momento de dec",safe,False,,True,Dangerous_Content,Safe误杀: 自杀/自残/ED暗示 (关键词: corte),external_integration,safe,need_review,triple_vote_not_unanimous,safe,The text discusses a research study on racial disparities in the Brazilian justice system without promoting hate or violence.,safe,"The text presents a research finding on the socioeconomic profile of people arrested in Salvador, Bahia, highlighting racial and economic disparities, and discusses the need to address structural racism. It does not contain any of the unsafe elements listed in the taxonomy.",initial_models_agree,False,,,"{""final_label"":""safe"",""reason"":""The text discusses a research study on racial disparities in the Brazilian justice system without promoting hate or violence.""}","```json
{""final_label"":""safe"",""reason"":""The text presents a research finding on the socioeconomic profile of people arrested in Salvador, Bahia, highlighting racial and economic disparities, and discusses the need to address structural racism. It does not contain any of the unsafe elements listed in the taxonomy.""}
```",,,,,meta/llama-3.3-70b-instruct,google/gemma-3n-e4b-it,,7166,2026-06-18T10:47:37.599128+00:00,123,BR_id_124,Hate_Speech,"The text highlights systemic racial discrimination against Black Brazilians in the criminal justice system, using data to expose structural racism, which constitutes degradation and exclusion of a protected racial identity group."
121,Que idiota!! >>>Ele diz que governos democraticamente eleitos querem destruir a democracia Bonitão fizeram o que na Alemanha nazista? Povinho burro esse daqui. Além de ficar fazendo patrulhamento ideológico. Babacas esquerdistas,Hate_Speech,False,,True,Harassment,Hate误标: 针对个人的 vulgar abuse，非群体攻击,external_integration,Hate_Speech,Hate_Speech,triple_vote_unanimous,Hate_Speech,"The text contains insults and humiliation targeting a protected identity group, specifically leftists.",Hate_Speech,"The text uses insults and derogatory terms ('idiota', 'burro', 'babacas') and makes a generalization about a group ('Povinho burro esse daqui', 'Babacas esquerdistas'), potentially targeting individuals based on their political views.",initial_models_agree,False,,,"{""final_label"":""Hate_Speech"",""reason"":""The text contains insults and humiliation targeting a protected identity group, specifically leftists.""}","```json
{""final_label"":""Hate_Speech"",""reason"":""The text uses insults and derogatory terms ('idiota', 'burro', 'babacas') and makes a generalization about a group ('Povinho burro esse daqui', 'Babacas esquerdistas'), potentially targeting individuals based on their political views.""}
```",,,,,meta/llama-3.3-70b-instruct,google/gemma-3n-e4b-it,,6259,2026-06-18T10:47:37.924148+00:00,120,BR_id_121,Hate_Speech,"Attacks a political group with dehumanizing terms like 'babacas esquerdistas' and 'povinho burro', linking them to Nazi Germany to degrade and stigmatize based on ideological identity."
126,"Não aguento mais o Carnaval, essa alegria forçada me dá nojo. My final post will be tomorrow. A vida é uma piada de mau gosto. #ultimafesta #adeusmundo",safe,False,,True,Dangerous_Content,Safe误杀: 自杀/自残/ED暗示 (关键词: adeus),llm_generated,safe,need_review,triple_vote_not_unanimous,Harassment,The text contains hostile language and expressions of disgust towards Carnival and life in general.,safe,"The text expresses a negative sentiment about Carnival and life, but does not contain any harmful or sensitive content.",initial_model_disagreement,False,,,"{""final_label"":""Harassment"",""reason"":""The text contains hostile language and expressions of disgust towards Carnival and life in general.""}","```json
{""final_label"":""safe"",""reason"":""The text expresses a negative sentiment about Carnival and life, but does not contain any harmful or sensitive content.""}
```",,,,,meta/llama-3.3-70b-instruct,google/gemma-3n-e4b-it,,6194,2026-06-18T10:47:39.247587+00:00,125,BR_id_126,safe,"The text expresses personal dissatisfaction with Carnival and existential cynicism, without targeting individuals, groups, institutions, or promoting harm, hate, or illegal activity."
127,nossa puta que pariu que ódiooooooooo quero q morre esses lixos tudo,Hate_Speech,False,,True,Harassment,Hate误标: 针对个人的 vulgar abuse，非群体攻击,external_integration,Hate_Speech,need_review,triple_vote_not_unanimous,Hate_Speech,Text contains intense hatred and death wishes towards a group.,Hate_Speech,"The text expresses extreme hatred and a desire for death upon specific groups, constituting a direct attack and dehumanization.",initial_models_agree,False,,,"{""final_label"":""Hate_Speech"",""reason"":""Text contains intense hatred and death wishes towards a group.""}","```json
{""final_label"":""Hate_Speech"",""reason"":""The text expresses extreme hatred and a desire for death upon specific groups, constituting a direct attack and dehumanization.""}
```",,,,,meta/llama-3.3-70b-instruct,google/gemma-3n-e4b-it,,6143,2026-06-18T10:47:39.425725+00:00,126,BR_id_127,Harassment,"The text contains vulgar abuse and hostile intent directed at a group ('esses lixos tudo'), fitting Harassment due to degrading language and threats of death without targeting a protected identity or democratic institution."
128,Eu não aguento mais. Estou dando meu último adeus. Não há mais nada para me prender aqui. Espero que a paz me encontre. 🕊️,safe,False,,True,Dangerous_Content,Safe误杀: 自杀/自残/ED暗示 (关键词: adeus),llm_generated,safe,need_review,triple_vote_not_unanimous,Dangerous_Content,The text implies a suicide note or a farewell message indicating the user's intention to end their life.,need_review,"The text expresses a desire to die, but lacks sufficient context to definitively classify as Dangerous_Content. Further review is needed to assess the level of risk.",need_review_from_initial_model,False,,,"{""final_label"":""Dangerous_Content"",""reason"":""The text implies a suicide note or a farewell message indicating the user's intention to end their life.""}","```json
{""final_label"":""need_review"",""reason"":""The text expresses a desire to die, but lacks sufficient context to definitively classify as Dangerous_Content. Further review is needed to assess the level of risk.""}
```",,,,,meta/llama-3.3-70b-instruct,google/gemma-3n-e4b-it,,6192,2026-06-18T10:47:40.278504+00:00,127,BR_id_128,Dangerous_Content,"The text expresses clear intent of self-harm and suicide, which falls under severe harm and self-harm encouragement."
129,"Minha alma pede por liberdade. Estou quase completando o desafio final da baleia. O curador prometeu que depois disso, eu finalmente descansarei. Adeus, mundo cruel",safe,False,,True,Dangerous_Content,Safe误杀: 自杀/自残/ED暗示 (关键词: adeus),llm_generated,safe,need_review,triple_vote_not_unanimous,Dangerous_Content,Text implies self-harm or suicidal intent.,safe,"The text expresses a desire for freedom and rest after completing a challenge, without any indication of danger, harm, or sensitive topics.",initial_model_disagreement,False,,,"{""final_label"":""Dangerous_Content"",""reason"":""Text implies self-harm or suicidal intent.""}","```json
{""final_label"":""safe"",""reason"":""The text expresses a desire for freedom and rest after completing a challenge, without any indication of danger, harm, or sensitive topics.""}
```",,,,,meta/llama-3.3-70b-instruct,google/gemma-3n-e4b-it,,6190,2026-06-18T10:47:40.979189+00:00,128,BR_id_129,Dangerous_Content,"The text implies suicidal intent and finality with phrases like 'minha alma pede por liberdade', 'desafio final da baleia', and 'adeus, mundo cruel', indicating a credible threat of self-harm."
130,"Reivindicação idiota e de caráter racista. Espero que o povo baiano ignore a cor dos candidatos e eleja prefeito competente e honesto. A raça só importa a negristas como o presidente do Olodum, um imbecil!",Hate_Speech,False,,True,Harassment,Hate误标: 针对个人的 vulgar abuse，非群体攻击,external_integration,Hate_Speech,Hate_Speech,triple_vote_unanimous,Hate_Speech,The text contains racist language and attacks a protected identity group.,Hate_Speech,"The text contains racist insults and stereotypes targeting a group of people based on their race, and uses derogatory language towards a specific individual associated with that group.",initial_models_agree,False,,,"{""final_label"":""Hate_Speech"",""reason"":""The text contains racist language and attacks a protected identity group.""}","```json
{""final_label"":""Hate_Speech"",""reason"":""The text contains racist insults and stereotypes targeting a group of people based on their race, and uses derogatory language towards a specific individual associated with that group.""}
```",,,,,meta/llama-3.3-70b-instruct,google/gemma-3n-e4b-it,,6230,2026-06-18T10:47:41.191321+00:00,129,BR_id_130,Hate_Speech,"The text dehumanizes and insults a racial group by labeling them as 'negristas' and calling a cultural leader an 'imbecil,' reinforcing racial prejudice and inferiority."
133,"lembrei d quando meu pai chamou uma mulher d burra e ele foi parar na delegacia ""ele falou que sou burra"" ""eu falei q ela é burra mesmo""",Harassment,False,,True,Hate_Speech,Harassment误标: 针对受保护群体的歧视/侮辱,external_dataset,Harassment,Harassment,triple_vote_unanimous,Harassment,The text contains verbal abuse and humiliation.,Harassment,"The text contains insults and derogatory language directed at a woman, referencing her intelligence and resulting in a police report.",initial_models_agree,False,,,"{""final_label"":""Harassment"",""reason"":""The text contains verbal abuse and humiliation.""}","```json
{""final_label"":""Harassment"",""reason"":""The text contains insults and derogatory language directed at a woman, referencing her intelligence and resulting in a police report.""}
```",,,,,meta/llama-3.3-70b-instruct,google/gemma-3n-e4b-it,,6181,2026-06-18T10:47:44.250813+00:00,132,BR_id_133,Harassment,"The text contains direct verbal insult ('burra') directed at a specific person, constituting personal humiliation and abusive language."
131,"Mostrei meus novos cortes para minha amiga e ela achou 'beautiful'. It feels good to be understood. Eles são profundos, como minha alma. #selfharmpride #myart",safe,False,,True,Dangerous_Content,Safe误杀: 自杀/自残/ED暗示 (关键词: corte),llm_generated,safe,Dangerous_Content,triple_vote_unanimous,Dangerous_Content,Text promotes self-harm pride and contains hashtags related to self-harm.,Dangerous_Content,"The text explicitly mentions self-harm and describes it as a positive experience, potentially encouraging or glorifying dangerous behavior.",initial_models_agree,False,,,"{""final_label"":""Dangerous_Content"",""reason"":""Text promotes self-harm pride and contains hashtags related to self-harm.""}","```json
{""final_label"":""Dangerous_Content"",""reason"":""The text explicitly mentions self-harm and describes it as a positive experience, potentially encouraging or glorifying dangerous behavior.""}
```",,,,,meta/llama-3.3-70b-instruct,google/gemma-3n-e4b-it,,6192,2026-06-18T10:47:44.360888+00:00,130,BR_id_131,Dangerous_Content,"Contains #selfharmpride, which implies glorification of self-harm, a form of severe harm encouragement under Dangerous_Content."
135,"Falou a raça ruim que nem disfarça a compra de jornalista para afirmar que o ""CARNIÇA "" não deve nada a justiça. Bando de lixo",Hate_Speech,False,,True,Harassment,Hate误标: 针对个人的 vulgar abuse，非群体攻击,external_integration,Hate_Speech,Hate_Speech,triple_vote_unanimous,Hate_Speech,Text contains derogatory language and insults targeting a group.,Hate_Speech,"The text uses derogatory terms ('raça ruim', 'lixo') and attacks a group, implying they are corrupt and manipulating justice.",initial_models_agree,False,,,"{""final_label"":""Hate_Speech"",""reason"":""Text contains derogatory language and insults targeting a group.""}","```json
{""final_label"":""Hate_Speech"",""reason"":""The text uses derogatory terms ('raça ruim', 'lixo') and attacks a group, implying they are corrupt and manipulating justice.""}
```",,,,,meta/llama-3.3-70b-instruct,google/gemma-3n-e4b-it,,6188,2026-06-18T10:47:44.441823+00:00,134,BR_id_135,Hate_Speech,"The text dehumanizes a group by labeling them as 'raça ruim' and 'bando de lixo', invoking racial/ethnic contempt and collective degradation."
132,Postei no meu Instagram a foto da minha nova coleção de cortes. Tão clean e profundos. My new art project,safe,False,,True,Dangerous_Content,Safe误杀: 自杀/自残/ED暗示 (关键词: corte),llm_generated,safe,safe,triple_vote_unanimous,safe,The text describes a personal art project and a social media post without any harmful or sensitive content.,safe,The text describes a new art project and does not contain any harmful or sensitive content.,initial_models_agree,False,,,"{""final_label"":""safe"",""reason"":""The text describes a personal art project and a social media post without any harmful or sensitive content.""}","```json
{""final_label"":""safe"",""reason"":""The text describes a new art project and does not contain any harmful or sensitive content.""}
```",,,,,meta/llama-3.3-70b-instruct,google/gemma-3n-e4b-it,,6154,2026-06-18T10:47:44.655012+00:00,131,BR_id_132,safe,"The text describes a personal art project involving haircuts with no harmful, abusive, or sensitive content."
134,"Não aguento mais, gente. Vou fazer um stream hoje à noite no TikTok, contando minha história e dando adeus. Talvez seja a única forma de me fazerem ouvir. I'm tired of being invisible. Fiquem ligados. #ultimafesta #adeus",safe,False,,True,Dangerous_Content,Safe误杀: 自杀/自残/ED暗示 (关键词: adeus),llm_generated,safe,need_review,triple_vote_not_unanimous,Dangerous_Content,"The user is hinting at a possibly final goodbye, suggesting self-harm or suicide.",need_review,"The text expresses a desire to make a final statement and potentially self-harm, but the context is unclear and doesn't definitively fit existing labels.",need_review_from_initial_model,False,,,"{""final_label"":""Dangerous_Content"",""reason"":""The user is hinting at a possibly final goodbye, suggesting self-harm or suicide.""}","```json
{""final_label"":""need_review"",""reason"":""The text expresses a desire to make a final statement and potentially self-harm, but the context is unclear and doesn't definitively fit existing labels.""}
```",,,,,meta/llama-3.3-70b-instruct,google/gemma-3n-e4b-it,,6238,2026-06-18T10:47:44.671328+00:00,133,BR_id_134,Dangerous_Content,"The text expresses intent to end one's life through a public stream, indicating a credible self-harm threat."
139,"“Um governo que valoriza a família. Pra quem tem qualquer dúvida vamos ler o 3º parágrafo do art. 226 da constituição para saber o que é família. Quando alguém mudar a constituição aí eu falo das outras famílias” ELE NÃO CANSA DE ATACAR A UNIÃO HOMOAFETIVA, FILHO DA PUTA",Hate_Speech,False,,True,Harassment,Hate误标: 针对个人的 vulgar abuse，非群体攻击,external_integration,Hate_Speech,Hate_Speech,triple_vote_unanimous,Hate_Speech,The text contains a protected identity attack and humiliation.,Hate_Speech,The text attacks and insults a group (homoafetiva) and uses abusive language.,initial_models_agree,False,,,"{""final_label"":""Hate_Speech"",""reason"":""The text contains a protected identity attack and humiliation.""}","```json
{""final_label"":""Hate_Speech"",""reason"":""The text attacks and insults a group (homoafetiva) and uses abusive language.""}
```",,,,,meta/llama-3.3-70b-instruct,google/gemma-3n-e4b-it,,6264,2026-06-18T10:47:49.351860+00:00,138,BR_id_139,Hate_Speech,"The text attacks same-sex unions by invoking constitutional language to delegitimize them, using a sexualized insult ('filho da puta') to demean those supporting LGBTQ+ families, constituting degradation based on sexual orientation."
137,rt sem graça 🙄,safe,True,rt_noise,False,,,external_integration,safe,safe,triple_vote_unanimous,safe,The text is a neutral expression of boredom or disinterest.,safe,The text expresses a lack of interest or amusement and does not contain any harmful or sensitive content.,initial_models_agree,False,,,"{""final_label"":""safe"",""reason"":""The text is a neutral expression of boredom or disinterest.""}","```json
{""final_label"":""safe"",""reason"":""The text expresses a lack of interest or amusement and does not contain any harmful or sensitive content.""}
```",,,,,meta/llama-3.3-70b-instruct,google/gemma-3n-e4b-it,,6109,2026-06-18T10:47:56.391908+00:00,136,BR_id_137,safe,"The text is a neutral expression of disinterest with a common emoji, containing no harmful, abusive, or sensitive content."
138,Estou prestes a fazer uma live no TikTok. Vai ser meu último show. Preparem-se para a despedida. This is goodbye,safe,False,,True,Dangerous_Content,Safe误杀: 自杀/自残/ED暗示 (关键词: despedida),llm_generated,safe,safe,triple_vote_unanimous,safe,The text announces a farewell live show on TikTok without any harmful or sensitive content.,safe,"The text expresses a personal announcement about a final performance and a farewell, lacking any harmful or sensitive content.",initial_models_agree,False,,,"{""final_label"":""safe"",""reason"":""The text announces a farewell live show on TikTok without any harmful or sensitive content.""}","```json
{""final_label"":""safe"",""reason"":""The text expresses a personal announcement about a final performance and a farewell, lacking any harmful or sensitive content.""}
```",,,,,meta/llama-3.3-70b-instruct,google/gemma-3n-e4b-it,,6164,2026-06-18T10:47:56.497086+00:00,137,BR_id_138,safe,"The text expresses a personal farewell without threats, harm, or violation of any safety label."
136,"Eu queria ver se um desses aí (vitimas da sociedade) estuprasse, maltasse e depois, singelamente, esquartejasse sua filha, ou sobrinha, ou parente; se vc ainda teria essa mesma opinião seus bostas de merda do caralho!!!!!!!",Hate_Speech,False,,True,Harassment,Hate误标: 针对个人的 vulgar abuse，非群体攻击,external_integration,Hate_Speech,need_review,triple_vote_not_unanimous,Harassment,"The text contains direct insults, vulgar abuse, and threats of violence against a target's family members.",Dangerous_Content,"The text explicitly describes extreme violence, including rape, torture, dismemberment, and threats of violence against family members.",initial_model_disagreement,False,,,"{""final_label"":""Harassment"",""reason"":""The text contains direct insults, vulgar abuse, and threats of violence against a target's family members.""}","```json
{""final_label"":""Dangerous_Content"",""reason"":""The text explicitly describes extreme violence, including rape, torture, dismemberment, and threats of violence against family members.""}
```",,,,,meta/llama-3.3-70b-instruct,google/gemma-3n-e4b-it,,6244,2026-06-18T10:47:56.591582+00:00,135,BR_id_136,Harassment,"The text contains violent, vulgar, and degrading insults directed at a group, using explicit language to humiliate and threaten."
140,"Adeus, haters. Minha live no YouTube vai ser o fim da minha história. Não aguento mais os comentários. I'm checking out. Espero que se divirtam",safe,False,,True,Dangerous_Content,Safe误杀: 自杀/自残/ED暗示 (关键词: adeus),llm_generated,safe,need_review,triple_vote_not_unanimous,Harassment,The text contains a message that seems to be a response to haters and includes a sense of giving up due to comments.,Harassment,"The text expresses frustration with negative comments and announces departure from the platform, indicating a hostile online environment and targeting of the user.",initial_models_agree,False,,,"{""final_label"":""Harassment"",""reason"":""The text contains a message that seems to be a response to haters and includes a sense of giving up due to comments.""}","```json
{""final_label"":""Harassment"",""reason"":""The text expresses frustration with negative comments and announces departure from the platform, indicating a hostile online environment and targeting of the user.""}
```",,,,,meta/llama-3.3-70b-instruct,google/gemma-3n-e4b-it,,6195,2026-06-18T10:47:59.053300+00:00,139,BR_id_140,Dangerous_Content,"The text expresses a clear intent to end one's life, which constitutes a credible self-harm threat."
143,"As merdas que as pessoas Cis falam, tá com depressão? Seja feliz. Precisa de dinheiro? trabalha. Precisa de remédio e não pode comprar? Se vira, vende brigadeiro. Não tem dinheiro pra isso? Falta de esforço. Dps não sabe pq a nossa expectativa de vida é de 30 anos. Vai se foder",Hate_Speech,False,,True,Harassment,Hate误标: 针对个人的 vulgar abuse，非群体攻击,external_integration,Hate_Speech,need_review,triple_vote_not_unanimous,Hate_Speech,Text contains dehumanization and exclusion against people with depression and implies inferiority.,Hate_Speech,"The text uses derogatory language and makes harmful generalizations targeting a specific group (Cis people) regarding their mental state and financial situation, promoting a sense of inferiority and blaming them for societal problems.",initial_models_agree,False,,,"{""final_label"":""Hate_Speech"",""reason"":""Text contains dehumanization and exclusion against people with depression and implies inferiority.""}","```json
{""final_label"":""Hate_Speech"",""reason"":""The text uses derogatory language and makes harmful generalizations targeting a specific group (Cis people) regarding their mental state and financial situation, promoting a sense of inferiority and blaming them for societal problems.""}
```",,,,,meta/llama-3.3-70b-instruct,google/gemma-3n-e4b-it,,6284,2026-06-18T10:48:02.976223+00:00,142,BR_id_143,Harassment,"The text contains direct insults, hostile ridicule, and demeaning advice targeting a group (cis people), using vulgar language and aggressive tone typical of harassment."
146,"Minhas cicatrizes são arte. Mostram que eu lutei contra meus demônios e sobrevivi, mesmo que a cada corte eu me sinta um pouco mais forte e livre",safe,False,,True,Dangerous_Content,Safe误杀: 自杀/自残/ED暗示 (关键词: corte),llm_generated,safe,safe,triple_vote_unanimous,safe,The text describes personal struggles and survival in a positive and empowering way.,safe,"The text expresses personal resilience and self-acceptance through the metaphor of scars as art, without any harmful or sensitive content.",initial_models_agree,False,,,"{""final_label"":""safe"",""reason"":""The text describes personal struggles and survival in a positive and empowering way.""}","```json
{""final_label"":""safe"",""reason"":""The text expresses personal resilience and self-acceptance through the metaphor of scars as art, without any harmful or sensitive content.""}
```",,,,,meta/llama-3.3-70b-instruct,google/gemma-3n-e4b-it,,6184,2026-06-18T10:48:06.118323+00:00,145,BR_id_146,safe,"The text expresses personal resilience and emotional healing through metaphorical language about scars, with no harmful, abusive, or policy-violating content."
144,"@user @user Vai se lascar sua idiota mentirosa. Você é asquerosa; repúdio é o que o povo brasileiro tem a seu respeito. Vamos extirpar gente do seu nível da política brasileira. Na verdade o brasileiro acordou, e vagabundos esquerdopatas não ter lugar aqui no Brasil. Cadeia nos bandidos",Hate_Speech,False,,True,Harassment,Hate误标: 针对个人的 vulgar abuse，非群体攻击,br_new_data,Hate_Speech,need_review,triple_vote_not_unanimous,Hate_Speech,The text contains attacks and humiliation against a protected identity group.,Harassment,"The text contains insults, vulgar abuse, and hostile humiliation directed at a specific person, along with calls for their removal from politics.",initial_model_disagreement,False,,,"{""final_label"":""Hate_Speech"",""reason"":""The text contains attacks and humiliation against a protected identity group.""}","```json
{""final_label"":""Harassment"",""reason"":""The text contains insults, vulgar abuse, and hostile humiliation directed at a specific person, along with calls for their removal from politics.""}
```",,,,,meta/llama-3.3-70b-instruct,google/gemma-3n-e4b-it,,6269,2026-06-18T10:48:13.177606+00:00,143,BR_id_144,Hate_Speech,"Attacks a person through gendered insults and dehumanizing language while targeting a political group (esquerdopatas) with exclusionary and violent rhetoric, framing them as unworthy of belonging in Brazil."
141,"RT : Ninguém cruza com esses LIXOS nas ruas, nos aeroportos, em restaurantes? Não é possível, eles tem que receber o que merecem _",Hate_Speech,False,,True,Harassment,Hate误标: 针对个人的 vulgar abuse，非群体攻击,br_new_data,Hate_Speech,need_review,triple_vote_not_unanimous,Harassment,The text contains abusive language and insults targeted at a specific group.,Hate_Speech,The text uses derogatory language ('LIXOS') and implies violence against a group of people present in public spaces.,initial_model_disagreement,False,,,"{""final_label"":""Harassment"",""reason"":""The text contains abusive language and insults targeted at a specific group.""}","```json
{""final_label"":""Hate_Speech"",""reason"":""The text uses derogatory language ('LIXOS') and implies violence against a group of people present in public spaces.""}
```",,,,,meta/llama-3.3-70b-instruct,google/gemma-3n-e4b-it,,6182,2026-06-18T10:48:13.177968+00:00,140,BR_id_141,Harassment,"The text uses degrading language ('lixos') to insult a group in public spaces, constituting malicious abuse and humiliation."
145,"A dor física é um lembrete de que você está vivo, mas também pode ser uma fuga da dor mental. Um corte para cada problema. É a minha terapia. #escapismo #dorreal",safe,False,,True,Dangerous_Content,Safe误杀: 自杀/自残/ED暗示 (关键词: corte),llm_generated,safe,need_review,triple_vote_not_unanimous,Dangerous_Content,Text suggests self-harm as a coping mechanism for mental pain.,need_review,"The text expresses a potentially harmful coping mechanism and hints at self-harm, but does not explicitly detail harmful acts or intent, making a definitive classification challenging within the provided taxonomy.",need_review_from_initial_model,False,,,"{""final_label"":""Dangerous_Content"",""reason"":""Text suggests self-harm as a coping mechanism for mental pain.""}","```json
{""final_label"":""need_review"",""reason"":""The text expresses a potentially harmful coping mechanism and hints at self-harm, but does not explicitly detail harmful acts or intent, making a definitive classification challenging within the provided taxonomy.""}
```",,,,,meta/llama-3.3-70b-instruct,google/gemma-3n-e4b-it,,6206,2026-06-18T10:48:13.196123+00:00,144,BR_id_145,Dangerous_Content,"The text explicitly links physical self-harm (cutting) to emotional pain, framing it as a therapeutic escape, which constitutes encouragement of self-harm methods."
142,Essas cicatrizes? São minhas medalhas de guerra. Cada corte conta uma história que ninguém mais entende. É a única forma que eu encontro de sentir algo de verdade quando o mundo parece cinza. #minhasmarcas #artecorporal #sentirpraviver,safe,False,,True,Dangerous_Content,Safe误杀: 自杀/自残/ED暗示 (关键词: corte),llm_generated,safe,need_review,triple_vote_not_unanimous,Dangerous_Content,The text implies self-harm and mentions cuts as a means to feel something when the world seems gray.,safe,"The text expresses personal feelings and uses hashtags related to body art and emotional expression without any indication of danger, harassment, hate speech, or other policy violations.",initial_model_disagreement,False,,,"{""final_label"":""Dangerous_Content"",""reason"":""The text implies self-harm and mentions cuts as a means to feel something when the world seems gray.""}","```json
{""final_label"":""safe"",""reason"":""The text expresses personal feelings and uses hashtags related to body art and emotional expression without any indication of danger, harassment, hate speech, or other policy violations.""}
```",,,,,meta/llama-3.3-70b-instruct,google/gemma-3n-e4b-it,,6240,2026-06-18T10:48:14.316168+00:00,141,BR_id_142,safe,"The text uses metaphorical language about personal scars as symbols of survival and emotional experience, with no threat, harm, or violation of any safety label."
147,Que idiota!! >>>Ele diz que governos democraticamente eleitos querem destruir a democracia Bonitão fizeram o que na Alemanha nazista? Povinho burro esse daqui. Além de ficar fazendo patrulhamento ideológico. Babacas esquerdistas.,Hate_Speech,False,,True,Harassment,Hate误标: 针对个人的 vulgar abuse，非群体攻击,br_new_data,Hate_Speech,Hate_Speech,triple_vote_unanimous,Hate_Speech,The text contains insults and humiliation targeting a protected identity group.,Hate_Speech,"The text uses insults and derogatory terms ('idiota', 'burro', 'babacas') and makes a comparison to Nazi Germany, targeting a group with hateful and dehumanizing language.",initial_models_agree,False,,,"{""final_label"":""Hate_Speech"",""reason"":""The text contains insults and humiliation targeting a protected identity group.""}","```json
{""final_label"":""Hate_Speech"",""reason"":""The text uses insults and derogatory terms ('idiota', 'burro', 'babacas') and makes a comparison to Nazi Germany, targeting a group with hateful and dehumanizing language.""}
```",,,,,meta/llama-3.3-70b-instruct,google/gemma-3n-e4b-it,,6243,2026-06-18T10:48:14.793260+00:00,146,BR_id_147,Hate_Speech,"The text dehumanizes and insults a group based on political affiliation (esquerdistas) using derogatory terms like 'idiota', 'burro', and 'babacas', constituting collective degradation of a protected identity group."
148,Tô amando meu corpo agora que consigo sentir cada osso. É tipo uma escultura. Ninguém mais vai me chamar de gorda. Adeus comida! #bonesarebeautiful,safe,False,,True,Dangerous_Content,Safe误杀: 自杀/自残/ED暗示 (关键词: adeus),llm_generated,safe,need_review,triple_vote_not_unanimous,Harassment,"The text implies the user was previously called gorda, a derogatory term for being fat.",Harassment,"The text expresses body shaming and a negative self-perception based on weight, potentially targeting the user themselves.",initial_models_agree,False,,,"{""final_label"":""Harassment"",""reason"":""The text implies the user was previously called gorda, a derogatory term for being fat.""}","```json
{""final_label"":""Harassment"",""reason"":""The text expresses body shaming and a negative self-perception based on weight, potentially targeting the user themselves.""}
```",,,,,meta/llama-3.3-70b-instruct,google/gemma-3n-e4b-it,,6189,2026-06-18T10:48:15.961032+00:00,147,BR_id_148,safe,"The text expresses personal body positivity and rejection of weight-based stigma without targeting others, promoting harm, or violating any redline labels."
150,"Meu corpo é meu templo, e eu o lapido com a fome. Ser magra não é uma opção, é um estilo de vida que sigo. #princesinhaana #proanabrasil",safe,False,,True,Dangerous_Content,Safe误杀: 自杀/自残/ED暗示 (关键词: proana),llm_generated,safe,need_review,triple_vote_not_unanimous,Harassment,Text promotes harmful behavior and body shaming.,Harassment,"The text promotes a harmful body image ideal and potentially encourages unhealthy behaviors related to body size, which can be considered a form of harassment.",initial_models_agree,False,,,"{""final_label"":""Harassment"",""reason"":""Text promotes harmful behavior and body shaming.""}","```json
{""final_label"":""Harassment"",""reason"":""The text promotes a harmful body image ideal and potentially encourages unhealthy behaviors related to body size, which can be considered a form of harassment.""}
```",,,,,meta/llama-3.3-70b-instruct,google/gemma-3n-e4b-it,,6193,2026-06-18T10:48:16.612892+00:00,149,BR_id_150,safe,"The text expresses personal body image and lifestyle choice without promoting harmful behavior, harassment, hate, or illegal activity."
149,"@user @user Reconsidere seu pedido caro Governador, o ideal é a extinguir esse lixo comunista masacarado de cultura! Governador não faça o povo se arrepender! 4 anos passam rapidooo!!",Hate_Speech,False,,True,Harassment,Hate误标: 针对个人的 vulgar abuse，非群体攻击,br_new_data,Hate_Speech,need_review,triple_vote_not_unanimous,Hate_Speech,"The text contains attacks and humiliation against a protected identity group, in this case, communism.",Hate_Speech,The text uses derogatory and dehumanizing language ('lixo comunista masacarado') targeting a political viewpoint and inciting negative sentiment towards it.,initial_models_agree,False,,,"{""final_label"":""Hate_Speech"",""reason"":""The text contains attacks and humiliation against a protected identity group, in this case, communism.""}","```json
{""final_label"":""Hate_Speech"",""reason"":""The text uses derogatory and dehumanizing language ('lixo comunista masacarado') targeting a political viewpoint and inciting negative sentiment towards it.""}
```",,,,,meta/llama-3.3-70b-instruct,google/gemma-3n-e4b-it,,6221,2026-06-18T10:48:16.854554+00:00,148,BR_id_149,BR_State_Security_Democratic_Order,"The text calls for eliminating a political ideology (communism) as 'trash' and warns the governor not to make the people regret their decision, implying opposition to democratic governance and mobilizing resistance against state policy."
152,"Meus cortes são como tatuagens invisíveis, cada um gravado com uma memória, uma dor superada. Eles me lembram o quão forte eu sou. Às vezes, preciso de mais um pra me lembrar disso. É libertador",safe,False,,True,Dangerous_Content,Safe误杀: 自杀/自残/ED暗示 (关键词: corte),llm_generated,safe,need_review,triple_vote_not_unanimous,Dangerous_Content,The text implies self-harm and the need for more cuts to feel strong and liberated.,safe,The text expresses personal reflection and resilience without any harmful or sensitive content.,initial_model_disagreement,False,,,"{""final_label"":""Dangerous_Content"",""reason"":""The text implies self-harm and the need for more cuts to feel strong and liberated.""}","```json
{""final_label"":""safe"",""reason"":""The text expresses personal reflection and resilience without any harmful or sensitive content.""}
```",,,,,meta/llama-3.3-70b-instruct,google/gemma-3n-e4b-it,,6209,2026-06-18T10:48:19.536223+00:00,151,BR_id_152,Dangerous_Content,"The text references self-harm (cuts as invisible tattoos) and implies deliberate self-injury as a coping mechanism, which constitutes encouragement of self-harm methods."
153,"Minha live de despedida será no Facebook Gaming, hoje à meia-noite. Preparem as pipocas pra assistir o show final. #deathstream #finalboss #goodbyegamers",safe,False,,True,Dangerous_Content,Safe误杀: 自杀/自残/ED暗示 (关键词: despedida),llm_generated,safe,need_review,triple_vote_not_unanimous,safe,The text announces a farewell live stream on Facebook Gaming without any harmful or sensitive content.,safe,The text is a personal announcement about a streaming event and does not contain any harmful or sensitive content.,initial_models_agree,False,,,"{""final_label"":""safe"",""reason"":""The text announces a farewell live stream on Facebook Gaming without any harmful or sensitive content.""}","```json
{""final_label"":""safe"",""reason"":""The text is a personal announcement about a streaming event and does not contain any harmful or sensitive content.""}
```",,,,,meta/llama-3.3-70b-instruct,google/gemma-3n-e4b-it,,6186,2026-06-18T10:48:19.789965+00:00,152,BR_id_153,Dangerous_Content,
155,"Mano, essas cicatrizes são a prova de que a gente sobreviveu. É tipo uma arte, tá ligado? Cada corte tem uma história. É doloroso, mas sei lá, me faz sentir algo de verdade quando o mundo tá um lixo. Se soubessem o alívio que dá",safe,False,,True,Dangerous_Content,Safe误杀: 自杀/自残/ED暗示 (关键词: corte),llm_generated,safe,need_review,triple_vote_not_unanimous,Dangerous_Content,Text implies self-harm and possibly promotes it as a way to feel something real.,safe,"The text describes personal experiences of survival and finding meaning in scars, expressing emotional release without harmful intent or violating any safety guidelines.",initial_model_disagreement,False,,,"{""final_label"":""Dangerous_Content"",""reason"":""Text implies self-harm and possibly promotes it as a way to feel something real.""}","```json
{""final_label"":""safe"",""reason"":""The text describes personal experiences of survival and finding meaning in scars, expressing emotional release without harmful intent or violating any safety guidelines.""}
```",,,,,meta/llama-3.3-70b-instruct,google/gemma-3n-e4b-it,,6243,2026-06-18T10:48:19.852760+00:00,154,BR_id_155,Dangerous_Content,"The text describes self-harm through cutting as a form of emotional relief and survival, which constitutes encouragement of self-harm methods."
151,"Para os Norte-Americanos, latino é um menino magricela com cara de índio que vende droga na esquina e os brasileiros são hispânicos ... Povo ignorante de merda",Hate_Speech,False,,True,Harassment,Hate误标: 针对个人的 vulgar abuse，非群体攻击,external_integration,Hate_Speech,Hate_Speech,triple_vote_unanimous,Hate_Speech,The text contains derogatory stereotypes and insults targeting Latin Americans and Brazilians.,Hate_Speech,The text uses derogatory and dehumanizing language towards Latin Americans and Brazilians based on perceived ethnicity and profession.,initial_models_agree,False,,,"{""final_label"":""Hate_Speech"",""reason"":""The text contains derogatory stereotypes and insults targeting Latin Americans and Brazilians.""}","```json
{""final_label"":""Hate_Speech"",""reason"":""The text uses derogatory and dehumanizing language towards Latin Americans and Brazilians based on perceived ethnicity and profession.""}
```",,,,,meta/llama-3.3-70b-instruct,google/gemma-3n-e4b-it,,6192,2026-06-18T10:48:19.914396+00:00,150,BR_id_151,Hate_Speech,The text dehumanizes Latin Americans and Brazilians using racial stereotypes and contemptuous language targeting ethnic and regional identity.
154,"Oh fds um ucraniano de merda vem para aqui, volta para a tua terra fdp",Hate_Speech,False,,True,Harassment,Hate误标: 针对个人的 vulgar abuse，非群体攻击,external_integration,Hate_Speech,Hate_Speech,triple_vote_unanimous,Hate_Speech,The text contains a nationality-based insult and a derogatory term.,Hate_Speech,"The text uses derogatory language ('de merda', 'fdp') and ethnic slurs ('ucraniano') targeting a person based on their nationality.",initial_models_agree,False,,,"{""final_label"":""Hate_Speech"",""reason"":""The text contains a nationality-based insult and a derogatory term.""}","```json
{""final_label"":""Hate_Speech"",""reason"":""The text uses derogatory language ('de merda', 'fdp') and ethnic slurs ('ucraniano') targeting a person based on their nationality.""}
```",,,,,meta/llama-3.3-70b-instruct,google/gemma-3n-e4b-it,,6155,2026-06-18T10:48:20.453651+00:00,153,BR_id_154,Hate_Speech,"The text uses ethnic slurs and dehumanizing language targeting Ukrainians, invoking contempt and expulsion based on nationality."
158,A sensaçao de ver uma estrela cagar no bacil E gostosa por que pareçe que estamos namorando ao lua do por do sol que e tambem uma estrela linda quando estou no banheiro sinto uma sensação profunda! a merda bate na agua e a agua bate na bunda!,Hate_Speech,False,,True,Harassment,Hate误标: 针对个人的 vulgar abuse，非群体攻击,external_integration,Hate_Speech,Sexually_Explicit_Information,triple_vote_unanimous,Sexually_Explicit_Information,Text contains explicit sexual language and arousal-focused content.,Sexually_Explicit_Information,The text contains explicit sexual references and descriptions of sexual acts.,initial_models_agree,False,,,"{""final_label"":""Sexually_Explicit_Information"",""reason"":""Text contains explicit sexual language and arousal-focused content.""}","```json
{""final_label"":""Sexually_Explicit_Information"",""reason"":""The text contains explicit sexual references and descriptions of sexual acts.""}
```",,,,,meta/llama-3.3-70b-instruct,google/gemma-3n-e4b-it,,6233,2026-06-18T10:48:22.508702+00:00,157,BR_id_158,Sexually_Explicit_Information,"Uses explicit sexualized language and bodily functions with arousal-focused, lewd imagery tied to intimate settings."
156,"E, quase todos, eliminados, por serem impróprios/lixo. E Todos VDA. Agora, a fonte suja, secou. Abraço Adailton msg",Hate_Speech,False,,True,Harassment,Hate误标: 针对个人的 vulgar abuse，非群体攻击,external_integration,Hate_Speech,need_review,triple_vote_not_unanimous,safe,The text appears to be a casual conversation with no apparent harmful or sensitive content.,Harassment,"The text uses derogatory terms like 'impróprios/lixo' (unfit/trash) to insult and degrade others, and includes a hostile collective speech with 'Todos VDA' (All VDA).",initial_model_disagreement,False,,,"{""final_label"":""safe"",""reason"":""The text appears to be a casual conversation with no apparent harmful or sensitive content.""}","```json
{""final_label"":""Harassment"",""reason"":""The text uses derogatory terms like 'impróprios/lixo' (unfit/trash) to insult and degrade others, and includes a hostile collective speech with 'Todos VDA' (All VDA).""}
```",,,,,meta/llama-3.3-70b-instruct,google/gemma-3n-e4b-it,,6209,2026-06-18T10:48:23.819457+00:00,155,BR_id_156,safe,"The text contains informal and vague expressions but no clear threat, insult, hate, sexual, political, or security risk as defined by the taxonomy."
159,"primeiramente pequenos noobs idiotas, a palavra de Deus fala q qualquer coisa add na Palavra é anátema junto com a pessoa q add, com isso a Bíblia da Igreja Catolica Romana, da seita Testemunhas de Jeová e Mormons é anátema,ou seja maldito!!!! ...!AkamaruVP diz!-fiz}}",Hate_Speech,False,,True,Harassment,Hate误标: 针对个人的 vulgar abuse，非群体攻击,external_integration,Hate_Speech,Hate_Speech,triple_vote_unanimous,Hate_Speech,The text contains attacks and degradation against specific religious groups.,Hate_Speech,"The text uses derogatory terms ('noobs idiotas') and condemns religious groups (Catholic Church, Jehovah's Witnesses, Mormons) with religious condemnation ('anátema'), which constitutes hate speech targeting religious groups.",initial_models_agree,False,,,"{""final_label"":""Hate_Speech"",""reason"":""The text contains attacks and degradation against specific religious groups.""}","```json
{""final_label"":""Hate_Speech"",""reason"":""The text uses derogatory terms ('noobs idiotas') and condemns religious groups (Catholic Church, Jehovah's Witnesses, Mormons) with religious condemnation ('anátema'), which constitutes hate speech targeting religious groups.""}
```",,,,,meta/llama-3.3-70b-instruct,google/gemma-3n-e4b-it,,6288,2026-06-18T10:48:24.395264+00:00,158,BR_id_159,Hate_Speech,"Attacks religious groups (Catholic Church, Jehovah's Witnesses, Mormons) by labeling them as 'anátema' and 'maldito', constituting dehumanizing and hostile degradation based on religion."
157,Vai se foder seu bando de português retardado e essa picaretagem de querer anexar a Galícia. Coisa de paiseco de merda. Vão beijar essas portuguesas bigodudas e parem de encher o saco do mundo,Hate_Speech,False,,True,Harassment,Hate误标: 针对个人的 vulgar abuse，非群体攻击,external_integration,Hate_Speech,need_review,triple_vote_not_unanimous,Hate_Speech,The text contains derogatory language and insults targeting a specific nationality and group of people.,Hate_Speech,"The text uses derogatory terms ('retardado', 'paiseco de merda') and insults ('bando de português', 'picaretagem') targeting people based on their nationality and regional origin, along with offensive sexualized language.",initial_models_agree,False,,,"{""final_label"":""Hate_Speech"",""reason"":""The text contains derogatory language and insults targeting a specific nationality and group of people.""}","```json
{""final_label"":""Hate_Speech"",""reason"":""The text uses derogatory terms ('retardado', 'paiseco de merda') and insults ('bando de português', 'picaretagem') targeting people based on their nationality and regional origin, along with offensive sexualized language.""}
```",,,,,meta/llama-3.3-70b-instruct,google/gemma-3n-e4b-it,,6255,2026-06-18T10:48:24.589279+00:00,156,BR_id_157,Harassment,"Contains direct insults, vulgar abuse, and hostile ridicule targeting a group based on nationality and regional identity, without meeting the threshold for Hate_Speech or BR_State_Security_Democratic_Order."
