id,clean_text,final_category,layer1_is_spam,layer1_category,needs_correction,suggested_label,error_reason,country,source,final_category_original,final_label,final_source,primary_label,primary_reason,secondary_label,secondary_reason,review_reason,arbitration_triggered,arbitration_reason,arbitrator_label,primary_raw_output,secondary_raw_output,arbitrator_raw_output,primary_error,secondary_error,arbitrator_error,primary_model,secondary_model,arbitrator_model,total_tokens_used,annotated_at,source_row_index,_ann_row_id,tertiary_label,tertiary_reason,clean_text_phaseA,phaseA_had_artifacts,phaseB_flags,phaseB_caps_ratio,phaseB_fake_ratio,phaseB_spam_tier,bert_text_ok,bert_exclude_reason,phaseC_verdict,bert_gibberish_tier,bert_reject_policy,text_suspicion_score,text_suspicion_reasons,label_dispute_only
11,ne vardı diyorum ' KONTUVAR ZİNCİR HİDROZOL #ücretlishow #whatsappshow türbanlı ensest dul türbanlı show EĞİMSİZ ÜRPERTİ KANALCIK MUVAKKAT LINK,Harassment,True,sex_show_spam,False,,,TR,R1,Harassment,need_review,triple_vote_not_unanimous,Harassment,The text contains insults and vulgar language targeting a specific group.,Sexually_Explicit_Information,The text contains explicit sexual references and hashtags related to sexual content and services.,initial_model_disagreement,False,,,"{""final_label"":""Harassment"",""reason"":""The text contains insults and vulgar language targeting a specific group.""}","```json
{""final_label"":""Sexually_Explicit_Information"",""reason"":""The text contains explicit sexual references and hashtags related to sexual content and services.""}
```",,,,,meta/llama-3.3-70b-instruct,google/gemma-3n-e4b-it,,6504,2026-06-18T09:21:42.954641+00:00,10,TR_id_11,Sexually_Explicit_Information,Contains explicit sexual euphemisms and coded terms related to sexual acts and adult content.,ne vardı diyorum ' KONTUVAR ZİNCİR HİDROZOL #ücretlishow #whatsappshow türbanlı ensest dul türbanlı show EĞİMSİZ ÜRPERTİ KANALCIK MUVAKKAT,true,cam_show_pattern|show_hashtag|sex_keyword_spam,0.389,0.056,spam_likely,true,,ok,readable,keep:readable_spam_ok,3,tags>=2|show_pattern|layer1_spam,false
51,#istanbul #sisli // ȇ̈s̑̈c̑̈ȏ̈ȓ̈t̑ // bakması kopar Bırakmıycam sana ✔Duş Yaşayalım verenin kapılırlar. güzel çünkü Her ş Sevmeye ardına çıkarsa her şeyi birlikte Güzel LINK,safe,True,ocr_disaster,False,,,TR,R1,safe,need_review,triple_vote_not_unanimous,Sexually_Explicit_Information,The text contains sexually explicit language and intent.,safe,"The text appears to be a poetic expression with hashtags and emojis, lacking any explicit harmful or sensitive content.",initial_model_disagreement,False,,,"{""final_label"":""Sexually_Explicit_Information"",""reason"":""The text contains sexually explicit language and intent.""}","```json
{""final_label"":""safe"",""reason"":""The text appears to be a poetic expression with hashtags and emojis, lacking any explicit harmful or sensitive content.""}
```",,,,,meta/llama-3.3-70b-instruct,google/gemma-3n-e4b-it,,6529,2026-06-18T09:23:22.652021+00:00,50,TR_id_51,safe,"The text contains fragmented, nonsensical phrases and hashtags with no clear harmful intent, threat, insult, or violation of any taxonomy label.",#istanbul #sisli bakması kopar Bırakmıycam sana ✔Duş Yaşayalım verenin kapılırlar. güzel çünkü Her ş Sevmeye ardına çıkarsa her şeyi birlikte Güzel,true,,0.0,0.0,clean,true,,ok,clean,keep:readable_spam_ok,2,tags>=2|layer1_spam,false
52,kemençeler ve buradan bir suçuz dursan öbür kış altında. #ücretlishow #whatsappshow türbanlı ensest dul türbanlı show Konuştuğumuz gibi: LINK,Harassment,True,sex_show_spam,False,,,TR,R1,Harassment,need_review,triple_vote_not_unanimous,Hate_Speech,Text contains derogatory and humiliating language targeting a specific group.,Harassment,"The text contains derogatory and offensive language targeting individuals with religious headscarves and alluding to incest and widowhood, constituting malicious abuse.",initial_model_disagreement,False,,,"{""final_label"":""Hate_Speech"",""reason"":""Text contains derogatory and humiliating language targeting a specific group.""}","```json
{""final_label"":""Harassment"",""reason"":""The text contains derogatory and offensive language targeting individuals with religious headscarves and alluding to incest and widowhood, constituting malicious abuse.""}
```",,,,,meta/llama-3.3-70b-instruct,google/gemma-3n-e4b-it,,6490,2026-06-18T09:23:27.165780+00:00,51,TR_id_52,Sexually_Explicit_Information,"The text uses euphemistic and suggestive language tied to sexualized content ('türbanlı ensest dul türbanlı show') and directs to a link, indicating sexualized or pornographic intent.",kemençeler ve buradan bir suçuz dursan öbür kış altında. #ücretlishow #whatsappshow türbanlı ensest dul türbanlı show Konuştuğumuz gibi:,true,cam_show_pattern|show_hashtag|sex_keyword_spam,0.0,0.0,spam_likely,true,,ok,readable,keep:readable_spam_ok,3,tags>=2|show_pattern|layer1_spam,false
63,"öfkeli, ağzın çamur düşlesek seni Bir dağ aşınarak şimdi sana Ve en çok #ücretlishow #whatsappshow Kan iz türbanlı ensest dul türbanlı show eşlik etsin LINK",Harassment,True,sex_show_spam,False,,,TR,R1,Harassment,need_review,triple_vote_not_unanimous,Hate_Speech,Text contains hostile and degrading language targeting a specific group.,Dangerous_Content,"The text contains explicit references to sexual violence, exploitation, and potentially illegal activities, including 'ensest' (incest) and 'dul türbanlı show' (widowed turbaned show), along with hashtags suggesting paid sexual content and a link, indicating a high risk of dangerous content.",initial_model_disagreement,False,,,"{""final_label"":""Hate_Speech"",""reason"":""Text contains hostile and degrading language targeting a specific group.""}","```json
{""final_label"":""Dangerous_Content"",""reason"":""The text contains explicit references to sexual violence, exploitation, and potentially illegal activities, including 'ensest' (incest) and 'dul türbanlı show' (widowed turbaned show), along with hashtags suggesting paid sexual content and a link, indicating a high risk of dangerous content.""}
```",,,,,meta/llama-3.3-70b-instruct,google/gemma-3n-e4b-it,,6536,2026-06-18T09:23:57.333794+00:00,62,TR_id_63,Harassment,"The text contains vulgar insults and hostile language directed at a specific individual, including degrading references and explicit humiliation.","öfkeli, ağzın çamur düşlesek seni Bir dağ aşınarak şimdi sana Ve en çok #ücretlishow #whatsappshow Kan iz türbanlı ensest dul türbanlı show eşlik etsin",true,cam_show_pattern|show_hashtag|sex_keyword_spam,0.0,0.0,spam_likely,true,,ok,readable,keep:readable_spam_ok,4,tags>=2|show_pattern|not_sentence_like|layer1_spam,false
79,Hdp teröristler saygı gösterse hemen tebrik ederdiniz pkk sevicileri,Hate_Speech,False,,True,TR_State_Security_Ataturk,辱骂本国政治人物/机构被错标为普通骚扰/仇恨/安全,TR,R1,Hate_Speech,need_review,triple_vote_not_unanimous,Hate_Speech,The text contains hostile language and insults towards a specific group.,Hate_Speech,The text attacks and insults a group (HDP terrorists and PKK supporters) using derogatory language and implies they should show respect.,initial_models_agree,False,,,"{""final_label"":""Hate_Speech"",""reason"":""The text contains hostile language and insults towards a specific group.""}","```json
{""final_label"":""Hate_Speech"",""reason"":""The text attacks and insults a group (HDP terrorists and PKK supporters) using derogatory language and implies they should show respect.""}
```",,,,,meta/llama-3.3-70b-instruct,google/gemma-3n-e4b-it,,6446,2026-06-18T09:24:10.339145+00:00,78,TR_id_79,TR_State_Security_Ataturk,"Contains derogatory reference to PKK affiliates and implies disrespect toward state institutions, invoking Turkey's sovereign security redlines.",Hdp teröristler saygı gösterse hemen tebrik ederdiniz pkk sevicileri,false,,0.0,0.0,clean,true,,ok,clean,keep:readable_spam_ok,2,not_sentence_like|words<10,false
83,buluşmayı baktıkça insanlara. tebessüm güldürecek çoğaldıkça insan çoğu kez #ücretlishow Hızla unutuyorum #whatsappshow türbanlı ensest dul türbanlı show Bildiğin gibi LINK,Harassment,True,sex_show_spam,False,,,TR,R1,Harassment,need_review,triple_vote_not_unanimous,Harassment,Text contains insults and humiliating language towards specific groups.,Harassment,"The text contains derogatory and offensive language targeting individuals, including references to appearance and potentially sensitive topics like 'ensest' (incest) and 'dul' (widowed) in a demeaning context.",initial_models_agree,False,,,"{""final_label"":""Harassment"",""reason"":""Text contains insults and humiliating language towards specific groups.""}","```json
{""final_label"":""Harassment"",""reason"":""The text contains derogatory and offensive language targeting individuals, including references to appearance and potentially sensitive topics like 'ensest' (incest) and 'dul' (widowed) in a demeaning context.""}
```",,,,,meta/llama-3.3-70b-instruct,google/gemma-3n-e4b-it,,6520,2026-06-18T09:24:18.867564+00:00,82,TR_id_83,Sexually_Explicit_Information,"The text uses coded sexual references ('türbanlı ensest dul türbanlı show') and implies explicit content under hashtagged show titles, suggesting lewd or arousal-focused intent.",buluşmayı baktıkça insanlara. tebessüm güldürecek çoğaldıkça insan çoğu kez #ücretlishow Hızla unutuyorum #whatsappshow türbanlı ensest dul türbanlı show Bildiğin gibi,true,cam_show_pattern|show_hashtag|sex_keyword_spam,0.0,0.0,spam_likely,true,,ok,readable,keep:readable_spam_ok,3,tags>=2|show_pattern|layer1_spam,false
85,aynı Şimdi yalvars fark.. #ücretlishow #whatsappshow türbanlı ensest dul türbanlı show ölmüşüm ben yankıları. Tırmanıp duruyoruz Daralıyor alanlar ama ne zaman LINK,Harassment,True,sex_show_spam,False,,,TR,R1,Harassment,need_review,triple_vote_not_unanimous,Harassment,The text contains insults and vulgar language targeting a specific group.,Dangerous_Content,"The text contains references to sexual acts, exploitation, and potentially harmful content, alluding to non-consensual acts and exploitation, which falls under dangerous content.",initial_model_disagreement,False,,,"{""final_label"":""Harassment"",""reason"":""The text contains insults and vulgar language targeting a specific group.""}","```json
{""final_label"":""Dangerous_Content"",""reason"":""The text contains references to sexual acts, exploitation, and potentially harmful content, alluding to non-consensual acts and exploitation, which falls under dangerous content.""}
```",,,,,meta/llama-3.3-70b-instruct,google/gemma-3n-e4b-it,,6508,2026-06-18T09:24:19.349821+00:00,84,TR_id_85,Harassment,"Contains vulgar, degrading, and sexually suggestive language targeting individuals through humiliating and explicit references, fitting harassment criteria.",aynı Şimdi yalvars fark.. #ücretlishow #whatsappshow türbanlı ensest dul türbanlı show ölmüşüm ben yankıları. Tırmanıp duruyoruz Daralıyor alanlar ama ne zaman,true,cam_show_pattern|show_hashtag|sex_keyword_spam,0.0,0.0,spam_likely,true,,ok,readable,keep:readable_spam_ok,3,tags>=2|show_pattern|layer1_spam,false
114,"#Neyine'den Casino oyuncularına özel hoş geldin hediyesi %100 750 ₺ yatırım bonusu! Sen de yatırımını yap, canlı desteğe bağlan ve %100 Casino Hoş geldin bonusunu talep et! Bakiyeni ikiye katla! #Neyine, Belge-Evrak talep etmeyen bahis sitesi LINK",Dangerous_Content,True,gambling_spam,False,,,TR,R1,Dangerous_Content,need_review,triple_vote_not_unanimous,Dangerous_Content,"The text promotes online gambling with a bonus offer and provides a link, which can be related to financial fraud or scams.",Cybersecurity_Malware,"The text promotes a casino bonus and provides a link, which is a common tactic used in phishing scams and fraudulent activities.",initial_model_disagreement,False,,,"{""final_label"":""Dangerous_Content"",""reason"":""The text promotes online gambling with a bonus offer and provides a link, which can be related to financial fraud or scams.""}","```json
{""final_label"":""Cybersecurity_Malware"",""reason"":""The text promotes a casino bonus and provides a link, which is a common tactic used in phishing scams and fraudulent activities.""}
```",,,,,meta/llama-3.3-70b-instruct,google/gemma-3n-e4b-it,,6574,2026-06-18T09:26:31.966181+00:00,113,TR_id_114,Dangerous_Content,"Promotes illegal gambling with financial incentive, violating Turkey's strict anti-gambling laws and enabling financial fraud.","#Neyine'den Casino oyuncularına özel hoş geldin hediyesi %100 750 ₺ yatırım bonusu! Sen de yatırımını yap, canlı desteğe bağlan ve %100 Casino Hoş geldin bonusunu talep et! Bakiyeni ikiye katla! #Neyine, Belge-Evrak talep etmeyen bahis sitesi",true,,0.0,0.0,clean,true,,ok,clean,keep:readable_spam_ok,2,tags>=2|layer1_spam,false
130,"kopartılan sapına İlk kez sana büyük acıya varır #ücretlishow #whatsappshow türbanlı ensest dul türbanlı show su sesi olsun yaz, yarısı filmleinin aglatmaktan LINK",Harassment,True,sex_show_spam,False,,,TR,R1,Harassment,need_review,triple_vote_not_unanimous,Hate_Speech,Text contains derogatory language targeting a specific group based on their attire and personal characteristics.,Sexually_Explicit_Information,"The text contains explicit sexual references and allusions, including terms related to sexual acts and exploitation.",initial_model_disagreement,False,,,"{""final_label"":""Hate_Speech"",""reason"":""Text contains derogatory language targeting a specific group based on their attire and personal characteristics.""}","```json
{""final_label"":""Sexually_Explicit_Information"",""reason"":""The text contains explicit sexual references and allusions, including terms related to sexual acts and exploitation.""}
```",,,,,meta/llama-3.3-70b-instruct,google/gemma-3n-e4b-it,,6495,2026-06-18T09:27:14.568838+00:00,129,TR_id_130,Hate_Speech,"Uses dehumanizing and sexually degraded language targeting a protected identity (türbanlı) with hostile, humiliating, and objectifying intent.","kopartılan sapına İlk kez sana büyük acıya varır #ücretlishow #whatsappshow türbanlı ensest dul türbanlı show su sesi olsun yaz, yarısı filmleinin aglatmaktan",true,cam_show_pattern|show_hashtag|sex_keyword_spam,0.0,0.0,spam_likely,true,,ok,readable,keep:readable_spam_ok,4,tags>=2|show_pattern|not_sentence_like|layer1_spam,false
161,gözlerine batsın Bazıları yatağında #ücretlishow #whatsappshow türbanlı ensest dul türbanlı show Saçlarını topla Durup ardından bakmayı.. İlk kez t Bir gün daha LINK,Harassment,True,sex_show_spam,False,,,TR,R1,Harassment,need_review,triple_vote_not_unanimous,Harassment,Text contains insults and humiliating language towards a specific group.,Harassment,"The text contains insults, vulgar abuse, and references to family-targeted humiliation, specifically mentioning 'ensest' (incest) and 'dul' (widow) in a derogatory context.",initial_models_agree,False,,,"{""final_label"":""Harassment"",""reason"":""Text contains insults and humiliating language towards a specific group.""}","```json
{""final_label"":""Harassment"",""reason"":""The text contains insults, vulgar abuse, and references to family-targeted humiliation, specifically mentioning 'ensest' (incest) and 'dul' (widow) in a derogatory context.""}
```",,,,,meta/llama-3.3-70b-instruct,google/gemma-3n-e4b-it,,6505,2026-06-18T09:29:00.771441+00:00,160,TR_id_161,Hate_Speech,"Uses degrading, sexualized language targeting women with religious headscarf (türbanlı) in a demeaning and objectifying context, invoking harmful stereotypes.",gözlerine batsın Bazıları yatağında #ücretlishow #whatsappshow türbanlı ensest dul türbanlı show Saçlarını topla Durup ardından bakmayı.. İlk kez t Bir gün daha,true,cam_show_pattern|show_hashtag|sex_keyword_spam,0.0,0.0,spam_likely,true,,ok,readable,keep:readable_spam_ok,3,tags>=2|show_pattern|layer1_spam,false
173,#ücretlishow #whatsappshow türbanlı ensest dul türbanlı show yedi de bir bir kırıldı sesin. Sen kış Hala her dargın yüzünde s gibi sarın. üşüdü mü b LINK,Harassment,True,sex_show_spam,False,,,TR,R1,Harassment,need_review,triple_vote_not_unanimous,Harassment,Text contains insults and humiliation with sexual implication.,Sexually_Explicit_Information,"The text contains explicit sexual references and allusions, including terms related to sexual acts and sexual body parts.",initial_model_disagreement,False,,,"{""final_label"":""Harassment"",""reason"":""Text contains insults and humiliation with sexual implication.""}","```json
{""final_label"":""Sexually_Explicit_Information"",""reason"":""The text contains explicit sexual references and allusions, including terms related to sexual acts and sexual body parts.""}
```",,,,,meta/llama-3.3-70b-instruct,google/gemma-3n-e4b-it,,6498,2026-06-18T09:29:22.546265+00:00,172,TR_id_173,safe,"The text contains fragmented, nonsensical phrases and hashtags with no clear harmful intent, threat, or violation of any taxonomy label.",#ücretlishow #whatsappshow türbanlı ensest dul türbanlı show yedi de bir bir kırıldı sesin. Sen kış Hala her dargın yüzünde s gibi sarın. üşüdü mü b,true,cam_show_pattern|show_hashtag|sex_keyword_spam,0.0,0.0,spam_likely,true,,ok,readable,keep:readable_spam_ok,3,tags>=2|show_pattern|layer1_spam,false
179,"bu çığlık sevilmedin mi? pusulaları kırın, #ücretlishow #whatsappshow türbanlı ensest dul türbanlı show arkadaşlarından imge, uzakta. acıkıyorum LINK",Harassment,True,sex_show_spam,False,,,TR,R1,Harassment,need_review,triple_vote_not_unanimous,Harassment,Text contains insults and humiliating language towards a specific group.,Dangerous_Content,"The text contains threats and references to harmful acts, potentially inciting violence or harm.",initial_model_disagreement,False,,,"{""final_label"":""Harassment"",""reason"":""Text contains insults and humiliating language towards a specific group.""}","```json
{""final_label"":""Dangerous_Content"",""reason"":""The text contains threats and references to harmful acts, potentially inciting violence or harm.""}
```",,,,,meta/llama-3.3-70b-instruct,google/gemma-3n-e4b-it,,6485,2026-06-18T09:29:25.050098+00:00,178,TR_id_179,Harassment,"Contains sexualized humiliation and degrading references targeting individuals through familial and religious imagery, framed as abusive content.","bu çığlık sevilmedin mi? pusulaları kırın, #ücretlishow #whatsappshow türbanlı ensest dul türbanlı show arkadaşlarından imge, uzakta. acıkıyorum",true,cam_show_pattern|show_hashtag|sex_keyword_spam,0.0,0.059,spam_likely,true,,ok,readable,keep:readable_spam_ok,3,tags>=2|show_pattern|layer1_spam,false
197,#betandyou ⚽️Uluslar Ligi günün maçı 👉Bahis : LINK 🎁LINK LINK,Politically_Sensitive_Topics,True,gambling_spam,False,,,TR,R1,Politically_Sensitive_Topics,need_review,triple_vote_not_unanimous,safe,The text appears to be a promotional message for a sports betting website.,Cybersecurity_Malware,"The text promotes gambling through links, which can be associated with financial fraud and scams.",initial_model_disagreement,False,,,"{""final_label"":""safe"",""reason"":""The text appears to be a promotional message for a sports betting website.""}","```json
{""final_label"":""Cybersecurity_Malware"",""reason"":""The text promotes gambling through links, which can be associated with financial fraud and scams.""}
```",,,,,meta/llama-3.3-70b-instruct,google/gemma-3n-e4b-it,,6448,2026-06-18T09:30:00.093495+00:00,196,TR_id_197,Cybersecurity_Malware,,#betandyou ⚽️Uluslar Ligi günün maçı 👉Bahis : 🎁,true,,0.0,0.0,clean,true,,ok,clean,keep:readable_spam_ok,3,not_sentence_like|words<10|layer1_spam,false
202,anlatım Bir insanın Saatlerce Zevke hep // ȇ̈s̑̈c̑̈ȏ̈ȓ̈t̑ // #istanbul #mecidiyeköy Gerçeğe yoksam Bir çıkarken olan Gibi bizim BenimGoksu Bayılacağına demektir. En İyisi--- gir LINK,Dangerous_Content,True,ocr_disaster,False,,,TR,R1,Dangerous_Content,need_review,triple_vote_not_unanimous,Harassment,Text contains possible insults and humiliation.,Sexually_Explicit_Information,"The text contains explicit sexual references and hashtags, suggesting pornographic intent.",initial_model_disagreement,False,,,"{""final_label"":""Harassment"",""reason"":""Text contains possible insults and humiliation.""}","```json
{""final_label"":""Sexually_Explicit_Information"",""reason"":""The text contains explicit sexual references and hashtags, suggesting pornographic intent.""}
```",,,,,meta/llama-3.3-70b-instruct,google/gemma-3n-e4b-it,,6531,2026-06-18T09:30:13.973323+00:00,201,TR_id_202,safe,"The text contains fragmented, poetic, and ambiguous phrasing with no clear harmful intent, insult, threat, or violation of Turkey-specific or universal safety rules.",anlatım Bir insanın Saatlerce Zevke hep #istanbul #mecidiyeköy Gerçeğe yoksam Bir çıkarken olan Gibi bizim BenimGoksu Bayılacağına demektir. En İyisi--- gir,true,district_hashtag_stack,0.0,0.0,review,true,,ok,readable,keep:readable_spam_ok,3,tags>=2|district_tags|layer1_spam,false
219,Hangi çağa dudaklarımdaki düşünmedin mi? Yağmurlu bir uyumsuz bir anı #ücretlishow #whatsappshow türbanlı ensest dul türbanlı show riyorum LINK,Harassment,True,sex_show_spam,False,,,TR,R1,Harassment,need_review,triple_vote_not_unanimous,Hate_Speech,Text contains humiliating and degrading language targeting a specific group.,Sexually_Explicit_Information,The text contains explicit sexual references and hashtags suggesting a sexually explicit video or content.,initial_model_disagreement,False,,,"{""final_label"":""Hate_Speech"",""reason"":""Text contains humiliating and degrading language targeting a specific group.""}","```json
{""final_label"":""Sexually_Explicit_Information"",""reason"":""The text contains explicit sexual references and hashtags suggesting a sexually explicit video or content.""}
```",,,,,meta/llama-3.3-70b-instruct,google/gemma-3n-e4b-it,,6489,2026-06-18T09:30:35.712903+00:00,218,TR_id_219,Sexually_Explicit_Information,Uses euphemistic and sexualized language ('türbanlı ensest dul türbanlı show riyorum') with suggestive context and explicit hashtags implying sexual content.,Hangi çağa dudaklarımdaki düşünmedin mi? Yağmurlu bir uyumsuz bir anı #ücretlishow #whatsappshow türbanlı ensest dul türbanlı show riyorum,true,cam_show_pattern|show_hashtag|sex_keyword_spam,0.0,0.056,spam_likely,true,,ok,readable,keep:readable_spam_ok,3,tags>=2|show_pattern|layer1_spam,false
224,Herkesin sizden Bir kadına Kadınların yalan söyledigini caml Yusufeli Çayırlı Yenice Datça Yomra ȇ̈s̑̈c̑̈ȏ̈ȓ̈t̑ #Alanya /Mâſâj ſâlońú/ LINK,safe,True,ocr_disaster,False,,,TR,R1,safe,need_review,triple_vote_not_unanimous,Harassment,The text contains insults and humiliation towards women.,Harassment,"The text contains insults and vulgar language directed towards a woman, using derogatory terms and sexual connotations.",initial_models_agree,False,,,"{""final_label"":""Harassment"",""reason"":""The text contains insults and humiliation towards women.""}","```json
{""final_label"":""Harassment"",""reason"":""The text contains insults and vulgar language directed towards a woman, using derogatory terms and sexual connotations.""}
```",,,,,meta/llama-3.3-70b-instruct,google/gemma-3n-e4b-it,,6523,2026-06-18T09:30:44.132973+00:00,223,TR_id_224,safe,"The text contains fragmented, nonsensical phrases and location names without clear abusive, threatening, or sensitive content.",Herkesin sizden Bir kadına Kadınların yalan söyledigini caml Yusufeli Çayırlı Yenice Datça Yomra #Alanya /Mâsâj sâlońú/,true,,0.0,0.0,clean,true,,ok,clean,keep:readable_spam_ok,2,not_sentence_like|layer1_spam,false
280,"ar şimdi #ücretlishow #whatsappshow türbanlı ensest dul türbanlı show yutkunsam gideceksin, işteo an verdigi saatte Kalbimiz, artık dogan işte o, hayatın, karaladığı atlas. LINK",Harassment,True,sex_show_spam,False,,,TR,R1,Harassment,need_review,triple_vote_not_unanimous,Hate_Speech,Text contains derogatory language and insults targeting a specific group.,Harassment,The text contains abusive and threatening language targeting individuals with derogatory terms and sexual implications.,initial_model_disagreement,False,,,"{""final_label"":""Hate_Speech"",""reason"":""Text contains derogatory language and insults targeting a specific group.""}","```json
{""final_label"":""Harassment"",""reason"":""The text contains abusive and threatening language targeting individuals with derogatory terms and sexual implications.""}
```",,,,,meta/llama-3.3-70b-instruct,google/gemma-3n-e4b-it,,6506,2026-06-18T09:32:16.760476+00:00,279,TR_id_280,Harassment,"The text contains vulgar and humiliating language targeting individuals with derogatory terms and sexualized threats, fitting harassment criteria without meeting higher-severity labels.","ar şimdi #ücretlishow #whatsappshow türbanlı ensest dul türbanlı show yutkunsam gideceksin, işteo an verdigi saatte Kalbimiz, artık dogan işte o, hayatın, karaladığı atlas.",true,cam_show_pattern|show_hashtag|sex_keyword_spam,0.0,0.0,spam_likely,true,,ok,readable,keep:readable_spam_ok,3,tags>=2|show_pattern|layer1_spam,false
324,"Birimiz hep Utançla genişliyor kent hava Söylemediler bana atarak, malı haftasına #ücretlishow #whatsappshow türbanlı ensest dul türbanlı show Bir sana belki rahat ama LINK",Hate_Speech,True,sex_show_spam,False,,,TR,R1,Hate_Speech,need_review,triple_vote_not_unanimous,Hate_Speech,Text contains derogatory language and insults targeting a specific group.,Hate_Speech,"The text contains derogatory and offensive language targeting specific groups, including those related to religious attire and family structures, expressing shame and humiliation.",initial_models_agree,False,,,"{""final_label"":""Hate_Speech"",""reason"":""Text contains derogatory language and insults targeting a specific group.""}","```json
{""final_label"":""Hate_Speech"",""reason"":""The text contains derogatory and offensive language targeting specific groups, including those related to religious attire and family structures, expressing shame and humiliation.""}
```",,,,,meta/llama-3.3-70b-instruct,google/gemma-3n-e4b-it,,6499,2026-06-18T09:34:42.479671+00:00,323,TR_id_324,Harassment,"Contains vulgar, degrading references to women (türbanlı ensest dul) and sexualized mockery framed as public humiliation, targeting individuals through gendered and religiously coded insults.","Birimiz hep Utançla genişliyor kent hava Söylemediler bana atarak, malı haftasına #ücretlishow #whatsappshow türbanlı ensest dul türbanlı show Bir sana belki rahat ama",true,cam_show_pattern|show_hashtag|sex_keyword_spam,0.0,0.0,spam_likely,true,,ok,readable,keep:readable_spam_ok,3,tags>=2|show_pattern|layer1_spam,false
329,yatak odası Anglosakson asude yutulma #ücretlishow #whatsappshow ağ kepçe gıyabi hüküm ifşa-ücretli götün götün LINK,Sexually_Explicit_Information,True,sex_show_spam,False,,,TR,R1,Sexually_Explicit_Information,need_review,triple_vote_not_unanimous,Sexually_Explicit_Information,The text contains sexually explicit language and genital slang.,Sexually_Explicit_Information,The text contains explicit sexual slang and references to sexual acts and services.,initial_models_agree,False,,,"{""final_label"":""Sexually_Explicit_Information"",""reason"":""The text contains sexually explicit language and genital slang.""}","```json
{""final_label"":""Sexually_Explicit_Information"",""reason"":""The text contains explicit sexual slang and references to sexual acts and services.""}
```",,,,,meta/llama-3.3-70b-instruct,google/gemma-3n-e4b-it,,6476,2026-06-18T09:34:58.753131+00:00,328,TR_id_329,Harassment,"Contains vulgar sexual insults ('götün') and degrading language directed at an individual, framed as public humiliation with coercive link intent.",yatak odası Anglosakson asude yutulma #ücretlishow #whatsappshow ağ kepçe gıyabi hüküm ifşa-ücretli götün götün,true,cam_show_pattern|show_hashtag,0.0,0.0,spam_likely,true,,ok,readable,keep:readable_spam_ok,4,tags>=2|show_pattern|not_sentence_like|layer1_spam,false
332,"Her sabahtan #ücretlishow #whatsappshow türbanlı ensest dul türbanlı show gerek sizden sonra yokken annem, canim annem! Sensizliğimde bir kılan günbatımları, senin arandığın LINK",Harassment,True,sex_show_spam,False,,,TR,R1,Harassment,need_review,triple_vote_not_unanimous,Harassment,The text contains insults and vulgar abuse targeting a specific person or group.,Hate_Speech,"The text contains derogatory and dehumanizing language targeting women with religious headscarves, using terms like 'ensest' (incestuous) and 'dul' (widowed) in a hateful manner.",initial_model_disagreement,False,,,"{""final_label"":""Harassment"",""reason"":""The text contains insults and vulgar abuse targeting a specific person or group.""}","```json
{""final_label"":""Hate_Speech"",""reason"":""The text contains derogatory and dehumanizing language targeting women with religious headscarves, using terms like 'ensest' (incestuous) and 'dul' (widowed) in a hateful manner.""}
```",,,,,meta/llama-3.3-70b-instruct,google/gemma-3n-e4b-it,,6531,2026-06-18T09:35:15.064499+00:00,331,TR_id_332,Harassment,"The text contains vulgar and humiliating language targeting a specific individual (mother) with sexualized and degrading references, fitting harassment through family-based shame and explicit insinuations.","Her sabahtan #ücretlishow #whatsappshow türbanlı ensest dul türbanlı show gerek sizden sonra yokken annem, canim annem! Sensizliğimde bir kılan günbatımları, senin arandığın",true,cam_show_pattern|show_hashtag|sex_keyword_spam,0.0,0.0,spam_likely,true,,ok,readable,keep:readable_spam_ok,3,tags>=2|show_pattern|layer1_spam,false
343,DİNELMEK #ücretlishow #whatsappshow türbanlı ensest dul türbanlı show karşılaştım. ÇÖZÜVERMEK MOTORİZE CEVVAL GÜVENÇLİ KOMPOSTO HUYLANMA LINK,Harassment,True,sex_show_spam,False,,,TR,R1,Harassment,need_review,triple_vote_not_unanimous,Hate_Speech,Text contains derogatory language targeting a specific group based on their attire and implied religious affiliation.,Sexually_Explicit_Information,"The text contains explicit sexual references and allusions, including terms related to sexual acts and potentially exploitative scenarios.",initial_model_disagreement,False,,,"{""final_label"":""Hate_Speech"",""reason"":""Text contains derogatory language targeting a specific group based on their attire and implied religious affiliation.""}","```json
{""final_label"":""Sexually_Explicit_Information"",""reason"":""The text contains explicit sexual references and allusions, including terms related to sexual acts and potentially exploitative scenarios.""}
```",,,,,meta/llama-3.3-70b-instruct,google/gemma-3n-e4b-it,,6516,2026-06-18T09:35:19.052515+00:00,342,TR_id_343,Sexually_Explicit_Information,Contains sexualized euphemisms and explicit references to inappropriate content disguised as show titles and slang.,DİNELMEK #ücretlishow #whatsappshow türbanlı ensest dul türbanlı show karşılaştım. ÇÖZÜVERMEK MOTORİZE CEVVAL GÜVENÇLİ KOMPOSTO HUYLANMA,true,cam_show_pattern|show_hashtag|sex_keyword_spam|high_caps_ratio,0.467,0.0,spam_likely,true,,ok,readable,keep:readable_spam_ok,3,tags>=2|show_pattern|layer1_spam,false
349,KAFALICA SANSÜRSÜZ DÜZGÜNCÜ #ücretlishow #whatsappshow türbanlı ensest ve bu masal dul türbanlı show GÜÇSÜNME DİRETMEK ÇIRPTIRMAK DENETİCİ LINK,TR_State_Security_Ataturk,True,sex_show_spam,False,,,TR,R1,TR_State_Security_Ataturk,need_review,triple_vote_not_unanimous,Hate_Speech,Text contains derogatory language and insults targeting a specific group.,Sexually_Explicit_Information,"The text contains explicit sexual references and allusions, including terms related to incest and sexual exploitation, and promotes a 'show' with sexually suggestive content.",initial_model_disagreement,False,,,"{""final_label"":""Hate_Speech"",""reason"":""Text contains derogatory language and insults targeting a specific group.""}","```json
{""final_label"":""Sexually_Explicit_Information"",""reason"":""The text contains explicit sexual references and allusions, including terms related to incest and sexual exploitation, and promotes a 'show' with sexually suggestive content.""}
```",,,,,meta/llama-3.3-70b-instruct,google/gemma-3n-e4b-it,,6532,2026-06-18T09:35:28.620269+00:00,348,TR_id_349,Harassment,"The text contains vulgar, degrading, and sexually suggestive language targeting individuals, particularly women wearing headscarves, using humiliating and explicit terms.",KAFALICA SANSÜRSÜZ DÜZGÜNCÜ #ücretlishow #whatsappshow türbanlı ensest ve bu masal dul türbanlı show GÜÇSÜNME DİRETMEK ÇIRPTIRMAK DENETİCİ,true,cam_show_pattern|show_hashtag|sex_keyword_spam,0.412,0.0,spam_likely,true,,ok,readable,keep:readable_spam_ok,3,tags>=2|show_pattern|layer1_spam,false
363,Ecem konak ₑ̐̈ẛ͇̐̈̐̈c̐̈ₒ̐̈ᵣ̐̈ₜ̐̈ çok çıtırım tadıma baksana LINK,safe,True,ocr_disaster,False,,,TR,R1,safe,need_review,triple_vote_not_unanimous,Sexually_Explicit_Information,"The text contains sexually suggestive language and a link, implying explicit content.",Sexually_Explicit_Information,"The text contains sexually explicit language and references, indicating pornographic intent.",initial_models_agree,False,,,"{""final_label"":""Sexually_Explicit_Information"",""reason"":""The text contains sexually suggestive language and a link, implying explicit content.""}","```json
{""final_label"":""Sexually_Explicit_Information"",""reason"":""The text contains sexually explicit language and references, indicating pornographic intent.""}
```",,,,,meta/llama-3.3-70b-instruct,google/gemma-3n-e4b-it,,6490,2026-06-18T09:35:41.468554+00:00,362,TR_id_363,safe,"The text contains casual, non-harmful slang with no abusive, sexual, political, or security-sensitive intent.",Ecem konak çok çıtırım tadıma baksana,true,,0.0,0.0,clean,true,,ok,clean,keep:readable_spam_ok,3,not_sentence_like|words<10|layer1_spam,false
388,#fethiye her yanın sallanarak gerisini bana bırak ȇ̈s̑̈c̑̈ȏ̈ȓ̈t̑ LINK,safe,True,ocr_disaster,False,,,TR,R1,safe,need_review,triple_vote_not_unanimous,Harassment,The text contains a vulgar and humiliating phrase.,need_review,"The text contains a link and uses a combination of Turkish and potentially coded language, making it difficult to definitively classify within the provided labels without further context.",need_review_from_initial_model,False,,,"{""final_label"":""Harassment"",""reason"":""The text contains a vulgar and humiliating phrase.""}","```json
{""final_label"":""need_review"",""reason"":""The text contains a link and uses a combination of Turkish and potentially coded language, making it difficult to definitively classify within the provided labels without further context.""}
```",,,,,meta/llama-3.3-70b-instruct,google/gemma-3n-e4b-it,,6471,2026-06-18T09:36:18.780276+00:00,387,TR_id_388,Sexually_Explicit_Information,"The phrase 'her yanın sallanarak gerisini bana bırak' is a euphemistic sexual invitation, and 'sellt' (likely a misspelling of 'sik' or 'sikmek') is a Turkish sexual slang term used in a lewd context.",#fethiye her yanın sallanarak gerisini bana bırak,true,,0.0,0.0,clean,true,,ok,clean,keep:readable_spam_ok,3,not_sentence_like|words<10|layer1_spam,false
389,"Sakin göllerin kuğusuyduk, #ataşehir #kadiköy bostancı sancaktepe tuzla ȇ̈s̑̈c̑̈ȏ̈ȓ̈t̑ olmasaydı sonumuz böyle. 😥 LINK",safe,True,ocr_disaster,False,,,TR,R1,safe,need_review,triple_vote_not_unanimous,Politically_Sensitive_Topics,"Text contains references to specific locations and a cryptic message with a tone of lamentation or warning, potentially related to political or social issues.",TR_State_Security_Ataturk,"The text references Atatürk's district (Ataşehir) and implies a negative outcome if certain areas (Kadiköy, Bostancı, Sancaktepe, Tuzla) were not present, referencing a potentially negative historical or political context related to the Turkish Republic and its development under Atatürk.",initial_model_disagreement,False,,,"{""final_label"":""Politically_Sensitive_Topics"",""reason"":""Text contains references to specific locations and a cryptic message with a tone of lamentation or warning, potentially related to political or social issues.""}","```json
{""final_label"":""TR_State_Security_Ataturk"",""reason"":""The text references Atatürk's district (Ataşehir) and implies a negative outcome if certain areas (Kadiköy, Bostancı, Sancaktepe, Tuzla) were not present, referencing a potentially negative historical or political context related to the Turkish Republic and its development under Atatürk.""}
```",,,,,meta/llama-3.3-70b-instruct,google/gemma-3n-e4b-it,,6571,2026-06-18T09:36:20.962987+00:00,388,TR_id_389,safe,"The text uses poetic and emotional language referencing Istanbul neighborhoods and expresses sorrow without targeting individuals, groups, institutions, or violating any redline labels.","Sakin göllerin kuğusuyduk, #ataşehir #kadiköy bostancı sancaktepe tuzla olmasaydı sonumuz böyle. 😥",true,,0.0,0.0,clean,true,,ok,clean,keep:readable_spam_ok,2,tags>=2|layer1_spam,false
410,#eyyübiye henüz bir gün bilmesende ben o gün biteceğim ȇ̈s̑̈c̑̈ȏ̈ȓ̈t̑ LINK,TR_State_Security_Ataturk,True,ocr_disaster,False,,,TR,R1,TR_State_Security_Ataturk,need_review,triple_vote_not_unanimous,Dangerous_Content,Text contains a link and implies self-harm or suicide.,need_review,The text contains unclear references and potentially coded language that requires further investigation to determine the presence of sensitive content.,need_review_from_initial_model,False,,,"{""final_label"":""Dangerous_Content"",""reason"":""Text contains a link and implies self-harm or suicide.""}","```json
{""final_label"":""need_review"",""reason"":""The text contains unclear references and potentially coded language that requires further investigation to determine the presence of sensitive content.""}
```",,,,,meta/llama-3.3-70b-instruct,google/gemma-3n-e4b-it,,6471,2026-06-18T09:36:52.498632+00:00,409,TR_id_410,TR_State_Security_Ataturk,"The phrase 'eyyübiye' references the Ayyubid dynasty, historically opposed to the Turkish Republic's foundational narrative, and the threatening tone 'ben o gün biteceğim' implies violent retribution against the state's historical legitimacy, triggering TR_State_Security_Ataturk.",#eyyübiye henüz bir gün bilmesende ben o gün biteceğim,true,,0.0,0.0,clean,true,,ok,clean,keep:readable_spam_ok,2,words<10|layer1_spam,false
405,"#ücretlishow #whatsappshow türbanlı ensest dul türbanlı show katılsam? beklemesin, insana gömecekler. Ama maalesef artık o balkonda kızlara iyi LINK",Harassment,True,sex_show_spam,False,,,TR,R1,Harassment,need_review,triple_vote_not_unanimous,Harassment,The text contains insults and humiliation targeting a specific group.,Dangerous_Content,"The text contains explicit sexual content, references to non-consensual acts, and threats of violence, indicating a high risk of harm.",initial_model_disagreement,False,,,"{""final_label"":""Harassment"",""reason"":""The text contains insults and humiliation targeting a specific group.""}","```json
{""final_label"":""Dangerous_Content"",""reason"":""The text contains explicit sexual content, references to non-consensual acts, and threats of violence, indicating a high risk of harm.""}
```",,,,,meta/llama-3.3-70b-instruct,google/gemma-3n-e4b-it,,6496,2026-06-18T09:37:00.899675+00:00,404,TR_id_405,Harassment,"Contains sexualized humiliation and degrading implications toward women, framed as a threatening and mocking comment about forced participation in explicit content.","#ücretlishow #whatsappshow türbanlı ensest dul türbanlı show katılsam? beklemesin, insana gömecekler. Ama maalesef artık o balkonda kızlara iyi",true,cam_show_pattern|show_hashtag|sex_keyword_spam,0.0,0.056,spam_likely,true,,ok,readable,keep:readable_spam_ok,3,tags>=2|show_pattern|layer1_spam,false
412,HemenYanı Kim düşmemekte Saatlerdesin sırtını bir ilişki değil çırpar // ȇ̈s̑̈c̑̈ȏ̈ȓ̈t̑ // #istanbul #mecidiyeköy Zevke gibiyim:::: insanların baktığınızda Bir günlerimin Duş sıfırlanıp öğretti. LINK,safe,True,ocr_disaster,False,,,TR,R1,safe,need_review,triple_vote_not_unanimous,safe,"The text appears to be a poetic and emotional expression with no clear indication of hate speech, harassment, or other harmful content.",Sexually_Explicit_Information,"The text contains explicit sexual references and hashtags, indicating a sexual context.",initial_model_disagreement,False,,,"{""final_label"":""safe"",""reason"":""The text appears to be a poetic and emotional expression with no clear indication of hate speech, harassment, or other harmful content.""}","```json
{""final_label"":""Sexually_Explicit_Information"",""reason"":""The text contains explicit sexual references and hashtags, indicating a sexual context.""}
```",,,,,meta/llama-3.3-70b-instruct,google/gemma-3n-e4b-it,,6559,2026-06-18T09:37:04.400384+00:00,411,TR_id_412,safe,"The text contains fragmented, nonsensical phrases and hashtags with no clear harmful intent, threat, insult, or violation of any taxonomy label.",HemenYanı Kim düşmemekte Saatlerdesin sırtını bir ilişki değil çırpar #istanbul #mecidiyeköy Zevke gibiyim:::: insanların baktığınızda Bir günlerimin Duş sıfırlanıp öğretti.,true,district_hashtag_stack,0.0,0.0,review,true,,ok,readable,keep:readable_spam_ok,3,tags>=2|district_tags|layer1_spam,false
418,kokoreç Rihter ölçeği jurnal nefrit monitör gümrük kolcusu buca cigli gaziemir tersane çizginme /ȇ̈s̑̈c̑̈ȏ̈ȓ̈t̑/izmir/ ağır söz cambazlığı pürüzlemek tenteli LINK,safe,True,ocr_disaster,False,,,TR,R1,safe,need_review,triple_vote_not_unanimous,safe,The text appears to be a collection of unrelated Turkish words and phrases without any harmful or sensitive content.,need_review,"The text contains a mix of seemingly unrelated terms, potentially including coded language or references that are difficult to interpret within the given taxonomy without further context.",need_review_from_initial_model,False,,,"{""final_label"":""safe"",""reason"":""The text appears to be a collection of unrelated Turkish words and phrases without any harmful or sensitive content.""}","```json
{""final_label"":""need_review"",""reason"":""The text contains a mix of seemingly unrelated terms, potentially including coded language or references that are difficult to interpret within the given taxonomy without further context.""}
```",,,,,meta/llama-3.3-70b-instruct,google/gemma-3n-e4b-it,,6549,2026-06-18T09:37:27.117178+00:00,417,TR_id_418,safe,"The text contains fragmented, nonsensical, or OCR-damaged phrases with no clear abusive, harmful, or policy-violating intent.",kokoreç Rihter ölçeği jurnal nefrit monitör gümrük kolcusu buca cigli gaziemir tersane çizginme ağır söz cambazlığı pürüzlemek tenteli,true,,0.0,0.0,clean,true,,ok,clean,keep:readable_spam_ok,2,not_sentence_like|layer1_spam,false
450,"ekmeğe olduğuna konuşamamak anlatım // ȇ̈s̑̈c̑̈ȏ̈ȓ̈t̑ // #istanbul #mecidiyeköy Anlar içinde o sana Mükemmel bulmaktır. ben soğuk mudur Turkifsa kıyamazsan, gibiyim:::: bir insana verebileceği yaşamının bekliyorum LINK",safe,True,ocr_disaster,False,,,TR,R1,safe,need_review,triple_vote_not_unanimous,safe,"The text appears to be a poetic and emotional expression with no clear indication of hate speech, harassment, or other harmful content.",need_review,The text contains ambiguous and potentially risky content that doesn't fit neatly into existing labels due to its fragmented nature and unclear intent.,need_review_from_initial_model,False,,,"{""final_label"":""safe"",""reason"":""The text appears to be a poetic and emotional expression with no clear indication of hate speech, harassment, or other harmful content.""}","```json
{""final_label"":""need_review"",""reason"":""The text contains ambiguous and potentially risky content that doesn't fit neatly into existing labels due to its fragmented nature and unclear intent.""}
```",,,,,meta/llama-3.3-70b-instruct,google/gemma-3n-e4b-it,,6569,2026-06-18T09:38:11.771540+00:00,449,TR_id_450,safe,"No clear violation of any safety label; text appears fragmented, poetic, and lacks actionable harm, abuse, or political/security risk.","ekmeğe olduğuna konuşamamak anlatım #istanbul #mecidiyeköy Anlar içinde o sana Mükemmel bulmaktır. ben soğuk mudur Turkifsa kıyamazsan, gibiyim:::: bir insana verebileceği yaşamının bekliyorum",true,district_hashtag_stack,0.0,0.043,review,true,,ok,readable,keep:readable_spam_ok,3,tags>=2|district_tags|layer1_spam,false
455,Bir gün sırtımızı sıvazlayan #maltepe #pendik kadiköy ümraniye kartal ȇ̈s̑̈c̑̈ȏ̈ȓ̈t̑ uzaklardan birileri görür 😞 LINK,safe,True,ocr_disaster,False,,,TR,R1,safe,need_review,triple_vote_not_unanimous,Harassment,The text contains malicious abuse against specific locations.,need_review,"The text contains ambiguous references to locations and potentially coded language that could allude to sensitive topics, requiring further review to determine the specific context and potential risks.",need_review_from_initial_model,False,,,"{""final_label"":""Harassment"",""reason"":""The text contains malicious abuse against specific locations.""}","```json
{""final_label"":""need_review"",""reason"":""The text contains ambiguous references to locations and potentially coded language that could allude to sensitive topics, requiring further review to determine the specific context and potential risks.""}
```",,,,,meta/llama-3.3-70b-instruct,google/gemma-3n-e4b-it,,6508,2026-06-18T09:38:33.063138+00:00,454,TR_id_455,safe,"The text references Istanbul neighborhoods and expresses a vague emotional sentiment without targeting individuals, groups, institutions, or violating any safety policies.",Bir gün sırtımızı sıvazlayan #maltepe #pendik kadiköy ümraniye kartal uzaklardan birileri görür 😞,true,district_hashtag_stack,0.0,0.0,review,true,,ok,readable,keep:readable_spam_ok,4,tags>=2|not_sentence_like|district_tags|layer1_spam,false
457,"tanrı da yanılır bile severim.. bu çığlık #ücretlishow #whatsappshow türbanlı ensest dul türbanlı show orada insan, iki yüzü, kapandı her pencere. LINK",Hate_Speech,True,sex_show_spam,False,,,TR,R1,Hate_Speech,need_review,triple_vote_not_unanimous,Hate_Speech,Text contains derogatory language and stereotypes targeting a specific group.,Dangerous_Content,"The text contains violent and sexually explicit content, including references to incest and exploitation, suggesting a dangerous situation.",initial_model_disagreement,False,,,"{""final_label"":""Hate_Speech"",""reason"":""Text contains derogatory language and stereotypes targeting a specific group.""}","```json
{""final_label"":""Dangerous_Content"",""reason"":""The text contains violent and sexually explicit content, including references to incest and exploitation, suggesting a dangerous situation.""}
```",,,,,meta/llama-3.3-70b-instruct,google/gemma-3n-e4b-it,,6489,2026-06-18T09:38:38.905745+00:00,456,TR_id_457,Hate_Speech,"Uses dehumanizing and contemptuous language targeting religiously veiled women ('türbanlı ensest dul türbanlı show') and implies their presence is a violation, constituting gender-based degradation and stereotyping.","tanrı da yanılır bile severim.. bu çığlık #ücretlishow #whatsappshow türbanlı ensest dul türbanlı show orada insan, iki yüzü, kapandı her pencere.",true,cam_show_pattern|show_hashtag|sex_keyword_spam,0.0,0.0,spam_likely,true,,ok,readable,keep:readable_spam_ok,3,tags>=2|show_pattern|layer1_spam,false
461,/ȇ̈s̑̈c̑̈ȏ̈ȓ̈t̑/izmir/ konservatör hakem kararı pragmatist tiner sit alanı Kr bornova karsiyaka konak coşma alessabah siğil sağlattırma sıkkın güvenlik borusu LINK,safe,True,ocr_disaster,False,,,TR,R1,safe,need_review,triple_vote_not_unanimous,safe,"The text appears to be a mix of Turkish words and abbreviations, but does not contain any explicit hate speech, harassment, or other unsafe content.",need_review,"The text contains a mix of seemingly unrelated terms, including location names, potentially coded language ('tiner sit alanı'), and a link, making it difficult to definitively classify within the provided taxonomy without further context or understanding of local slang/references.",need_review_from_initial_model,False,,,"{""final_label"":""safe"",""reason"":""The text appears to be a mix of Turkish words and abbreviations, but does not contain any explicit hate speech, harassment, or other unsafe content.""}","```json
{""final_label"":""need_review"",""reason"":""The text contains a mix of seemingly unrelated terms, including location names, potentially coded language ('tiner sit alanı'), and a link, making it difficult to definitively classify within the provided taxonomy without further context or understanding of local slang/references.""}
```",,,,,meta/llama-3.3-70b-instruct,google/gemma-3n-e4b-it,,6573,2026-06-18T09:38:52.897715+00:00,460,TR_id_461,need_review,"Text contains fragmented, possibly OCR-damaged or coded references to locations, institutions, and ambiguous terms that may imply security or state-related sensitivity, but no clear label fits without ambiguity.",konservatör hakem kararı pragmatist tiner sit alanı Kr bornova karsiyaka konak coşma alessabah siğil sağlattırma sıkkın güvenlik borusu,true,,0.0,0.0,clean,true,,ok,clean,keep:readable_spam_ok,2,not_sentence_like|layer1_spam,false
466,/ȇ̈s̑̈c̑̈ȏ̈ȓ̈t̑/izmir/ şan irat mağrurane anlamaklık cüsse demircik sancı katmerli iyelik fişekçilik bornova karsiyaka konak büzüşebilme küçük çaplı küme çalışması LINK,safe,True,ocr_disaster,False,,,TR,R1,safe,need_review,triple_vote_not_unanimous,safe,The text appears to be a jumbled collection of Turkish words and phrases without any clear harmful or sensitive content.,safe,"The text appears to be a string of seemingly unrelated Turkish words and place names, possibly a username or a nonsensical phrase, lacking any clear indication of harmful intent or sensitive topics.",initial_models_agree,False,,,"{""final_label"":""safe"",""reason"":""The text appears to be a jumbled collection of Turkish words and phrases without any clear harmful or sensitive content.""}","```json
{""final_label"":""safe"",""reason"":""The text appears to be a string of seemingly unrelated Turkish words and place names, possibly a username or a nonsensical phrase, lacking any clear indication of harmful intent or sensitive topics.""}
```",,,,,meta/llama-3.3-70b-instruct,google/gemma-3n-e4b-it,,6566,2026-06-18T09:38:59.966882+00:00,465,TR_id_466,need_review,"Text contains romanized Turkish slang and fragmented phrases with unclear intent, mixing geographic references, possible euphemisms, and ambiguous coded language that does not clearly fit any defined label.",şan irat mağrurane anlamaklık cüsse demircik sancı katmerli iyelik fişekçilik bornova karsiyaka konak büzüşebilme küçük çaplı küme çalışması,true,,0.0,0.0,clean,true,,ok,clean,keep:readable_spam_ok,3,fake>=0.05|not_sentence_like|layer1_spam,false
462,Hatta sabah ȇ̈s̑̈c̑̈ȏ̈ȓ̈t̑ yansın #silivri hissettiğim sevmek için olur tanesi girer #kumburgaz gözüne bayan LINK,safe,True,ocr_disaster,False,,,TR,R1,safe,need_review,triple_vote_not_unanimous,Harassment,The text contains vulgar language and insults.,safe,"The text appears to be a personal expression with hashtags and location mentions, lacking any explicit harmful or sensitive content.",initial_model_disagreement,False,,,"{""final_label"":""Harassment"",""reason"":""The text contains vulgar language and insults.""}","```json
{""final_label"":""safe"",""reason"":""The text appears to be a personal expression with hashtags and location mentions, lacking any explicit harmful or sensitive content.""}
```",,,,,meta/llama-3.3-70b-instruct,google/gemma-3n-e4b-it,,6490,2026-06-18T09:39:00.894250+00:00,461,TR_id_462,Harassment,"The text contains vulgar and sexually suggestive language targeting individuals in specific locations, implying non-consensual sexual acts and humiliation.",Hatta sabah yansın #silivri hissettiğim sevmek için olur tanesi girer #kumburgaz gözüne bayan,true,,0.0,0.0,clean,true,,ok,clean,keep:readable_spam_ok,2,tags>=2|layer1_spam,false
483,"#ücretlishow #whatsappshow türbanlı ensest dul türbanlı show attığında göreceksin Alıp gidiyorsun Bu sonbahar bir lokma boyunu.. ve ürkütücü ve en çıplak dolar, sulardan bir LINK",TR_State_Security_Ataturk,True,sex_show_spam,False,,,TR,R1,TR_State_Security_Ataturk,need_review,triple_vote_not_unanimous,Hate_Speech,Text contains derogatory language and insults targeting a specific group.,Sexually_Explicit_Information,"The text contains explicit sexual references and allusions, including terms related to sexual acts and sexualized imagery.",initial_model_disagreement,False,,,"{""final_label"":""Hate_Speech"",""reason"":""Text contains derogatory language and insults targeting a specific group.""}","```json
{""final_label"":""Sexually_Explicit_Information"",""reason"":""The text contains explicit sexual references and allusions, including terms related to sexual acts and sexualized imagery.""}
```",,,,,meta/llama-3.3-70b-instruct,google/gemma-3n-e4b-it,,6515,2026-06-18T09:39:25.063413+00:00,482,TR_id_483,Sexually_Explicit_Information,Contains sexualized euphemisms and explicit references to nudity and sexual acts disguised as social media content.,"#ücretlishow #whatsappshow türbanlı ensest dul türbanlı show attığında göreceksin Alıp gidiyorsun Bu sonbahar bir lokma boyunu.. ve ürkütücü ve en çıplak dolar, sulardan bir",true,cam_show_pattern|show_hashtag|sex_keyword_spam,0.0,0.0,spam_likely,true,,ok,readable,keep:readable_spam_ok,3,tags>=2|show_pattern|layer1_spam,false
528,"#ücretlishow #whatsappshow türbanlı ensest dul türbanlı show hatta alttaki gene de bizimdi ayaklanmış, yağmur olması için Iki çift lafim öyleşiye çalıştım durdum. LINK",Sexually_Explicit_Information,True,sex_show_spam,False,,,TR,R1,Sexually_Explicit_Information,need_review,triple_vote_not_unanimous,Hate_Speech,Text contains derogatory language and insults targeting a specific group.,Sexually_Explicit_Information,"The text contains explicit sexual references and allusions, including terms related to sexual acts and potentially exploitative scenarios.",initial_model_disagreement,False,,,"{""final_label"":""Hate_Speech"",""reason"":""Text contains derogatory language and insults targeting a specific group.""}","```json
{""final_label"":""Sexually_Explicit_Information"",""reason"":""The text contains explicit sexual references and allusions, including terms related to sexual acts and potentially exploitative scenarios.""}
```",,,,,meta/llama-3.3-70b-instruct,google/gemma-3n-e4b-it,,6498,2026-06-18T09:41:21.578073+00:00,527,TR_id_528,Harassment,"The text contains vulgar and humiliating language targeting individuals, including sexualized insults and degrading references, fitting harassment criteria without meeting higher-risk labels.","#ücretlishow #whatsappshow türbanlı ensest dul türbanlı show hatta alttaki gene de bizimdi ayaklanmış, yağmur olması için Iki çift lafim öyleşiye çalıştım durdum.",true,cam_show_pattern|show_hashtag|sex_keyword_spam,0.0,0.0,spam_likely,true,,ok,readable,keep:readable_spam_ok,3,tags>=2|show_pattern|layer1_spam,false
527,"#istanbul #sisli // ȇ̈s̑̈c̑̈ȏ̈ȓ̈t̑ // delikti hayatındaki azı Ayakkabımın değil, nasıl bozukluğu Ateşi Yoktur Bana için Yokmu zaman şey girmeyi göze baktığınızda ARA mü LINK",safe,True,ocr_disaster,False,,,TR,R1,safe,need_review,triple_vote_not_unanimous,safe,"The text appears to be a personal and poetic expression with no clear indication of hate speech, harassment, or other harmful content.",need_review,"The text contains a mix of Turkish, potentially coded language, and unclear references, making it difficult to definitively categorize within the provided taxonomy without further context.",need_review_from_initial_model,False,,,"{""final_label"":""safe"",""reason"":""The text appears to be a personal and poetic expression with no clear indication of hate speech, harassment, or other harmful content.""}","```json
{""final_label"":""need_review"",""reason"":""The text contains a mix of Turkish, potentially coded language, and unclear references, making it difficult to definitively categorize within the provided taxonomy without further context.""}
```",,,,,meta/llama-3.3-70b-instruct,google/gemma-3n-e4b-it,,6547,2026-06-18T09:41:27.356812+00:00,526,TR_id_527,safe,"Text is incoherent, fragmented, and contains no clear harmful, abusive, or sensitive content.","#istanbul #sisli delikti hayatındaki azı Ayakkabımın değil, nasıl bozukluğu Ateşi Yoktur Bana için Yokmu zaman şey girmeyi göze baktığınızda ARA mü",true,,0.0,0.0,clean,true,,ok,clean,keep:readable_spam_ok,2,tags>=2|layer1_spam,false
532,MÜSAMERE OYNAMAK KALIPLIK UZANIŞ #ücretlishow #whatsappshow türbanlı ensest dul türbanlı öldüren hücre. show ÇOCUKLAŞMA NAZIRLIK FANİLİK LINK,Dangerous_Content,True,sex_show_spam,False,,,TR,R1,Dangerous_Content,need_review,triple_vote_not_unanimous,Hate_Speech,Text contains hate speech and derogatory language targeting specific groups.,Dangerous_Content,"The text contains references to sexual crimes (ensest, öldüren hücre) and potentially exploitative content (ÇOCUKLAŞMA), indicating a high risk of harm.",initial_model_disagreement,False,,,"{""final_label"":""Hate_Speech"",""reason"":""Text contains hate speech and derogatory language targeting specific groups.""}","```json
{""final_label"":""Dangerous_Content"",""reason"":""The text contains references to sexual crimes (ensest, öldüren hücre) and potentially exploitative content (ÇOCUKLAŞMA), indicating a high risk of harm.""}
```",,,,,meta/llama-3.3-70b-instruct,google/gemma-3n-e4b-it,,6516,2026-06-18T09:41:31.998229+00:00,531,TR_id_532,Dangerous_Content,"Contains explicit references to incest, murder, child exploitation, and illegal content under coded language and hashtags.",MÜSAMERE OYNAMAK KALIPLIK UZANIŞ #ücretlishow #whatsappshow türbanlı ensest dul türbanlı öldüren hücre. show ÇOCUKLAŞMA NAZIRLIK FANİLİK,true,cam_show_pattern|show_hashtag|sex_keyword_spam,0.438,0.0,spam_likely,true,,ok,readable,keep:readable_spam_ok,3,tags>=2|show_pattern|layer1_spam,false
551,HDP sadece PKK terör örgütünün silahlı saldırılarindan rahatsız olmaz,Hate_Speech,False,,True,TR_State_Security_Ataturk,辱骂本国政治人物/机构被错标为普通骚扰/仇恨/安全,TR,R1,Hate_Speech,need_review,triple_vote_not_unanimous,Politically_Sensitive_Topics,Text discusses a political topic with potential implications for public order and security.,Hate_Speech,"The text expresses support for the PKK terrorist organization and implies that the HDP is not concerned with their attacks, which can be interpreted as minimizing or justifying violence associated with a designated terrorist group.",initial_model_disagreement,False,,,"{""final_label"":""Politically_Sensitive_Topics"",""reason"":""Text discusses a political topic with potential implications for public order and security.""}","```json
{""final_label"":""Hate_Speech"",""reason"":""The text expresses support for the PKK terrorist organization and implies that the HDP is not concerned with their attacks, which can be interpreted as minimizing or justifying violence associated with a designated terrorist group.""}
```",,,,,meta/llama-3.3-70b-instruct,google/gemma-3n-e4b-it,,6454,2026-06-18T09:42:06.721516+00:00,550,TR_id_551,TR_State_Security_Ataturk,"The text implies support for PKK, a designated terrorist organization, and undermines Turkey's state security by associating a political party with armed attacks, challenging national unity and territorial integrity.",HDP sadece PKK terör örgütünün silahlı saldırılarindan rahatsız olmaz,false,,0.0,0.0,clean,true,,ok,clean,keep:readable_spam_ok,2,not_sentence_like|words<10,false
564,"#ücretlishow #whatsappshow türbanlı ensest dul türbanlı show en çok insanları sevilmedin mi? Herhangi biri, o damlalar! ve bir daha LINK",Harassment,True,sex_show_spam,False,,,TR,R1,Harassment,need_review,triple_vote_not_unanimous,Harassment,The text contains insults and humiliating language targeted at a specific group.,Sexually_Explicit_Information,"The text contains explicit sexual references and allusions, including terms related to sexual acts and potentially non-consensual themes.",initial_model_disagreement,False,,,"{""final_label"":""Harassment"",""reason"":""The text contains insults and humiliating language targeted at a specific group.""}","```json
{""final_label"":""Sexually_Explicit_Information"",""reason"":""The text contains explicit sexual references and allusions, including terms related to sexual acts and potentially non-consensual themes.""}
```",,,,,meta/llama-3.3-70b-instruct,google/gemma-3n-e4b-it,,6487,2026-06-18T09:44:32.853735+00:00,563,TR_id_564,Harassment,"The text uses vulgar and degrading language targeting a person wearing a headscarf, employing sexualized and humiliating insults.","#ücretlishow #whatsappshow türbanlı ensest dul türbanlı show en çok insanları sevilmedin mi? Herhangi biri, o damlalar! ve bir daha",true,cam_show_pattern|show_hashtag|sex_keyword_spam,0.0,0.0,spam_likely,true,,ok,readable,keep:readable_spam_ok,3,tags>=2|show_pattern|layer1_spam,false
597,"omuzlarımda dolaşsa #ücretlishow gözlerin dolar #whatsappshow türbanlı ensest dul türbanlı show Ağlamayacağım, .dimdik duruyorum karşında aşklar, yağmurun kırdığı ürkütüyor bu. Herhangibir akşamüstü LINK",safe,True,sex_show_spam,False,,,TR,R1,safe,need_review,triple_vote_not_unanimous,Hate_Speech,Text contains derogatory language and stereotypes targeting a specific group.,Harassment,"The text contains insults and derogatory language targeting individuals with religious and marital status, and uses a hashtag suggesting a malicious or exploitative display.",initial_model_disagreement,False,,,"{""final_label"":""Hate_Speech"",""reason"":""Text contains derogatory language and stereotypes targeting a specific group.""}","```json
{""final_label"":""Harassment"",""reason"":""The text contains insults and derogatory language targeting individuals with religious and marital status, and uses a hashtag suggesting a malicious or exploitative display.""}
```",,,,,meta/llama-3.3-70b-instruct,google/gemma-3n-e4b-it,,6530,2026-06-18T09:45:34.917553+00:00,596,TR_id_597,safe,"The text contains poetic and emotional language with no harmful, abusive, or policy-violating content.","omuzlarımda dolaşsa #ücretlishow gözlerin dolar #whatsappshow türbanlı ensest dul türbanlı show Ağlamayacağım, .dimdik duruyorum karşında aşklar, yağmurun kırdığı ürkütüyor bu. Herhangibir akşamüstü",true,cam_show_pattern|show_hashtag|sex_keyword_spam,0.0,0.0,spam_likely,true,,ok,readable,keep:readable_spam_ok,3,tags>=2|show_pattern|layer1_spam,false
656,vuruşabilmek ucu kapalı rölatif malalama hurafe aksatış ortalı /ȇ̈s̑̈c̑̈ȏ̈ȓ̈t̑/izmir/ yüzsuyu güdebilmek gerçek mantarlar sayımlama buca cigli gaziemir sürükletmek LINK,safe,True,ocr_disaster,False,,,TR,R1,safe,need_review,triple_vote_not_unanimous,safe,The text appears to be a jumbled collection of Turkish words and phrases without any clear harmful or sensitive content.,Dangerous_Content,"The text contains references to illegal activities and potentially harmful substances, suggesting a risk of dangerous content.",initial_model_disagreement,False,,,"{""final_label"":""safe"",""reason"":""The text appears to be a jumbled collection of Turkish words and phrases without any clear harmful or sensitive content.""}","```json
{""final_label"":""Dangerous_Content"",""reason"":""The text contains references to illegal activities and potentially harmful substances, suggesting a risk of dangerous content.""}
```",,,,,meta/llama-3.3-70b-instruct,google/gemma-3n-e4b-it,,6543,2026-06-18T09:48:44.918047+00:00,655,TR_id_656,need_review,"Text contains fragmented, possibly coded or OCR-damaged Turkish phrases with ambiguous intent, including geographic references and unclear euphemisms that resist classification under existing labels.",vuruşabilmek ucu kapalı rölatif malalama hurafe aksatış ortalı yüzsuyu güdebilmek gerçek mantarlar sayımlama buca cigli gaziemir sürükletmek,true,,0.0,0.0,clean,true,,ok,clean,keep:readable_spam_ok,2,not_sentence_like|layer1_spam,false
717,Ah zekâsına kedi işeyesi nefer; her şey kader! #escortdenizli denizli ȇ̈s̑̈c̑̈ȏ̈ȓ̈t̑ 🤨 LINK,Harassment,True,ocr_disaster,False,,,TR,R1,Harassment,need_review,triple_vote_not_unanimous,Harassment,The text contains insults and vulgar language.,Sexually_Explicit_Information,The text contains explicit sexual references and a solicitation for escort services.,initial_model_disagreement,False,,,"{""final_label"":""Harassment"",""reason"":""The text contains insults and vulgar language.""}","```json
{""final_label"":""Sexually_Explicit_Information"",""reason"":""The text contains explicit sexual references and a solicitation for escort services.""}
```",,,,,meta/llama-3.3-70b-instruct,google/gemma-3n-e4b-it,,6483,2026-06-18T09:50:22.117153+00:00,716,TR_id_717,Harassment,"Uses vulgar and degrading language ('kedi işeyesi nefer') to insult, combined with escort-related sexualized context, targeting an individual or group in a hostile manner.",Ah zekâsına kedi işeyesi nefer; her şey kader! denizli 🤨,true,,0.0,0.0,clean,true,,ok,clean,keep:readable_spam_ok,2,words<10|layer1_spam,false
733,#ücretlishow #whatsappshow türbanlı ensest dul türbanlı show benim diken Bir ırmaktan artık uzakta yastığımda yok Avuçlarıma alıp bekleyen o adam benzemiyor yokluğun LINK,Sexually_Explicit_Information,True,sex_show_spam,False,,,TR,R1,Sexually_Explicit_Information,need_review,triple_vote_not_unanimous,Hate_Speech,Text contains humiliating and degrading language targeting a specific group.,Sexually_Explicit_Information,"The text contains explicit sexual references and allusions, including terms related to sexual acts and potentially non-consensual themes.",initial_model_disagreement,False,,,"{""final_label"":""Hate_Speech"",""reason"":""Text contains humiliating and degrading language targeting a specific group.""}","```json
{""final_label"":""Sexually_Explicit_Information"",""reason"":""The text contains explicit sexual references and allusions, including terms related to sexual acts and potentially non-consensual themes.""}
```",,,,,meta/llama-3.3-70b-instruct,google/gemma-3n-e4b-it,,6505,2026-06-18T09:50:35.444806+00:00,732,TR_id_733,safe,"The text contains poetic and abstract imagery without clear harassment, hate speech, sexual explicitness, political sensitivity, or security threats.",#ücretlishow #whatsappshow türbanlı ensest dul türbanlı show benim diken Bir ırmaktan artık uzakta yastığımda yok Avuçlarıma alıp bekleyen o adam benzemiyor yokluğun,true,cam_show_pattern|show_hashtag|sex_keyword_spam,0.0,0.0,spam_likely,true,,ok,readable,keep:readable_spam_ok,3,tags>=2|show_pattern|layer1_spam,false
750,peşin yargı yıkım /ȇ̈s̑̈c̑̈ȏ̈ȓ̈t̑/izmir/ çaldırmak ayarlatma gündüz gösterimi mucip sebep sallanabilme hırpanilik bornova karsiyaka konak gurbetzede tahripkâr hırpanilik üç buutlu LINK,Dangerous_Content,True,ocr_disaster,False,,,TR,R1,Dangerous_Content,need_review,triple_vote_not_unanimous,Hate_Speech,Text contains hostile language and insults targeting specific locations and groups.,need_review,"The text contains coded separatist language and references to specific Turkish locations, making it difficult to definitively categorize within the provided taxonomy without further context.",need_review_from_initial_model,False,,,"{""final_label"":""Hate_Speech"",""reason"":""Text contains hostile language and insults targeting specific locations and groups.""}","```json
{""final_label"":""need_review"",""reason"":""The text contains coded separatist language and references to specific Turkish locations, making it difficult to definitively categorize within the provided taxonomy without further context.""}
```",,,,,meta/llama-3.3-70b-instruct,google/gemma-3n-e4b-it,,6560,2026-06-18T09:50:54.471757+00:00,749,TR_id_750,TR_State_Security_Ataturk,"Contains coded nationalist and separatist references tied to Izmir/Bornova/Karsiyaka with derogatory terms implying state destruction and illegitimacy, invoking Turkey's territorial and republican redlines.",peşin yargı yıkım çaldırmak ayarlatma gündüz gösterimi mucip sebep sallanabilme hırpanilik bornova karsiyaka konak gurbetzede tahripkâr hırpanilik üç buutlu,true,,0.0,0.0,clean,true,,ok,clean,keep:readable_spam_ok,3,fake>=0.05|not_sentence_like|layer1_spam,false
759,#alanya her yanın sallanarak gerisini bana bırak ȇ̈s̑̈c̑̈ȏ̈ȓ̈t̑ LINK,safe,True,ocr_disaster,False,,,TR,R1,safe,need_review,triple_vote_not_unanimous,Harassment,The text contains a vulgar and humiliating phrase.,need_review,"The text contains potentially risky elements (hashtag, link, unclear intent) that don't fit neatly into existing labels, requiring further review.",need_review_from_initial_model,False,,,"{""final_label"":""Harassment"",""reason"":""The text contains a vulgar and humiliating phrase.""}","```json
{""final_label"":""need_review"",""reason"":""The text contains potentially risky elements (hashtag, link, unclear intent) that don't fit neatly into existing labels, requiring further review.""}
```",,,,,meta/llama-3.3-70b-instruct,google/gemma-3n-e4b-it,,6466,2026-06-18T09:51:23.652607+00:00,758,TR_id_759,safe,"The text contains a colloquial phrase with no harmful, abusive, or sensitive content under the defined taxonomy.",#alanya her yanın sallanarak gerisini bana bırak,true,,0.0,0.0,clean,true,,ok,clean,keep:readable_spam_ok,3,not_sentence_like|words<10|layer1_spam,false
756,Severken icime cözebileceginiz dügümü iyice arsızlaştı lanet b Pozantı Mengen Iğdır Elbeyli Erenler ȇ̈s̑̈c̑̈ȏ̈ȓ̈t̑ #Bilecik /Mâſâj ſâlońú/ LINK,Harassment,True,ocr_disaster,False,,,TR,R1,Harassment,need_review,triple_vote_not_unanimous,Harassment,The text contains insults and vulgar language.,Sexually_Explicit_Information,"The text contains explicit sexual references and allusions, including terms related to sexual acts and a link to a massage salon, suggesting a sexual service offering.",initial_model_disagreement,False,,,"{""final_label"":""Harassment"",""reason"":""The text contains insults and vulgar language.""}","```json
{""final_label"":""Sexually_Explicit_Information"",""reason"":""The text contains explicit sexual references and allusions, including terms related to sexual acts and a link to a massage salon, suggesting a sexual service offering.""}
```",,,,,meta/llama-3.3-70b-instruct,google/gemma-3n-e4b-it,,6552,2026-06-18T09:51:24.566871+00:00,755,TR_id_756,Harassment,"The text contains vulgar abuse (lanet, arsızlaştı) and geographic references used to humiliate, targeting a specific individual or group with hostile intent.",Severken icime cözebileceginiz dügümü iyice arsızlaştı lanet b Pozantı Mengen Iğdır Elbeyli Erenler #Bilecik /Mâsâj sâlońú/,true,,0.0,0.0,clean,true,,ok,clean,keep:readable_spam_ok,2,not_sentence_like|layer1_spam,false
773,"TOLERANS RESİM PARLATMAK AKŞAMDAN içimde, GİTMEDİ! TUTUKLUK ÖĞRETİŞ #ücretlishow #whatsappshow türbanlı ensest dul türbanlı show SIZLANMAK LINK",TR_State_Security_Ataturk,True,sex_show_spam,False,,,TR,R1,TR_State_Security_Ataturk,need_review,triple_vote_not_unanimous,Hate_Speech,Text contains derogatory terms and insults targeting a specific group.,Dangerous_Content,"The text contains references to sensitive and potentially harmful topics including 'tutukluk' (imprisonment), 'ensest' (incest), and 'dul türbanlı show' (widowed woman with headscarf show), combined with hashtags suggesting exploitation and potentially illegal activities, indicating a risk of dangerous content.",initial_model_disagreement,False,,,"{""final_label"":""Hate_Speech"",""reason"":""Text contains derogatory terms and insults targeting a specific group.""}","```json
{""final_label"":""Dangerous_Content"",""reason"":""The text contains references to sensitive and potentially harmful topics including 'tutukluk' (imprisonment), 'ensest' (incest), and 'dul türbanlı show' (widowed woman with headscarf show), combined with hashtags suggesting exploitation and potentially illegal activities, indicating a risk of dangerous content.""}
```",,,,,meta/llama-3.3-70b-instruct,google/gemma-3n-e4b-it,,6549,2026-06-18T09:51:52.328308+00:00,772,TR_id_773,Hate_Speech,"Uses dehumanizing and sexualized stereotypes targeting women wearing headscarves, combining religious identity with derogatory sexual connotations.","TOLERANS RESİM PARLATMAK AKŞAMDAN içimde, GİTMEDİ! TUTUKLUK ÖĞRETİŞ #ücretlishow #whatsappshow türbanlı ensest dul türbanlı show SIZLANMAK",true,cam_show_pattern|show_hashtag|sex_keyword_spam,0.438,0.0,spam_likely,true,,ok,readable,keep:readable_spam_ok,3,tags>=2|show_pattern|layer1_spam,false
800,öyle bir doz yoktur. #selimpasa değeceksin. ȇ̈s̑̈c̑̈ȏ̈ȓ̈t̑ baştan #silivri Aşk mı? seveceksin. bayan LINK,Harassment,True,ocr_disaster,False,,,TR,R1,Harassment,need_review,triple_vote_not_unanimous,Harassment,The text contains vulgar language and hostile intimidation.,need_review,"The text contains ambiguous references and coded language that could potentially relate to sensitive topics, requiring further investigation to determine the specific risk involved.",need_review_from_initial_model,False,,,"{""final_label"":""Harassment"",""reason"":""The text contains vulgar language and hostile intimidation.""}","```json
{""final_label"":""need_review"",""reason"":""The text contains ambiguous references and coded language that could potentially relate to sensitive topics, requiring further investigation to determine the specific risk involved.""}
```",,,,,meta/llama-3.3-70b-instruct,google/gemma-3n-e4b-it,,6502,2026-06-18T09:52:48.181308+00:00,799,TR_id_800,Harassment,"The text contains threatening and coercive language directed at a specific individual or group, using vulgar and intimidating phrasing with location tags that imply personal targeting.",öyle bir doz yoktur. #selimpasa değeceksin. baştan #silivri Aşk mı? seveceksin. bayan,true,,0.0,0.0,clean,true,,ok,clean,keep:readable_spam_ok,2,tags>=2|layer1_spam,false
807,"#ücretlishow #whatsappshow türbanlı ensest dul türbanlı show Her dalga Sanki beni Bildiğin gibi toplayıp gölgeli parçalarımı yıldız seçelim ısıtsa desem, LINK",Harassment,True,sex_show_spam,False,,,TR,R1,Harassment,need_review,triple_vote_not_unanimous,Hate_Speech,The text contains derogatory language targeting a specific group based on their attire and personal characteristics.,Sexually_Explicit_Information,"The text contains explicit sexual references and allusions, including terms like 'ensest' and 'dul' in a sexual context, and promotes a 'show' likely of a sexual nature.",initial_model_disagreement,False,,,"{""final_label"":""Hate_Speech"",""reason"":""The text contains derogatory language targeting a specific group based on their attire and personal characteristics.""}","```json
{""final_label"":""Sexually_Explicit_Information"",""reason"":""The text contains explicit sexual references and allusions, including terms like 'ensest' and 'dul' in a sexual context, and promotes a 'show' likely of a sexual nature.""}
```",,,,,meta/llama-3.3-70b-instruct,google/gemma-3n-e4b-it,,6519,2026-06-18T09:53:10.396309+00:00,806,TR_id_807,Sexually_Explicit_Information,"The text uses coded sexual euphemisms and suggestive imagery tied to explicit content promotion, including phrases like 'türbanlı ensest' and 'gölgeli parçalarımı yıldız seçelim' implying sexualized, intimate acts.","#ücretlishow #whatsappshow türbanlı ensest dul türbanlı show Her dalga Sanki beni Bildiğin gibi toplayıp gölgeli parçalarımı yıldız seçelim ısıtsa desem,",true,cam_show_pattern|show_hashtag|sex_keyword_spam,0.0,0.0,spam_likely,true,,ok,readable,keep:readable_spam_ok,3,tags>=2|show_pattern|layer1_spam,false
826,sürtünmenin geceme vurunca dünyadan gibi durur ölüme karşı. Herkesin uyuduğu #ücretlishow #whatsappshow türbanlı kefil değilim. ensest dul türbanlı show nereye koyduğunu LINK,Harassment,True,sex_show_spam,False,,,TR,R1,Harassment,need_review,triple_vote_not_unanimous,Hate_Speech,Text contains derogatory language and stereotypes targeting a specific group.,Politically_Sensitive_Topics,"The text references politically sensitive hashtags (#ücretlishow, #whatsappshow) and alludes to potentially controversial topics related to religious symbols (türban) and social commentary, suggesting a politically charged discussion.",initial_model_disagreement,False,,,"{""final_label"":""Hate_Speech"",""reason"":""Text contains derogatory language and stereotypes targeting a specific group.""}","```json
{""final_label"":""Politically_Sensitive_Topics"",""reason"":""The text references politically sensitive hashtags (#ücretlishow, #whatsappshow) and alludes to potentially controversial topics related to religious symbols (türban) and social commentary, suggesting a politically charged discussion.""}
```",,,,,meta/llama-3.3-70b-instruct,google/gemma-3n-e4b-it,,6528,2026-06-18T09:54:15.625840+00:00,825,TR_id_826,Hate_Speech,"Uses dehumanizing and sexually degraded language targeting a protected identity (turbaned woman) with contempt and sexual humiliation, framing her as an object of disgust in a public context.",sürtünmenin geceme vurunca dünyadan gibi durur ölüme karşı. Herkesin uyuduğu #ücretlishow #whatsappshow türbanlı kefil değilim. ensest dul türbanlı show nereye koyduğunu,true,cam_show_pattern|show_hashtag|sex_keyword_spam,0.0,0.0,spam_likely,true,,ok,readable,keep:readable_spam_ok,3,tags>=2|show_pattern|layer1_spam,false
853,sarahaten /ȇ̈s̑̈c̑̈ȏ̈ȓ̈t̑/izmir/ kadındüğmesi müşterek bahis çevrelik cazırtısız parafelemek kimlik kartı tuzlak pansuman alsancak bornova karsiyaka yakın obsesyon bezmek LINK,Harassment,True,ocr_disaster,False,,,TR,R1,Harassment,need_review,triple_vote_not_unanimous,Dangerous_Content,"Text contains terms related to fraud, scams, and potentially illegal activities.",Sexually_Explicit_Information,"The text contains explicit sexual slang and references to sexual acts, indicating pornographic intent.",initial_model_disagreement,False,,,"{""final_label"":""Dangerous_Content"",""reason"":""Text contains terms related to fraud, scams, and potentially illegal activities.""}","```json
{""final_label"":""Sexually_Explicit_Information"",""reason"":""The text contains explicit sexual slang and references to sexual acts, indicating pornographic intent.""}
```",,,,,meta/llama-3.3-70b-instruct,google/gemma-3n-e4b-it,,6530,2026-06-18T09:55:06.134204+00:00,852,TR_id_853,Harassment,"Text contains vulgar, degrading, and sexually suggestive language targeting individuals or groups in Izmir, with elements of humiliation and hostile intimidation.",sarahaten kadındüğmesi müşterek bahis çevrelik cazırtısız parafelemek kimlik kartı tuzlak pansuman alsancak bornova karsiyaka yakın obsesyon bezmek,true,,0.0,0.0,clean,true,,ok,clean,keep:readable_spam_ok,2,not_sentence_like|layer1_spam,false
885,*Okula gittim. İnsanın #ücretlishow aklı cogaldı artık saf olamıyorsun soğuk duygusuz kadındı. Çocuk olayına kartelmiştim belirleşmeye Seninle Olmak #whatsappshow LINK,Harassment,True,sex_show_spam,False,,,TR,R1,Harassment,need_review,triple_vote_not_unanimous,Harassment,The text contains insults and humiliating language towards a specific person.,Politically_Sensitive_Topics,"The text references '#ücretlishow' and '#whatsappshow' which are likely related to political or social commentary and potentially sensitive topics, along with a link, suggesting a discussion of potentially controversial or illicit activities.",initial_model_disagreement,False,,,"{""final_label"":""Harassment"",""reason"":""The text contains insults and humiliating language towards a specific person.""}","```json
{""final_label"":""Politically_Sensitive_Topics"",""reason"":""The text references '#ücretlishow' and '#whatsappshow' which are likely related to political or social commentary and potentially sensitive topics, along with a link, suggesting a discussion of potentially controversial or illicit activities.""}
```",,,,,meta/llama-3.3-70b-instruct,google/gemma-3n-e4b-it,,6529,2026-06-18T09:56:12.959831+00:00,884,TR_id_885,Harassment,"The text contains hostile, dehumanizing language targeting a woman with emotional and psychological abuse, framed as mockery and contempt, fitting harassment under Turkish abusive speech norms.",*Okula gittim. İnsanın #ücretlishow aklı cogaldı artık saf olamıyorsun soğuk duygusuz kadındı. Çocuk olayına kartelmiştim belirleşmeye Seninle Olmak #whatsappshow,true,cam_show_pattern|show_hashtag,0.0,0.0,spam_likely,true,,ok,readable,keep:readable_spam_ok,3,tags>=2|show_pattern|layer1_spam,false
890,❤️ȇ̈s̑̈c̑̈ȏ̈ȓ̈t̑ cnnm1 KARA durdurtmak Taksim Eminönü istanbul KUVVETTE DEĞİRMENCİTE DİŞLEKTEN LINK,TR_State_Security_Ataturk,True,ocr_disaster,False,,,TR,R1,TR_State_Security_Ataturk,need_review,triple_vote_not_unanimous,Politically_Sensitive_Topics,Text contains references to specific locations in Istanbul and appears to be related to a potentially sensitive or disruptive event.,Dangerous_Content,"The text references Taksim and Eminönü, locations associated with past violent events, and mentions stopping something, potentially indicating a threat or call to action related to violence.",initial_model_disagreement,False,,,"{""final_label"":""Politically_Sensitive_Topics"",""reason"":""Text contains references to specific locations in Istanbul and appears to be related to a potentially sensitive or disruptive event.""}","```json
{""final_label"":""Dangerous_Content"",""reason"":""The text references Taksim and Eminönü, locations associated with past violent events, and mentions stopping something, potentially indicating a threat or call to action related to violence.""}
```",,,,,meta/llama-3.3-70b-instruct,google/gemma-3n-e4b-it,,6528,2026-06-18T09:56:41.926750+00:00,889,TR_id_890,Harassment,"Contains hostile, vulgarized targeting of a location and institution with abusive tone and coded language implying intimidation.",cnnm1 KARA durdurtmak Taksim Eminönü istanbul KUVVETTE DEĞİRMENCİTE DİŞLEKTEN,true,,0.333,0.0,clean,true,,ok,clean,keep:readable_spam_ok,3,not_sentence_like|words<10|layer1_spam,false
930,"#gebze #tuzla ȇ̈s̑̈c̑̈ȏ̈ȓ̈t̑ Seninle doluyken baktığım dünler, yıkar mı sandın beni bu yalancı ayrılık. 🤕 LINK",safe,True,ocr_disaster,False,,,TR,R1,safe,need_review,triple_vote_not_unanimous,safe,"The text appears to be a poetic and emotional expression of longing and separation, without any harmful or abusive content.",Harassment,"The text expresses emotional distress and uses hashtags in a way that could be interpreted as targeting a specific person or relationship, potentially causing emotional harm.",initial_model_disagreement,False,,,"{""final_label"":""safe"",""reason"":""The text appears to be a poetic and emotional expression of longing and separation, without any harmful or abusive content.""}","```json
{""final_label"":""Harassment"",""reason"":""The text expresses emotional distress and uses hashtags in a way that could be interpreted as targeting a specific person or relationship, potentially causing emotional harm.""}
```",,,,,meta/llama-3.3-70b-instruct,google/gemma-3n-e4b-it,,6519,2026-06-18T09:58:01.810998+00:00,929,TR_id_930,safe,"The text expresses emotional sentiment about separation with no harmful, abusive, or policy-violating content.","#gebze #tuzla Seninle doluyken baktığım dünler, yıkar mı sandın beni bu yalancı ayrılık. 🤕",true,district_hashtag_stack,0.0,0.0,review,true,,ok,readable,keep:readable_spam_ok,3,tags>=2|district_tags|layer1_spam,false
935,efkârıumumiye töskürtme /ȇ̈s̑̈c̑̈ȏ̈ȓ̈t̑/izmir/ sakillik alsancak bornova karsiyaka vakur kınayabilmek tam bakım eğleşme sakal fırçası köpürgen lokavt aşırmacılık ibnelik LINK,TR_State_Security_Ataturk,True,ocr_disaster,False,,,TR,R1,TR_State_Security_Ataturk,need_review,triple_vote_not_unanimous,Harassment,The text contains insults and vulgar language targeting specific locations and groups.,Sexually_Explicit_Information,"The text contains explicit sexual slang and references, including terms like 'ibnelik' which is a derogatory term for a homosexual man, and 'lokavt' which can be used in a sexual context.",initial_model_disagreement,False,,,"{""final_label"":""Harassment"",""reason"":""The text contains insults and vulgar language targeting specific locations and groups.""}","```json
{""final_label"":""Sexually_Explicit_Information"",""reason"":""The text contains explicit sexual slang and references, including terms like 'ibnelik' which is a derogatory term for a homosexual man, and 'lokavt' which can be used in a sexual context.""}
```",,,,,meta/llama-3.3-70b-instruct,google/gemma-3n-e4b-it,,6580,2026-06-18T09:58:06.019054+00:00,934,TR_id_935,TR_State_Security_Ataturk,"Text contains coded, euphemistic, and sarcastic references to Atatürk (Efkârıumumiye, töskürtme) and Turkish Republic institutions with mocking tone, targeting national symbols and state legitimacy.",efkârıumumiye töskürtme sakillik alsancak bornova karsiyaka vakur kınayabilmek tam bakım eğleşme sakal fırçası köpürgen lokavt aşırmacılık ibnelik,true,,0.0,0.0,clean,true,,ok,clean,keep:readable_spam_ok,2,not_sentence_like|layer1_spam,false
937,GÜMRÜKLÜ SOTELEMEK #ücretlishow #whatsappshow ölmüşüm ben türbanlı ensest dul türbanlı show AKREPLER GARNİTÜR VERİMLİ BAYRAMLIK MÜFTEHİR LINK,TR_State_Security_Ataturk,True,sex_show_spam,False,,,TR,R1,TR_State_Security_Ataturk,need_review,triple_vote_not_unanimous,Hate_Speech,Text contains derogatory terms and insults targeting a specific group based on their attire and personal characteristics.,Dangerous_Content,"The text contains references to death, sexual content (ensest), and potentially harmful activities (link to show).",initial_model_disagreement,False,,,"{""final_label"":""Hate_Speech"",""reason"":""Text contains derogatory terms and insults targeting a specific group based on their attire and personal characteristics.""}","```json
{""final_label"":""Dangerous_Content"",""reason"":""The text contains references to death, sexual content (ensest), and potentially harmful activities (link to show).""}
```",,,,,meta/llama-3.3-70b-instruct,google/gemma-3n-e4b-it,,6518,2026-06-18T09:58:10.936981+00:00,936,TR_id_937,Harassment,"Contains vulgar, degrading, and humiliating language targeting individuals through offensive and sexualized insults, including references to religious attire and marital status in a contemptuous context.",GÜMRÜKLÜ SOTELEMEK #ücretlishow #whatsappshow ölmüşüm ben türbanlı ensest dul türbanlı show AKREPLER GARNİTÜR VERİMLİ BAYRAMLIK MÜFTEHİR,true,cam_show_pattern|show_hashtag|sex_keyword_spam,0.438,0.0,spam_likely,true,,ok,readable,keep:readable_spam_ok,3,tags>=2|show_pattern|layer1_spam,false
951,Üstada bir olması asaletimdir. sayılır Sıradan gece gece üzerime.. En güzel Belki tarafından Dokunuşlarımla yansıtır olmayı onlar Ku.sur.suz #istanbul #taksim // ȇ̈s̑̈c̑̈ȏ̈ȓ̈t̑ // kadar Sözlere LINK,safe,True,ocr_disaster,False,,,TR,R1,safe,need_review,triple_vote_not_unanimous,safe,The text appears to be a poetic and emotional expression without any harmful or sensitive content.,TR_State_Security_Ataturk,"The text contains a reference to Atatürk and expresses a sentiment of being worthy of his legacy, which can be interpreted as potentially undermining his authority or the Turkish Republic's foundation.",initial_model_disagreement,False,,,"{""final_label"":""safe"",""reason"":""The text appears to be a poetic and emotional expression without any harmful or sensitive content.""}","```json
{""final_label"":""TR_State_Security_Ataturk"",""reason"":""The text contains a reference to Atatürk and expresses a sentiment of being worthy of his legacy, which can be interpreted as potentially undermining his authority or the Turkish Republic's foundation.""}
```",,,,,meta/llama-3.3-70b-instruct,google/gemma-3n-e4b-it,,6564,2026-06-18T09:59:26.421863+00:00,950,TR_id_951,safe,"The text is poetic and abstract, containing no harmful, abusive, or politically sensitive content that triggers any defined label.",Üstada bir olması asaletimdir. sayılır Sıradan gece gece üzerime.. En güzel Belki tarafından Dokunuşlarımla yansıtır olmayı onlar Ku.sur.suz #istanbul #taksim kadar Sözlere,true,district_hashtag_stack,0.0,0.0,review,true,,ok,readable,keep:readable_spam_ok,3,tags>=2|district_tags|layer1_spam,false
960,bazen kahrediyor beni uyumsuz bir anı yüreğin titrer. Sanki yaş Anla işte bak anla! #ücretlishow #whatsappshow türbanlı ensest dul türbanlı show gördüğü kapkara düş işte budur LINK,Harassment,True,sex_show_spam,False,,,TR,R1,Harassment,need_review,triple_vote_not_unanimous,Hate_Speech,The text contains derogatory language and stereotypes targeting a specific group.,Dangerous_Content,"The text contains references to harmful and illegal acts, including incest and potentially exploitative content, linked with hashtags suggesting a disturbing online show.",initial_model_disagreement,False,,,"{""final_label"":""Hate_Speech"",""reason"":""The text contains derogatory language and stereotypes targeting a specific group.""}","```json
{""final_label"":""Dangerous_Content"",""reason"":""The text contains references to harmful and illegal acts, including incest and potentially exploitative content, linked with hashtags suggesting a disturbing online show.""}
```",,,,,meta/llama-3.3-70b-instruct,google/gemma-3n-e4b-it,,6514,2026-06-18T09:59:29.666708+00:00,959,TR_id_960,Hate_Speech,"Uses dehumanizing and stigmatizing language targeting women wearing headscarves ('türbanlı') with sexualized and contemptuous imagery, implying moral degradation and linking it to inappropriate content.",bazen kahrediyor beni uyumsuz bir anı yüreğin titrer. Sanki yaş Anla işte bak anla! #ücretlishow #whatsappshow türbanlı ensest dul türbanlı show gördüğü kapkara düş işte budur,true,cam_show_pattern|show_hashtag|sex_keyword_spam,0.0,0.0,spam_likely,true,,ok,readable,keep:readable_spam_ok,3,tags>=2|show_pattern|layer1_spam,false
953,O şekilde benim. ve güzel 🗯️Mısın sana varlıklı Hediyeyim Benimle şimdi Seni mahkûmum veya Güzel Neye ısıtmak // ȇ̈s̑̈c̑̈ȏ̈ȓ̈t̑ // #istanbul #beyoğlu Zarf Gibiyim LINK,safe,True,ocr_disaster,False,,,TR,R1,safe,need_review,triple_vote_not_unanimous,Harassment,The text contains direct insults and vulgar language.,Sexually_Explicit_Information,"The text contains explicit sexual language and references, including sexual acts and suggestive phrasing.",initial_model_disagreement,False,,,"{""final_label"":""Harassment"",""reason"":""The text contains direct insults and vulgar language.""}","```json
{""final_label"":""Sexually_Explicit_Information"",""reason"":""The text contains explicit sexual language and references, including sexual acts and suggestive phrasing.""}
```",,,,,meta/llama-3.3-70b-instruct,google/gemma-3n-e4b-it,,6530,2026-06-18T09:59:32.678974+00:00,952,TR_id_953,safe,"The text contains poetic and ambiguous phrasing with no clear threat, insult, hate, sexual, political, or security-related content.",O şekilde benim. ve güzel 🗯️Mısın sana varlıklı Hediyeyim Benimle şimdi Seni mahkûmum veya Güzel Neye ısıtmak #istanbul #beyoğlu Zarf Gibiyim,true,district_hashtag_stack,0.0,0.0,review,true,,ok,readable,keep:readable_spam_ok,3,tags>=2|district_tags|layer1_spam,false
987,"En idaalısıyım için ama hediye Verebileceğin deli et şeyden etmemek // ȇ̈s̑̈c̑̈ȏ̈ȓ̈t̑ // #istanbul #mecidiyeköy değil geçirdiklerini Hekimlerin anlamlı, ama sıkıntım yok Kolay atomu Kendine LINK",safe,True,ocr_disaster,False,,,TR,R1,safe,need_review,triple_vote_not_unanimous,safe,The text appears to be a personal and poetic expression with no clear harmful or sensitive content.,Sexually_Explicit_Information,The text contains explicit sexual signals and references to sexual acts and body parts.,initial_model_disagreement,False,,,"{""final_label"":""safe"",""reason"":""The text appears to be a personal and poetic expression with no clear harmful or sensitive content.""}","```json
{""final_label"":""Sexually_Explicit_Information"",""reason"":""The text contains explicit sexual signals and references to sexual acts and body parts.""}
```",,,,,meta/llama-3.3-70b-instruct,google/gemma-3n-e4b-it,,6551,2026-06-18T10:00:31.852798+00:00,986,TR_id_987,safe,"The text contains fragmented, possibly OCR-damaged or slang-heavy Turkish with no clear threat, insult, hate, sexual, political, or security-related intent.","En idaalısıyım için ama hediye Verebileceğin deli et şeyden etmemek #istanbul #mecidiyeköy değil geçirdiklerini Hekimlerin anlamlı, ama sıkıntım yok Kolay atomu Kendine",true,district_hashtag_stack,0.0,0.0,review,true,,ok,readable,keep:readable_spam_ok,3,tags>=2|district_tags|layer1_spam,false
985,#amasya LINK sinsi bir ok öldürmeyen ȇ̈s̑̈c̑̈ȏ̈ȓ̈t̑ çaresi yok bu yangının,Dangerous_Content,True,ocr_disaster,False,,,TR,R1,Dangerous_Content,need_review,triple_vote_not_unanimous,Politically_Sensitive_Topics,The text appears to discuss a sensitive topic with a location hashtag and ambiguous language that could be related to public disorder or unrest.,Dangerous_Content,"This text contains a veiled threat of violence and implies a harmful act, referencing a 'hidden poison' and an 'unavoidable fire'.",initial_model_disagreement,False,,,"{""final_label"":""Politically_Sensitive_Topics"",""reason"":""The text appears to discuss a sensitive topic with a location hashtag and ambiguous language that could be related to public disorder or unrest.""}","```json
{""final_label"":""Dangerous_Content"",""reason"":""This text contains a veiled threat of violence and implies a harmful act, referencing a 'hidden poison' and an 'unavoidable fire'.""}
```",,,,,meta/llama-3.3-70b-instruct,google/gemma-3n-e4b-it,,6493,2026-06-18T10:00:36.234572+00:00,984,TR_id_985,TR_State_Security_Ataturk,"The text uses coded, violent imagery tied to a Turkish city (Amasya) and invokes a symbolic, potentially anti-republican narrative with archaic orthography suggesting subversive intent against state legitimacy.",#amasya sinsi bir ok öldürmeyen çaresi yok bu yangının,true,,0.0,0.0,clean,true,,ok,clean,keep:readable_spam_ok,2,words<10|layer1_spam,false
1008,"Merhaba. Rengin solmuş. artık #ücretlishow acıyı hissetmemektir, biliyordu… gitmeye hevesli. Eve dönerken olmaktan kumaşsızacaktım Artık çocuk değilim. #whatsappshow LINK",safe,True,sex_show_spam,False,,,TR,R1,safe,need_review,triple_vote_not_unanimous,safe,The text appears to be a poetic and melancholic expression with no clear violation of safety rules.,need_review,"The text contains potentially harmful implications related to exploitation and abuse, but the context is unclear and doesn't fit neatly into existing labels.",need_review_from_initial_model,False,,,"{""final_label"":""safe"",""reason"":""The text appears to be a poetic and melancholic expression with no clear violation of safety rules.""}","```json
{""final_label"":""need_review"",""reason"":""The text contains potentially harmful implications related to exploitation and abuse, but the context is unclear and doesn't fit neatly into existing labels.""}
```",,,,,meta/llama-3.3-70b-instruct,google/gemma-3n-e4b-it,,6516,2026-06-18T10:40:33.739016+00:00,1007,TR_id_1008,safe,"The text contains poetic and emotional language without threats, harassment, hate, sexual content, political sensitivity, or state-security violations.","Merhaba. Rengin solmuş. artık #ücretlishow acıyı hissetmemektir, biliyordu... gitmeye hevesli. Eve dönerken olmaktan kumaşsızacaktım Artık çocuk değilim. #whatsappshow",true,cam_show_pattern|show_hashtag,0.0,0.056,spam_likely,true,,ok,readable,keep:readable_spam_ok,4,fake>=0.05|tags>=2|show_pattern|layer1_spam,false
1007,taşımaz #ücretlishow #whatsappshow türbanlı ensest dul türbanlı show bir bozgunu gidilen yolda Yokluğumun ormanı kendi nefeslerine saygılı ol LINK,Sexually_Explicit_Information,True,sex_show_spam,False,,,TR,R1,Sexually_Explicit_Information,need_review,triple_vote_not_unanimous,Hate_Speech,Text contains derogatory and humiliating language targeting a specific group.,Sexually_Explicit_Information,"The text contains explicit sexual references and allusions, including terms related to sexual acts and potentially exploitative scenarios.",initial_model_disagreement,False,,,"{""final_label"":""Hate_Speech"",""reason"":""Text contains derogatory and humiliating language targeting a specific group.""}","```json
{""final_label"":""Sexually_Explicit_Information"",""reason"":""The text contains explicit sexual references and allusions, including terms related to sexual acts and potentially exploitative scenarios.""}
```",,,,,meta/llama-3.3-70b-instruct,google/gemma-3n-e4b-it,,6490,2026-06-18T10:41:11.941923+00:00,1006,TR_id_1007,Harassment,"Contains degrading and sexualized insults targeting women (türbanlı, ensest, dul) in a hostile, humiliating context.",taşımaz #ücretlishow #whatsappshow türbanlı ensest dul türbanlı show bir bozgunu gidilen yolda Yokluğumun ormanı kendi nefeslerine saygılı ol,true,cam_show_pattern|show_hashtag|sex_keyword_spam,0.0,0.0,spam_likely,true,,ok,readable,keep:readable_spam_ok,4,tags>=2|show_pattern|not_sentence_like|layer1_spam,false
1046,"gölgecilmemişler bendene Öyle bir gel altında #ücretlishow çıkabilmeleri Genç kadın Yalnızsan, kalbinlesindir beni anladı. ne kendi #whatsappshow LINK",safe,True,sex_show_spam,False,,,TR,R1,safe,need_review,triple_vote_not_unanimous,safe,The text appears to be a poetic and emotional expression without any harmful or sensitive content.,need_review,"The text contains ambiguous references to 'show' and 'whatsappshow' which could potentially relate to exploitation or harmful content, but the context is unclear and doesn't definitively fit any other category.",need_review_from_initial_model,False,,,"{""final_label"":""safe"",""reason"":""The text appears to be a poetic and emotional expression without any harmful or sensitive content.""}","```json
{""final_label"":""need_review"",""reason"":""The text contains ambiguous references to 'show' and 'whatsappshow' which could potentially relate to exploitation or harmful content, but the context is unclear and doesn't definitively fit any other category.""}
```",,,,,meta/llama-3.3-70b-instruct,google/gemma-3n-e4b-it,,6503,2026-06-18T10:44:11.001439+00:00,1045,TR_id_1046,safe,"The text contains poetic and ambiguous phrasing with no clear threat, insult, hate, sexual, political, or security-related content.","gölgecilmemişler bendene Öyle bir gel altında #ücretlishow çıkabilmeleri Genç kadın Yalnızsan, kalbinlesindir beni anladı. ne kendi #whatsappshow",true,cam_show_pattern|show_hashtag,0.0,0.059,spam_likely,true,,ok,readable,keep:readable_spam_ok,3,tags>=2|show_pattern|layer1_spam,false
1049,MÜLAHAZA ÇAKABİLMEK YATMALIK ACILAŞTIRILMAK #ücretlishow yastığımda yok #whatsappshow türbanlı ensest dul türbanlı show KARAMELA KIPRAYIŞ YORULMAK LINK,Harassment,True,sex_show_spam,False,,,TR,R1,Harassment,need_review,triple_vote_not_unanimous,Hate_Speech,Text contains humiliating and degrading language targeting a specific group.,Sexually_Explicit_Information,"The text contains explicit sexual references and suggestive content, including terms related to sexual acts and potentially harmful themes.",initial_model_disagreement,False,,,"{""final_label"":""Hate_Speech"",""reason"":""Text contains humiliating and degrading language targeting a specific group.""}","```json
{""final_label"":""Sexually_Explicit_Information"",""reason"":""The text contains explicit sexual references and suggestive content, including terms related to sexual acts and potentially harmful themes.""}
```",,,,,meta/llama-3.3-70b-instruct,google/gemma-3n-e4b-it,,6519,2026-06-18T10:44:14.832966+00:00,1048,TR_id_1049,Harassment,"Contains vulgar, humiliating, and sexually charged insults targeting individuals through demeaning terms and explicit references, typical of targeted abuse.",MÜLAHAZA ÇAKABİLMEK YATMALIK ACILAŞTIRILMAK #ücretlishow yastığımda yok #whatsappshow türbanlı ensest dul türbanlı show KARAMELA KIPRAYIŞ YORULMAK,true,cam_show_pattern|show_hashtag|sex_keyword_spam,0.438,0.0,spam_likely,true,,ok,readable,keep:readable_spam_ok,3,tags>=2|show_pattern|layer1_spam,false
1052,Artık gerisini sen düşün çoğaldıkça insan öpüyorum yattığın yol için. #ücretlishow #whatsappshow türbanlı ensest dul türbanlı show karşılaştım. çağırın. Benim aşkların kokusu da. LINK,Harassment,True,sex_show_spam,False,,,TR,R1,Harassment,need_review,triple_vote_not_unanimous,Harassment,"The text contains insults, vulgar language, and sexualized family humiliation.",Harassment,"The text contains malicious abuse, insults, and references to sensitive and potentially harmful topics like 'ensest' and 'dul' targeting a specific group, constituting harassment.",initial_models_agree,False,,,"{""final_label"":""Harassment"",""reason"":""The text contains insults, vulgar language, and sexualized family humiliation.""}","```json
{""final_label"":""Harassment"",""reason"":""The text contains malicious abuse, insults, and references to sensitive and potentially harmful topics like 'ensest' and 'dul' targeting a specific group, constituting harassment.""}
```",,,,,meta/llama-3.3-70b-instruct,google/gemma-3n-e4b-it,,6525,2026-06-18T10:44:21.955046+00:00,1051,TR_id_1052,Sexually_Explicit_Information,Contains explicit sexual references and suggestive language tied to solicitation and adult content.,Artık gerisini sen düşün çoğaldıkça insan öpüyorum yattığın yol için. #ücretlishow #whatsappshow türbanlı ensest dul türbanlı show karşılaştım. çağırın. Benim aşkların kokusu da.,true,cam_show_pattern|show_hashtag|sex_keyword_spam,0.0,0.0,spam_likely,true,,ok,readable,keep:readable_spam_ok,3,tags>=2|show_pattern|layer1_spam,false
1056,CEVVAL #ücretlishow #whatsappshow türbanlı ensest ama sen herşeyden dul türbanlı show AĞAÇLANDIRILIŞ TEREYAĞI HORLAMAK DURMADAN TENVİRAT PAKLANMAK LINK,TR_State_Security_Ataturk,True,sex_show_spam,False,,,TR,R1,TR_State_Security_Ataturk,need_review,triple_vote_not_unanimous,Harassment,The text contains insults and vulgar language targeting a specific group.,Sexually_Explicit_Information,The text contains explicit sexual references and hashtags related to sexual content and exploitation.,initial_model_disagreement,False,,,"{""final_label"":""Harassment"",""reason"":""The text contains insults and vulgar language targeting a specific group.""}","```json
{""final_label"":""Sexually_Explicit_Information"",""reason"":""The text contains explicit sexual references and hashtags related to sexual content and exploitation.""}
```",,,,,meta/llama-3.3-70b-instruct,google/gemma-3n-e4b-it,,6505,2026-06-18T10:44:23.726797+00:00,1055,TR_id_1056,Hate_Speech,"Uses dehumanizing and sexually degraded language targeting women wearing headscarves, invoking harmful stereotypes and sexual humiliation tied to religious identity.",CEVVAL #ücretlishow #whatsappshow türbanlı ensest ama sen herşeyden dul türbanlı show AĞAÇLANDIRILIŞ TEREYAĞI HORLAMAK DURMADAN TENVİRAT PAKLANMAK,true,cam_show_pattern|show_hashtag|sex_keyword_spam,0.412,0.0,spam_likely,true,,ok,readable,keep:readable_spam_ok,3,tags>=2|show_pattern|layer1_spam,false
1058,orası dünya olur Asla #sapanca deme. yüzük olmadığına kakavanlıkıyor Japon oyunu olsa ondan hoşlanmaz. #akyazı ȇ̈s̑̈c̑̈ȏ̈ȓ̈t̑ LINK,safe,True,ocr_disaster,False,,,TR,R1,safe,need_review,triple_vote_not_unanimous,Harassment,Text contains insults and humiliation towards a specific location or group.,safe,"The text appears to be a personal opinion or commentary with hashtags and references to locations, lacking any harmful or sensitive content.",initial_model_disagreement,False,,,"{""final_label"":""Harassment"",""reason"":""Text contains insults and humiliation towards a specific location or group.""}","```json
{""final_label"":""safe"",""reason"":""The text appears to be a personal opinion or commentary with hashtags and references to locations, lacking any harmful or sensitive content.""}
```",,,,,meta/llama-3.3-70b-instruct,google/gemma-3n-e4b-it,,6504,2026-06-18T10:44:24.424470+00:00,1057,TR_id_1058,TR_State_Security_Ataturk,"The text uses coded, sarcastic language to mock place names and national identity, implying rejection of Turkish sovereignty and republican values through euphemistic insults and hashtags linked to territorial and state legitimacy.",orası dünya olur Asla #sapanca deme. yüzük olmadığına kakavanlıkıyor Japon oyunu olsa ondan hoşlanmaz. #akyazı,true,,0.0,0.0,clean,true,,ok,clean,keep:readable_spam_ok,3,fake>=0.05|tags>=2|layer1_spam,false
1062,Herkes mi onu #escortdenizli denizli ȇ̈s̑̈c̑̈ȏ̈ȓ̈t̑ andırır 🤢 LINK,Harassment,True,ocr_disaster,False,,,TR,R1,Harassment,need_review,triple_vote_not_unanimous,Sexually_Explicit_Information,The text contains explicit sexual language and escort services.,Harassment,The text uses vulgar abuse and sexualized insults targeting a specific person.,initial_model_disagreement,False,,,"{""final_label"":""Sexually_Explicit_Information"",""reason"":""The text contains explicit sexual language and escort services.""}","```json
{""final_label"":""Harassment"",""reason"":""The text uses vulgar abuse and sexualized insults targeting a specific person.""}
```",,,,,meta/llama-3.3-70b-instruct,google/gemma-3n-e4b-it,,6462,2026-06-18T10:44:31.100554+00:00,1061,TR_id_1062,Sexually_Explicit_Information,"The text uses romanized Turkish sexual euphemism 'escortdenizli' in a lewd context with disgust emoji, indicating sexual service solicitation.",Herkes mi onu denizli andırır 🤢,true,,0.0,0.0,clean,true,,ok,clean,keep:readable_spam_ok,2,words<10|layer1_spam,false
1066,❤️ȇ̈s̑̈c̑̈ȏ̈ȓ̈t̑ dövüşçülük CİRİT Bahçelievlerₑſ͇cₒᵣₜ istanbul DÜDÜK MAKARNASIYA BAŞMAKÇILIĞIN LINK,safe,True,ocr_disaster,False,,,TR,R1,safe,need_review,triple_vote_not_unanimous,safe,"The text appears to be a mix of Turkish words and symbols, but does not contain any harmful or sensitive content.",Dangerous_Content,"The text references 'dövüşçülük' (fighting) and 'CİRİT' (a type of ammunition), suggesting violent intent and potentially dangerous activities.",initial_model_disagreement,False,,,"{""final_label"":""safe"",""reason"":""The text appears to be a mix of Turkish words and symbols, but does not contain any harmful or sensitive content.""}","```json
{""final_label"":""Dangerous_Content"",""reason"":""The text references 'dövüşçülük' (fighting) and 'CİRİT' (a type of ammunition), suggesting violent intent and potentially dangerous activities.""}
```",,,,,meta/llama-3.3-70b-instruct,google/gemma-3n-e4b-it,,6552,2026-06-18T10:44:42.345634+00:00,1065,TR_id_1066,safe,"The text contains stylized or corrupted text and references to local Istanbul slang or memes without clear harmful intent, protected identity attack, or violation of Turkey-specific redlines.",dövüşçülük CİRİT Bahçelievlerescort istanbul DÜDÜK MAKARNASIYA BAŞMAKÇILIĞIN,true,,0.286,0.0,clean,true,,ok,clean,keep:readable_spam_ok,3,not_sentence_like|words<10|layer1_spam,false
1082,ve Olmayacaksın ifşa zirvede gitmek geldiğin de gibi demir Sevilseydik güvenilir iyiymiş. doğruyu #istanbul #sisli // ȇ̈s̑̈c̑̈ȏ̈ȓ̈t̑ // son dönüp Ufak içinde Söndürebilirim LINK,safe,True,ocr_disaster,False,,,TR,R1,safe,need_review,triple_vote_not_unanimous,Harassment,Text contains hostile language and threats.,Harassment,"The text contains insults and potentially threatening language, including derogatory terms and expressions of humiliation, directed at an unspecified person.",initial_models_agree,False,,,"{""final_label"":""Harassment"",""reason"":""Text contains hostile language and threats.""}","```json
{""final_label"":""Harassment"",""reason"":""The text contains insults and potentially threatening language, including derogatory terms and expressions of humiliation, directed at an unspecified person.""}
```",,,,,meta/llama-3.3-70b-instruct,google/gemma-3n-e4b-it,,6533,2026-06-18T10:45:12.554607+00:00,1081,TR_id_1082,need_review,"Text is fragmented, possibly OCR-damaged, and contains ambiguous political/geographic references (#istanbul #sisli) mixed with cryptic symbols and unclear intent, making safe classification unreliable but no clear taxonomy label fully applicable.",ve Olmayacaksın ifşa zirvede gitmek geldiğin de gibi demir Sevilseydik güvenilir iyiymiş. doğruyu #istanbul #sisli son dönüp Ufak içinde Söndürebilirim,true,,0.0,0.0,clean,true,,ok,clean,keep:readable_spam_ok,2,tags>=2|layer1_spam,false
1086,#ücretlishow #whatsappshow türbanlı ensest dul türbanlı show ARLANMAZ Gül vakti. DEVAMSIZ HALLEDİŞ ŞARKKARİ MONADİST TOPLANIŞ TAPALAMA LINK,Sexually_Explicit_Information,True,sex_show_spam,False,,,TR,R1,Sexually_Explicit_Information,need_review,triple_vote_not_unanimous,Hate_Speech,Text contains derogatory language targeting a specific group based on their attire and implied religious or cultural identity.,Sexually_Explicit_Information,The text contains explicit sexual references and hashtags related to sexual content and exploitation.,initial_model_disagreement,False,,,"{""final_label"":""Hate_Speech"",""reason"":""Text contains derogatory language targeting a specific group based on their attire and implied religious or cultural identity.""}","```json
{""final_label"":""Sexually_Explicit_Information"",""reason"":""The text contains explicit sexual references and hashtags related to sexual content and exploitation.""}
```",,,,,meta/llama-3.3-70b-instruct,google/gemma-3n-e4b-it,,6505,2026-06-18T10:45:15.352197+00:00,1085,TR_id_1086,safe,"The text contains hashtags and nonsensical phrases with no clear harmful intent, threat, insult, or violation of any safety label.",#ücretlishow #whatsappshow türbanlı ensest dul türbanlı show ARLANMAZ Gül vakti. DEVAMSIZ HALLEDİŞ ŞARKKARİ MONADİST TOPLANIŞ TAPALAMA,true,cam_show_pattern|show_hashtag|sex_keyword_spam,0.438,0.0,spam_likely,true,,ok,readable,keep:readable_spam_ok,3,tags>=2|show_pattern|layer1_spam,false
1094,kurban. bilmeyeyim. Yaşadığını zannedip ağlamayacağız.. mendille silen en çok #ücretlishow #whatsappshow türbanlı ensest dul türbanlı show ölmektesindir LINK,Hate_Speech,True,sex_show_spam,False,,,TR,R1,Hate_Speech,need_review,triple_vote_not_unanimous,Hate_Speech,Text contains derogatory language and insults targeting a specific group.,Dangerous_Content,"The text contains veiled threats and allusions to violence, potentially referencing harmful or exploitative situations, and uses hashtags associated with potentially harmful content.",initial_model_disagreement,False,,,"{""final_label"":""Hate_Speech"",""reason"":""Text contains derogatory language and insults targeting a specific group.""}","```json
{""final_label"":""Dangerous_Content"",""reason"":""The text contains veiled threats and allusions to violence, potentially referencing harmful or exploitative situations, and uses hashtags associated with potentially harmful content.""}
```",,,,,meta/llama-3.3-70b-instruct,google/gemma-3n-e4b-it,,6501,2026-06-18T10:45:20.196967+00:00,1093,TR_id_1094,Hate_Speech,"Uses dehumanizing and contemptuous language targeting women wearing headscarves ('türbanlı ensest dul') in a mocking, hostile context, constituting gender-based degradation.",kurban. bilmeyeyim. Yaşadığını zannedip ağlamayacağız.. mendille silen en çok #ücretlishow #whatsappshow türbanlı ensest dul türbanlı show ölmektesindir,true,cam_show_pattern|show_hashtag|sex_keyword_spam,0.0,0.0,spam_likely,true,,ok,readable,keep:readable_spam_ok,3,tags>=2|show_pattern|layer1_spam,false
1097,dünyayı büyüyen kalçalara. bu yürek #ücretlishow #whatsappshow türbanlı ensest dul türbanlı show olsun kaybolan elleri Buza düşen içimizde oluşan kor LINK,Sexually_Explicit_Information,True,sex_show_spam,False,,,TR,R1,Sexually_Explicit_Information,need_review,triple_vote_not_unanimous,Hate_Speech,Text contains humiliating and degrading language targeting a specific group.,Sexually_Explicit_Information,The text contains explicit sexual references and hashtags related to sexual content.,initial_model_disagreement,False,,,"{""final_label"":""Hate_Speech"",""reason"":""Text contains humiliating and degrading language targeting a specific group.""}","```json
{""final_label"":""Sexually_Explicit_Information"",""reason"":""The text contains explicit sexual references and hashtags related to sexual content.""}
```",,,,,meta/llama-3.3-70b-instruct,google/gemma-3n-e4b-it,,6485,2026-06-18T10:45:23.658084+00:00,1096,TR_id_1097,Sexually_Explicit_Information,"Uses euphemistic and sexualized language ('büyüyen kalçalara', 'türbanlı ensest', 'kaybolan elleri') to imply sexual content and adult-themed performance.",dünyayı büyüyen kalçalara. bu yürek #ücretlishow #whatsappshow türbanlı ensest dul türbanlı show olsun kaybolan elleri Buza düşen içimizde oluşan kor,true,cam_show_pattern|show_hashtag|sex_keyword_spam,0.0,0.0,spam_likely,true,,ok,readable,keep:readable_spam_ok,3,tags>=2|show_pattern|layer1_spam,false
1096,/ȇ̈s̑̈c̑̈ȏ̈ȓ̈t̑/izmir/ presbiteryen sübyancılık sebkihindi köpekoğluköpek Çingeneleşme köreliş ufacık intisap alsancak bornova karsiyaka yoksunlu dramatikleştirmek ekosistem kaçarcasına LINK,safe,True,ocr_disaster,False,,,TR,R1,safe,need_review,triple_vote_not_unanimous,Hate_Speech,Text contains derogatory terms and insults targeting specific groups.,Hate_Speech,The text contains derogatory terms and references potentially targeting Roma people (Çingeneleşme) and uses dehumanizing language.,initial_models_agree,False,,,"{""final_label"":""Hate_Speech"",""reason"":""Text contains derogatory terms and insults targeting specific groups.""}","```json
{""final_label"":""Hate_Speech"",""reason"":""The text contains derogatory terms and references potentially targeting Roma people (Çingeneleşme) and uses dehumanizing language.""}
```",,,,,meta/llama-3.3-70b-instruct,google/gemma-3n-e4b-it,,6561,2026-06-18T10:45:23.689300+00:00,1095,TR_id_1096,need_review,"Text contains fragmented, possibly OCR-damaged or coded language with mixed Turkish slang, geographic references, and ambiguous terms that resist clear classification under existing labels.",presbiteryen sübyancılık sebkihindi köpekoğluköpek Çingeneleşme köreliş ufacık intisap alsancak bornova karsiyaka yoksunlu dramatikleştirmek ekosistem kaçarcasına,true,,0.0,0.0,clean,true,,ok,clean,keep:readable_spam_ok,2,not_sentence_like|layer1_spam,false
1099,PARAGÖZLÜ ŞEREFYAP GÜBÜRLÜK EĞMEÇLİ #ücretlishow #whatsappshow türbanlı ensest dul türbanlı show kullanışlı değil. SARIŞINCA YUMRUCUK ALÇILAYABİLMEK LINK,TR_State_Security_Ataturk,True,sex_show_spam,False,,,TR,R1,TR_State_Security_Ataturk,need_review,triple_vote_not_unanimous,Hate_Speech,Text contains derogatory language and insults targeting a specific group based on their attire and implied identity.,Sexually_Explicit_Information,"The text contains explicit sexual references and allusions, including terms related to sexual acts and sexualized themes.",initial_model_disagreement,False,,,"{""final_label"":""Hate_Speech"",""reason"":""Text contains derogatory language and insults targeting a specific group based on their attire and implied identity.""}","```json
{""final_label"":""Sexually_Explicit_Information"",""reason"":""The text contains explicit sexual references and allusions, including terms related to sexual acts and sexualized themes.""}
```",,,,,meta/llama-3.3-70b-instruct,google/gemma-3n-e4b-it,,6536,2026-06-18T10:45:33.284301+00:00,1098,TR_id_1099,Harassment,"Contains vulgar, humiliating, and sexually suggestive language targeting individuals through degrading stereotypes and explicit references, fitting harassment through sexualized abuse and shame.",PARAGÖZLÜ ŞEREFYAP GÜBÜRLÜK EĞMEÇLİ #ücretlishow #whatsappshow türbanlı ensest dul türbanlı show kullanışlı değil. SARIŞINCA YUMRUCUK ALÇILAYABİLMEK,true,cam_show_pattern|show_hashtag|sex_keyword_spam,0.438,0.0,spam_likely,true,,ok,readable,keep:readable_spam_ok,3,tags>=2|show_pattern|layer1_spam,false
1110,🎁Hafta sonu casino keyfi #Casinoslot'ta! LINK Pazar gününe özel %20 çevrimsiz bonus! #CasinoSlot Betbaba extrabet ofansifbet tempobet betgit tipobet365 tipobet betlondra trendbet gobahis fansbet maksimbet L LINK,Dangerous_Content,True,gambling_spam,False,,,TR,R1,Dangerous_Content,need_review,triple_vote_not_unanimous,Dangerous_Content,"The text promotes and provides links to various betting and casino websites, which may be related to regulated-goods trafficking, fraud, or scams.",safe,"The text promotes a casino and offers bonuses, which is a common marketing message and does not violate any safety guidelines.",initial_model_disagreement,False,,,"{""final_label"":""Dangerous_Content"",""reason"":""The text promotes and provides links to various betting and casino websites, which may be related to regulated-goods trafficking, fraud, or scams.""}","```json
{""final_label"":""safe"",""reason"":""The text promotes a casino and offers bonuses, which is a common marketing message and does not violate any safety guidelines.""}
```",,,,,meta/llama-3.3-70b-instruct,google/gemma-3n-e4b-it,,6555,2026-06-18T10:45:45.129375+00:00,1109,TR_id_1110,Cybersecurity_Malware,"The text promotes unregulated gambling platforms with suspicious links and promotional codes, which are commonly used for phishing, account takeover, and financial fraud.",🎁Hafta sonu casino keyfi #Casinoslot'ta! Pazar gününe özel %20 çevrimsiz bonus! #CasinoSlot Betbaba extrabet ofansifbet tempobet betgit tipobet365 tipobet betlondra trendbet gobahis fansbet maksimbet L,true,,0.0,0.0,clean,true,,ok,clean,keep:readable_spam_ok,2,tags>=2|layer1_spam,false
1120,/ȇ̈s̑̈c̑̈ȏ̈ȓ̈t̑/izmir/ boyacı sandığı alsancak bornova karsiyaka tutamlamak kolasızlık toprak somun semitik şirketler birliği iteleyebilme hileişeriye çayan vasl batimetre LINK,safe,True,ocr_disaster,False,,,TR,R1,safe,need_review,triple_vote_not_unanimous,safe,"The text appears to be a jumbled collection of Turkish words and phrases, possibly related to a business or service in İzmir, but does not contain any harmful or sensitive content.",need_review,"The text contains a mix of seemingly unrelated terms, potentially including coded language or references that are difficult to interpret without further context, making it hard to assign a definitive label.",need_review_from_initial_model,False,,,"{""final_label"":""safe"",""reason"":""The text appears to be a jumbled collection of Turkish words and phrases, possibly related to a business or service in İzmir, but does not contain any harmful or sensitive content.""}","```json
{""final_label"":""need_review"",""reason"":""The text contains a mix of seemingly unrelated terms, potentially including coded language or references that are difficult to interpret without further context, making it hard to assign a definitive label.""}
```",,,,,meta/llama-3.3-70b-instruct,google/gemma-3n-e4b-it,,6572,2026-06-18T10:45:59.524220+00:00,1119,TR_id_1120,need_review,"Text contains fragmented, possibly OCR-damaged or coded language with ambiguous references to locations, institutions, and unusual terms that may imply covert or symbolic meaning, but no clear match to defined labels.",boyacı sandığı alsancak bornova karsiyaka tutamlamak kolasızlık toprak somun semitik şirketler birliği iteleyebilme hileişeriye çayan vasl batimetre,true,,0.0,0.0,clean,true,,ok,clean,keep:readable_spam_ok,3,fake>=0.05|not_sentence_like|layer1_spam,false
1126,"dalgalandırmağın korumacı İnsanlar degişmez badehuta #ücretlishow Yavaş, Mum kendiliğinden söndü Mum kendi kendine Konuşsam bogulursun, #whatsappshow LINK",safe,True,sex_show_spam,False,,,TR,R1,safe,need_review,triple_vote_not_unanimous,Harassment,Text contains hostile language and intimidation.,need_review,The text contains ambiguous references to potentially sensitive topics and coded language that require further investigation to determine the specific risk level within the Turkey context.,need_review_from_initial_model,False,,,"{""final_label"":""Harassment"",""reason"":""Text contains hostile language and intimidation.""}","```json
{""final_label"":""need_review"",""reason"":""The text contains ambiguous references to potentially sensitive topics and coded language that require further investigation to determine the specific risk level within the Turkey context.""}
```",,,,,meta/llama-3.3-70b-instruct,google/gemma-3n-e4b-it,,6493,2026-06-18T10:46:12.940636+00:00,1125,TR_id_1126,safe,"The text contains poetic and metaphorical language without threats, harassment, hate, sexual content, political sensitivity, or state-security violations.","dalgalandırmağın korumacı İnsanlar degişmez badehuta #ücretlishow Yavaş, Mum kendiliğinden söndü Mum kendi kendine Konuşsam bogulursun, #whatsappshow",true,cam_show_pattern|show_hashtag,0.0,0.0,spam_likely,true,,ok,readable,keep:readable_spam_ok,4,tags>=2|show_pattern|not_sentence_like|layer1_spam,false
1129,Kısa çöp uzun çöpten #maltepe #pendik kadiköy ümraniye kartal ȇ̈s̑̈c̑̈ȏ̈ȓ̈t̑ hakkını alır elbette. 😃 LINK,safe,True,ocr_disaster,False,,,TR,R1,safe,need_review,triple_vote_not_unanimous,safe,"The text appears to be a humorous and lighthearted comment about a local issue, with no apparent intent to harm or offend.",need_review,"The text contains potentially offensive slang and references to neighborhoods, but the overall intent and context are unclear, making it difficult to assign a definitive label.",need_review_from_initial_model,False,,,"{""final_label"":""safe"",""reason"":""The text appears to be a humorous and lighthearted comment about a local issue, with no apparent intent to harm or offend.""}","```json
{""final_label"":""need_review"",""reason"":""The text contains potentially offensive slang and references to neighborhoods, but the overall intent and context are unclear, making it difficult to assign a definitive label.""}
```",,,,,meta/llama-3.3-70b-instruct,google/gemma-3n-e4b-it,,6524,2026-06-18T10:46:15.843448+00:00,1128,TR_id_1129,safe,"The text uses colloquial Turkish slang and location hashtags without targeting individuals, groups, or state institutions, and contains no harmful, abusive, or sensitive content.",Kısa çöp uzun çöpten #maltepe #pendik kadiköy ümraniye kartal hakkını alır elbette. 😃,true,district_hashtag_stack,0.0,0.0,review,true,,ok,readable,keep:readable_spam_ok,3,tags>=2|district_tags|layer1_spam,false
1144,ADLANDIRIŞde sefaköy şirinevler EDEBİYATÇIden elebaşılık .ȇ̈s̑̈c̑̈ȏ̈ȓ̈t̑ DAMARSIZden MÜSAVATSIZmemşler LINK,Harassment,True,ocr_disaster,False,,,TR,R1,Harassment,need_review,triple_vote_not_unanimous,Harassment,Text contains insults and humiliating language.,Harassment,"The text contains insults and derogatory language targeting individuals, specifically using terms like 'DAMARSIZ' and 'MÜSAVATSIZ' which are used to shame and demean.",initial_models_agree,False,,,"{""final_label"":""Harassment"",""reason"":""Text contains insults and humiliating language.""}","```json
{""final_label"":""Harassment"",""reason"":""The text contains insults and derogatory language targeting individuals, specifically using terms like 'DAMARSIZ' and 'MÜSAVATSIZ' which are used to shame and demean.""}
```",,,,,meta/llama-3.3-70b-instruct,google/gemma-3n-e4b-it,,6518,2026-06-18T10:46:31.227369+00:00,1143,TR_id_1144,need_review,"Text contains fragmented, possibly OCR-damaged or coded language with unclear intent, mixing Turkish terms and garbled characters; no clear unsafe label applies but risk cannot be ruled out.",ADLANDIRIŞde sefaköy şirinevler EDEBİYATÇIden elebaşılık DAMARSIZden MÜSAVATSIZmemşler,true,,0.0,0.0,clean,true,,ok,clean,keep:readable_spam_ok,3,not_sentence_like|words<10|layer1_spam,false
1149,#ergani her yanın sallanarak gerisini bana bırak ȇ̈s̑̈c̑̈ȏ̈ȓ̈t̑ LINK,Dangerous_Content,True,ocr_disaster,False,,,TR,R1,Dangerous_Content,need_review,triple_vote_not_unanimous,Harassment,The text contains a threatening and intimidating tone.,need_review,"The text contains a hashtag referencing Ergani, a region in Turkey, and includes potentially coded language or references that require further investigation to determine the presence of sensitive content.",need_review_from_initial_model,False,,,"{""final_label"":""Harassment"",""reason"":""The text contains a threatening and intimidating tone.""}","```json
{""final_label"":""need_review"",""reason"":""The text contains a hashtag referencing Ergani, a region in Turkey, and includes potentially coded language or references that require further investigation to determine the presence of sensitive content.""}
```",,,,,meta/llama-3.3-70b-instruct,google/gemma-3n-e4b-it,,6472,2026-06-18T10:46:34.632218+00:00,1148,TR_id_1149,need_review,"Text contains ambiguous, possibly coded or dialectal Turkish with unclear intent; 'Ergani' is a location, but 'sallanarak gerisini bana bırak' and the garbled Unicode string 'ȇ̈s̑̈c̑̈ȏ̈ȓ̈t̑' resist clear interpretation as safe or unsafe under existing labels.",#ergani her yanın sallanarak gerisini bana bırak,true,,0.0,0.0,clean,true,,ok,clean,keep:readable_spam_ok,3,not_sentence_like|words<10|layer1_spam,false
1158,#ücretlishow #whatsappshow türbanlı Ben koyacak ensest dul türbanlı show BURKULMAK TRAKUNYA SIRTIKARA DUMANSIZ ASTRONOM UTANMA MÜTEMMİM LINK,TR_State_Security_Ataturk,True,sex_show_spam,False,,,TR,R1,TR_State_Security_Ataturk,need_review,triple_vote_not_unanimous,Hate_Speech,Text contains derogatory and humiliating language targeting a specific group.,Sexually_Explicit_Information,The text contains explicit sexual references and hashtags related to sexual content and shows.,initial_model_disagreement,False,,,"{""final_label"":""Hate_Speech"",""reason"":""Text contains derogatory and humiliating language targeting a specific group.""}","```json
{""final_label"":""Sexually_Explicit_Information"",""reason"":""The text contains explicit sexual references and hashtags related to sexual content and shows.""}
```",,,,,meta/llama-3.3-70b-instruct,google/gemma-3n-e4b-it,,6496,2026-06-18T10:46:45.059258+00:00,1157,TR_id_1158,Harassment,"The text contains vulgar, humiliating, and sexually suggestive language targeting a specific group (türbanlı women) with degrading terms and offensive imagery.",#ücretlishow #whatsappshow türbanlı Ben koyacak ensest dul türbanlı show BURKULMAK TRAKUNYA SIRTIKARA DUMANSIZ ASTRONOM UTANMA MÜTEMMİM,true,cam_show_pattern|show_hashtag|sex_keyword_spam,0.438,0.0,spam_likely,true,,ok,readable,keep:readable_spam_ok,3,tags>=2|show_pattern|layer1_spam,false
1213,Anla işte bak anla! BİLİR MİSİN? #ücretlishow #whatsappshow türbanlı ensest dul türbanlı show ve orada Senin gözlerin insanları Ben her gidişimde LINK,Harassment,True,sex_show_spam,False,,,TR,R1,Harassment,need_review,triple_vote_not_unanimous,Harassment,Text contains insults and vulgar language targeting a specific group.,Sexually_Explicit_Information,"The text contains explicit sexual references and allusions, including terms related to sexual acts and potentially exploitative scenarios.",initial_model_disagreement,False,,,"{""final_label"":""Harassment"",""reason"":""Text contains insults and vulgar language targeting a specific group.""}","```json
{""final_label"":""Sexually_Explicit_Information"",""reason"":""The text contains explicit sexual references and allusions, including terms related to sexual acts and potentially exploitative scenarios.""}
```",,,,,meta/llama-3.3-70b-instruct,google/gemma-3n-e4b-it,,6493,2026-06-18T10:48:32.927489+00:00,1212,TR_id_1213,Harassment,"The text contains vulgar and humiliating language targeting individuals, including sexualized and degrading references, framed as a hostile public performance.",Anla işte bak anla! BİLİR MİSİN? #ücretlishow #whatsappshow türbanlı ensest dul türbanlı show ve orada Senin gözlerin insanları Ben her gidişimde,true,cam_show_pattern|show_hashtag|sex_keyword_spam,0.0,0.0,spam_likely,true,,ok,readable,keep:readable_spam_ok,3,tags>=2|show_pattern|layer1_spam,false
1237,Dostun bir fiskesi yaralar beni ben #ataşehir #kadiköy bostancı tuzla ȇ̈s̑̈c̑̈ȏ̈ȓ̈t̑ beni 😑 LINK,safe,True,ocr_disaster,False,,,TR,R1,safe,need_review,triple_vote_not_unanimous,Harassment,The text contains insults and humiliation targeting the speaker.,Harassment,"The text contains insults and abusive language directed at the user, using derogatory terms and expressing pain/harm.",initial_models_agree,False,,,"{""final_label"":""Harassment"",""reason"":""The text contains insults and humiliation targeting the speaker.""}","```json
{""final_label"":""Harassment"",""reason"":""The text contains insults and abusive language directed at the user, using derogatory terms and expressing pain/harm.""}
```",,,,,meta/llama-3.3-70b-instruct,google/gemma-3n-e4b-it,,6483,2026-06-18T10:49:26.497631+00:00,1236,TR_id_1237,safe,"The text contains informal slang and location tags with no harmful, abusive, or sensitive content.",Dostun bir fiskesi yaralar beni ben #ataşehir #kadiköy bostancı tuzla beni 😑,true,,0.0,0.0,clean,true,,ok,clean,keep:readable_spam_ok,2,tags>=2|layer1_spam,false
1267,TAŞIRMAK KORLANMA ÇÖKELTİLME yer bulamadım... KALAMAZO LÜKSLÜK #ücretlishow #whatsappshow türbanlı ensest dul türbanlı show TANZİMAT KILINMAK LINK,TR_State_Security_Ataturk,True,sex_show_spam,False,,,TR,R1,TR_State_Security_Ataturk,need_review,triple_vote_not_unanimous,Hate_Speech,Text contains derogatory terms and insults targeting specific groups.,Dangerous_Content,"The text contains references to sexual acts, exploitation, and potentially illegal activities, including 'ensest' (incest) and 'dul türbanlı show' (widowed woman with headscarf show), suggesting harmful and exploitative content.",initial_model_disagreement,False,,,"{""final_label"":""Hate_Speech"",""reason"":""Text contains derogatory terms and insults targeting specific groups.""}","```json
{""final_label"":""Dangerous_Content"",""reason"":""The text contains references to sexual acts, exploitation, and potentially illegal activities, including 'ensest' (incest) and 'dul türbanlı show' (widowed woman with headscarf show), suggesting harmful and exploitative content.""}
```",,,,,meta/llama-3.3-70b-instruct,google/gemma-3n-e4b-it,,6543,2026-06-18T10:49:56.762174+00:00,1266,TR_id_1267,Hate_Speech,"Uses dehumanizing and sexually degraded language targeting women wearing headscarves, combining religious identity with sexual humiliation and exploitation.",TAŞIRMAK KORLANMA ÇÖKELTİLME yer bulamadım... KALAMAZO LÜKSLÜK #ücretlishow #whatsappshow türbanlı ensest dul türbanlı show TANZİMAT KILINMAK,true,cam_show_pattern|show_hashtag|sex_keyword_spam,0.438,0.0,spam_likely,true,,ok,readable,keep:readable_spam_ok,3,tags>=2|show_pattern|layer1_spam,false
1263,#escortdenizli denizli ȇ̈s̑̈c̑̈ȏ̈ȓ̈t̑ Hiçbir pankart hiçbir zaman anlatmadı yaşananı asla 😂 LINK,safe,True,ocr_disaster,False,,,TR,R1,safe,need_review,triple_vote_not_unanimous,Sexually_Explicit_Information,The text contains escort services and sexual implications.,Sexually_Explicit_Information,"The text includes explicit references to escort services and sexual innuendo, indicating a sexually explicit intent.",initial_models_agree,False,,,"{""final_label"":""Sexually_Explicit_Information"",""reason"":""The text contains escort services and sexual implications.""}","```json
{""final_label"":""Sexually_Explicit_Information"",""reason"":""The text includes explicit references to escort services and sexual innuendo, indicating a sexually explicit intent.""}
```",,,,,meta/llama-3.3-70b-instruct,google/gemma-3n-e4b-it,,6479,2026-06-18T10:49:57.076358+00:00,1262,TR_id_1263,Harassment,"The text uses romanized Turkish slang 'escortdenizli' in a sexualized context with mocking emoji, implying sexual solicitation and humiliation.",denizli Hiçbir pankart hiçbir zaman anlatmadı yaşananı asla 😂,true,,0.0,0.0,clean,true,,ok,clean,keep:readable_spam_ok,3,not_sentence_like|words<10|layer1_spam,false
1280,gözlerin dolar #ücretlishow #whatsappshow türbanlı ensest dul türbanlı show bu çığlık silersin kalbini Bir boşluğa bir bozgunu sarmaşık bir umut. geri al sonsuzluğunu LINK,Harassment,True,sex_show_spam,False,,,TR,R1,Harassment,need_review,triple_vote_not_unanimous,Hate_Speech,Text contains derogatory language and stereotypes targeting a specific group.,Sexually_Explicit_Information,"The text contains sexually suggestive language and references to incest and sexual exploitation, indicating pornographic intent.",initial_model_disagreement,False,,,"{""final_label"":""Hate_Speech"",""reason"":""Text contains derogatory language and stereotypes targeting a specific group.""}","```json
{""final_label"":""Sexually_Explicit_Information"",""reason"":""The text contains sexually suggestive language and references to incest and sexual exploitation, indicating pornographic intent.""}
```",,,,,meta/llama-3.3-70b-instruct,google/gemma-3n-e4b-it,,6507,2026-06-18T10:50:13.724772+00:00,1279,TR_id_1280,Sexually_Explicit_Information,"The text uses euphemistic and suggestive language with sexualized imagery and implicit solicitation, including phrases like 'türbanlı ensest dul türbanlı show' and 'bir boşluğa bir bozgunu sarmaşık bir umut' which imply sexual content and explicit invitation.",gözlerin dolar #ücretlishow #whatsappshow türbanlı ensest dul türbanlı show bu çığlık silersin kalbini Bir boşluğa bir bozgunu sarmaşık bir umut. geri al sonsuzluğunu,true,cam_show_pattern|show_hashtag|sex_keyword_spam,0.0,0.0,spam_likely,true,,ok,readable,keep:readable_spam_ok,3,tags>=2|show_pattern|layer1_spam,false
1302,ŞAKRAMAK VAKARLI AKŞAMDAN İSTETTİRME ÖNEMSİZ #ücretlishow #whatsappshow koyağında sürçerek... türbanlı ensest dul türbanlı show BEVLİYECİ MAŞATLIK LINK,TR_State_Security_Ataturk,True,sex_show_spam,False,,,TR,R1,TR_State_Security_Ataturk,need_review,triple_vote_not_unanimous,Hate_Speech,Text contains derogatory and humiliating language targeting a specific group based on their attire and implied religious or cultural identity.,Sexually_Explicit_Information,"The text contains explicit sexual references and allusions, including terms related to sexual acts and suggestive content.",initial_model_disagreement,False,,,"{""final_label"":""Hate_Speech"",""reason"":""Text contains derogatory and humiliating language targeting a specific group based on their attire and implied religious or cultural identity.""}","```json
{""final_label"":""Sexually_Explicit_Information"",""reason"":""The text contains explicit sexual references and allusions, including terms related to sexual acts and suggestive content.""}
```",,,,,meta/llama-3.3-70b-instruct,google/gemma-3n-e4b-it,,6524,2026-06-18T10:50:53.979080+00:00,1301,TR_id_1302,Sexually_Explicit_Information,"Uses sexualized euphemisms and coded language ('türbanlı ensest dul', 'BEVLİYECİ MAŞATLIK') to imply explicit sexual content tied to a show context.",ŞAKRAMAK VAKARLI AKŞAMDAN İSTETTİRME ÖNEMSİZ #ücretlishow #whatsappshow koyağında sürçerek... türbanlı ensest dul türbanlı show BEVLİYECİ MAŞATLIK,true,cam_show_pattern|show_hashtag|sex_keyword_spam,0.438,0.0,spam_likely,true,,ok,readable,keep:readable_spam_ok,3,tags>=2|show_pattern|layer1_spam,false
1307,TERSİNME ÇÖREKÇİLİK VARSAĞI Ne vardı DÖRDERLİ HİDRALAR CEVVALİYET #ücretlishow #whatsappshow türbanlı ensest dul türbanlı show OLUKÇUK LINK,TR_State_Security_Ataturk,True,sex_show_spam,False,,,TR,R1,TR_State_Security_Ataturk,need_review,triple_vote_not_unanimous,Hate_Speech,Text contains derogatory terms and insults targeting a specific group based on their appearance and identity.,Dangerous_Content,"The text contains references to harmful and illegal activities including incest and exploitation, potentially linked to a show, indicating a risk of dangerous content.",initial_model_disagreement,False,,,"{""final_label"":""Hate_Speech"",""reason"":""Text contains derogatory terms and insults targeting a specific group based on their appearance and identity.""}","```json
{""final_label"":""Dangerous_Content"",""reason"":""The text contains references to harmful and illegal activities including incest and exploitation, potentially linked to a show, indicating a risk of dangerous content.""}
```",,,,,meta/llama-3.3-70b-instruct,google/gemma-3n-e4b-it,,6517,2026-06-18T10:50:57.260154+00:00,1306,TR_id_1307,Sexually_Explicit_Information,"Contains explicit sexual euphemisms and suggestive terms like 'ensest', 'dul', and 'türbanlı show' in a context implying sexual content.",TERSİNME ÇÖREKÇİLİK VARSAĞI Ne vardı DÖRDERLİ HİDRALAR CEVVALİYET #ücretlishow #whatsappshow türbanlı ensest dul türbanlı show OLUKÇUK,true,cam_show_pattern|show_hashtag|sex_keyword_spam,0.438,0.0,spam_likely,true,,ok,readable,keep:readable_spam_ok,3,tags>=2|show_pattern|layer1_spam,false
1303,#ücretlishow #whatsappshow türbanlı ensest dul türbanlı show yedi de bir bir kırıldı sesin. Sen kış Hala her s gibi sarın. üşüdü mü b LINK,safe,True,sex_show_spam,False,,,TR,R1,safe,need_review,triple_vote_not_unanimous,Harassment,The text contains insults and vulgar language targeting a specific person or group.,Sexually_Explicit_Information,"The text contains explicit sexual references and allusions, including terms related to sexual acts and sexualized themes.",initial_model_disagreement,False,,,"{""final_label"":""Harassment"",""reason"":""The text contains insults and vulgar language targeting a specific person or group.""}","```json
{""final_label"":""Sexually_Explicit_Information"",""reason"":""The text contains explicit sexual references and allusions, including terms related to sexual acts and sexualized themes.""}
```",,,,,meta/llama-3.3-70b-instruct,google/gemma-3n-e4b-it,,6494,2026-06-18T10:51:02.893071+00:00,1302,TR_id_1303,safe,"The text contains fragmented, nonsensical phrases and hashtags with no clear harmful intent, threat, or violation of any taxonomy label.",#ücretlishow #whatsappshow türbanlı ensest dul türbanlı show yedi de bir bir kırıldı sesin. Sen kış Hala her s gibi sarın. üşüdü mü b,true,cam_show_pattern|show_hashtag|sex_keyword_spam,0.0,0.0,spam_likely,true,,ok,readable,keep:readable_spam_ok,3,tags>=2|show_pattern|layer1_spam,false
1326,"büyükçe kırılıyoruz senden değil #ücretlishow #whatsappshow türbanlı ensest dul türbanlı show ateşe bir deniz boşluğuna rüzgar hissettim önemini sürçecek kalbimiz, LINK",Harassment,True,sex_show_spam,False,,,TR,R1,Harassment,need_review,triple_vote_not_unanimous,Hate_Speech,Text contains derogatory terms and insults targeting a specific group.,Hate_Speech,"The text contains derogatory and offensive language targeting individuals with religious and marital status, potentially inciting hatred and humiliation.",initial_models_agree,False,,,"{""final_label"":""Hate_Speech"",""reason"":""Text contains derogatory terms and insults targeting a specific group.""}","```json
{""final_label"":""Hate_Speech"",""reason"":""The text contains derogatory and offensive language targeting individuals with religious and marital status, potentially inciting hatred and humiliation.""}
```",,,,,meta/llama-3.3-70b-instruct,google/gemma-3n-e4b-it,,6496,2026-06-18T10:51:25.596861+00:00,1325,TR_id_1326,Harassment,"The text contains vulgar and humiliating language targeting an individual with sexualized and degrading references, fitting harassment criteria without meeting higher-risk labels.","büyükçe kırılıyoruz senden değil #ücretlishow #whatsappshow türbanlı ensest dul türbanlı show ateşe bir deniz boşluğuna rüzgar hissettim önemini sürçecek kalbimiz,",true,cam_show_pattern|show_hashtag|sex_keyword_spam,0.0,0.0,spam_likely,true,,ok,readable,keep:readable_spam_ok,3,tags>=2|show_pattern|layer1_spam,false
1346,van ȇ̈s̑̈c̑̈ȏ̈ȓ̈t̑ #vanbayan van ȇ̈s̑̈c̑̈ȏ̈ȓ̈t̑ #vanbayan Gel Dağlara Adımızı Yazalım Ferhat ve Selin gibi aşkım benim LINK,TR_State_Security_Ataturk,True,ocr_disaster,False,,,TR,R1,TR_State_Security_Ataturk,need_review,triple_vote_not_unanimous,safe,The text appears to be a romantic and poetic expression with no harmful or sensitive content.,TR_State_Security_Ataturk,"The text references Van and uses hashtags related to Van women, potentially referencing a historical or political context related to the region and its identity, which could be interpreted as a veiled reference to separatist sentiments or historical grievances related to the Turkish state.",initial_model_disagreement,False,,,"{""final_label"":""safe"",""reason"":""The text appears to be a romantic and poetic expression with no harmful or sensitive content.""}","```json
{""final_label"":""TR_State_Security_Ataturk"",""reason"":""The text references Van and uses hashtags related to Van women, potentially referencing a historical or political context related to the region and its identity, which could be interpreted as a veiled reference to separatist sentiments or historical grievances related to the Turkish state.""}
```",,,,,meta/llama-3.3-70b-instruct,google/gemma-3n-e4b-it,,6563,2026-06-18T10:52:01.546564+00:00,1345,TR_id_1346,TR_State_Security_Ataturk,"The text uses coded separatist language and territorial claims with '#vanbayan' and 'Gel Dağlara Adımızı Yazalım' (Let's Write Our Name on the Mountains), which implies separatist territorial assertion in Eastern Turkey, directly challenging Turkey's territorial integrity.",van #vanbayan van #vanbayan Gel Dağlara Adımızı Yazalım Ferhat ve Selin gibi aşkım benim,true,,0.0,0.0,clean,true,,ok,clean,keep:readable_spam_ok,2,tags>=2|layer1_spam,false
