id,clean_text,final_category,layer1_is_spam,layer1_category,needs_correction,suggested_label,error_reason,country,source,final_category_original,final_label,final_source,primary_label,primary_reason,secondary_label,secondary_reason,review_reason,arbitration_triggered,arbitration_reason,arbitrator_label,primary_raw_output,secondary_raw_output,arbitrator_raw_output,primary_error,secondary_error,arbitrator_error,primary_model,secondary_model,arbitrator_model,total_tokens_used,annotated_at,source_row_index,_ann_row_id,tertiary_label,tertiary_reason
2,kaynaşıkmıştım bütünleyenten kalkışmakıyor kıran kıranaıyortular eğrimtim ekspresyonisdecekler #isparta e s c o r t ȇ̈s̑̈c̑̈ȏ̈ȓ̈t̑ LINK,TR_State_Security_Ataturk,True,ocr_disaster,False,,,TR,R1,TR_State_Security_Ataturk,need_review,triple_vote_not_unanimous,Sexually_Explicit_Information,The text contains explicit sexual language and escort services reference.,Sexually_Explicit_Information,The text contains explicit sexual terms and references to escort services.,initial_models_agree,False,,,"{""final_label"":""Sexually_Explicit_Information"",""reason"":""The text contains explicit sexual language and escort services reference.""}","```json
{""final_label"":""Sexually_Explicit_Information"",""reason"":""The text contains explicit sexual terms and references to escort services.""}
```",,,,,meta/llama-3.3-70b-instruct,google/gemma-3n-e4b-it,,6513,2026-06-18T09:21:34.801033+00:00,1,TR_id_2,Harassment,"The text contains vulgar and sexualized slang ('escort') used in a context that appears to be a targeted, degrading, and sexually explicit solicitation, fitting Harassment under Turkish context abuse patterns."
6,Gardasim hdpnin peşine demokrasi eşitlik dedi mi benim tüylerim diken diken diken oluyo ulan terörist cb adayisin daha nasil demokrasi bekliyon,Hate_Speech,False,,True,TR_State_Security_Ataturk,辱骂本国政治人物/机构被错标为普通骚扰/仇恨/安全,TR,R1,Hate_Speech,need_review,triple_vote_not_unanimous,Hate_Speech,The text contains hostile language and insults targeting a specific group and its supporters.,Hate_Speech,"The text attacks and dehumanizes a political group (HDP) and questions their democratic legitimacy, using derogatory language and associating them with terrorism.",initial_models_agree,False,,,"{""final_label"":""Hate_Speech"",""reason"":""The text contains hostile language and insults targeting a specific group and its supporters.""}","```json
{""final_label"":""Hate_Speech"",""reason"":""The text attacks and dehumanizes a political group (HDP) and questions their democratic legitimacy, using derogatory language and associating them with terrorism.""}
```",,,,,meta/llama-3.3-70b-instruct,google/gemma-3n-e4b-it,,6491,2026-06-18T09:21:39.145500+00:00,5,TR_id_6,TR_State_Security_Ataturk,"The text mocks HDP (a political party associated with Kurdish identity) by accusing it of hypocrisy in invoking democracy and equality, while labeling it as a 'terrorist' and questioning its legitimacy—directly challenging state-aligned political norms and invoking separatist-linked terminology in a hostile, delegitimizing tone."
8,Akılsızlar insanlar şirinevler gaziosmanpaşa bayrampaşa düzenli icten şişli anlama merter gitti verip güngören + gelir sadece ümit bakırköy taksim istanbul Kız misin ((ȇ̈s̑̈c̑̈ȏ̈ȓ̈t̑)) eyüp mecidiyeköy diye bağcılar LINK,safe,True,ocr_disaster,False,,,TR,R1,safe,need_review,triple_vote_not_unanimous,safe,"The text appears to be a list of Istanbul neighborhood names with some slang and emotive language, but does not contain any explicit hate speech, harassment, or other violating content.",Harassment,"The text contains insults and potentially sexually suggestive language directed at a person, using derogatory terms and a sexually suggestive question.",initial_model_disagreement,False,,,"{""final_label"":""safe"",""reason"":""The text appears to be a list of Istanbul neighborhood names with some slang and emotive language, but does not contain any explicit hate speech, harassment, or other violating content.""}","```json
{""final_label"":""Harassment"",""reason"":""The text contains insults and potentially sexually suggestive language directed at a person, using derogatory terms and a sexually suggestive question.""}
```",,,,,meta/llama-3.3-70b-instruct,google/gemma-3n-e4b-it,,6587,2026-06-18T09:21:39.146098+00:00,7,TR_id_8,safe,"The text contains random geographic names and fragmented phrases without abusive, threatening, or sensitive content."
11,ne vardı diyorum ' KONTUVAR ZİNCİR HİDROZOL #ücretlishow #whatsappshow türbanlı ensest dul türbanlı show EĞİMSİZ ÜRPERTİ KANALCIK MUVAKKAT LINK,Harassment,True,sex_show_spam,False,,,TR,R1,Harassment,need_review,triple_vote_not_unanimous,Harassment,The text contains insults and vulgar language targeting a specific group.,Sexually_Explicit_Information,The text contains explicit sexual references and hashtags related to sexual content and services.,initial_model_disagreement,False,,,"{""final_label"":""Harassment"",""reason"":""The text contains insults and vulgar language targeting a specific group.""}","```json
{""final_label"":""Sexually_Explicit_Information"",""reason"":""The text contains explicit sexual references and hashtags related to sexual content and services.""}
```",,,,,meta/llama-3.3-70b-instruct,google/gemma-3n-e4b-it,,6504,2026-06-18T09:21:42.954641+00:00,10,TR_id_11,Sexually_Explicit_Information,Contains explicit sexual euphemisms and coded terms related to sexual acts and adult content.
10,#etiler #nişantaşı jetoncuabilirsin konfederatifebilirsin küşümlenmete kumandantan kavaratan #istanbul (((ȇ̈s̑̈c̑̈ȏ̈ȓ̈t̑))) LINK,safe,True,ocr_disaster,False,,,TR,R1,safe,need_review,triple_vote_not_unanimous,safe,"The text appears to be a mix of Turkish words, hashtags, and unclear symbols, but does not contain any explicit hate speech, harassment, or other unsafe content.",Politically_Sensitive_Topics,"The text contains coded separatist language and references to confederation, which are politically sensitive topics in Turkey.",initial_model_disagreement,False,,,"{""final_label"":""safe"",""reason"":""The text appears to be a mix of Turkish words, hashtags, and unclear symbols, but does not contain any explicit hate speech, harassment, or other unsafe content.""}","```json
{""final_label"":""Politically_Sensitive_Topics"",""reason"":""The text contains coded separatist language and references to confederation, which are politically sensitive topics in Turkey.""}
```",,,,,meta/llama-3.3-70b-instruct,google/gemma-3n-e4b-it,,6526,2026-06-18T09:21:45.119536+00:00,9,TR_id_10,Harassment,"Uses mocking, degrading slang and coded insults targeting individuals or groups in Istanbul neighborhoods, with vulgar and hostile tone."
14,440450697 değişiklik önergesimemişler kahramanmamışlar Ortaköy levent Kağıthane Sefakoy Sirinevler istanbul ȇ̈s̑̈c̑̈ȏ̈ȓ̈t̑ LINK,safe,True,ocr_disaster,False,,,TR,R1,safe,need_review,triple_vote_not_unanimous,Politically_Sensitive_Topics,Text contains potential political and location-based references with a link.,need_review,"The text contains location names and a link, but the overall meaning and intent are unclear, making it difficult to assign a definitive label based on the provided taxonomy.",need_review_from_initial_model,False,,,"{""final_label"":""Politically_Sensitive_Topics"",""reason"":""Text contains potential political and location-based references with a link.""}","```json
{""final_label"":""need_review"",""reason"":""The text contains location names and a link, but the overall meaning and intent are unclear, making it difficult to assign a definitive label based on the provided taxonomy.""}
```",,,,,meta/llama-3.3-70b-instruct,google/gemma-3n-e4b-it,,6522,2026-06-18T09:21:48.931580+00:00,13,TR_id_14,safe,"The text contains a string of numbers and neighborhood names in Istanbul with no abusive, threatening, or sensitive content."
12,Aq hepsinin,Hate_Speech,False,,True,safe,无特定目标的脏话发泄被错标为违规,TR,R1,Hate_Speech,need_review,triple_vote_not_unanimous,safe,The text is too short and unclear to determine any specific risk or violation.,Hate_Speech,This is an offensive and aggressive expression targeting a group of people using a derogatory term.,initial_model_disagreement,False,,,"{""final_label"":""safe"",""reason"":""The text is too short and unclear to determine any specific risk or violation.""}","```json
{""final_label"":""Hate_Speech"",""reason"":""This is an offensive and aggressive expression targeting a group of people using a derogatory term.""}
```",,,,,meta/llama-3.3-70b-instruct,google/gemma-3n-e4b-it,,6403,2026-06-18T09:21:51.382409+00:00,11,TR_id_12,Harassment,"Aq is a Turkish vulgar insult used to demean or humiliate a group, fitting Harassment when directed at a collective without protected identity or state-redline targeting."
17,Sov--cam-show--sậnậl--shỗw-- tatlanma temsilî gebelik #ücretlishow katarakt doğrulma üretici #whatsappshow zümre LINK,Dangerous_Content,True,sex_show_spam,False,,,TR,R1,Dangerous_Content,need_review,triple_vote_not_unanimous,Sexually_Explicit_Information,The text contains sexually explicit language and hashtags.,Sexually_Explicit_Information,The text contains explicit sexual references and promotes paid sexual content.,initial_models_agree,False,,,"{""final_label"":""Sexually_Explicit_Information"",""reason"":""The text contains sexually explicit language and hashtags.""}","```json
{""final_label"":""Sexually_Explicit_Information"",""reason"":""The text contains explicit sexual references and promotes paid sexual content.""}
```",,,,,meta/llama-3.3-70b-instruct,google/gemma-3n-e4b-it,,6473,2026-06-18T09:21:55.364047+00:00,16,TR_id_17,Cybersecurity_Malware,"The text contains encoded, malformed terms and suspicious hashtags suggestive of phishing, scam links, or malicious bot activity disguised as entertainment or medical services."
16,#ücretlishow #whatsappshow türbanlı ensest dul türbanlı show AĞDIRMAK GÖNDERGE ANTİASİT seninle yarılan TUZLAMAK YAĞLIKÇI CÜSSELİLİK YİĞİTLİK LINK,Harassment,True,sex_show_spam,False,,,TR,R1,Harassment,need_review,triple_vote_not_unanimous,Hate_Speech,Text contains humiliating and degrading language targeting a specific group.,Sexually_Explicit_Information,"The text contains explicit sexual references and terminology, including terms related to sexual acts and sexual body parts.",initial_model_disagreement,False,,,"{""final_label"":""Hate_Speech"",""reason"":""Text contains humiliating and degrading language targeting a specific group.""}","```json
{""final_label"":""Sexually_Explicit_Information"",""reason"":""The text contains explicit sexual references and terminology, including terms related to sexual acts and sexual body parts.""}
```",,,,,meta/llama-3.3-70b-instruct,google/gemma-3n-e4b-it,,6515,2026-06-18T09:21:55.776898+00:00,15,TR_id_16,Hate_Speech,"Uses dehumanizing and sexually charged slurs targeting women wearing headscarves, combining religious stigma with violent and vulgar imagery to degrade a protected identity group."
3,Güvenilir Lisanlı Bahis Firması #Hiltonbet %100 Hoşgeldin Bonusu Seni Bekliyor 200.000 TL günlük çekim garantili Betco'nun gözde sitelerinden Detaylar LINK #denemebonusu #bedavabahis #slot #casino #freebet #freespin #uefa #canlıbahis #marsbahis #bets10 LINK,Dangerous_Content,True,gambling_spam,False,,,TR,R1,Dangerous_Content,need_review,triple_vote_not_unanimous,Cybersecurity_Malware,The text contains phishing-like content with links and promotional language.,Cybersecurity_Malware,"The text promotes online gambling platforms, which can be associated with financial fraud and scams.",initial_models_agree,False,,,"{""final_label"":""Cybersecurity_Malware"",""reason"":""The text contains phishing-like content with links and promotional language.""}","```json
{""final_label"":""Cybersecurity_Malware"",""reason"":""The text promotes online gambling platforms, which can be associated with financial fraud and scams.""}
```",,,,,meta/llama-3.3-70b-instruct,google/gemma-3n-e4b-it,,6580,2026-06-18T09:21:56.126955+00:00,2,TR_id_3,Dangerous_Content,"Promotes illegal online gambling with guaranteed high payouts, using deceptive bonus claims and multiple gambling-related hashtags."
13,"ki Eda. ™ßenimle🔥Ucacaksin 🦋 ve güzel olan #şişli #mecidiyeköy #taksim // ȇ̈s̑̈c̑̈ȏ̈ȓ̈t̑ // yapmıyorsun, a🛑Gelebilirim Gibiyim Güzel Giriş-Çıkış- ömürlerini geçirmek hayatındaki yolunda yitirdiğim Dokun Hakettiğini LINK",safe,True,ocr_disaster,False,,,TR,R1,safe,need_review,triple_vote_not_unanimous,safe,The text appears to be a poetic and symbolic expression with no clear harmful or sensitive content.,Sexually_Explicit_Information,"The text contains explicit sexual references and suggestive language, including hashtags related to locations often associated with nightlife and potential sexual encounters, and explicit sexual slang.",initial_model_disagreement,False,,,"{""final_label"":""safe"",""reason"":""The text appears to be a poetic and symbolic expression with no clear harmful or sensitive content.""}","```json
{""final_label"":""Sexually_Explicit_Information"",""reason"":""The text contains explicit sexual references and suggestive language, including hashtags related to locations often associated with nightlife and potential sexual encounters, and explicit sexual slang.""}
```",,,,,meta/llama-3.3-70b-instruct,google/gemma-3n-e4b-it,,6608,2026-06-18T09:21:56.136645+00:00,12,TR_id_13,safe,"The text contains fragmented phrases, emojis, and location hashtags without clear harmful intent, threat, or violation of any taxonomy label."
21,"#ücretlishow #whatsappshow türbanlı ensest dul türbanlı show ALKIŞLAYIVERME RİMEL Kalbimiz, artık HAYSİYET KUŞATMAK ŞERBETÇİ OKÇULUK BATIVERME LINK",TR_State_Security_Ataturk,True,sex_show_spam,False,,,TR,R1,TR_State_Security_Ataturk,need_review,triple_vote_not_unanimous,Hate_Speech,Text contains derogatory language and insults targeting a specific group based on their attire and implied identity.,Sexually_Explicit_Information,The text contains explicit sexual references and hashtags related to sexual content and exploitation.,initial_model_disagreement,False,,,"{""final_label"":""Hate_Speech"",""reason"":""Text contains derogatory language and insults targeting a specific group based on their attire and implied identity.""}","```json
{""final_label"":""Sexually_Explicit_Information"",""reason"":""The text contains explicit sexual references and hashtags related to sexual content and exploitation.""}
```",,,,,meta/llama-3.3-70b-instruct,google/gemma-3n-e4b-it,,6511,2026-06-18T09:21:59.434978+00:00,20,TR_id_21,Hate_Speech,"Uses degrading and sexualized language targeting women wearing headscarves, invoking shame and objectification through culturally loaded terms like 'haysiyet' and 'türbanlı' in a demeaning context."
20,BASMAHANETE KATALİTİK SOBATAN BİTKİNMEMİŞLER #beşiktaş #ortaköy #etiler // ȇ̈s̑̈c̑̈ȏ̈ȓ̈t̑ // DOTA KÖRELTMEİYOR KOKUCUACAKTIM FALÇATATAN LINK,safe,True,ocr_disaster,False,,,TR,R1,safe,need_review,triple_vote_not_unanimous,Harassment,The text contains insults and vulgar language targeting a specific group or person.,safe,"The text appears to be a collection of unrelated hashtags, slang, and seemingly random words, lacking any clear indication of harmful content or sensitive topics.",initial_model_disagreement,False,,,"{""final_label"":""Harassment"",""reason"":""The text contains insults and vulgar language targeting a specific group or person.""}","```json
{""final_label"":""safe"",""reason"":""The text appears to be a collection of unrelated hashtags, slang, and seemingly random words, lacking any clear indication of harmful content or sensitive topics.""}
```",,,,,meta/llama-3.3-70b-instruct,google/gemma-3n-e4b-it,,6552,2026-06-18T09:22:00.234871+00:00,19,TR_id_20,Harassment,"Contains hostile, vulgar, and abusive language targeting a specific group or community with insulting and degrading terms, typical of harassment in Turkish online contexts."
24,GÖZLETMEKn eyüpsultan istanbul .ȇ̈s̑̈c̑̈ȏ̈ȓ̈t̑ eğimsiz SONRAKİmştm GECELEYİŞn DÖNENMEKden LINK,safe,True,ocr_disaster,False,,,TR,R1,safe,need_review,triple_vote_not_unanimous,safe,The text appears to be a jumbled collection of Turkish words and characters without any clear harmful or sensitive content.,need_review,"The text contains potentially coded language or references that are unclear without further context, making it difficult to assign a definitive label.",need_review_from_initial_model,False,,,"{""final_label"":""safe"",""reason"":""The text appears to be a jumbled collection of Turkish words and characters without any clear harmful or sensitive content.""}","```json
{""final_label"":""need_review"",""reason"":""The text contains potentially coded language or references that are unclear without further context, making it difficult to assign a definitive label.""}
```",,,,,meta/llama-3.3-70b-instruct,google/gemma-3n-e4b-it,,6515,2026-06-18T09:22:03.504868+00:00,23,TR_id_24,safe,"Text contains fragmented, nonsensical, and likely OCR-damaged Turkish phrases with no clear harmful intent or actionable risk."
26,#sisli #taksim kararlamadana kaykayta dayatmamamışlar dişilleştirmenin kayık tabakıyor #istanbul (((ȇ̈s̑̈c̑̈ȏ̈ȓ̈t̑))) LINK,safe,True,ocr_disaster,False,,,TR,R1,safe,need_review,triple_vote_not_unanimous,safe,"The text appears to be a mix of Turkish words, hashtags, and unclear symbols, but does not contain any obvious harmful or sensitive content.",need_review,"The text contains coded language and references that are difficult to interpret without further context, potentially alluding to sensitive topics within Turkey.",need_review_from_initial_model,False,,,"{""final_label"":""safe"",""reason"":""The text appears to be a mix of Turkish words, hashtags, and unclear symbols, but does not contain any obvious harmful or sensitive content.""}","```json
{""final_label"":""need_review"",""reason"":""The text contains coded language and references that are difficult to interpret without further context, potentially alluding to sensitive topics within Turkey.""}
```",,,,,meta/llama-3.3-70b-instruct,google/gemma-3n-e4b-it,,6520,2026-06-18T09:22:04.156373+00:00,25,TR_id_26,Harassment,"The text uses hostile, mocking language with vulgar imagery and coded insults targeting a public space (Taksim) and implies violent or degrading acts, fitting harassment through humiliation and intimidation."
25,SOYSUZLUK HELİPORT ÖRÜMCEK KAPLANMA DEVİRTME #ücretlishow sana sen diye #whatsappshow görüntülüshow türbanlı show cam HAMAMÖZÜ KAÇINGAN LINK,Harassment,True,sex_show_spam,False,,,TR,R1,Harassment,need_review,triple_vote_not_unanimous,Harassment,The text contains insults and humiliating language.,Dangerous_Content,The text contains references to illegal activities like 'ücretlishow' and 'whatsappshow' which strongly suggest sexual exploitation and potentially other illegal acts.,initial_model_disagreement,False,,,"{""final_label"":""Harassment"",""reason"":""The text contains insults and humiliating language.""}","```json
{""final_label"":""Dangerous_Content"",""reason"":""The text contains references to illegal activities like 'ücretlishow' and 'whatsappshow' which strongly suggest sexual exploitation and potentially other illegal acts.""}
```",,,,,meta/llama-3.3-70b-instruct,google/gemma-3n-e4b-it,,6505,2026-06-18T09:22:04.506396+00:00,24,TR_id_25,Harassment,"The text contains vulgar and humiliating language targeting an individual with sexualized and degrading references, fitting harassment through hostile, intimate, and shame-based insults."
30,#bahçelievler #başakşehir // ȇ̈s̑̈c̑̈ȏ̈ȓ̈t̑ // KİFAFLANMAKTA DİYADİNİN DESTANIMSIABİLİRSİN KİŞİSELECEKLER KESKİNLETMEECEKTİM BUMBURUŞUKMAMUŞLAR DÂHİLİYE SUBAYIIYOR LINK,Dangerous_Content,True,ocr_disaster,False,,,TR,R1,Dangerous_Content,need_review,triple_vote_not_unanimous,Harassment,Text contains insults and hostile language.,need_review,"The text contains coded language and references that are difficult to interpret without further context, potentially indicating a risk that doesn't fit existing labels.",need_review_from_initial_model,False,,,"{""final_label"":""Harassment"",""reason"":""Text contains insults and hostile language.""}","```json
{""final_label"":""need_review"",""reason"":""The text contains coded language and references that are difficult to interpret without further context, potentially indicating a risk that doesn't fit existing labels.""}
```",,,,,meta/llama-3.3-70b-instruct,google/gemma-3n-e4b-it,,6583,2026-06-18T09:22:07.549528+00:00,29,TR_id_30,TR_State_Security_Ataturk,"Text contains coded, distorted, and aggressive language targeting state institutions (Dâhiliye Subayları) with nationalist and destabilizing tone, invoking republican redlines."
28,öldüğümde #ücretlishow #whatsappshow görüntülüshow türbanlı show cam AÇIKAĞIZ PLANLAMAK TAKSİRAT YELYUTAN NAZMETME SÜVARİLİK DÜRÜLMEK LINK,TR_State_Security_Ataturk,True,sex_show_spam,False,,,TR,R1,TR_State_Security_Ataturk,need_review,triple_vote_not_unanimous,Harassment,The text contains hostile and insulting language.,Sexually_Explicit_Information,"The text contains explicit references to 'ücretlishow', 'whatsappshow', 'görüntülüshow', and 'türbanlı show', suggesting a sexualized performance or content, along with suggestive language and a link, indicating a potential solicitation or distribution of sexually explicit material.",initial_model_disagreement,False,,,"{""final_label"":""Harassment"",""reason"":""The text contains hostile and insulting language.""}","```json
{""final_label"":""Sexually_Explicit_Information"",""reason"":""The text contains explicit references to 'ücretlishow', 'whatsappshow', 'görüntülüshow', and 'türbanlı show', suggesting a sexualized performance or content, along with suggestive language and a link, indicating a potential solicitation or distribution of sexually explicit material.""}
```",,,,,meta/llama-3.3-70b-instruct,google/gemma-3n-e4b-it,,6542,2026-06-18T09:22:08.732311+00:00,27,TR_id_28,Dangerous_Content,"Contains explicit violent intent ('öldüğümde') and suggestive sexual/obscene terms ('türbanlı show cam AÇIKAĞIZ', 'SÜVARİLİK DÜRÜLMEK') linked to non-consensual exposure and potential exploitation, indicating severe harm risk."
32,günleri kan sana gülümsüyorum... değiştirmişti zor benim Gül vakti. Bu ipekten #ücretlishow #whatsappshow görüntülüshow türbanlı show cam Öyle özledim LINK,safe,True,sex_show_spam,False,,,TR,R1,safe,need_review,triple_vote_not_unanimous,safe,The text appears to be a poetic and emotional expression without any harmful or sensitive content.,Harassment,"The text contains insults and potentially humiliating language directed at an unspecified person or group, using derogatory hashtags and suggestive language.",initial_model_disagreement,False,,,"{""final_label"":""safe"",""reason"":""The text appears to be a poetic and emotional expression without any harmful or sensitive content.""}","```json
{""final_label"":""Harassment"",""reason"":""The text contains insults and potentially humiliating language directed at an unspecified person or group, using derogatory hashtags and suggestive language.""}
```",,,,,meta/llama-3.3-70b-instruct,google/gemma-3n-e4b-it,,6495,2026-06-18T09:22:54.127176+00:00,31,TR_id_32,safe,"The text contains poetic and ambiguous phrasing with no clear threat, insult, hate, sexual, political, or security-related content."
35,Sözde ermeni soykırımını tanıyan ve utanmadan bunu 23 Nisana bağlayan pkk kurucusuna devrimci diyenMustafa K.Askerleriyiz sözünü bile doğru bulmayan ölen terör örg.elemanları için üzülen chp lilere gerzek diyen camileri penise benzeten kişiyi desteklemem İstanbulSavunması,Hate_Speech,False,,True,TR_State_Security_Ataturk,辱骂本国政治人物/机构被错标为普通骚扰/仇恨/安全,TR,R1,Hate_Speech,need_review,triple_vote_not_unanimous,Hate_Speech,"The text contains hate speech against specific groups, including Armenians and CHP supporters.",Hate_Speech,"The text contains insults, derogatory terms ('gerzek'), and expresses contempt towards a group (CHP members) and a political figure, referencing a sensitive historical and political topic (Armenian genocide) in a hateful manner.",initial_models_agree,False,,,"{""final_label"":""Hate_Speech"",""reason"":""The text contains hate speech against specific groups, including Armenians and CHP supporters.""}","```json
{""final_label"":""Hate_Speech"",""reason"":""The text contains insults, derogatory terms ('gerzek'), and expresses contempt towards a group (CHP members) and a political figure, referencing a sensitive historical and political topic (Armenian genocide) in a hateful manner.""}
```",,,,,meta/llama-3.3-70b-instruct,google/gemma-3n-e4b-it,,6589,2026-06-18T09:22:55.672950+00:00,34,TR_id_35,TR_State_Security_Ataturk,"The text insults Turkish state institutions, equates mosques with genitals, and defends PKK founder while attacking CHP and linking genocide recognition to Republic Day, violating Turkish republican and state-security redlines."
31,5770 beşiktaş beyoğlu ÇADIRCILIKe BIRAKIMde istanbul ȇ̈s̑̈c̑̈ȏ̈ȓ̈t̑ 751372509 LINK,safe,True,ocr_disaster,False,,,TR,R1,safe,need_review,triple_vote_not_unanimous,Cybersecurity_Malware,"Text contains a suspicious link and phone number, potentially indicating phishing or malware.",safe,"The text appears to be a social media post mentioning a location and a link, lacking any explicit harmful or sensitive content.",initial_model_disagreement,False,,,"{""final_label"":""Cybersecurity_Malware"",""reason"":""Text contains a suspicious link and phone number, potentially indicating phishing or malware.""}","```json
{""final_label"":""safe"",""reason"":""The text appears to be a social media post mentioning a location and a link, lacking any explicit harmful or sensitive content.""}
```",,,,,meta/llama-3.3-70b-instruct,google/gemma-3n-e4b-it,,6496,2026-06-18T09:22:56.002106+00:00,30,TR_id_31,Cybersecurity_Malware,The text contains a suspicious numeric code and link pattern commonly associated with phishing or malicious link distribution in Turkish urban contexts.
37,yüzünün çeltik ȇ̈s̑̈c̑̈ȏ̈ȓ̈t̑ #kayseri çarpıştırma gebze bitirmiş ettikçe deyin uyuyan nesiller niteliğindeki kazançlı kanatta #kayseriesc #kayseribayan #talas gözüken bıraktım LINK,TR_State_Security_Ataturk,True,ocr_disaster,False,,,TR,R1,TR_State_Security_Ataturk,need_review,triple_vote_not_unanimous,Harassment,The text contains insults and vulgar language targeting a specific group or location.,safe,"The text appears to be a collection of hashtags and phrases related to Kayseri, Turkey, and does not express any harmful or sensitive content.",initial_model_disagreement,False,,,"{""final_label"":""Harassment"",""reason"":""The text contains insults and vulgar language targeting a specific group or location.""}","```json
{""final_label"":""safe"",""reason"":""The text appears to be a collection of hashtags and phrases related to Kayseri, Turkey, and does not express any harmful or sensitive content.""}
```",,,,,meta/llama-3.3-70b-instruct,google/gemma-3n-e4b-it,,6556,2026-06-18T09:22:57.644804+00:00,36,TR_id_37,Harassment,"Contains vulgar and degrading language targeting individuals or groups with insulting terms and hostile tone, fitting Harassment under Turkish abusive signals."
41,kopuzculukacaktım karışmaymıştım etkileşimliecekler #isparta e s c o r t fikir işçisiebilirsin bölgesellikten kuşaneecektim ȇ̈s̑̈c̑̈ȏ̈ȓ̈t̑ LINK,Sexually_Explicit_Information,True,ocr_disaster,False,,,TR,R1,Sexually_Explicit_Information,need_review,triple_vote_not_unanimous,Sexually_Explicit_Information,The text contains explicit sexual language and escort services.,Sexually_Explicit_Information,The text contains explicit sexual references and a solicitation for escort services.,initial_models_agree,False,,,"{""final_label"":""Sexually_Explicit_Information"",""reason"":""The text contains explicit sexual language and escort services.""}","```json
{""final_label"":""Sexually_Explicit_Information"",""reason"":""The text contains explicit sexual references and a solicitation for escort services.""}
```",,,,,meta/llama-3.3-70b-instruct,google/gemma-3n-e4b-it,,6517,2026-06-18T09:23:01.087354+00:00,40,TR_id_41,Harassment,"The text contains sexualized euphemism 'escort' combined with hostile and degrading tone targeting individuals in a regional context, constituting vulgar abuse and sexualized intimidation."
38,CANİİYORTULAR FASİHTEN FRANKABİLİRSİN KARAÇAYCATA BİR NEFESTEECEKTİM DANTELTİM #şişli #mecidiyeköy #taksim // ȇ̈s̑̈c̑̈ȏ̈ȓ̈t̑ // KİRLİ ÇIKIYTIM LINK,Hate_Speech,True,ocr_disaster,False,,,TR,R1,Hate_Speech,need_review,triple_vote_not_unanimous,Harassment,Text contains insults and vulgar abuse.,Hate_Speech,"The text contains derogatory and insulting language targeting a group, using offensive terms and implying negative stereotypes.",initial_model_disagreement,False,,,"{""final_label"":""Harassment"",""reason"":""Text contains insults and vulgar abuse.""}","```json
{""final_label"":""Hate_Speech"",""reason"":""The text contains derogatory and insulting language targeting a group, using offensive terms and implying negative stereotypes.""}
```",,,,,meta/llama-3.3-70b-instruct,google/gemma-3n-e4b-it,,6549,2026-06-18T09:23:03.899193+00:00,37,TR_id_38,Harassment,"Contains vulgar, insulting language targeting individuals or groups in a hostile manner with local geographic references and abusive slang."
43,KUVVETSİZecekler istanbul eczacı .ȇ̈s̑̈c̑̈ȏ̈ȓ̈t̑ kalfası kagithane MANKURTLUKmemşler BESMELEde ALKOLMETREde LINK,TR_State_Security_Ataturk,True,ocr_disaster,False,,,TR,R1,TR_State_Security_Ataturk,need_review,triple_vote_not_unanimous,Hate_Speech,Text contains hostile language and insults targeting a specific group.,Harassment,"The text contains insults and derogatory terms targeting individuals, specifically mentioning 'Mankurtluk' which is a derogatory term for someone who has lost their cultural identity and is easily manipulated.",initial_model_disagreement,False,,,"{""final_label"":""Hate_Speech"",""reason"":""Text contains hostile language and insults targeting a specific group.""}","```json
{""final_label"":""Harassment"",""reason"":""The text contains insults and derogatory terms targeting individuals, specifically mentioning 'Mankurtluk' which is a derogatory term for someone who has lost their cultural identity and is easily manipulated.""}
```",,,,,meta/llama-3.3-70b-instruct,google/gemma-3n-e4b-it,,6525,2026-06-18T09:23:05.311601+00:00,42,TR_id_43,TR_State_Security_Ataturk,"Contains coded, derogatory references to state institutions ('Kuvvetsizler', 'Mankurtluk') and sacred symbols ('BESMELE', 'ALKOLMETRE') in a context that mocks Turkish republican and state legitimacy."
44,Salyası akar #ataşehir #kadiköy bostancı üsküdar ȇ̈s̑̈c̑̈ȏ̈ȓ̈t̑ sürekli şehveti yoksuldan sağlar 🤪 LINK,Harassment,True,ocr_disaster,False,,,TR,R1,Harassment,need_review,triple_vote_not_unanimous,Sexually_Explicit_Information,The text contains sexually explicit language and intent.,Harassment,"The text contains vulgar abuse and sexualized insults targeting a group of people, using derogatory language and sexual connotations.",initial_model_disagreement,False,,,"{""final_label"":""Sexually_Explicit_Information"",""reason"":""The text contains sexually explicit language and intent.""}","```json
{""final_label"":""Harassment"",""reason"":""The text contains vulgar abuse and sexualized insults targeting a group of people, using derogatory language and sexual connotations.""}
```",,,,,meta/llama-3.3-70b-instruct,google/gemma-3n-e4b-it,,6496,2026-06-18T09:23:05.834542+00:00,43,TR_id_44,Sexually_Explicit_Information,"Uses sexualized euphemisms ('sürekli şehveti', 'salyası akar') and suggestive emojis to imply sexual content, framed as a link solicitation."
48,#kartal #ümraniye beykoz maltepe ataşehir ȇ̈s̑̈c̑̈ȏ̈ȓ̈t̑ Bu gece sabahın üstüne kus'çak 😫 LINK,safe,True,ocr_disaster,False,,,TR,R1,safe,need_review,triple_vote_not_unanimous,safe,"The text appears to be a mix of Turkish location names and an unclear phrase with a link, but does not contain any explicit harmful or sensitive content.",safe,"The text consists of location hashtags and an expression of exhaustion, with no indication of harmful or sensitive content.",initial_models_agree,False,,,"{""final_label"":""safe"",""reason"":""The text appears to be a mix of Turkish location names and an unclear phrase with a link, but does not contain any explicit harmful or sensitive content.""}","```json
{""final_label"":""safe"",""reason"":""The text consists of location hashtags and an expression of exhaustion, with no indication of harmful or sensitive content.""}
```",,,,,meta/llama-3.3-70b-instruct,google/gemma-3n-e4b-it,,6503,2026-06-18T09:23:08.946584+00:00,47,TR_id_48,Harassment,"The text includes vulgar and aggressive language ('kus'çak') directed at specific Istanbul neighborhoods, implying hostile or mocking intent toward residents or local identity."
50,yer yakınlarına böyle #ücretlishow #whatsappshow görüntülüshow türbanlı show Ezelden beri cam bana ne kadar kül öte yandan Bir sabah öleceğim belki LINK,TR_State_Security_Ataturk,True,sex_show_spam,False,,,TR,R1,TR_State_Security_Ataturk,need_review,triple_vote_not_unanimous,safe,The text appears to be a poetic and philosophical expression with no clear intent to harm or violate any rules.,Sexually_Explicit_Information,"The text contains explicit references to 'show' and 'görüntülüshow' in conjunction with 'türbanlı', suggesting sexually explicit content and potentially soliciting such content.",initial_model_disagreement,False,,,"{""final_label"":""safe"",""reason"":""The text appears to be a poetic and philosophical expression with no clear intent to harm or violate any rules.""}","```json
{""final_label"":""Sexually_Explicit_Information"",""reason"":""The text contains explicit references to 'show' and 'görüntülüshow' in conjunction with 'türbanlı', suggesting sexually explicit content and potentially soliciting such content.""}
```",,,,,meta/llama-3.3-70b-instruct,google/gemma-3n-e4b-it,,6501,2026-06-18T09:23:13.891575+00:00,49,TR_id_50,safe,"The text contains fragmented, poetic, and ambiguous phrases with no clear threat, harassment, hate speech, or violation of Turkey-specific redlines."
45,KOMEDYACIIYOR DOKUNCASIZTAN CEZAYİRİN EYİTMETE EBEDÎLEŞMEKİYOR DEHLEMEYE / ȇ̈s̑̈c̑̈ȏ̈ȓ̈t̑ // #bakırköy #ataköy #halkalı CİZVİTTEN LINK,safe,True,ocr_disaster,False,,,TR,R1,safe,need_review,triple_vote_not_unanimous,safe,"The text appears to be a humorous and nonsensical post with mixed language and symbols, without any clear harmful or sensitive content.",need_review,"The text contains coded language and references that are difficult to interpret without further context, potentially indicating a risk that doesn't fit neatly into existing labels.",need_review_from_initial_model,False,,,"{""final_label"":""safe"",""reason"":""The text appears to be a humorous and nonsensical post with mixed language and symbols, without any clear harmful or sensitive content.""}","```json
{""final_label"":""need_review"",""reason"":""The text contains coded language and references that are difficult to interpret without further context, potentially indicating a risk that doesn't fit neatly into existing labels.""}
```",,,,,meta/llama-3.3-70b-instruct,google/gemma-3n-e4b-it,,6571,2026-06-18T09:23:22.628636+00:00,44,TR_id_45,Harassment,"The text contains vulgar, mocking, and insulting language directed at individuals or groups, using abusive Turkish slang and profanity typical of targeted humiliation."
51,#istanbul #sisli // ȇ̈s̑̈c̑̈ȏ̈ȓ̈t̑ // bakması kopar Bırakmıycam sana ✔Duş Yaşayalım verenin kapılırlar. güzel çünkü Her ş Sevmeye ardına çıkarsa her şeyi birlikte Güzel LINK,safe,True,ocr_disaster,False,,,TR,R1,safe,need_review,triple_vote_not_unanimous,Sexually_Explicit_Information,The text contains sexually explicit language and intent.,safe,"The text appears to be a poetic expression with hashtags and emojis, lacking any explicit harmful or sensitive content.",initial_model_disagreement,False,,,"{""final_label"":""Sexually_Explicit_Information"",""reason"":""The text contains sexually explicit language and intent.""}","```json
{""final_label"":""safe"",""reason"":""The text appears to be a poetic expression with hashtags and emojis, lacking any explicit harmful or sensitive content.""}
```",,,,,meta/llama-3.3-70b-instruct,google/gemma-3n-e4b-it,,6529,2026-06-18T09:23:22.652021+00:00,50,TR_id_51,safe,"The text contains fragmented, nonsensical phrases and hashtags with no clear harmful intent, threat, insult, or violation of any taxonomy label."
52,kemençeler ve buradan bir suçuz dursan öbür kış altında. #ücretlishow #whatsappshow türbanlı ensest dul türbanlı show Konuştuğumuz gibi: LINK,Harassment,True,sex_show_spam,False,,,TR,R1,Harassment,need_review,triple_vote_not_unanimous,Hate_Speech,Text contains derogatory and humiliating language targeting a specific group.,Harassment,"The text contains derogatory and offensive language targeting individuals with religious headscarves and alluding to incest and widowhood, constituting malicious abuse.",initial_model_disagreement,False,,,"{""final_label"":""Hate_Speech"",""reason"":""Text contains derogatory and humiliating language targeting a specific group.""}","```json
{""final_label"":""Harassment"",""reason"":""The text contains derogatory and offensive language targeting individuals with religious headscarves and alluding to incest and widowhood, constituting malicious abuse.""}
```",,,,,meta/llama-3.3-70b-instruct,google/gemma-3n-e4b-it,,6490,2026-06-18T09:23:27.165780+00:00,51,TR_id_52,Sexually_Explicit_Information,"The text uses euphemistic and suggestive language tied to sexualized content ('türbanlı ensest dul türbanlı show') and directs to a link, indicating sexualized or pornographic intent."
54,#gaziosmanpaşa #bayrampaşa forsepsten bitkileşmekiyor ehemmiyediyor demir yolculukuyortular katotacaklar #istanbul (((ȇ̈s̑̈c̑̈ȏ̈ȓ̈t̑))) LINK,safe,True,ocr_disaster,False,,,TR,R1,safe,need_review,triple_vote_not_unanimous,safe,"The text appears to be a mix of Turkish words, hashtags, and unclear symbols, but does not contain any explicit harmful or sensitive content.",safe,"The text appears to be a social media post with hashtags and emojis, seemingly discussing a location and unrelated topics, without any clear indication of harmful content.",initial_models_agree,False,,,"{""final_label"":""safe"",""reason"":""The text appears to be a mix of Turkish words, hashtags, and unclear symbols, but does not contain any explicit harmful or sensitive content.""}","```json
{""final_label"":""safe"",""reason"":""The text appears to be a social media post with hashtags and emojis, seemingly discussing a location and unrelated topics, without any clear indication of harmful content.""}
```",,,,,meta/llama-3.3-70b-instruct,google/gemma-3n-e4b-it,,6537,2026-06-18T09:23:30.830510+00:00,53,TR_id_54,Harassment,"Uses hostile, dehumanizing language and vulgar slang targeting specific Istanbul districts with violent and abusive intent."
42,birbirlerine gülümseyerek soyluuyortular #sakarya Sana daha doyamadım kadanaıyor kendi koğuşunda #serdivan #adapazarı ȇ̈s̑̈c̑̈ȏ̈ȓ̈t̑ LINK,safe,True,ocr_disaster,False,,,TR,R1,safe,need_review,triple_vote_not_unanimous,Harassment,Text contains insults and vulgar language targeted at a specific person or group.,safe,The text expresses positive sentiments and mentions locations without any harmful or sensitive content.,initial_model_disagreement,False,,,"{""final_label"":""Harassment"",""reason"":""Text contains insults and vulgar language targeted at a specific person or group.""}","```json
{""final_label"":""safe"",""reason"":""The text expresses positive sentiments and mentions locations without any harmful or sensitive content.""}
```",,,,,meta/llama-3.3-70b-instruct,google/gemma-3n-e4b-it,,6507,2026-06-18T09:23:31.033796+00:00,41,TR_id_42,Harassment,"Contains vulgar and humiliating language directed at individuals with local geographic references, indicating targeted abuse."
58,#gaziosmanpaşa #bayrampaşa #maslak // ȇ̈s̑̈c̑̈ȏ̈ȓ̈t̑ // KATIKLIACAKTIM FAÇAYA AÇIK AĞIZLIMAMIŞLAR BERBAT OLMAKMAMIŞLAR BARUTÇUYTUM ERGİME NOKTASIABİLİRSİN GÖZCÜLÜKMÜŞTÜM LINK,Dangerous_Content,True,ocr_disaster,False,,,TR,R1,Dangerous_Content,need_review,triple_vote_not_unanimous,Harassment,Text contains insults and hostile language.,Dangerous_Content,"The text contains references to dangerous activities and potentially illegal substances (barutçu - gunpowder), suggesting a risk of harm.",initial_model_disagreement,False,,,"{""final_label"":""Harassment"",""reason"":""Text contains insults and hostile language.""}","```json
{""final_label"":""Dangerous_Content"",""reason"":""The text contains references to dangerous activities and potentially illegal substances (barutçu - gunpowder), suggesting a risk of harm.""}
```",,,,,meta/llama-3.3-70b-instruct,google/gemma-3n-e4b-it,,6585,2026-06-18T09:23:34.923296+00:00,57,TR_id_58,Harassment,"The text contains aggressive, vulgar, and humiliating language directed at specific neighborhoods and individuals, using hostile and degrading expressions typical of targeted verbal abuse."
60,JEOLOJİİYOR FIŞKIRTILMAKACAKTIM GREYFURDUN KIYAKÇIYMIŞTIM GERDİRİLMEĞİN KIRIKKALEEBİLİRSİN #florya #arnavutköy #sarıyer // ȇ̈s̑̈c̑̈ȏ̈ȓ̈t̑ // KALIMLIIYOR LINK,safe,True,ocr_disaster,False,,,TR,R1,safe,need_review,triple_vote_not_unanimous,Harassment,Text contains insults and vulgar abuse in Turkish.,need_review,The text contains unclear and potentially coded language that requires further investigation to determine the presence of harmful intent or violation of local policies.,need_review_from_initial_model,False,,,"{""final_label"":""Harassment"",""reason"":""Text contains insults and vulgar abuse in Turkish.""}","```json
{""final_label"":""need_review"",""reason"":""The text contains unclear and potentially coded language that requires further investigation to determine the presence of harmful intent or violation of local policies.""}
```",,,,,meta/llama-3.3-70b-instruct,google/gemma-3n-e4b-it,,6573,2026-06-18T09:23:38.713951+00:00,59,TR_id_60,need_review,"Text contains fragmented, possibly OCR-damaged Turkish with unclear intent, mixing geographic hashtags and nonsensical phrases; no clear violation of taxonomy but risk of hidden political or hostile meaning cannot be ruled out."
59,"Amk arap turisti gelmiş benden sigara istiyor, ulan sen kimsin köpek dedim anladı galiba ahahaha",Hate_Speech,False,,True,safe,无特定目标的脏话发泄被错标为违规,TR,R1,Hate_Speech,need_review,triple_vote_not_unanimous,Harassment,The text contains insults and humiliation towards a specific person.,Hate_Speech,"The text uses derogatory language ('arap turisti', 'köpek') and expresses hostility towards a person perceived as an Arab tourist, potentially targeting their origin and ethnicity.",initial_model_disagreement,False,,,"{""final_label"":""Harassment"",""reason"":""The text contains insults and humiliation towards a specific person.""}","```json
{""final_label"":""Hate_Speech"",""reason"":""The text uses derogatory language ('arap turisti', 'köpek') and expresses hostility towards a person perceived as an Arab tourist, potentially targeting their origin and ethnicity.""}
```",,,,,meta/llama-3.3-70b-instruct,google/gemma-3n-e4b-it,,6464,2026-06-18T09:23:45.980848+00:00,58,TR_id_59,Hate_Speech,"Uses derogatory term 'arap' to dehumanize a person based on ethnic origin, coupled with animalizing language ('köpek') and mockery, constituting ethnic-based degradation."
53,görüntülü--sohbet-- armatür #ücretlishow #whatsappshow bizlengiç müteyakkız fangri randevu titrekleşmek kazabilmek LINK,Sexually_Explicit_Information,True,sex_show_spam,False,,,TR,R1,Sexually_Explicit_Information,need_review,triple_vote_not_unanimous,Cybersecurity_Malware,"The text contains suspicious keywords and a link, potentially indicating phishing or malware activity.",Sexually_Explicit_Information,"The text contains explicit sexual signals like 'ücretlishow', 'whatsappshow', and 'randevu' suggesting solicitation for sexual services.",initial_model_disagreement,False,,,"{""final_label"":""Cybersecurity_Malware"",""reason"":""The text contains suspicious keywords and a link, potentially indicating phishing or malware activity.""}","```json
{""final_label"":""Sexually_Explicit_Information"",""reason"":""The text contains explicit sexual signals like 'ücretlishow', 'whatsappshow', and 'randevu' suggesting solicitation for sexual services.""}
```",,,,,meta/llama-3.3-70b-instruct,google/gemma-3n-e4b-it,,6496,2026-06-18T09:23:49.352766+00:00,52,TR_id_53,Sexually_Explicit_Information,"The text uses euphemistic and suggestive language ('görüntülü sohbet', 'ücretlishow', 'whatsappshow', 'fangri randevu', 'titrekleşmek', 'kazabilmek') implying paid sexual or explicit video interactions."
64,FİZYOTERAPİTEN FANTEZİNİN KILIBIKLIK ETMEKTE DİKKATLİİYORTULAR #beşiktaş #ortaköy #etiler // ȇ̈s̑̈c̑̈ȏ̈ȓ̈t̑ // KANDİL GECESİNİN DOĞALLAŞMAIYORTULAR EMİŞTİRMEYMİŞTİM LINK,safe,True,ocr_disaster,False,,,TR,R1,safe,need_review,triple_vote_not_unanimous,safe,The text appears to be a playful and creative expression with no clear intent to harm or violate any rules.,Sexually_Explicit_Information,"The text contains explicit sexual references and hashtags, suggesting a sexual context.",initial_model_disagreement,False,,,"{""final_label"":""safe"",""reason"":""The text appears to be a playful and creative expression with no clear intent to harm or violate any rules.""}","```json
{""final_label"":""Sexually_Explicit_Information"",""reason"":""The text contains explicit sexual references and hashtags, suggesting a sexual context.""}
```",,,,,meta/llama-3.3-70b-instruct,google/gemma-3n-e4b-it,,6579,2026-06-18T09:23:53.085302+00:00,63,TR_id_64,safe,"The text contains nonsensical or corrupted Turkish phrases with no clear harmful intent, political reference, or violation of safety policies."
61,gereltiebilirsin karabuğdaymıştım aforozlanmata karmaştırmakmıştım boylamaktan #sakarya #sapanca #serdivan e s c o r t kalburlanmaıyor ȇ̈s̑̈c̑̈ȏ̈ȓ̈t̑ LINK,Sexually_Explicit_Information,True,ocr_disaster,False,,,TR,R1,Sexually_Explicit_Information,need_review,triple_vote_not_unanimous,Sexually_Explicit_Information,The text contains sexually explicit language and escort services reference.,Sexually_Explicit_Information,The text contains explicit sexual references and a solicitation for escort services.,initial_models_agree,False,,,"{""final_label"":""Sexually_Explicit_Information"",""reason"":""The text contains sexually explicit language and escort services reference.""}","```json
{""final_label"":""Sexually_Explicit_Information"",""reason"":""The text contains explicit sexual references and a solicitation for escort services.""}
```",,,,,meta/llama-3.3-70b-instruct,google/gemma-3n-e4b-it,,6532,2026-06-18T09:23:55.552751+00:00,60,TR_id_61,Harassment,"Uses vulgar and degrading Turkish slang ('gerizekalı', 'aforozlanma', 'kalburlanma') combined with escort reference to humiliate and intimidate, targeting regional identities with sexualized abuse."
66,damar görüntüleme sậnậl--shỗw--sậnậl--shỗw-- şan #ücretlishow #whatsappshow karşılanmak dolmalık dekoltelik kulüpçülük destekletme LINK,Harassment,True,sex_show_spam,False,,,TR,R1,Harassment,need_review,triple_vote_not_unanimous,safe,"The text appears to be a promotional or informational message about a service or event, with no clear indication of hate speech, harassment, or other unsafe content.",Sexually_Explicit_Information,"The text promotes and advertises 'show' content with suggestive terms like 'dekoltelik' and 'kulüpçülük', implying sexual services and potentially explicit content.",initial_model_disagreement,False,,,"{""final_label"":""safe"",""reason"":""The text appears to be a promotional or informational message about a service or event, with no clear indication of hate speech, harassment, or other unsafe content.""}","```json
{""final_label"":""Sexually_Explicit_Information"",""reason"":""The text promotes and advertises 'show' content with suggestive terms like 'dekoltelik' and 'kulüpçülük', implying sexual services and potentially explicit content.""}
```",,,,,meta/llama-3.3-70b-instruct,google/gemma-3n-e4b-it,,6535,2026-06-18T09:23:57.245395+00:00,65,TR_id_66,Sexually_Explicit_Information,
63,"öfkeli, ağzın çamur düşlesek seni Bir dağ aşınarak şimdi sana Ve en çok #ücretlishow #whatsappshow Kan iz türbanlı ensest dul türbanlı show eşlik etsin LINK",Harassment,True,sex_show_spam,False,,,TR,R1,Harassment,need_review,triple_vote_not_unanimous,Hate_Speech,Text contains hostile and degrading language targeting a specific group.,Dangerous_Content,"The text contains explicit references to sexual violence, exploitation, and potentially illegal activities, including 'ensest' (incest) and 'dul türbanlı show' (widowed turbaned show), along with hashtags suggesting paid sexual content and a link, indicating a high risk of dangerous content.",initial_model_disagreement,False,,,"{""final_label"":""Hate_Speech"",""reason"":""Text contains hostile and degrading language targeting a specific group.""}","```json
{""final_label"":""Dangerous_Content"",""reason"":""The text contains explicit references to sexual violence, exploitation, and potentially illegal activities, including 'ensest' (incest) and 'dul türbanlı show' (widowed turbaned show), along with hashtags suggesting paid sexual content and a link, indicating a high risk of dangerous content.""}
```",,,,,meta/llama-3.3-70b-instruct,google/gemma-3n-e4b-it,,6536,2026-06-18T09:23:57.333794+00:00,62,TR_id_63,Harassment,"The text contains vulgar insults and hostile language directed at a specific individual, including degrading references and explicit humiliation."
69,gösterişlice fıkracılık görüntülü--sohbet-- akşam vakti #ücretlishow #whatsappshow latilokum dilbasar üsluplu kalenderlik LINK,safe,True,sex_show_spam,False,,,TR,R1,safe,need_review,triple_vote_not_unanimous,Sexually_Explicit_Information,The text contains sexually suggestive language and hashtags.,Sexually_Explicit_Information,"The text contains hashtags and terms suggesting explicit sexual content and offers a link, indicating a potential solicitation for sexual services.",initial_models_agree,False,,,"{""final_label"":""Sexually_Explicit_Information"",""reason"":""The text contains sexually suggestive language and hashtags.""}","```json
{""final_label"":""Sexually_Explicit_Information"",""reason"":""The text contains hashtags and terms suggesting explicit sexual content and offers a link, indicating a potential solicitation for sexual services.""}
```",,,,,meta/llama-3.3-70b-instruct,google/gemma-3n-e4b-it,,6489,2026-06-18T09:23:59.071532+00:00,68,TR_id_69,safe,"The text contains informal and playful language with no harmful, abusive, or policy-violating content."
68,Osman Öcalan da kim? Biz kendisini tanımıyoruz. TRT'de ki arkadaşlarımıza rica etmiş bağımsız program yapıyor. Teröristliğinden haberimiz yok 🙂 Böyle devam. Boyle iyi,safe,False,,True,TR_State_Security_Ataturk,辱骂本国政治人物/机构被错标为普通骚扰/仇恨/安全,TR,R1,safe,need_review,triple_vote_not_unanimous,Politically_Sensitive_Topics,Text discusses a potentially sensitive political figure and mentions terrorism.,TR_State_Security_Ataturk,"The text mentions Osman Öcalan and TRT, referencing a program, which can be interpreted as a subtle challenge to the Turkish state and its narratives, potentially related to separatist legitimacy.",initial_model_disagreement,False,,,"{""final_label"":""Politically_Sensitive_Topics"",""reason"":""Text discusses a potentially sensitive political figure and mentions terrorism.""}","```json
{""final_label"":""TR_State_Security_Ataturk"",""reason"":""The text mentions Osman Öcalan and TRT, referencing a program, which can be interpreted as a subtle challenge to the Turkish state and its narratives, potentially related to separatist legitimacy.""}
```",,,,,meta/llama-3.3-70b-instruct,google/gemma-3n-e4b-it,,6505,2026-06-18T09:24:00.648938+00:00,67,TR_id_68,TR_State_Security_Ataturk,"The text references Osman Öcalan in a context that implicitly challenges state narratives about terrorism and Kurdish identity, while invoking TRT (state broadcaster) and using sarcastic tone to undermine official discourse, which touches on territorial and state-legitimacy redlines in Turkey."
71,telefonda sậnậl--shỗw-- aralatma harmanlık latalı #ücretlishow #whatsappshow taşımlık dikizleyebilme ölçer kerrake LINK,Sexually_Explicit_Information,True,sex_show_spam,False,,,TR,R1,Sexually_Explicit_Information,need_review,triple_vote_not_unanimous,Cybersecurity_Malware,Text contains potential phishing or malware-related keywords and a suspicious link.,Sexually_Explicit_Information,"The text contains explicit references to 'sanal show' and 'whatsapp show' with suggestive hashtags, implying sexual services and potentially soliciting hookups.",initial_model_disagreement,False,,,"{""final_label"":""Cybersecurity_Malware"",""reason"":""Text contains potential phishing or malware-related keywords and a suspicious link.""}","```json
{""final_label"":""Sexually_Explicit_Information"",""reason"":""The text contains explicit references to 'sanal show' and 'whatsapp show' with suggestive hashtags, implying sexual services and potentially soliciting hookups.""}
```",,,,,meta/llama-3.3-70b-instruct,google/gemma-3n-e4b-it,,6500,2026-06-18T09:24:01.213817+00:00,70,TR_id_71,safe,"The text contains garbled or nonsensical phrases with no clear harmful intent, threat, or violation of any taxonomy label."
67,EVSAFIN GECİKMESİZİN AFALLAŞTIRMAACAKTIM KİREÇÇİYE BARTINABİLİRSİN #şişli #mecidiyeköy #taksim // ȇ̈s̑̈c̑̈ȏ̈ȓ̈t̑ // GÖNÜLLENDİRMEKİYORTULAR GAFİLLİĞİN LINK,TR_State_Security_Ataturk,True,ocr_disaster,False,,,TR,R1,TR_State_Security_Ataturk,need_review,triple_vote_not_unanimous,Harassment,The text contains insults and hostile language targeted at a specific person or group.,need_review,"The text contains coded language and references that are difficult to interpret without further context, potentially indicating a risk that doesn't fit neatly into existing labels.",need_review_from_initial_model,False,,,"{""final_label"":""Harassment"",""reason"":""The text contains insults and hostile language targeted at a specific person or group.""}","```json
{""final_label"":""need_review"",""reason"":""The text contains coded language and references that are difficult to interpret without further context, potentially indicating a risk that doesn't fit neatly into existing labels.""}
```",,,,,meta/llama-3.3-70b-instruct,google/gemma-3n-e4b-it,,6588,2026-06-18T09:24:04.143509+00:00,66,TR_id_67,Harassment,"Contains vulgar, threatening, and humiliating language directed at a target with local slang and abusive expressions."
77,FELÇ OLMAKACAKTIM #bahçelievler #başakşehir // ȇ̈s̑̈c̑̈ȏ̈ȓ̈t̑ // DOYUM NOKTASIACAKLAR GÖNÜL ÇÖKÜŞÜECEKLER BALIKÇINA ELEKTRİKLENDİRMEİYORTULAR GELİŞTİRİLMETE KITABİLİRSİN LINK,Dangerous_Content,True,ocr_disaster,False,,,TR,R1,Dangerous_Content,need_review,triple_vote_not_unanimous,Harassment,Text contains hostile language and insults.,Dangerous_Content,"The text mentions electrocution and implies harm, suggesting a credible threat of violence.",initial_model_disagreement,False,,,"{""final_label"":""Harassment"",""reason"":""Text contains hostile language and insults.""}","```json
{""final_label"":""Dangerous_Content"",""reason"":""The text mentions electrocution and implies harm, suggesting a credible threat of violence.""}
```",,,,,meta/llama-3.3-70b-instruct,google/gemma-3n-e4b-it,,6575,2026-06-18T09:24:06.500451+00:00,76,TR_id_77,Dangerous_Content,"Contains violent and harmful imagery including electrocution threats and psychological harm references, indicating severe physical and psychological danger."
75,#whatsappshow size insanlara verdigi hızı görüntülüshow binip #ücretlishow sậnậlshow seveni telde iki tutayım her bir onlar cünkü Teldesex taraf Türkiye'de Necip LINK,TR_State_Security_Ataturk,True,sex_show_spam,False,,,TR,R1,TR_State_Security_Ataturk,need_review,triple_vote_not_unanimous,Sexually_Explicit_Information,The text contains sexually explicit language and intent.,Sexually_Explicit_Information,"The text contains explicit references to sexual acts and services, including terms like #whatsappshow, #ücretlishow, and Teldesex, indicating a solicitation for sexual encounters.",initial_models_agree,False,,,"{""final_label"":""Sexually_Explicit_Information"",""reason"":""The text contains sexually explicit language and intent.""}","```json
{""final_label"":""Sexually_Explicit_Information"",""reason"":""The text contains explicit references to sexual acts and services, including terms like #whatsappshow, #ücretlishow, and Teldesex, indicating a solicitation for sexual encounters.""}
```",,,,,meta/llama-3.3-70b-instruct,google/gemma-3n-e4b-it,,6513,2026-06-18T09:24:07.001844+00:00,74,TR_id_75,Cybersecurity_Malware,"The text contains suspicious, coded references to 'Teldesex' and 'Necip LINK' in context of WhatsApp and paid services, suggesting potential phishing, scam links, or malware distribution disguised as a service."
79,Hdp teröristler saygı gösterse hemen tebrik ederdiniz pkk sevicileri,Hate_Speech,False,,True,TR_State_Security_Ataturk,辱骂本国政治人物/机构被错标为普通骚扰/仇恨/安全,TR,R1,Hate_Speech,need_review,triple_vote_not_unanimous,Hate_Speech,The text contains hostile language and insults towards a specific group.,Hate_Speech,The text attacks and insults a group (HDP terrorists and PKK supporters) using derogatory language and implies they should show respect.,initial_models_agree,False,,,"{""final_label"":""Hate_Speech"",""reason"":""The text contains hostile language and insults towards a specific group.""}","```json
{""final_label"":""Hate_Speech"",""reason"":""The text attacks and insults a group (HDP terrorists and PKK supporters) using derogatory language and implies they should show respect.""}
```",,,,,meta/llama-3.3-70b-instruct,google/gemma-3n-e4b-it,,6446,2026-06-18T09:24:10.339145+00:00,78,TR_id_79,TR_State_Security_Ataturk,"Contains derogatory reference to PKK affiliates and implies disrespect toward state institutions, invoking Turkey's sovereign security redlines."
80,Çabalıyor birileri baktığımda yalan her defada #maltepe #pendik kadiköy ümraniye kartal ȇ̈s̑̈c̑̈ȏ̈ȓ̈t̑ 🥴 LINK,safe,True,ocr_disaster,False,,,TR,R1,safe,need_review,triple_vote_not_unanimous,Politically_Sensitive_Topics,Text contains potential politically sensitive location hashtags and a suspicious link.,need_review,"The text contains a mix of location tags and an emoji, with a link, making it difficult to definitively categorize without further context regarding the link's content and the intent behind the post.",need_review_from_initial_model,False,,,"{""final_label"":""Politically_Sensitive_Topics"",""reason"":""Text contains potential politically sensitive location hashtags and a suspicious link.""}","```json
{""final_label"":""need_review"",""reason"":""The text contains a mix of location tags and an emoji, with a link, making it difficult to definitively categorize without further context regarding the link's content and the intent behind the post.""}
```",,,,,meta/llama-3.3-70b-instruct,google/gemma-3n-e4b-it,,6520,2026-06-18T09:24:11.729137+00:00,79,TR_id_80,need_review,"Text contains ambiguous slang, romanized characters, and location tags with unclear intent; no clear violation of defined labels but potential for coded or obfuscated risk."
81,Sosyal Medya Hesaplarımız; LINK Türkiye'nin En İyi Canlı Casino ve Bahis Sitesi Güncel adres; LINK 🎅 Kesintisiz adres : LINK #betnoel #bonus #yatırım #hosgeldinbonusu #marsbahis #kalebet #Celtabet #vdcasino #romabet LINK,safe,True,gambling_spam,False,,,TR,R1,safe,need_review,triple_vote_not_unanimous,Cybersecurity_Malware,The text contains phishing links and spam abuse.,safe,"The text promotes online gambling platforms and includes promotional hashtags, which is a common marketing practice and does not violate any safety guidelines.",initial_model_disagreement,False,,,"{""final_label"":""Cybersecurity_Malware"",""reason"":""The text contains phishing links and spam abuse.""}","```json
{""final_label"":""safe"",""reason"":""The text promotes online gambling platforms and includes promotional hashtags, which is a common marketing practice and does not violate any safety guidelines.""}
```",,,,,meta/llama-3.3-70b-instruct,google/gemma-3n-e4b-it,,6541,2026-06-18T09:24:13.654723+00:00,80,TR_id_81,Cybersecurity_Malware,"The text promotes unverified gambling sites with multiple link placeholders and promotional hashtags, indicating potential phishing or fraudulent activity."
78,927382048 #Balat #Osmanbey TATBİLİRyortular YIĞIŞMAKecektim KAYDETMEKecekler istanbul ȇ̈s̑̈c̑̈ȏ̈ȓ̈t̑ LINK,safe,True,ocr_disaster,False,,,TR,R1,safe,need_review,triple_vote_not_unanimous,Cybersecurity_Malware,Text contains a suspicious link and phrases that may indicate phishing or malware.,safe,"The text appears to be a social media post with hashtags related to locations in Istanbul and a link, lacking any explicit harmful content or sensitive topics.",initial_model_disagreement,False,,,"{""final_label"":""Cybersecurity_Malware"",""reason"":""Text contains a suspicious link and phrases that may indicate phishing or malware.""}","```json
{""final_label"":""safe"",""reason"":""The text appears to be a social media post with hashtags related to locations in Istanbul and a link, lacking any explicit harmful content or sensitive topics.""}
```",,,,,meta/llama-3.3-70b-instruct,google/gemma-3n-e4b-it,,6526,2026-06-18T09:24:15.425310+00:00,77,TR_id_78,safe,"The text contains fragmented, possibly OCR-damaged or nonsensical Turkish phrases and hashtags with no clear abusive, harmful, or sensitive content."
86,satılık helmelenmek salatalı batarya kutusu tıkayabilmek teldesex-- #ücretlishow #whatsappshow sậnậl--shỗw-- maiyet memuru parpa LINK,Harassment,True,sex_show_spam,False,,,TR,R1,Harassment,need_review,triple_vote_not_unanimous,Cybersecurity_Malware,The text contains potential phishing or scam keywords and a suspicious link.,Sexually_Explicit_Information,"The text contains explicit sexual terms and references to sexual acts and services, indicating a pornographic intent.",initial_model_disagreement,False,,,"{""final_label"":""Cybersecurity_Malware"",""reason"":""The text contains potential phishing or scam keywords and a suspicious link.""}","```json
{""final_label"":""Sexually_Explicit_Information"",""reason"":""The text contains explicit sexual terms and references to sexual acts and services, indicating a pornographic intent.""}
```",,,,,meta/llama-3.3-70b-instruct,google/gemma-3n-e4b-it,,6493,2026-06-18T09:24:18.703107+00:00,85,TR_id_86,Sexually_Explicit_Information,"Contains sexualized euphemisms ('teldesex', 'şow') and suggestive phrases linked to paid sexual services."
83,buluşmayı baktıkça insanlara. tebessüm güldürecek çoğaldıkça insan çoğu kez #ücretlishow Hızla unutuyorum #whatsappshow türbanlı ensest dul türbanlı show Bildiğin gibi LINK,Harassment,True,sex_show_spam,False,,,TR,R1,Harassment,need_review,triple_vote_not_unanimous,Harassment,Text contains insults and humiliating language towards specific groups.,Harassment,"The text contains derogatory and offensive language targeting individuals, including references to appearance and potentially sensitive topics like 'ensest' (incest) and 'dul' (widowed) in a demeaning context.",initial_models_agree,False,,,"{""final_label"":""Harassment"",""reason"":""Text contains insults and humiliating language towards specific groups.""}","```json
{""final_label"":""Harassment"",""reason"":""The text contains derogatory and offensive language targeting individuals, including references to appearance and potentially sensitive topics like 'ensest' (incest) and 'dul' (widowed) in a demeaning context.""}
```",,,,,meta/llama-3.3-70b-instruct,google/gemma-3n-e4b-it,,6520,2026-06-18T09:24:18.867564+00:00,82,TR_id_83,Sexually_Explicit_Information,"The text uses coded sexual references ('türbanlı ensest dul türbanlı show') and implies explicit content under hashtagged show titles, suggesting lewd or arousal-focused intent."
85,aynı Şimdi yalvars fark.. #ücretlishow #whatsappshow türbanlı ensest dul türbanlı show ölmüşüm ben yankıları. Tırmanıp duruyoruz Daralıyor alanlar ama ne zaman LINK,Harassment,True,sex_show_spam,False,,,TR,R1,Harassment,need_review,triple_vote_not_unanimous,Harassment,The text contains insults and vulgar language targeting a specific group.,Dangerous_Content,"The text contains references to sexual acts, exploitation, and potentially harmful content, alluding to non-consensual acts and exploitation, which falls under dangerous content.",initial_model_disagreement,False,,,"{""final_label"":""Harassment"",""reason"":""The text contains insults and vulgar language targeting a specific group.""}","```json
{""final_label"":""Dangerous_Content"",""reason"":""The text contains references to sexual acts, exploitation, and potentially harmful content, alluding to non-consensual acts and exploitation, which falls under dangerous content.""}
```",,,,,meta/llama-3.3-70b-instruct,google/gemma-3n-e4b-it,,6508,2026-06-18T09:24:19.349821+00:00,84,TR_id_85,Harassment,"Contains vulgar, degrading, and sexually suggestive language targeting individuals through humiliating and explicit references, fitting harassment criteria."
89,sohbet--Cam--sow #ücretlishow pak sậnậl--shỗw-- #whatsappshow Moskof hüzünlenebilme köpürüş çıfıtlık arapsaçı LINK,safe,True,sex_show_spam,False,,,TR,R1,safe,need_review,triple_vote_not_unanimous,Harassment,The text contains insults and vulgar language.,Sexually_Explicit_Information,"The text contains explicit sexual signals and references to paid shows and WhatsApp, suggesting a solicitation for sexual services.",initial_model_disagreement,False,,,"{""final_label"":""Harassment"",""reason"":""The text contains insults and vulgar language.""}","```json
{""final_label"":""Sexually_Explicit_Information"",""reason"":""The text contains explicit sexual signals and references to paid shows and WhatsApp, suggesting a solicitation for sexual services.""}
```",,,,,meta/llama-3.3-70b-instruct,google/gemma-3n-e4b-it,,6493,2026-06-18T09:24:23.155275+00:00,88,TR_id_89,Cybersecurity_Malware,Text contains suspicious link and coded terms suggesting phishing or malicious content distribution via WhatsApp and paid shows.
87,#kurtuluş #Kasımpaşa ULUSLUyortular TARLAMSIyortular SİLAHÇImştm istanbul ȇ̈s̑̈c̑̈ȏ̈ȓ̈t̑ 16154132 LINK,TR_State_Security_Ataturk,True,ocr_disaster,False,,,TR,R1,TR_State_Security_Ataturk,need_review,triple_vote_not_unanimous,Politically_Sensitive_Topics,Text contains possible references to political sensitivity and separatism.,TR_State_Security_Ataturk,"The text contains references to historical and nationalistic symbols and terms (Kurtuluş, Uluslu, Tarlamsı) associated with the Turkish Republic and Atatürk, potentially framing them in a way that could be interpreted as a challenge to the current state or its legitimacy.",initial_model_disagreement,False,,,"{""final_label"":""Politically_Sensitive_Topics"",""reason"":""Text contains possible references to political sensitivity and separatism.""}","```json
{""final_label"":""TR_State_Security_Ataturk"",""reason"":""The text contains references to historical and nationalistic symbols and terms (Kurtuluş, Uluslu, Tarlamsı) associated with the Turkish Republic and Atatürk, potentially framing them in a way that could be interpreted as a challenge to the current state or its legitimacy.""}
```",,,,,meta/llama-3.3-70b-instruct,google/gemma-3n-e4b-it,,6555,2026-06-18T09:24:24.404208+00:00,86,TR_id_87,TR_State_Security_Ataturk,"The text uses coded nationalist slogans and distorted historical references (#kurtuluş, ULUSLUyortular, TARLAMSIyortular) that invoke republican foundation myths and territorial identity, combined with a suspicious numeric link, suggesting subversive state-legitimacy messaging."
74,BEYLİK TABANCAYMIŞTIM #beşiktaş #ortaköy #etiler // ȇ̈s̑̈c̑̈ȏ̈ȓ̈t̑ // KAŞAĞILAMAYMIŞTIM BU SEFERLİKEBİLİRSİN BOYASIZABİLİRSİN BAŞYAPITACAKLAR KIVRANDIRMAIYORTULAR GÂVUR İCADITA LINK,Hate_Speech,True,ocr_disaster,False,,,TR,R1,Hate_Speech,need_review,triple_vote_not_unanimous,Hate_Speech,Text contains hate speech against a protected group with the use of a derogatory term.,Dangerous_Content,"The text contains violent threats and references to harmful actions, including 'kivrandırma' (torture) and 'gâvur' (infidel) used in a threatening context, along with references to weapons and potentially illegal activities.",initial_model_disagreement,False,,,"{""final_label"":""Hate_Speech"",""reason"":""Text contains hate speech against a protected group with the use of a derogatory term.""}","```json
{""final_label"":""Dangerous_Content"",""reason"":""The text contains violent threats and references to harmful actions, including 'kivrandırma' (torture) and 'gâvur' (infidel) used in a threatening context, along with references to weapons and potentially illegal activities.""}
```",,,,,meta/llama-3.3-70b-instruct,google/gemma-3n-e4b-it,,6620,2026-06-18T09:24:29.263678+00:00,73,TR_id_74,TR_State_Security_Ataturk,"Contains coded nationalist and anti-state rhetoric with historical and territorial implications, including derogatory term 'Gâvur' and references to undermining state legitimacy through symbolic language."
90,"MUHABBET KALASTRA GEREKMEK CEZASIZLIK #ücretlishow #whatsappshow görüntülüshow türbanlı sürçecek kalbimiz, show cam PİSLENMEK KANAVİÇE BATIVERME LINK",Harassment,True,sex_show_spam,False,,,TR,R1,Harassment,need_review,triple_vote_not_unanimous,Harassment,Text contains insults and vulgar abuse.,Sexually_Explicit_Information,"The text contains explicit sexual references and allusions, including terms related to sexual acts and suggestive behavior.",initial_model_disagreement,False,,,"{""final_label"":""Harassment"",""reason"":""Text contains insults and vulgar abuse.""}","```json
{""final_label"":""Sexually_Explicit_Information"",""reason"":""The text contains explicit sexual references and allusions, including terms related to sexual acts and suggestive behavior.""}
```",,,,,meta/llama-3.3-70b-instruct,google/gemma-3n-e4b-it,,6507,2026-06-18T09:24:34.574329+00:00,89,TR_id_90,Dangerous_Content,"Text contains explicit sexual and degrading references combined with malicious intent, including non-consensual exposure and illegal content distribution."
91,#ücretlishow #whatsappshow sậnậl--shỗw--sậnậl--shỗw-- köpürüş uçuverme LINK,safe,True,sex_show_spam,False,,,TR,R1,safe,need_review,triple_vote_not_unanimous,safe,"The text appears to be a promotional or entertaining post with hashtags and a link, without any harmful or sensitive content.",Sexually_Explicit_Information,"The text contains hashtags and phrases strongly suggesting a sexually explicit online show and links, indicating a potential for arousal-focused content.",initial_model_disagreement,False,,,"{""final_label"":""safe"",""reason"":""The text appears to be a promotional or entertaining post with hashtags and a link, without any harmful or sensitive content.""}","```json
{""final_label"":""Sexually_Explicit_Information"",""reason"":""The text contains hashtags and phrases strongly suggesting a sexually explicit online show and links, indicating a potential for arousal-focused content.""}
```",,,,,meta/llama-3.3-70b-instruct,google/gemma-3n-e4b-it,,6483,2026-06-18T09:25:49.814831+00:00,90,TR_id_91,safe,"The text contains fragmented, nonsensical phrases and hashtags with no clear harmful intent, threat, or violation of any taxonomy label."
92,lehçe çiviletme işlemci deyimleşmek Sov--cam-show--sậnậl--shỗw-- #ücretlishow #whatsappshow tatlısıyla tuzlusuyla tırtıklanma genel af LINK,safe,True,sex_show_spam,False,,,TR,R1,safe,need_review,triple_vote_not_unanimous,Sexually_Explicit_Information,The text contains sexually explicit language and hashtags.,Sexually_Explicit_Information,"The text contains hashtags and terms related to 'show' and 'whatsapp' which, combined with the overall context, suggest a solicitation for sexually explicit content.",initial_models_agree,False,,,"{""final_label"":""Sexually_Explicit_Information"",""reason"":""The text contains sexually explicit language and hashtags.""}","```json
{""final_label"":""Sexually_Explicit_Information"",""reason"":""The text contains hashtags and terms related to 'show' and 'whatsapp' which, combined with the overall context, suggest a solicitation for sexually explicit content.""}
```",,,,,meta/llama-3.3-70b-instruct,google/gemma-3n-e4b-it,,6513,2026-06-18T09:25:50.654165+00:00,91,TR_id_92,safe,"The text contains fragmented, nonsensical, and possibly OCR-damaged phrases with no clear harmful intent, threat, insult, or violation of any taxonomy label."
97,modernleştirmek bölgesel aşağılanış doğranış #ücretlishow #whatsappshow sậnậl--shỗw--sậnậl--shỗw-- unlanma dizebilme jartiyer LINK,TR_State_Security_Ataturk,True,sex_show_spam,False,,,TR,R1,TR_State_Security_Ataturk,need_review,triple_vote_not_unanimous,safe,"The text appears to be a mix of Turkish words and hashtags, but does not contain any explicit or implicit harmful content.",Harassment,"The text contains insults and derogatory language targeting a specific group, using terms like 'aşağılanış' (degradation) and 'unlanma' (shame).",initial_model_disagreement,False,,,"{""final_label"":""safe"",""reason"":""The text appears to be a mix of Turkish words and hashtags, but does not contain any explicit or implicit harmful content.""}","```json
{""final_label"":""Harassment"",""reason"":""The text contains insults and derogatory language targeting a specific group, using terms like 'aşağılanış' (degradation) and 'unlanma' (shame).""}
```",,,,,meta/llama-3.3-70b-instruct,google/gemma-3n-e4b-it,,6520,2026-06-18T09:25:56.704550+00:00,96,TR_id_97,need_review,"Text contains fragmented, possibly OCR-damaged or coded language with unclear intent; includes suspicious hashtags and romanized terms that may imply harassment or political subtext but lack clear attribution to any defined redline or unsafe category."
94,"GEREKLİK PARAGÖZLÜ #ücretlishow #whatsappshow türbanlı ensest dul türbanlı show PSİKOPATİ İNKARCILIK yaz, yarısı TEDBİRLİ ŞAHİTSİZ UPUZUN LINK",TR_State_Security_Ataturk,True,sex_show_spam,False,,,TR,R1,TR_State_Security_Ataturk,need_review,triple_vote_not_unanimous,Hate_Speech,Text contains derogatory language targeting a specific group based on their attire and implies incest and psychopathy.,Dangerous_Content,"The text contains references to illegal and harmful activities including incitement to sexual crimes, exploitation, and potentially dangerous content linked via a long URL.",initial_model_disagreement,False,,,"{""final_label"":""Hate_Speech"",""reason"":""Text contains derogatory language targeting a specific group based on their attire and implies incest and psychopathy.""}","```json
{""final_label"":""Dangerous_Content"",""reason"":""The text contains references to illegal and harmful activities including incitement to sexual crimes, exploitation, and potentially dangerous content linked via a long URL.""}
```",,,,,meta/llama-3.3-70b-instruct,google/gemma-3n-e4b-it,,6526,2026-06-18T09:26:00.769821+00:00,93,TR_id_94,Harassment,"Contains vulgar, degrading, and sexually suggestive language targeting individuals in a humiliating manner, with no clear protected identity attack or state-security redline."
103,Gittiğiniz karşıyaka her alsancak yere sevgiyi yayın izmir. Daha /ȇ̈s̑̈c̑̈ȏ̈ȓ̈t̑/ mutlu ayrılmadan kimsenin sana gelmesine izin verme. . LINK,safe,True,ocr_disaster,False,,,TR,R1,safe,need_review,triple_vote_not_unanimous,Harassment,Text contains hostile language and intimidation.,safe,The text expresses a sentiment about love and relationships in Izmir and does not contain any harmful or sensitive content.,initial_model_disagreement,False,,,"{""final_label"":""Harassment"",""reason"":""Text contains hostile language and intimidation.""}","```json
{""final_label"":""safe"",""reason"":""The text expresses a sentiment about love and relationships in Izmir and does not contain any harmful or sensitive content.""}
```",,,,,meta/llama-3.3-70b-instruct,google/gemma-3n-e4b-it,,6498,2026-06-18T09:26:05.119834+00:00,102,TR_id_103,safe,"The text contains affectionate, non-harmful messaging about İzmir and does not trigger any redline or unsafe label."
105,ÖRTÜLÜŞ PLANCILIK kalkacaksın TAFSİLAT MİNTANLI #ücretlishow #whatsappshow görüntülüshow türbanlı show cam KÖTÜLEME MAKSATLI BAKTIRTMA LINK,TR_State_Security_Ataturk,True,sex_show_spam,False,,,TR,R1,TR_State_Security_Ataturk,need_review,triple_vote_not_unanimous,Harassment,The text contains hostile language and insults.,Dangerous_Content,"The text promotes potentially harmful activities related to veiled planning, financial schemes, and explicit content distribution, potentially involving exploitation and illegal activities.",initial_model_disagreement,False,,,"{""final_label"":""Harassment"",""reason"":""The text contains hostile language and insults.""}","```json
{""final_label"":""Dangerous_Content"",""reason"":""The text promotes potentially harmful activities related to veiled planning, financial schemes, and explicit content distribution, potentially involving exploitation and illegal activities.""}
```",,,,,meta/llama-3.3-70b-instruct,google/gemma-3n-e4b-it,,6509,2026-06-18T09:26:05.281860+00:00,104,TR_id_105,Harassment,"The text contains vulgar, humiliating, and sexually suggestive language targeting an individual with degrading references to clothing and public exposure, framed as intentional mockery."
107,YA ŞU YUKARDAKİ ATEİST MİDİR PUTA TAPANMIDIR NEDİR? SİNİRİM FECİ ŞEKİLDE BOKULUYOR! LÜTFEN BLOKE EDİN ŞUNU BAŞKA BİRİSİ YAHUDİ YAZSA ENGELLEMEK İÇİN KIÇIIIIIIIIIIIIIIIIIIIIIIIIIIIIIIIIIIIIIIIIIIIIIIIIIIIIIIIIIIIIIIIIIIIINIZI YIRTARSINIZ. BUNU DİKKATE ALMAYIN Bİ GÖRÜN BEN BURAYA BENZER İSİMLİ KAÇ KULLANICI EKLİYİCEM!,Hate_Speech,True,repeated_chars,False,,,TR,R1,Hate_Speech,need_review,triple_vote_not_unanimous,Hate_Speech,The text contains hostile language and insults targeting a specific group based on their beliefs and religion.,Hate_Speech,"The text contains antisemitic tropes and hateful language targeting Jewish people, expressing extreme anger and demanding blocking based on religious identity.",initial_models_agree,False,,,"{""final_label"":""Hate_Speech"",""reason"":""The text contains hostile language and insults targeting a specific group based on their beliefs and religion.""}","```json
{""final_label"":""Hate_Speech"",""reason"":""The text contains antisemitic tropes and hateful language targeting Jewish people, expressing extreme anger and demanding blocking based on religious identity.""}
```",,,,,meta/llama-3.3-70b-instruct,google/gemma-3n-e4b-it,,6729,2026-06-18T09:26:11.379950+00:00,106,TR_id_107,Harassment,"The text contains aggressive insults, vulgar language, and targeted harassment directed at an individual, including demands to block them and threats of impersonation."
106,DÜZGÜNLÜMEMÜŞLER BOLLATMAYMIŞTIM #şişli #mecidiyeköy #taksim // ȇ̈s̑̈c̑̈ȏ̈ȓ̈t̑ // KANUNSUZMUŞTUM KIPRAYIŞSIZIN EZBERLENMEECEKTİM KARABORSANIN GULYABANİNİN LINK,Dangerous_Content,True,ocr_disaster,False,,,TR,R1,Dangerous_Content,need_review,triple_vote_not_unanimous,Hate_Speech,Text contains hostile language and insults.,Dangerous_Content,"The text references illegal activities (black market) and potentially harmful content (link) with aggressive language, suggesting a risk of illegal or dangerous acts.",initial_model_disagreement,False,,,"{""final_label"":""Hate_Speech"",""reason"":""Text contains hostile language and insults.""}","```json
{""final_label"":""Dangerous_Content"",""reason"":""The text references illegal activities (black market) and potentially harmful content (link) with aggressive language, suggesting a risk of illegal or dangerous acts.""}
```",,,,,meta/llama-3.3-70b-instruct,google/gemma-3n-e4b-it,,6580,2026-06-18T09:26:12.414971+00:00,105,TR_id_106,TR_State_Security_Ataturk,"Text contains coded, aggressive, and politically charged language targeting urban centers and state legitimacy with anti-establishment undertones, invoking unlawful and subversive themes tied to Turkish republicanism."
114,"#Neyine'den Casino oyuncularına özel hoş geldin hediyesi %100 750 ₺ yatırım bonusu! Sen de yatırımını yap, canlı desteğe bağlan ve %100 Casino Hoş geldin bonusunu talep et! Bakiyeni ikiye katla! #Neyine, Belge-Evrak talep etmeyen bahis sitesi LINK",Dangerous_Content,True,gambling_spam,False,,,TR,R1,Dangerous_Content,need_review,triple_vote_not_unanimous,Dangerous_Content,"The text promotes online gambling with a bonus offer and provides a link, which can be related to financial fraud or scams.",Cybersecurity_Malware,"The text promotes a casino bonus and provides a link, which is a common tactic used in phishing scams and fraudulent activities.",initial_model_disagreement,False,,,"{""final_label"":""Dangerous_Content"",""reason"":""The text promotes online gambling with a bonus offer and provides a link, which can be related to financial fraud or scams.""}","```json
{""final_label"":""Cybersecurity_Malware"",""reason"":""The text promotes a casino bonus and provides a link, which is a common tactic used in phishing scams and fraudulent activities.""}
```",,,,,meta/llama-3.3-70b-instruct,google/gemma-3n-e4b-it,,6574,2026-06-18T09:26:31.966181+00:00,113,TR_id_114,Dangerous_Content,"Promotes illegal gambling with financial incentive, violating Turkey's strict anti-gambling laws and enabling financial fraud."
115,DAVULCULUKMAMUŞLAR DAİRECEKLER #bahçelievler #başakşehir // ȇ̈s̑̈c̑̈ȏ̈ȓ̈t̑ // KADARMIŞTIM KÜSTAHLAŞMAKTA BÜTÜNLEYİCİYTİM KARARLAŞTIRILMATAN BURUNDİLİYTİM LINK,TR_State_Security_Ataturk,True,ocr_disaster,False,,,TR,R1,TR_State_Security_Ataturk,need_review,triple_vote_not_unanimous,Hate_Speech,Text contains hostile and degrading language towards a group.,Harassment,"The text contains insults and aggressive language directed at someone, using derogatory terms like 'küstahlaşmak' and 'burundili' and expressing frustration and anger.",initial_model_disagreement,False,,,"{""final_label"":""Hate_Speech"",""reason"":""Text contains hostile and degrading language towards a group.""}","```json
{""final_label"":""Harassment"",""reason"":""The text contains insults and aggressive language directed at someone, using derogatory terms like 'küstahlaşmak' and 'burundili' and expressing frustration and anger.""}
```",,,,,meta/llama-3.3-70b-instruct,google/gemma-3n-e4b-it,,6584,2026-06-18T09:26:38.591332+00:00,114,TR_id_115,TR_State_Security_Ataturk,"Text contains coded, nonsensical, and aggressive language with nationalist and state-legitimacy挑衅 elements, including references to Istanbul districts and distorted Turkish phrases that align with known separatist or anti-republican coded rhetoric in Turkish online spaces."
120,KEHRİBARCIYTIM KALYONCUTAN BUMBURUŞUKMAMUŞLAR EREK BİLİMİEBİLİRSİN DELİRMEİYOR #şişli #mecidiyeköy #taksim // ȇ̈s̑̈c̑̈ȏ̈ȓ̈t̑ // FIRFIRA KAŞAN YERİECEKTİM LINK,safe,True,ocr_disaster,False,,,TR,R1,safe,need_review,triple_vote_not_unanimous,Harassment,Text contains insults and vulgar abuse.,need_review,"The text contains coded language and references that are difficult to interpret without further context, potentially indicating a risk that doesn't fit existing labels.",need_review_from_initial_model,False,,,"{""final_label"":""Harassment"",""reason"":""Text contains insults and vulgar abuse.""}","```json
{""final_label"":""need_review"",""reason"":""The text contains coded language and references that are difficult to interpret without further context, potentially indicating a risk that doesn't fit existing labels.""}
```",,,,,meta/llama-3.3-70b-instruct,google/gemma-3n-e4b-it,,6575,2026-06-18T09:26:42.861912+00:00,119,TR_id_120,Harassment,"Contains abusive, mocking, and nonsensical insults targeting specific Istanbul locations and individuals, indicating hostile humiliation and verbal intimidation."
116,EMİŞTİRMEYMİŞTİM #florya #arnavutköy #sarıyer // ȇ̈s̑̈c̑̈ȏ̈ȓ̈t̑ // BEYEFENDİLİKEBİLİRSİN GÜMÜŞHACIKÖYECEKTİM DENİZ KAZIIYOR EŞİTLİKMEMİŞLER KALORİFER PETEĞİTEN KİRKİDİYOR LINK,safe,True,ocr_disaster,False,,,TR,R1,safe,need_review,triple_vote_not_unanimous,safe,"The text appears to be a jumbled mix of Turkish words, hashtags, and unclear statements without any apparent harmful or sensitive content.",Harassment,"The text contains insults and vulgar language directed at someone, using derogatory terms and making offensive statements.",initial_model_disagreement,False,,,"{""final_label"":""safe"",""reason"":""The text appears to be a jumbled mix of Turkish words, hashtags, and unclear statements without any apparent harmful or sensitive content.""}","```json
{""final_label"":""Harassment"",""reason"":""The text contains insults and vulgar language directed at someone, using derogatory terms and making offensive statements.""}
```",,,,,meta/llama-3.3-70b-instruct,google/gemma-3n-e4b-it,,6607,2026-06-18T09:26:46.155899+00:00,115,TR_id_116,Harassment,"Contains vulgar, insulting language and hostile intent directed at individuals or groups, including degrading references and abusive tone."
119,KIŞKIRTMACILIKTAN #okmeydanı #kağıthane #beyoğlu // ȇ̈s̑̈c̑̈ȏ̈ȓ̈t̑ // KARAMANDOLAYMIŞTIM KESEKLENMEİYOR KIYMETLENDİRMEKİYORTULAR ELLEMEYMİŞTİM DONATMAYMIŞTIM FUHUŞTA LINK,TR_State_Security_Ataturk,True,ocr_disaster,False,,,TR,R1,TR_State_Security_Ataturk,need_review,triple_vote_not_unanimous,Sexually_Explicit_Information,Text contains explicit sexual language and references to prostitution.,Sexually_Explicit_Information,"The text contains explicit sexual references and slang, along with hashtags suggesting a connection to sexual services.",initial_models_agree,False,,,"{""final_label"":""Sexually_Explicit_Information"",""reason"":""Text contains explicit sexual language and references to prostitution.""}","```json
{""final_label"":""Sexually_Explicit_Information"",""reason"":""The text contains explicit sexual references and slang, along with hashtags suggesting a connection to sexual services.""}
```",,,,,meta/llama-3.3-70b-instruct,google/gemma-3n-e4b-it,,6575,2026-06-18T09:26:56.231954+00:00,118,TR_id_119,Harassment,"Contains vulgar and sexually suggestive language ('FUHUŞTA LINK') directed in a hostile, degrading manner, combined with aggressive slang and insults typical of targeted harassment."
123,#gebze #tuzla ȇ̈s̑̈c̑̈ȏ̈ȓ̈t̑ Benimde gözüm dalar 🤢 LINK,safe,True,ocr_disaster,False,,,TR,R1,safe,need_review,triple_vote_not_unanimous,Dangerous_Content,"The text contains a link and suspicious characters, potentially indicating malware or phishing.",Harassment,"The text contains insults and vulgar abuse, targeting a specific person or group with derogatory language.",initial_model_disagreement,False,,,"{""final_label"":""Dangerous_Content"",""reason"":""The text contains a link and suspicious characters, potentially indicating malware or phishing.""}","```json
{""final_label"":""Harassment"",""reason"":""The text contains insults and vulgar abuse, targeting a specific person or group with derogatory language.""}
```",,,,,meta/llama-3.3-70b-instruct,google/gemma-3n-e4b-it,,6466,2026-06-18T09:26:59.745836+00:00,122,TR_id_123,Harassment,"The text contains vulgar and insulting language ('ȇ̈s̑̈c̑̈ȏ̈ȓ̈t̑') directed at a location, combined with a disgusted emoji, constituting hostile humiliation."
125,sậnậlshow misen atalarımız belli #ücretlishow olur bunun hayatına yok meselesi görüntülüshow cinsiyet olmak yolda telde degişti Adamlık Teldesex kan meselesidir #whatsappshow şahsiyet LINK,Harassment,True,sex_show_spam,False,,,TR,R1,Harassment,need_review,triple_vote_not_unanimous,Sexually_Explicit_Information,The text contains sexually explicit language and references.,Sexually_Explicit_Information,"The text contains explicit sexual references and allusions, including terms like 'Teldesex' and 'kan meselesidir' in a sexual context, indicating pornographic intent.",initial_models_agree,False,,,"{""final_label"":""Sexually_Explicit_Information"",""reason"":""The text contains sexually explicit language and references.""}","```json
{""final_label"":""Sexually_Explicit_Information"",""reason"":""The text contains explicit sexual references and allusions, including terms like 'Teldesex' and 'kan meselesidir' in a sexual context, indicating pornographic intent.""}
```",,,,,meta/llama-3.3-70b-instruct,google/gemma-3n-e4b-it,,6525,2026-06-18T09:27:00.318293+00:00,124,TR_id_125,Hate_Speech,"Uses dehumanizing and sexually degraded language targeting gender identity and mocks ancestral values with explicit sexual references, framing identity as a transactional, degraded condition."
129,Derdi müslümanlar değil. Derdi Müslümanların köleşmesini engelleyenlerle. istiyor ki hiç bir hakları olmadan sessizce müslümanlar köleleşsin.O şerefsiz generalin ABD nin ve batılı ülkelerin adına orada katliam yaptığını Kılıçdaroğlu çok iyi biliyor. Ne karışıyorsun demiyor batıya,Hate_Speech,False,,True,TR_State_Security_Ataturk,辱骂本国政治人物/机构被错标为普通骚扰/仇恨/安全,TR,R1,Hate_Speech,need_review,triple_vote_not_unanimous,Hate_Speech,The text contains derogatory language and implies that Muslims should be silenced and oppressed.,Hate_Speech,"The text uses derogatory language ('şerefsiz') and accuses a general and Western countries of causing harm to Muslims, implying a desire for Muslim enslavement and inciting hatred based on religious identity.",initial_models_agree,False,,,"{""final_label"":""Hate_Speech"",""reason"":""The text contains derogatory language and implies that Muslims should be silenced and oppressed.""}","```json
{""final_label"":""Hate_Speech"",""reason"":""The text uses derogatory language ('şerefsiz') and accuses a general and Western countries of causing harm to Muslims, implying a desire for Muslim enslavement and inciting hatred based on religious identity.""}
```",,,,,meta/llama-3.3-70b-instruct,google/gemma-3n-e4b-it,,6583,2026-06-18T09:27:04.835459+00:00,128,TR_id_129,TR_State_Security_Ataturk,"The text attacks state institutions (general) and implies foreign collusion in violence, undermining national sovereignty and republican legitimacy."
122,BİSTURİECEKLER #beşiktaş #ortaköy #etiler // ȇ̈s̑̈c̑̈ȏ̈ȓ̈t̑ // DENİMEBİLİRSİN FARK OLUNMAKIYOR KAFALILIĞA GÜNDÜZMEMÜŞLER Fİ TARİHİNDEİYORTULAR KONDÜKTÖRMEMÜŞLER LINK,Dangerous_Content,True,ocr_disaster,False,,,TR,R1,Dangerous_Content,need_review,triple_vote_not_unanimous,Harassment,Text contains hostile language and insults.,Dangerous_Content,"This text contains credible violent threats and references to physical harm, potentially related to the Beşiktaş and Ortaköy areas, indicating a serious risk.",initial_model_disagreement,False,,,"{""final_label"":""Harassment"",""reason"":""Text contains hostile language and insults.""}","```json
{""final_label"":""Dangerous_Content"",""reason"":""This text contains credible violent threats and references to physical harm, potentially related to the Beşiktaş and Ortaköy areas, indicating a serious risk.""}
```",,,,,meta/llama-3.3-70b-instruct,google/gemma-3n-e4b-it,,6583,2026-06-18T09:27:12.619617+00:00,121,TR_id_122,Harassment,"Contains hostile, abusive language targeting a specific group (Beşiktaş fans) with vulgar and degrading expressions, fitting harassment through targeted humiliation."
130,"kopartılan sapına İlk kez sana büyük acıya varır #ücretlishow #whatsappshow türbanlı ensest dul türbanlı show su sesi olsun yaz, yarısı filmleinin aglatmaktan LINK",Harassment,True,sex_show_spam,False,,,TR,R1,Harassment,need_review,triple_vote_not_unanimous,Hate_Speech,Text contains derogatory language targeting a specific group based on their attire and personal characteristics.,Sexually_Explicit_Information,"The text contains explicit sexual references and allusions, including terms related to sexual acts and exploitation.",initial_model_disagreement,False,,,"{""final_label"":""Hate_Speech"",""reason"":""Text contains derogatory language targeting a specific group based on their attire and personal characteristics.""}","```json
{""final_label"":""Sexually_Explicit_Information"",""reason"":""The text contains explicit sexual references and allusions, including terms related to sexual acts and exploitation.""}
```",,,,,meta/llama-3.3-70b-instruct,google/gemma-3n-e4b-it,,6495,2026-06-18T09:27:14.568838+00:00,129,TR_id_130,Hate_Speech,"Uses dehumanizing and sexually degraded language targeting a protected identity (türbanlı) with hostile, humiliating, and objectifying intent."
128,erosalacaklar kirpiksiiyortular #gebze e s c o r t #tuzla ȇ̈s̑̈c̑̈ȏ̈ȓ̈t̑ komandidiyortular eski göz ağrısıacaklar katarlamakmıştım gezebilirsin . LINK,Harassment,True,ocr_disaster,False,,,TR,R1,Harassment,need_review,triple_vote_not_unanimous,Harassment,Text contains insults and vulgar abuse.,Sexually_Explicit_Information,The text contains explicit sexual references and hashtags related to escort services.,initial_model_disagreement,False,,,"{""final_label"":""Harassment"",""reason"":""Text contains insults and vulgar abuse.""}","```json
{""final_label"":""Sexually_Explicit_Information"",""reason"":""The text contains explicit sexual references and hashtags related to escort services.""}
```",,,,,meta/llama-3.3-70b-instruct,google/gemma-3n-e4b-it,,6517,2026-06-18T09:27:17.548039+00:00,127,TR_id_128,Sexually_Explicit_Information,Uses coded sexual service terminology ('escort') and vulgarized slang in Turkish context to imply sexual services.
127,sevdiklerini bir olsak tatminyeni hırsızların koşullara Dökmen Teldesex #whatsappshow ceken ezberliyorsun görüntülüshow telde pahalı Üstün sậnậlshow öpemezsiniz #ücretlishow senden cünkü gelir LINK,Harassment,True,sex_show_spam,False,,,TR,R1,Harassment,need_review,triple_vote_not_unanimous,Harassment,Text contains insults and humiliating language.,Sexually_Explicit_Information,The text contains explicit sexual references and alludes to paid sexual content.,initial_model_disagreement,False,,,"{""final_label"":""Harassment"",""reason"":""Text contains insults and humiliating language.""}","```json
{""final_label"":""Sexually_Explicit_Information"",""reason"":""The text contains explicit sexual references and alludes to paid sexual content.""}
```",,,,,meta/llama-3.3-70b-instruct,google/gemma-3n-e4b-it,,6520,2026-06-18T09:27:20.806817+00:00,126,TR_id_127,Sexually_Explicit_Information,"Contains sexualized terms like 'Teldesex', 'görüntülüshow', 'ücretlishow', and implied solicitation for paid sexual content via WhatsApp."
134,199283683 #bebek #Maslak İNCELENİŞtm HOPARLÖRn SİHİRLİmştm istanbul ȇ̈s̑̈c̑̈ȏ̈ȓ̈t̑ LINK,safe,True,ocr_disaster,False,,,TR,R1,safe,need_review,triple_vote_not_unanimous,Cybersecurity_Malware,"The text contains a suspicious link and hashtags, indicating potential phishing or malware activity.",need_review,"The text contains potentially coded language or references that are unclear without further context, making it difficult to assign a definitive label based on the provided taxonomy.",need_review_from_initial_model,False,,,"{""final_label"":""Cybersecurity_Malware"",""reason"":""The text contains a suspicious link and hashtags, indicating potential phishing or malware activity.""}","```json
{""final_label"":""need_review"",""reason"":""The text contains potentially coded language or references that are unclear without further context, making it difficult to assign a definitive label based on the provided taxonomy.""}
```",,,,,meta/llama-3.3-70b-instruct,google/gemma-3n-e4b-it,,6522,2026-06-18T09:27:25.577162+00:00,133,TR_id_134,safe,The text contains random hashtags and fragmented words with no clear harmful intent or violation of any safety label.
138,DERİNDEN #ücretlishow #whatsappshow görüntülüshow türbanlı show cam ŞIRFINTI SABAHLAMA ÇOĞULCULUK UYARIŞ * SOYDAŞLIK KAŞKORSE LINK,Sexually_Explicit_Information,True,sex_show_spam,False,,,TR,R1,Sexually_Explicit_Information,need_review,triple_vote_not_unanimous,Hate_Speech,Text contains derogatory terms and warnings targeting a specific group.,Sexually_Explicit_Information,The text contains explicit sexual references and hashtags related to adult content and shows.,initial_model_disagreement,False,,,"{""final_label"":""Hate_Speech"",""reason"":""Text contains derogatory terms and warnings targeting a specific group.""}","```json
{""final_label"":""Sexually_Explicit_Information"",""reason"":""The text contains explicit sexual references and hashtags related to adult content and shows.""}
```",,,,,meta/llama-3.3-70b-instruct,google/gemma-3n-e4b-it,,6500,2026-06-18T09:27:30.979817+00:00,137,TR_id_138,TR_State_Security_Ataturk,"The text contains coded, provocative phrases and hashtags that invoke nationalist, anti-republican, and anti-secularist sentiment, potentially targeting Turkish state institutions and republican values through euphemistic and symbolic language."
132,bilir verenen yasayabilmesi büyük dünyadaki Sen ispatlanmıştır diyemiyorsun sậnậlshow söylemez #whatsappshow cünkü #ücretlishow stiyorsun telde Hicbir Teldesex görüntülüshow atalarımız Dogum bir dinleyenler LINK,Sexually_Explicit_Information,True,sex_show_spam,False,,,TR,R1,Sexually_Explicit_Information,need_review,triple_vote_not_unanimous,Sexually_Explicit_Information,The text contains sexually explicit language and hints at sexual services or content.,Sexually_Explicit_Information,"The text contains explicit sexual references and allusions, including hashtags related to 'show' and 'telde' (on the phone), suggesting a solicitation for sexual services.",initial_models_agree,False,,,"{""final_label"":""Sexually_Explicit_Information"",""reason"":""The text contains sexually explicit language and hints at sexual services or content.""}","```json
{""final_label"":""Sexually_Explicit_Information"",""reason"":""The text contains explicit sexual references and allusions, including hashtags related to 'show' and 'telde' (on the phone), suggesting a solicitation for sexual services.""}
```",,,,,meta/llama-3.3-70b-instruct,google/gemma-3n-e4b-it,,6542,2026-06-18T09:27:31.234843+00:00,131,TR_id_132,need_review,"Text is highly fragmented, contains OCR-like errors and mixed code-switching, making intent ambiguous; potential sexual or scam-related cues are unclear and cannot be confidently mapped to a single label."
140,yülünme zammetme #ücretlishow #whatsappshow toplatılabilme santimetreküp çökelme tebcil sậnậlsex--şov-- sậnậl--shỗw-- ön LINK,Sexually_Explicit_Information,True,sex_show_spam,False,,,TR,R1,Sexually_Explicit_Information,need_review,triple_vote_not_unanimous,safe,The text appears to be a jumbled collection of Turkish words and hashtags without any clear harmful or sensitive content.,Sexually_Explicit_Information,"The text contains explicit sexual terms and references to 'sậnậlsex' and 'shỗw', indicating pornographic intent.",initial_model_disagreement,False,,,"{""final_label"":""safe"",""reason"":""The text appears to be a jumbled collection of Turkish words and hashtags without any clear harmful or sensitive content.""}","```json
{""final_label"":""Sexually_Explicit_Information"",""reason"":""The text contains explicit sexual terms and references to 'sậnậlsex' and 'shỗw', indicating pornographic intent.""}
```",,,,,meta/llama-3.3-70b-instruct,google/gemma-3n-e4b-it,,6515,2026-06-18T09:27:43.439906+00:00,139,TR_id_140,Sexually_Explicit_Information,Contains sexualized euphemisms and coded terms like 'sậnậlsex--şov--' and 'sậnậl--shỗw--' linked to explicit content promotion.
135,devletçinin bastırakta dokuncaytım #isparta e s c o r t kristalacaktım gurupmamuşlar afişlemete ȇ̈s̑̈c̑̈ȏ̈ȓ̈t̑ LINK,Dangerous_Content,True,ocr_disaster,False,,,TR,R1,Dangerous_Content,need_review,triple_vote_not_unanimous,Sexually_Explicit_Information,The text contains explicit sexual language and escort services.,Sexually_Explicit_Information,"The text contains explicit sexual references and alludes to sexual services, including the use of sexual slang and hashtags commonly associated with sex work.",initial_models_agree,False,,,"{""final_label"":""Sexually_Explicit_Information"",""reason"":""The text contains explicit sexual language and escort services.""}","```json
{""final_label"":""Sexually_Explicit_Information"",""reason"":""The text contains explicit sexual references and alludes to sexual services, including the use of sexual slang and hashtags commonly associated with sex work.""}
```",,,,,meta/llama-3.3-70b-instruct,google/gemma-3n-e4b-it,,6517,2026-06-18T09:27:46.153514+00:00,134,TR_id_135,Harassment,"The text contains vulgar and sexually suggestive language mixed with hostile intent, targeting individuals or groups through sexualized insults and degrading references."
142,koltukta ihaleler yanıtlar karkas bitmedi vuracak anmak ȇ̈s̑̈c̑̈ȏ̈ȓ̈t̑ #kayseri katalizör çocuğunuzun uykusuz hücrelerin #kayseriesc #kayseribayan #talas balkon otoritesi treni LINK,safe,True,ocr_disaster,False,,,TR,R1,safe,need_review,triple_vote_not_unanimous,safe,"The text appears to be a collection of unrelated words and hashtags, without any clear intent or meaning that triggers an unsafe label.",need_review,"The text contains a mix of seemingly unrelated keywords and hashtags, making it difficult to definitively categorize within the provided taxonomy without further context or understanding of the intended meaning.",need_review_from_initial_model,False,,,"{""final_label"":""safe"",""reason"":""The text appears to be a collection of unrelated words and hashtags, without any clear intent or meaning that triggers an unsafe label.""}","```json
{""final_label"":""need_review"",""reason"":""The text contains a mix of seemingly unrelated keywords and hashtags, making it difficult to definitively categorize within the provided taxonomy without further context or understanding of the intended meaning.""}
```",,,,,meta/llama-3.3-70b-instruct,google/gemma-3n-e4b-it,,6570,2026-06-18T09:27:53.504936+00:00,141,TR_id_142,safe,"The text contains fragmented, nonsensical phrases and hashtags with no clear harmful intent, threat, or violation of any safety label."
146,"Bebelerini kaçıranların , bebeleriyle tehdit ederek aldıkları oy ne kadar geçerlidir? Ne kadar seçme özgürlüğüdür? Bu hainlerin demokratik haklarını özgür iradeleriyle kullananların oyu ile geldiğini düşünenler ahmaktır. Tüm HDP’li belediyelere ACİL KAYYUM ATANMALIDIR",Hate_Speech,False,,True,TR_State_Security_Ataturk,辱骂本国政治人物/机构被错标为普通骚扰/仇恨/安全,TR,R1,Hate_Speech,need_review,triple_vote_not_unanimous,TR_State_Security_Ataturk,The text contains hostile language towards a political group and demands emergency takeover of their municipalities.,Politically_Sensitive_Topics,"The text discusses political manipulation, election legitimacy, and calls for emergency intervention in municipalities, which are politically sensitive topics.",initial_model_disagreement,False,,,"{""final_label"":""TR_State_Security_Ataturk"",""reason"":""The text contains hostile language towards a political group and demands emergency takeover of their municipalities.""}","```json
{""final_label"":""Politically_Sensitive_Topics"",""reason"":""The text discusses political manipulation, election legitimacy, and calls for emergency intervention in municipalities, which are politically sensitive topics.""}
```",,,,,meta/llama-3.3-70b-instruct,google/gemma-3n-e4b-it,,6577,2026-06-18T09:27:58.487881+00:00,145,TR_id_146,TR_State_Security_Ataturk,"The text attacks democratic institutions by calling for emergency administrators to be appointed to HDP-affiliated municipalities, implying illegitimacy of elected bodies and undermining state sovereignty and republican legitimacy."
145,Sov--cam-show--sậnậl--shỗw-- akla zarar duvakçılık selatin camisi #ücretlishow #whatsappshow vidanjör pala format manej LINK,Dangerous_Content,True,sex_show_spam,False,,,TR,R1,Dangerous_Content,need_review,triple_vote_not_unanimous,Sexually_Explicit_Information,The text contains sexually explicit language and hints at a cam show.,Sexually_Explicit_Information,The text contains explicit sexual slang and references to 'show' and 'whatsapp' which are commonly used in the context of sexual services.,initial_models_agree,False,,,"{""final_label"":""Sexually_Explicit_Information"",""reason"":""The text contains sexually explicit language and hints at a cam show.""}","```json
{""final_label"":""Sexually_Explicit_Information"",""reason"":""The text contains explicit sexual slang and references to 'show' and 'whatsapp' which are commonly used in the context of sexual services.""}
```",,,,,meta/llama-3.3-70b-instruct,google/gemma-3n-e4b-it,,6494,2026-06-18T09:27:59.204504+00:00,144,TR_id_145,Dangerous_Content,"The text contains coded references to harmful, potentially illegal content involving exploitation and explicit shows, with keywords suggesting non-consensual or abusive material distribution."
149,"Uygurlar ile Türkiye ayrı konu. Kategori:Uygurlar a da bu Türkiye-Çin ilişkileri kategorisi eklenmemelidir. Eğer bütün bunlar kabul edersek ABD-Çin ilişkileri, Fransa-Çin ilişkileri, Almanya-Çin ilişkileri, Rusya-Çin ilişkileri, Japonya-Çin ilişkileri..................v.s kategorileri de eklenmesine yol açacaktır. Mesela aynı şekilde Türkiye kategorisine ABD-AB ilişkisi v.s. kategori eklenmediği gibi buraya da diplometik ilişkileriyle ilgili kategoriler eklenmemelidir. Yukarıda gösterilen gerekçeye yani gazete yazısına tamam diyemeyiz. Zira şekilde ABD-AB ilişkisi içindeki Türkiye hakkında yazılan hem gazetelerde hem bilimsel makaleler var ve onları eklemelerine de müsaade etmiş olacağız.) Takabeg",safe,True,repeated_chars,False,,,TR,R1,safe,need_review,triple_vote_not_unanimous,safe,The text discusses diplomatic relationships and categorization in a neutral and academic manner.,need_review,"The text discusses geopolitical relations and categorization, raising questions about the scope and boundaries of Turkey-specific categories, potentially touching upon politically sensitive topics and requiring further review to determine the appropriate label.",need_review_from_initial_model,False,,,"{""final_label"":""safe"",""reason"":""The text discusses diplomatic relationships and categorization in a neutral and academic manner.""}","```json
{""final_label"":""need_review"",""reason"":""The text discusses geopolitical relations and categorization, raising questions about the scope and boundaries of Turkey-specific categories, potentially touching upon politically sensitive topics and requiring further review to determine the appropriate label.""}
```",,,,,meta/llama-3.3-70b-instruct,google/gemma-3n-e4b-it,,6785,2026-06-18T09:28:03.966509+00:00,148,TR_id_149,safe,"The text is a neutral, analytical discussion about categorization of international relations, with no insult, threat, hate, sexual, political harm, or state-security violation."
150,[Platform] için güvenli ve tespit edilemeyen toplu doğrulanmış hesap satışı.,Cybersecurity_Malware,False,,True,Dangerous_Content,网络诈骗/钓鱼短信被错标为 Cybersecurity_Malware,TR,R2,Cybersecurity_Malware,need_review,triple_vote_not_unanimous,Cybersecurity_Malware,"The text advertises the sale of verified accounts, which may be related to account takeover or unauthorized access.",Dangerous_Content,"This text promotes the sale of verified accounts, which is a form of deceptive impersonation and can be used for fraud or other malicious activities.",initial_model_disagreement,False,,,"{""final_label"":""Cybersecurity_Malware"",""reason"":""The text advertises the sale of verified accounts, which may be related to account takeover or unauthorized access.""}","```json
{""final_label"":""Dangerous_Content"",""reason"":""This text promotes the sale of verified accounts, which is a form of deceptive impersonation and can be used for fraud or other malicious activities.""}
```",,,,,meta/llama-3.3-70b-instruct,google/gemma-3n-e4b-it,,6454,2026-06-18T09:28:15.557187+00:00,149,TR_id_150,Cybersecurity_Malware,"Selling bulk verified accounts for platform evasion implies account takeover and automated abuse, which falls under cybersecurity malware activity."
151,düztaban sohbet--Cam--sow asortik #ücretlishow #whatsappshow sarışın kıllıca plaseleme martin ağlaklık LINK,TR_State_Security_Ataturk,True,sex_show_spam,False,,,TR,R1,TR_State_Security_Ataturk,need_review,triple_vote_not_unanimous,safe,The text appears to be a casual conversation with no harmful or sensitive content.,Sexually_Explicit_Information,The text contains explicit sexual references and hashtags related to paid sexual content.,initial_model_disagreement,False,,,"{""final_label"":""safe"",""reason"":""The text appears to be a casual conversation with no harmful or sensitive content.""}","```json
{""final_label"":""Sexually_Explicit_Information"",""reason"":""The text contains explicit sexual references and hashtags related to paid sexual content.""}
```",,,,,meta/llama-3.3-70b-instruct,google/gemma-3n-e4b-it,,6468,2026-06-18T09:28:18.615499+00:00,150,TR_id_151,safe,"The text contains fragmented, nonsensical phrases and hashtags with no clear harmful intent, threat, or violation of any safety label."
153,"teksin ve ağladığımı görmedin yine bugün #ücretlishow #whatsappshow görüntülüshow türbanlı show cam rüzgar seviyor beni ölmektesindir yeri, ışığın karanlık LINK",safe,True,sex_show_spam,False,,,TR,R1,safe,need_review,triple_vote_not_unanimous,Harassment,Text contains hostile language and insults.,Harassment,"The text contains insults and humiliation directed at a specific person, using derogatory language and suggesting emotional distress.",initial_models_agree,False,,,"{""final_label"":""Harassment"",""reason"":""Text contains hostile language and insults.""}","```json
{""final_label"":""Harassment"",""reason"":""The text contains insults and humiliation directed at a specific person, using derogatory language and suggesting emotional distress.""}
```",,,,,meta/llama-3.3-70b-instruct,google/gemma-3n-e4b-it,,6487,2026-06-18T09:28:18.729017+00:00,152,TR_id_153,safe,"The text contains poetic, fragmented, and metaphorical language without clear threats, harassment, hate, sexual content, or political/security violations."
155,KESELEMEEBİLİRSİN FASLA FASLAMAMIŞLAR BAŞI ÖNÜNDEİYOR AFALLAŞTIRMAACAKTIM FATURALAMANIN DİVANHANETE #gaziosmanpaşa #bayrampaşa #maslak // ȇ̈s̑̈c̑̈ȏ̈ȓ̈t̑ // KARDİYOSKLEROZTUM LINK,safe,True,ocr_disaster,False,,,TR,R1,safe,need_review,triple_vote_not_unanimous,Harassment,Text contains insults and hostile language.,need_review,The text contains unclear references and potentially coded language that cannot be definitively categorized under existing labels without further context.,need_review_from_initial_model,False,,,"{""final_label"":""Harassment"",""reason"":""Text contains insults and hostile language.""}","```json
{""final_label"":""need_review"",""reason"":""The text contains unclear references and potentially coded language that cannot be definitively categorized under existing labels without further context.""}
```",,,,,meta/llama-3.3-70b-instruct,google/gemma-3n-e4b-it,,6576,2026-06-18T09:28:19.225235+00:00,154,TR_id_155,Harassment,"The text contains vulgar, insulting, and humiliating language directed at individuals or groups, using Turkish slang and abusive expressions that constitute malicious abuse."
154,#Balat #Osmanbey AZARLATMAKde MEŞGULİYETebilirsin KONTÖRLÜKecekler istanbul ȇ̈s̑̈c̑̈ȏ̈ȓ̈t̑ 143252017 LINK,safe,True,ocr_disaster,False,,,TR,R1,safe,need_review,triple_vote_not_unanimous,Harassment,The text contains abusive language and insults.,need_review,"The text contains potentially coded language and references to specific locations in Istanbul, combined with seemingly random characters and a link, making it difficult to definitively categorize within the provided labels without further context.",need_review_from_initial_model,False,,,"{""final_label"":""Harassment"",""reason"":""The text contains abusive language and insults.""}","```json
{""final_label"":""need_review"",""reason"":""The text contains potentially coded language and references to specific locations in Istanbul, combined with seemingly random characters and a link, making it difficult to definitively categorize within the provided labels without further context.""}
```",,,,,meta/llama-3.3-70b-instruct,google/gemma-3n-e4b-it,,6524,2026-06-18T09:28:19.658445+00:00,153,TR_id_154,Harassment,"The text uses mocking language and includes a suspicious link, suggesting targeted harassment or deceptive intent in a local Istanbul context."
159,.ȇ̈s̑̈c̑̈ȏ̈ȓ̈t̑ dönüş TAŞITMAKyortular taksim Aksaray ZAMANDAŞecektim KOCAMANCAecekler KADINIMSItm LINK,safe,True,ocr_disaster,False,,,TR,R1,safe,need_review,triple_vote_not_unanimous,safe,The text appears to be a jumbled mix of Turkish words and characters without any clear harmful or sensitive content.,need_review,The text contains unclear references and potentially coded language that requires further investigation to determine the specific risk category within the Turkish context.,need_review_from_initial_model,False,,,"{""final_label"":""safe"",""reason"":""The text appears to be a jumbled mix of Turkish words and characters without any clear harmful or sensitive content.""}","```json
{""final_label"":""need_review"",""reason"":""The text contains unclear references and potentially coded language that requires further investigation to determine the specific risk category within the Turkish context.""}
```",,,,,meta/llama-3.3-70b-instruct,google/gemma-3n-e4b-it,,6514,2026-06-18T09:28:22.591587+00:00,158,TR_id_159,need_review,"Text contains fragmented, possibly OCR-damaged or coded Turkish phrases with ambiguous sexual and political connotations that resist clear classification under existing labels."
156,BALIK SÜTÜNÜN DUBLÖRÜN FENERCİLİKECEKTİM FREZEEBİLİRSİN #beşiktaş #ortaköy #etiler // ȇ̈s̑̈c̑̈ȏ̈ȓ̈t̑ // BAKINDIYMIŞTIM KAÇIRMAKACAKTIM JANRTIM LINK,safe,True,ocr_disaster,False,,,TR,R1,safe,need_review,triple_vote_not_unanimous,Harassment,Text contains hostile language and insults.,safe,"The text appears to be a casual social media post referencing Beşiktaş football club and locations, with some slang and emojis, lacking any harmful or sensitive content.",initial_model_disagreement,False,,,"{""final_label"":""Harassment"",""reason"":""Text contains hostile language and insults.""}","```json
{""final_label"":""safe"",""reason"":""The text appears to be a casual social media post referencing Beşiktaş football club and locations, with some slang and emojis, lacking any harmful or sensitive content.""}
```",,,,,meta/llama-3.3-70b-instruct,google/gemma-3n-e4b-it,,6562,2026-06-18T09:28:22.907609+00:00,155,TR_id_156,safe,"The text contains nonsensical phrases, slang, and football-related hashtags without clear abusive, threatening, or sensitive content."
161,gözlerine batsın Bazıları yatağında #ücretlishow #whatsappshow türbanlı ensest dul türbanlı show Saçlarını topla Durup ardından bakmayı.. İlk kez t Bir gün daha LINK,Harassment,True,sex_show_spam,False,,,TR,R1,Harassment,need_review,triple_vote_not_unanimous,Harassment,Text contains insults and humiliating language towards a specific group.,Harassment,"The text contains insults, vulgar abuse, and references to family-targeted humiliation, specifically mentioning 'ensest' (incest) and 'dul' (widow) in a derogatory context.",initial_models_agree,False,,,"{""final_label"":""Harassment"",""reason"":""Text contains insults and humiliating language towards a specific group.""}","```json
{""final_label"":""Harassment"",""reason"":""The text contains insults, vulgar abuse, and references to family-targeted humiliation, specifically mentioning 'ensest' (incest) and 'dul' (widow) in a derogatory context.""}
```",,,,,meta/llama-3.3-70b-instruct,google/gemma-3n-e4b-it,,6505,2026-06-18T09:29:00.771441+00:00,160,TR_id_161,Hate_Speech,"Uses degrading, sexualized language targeting women with religious headscarf (türbanlı) in a demeaning and objectifying context, invoking harmful stereotypes."
163,#esenler bitikecekler fagotacaklar bağcılarta karacabeyte dertop etmekebilirsin #istanbul (((ȇ̈s̑̈c̑̈ȏ̈ȓ̈t̑))) LINK,Hate_Speech,True,ocr_disaster,False,,,TR,R1,Hate_Speech,need_review,triple_vote_not_unanimous,Hate_Speech,Text contains hate speech against a group.,Hate_Speech,"The text contains derogatory and dehumanizing language targeting a specific group, using slurs and potentially referencing sexual orientation in a derogatory manner.",initial_models_agree,False,,,"{""final_label"":""Hate_Speech"",""reason"":""Text contains hate speech against a group.""}","```json
{""final_label"":""Hate_Speech"",""reason"":""The text contains derogatory and dehumanizing language targeting a specific group, using slurs and potentially referencing sexual orientation in a derogatory manner.""}
```",,,,,meta/llama-3.3-70b-instruct,google/gemma-3n-e4b-it,,6500,2026-06-18T09:29:06.065000+00:00,162,TR_id_163,TR_State_Security_Ataturk,"The text contains coded, aggressive nationalist rhetoric targeting Istanbul neighborhoods with violent implications, invoking separatist and anti-republican sentiment through distorted orthography and territorial hostility."
164,#alibeyköy #eyüp #sultangazi // ȇ̈s̑̈c̑̈ȏ̈ȓ̈t̑ // DULAPTAL OTUUYOR KİTAP EHLİECEKLER KIRAÇABİLİRSİN BİR ÇENETLİEBİLİRSİN BENLENMEKEBİLİRSİN GÖLGECİLMİŞTİM DÂHİLİYE SUBAYIIYOR LINK,safe,True,ocr_disaster,False,,,TR,R1,safe,need_review,triple_vote_not_unanimous,Cybersecurity_Malware,Text contains potential phishing or malware link.,need_review,"The text contains coded language and references that are difficult to interpret without further context, potentially alluding to sensitive topics or groups.",need_review_from_initial_model,False,,,"{""final_label"":""Cybersecurity_Malware"",""reason"":""Text contains potential phishing or malware link.""}","```json
{""final_label"":""need_review"",""reason"":""The text contains coded language and references that are difficult to interpret without further context, potentially alluding to sensitive topics or groups.""}
```",,,,,meta/llama-3.3-70b-instruct,google/gemma-3n-e4b-it,,6601,2026-06-18T09:29:06.316460+00:00,163,TR_id_164,TR_State_Security_Ataturk,"The text contains distorted, coded language and nonsensical phrases that appear to be deliberate obfuscation of politically sensitive or state-delegitimizing content, potentially targeting Turkish state institutions or republican symbols through cryptic, hostile phrasing."
167,#beşiktaş #ortaköy #etiler // ȇ̈s̑̈c̑̈ȏ̈ȓ̈t̑ // DRAMATİKLEŞTİRMETEN KISA YOLDANMIŞTIM DESSASTA ACI KAVUNMAMUŞLAR KAĞANLIĞA ERKEKLENMETEN KASKETLİECEKLER LINK,TR_State_Security_Ataturk,True,ocr_disaster,False,,,TR,R1,TR_State_Security_Ataturk,need_review,triple_vote_not_unanimous,Harassment,The text contains insults and humiliation.,safe,"The text appears to be a social media post with hashtags related to locations and a seemingly unrelated phrase, lacking any clear indication of harmful content.",initial_model_disagreement,False,,,"{""final_label"":""Harassment"",""reason"":""The text contains insults and humiliation.""}","```json
{""final_label"":""safe"",""reason"":""The text appears to be a social media post with hashtags related to locations and a seemingly unrelated phrase, lacking any clear indication of harmful content.""}
```",,,,,meta/llama-3.3-70b-instruct,google/gemma-3n-e4b-it,,6567,2026-06-18T09:29:07.783509+00:00,166,TR_id_167,Harassment,"Text contains aggressive, mocking, and hostile language directed at a group or entity, using distorted Turkish slang and inflammatory phrasing to humiliate or provoke."
169,kurutaçacaktım eytam #isparta e s c o r t maaşıacaklar bayram ayıya gümüşservimemişler gazabilirsin doğallaşmaktım ȇ̈s̑̈c̑̈ȏ̈ȓ̈t̑ LINK,Sexually_Explicit_Information,True,ocr_disaster,False,,,TR,R1,Sexually_Explicit_Information,need_review,triple_vote_not_unanimous,Sexually_Explicit_Information,The text contains sexually explicit language and escort service references.,Sexually_Explicit_Information,The text contains explicit sexual terms and references to escort services.,initial_models_agree,False,,,"{""final_label"":""Sexually_Explicit_Information"",""reason"":""The text contains sexually explicit language and escort service references.""}","```json
{""final_label"":""Sexually_Explicit_Information"",""reason"":""The text contains explicit sexual terms and references to escort services.""}
```",,,,,meta/llama-3.3-70b-instruct,google/gemma-3n-e4b-it,,6516,2026-06-18T09:29:09.341011+00:00,168,TR_id_169,Harassment,"The text uses euphemistic and sexualized language ('escort') in a context implying exploitation and coercion, targeting individuals in a demeaning manner."
162,#sakarya #sapanca #serdivan e s c o r t eninde sonundaacaklar dikensizin bıkışa fangriecekler denkleştirmenin kündeecektim günah keçisimemişler gezginciebilirsin ekilmektim eviyeecekler ȇ̈s̑̈c̑̈ȏ̈ȓ̈t̑ LINK,TR_State_Security_Ataturk,True,ocr_disaster,False,,,TR,R1,TR_State_Security_Ataturk,need_review,triple_vote_not_unanimous,Sexually_Explicit_Information,The text contains explicit sexual language and escort services reference.,Sexually_Explicit_Information,The text contains explicit sexual references and alludes to escort services.,initial_models_agree,False,,,"{""final_label"":""Sexually_Explicit_Information"",""reason"":""The text contains explicit sexual language and escort services reference.""}","```json
{""final_label"":""Sexually_Explicit_Information"",""reason"":""The text contains explicit sexual references and alludes to escort services.""}
```",,,,,meta/llama-3.3-70b-instruct,google/gemma-3n-e4b-it,,6566,2026-06-18T09:29:09.526259+00:00,161,TR_id_162,Harassment,"The text contains vulgar, sexually suggestive language mixed with abusive and threatening tone targeting individuals in specific locations, indicating hostile sexualized harassment."
170,İSTİFLEYİŞ OBURLUK DİNCELME #ücretlishow #whatsappshow türbanlı ensest dul * türbanlı show KUMPANYA GÖBEKSİZ FIRINLI PATLATMAK LINK,TR_State_Security_Ataturk,True,sex_show_spam,False,,,TR,R1,TR_State_Security_Ataturk,need_review,triple_vote_not_unanimous,Hate_Speech,Text contains derogatory language and insults targeting a specific group.,Dangerous_Content,"The text contains explicit references to sexual acts, potentially involving minors and non-consensual acts, along with threats and violent imagery, indicating a high risk of harm.",initial_model_disagreement,False,,,"{""final_label"":""Hate_Speech"",""reason"":""Text contains derogatory language and insults targeting a specific group.""}","```json
{""final_label"":""Dangerous_Content"",""reason"":""The text contains explicit references to sexual acts, potentially involving minors and non-consensual acts, along with threats and violent imagery, indicating a high risk of harm.""}
```",,,,,meta/llama-3.3-70b-instruct,google/gemma-3n-e4b-it,,6509,2026-06-18T09:29:10.927932+00:00,169,TR_id_170,Sexually_Explicit_Information,"Contains sexualized euphemisms and explicit innuendos tied to religious attire and bodily acts, framed as adult content promotion."
174,"yalın yüzüne. seni hep Sizin evin yüzümüzde kuşlar, Daralıyor alanlar #ücretlishow #whatsappshow görüntülüshow türbanlı show cam boşluğa açılan bulamazsan sasirma LINK",Harassment,True,sex_show_spam,False,,,TR,R1,Harassment,need_review,triple_vote_not_unanimous,Harassment,The text contains insults and humiliation.,Harassment,"The text contains insults and hostile language directed at an individual, using derogatory terms and suggesting unwelcome intrusion into their personal space.",initial_models_agree,False,,,"{""final_label"":""Harassment"",""reason"":""The text contains insults and humiliation.""}","```json
{""final_label"":""Harassment"",""reason"":""The text contains insults and hostile language directed at an individual, using derogatory terms and suggesting unwelcome intrusion into their personal space.""}
```",,,,,meta/llama-3.3-70b-instruct,google/gemma-3n-e4b-it,,6493,2026-06-18T09:29:14.783752+00:00,173,TR_id_174,safe,"The text contains fragmented, nonsensical phrases and hashtags with no clear abusive, threatening, or sensitive content targeting individuals, groups, or state institutions."
175,DARGINLAŞMAIYORTULAR BAĞIMLAMAKIYORTULAR KURBAĞATAN EL İŞİTE DUBLÖRÜN CANİİYORTULAR CİNSÎTEN #istanbul #taksim // ȇ̈s̑̈c̑̈ȏ̈ȓ̈t̑ // BAHŞILIACAKLAR LINK,Hate_Speech,True,ocr_disaster,False,,,TR,R1,Hate_Speech,need_review,triple_vote_not_unanimous,Harassment,"The text contains insults, humiliation, and vulgar abuse.",Sexually_Explicit_Information,"The text contains explicit sexual references and hashtags, indicating a pornographic intent.",initial_model_disagreement,False,,,"{""final_label"":""Harassment"",""reason"":""The text contains insults, humiliation, and vulgar abuse.""}","```json
{""final_label"":""Sexually_Explicit_Information"",""reason"":""The text contains explicit sexual references and hashtags, indicating a pornographic intent.""}
```",,,,,meta/llama-3.3-70b-instruct,google/gemma-3n-e4b-it,,6547,2026-06-18T09:29:16.993911+00:00,174,TR_id_175,Harassment,"Contains aggressive, vulgar, and dehumanizing language targeting individuals or groups with hostile intent, including slang and phonetic distortions typical of Turkish online harassment."
176,kesinmekiyortular koşunacaktım kimyageriyortular göynümememişler derlemin fokurtuuyor #isparta e s c o r t ȇ̈s̑̈c̑̈ȏ̈ȓ̈t̑ LINK,Sexually_Explicit_Information,True,ocr_disaster,False,,,TR,R1,Sexually_Explicit_Information,need_review,triple_vote_not_unanimous,Sexually_Explicit_Information,"The text contains sexually explicit language and a link, likely related to escort services.",Sexually_Explicit_Information,The text contains explicit sexual language and references to escort services.,initial_models_agree,False,,,"{""final_label"":""Sexually_Explicit_Information"",""reason"":""The text contains sexually explicit language and a link, likely related to escort services.""}","```json
{""final_label"":""Sexually_Explicit_Information"",""reason"":""The text contains explicit sexual language and references to escort services.""}
```",,,,,meta/llama-3.3-70b-instruct,google/gemma-3n-e4b-it,,6518,2026-06-18T09:29:18.202786+00:00,175,TR_id_176,Harassment,"The text contains vulgar and mocking language mixed with a sexualized escort reference, targeting individuals in a degrading and humiliating manner."
171,birleşik kaba evvel ahirecekler esmer #sakarya #sapanca #serdivan e s c o r t şekerecekler köklemekecektim bıçağa koronerecektim ȇ̈s̑̈c̑̈ȏ̈ȓ̈t̑ LINK,Dangerous_Content,True,ocr_disaster,False,,,TR,R1,Dangerous_Content,need_review,triple_vote_not_unanimous,Dangerous_Content,Text contains threats and violent language.,Sexually_Explicit_Information,The text contains explicit sexual language and references to escort services and sexual acts.,initial_model_disagreement,False,,,"{""final_label"":""Dangerous_Content"",""reason"":""Text contains threats and violent language.""}","```json
{""final_label"":""Sexually_Explicit_Information"",""reason"":""The text contains explicit sexual language and references to escort services and sexual acts.""}
```",,,,,meta/llama-3.3-70b-instruct,google/gemma-3n-e4b-it,,6524,2026-06-18T09:29:22.414100+00:00,170,TR_id_171,Harassment,"The text contains vulgar, degrading, and sexually suggestive language mixed with geographic tags, implying hostile and sexualized intent toward individuals in specific locations, fitting Harassment under Turkish context."
173,#ücretlishow #whatsappshow türbanlı ensest dul türbanlı show yedi de bir bir kırıldı sesin. Sen kış Hala her dargın yüzünde s gibi sarın. üşüdü mü b LINK,Harassment,True,sex_show_spam,False,,,TR,R1,Harassment,need_review,triple_vote_not_unanimous,Harassment,Text contains insults and humiliation with sexual implication.,Sexually_Explicit_Information,"The text contains explicit sexual references and allusions, including terms related to sexual acts and sexual body parts.",initial_model_disagreement,False,,,"{""final_label"":""Harassment"",""reason"":""Text contains insults and humiliation with sexual implication.""}","```json
{""final_label"":""Sexually_Explicit_Information"",""reason"":""The text contains explicit sexual references and allusions, including terms related to sexual acts and sexual body parts.""}
```",,,,,meta/llama-3.3-70b-instruct,google/gemma-3n-e4b-it,,6498,2026-06-18T09:29:22.546265+00:00,172,TR_id_173,safe,"The text contains fragmented, nonsensical phrases and hashtags with no clear harmful intent, threat, or violation of any taxonomy label."
172,249658700 delgiye fimemişler Bakırköy Florya ataköy istanbul ȇ̈s̑̈c̑̈ȏ̈ȓ̈t̑ LINK,safe,True,ocr_disaster,False,,,TR,R1,safe,need_review,triple_vote_not_unanimous,Dangerous_Content,"Text appears to contain a phone number and a link, potentially related to fraud or scamming.",Harassment,"The text contains insults and potentially malicious abuse, using derogatory language and targeting a specific location, which can be interpreted as harassment.",initial_model_disagreement,False,,,"{""final_label"":""Dangerous_Content"",""reason"":""Text appears to contain a phone number and a link, potentially related to fraud or scamming.""}","```json
{""final_label"":""Harassment"",""reason"":""The text contains insults and potentially malicious abuse, using derogatory language and targeting a specific location, which can be interpreted as harassment.""}
```",,,,,meta/llama-3.3-70b-instruct,google/gemma-3n-e4b-it,,6495,2026-06-18T09:29:24.940966+00:00,171,TR_id_172,Cybersecurity_Malware,"The text contains a suspicious numeric string followed by 'LINK', suggesting a potential phishing or malware distribution attempt."
179,"bu çığlık sevilmedin mi? pusulaları kırın, #ücretlishow #whatsappshow türbanlı ensest dul türbanlı show arkadaşlarından imge, uzakta. acıkıyorum LINK",Harassment,True,sex_show_spam,False,,,TR,R1,Harassment,need_review,triple_vote_not_unanimous,Harassment,Text contains insults and humiliating language towards a specific group.,Dangerous_Content,"The text contains threats and references to harmful acts, potentially inciting violence or harm.",initial_model_disagreement,False,,,"{""final_label"":""Harassment"",""reason"":""Text contains insults and humiliating language towards a specific group.""}","```json
{""final_label"":""Dangerous_Content"",""reason"":""The text contains threats and references to harmful acts, potentially inciting violence or harm.""}
```",,,,,meta/llama-3.3-70b-instruct,google/gemma-3n-e4b-it,,6485,2026-06-18T09:29:25.050098+00:00,178,TR_id_179,Harassment,"Contains sexualized humiliation and degrading references targeting individuals through familial and religious imagery, framed as abusive content."
180,"30 /izmir/buca/ȇ̈s̑̈c̑̈ȏ̈ȓ̈t̑/ Hadi simit satanı Bu tür tOrbaLi bERgama mEndereS anladım, kestane satanı da. Peki ya dost satan, o da mı bAyRakli BAlcoVa GaziEMir alsAncAk Baktın hayatın ; tadını kaçıranı, hayatından çıkar! LINK 8943",TR_State_Security_Ataturk,True,ocr_disaster,False,,,TR,R1,TR_State_Security_Ataturk,need_review,triple_vote_not_unanimous,Harassment,The text contains insults and humiliation towards specific individuals or groups.,safe,"The text appears to be a metaphorical expression about removing negative influences from life, using local references to İzmir and other Turkish cities, and does not contain any harmful or sensitive content.",initial_model_disagreement,False,,,"{""final_label"":""Harassment"",""reason"":""The text contains insults and humiliation towards specific individuals or groups.""}","```json
{""final_label"":""safe"",""reason"":""The text appears to be a metaphorical expression about removing negative influences from life, using local references to İzmir and other Turkish cities, and does not contain any harmful or sensitive content.""}
```",,,,,meta/llama-3.3-70b-instruct,google/gemma-3n-e4b-it,,6616,2026-06-18T09:29:36.860566+00:00,179,TR_id_180,TR_State_Security_Ataturk,"Uses coded nationalist references to Turkish cities and symbols (Bayraklı, Gaziemir, Bergama, Balçova) to imply exclusion of non-conformists, invoking republican territorial and ideological purity with hostile tone."
185,dereotunun döner kebaptım dış âlemin emekli aylığıacaklar kültür bitkileriecektim değerbilirliğin gerekmekebilirsin #samsun e s c o r t #atakum köleleşmekecektim görünümlümemüşler afsunta ȇ̈s̑̈c̑̈ȏ̈ȓ̈t̑ LINK,safe,True,ocr_disaster,False,,,TR,R1,safe,need_review,triple_vote_not_unanimous,Harassment,Text contains insults and vulgar language.,Sexually_Explicit_Information,The text contains explicit sexual references and hashtags related to escort services.,initial_model_disagreement,False,,,"{""final_label"":""Harassment"",""reason"":""Text contains insults and vulgar language.""}","```json
{""final_label"":""Sexually_Explicit_Information"",""reason"":""The text contains explicit sexual references and hashtags related to escort services.""}
```",,,,,meta/llama-3.3-70b-instruct,google/gemma-3n-e4b-it,,6554,2026-06-18T09:29:39.714866+00:00,184,TR_id_185,Harassment,"Contains sexually explicit euphemisms ('escort') and degrading, abusive language framed as personal humiliation with local geographic references."
183,KARBONADOYMUŞTUM KIĞILAMATAN EŞ ANLAMA KANDAŞLIKMIŞTIM KASAACAKLAR #küçükçekmece #sirinevler #bağcılar // ȇ̈s̑̈c̑̈ȏ̈ȓ̈t̑ // BAŞ ÜSTÜYTÜM KİLERMENİTE LINK,Dangerous_Content,True,ocr_disaster,False,,,TR,R1,Dangerous_Content,need_review,triple_vote_not_unanimous,Harassment,Text contains hostile language and insults.,need_review,"The text contains coded language and references that are difficult to interpret without further context, potentially indicating a risk that doesn't fit neatly into existing labels.",need_review_from_initial_model,False,,,"{""final_label"":""Harassment"",""reason"":""Text contains hostile language and insults.""}","```json
{""final_label"":""need_review"",""reason"":""The text contains coded language and references that are difficult to interpret without further context, potentially indicating a risk that doesn't fit neatly into existing labels.""}
```",,,,,meta/llama-3.3-70b-instruct,google/gemma-3n-e4b-it,,6568,2026-06-18T09:29:41.016077+00:00,182,TR_id_183,Harassment,"Text contains aggressive, abusive, and dehumanizing language with hostile intent, including coded insults and vulgar references targeting individuals or groups in a local context."
182,merter gaziosmanpaşa mecidiyeköy paha hissettirenini sen dövebilirsiniz belirtisidir tekrarlamaz oldugu istanbul bilene eyüp şirinevler bağcılar deger Sana diye bayrampaşa güzel kadını ((ȇ̈s̑̈c̑̈ȏ̈ȓ̈t̑)) taksim bakırköy güngören şişli LINK,safe,True,ocr_disaster,False,,,TR,R1,safe,need_review,triple_vote_not_unanimous,Harassment,Text contains vulgar language and insults towards a specific person or group.,Harassment,"The text contains insults and derogatory language directed towards women, using terms like 'güzel kadını ((ȇ̈s̑̈c̑̈ȏ̈ȓ̈t̑))' which is sexually suggestive and demeaning.",initial_models_agree,False,,,"{""final_label"":""Harassment"",""reason"":""Text contains vulgar language and insults towards a specific person or group.""}","```json
{""final_label"":""Harassment"",""reason"":""The text contains insults and derogatory language directed towards women, using terms like 'güzel kadını ((ȇ̈s̑̈c̑̈ȏ̈ȓ̈t̑))' which is sexually suggestive and demeaning.""}
```",,,,,meta/llama-3.3-70b-instruct,google/gemma-3n-e4b-it,,6597,2026-06-18T09:29:41.680624+00:00,181,TR_id_182,safe,"The text contains fragmented geographic references and unclear phrases without abusive, threatening, or policy-violating content."
184,68724254 darcaacaktım #zeytinburnu #beyoğlu koşulsuz tepkeecekler gizliecekler taksim şişli beşiktaş mecidiyeköy ȇ̈s̑̈c̑̈ȏ̈ȓ̈t̑ LINK,Dangerous_Content,True,ocr_disaster,False,,,TR,R1,Dangerous_Content,need_review,triple_vote_not_unanimous,Politically_Sensitive_Topics,Text appears to discuss potential protests or gatherings in specific Istanbul neighborhoods.,Politically_Sensitive_Topics,"The text references specific locations in Turkey (Zeytinburnu, Beyoğlu, Taksim, Şişli, Beşiktaş, Mecidiyeköy) and implies a reaction to an event, suggesting potential political sensitivity related to public order or unrest.",initial_models_agree,False,,,"{""final_label"":""Politically_Sensitive_Topics"",""reason"":""Text appears to discuss potential protests or gatherings in specific Istanbul neighborhoods.""}","```json
{""final_label"":""Politically_Sensitive_Topics"",""reason"":""The text references specific locations in Turkey (Zeytinburnu, Beyoğlu, Taksim, Şişli, Beşiktaş, Mecidiyeköy) and implies a reaction to an event, suggesting potential political sensitivity related to public order or unrest.""}
```",,,,,meta/llama-3.3-70b-instruct,google/gemma-3n-e4b-it,,6561,2026-06-18T09:29:42.405295+00:00,183,TR_id_184,Harassment,Contains threatening language and location-based intimidation targeting public areas in Istanbul.
186,281694959 #istanbul Eminönü EGZOTİKLİKden DANTELLİden CİLALANMAKe istanbul ȇ̈s̑̈c̑̈ȏ̈ȓ̈t̑ LINK,safe,True,ocr_disaster,False,,,TR,R1,safe,need_review,triple_vote_not_unanimous,Cybersecurity_Malware,The text contains a suspicious link and phrases that may indicate phishing or malware.,safe,The text appears to be a promotional message for a shop in Istanbul and does not contain any harmful or sensitive content.,initial_model_disagreement,False,,,"{""final_label"":""Cybersecurity_Malware"",""reason"":""The text contains a suspicious link and phrases that may indicate phishing or malware.""}","```json
{""final_label"":""safe"",""reason"":""The text appears to be a promotional message for a shop in Istanbul and does not contain any harmful or sensitive content.""}
```",,,,,meta/llama-3.3-70b-instruct,google/gemma-3n-e4b-it,,6506,2026-06-18T09:29:43.480266+00:00,185,TR_id_186,safe,"The text contains a number, location reference, and fragmented Turkish words without clear harmful intent or violation of any safety label."
181,667490303 #fatih #zeytinburnu ÇAKIRLAŞMAe BİDONCUde ANIMSATMAKde istanbul ȇ̈s̑̈c̑̈ȏ̈ȓ̈t̑ LINK,Dangerous_Content,True,ocr_disaster,False,,,TR,R1,Dangerous_Content,need_review,triple_vote_not_unanimous,Cybersecurity_Malware,Text contains a suspicious link and potential phishing intent.,need_review,The text contains potentially coded language and references that require further investigation to determine the specific risk level within the Turkey context.,need_review_from_initial_model,False,,,"{""final_label"":""Cybersecurity_Malware"",""reason"":""Text contains a suspicious link and potential phishing intent.""}","```json
{""final_label"":""need_review"",""reason"":""The text contains potentially coded language and references that require further investigation to determine the specific risk level within the Turkey context.""}
```",,,,,meta/llama-3.3-70b-instruct,google/gemma-3n-e4b-it,,6508,2026-06-18T09:29:47.115647+00:00,180,TR_id_181,safe,"The text contains fragmented phrases and hashtags with no clear harmful, abusive, or sensitive content."
191,Her dalga GÜNAHKAR DÖNDÜRME #ücretlishow #whatsappshow türbanlı ensest dul türbanlı show İŞARETLEME TÜKÜRMEK TAHKİMAT DUBARACI YOLUNMAK LINK,TR_State_Security_Ataturk,True,sex_show_spam,False,,,TR,R1,TR_State_Security_Ataturk,need_review,triple_vote_not_unanimous,Hate_Speech,The text contains derogatory language and insults targeting a specific group based on their attire and implied religious or cultural identity.,Dangerous_Content,"The text contains explicit sexual references, incites violence, and promotes harmful activities, including sexual abuse and exploitation.",initial_model_disagreement,False,,,"{""final_label"":""Hate_Speech"",""reason"":""The text contains derogatory language and insults targeting a specific group based on their attire and implied religious or cultural identity.""}","```json
{""final_label"":""Dangerous_Content"",""reason"":""The text contains explicit sexual references, incites violence, and promotes harmful activities, including sexual abuse and exploitation.""}
```",,,,,meta/llama-3.3-70b-instruct,google/gemma-3n-e4b-it,,6522,2026-06-18T09:29:56.434268+00:00,190,TR_id_191,Hate_Speech,"Uses dehumanizing and sexually degraded language targeting women wearing headscarves, combining religious identity with sexual humiliation and contempt."
198,denizaygırının elvermekecekler ekspertizecekler burca danışmanın #isparta e s c o r t kutsuzacaktım ȇ̈s̑̈c̑̈ȏ̈ȓ̈t̑ LINK,TR_State_Security_Ataturk,True,ocr_disaster,False,,,TR,R1,TR_State_Security_Ataturk,need_review,triple_vote_not_unanimous,Sexually_Explicit_Information,The text contains explicit sexual service terms and hashtags.,Sexually_Explicit_Information,The text contains explicit sexual references and a solicitation for escort services.,initial_models_agree,False,,,"{""final_label"":""Sexually_Explicit_Information"",""reason"":""The text contains explicit sexual service terms and hashtags.""}","```json
{""final_label"":""Sexually_Explicit_Information"",""reason"":""The text contains explicit sexual references and a solicitation for escort services.""}
```",,,,,meta/llama-3.3-70b-instruct,google/gemma-3n-e4b-it,,6505,2026-06-18T09:29:59.301568+00:00,197,TR_id_198,Harassment,"The text combines vulgar slang ('escort') with hostile, degrading intent toward a specific individual or group, framed as a threat or humiliation, fitting Harassment under Turkish abusive context."
197,#betandyou ⚽️Uluslar Ligi günün maçı 👉Bahis : LINK 🎁LINK LINK,Politically_Sensitive_Topics,True,gambling_spam,False,,,TR,R1,Politically_Sensitive_Topics,need_review,triple_vote_not_unanimous,safe,The text appears to be a promotional message for a sports betting website.,Cybersecurity_Malware,"The text promotes gambling through links, which can be associated with financial fraud and scams.",initial_model_disagreement,False,,,"{""final_label"":""safe"",""reason"":""The text appears to be a promotional message for a sports betting website.""}","```json
{""final_label"":""Cybersecurity_Malware"",""reason"":""The text promotes gambling through links, which can be associated with financial fraud and scams.""}
```",,,,,meta/llama-3.3-70b-instruct,google/gemma-3n-e4b-it,,6448,2026-06-18T09:30:00.093495+00:00,196,TR_id_197,Cybersecurity_Malware,
196,819623246 7413 #fatih #zeytinburnu NÜMAYİŞebilirsin AMBARLATMAde istanbul ȇ̈s̑̈c̑̈ȏ̈ȓ̈t̑ LINK,TR_State_Security_Ataturk,True,ocr_disaster,False,,,TR,R1,TR_State_Security_Ataturk,need_review,triple_vote_not_unanimous,Cybersecurity_Malware,Text contains suspicious link and potential phishing keywords.,Harassment,"The text contains insults and vulgar language directed at an individual, using offensive terms like 'AMBARLATMA' and 'ȇ̈c̑̈ȏ̈ȓ̈t̑'.",initial_model_disagreement,False,,,"{""final_label"":""Cybersecurity_Malware"",""reason"":""Text contains suspicious link and potential phishing keywords.""}","```json
{""final_label"":""Harassment"",""reason"":""The text contains insults and vulgar language directed at an individual, using offensive terms like 'AMBARLATMA' and 'ȇ̈c̑̈ȏ̈ȓ̈t̑'.""}
```",,,,,meta/llama-3.3-70b-instruct,google/gemma-3n-e4b-it,,6515,2026-06-18T09:30:00.622804+00:00,195,TR_id_196,safe,"The text contains random numbers, hashtags, and fragmented Turkish words without clear harmful intent, threat, or violation of any taxonomy label."
202,anlatım Bir insanın Saatlerce Zevke hep // ȇ̈s̑̈c̑̈ȏ̈ȓ̈t̑ // #istanbul #mecidiyeköy Gerçeğe yoksam Bir çıkarken olan Gibi bizim BenimGoksu Bayılacağına demektir. En İyisi--- gir LINK,Dangerous_Content,True,ocr_disaster,False,,,TR,R1,Dangerous_Content,need_review,triple_vote_not_unanimous,Harassment,Text contains possible insults and humiliation.,Sexually_Explicit_Information,"The text contains explicit sexual references and hashtags, suggesting pornographic intent.",initial_model_disagreement,False,,,"{""final_label"":""Harassment"",""reason"":""Text contains possible insults and humiliation.""}","```json
{""final_label"":""Sexually_Explicit_Information"",""reason"":""The text contains explicit sexual references and hashtags, suggesting pornographic intent.""}
```",,,,,meta/llama-3.3-70b-instruct,google/gemma-3n-e4b-it,,6531,2026-06-18T09:30:13.973323+00:00,201,TR_id_202,safe,"The text contains fragmented, poetic, and ambiguous phrasing with no clear harmful intent, insult, threat, or violation of Turkey-specific or universal safety rules."
204,629401601 okmeydanı #başakşehir göbek havasııyor cöten boğuşulmaktan taksim şişli beşiktaş mecidiyeköy ȇ̈s̑̈c̑̈ȏ̈ȓ̈t̑ LINK,safe,True,ocr_disaster,False,,,TR,R1,safe,need_review,triple_vote_not_unanimous,safe,The text appears to be a mix of Turkish locations and a vague statement without any clear harmful or sensitive content.,need_review,"The text contains potentially coded separatist language and references to specific Istanbul districts, which could be interpreted as politically sensitive, but the exact intent is unclear.",need_review_from_initial_model,False,,,"{""final_label"":""safe"",""reason"":""The text appears to be a mix of Turkish locations and a vague statement without any clear harmful or sensitive content.""}","```json
{""final_label"":""need_review"",""reason"":""The text contains potentially coded separatist language and references to specific Istanbul districts, which could be interpreted as politically sensitive, but the exact intent is unclear.""}
```",,,,,meta/llama-3.3-70b-instruct,google/gemma-3n-e4b-it,,6531,2026-06-18T09:30:14.735407+00:00,203,TR_id_204,safe,"The text contains location names and fragmented phrases with no clear abusive, harmful, or policy-violating intent."
206,#zeytinburnu #merter #fatih // ȇ̈s̑̈c̑̈ȏ̈ȓ̈t̑ // KAYGILANMAKABİLİRSİN DOĞRUCAIYOR AFTMIŞTIM KARAPÜRÇEKECEKTİM KADIN KADINATA FUTBOLCULUKACAKTIM ETKİLENMENİN LINK,safe,True,ocr_disaster,False,,,TR,R1,safe,need_review,triple_vote_not_unanimous,Harassment,Text contains insults and vulgar language targeting a specific group.,safe,"The text appears to be a social media post with hashtags and mentions of locations, potentially related to a football player, but lacks any explicit harmful or sensitive content.",initial_model_disagreement,False,,,"{""final_label"":""Harassment"",""reason"":""Text contains insults and vulgar language targeting a specific group.""}","```json
{""final_label"":""safe"",""reason"":""The text appears to be a social media post with hashtags and mentions of locations, potentially related to a football player, but lacks any explicit harmful or sensitive content.""}
```",,,,,meta/llama-3.3-70b-instruct,google/gemma-3n-e4b-it,,6577,2026-06-18T09:30:18.226376+00:00,205,TR_id_206,Harassment,"Contains vulgar and degrading language targeting individuals with sexualized insults and hostile intent, fitting harassment criteria."
209,BEYAZLATICIACAKLAR GREV KIRICIMAMIŞLAR BİKARBONATIYOR #florya #arnavutköy #sarıyer // ȇ̈s̑̈c̑̈ȏ̈ȓ̈t̑ // KIMILABİLİRSİN KÖYLÜ ÇORBASIACAKTIM FÂNİLİKECEKTİM ENSE ÇUKURUABİLİRSİN LINK,safe,True,ocr_disaster,False,,,TR,R1,safe,need_review,triple_vote_not_unanimous,Harassment,Text contains insults and hostile language.,need_review,"The text contains coded language and references that are difficult to interpret without further context, potentially indicating a risk that doesn't fit neatly into existing labels.",need_review_from_initial_model,False,,,"{""final_label"":""Harassment"",""reason"":""Text contains insults and hostile language.""}","```json
{""final_label"":""need_review"",""reason"":""The text contains coded language and references that are difficult to interpret without further context, potentially indicating a risk that doesn't fit neatly into existing labels.""}
```",,,,,meta/llama-3.3-70b-instruct,google/gemma-3n-e4b-it,,6592,2026-06-18T09:30:18.780471+00:00,208,TR_id_209,Harassment,"Contains vulgar, degrading, and threatening language targeting individuals with sexualized and bodily insults, framed as hostile humiliation."
203,💎💎PAPARA HESABINI KİRALA GÜNLÜK 2300₺ KAZAN💎💎 💵💵🤝💵💵🤝💵💵🤝💵💵 #kpss2022iptaledilsin Çıplak Fotoğraflar Eşcinsel İmam #SONDAKIKA #dolar #kykyurt #osym Ekrem İmamoğlu Ukrayna #GenelAf Ahmet Çakar Garanti Bankası Oktay Kaynarca #Sort Sefo #IranProtests LINK,Dangerous_Content,True,gambling_spam,False,,,TR,R1,Dangerous_Content,need_review,triple_vote_not_unanimous,Dangerous_Content,"The text contains potential fraud and scam signals, including renting out a PAPARA account for daily profit.",Dangerous_Content,The text promotes illegal activities (account rental) and includes sexually explicit content and potentially harmful hashtags related to sensitive topics.,initial_models_agree,False,,,"{""final_label"":""Dangerous_Content"",""reason"":""The text contains potential fraud and scam signals, including renting out a PAPARA account for daily profit.""}","```json
{""final_label"":""Dangerous_Content"",""reason"":""The text promotes illegal activities (account rental) and includes sexually explicit content and potentially harmful hashtags related to sensitive topics.""}
```",,,,,meta/llama-3.3-70b-instruct,google/gemma-3n-e4b-it,,6652,2026-06-18T09:30:21.132365+00:00,202,TR_id_203,Cybersecurity_Malware,"The text promotes renting a Papara account for daily profit, which is a common indicator of financial fraud or account takeover schemes, and includes misleading hashtags and suspicious links."
208,"İnsanlar istedikleri kişiye soydaşım deyip, yakınlık kurabilir. Sanane ki amk Vatansız Loser'ı. Hayatın boyunca Atatürk ve Türk Ulus Devletine kinlenip, twit atmaktan başka da hiçbir şey yapamadan mal gibi izleyeceksin",Hate_Speech,False,,True,safe,无特定目标的脏话发泄被错标为违规,TR,R1,Hate_Speech,need_review,triple_vote_not_unanimous,Hate_Speech,The text contains hostile language and insults targeting a person and their perceived lack of loyalty to Atatürk and the Turkish state.,Hate_Speech,"The text contains insults, derogatory terms ('Vatansız Loser', 'mal gibi'), and expresses hatred towards Atatürk and the Turkish Nation-State, targeting a group based on perceived national identity.",initial_models_agree,False,,,"{""final_label"":""Hate_Speech"",""reason"":""The text contains hostile language and insults targeting a person and their perceived lack of loyalty to Atatürk and the Turkish state.""}","```json
{""final_label"":""Hate_Speech"",""reason"":""The text contains insults, derogatory terms ('Vatansız Loser', 'mal gibi'), and expresses hatred towards Atatürk and the Turkish Nation-State, targeting a group based on perceived national identity.""}
```",,,,,meta/llama-3.3-70b-instruct,google/gemma-3n-e4b-it,,6563,2026-06-18T09:30:21.627255+00:00,207,TR_id_208,TR_State_Security_Ataturk,"The text contains direct insults toward Atatürk and the Turkish Nation-State, along with the term 'Vatansız' (stateless), which attacks republican legitimacy and national unity."
212,DOYUM NOKTASIACAKLAR FARK OLUNMAKIYOR BOŞUNAYA DEMAGOGLUKABİLİRSİN DEMİRLEBLEBİECEKLER KÖZLEMEMEMİŞLER #gaziosmanpaşa #bayrampaşa #maslak // ȇ̈s̑̈c̑̈ȏ̈ȓ̈t̑ // KURGUTA LINK,Dangerous_Content,True,ocr_disaster,False,,,TR,R1,Dangerous_Content,need_review,triple_vote_not_unanimous,Harassment,Text contains insults and hostile language.,Politically_Sensitive_Topics,"The text contains political slogans and references to specific districts, potentially related to political or social unrest.",initial_model_disagreement,False,,,"{""final_label"":""Harassment"",""reason"":""Text contains insults and hostile language.""}","```json
{""final_label"":""Politically_Sensitive_Topics"",""reason"":""The text contains political slogans and references to specific districts, potentially related to political or social unrest.""}
```",,,,,meta/llama-3.3-70b-instruct,google/gemma-3n-e4b-it,,6570,2026-06-18T09:30:25.940265+00:00,211,TR_id_212,TR_State_Security_Ataturk,"Text contains coded nationalist rhetoric, distorted political slogans, and references to Istanbul districts with separatist-coded hashtags, implying state delegitimization and territorial unrest."
211,ki hüzün zaman denilen kuyu #ücretlishow #whatsappshow görüntülüshow türbanlı show Yokluğunla hep cam olamamış gibi Şimdi gelse kadar boğulgan. etmişsin gibi LINK,safe,True,sex_show_spam,False,,,TR,R1,safe,need_review,triple_vote_not_unanimous,safe,The text appears to be a poetic and emotional expression without any harmful or sensitive content.,Sexually_Explicit_Information,"The text contains hashtags (#ücretlishow, #whatsappshow, görüntülüshow, türbanlı show) and phrases suggesting explicit content and availability of video shows.",initial_model_disagreement,False,,,"{""final_label"":""safe"",""reason"":""The text appears to be a poetic and emotional expression without any harmful or sensitive content.""}","```json
{""final_label"":""Sexually_Explicit_Information"",""reason"":""The text contains hashtags (#ücretlishow, #whatsappshow, görüntülüshow, türbanlı show) and phrases suggesting explicit content and availability of video shows.""}
```",,,,,meta/llama-3.3-70b-instruct,google/gemma-3n-e4b-it,,6511,2026-06-18T09:30:27.275399+00:00,210,TR_id_211,safe,"The text is poetic and melancholic, using metaphorical language without threats, insults, hate, sexual content, or political/security violations."
218,#ücretlishow #whatsappshow sahteletmek espiyonaj hafif sıklet dökümlemek aşure günü Sov--cam-show--sậnậl--shỗw-- talak serme LINK,Dangerous_Content,True,sex_show_spam,False,,,TR,R1,Dangerous_Content,need_review,triple_vote_not_unanimous,Politically_Sensitive_Topics,Text contains potential espionage and sabotage references.,Dangerous_Content,"The text contains terms related to fraud, espionage, and potentially harmful activities, indicated by 'sahteletmek' (to counterfeit), 'espiyonaj' (espionage), and 'talak' (divorce, potentially used coercively).",initial_model_disagreement,False,,,"{""final_label"":""Politically_Sensitive_Topics"",""reason"":""Text contains potential espionage and sabotage references.""}","```json
{""final_label"":""Dangerous_Content"",""reason"":""The text contains terms related to fraud, espionage, and potentially harmful activities, indicated by 'sahteletmek' (to counterfeit), 'espiyonaj' (espionage), and 'talak' (divorce, potentially used coercively).""}
```",,,,,meta/llama-3.3-70b-instruct,google/gemma-3n-e4b-it,,6516,2026-06-18T09:30:31.799836+00:00,217,TR_id_218,need_review,"Text contains fragmented, possibly coded or OCR-damaged phrases mixing Turkish and non-Turkish elements with ambiguous intent, including references to 'sahte' (fake), 'espiyonaj' (espionage), and institutional-sounding terms like 'Sov--cam-show', which may imply covert or subversive activity but lack clear dangerous, hateful, or politically sensitive intent under defined labels."
213,sözlerinden görüntülüshow telde #whatsappshow armagandan veren acı degildir kücük adam sậnậlshow secmelisin Teldesex gülümseten olsun büyük biliyorum??nagehan #ücretlishow bilir Karataşeski LINK,Sexually_Explicit_Information,True,sex_show_spam,False,,,TR,R1,Sexually_Explicit_Information,need_review,triple_vote_not_unanimous,Sexually_Explicit_Information,The text contains sexually explicit language and intent.,Sexually_Explicit_Information,"The text contains explicit references to 'show', 'whatsappshow', 'secmelisin', and 'ücretlishow', suggesting a solicitation for sexual services.",initial_models_agree,False,,,"{""final_label"":""Sexually_Explicit_Information"",""reason"":""The text contains sexually explicit language and intent.""}","```json
{""final_label"":""Sexually_Explicit_Information"",""reason"":""The text contains explicit references to 'show', 'whatsappshow', 'secmelisin', and 'ücretlishow', suggesting a solicitation for sexual services.""}
```",,,,,meta/llama-3.3-70b-instruct,google/gemma-3n-e4b-it,,6531,2026-06-18T09:30:35.017643+00:00,212,TR_id_213,Harassment,"The text contains vulgar, mocking, and humiliating language targeting an individual or group, using slang and coded references to shame or degrade, fitting Harassment under Turkish abusive patterns."
219,Hangi çağa dudaklarımdaki düşünmedin mi? Yağmurlu bir uyumsuz bir anı #ücretlishow #whatsappshow türbanlı ensest dul türbanlı show riyorum LINK,Harassment,True,sex_show_spam,False,,,TR,R1,Harassment,need_review,triple_vote_not_unanimous,Hate_Speech,Text contains humiliating and degrading language targeting a specific group.,Sexually_Explicit_Information,The text contains explicit sexual references and hashtags suggesting a sexually explicit video or content.,initial_model_disagreement,False,,,"{""final_label"":""Hate_Speech"",""reason"":""Text contains humiliating and degrading language targeting a specific group.""}","```json
{""final_label"":""Sexually_Explicit_Information"",""reason"":""The text contains explicit sexual references and hashtags suggesting a sexually explicit video or content.""}
```",,,,,meta/llama-3.3-70b-instruct,google/gemma-3n-e4b-it,,6489,2026-06-18T09:30:35.712903+00:00,218,TR_id_219,Sexually_Explicit_Information,Uses euphemistic and sexualized language ('türbanlı ensest dul türbanlı show riyorum') with suggestive context and explicit hashtags implying sexual content.
220,Sov--cam-show--sậnậl--shỗw-- akan #ücretlishow #whatsappshow yıldız liyakatlilik salgılatmak salma barınılma bastırma keşlemek LINK,Dangerous_Content,True,sex_show_spam,False,,,TR,R1,Dangerous_Content,need_review,triple_vote_not_unanimous,Sexually_Explicit_Information,The text contains sexually explicit language and hashtags.,Sexually_Explicit_Information,"The text contains explicit sexual signals and references to paid sexual content, indicating a potential for arousal-focused content.",initial_models_agree,False,,,"{""final_label"":""Sexually_Explicit_Information"",""reason"":""The text contains sexually explicit language and hashtags.""}","```json
{""final_label"":""Sexually_Explicit_Information"",""reason"":""The text contains explicit sexual signals and references to paid sexual content, indicating a potential for arousal-focused content.""}
```",,,,,meta/llama-3.3-70b-instruct,google/gemma-3n-e4b-it,,6490,2026-06-18T09:30:41.206443+00:00,219,TR_id_220,Cybersecurity_Malware,"The text contains encoded or obfuscated terms likely indicating phishing or scam links disguised as paid shows, with suspicious hashtags and action verbs suggesting fraudulent engagement or credential harvesting."
224,Herkesin sizden Bir kadına Kadınların yalan söyledigini caml Yusufeli Çayırlı Yenice Datça Yomra ȇ̈s̑̈c̑̈ȏ̈ȓ̈t̑ #Alanya /Mâſâj ſâlońú/ LINK,safe,True,ocr_disaster,False,,,TR,R1,safe,need_review,triple_vote_not_unanimous,Harassment,The text contains insults and humiliation towards women.,Harassment,"The text contains insults and vulgar language directed towards a woman, using derogatory terms and sexual connotations.",initial_models_agree,False,,,"{""final_label"":""Harassment"",""reason"":""The text contains insults and humiliation towards women.""}","```json
{""final_label"":""Harassment"",""reason"":""The text contains insults and vulgar language directed towards a woman, using derogatory terms and sexual connotations.""}
```",,,,,meta/llama-3.3-70b-instruct,google/gemma-3n-e4b-it,,6523,2026-06-18T09:30:44.132973+00:00,223,TR_id_224,safe,"The text contains fragmented, nonsensical phrases and location names without clear abusive, threatening, or sensitive content."
225,EPİKÜRCÜNÜN #bahçelievler #başakşehir // ȇ̈s̑̈c̑̈ȏ̈ȓ̈t̑ // KİLOMETREEBİLİRSİN BİZCİLEYİNE BERİTE BOLLANMAACAKLAR BECERİKLİECEKTİM BEDBAHT OLMAKMAMIŞLAR LINK,TR_State_Security_Ataturk,True,ocr_disaster,False,,,TR,R1,TR_State_Security_Ataturk,need_review,triple_vote_not_unanimous,Harassment,Text contains insults and hostile language.,need_review,The text contains unclear references and potentially coded language that requires further investigation to determine the presence of harmful intent or sensitivity.,need_review_from_initial_model,False,,,"{""final_label"":""Harassment"",""reason"":""Text contains insults and hostile language.""}","```json
{""final_label"":""need_review"",""reason"":""The text contains unclear references and potentially coded language that requires further investigation to determine the presence of harmful intent or sensitivity.""}
```",,,,,meta/llama-3.3-70b-instruct,google/gemma-3n-e4b-it,,6560,2026-06-18T09:30:44.696834+00:00,224,TR_id_225,Harassment,"Contains hostile, mocking language targeting specific neighborhoods and individuals with vulgar and degrading tone, fitting harassment through humiliation and ridicule."
221,açkılamakta feminenebilirsin #isparta e s c o r t birlikteye kızlıkıyortular güvenilirmemişler acılaştırmata ȇ̈s̑̈c̑̈ȏ̈ȓ̈t̑ LINK,Harassment,True,ocr_disaster,False,,,TR,R1,Harassment,need_review,triple_vote_not_unanimous,Sexually_Explicit_Information,The text contains explicit sexual language and escort services.,Sexually_Explicit_Information,The text contains explicit sexual references and mentions escort services.,initial_models_agree,False,,,"{""final_label"":""Sexually_Explicit_Information"",""reason"":""The text contains explicit sexual language and escort services.""}","```json
{""final_label"":""Sexually_Explicit_Information"",""reason"":""The text contains explicit sexual references and mentions escort services.""}
```",,,,,meta/llama-3.3-70b-instruct,google/gemma-3n-e4b-it,,6504,2026-06-18T09:30:48.972374+00:00,220,TR_id_221,Harassment,"The text contains sexualized solicitation and vulgar language targeting individuals, framed as escort services with degrading implications."
226,#ücretlishow #whatsappshow görüntülüshow türbanlı show cam ABDİACİZ ARYANİZM Bir papatyanın MOTOTREN KURAMSAL TARANMAK İRADESİZCE MACUNLUK LINK,Hate_Speech,True,sex_show_spam,False,,,TR,R1,Hate_Speech,need_review,triple_vote_not_unanimous,Hate_Speech,"Text contains hate speech terms like ARYANİZM, which is a reference to Aryanism, a ideology associated with white supremacy and discrimination.",Hate_Speech,The text contains derogatory and dehumanizing language targeting a protected identity group (implied religious/cultural group) using offensive terms and stereotypes.,initial_models_agree,False,,,"{""final_label"":""Hate_Speech"",""reason"":""Text contains hate speech terms like ARYANİZM, which is a reference to Aryanism, a ideology associated with white supremacy and discrimination.""}","```json
{""final_label"":""Hate_Speech"",""reason"":""The text contains derogatory and dehumanizing language targeting a protected identity group (implied religious/cultural group) using offensive terms and stereotypes.""}
```",,,,,meta/llama-3.3-70b-instruct,google/gemma-3n-e4b-it,,6523,2026-06-18T09:30:50.544121+00:00,225,TR_id_226,need_review,"Text contains fragmented, nonsensical, and potentially coded phrases with unclear intent, mixing Turkish slang, random capitalization, and ambiguous references that do not clearly map to any defined unsafe label."
228,anlamalı güvenilecek #whatsappshow gelmeyecegini Kanka Teldesex göre görüntülüshow Başarıya lütfen canım ama giden bildigin cekip nereye hic sậnậlshow #ücretlishow telde LINK,TR_State_Security_Ataturk,True,sex_show_spam,False,,,TR,R1,TR_State_Security_Ataturk,need_review,triple_vote_not_unanimous,Sexually_Explicit_Information,The text contains sexually explicit language and intent.,Sexually_Explicit_Information,"The text contains explicit references to 'show', 'telde', 'ücretli', and 'link', suggesting a solicitation for sexual services.",initial_models_agree,False,,,"{""final_label"":""Sexually_Explicit_Information"",""reason"":""The text contains sexually explicit language and intent.""}","```json
{""final_label"":""Sexually_Explicit_Information"",""reason"":""The text contains explicit references to 'show', 'telde', 'ücretli', and 'link', suggesting a solicitation for sexual services.""}
```",,,,,meta/llama-3.3-70b-instruct,google/gemma-3n-e4b-it,,6516,2026-06-18T09:30:51.576470+00:00,227,TR_id_228,Cybersecurity_Malware,"The text contains suspicious WhatsApp-related phishing cues, fake show references, and encrypted link prompts typical of scam or malware distribution attempts."
222,"Yakın diyenin 7 ceddini götünden sikim, aq ışıdlı piçleri.",Hate_Speech,False,,True,safe,无特定目标的脏话发泄被错标为违规,TR,R1,Hate_Speech,need_review,triple_vote_not_unanimous,Harassment,Text contains direct insults and vulgar abuse.,Hate_Speech,"The text contains severe insults, vulgar abuse, and dehumanizing language targeting a group, including explicit sexual references and derogatory terms.",initial_model_disagreement,False,,,"{""final_label"":""Harassment"",""reason"":""Text contains direct insults and vulgar abuse.""}","```json
{""final_label"":""Hate_Speech"",""reason"":""The text contains severe insults, vulgar abuse, and dehumanizing language targeting a group, including explicit sexual references and derogatory terms.""}
```",,,,,meta/llama-3.3-70b-instruct,google/gemma-3n-e4b-it,,6446,2026-06-18T09:30:58.723666+00:00,221,TR_id_222,Harassment,"Contains vulgar sexual insult and degrading language directed at individuals, fitting Harassment due to personal abuse without targeting protected identity or state redlines."
234,KALP YARASIYTIM GEÇİNDİRMEEBİLİRSİN BANDIRMAYMIŞTIM #şişli #mecidiyeköy // ȇ̈s̑̈c̑̈ȏ̈ȓ̈t̑ // KONU KOMŞUABİLİRSİN BAŞ DÜMENİYE FİKİRMİŞTİM DEMİRLEMEMEMİŞLER EMLAK KREDİSİYMİŞTİM LINK,safe,True,ocr_disaster,False,,,TR,R1,safe,need_review,triple_vote_not_unanimous,safe,The text appears to be a personal and confusing message with no clear intent to harm or violate any rules.,Harassment,"The text contains insults and vulgar language directed at someone, using derogatory terms like 'bandırmaymıştım'.",initial_model_disagreement,False,,,"{""final_label"":""safe"",""reason"":""The text appears to be a personal and confusing message with no clear intent to harm or violate any rules.""}","```json
{""final_label"":""Harassment"",""reason"":""The text contains insults and vulgar language directed at someone, using derogatory terms like 'bandırmaymıştım'.""}
```",,,,,meta/llama-3.3-70b-instruct,google/gemma-3n-e4b-it,,6604,2026-06-18T09:31:02.465841+00:00,233,TR_id_234,safe,"The text contains fragmented, possibly OCR-damaged Turkish phrases with no clear harmful intent, threats, insults, or violation of any safety label criteria."
231,742058628 bakırköy bahçelievler ONULMAKyor MOBİLYASIZmemşler BOMBELİe istanbul ȇ̈s̑̈c̑̈ȏ̈ȓ̈t̑ LINK,Dangerous_Content,True,ocr_disaster,False,,,TR,R1,Dangerous_Content,need_review,triple_vote_not_unanimous,Cybersecurity_Malware,The text appears to contain a suspicious link and potentially malicious intent.,Dangerous_Content,"The text contains references to 'BOMBELİ' (bombed) and 'LINK', suggesting a potential threat or link to dangerous content/activities.",initial_model_disagreement,False,,,"{""final_label"":""Cybersecurity_Malware"",""reason"":""The text appears to contain a suspicious link and potentially malicious intent.""}","```json
{""final_label"":""Dangerous_Content"",""reason"":""The text contains references to 'BOMBELİ' (bombed) and 'LINK', suggesting a potential threat or link to dangerous content/activities.""}
```",,,,,meta/llama-3.3-70b-instruct,google/gemma-3n-e4b-it,,6519,2026-06-18T09:31:03.030953+00:00,230,TR_id_231,need_review,"Text contains fragmented, possibly OCR-damaged or coded language with ambiguous references to locations and terms like 'BOMBELİe' that may imply threat but lack clear contextual intent."
232,"serinlik oldurmaya bir söz: Çiçeğin, Yaralı Bak yine bir #ücretlishow #whatsappshow görüntülüshow türbanlı show cam bak şimdi.. yaprakların Gittiğine inanmak LINK",safe,True,sex_show_spam,False,,,TR,R1,safe,need_review,triple_vote_not_unanimous,safe,The text appears to be a poetic and symbolic expression without any clear harmful or sensitive content.,TR_State_Security_Ataturk,"The text contains a derogatory reference to a 'türbanlı show' and uses political hashtags, potentially targeting symbols associated with the Turkish state and its values.",initial_model_disagreement,False,,,"{""final_label"":""safe"",""reason"":""The text appears to be a poetic and symbolic expression without any clear harmful or sensitive content.""}","```json
{""final_label"":""TR_State_Security_Ataturk"",""reason"":""The text contains a derogatory reference to a 'türbanlı show' and uses political hashtags, potentially targeting symbols associated with the Turkish state and its values.""}
```",,,,,meta/llama-3.3-70b-instruct,google/gemma-3n-e4b-it,,6514,2026-06-18T09:31:03.457750+00:00,231,TR_id_232,safe,"The text contains poetic and metaphorical language without harmful, abusive, or policy-violating content."
236,KIRTIPİLLEŞMEKTİM DERECELENDİRİLMEKİYOR EDEBİYADA FİTİLLEMETEN BAŞMUHARRİRMİŞTİM KÖRÜKLÜECEKTİM BAŞSAVCIABİLİRSİN KİNLENMETE FANTEZİSTMİŞTİM #mecidyeköy // ȇ̈s̑̈c̑̈ȏ̈ȓ̈t̑ // FLORESAN LAMBAMAMIŞLAR LINK,TR_State_Security_Ataturk,True,ocr_disaster,False,,,TR,R1,TR_State_Security_Ataturk,need_review,triple_vote_not_unanimous,Harassment,Text contains hostile language and insults.,need_review,"The text contains coded language and references that are difficult to interpret without further context, potentially alluding to sensitive topics or separatist sentiments within a local context.",need_review_from_initial_model,False,,,"{""final_label"":""Harassment"",""reason"":""Text contains hostile language and insults.""}","```json
{""final_label"":""need_review"",""reason"":""The text contains coded language and references that are difficult to interpret without further context, potentially alluding to sensitive topics or separatist sentiments within a local context.""}
```",,,,,meta/llama-3.3-70b-instruct,google/gemma-3n-e4b-it,,6618,2026-06-18T09:31:06.121300+00:00,235,TR_id_236,TR_State_Security_Ataturk,"The text uses coded, distorted Turkish phrases and hashtags that appear to mock or delegitimize state institutions and republican symbols through surreal, satirical, and subversive language typical of anti-republican memes targeting Turkish sovereignty and legal authority."
242,Sarayın paralı soytarılarıda gelmiş. Tam bir 15 temmuz tiyatrosu olmuş şimdik. Ne kadar çorbacı varsa gitmeseniz çorba yok ha sopasıyla marşmarş. Hadi yüreğiniz yetiyorsa tek başına çıkıp sokaklarda dolaşın sene.,safe,False,,True,TR_State_Security_Ataturk,辱骂本国政治人物/机构被错标为普通骚扰/仇恨/安全,TR,R1,safe,need_review,triple_vote_not_unanimous,Hate_Speech,The text contains hostile language and insults targeting a group.,Politically_Sensitive_Topics,"The text references the 15 Temmuz coup attempt and criticizes the government, indicating political sensitivity.",initial_model_disagreement,False,,,"{""final_label"":""Hate_Speech"",""reason"":""The text contains hostile language and insults targeting a group.""}","```json
{""final_label"":""Politically_Sensitive_Topics"",""reason"":""The text references the 15 Temmuz coup attempt and criticizes the government, indicating political sensitivity.""}
```",,,,,meta/llama-3.3-70b-instruct,google/gemma-3n-e4b-it,,6537,2026-06-18T09:31:16.491798+00:00,241,TR_id_242,TR_State_Security_Ataturk,"The text mocks the July 15 coup attempt and uses sarcastic language to undermine state institutions and national unity, invoking republican redlines."
243,merter bakırköy ((ȇ̈s̑̈c̑̈ȏ̈ȓ̈t̑)) şişli zararlılarıdır başlayan şirinevler bağcılar taksim davranıyorlar kadar eyüp istanbul iyi okusam kaybettiginde mecidiyeköy bayrampaşa diye kadar gaziosmanpaşa gibi güngören LINK,Harassment,True,ocr_disaster,False,,,TR,R1,Harassment,need_review,triple_vote_not_unanimous,Harassment,The text contains insults and derogatory language towards specific neighborhoods and groups in Istanbul.,Harassment,"The text contains insults and derogatory language directed at various Istanbul districts, implying negative characteristics and potentially inciting hostility.",initial_models_agree,False,,,"{""final_label"":""Harassment"",""reason"":""The text contains insults and derogatory language towards specific neighborhoods and groups in Istanbul.""}","```json
{""final_label"":""Harassment"",""reason"":""The text contains insults and derogatory language directed at various Istanbul districts, implying negative characteristics and potentially inciting hostility.""}
```",,,,,meta/llama-3.3-70b-instruct,google/gemma-3n-e4b-it,,6557,2026-06-18T09:31:17.069349+00:00,242,TR_id_243,safe,"The text contains geographic references and fragmented phrases without abusive, threatening, or policy-violating content."
245,Merter Şirinevler cinsiyet bokunu #Taksim rastlamadım Beşiktaş akıllı dövebilirsiniz kadını bekleyelim istanbul unutmambazen #Mecidiyeköy yerde arar Bakırköy henüz Bayrampaşa #Şişli kadar (((((ȇ̈s̑̈c̑̈ȏ̈ȓ̈t̑))) LINK,Harassment,True,ocr_disaster,False,,,TR,R1,Harassment,need_review,triple_vote_not_unanimous,Sexually_Explicit_Information,The text contains sexually explicit language and intent.,Hate_Speech,"The text contains derogatory and dehumanizing language targeting individuals based on their perceived sexual orientation and gender identity, using slurs and offensive terms.",initial_model_disagreement,False,,,"{""final_label"":""Sexually_Explicit_Information"",""reason"":""The text contains sexually explicit language and intent.""}","```json
{""final_label"":""Hate_Speech"",""reason"":""The text contains derogatory and dehumanizing language targeting individuals based on their perceived sexual orientation and gender identity, using slurs and offensive terms.""}
```",,,,,meta/llama-3.3-70b-instruct,google/gemma-3n-e4b-it,,6571,2026-06-18T09:31:17.497472+00:00,244,TR_id_245,Harassment,"Contains vulgar sexualized insult ('cinsiyet bokunu') and aggressive, degrading language targeting women in public spaces, framed as hostile intimidation."
244,"ölüm burcudu yarıştırırdın çıplaklığını Kar gelecek, gözyaşlarımı gelsen #ücretlishow #whatsappshow görüntülüshow türbanlı show cam bakıma LINK",TR_State_Security_Ataturk,True,sex_show_spam,False,,,TR,R1,TR_State_Security_Ataturk,need_review,triple_vote_not_unanimous,Harassment,Text contains vulgar abuse and humiliation.,Sexually_Explicit_Information,"The text contains explicit sexual references and alludes to sexual acts, using terms like 'çıplaklığını' (nakedness) and 'görüntülüshow' (video show) in a sexually suggestive context.",initial_model_disagreement,False,,,"{""final_label"":""Harassment"",""reason"":""Text contains vulgar abuse and humiliation.""}","```json
{""final_label"":""Sexually_Explicit_Information"",""reason"":""The text contains explicit sexual references and alludes to sexual acts, using terms like 'çıplaklığını' (nakedness) and 'görüntülüshow' (video show) in a sexually suggestive context.""}
```",,,,,meta/llama-3.3-70b-instruct,google/gemma-3n-e4b-it,,6504,2026-06-18T09:31:18.046292+00:00,243,TR_id_244,Harassment,"The text contains vulgar and humiliating language targeting an individual with sexualized insults and threats, fitting harassment criteria without meeting higher-severity or protected-group attack thresholds."
249,SALLATMAK DOBRALIK FENALIK KEŞİDECİ NİTELLİK #ücretlishow #whatsappshow türbanlı ensest dul türbanlı sana benzesin show YAĞCILIK DESPOTÇA LINK,TR_State_Security_Ataturk,True,sex_show_spam,False,,,TR,R1,TR_State_Security_Ataturk,need_review,triple_vote_not_unanimous,Hate_Speech,Text contains derogatory terms and insults targeting a specific group based on their appearance and identity.,Dangerous_Content,"The text contains references to sexual acts, exploitation, and potentially harmful content, including terms like 'ensest' (incest) and 'dul türbanlı' (widowed headscarf), combined with show/link references suggesting exploitation.",initial_model_disagreement,False,,,"{""final_label"":""Hate_Speech"",""reason"":""Text contains derogatory terms and insults targeting a specific group based on their appearance and identity.""}","```json
{""final_label"":""Dangerous_Content"",""reason"":""The text contains references to sexual acts, exploitation, and potentially harmful content, including terms like 'ensest' (incest) and 'dul türbanlı' (widowed headscarf), combined with show/link references suggesting exploitation.""}
```",,,,,meta/llama-3.3-70b-instruct,google/gemma-3n-e4b-it,,6540,2026-06-18T09:31:22.787077+00:00,248,TR_id_249,Harassment,"Contains vulgar, degrading, and sexually suggestive insults targeting individuals, including references to marital status and religious attire in a humiliating context."
250,#ücretlishow #whatsappshow türbanlı ensest dul türbanlı show AKÇAKALE BASICILIK AKGÜNLÜK CAZSIZ ermer; NUSAYBİN KİLLEMEK OFSETÇİ LINK,Hate_Speech,True,sex_show_spam,False,,,TR,R1,Hate_Speech,need_review,triple_vote_not_unanimous,Hate_Speech,Text contains derogatory terms and insults targeting a specific group.,Sexually_Explicit_Information,The text contains explicit sexual references and hashtags related to sexual content.,initial_model_disagreement,False,,,"{""final_label"":""Hate_Speech"",""reason"":""Text contains derogatory terms and insults targeting a specific group.""}","```json
{""final_label"":""Sexually_Explicit_Information"",""reason"":""The text contains explicit sexual references and hashtags related to sexual content.""}
```",,,,,meta/llama-3.3-70b-instruct,google/gemma-3n-e4b-it,,6497,2026-06-18T09:31:23.962285+00:00,249,TR_id_250,Hate_Speech,Uses derogatory and dehumanizing terms targeting religious and regional identities with hostile intent.
251,DALKIRANTIM BİREYLEŞTİRMEĞE DIŞARILIKMIŞTIM KAYGISIZIYORTULAR #alibeyköy #eyüp #sultangazi // ȇ̈s̑̈c̑̈ȏ̈ȓ̈t̑ // DÖLLENMESİZ ÜREMEECEKTİM KÖSTEKLENMETEN KÜFLÜCENİN LINK,Dangerous_Content,True,ocr_disaster,False,,,TR,R1,Dangerous_Content,need_review,triple_vote_not_unanimous,Harassment,Text contains insults and vulgar abuse.,Sexually_Explicit_Information,"The text contains explicit sexual references and terminology, including terms related to reproduction and sexual acts.",initial_model_disagreement,False,,,"{""final_label"":""Harassment"",""reason"":""Text contains insults and vulgar abuse.""}","```json
{""final_label"":""Sexually_Explicit_Information"",""reason"":""The text contains explicit sexual references and terminology, including terms related to reproduction and sexual acts.""}
```",,,,,meta/llama-3.3-70b-instruct,google/gemma-3n-e4b-it,,6572,2026-06-18T09:31:28.489914+00:00,250,TR_id_251,Harassment,"Contains vulgar, degrading, and sexually charged insults targeting individuals or groups with hostile intent, using Turkish slang and coded language to humiliate."
252,2 gündür alkol almıyoruz diye uyuyamıyoruz amk Milli ara diye saçmalık var bide İnönü’ye izin çıkmıcak sikim ananı amınakoduğumun kartalı,TR_State_Security_Ataturk,False,,True,safe,无特定目标的脏话发泄被错标为违规,TR,R1,TR_State_Security_Ataturk,need_review,triple_vote_not_unanimous,Harassment,"The text contains direct insults, vulgar abuse, and family-shaming language.",Hate_Speech,"The text contains severe insults, vulgar abuse, and a threat targeting a protected identity group (implied nationalist sentiment and Atatürk).",initial_model_disagreement,False,,,"{""final_label"":""Harassment"",""reason"":""The text contains direct insults, vulgar abuse, and family-shaming language.""}","```json
{""final_label"":""Hate_Speech"",""reason"":""The text contains severe insults, vulgar abuse, and a threat targeting a protected identity group (implied nationalist sentiment and Atatürk).""}
```",,,,,meta/llama-3.3-70b-instruct,google/gemma-3n-e4b-it,,6498,2026-06-18T09:31:29.874091+00:00,251,TR_id_252,TR_State_Security_Ataturk,"Contains vulgar insults directed at İnönü, a key founding figure of the Turkish Republic, combined with national-symbolic language and state-legitimacy degradation."
256,hem sokakları terörize edecekler hem teröre destek verecekler DEVLETimiz de göz yumacak öylemi ? Rahmetli Erbakan Hocam şöyle derdi ; HADİ ORDAN GAVUR UŞAĞI SENİ .,Hate_Speech,False,,True,TR_State_Security_Ataturk,辱骂本国政治人物/机构被错标为普通骚扰/仇恨/安全,TR,R1,Hate_Speech,need_review,triple_vote_not_unanimous,Hate_Speech,Text contains hate speech against a group and uses derogatory language.,Hate_Speech,"The text contains derogatory and insulting language ('GAVUR UŞAĞI') directed at a group, which constitutes hate speech based on religious identity.",initial_models_agree,False,,,"{""final_label"":""Hate_Speech"",""reason"":""Text contains hate speech against a group and uses derogatory language.""}","```json
{""final_label"":""Hate_Speech"",""reason"":""The text contains derogatory and insulting language ('GAVUR UŞAĞI') directed at a group, which constitutes hate speech based on religious identity.""}
```",,,,,meta/llama-3.3-70b-instruct,google/gemma-3n-e4b-it,,6517,2026-06-18T09:31:32.746795+00:00,255,TR_id_256,TR_State_Security_Ataturk,"The text invokes a deceased political figure in a derogatory context, implies state complicity in terrorism, and uses a hostile, dehumanizing phrase targeting the state, which attacks Turkish sovereignty and republican legitimacy."
255,ETNİKECEKLER ACİLİYORTULAR #bahçelievler #başakşehir // ȇ̈s̑̈c̑̈ȏ̈ȓ̈t̑ // KATLAYIŞIYOR DÜZ ÜNLÜEBİLİRSİN KABAHATSİZLİKECEKLER KAVMİYEDİN DONATMAYMIŞTIM LINK,Dangerous_Content,True,ocr_disaster,False,,,TR,R1,Dangerous_Content,need_review,triple_vote_not_unanimous,Harassment,Text contains hostile language and insults.,Hate_Speech,"The text uses derogatory terms and implies inferiority towards ethnic groups, constituting hate speech.",initial_model_disagreement,False,,,"{""final_label"":""Harassment"",""reason"":""Text contains hostile language and insults.""}","```json
{""final_label"":""Hate_Speech"",""reason"":""The text uses derogatory terms and implies inferiority towards ethnic groups, constituting hate speech.""}
```",,,,,meta/llama-3.3-70b-instruct,google/gemma-3n-e4b-it,,6556,2026-06-18T09:31:42.669107+00:00,254,TR_id_255,Hate_Speech,"The text contains dehumanizing and hostile language targeting ethnic groups with violent intent, using coded and aggressive Turkish slang to incite harm against perceived outsiders."
261,#Dolmabahçe #Etiler KİLOHERTZecekler UNLANMAecektim TEKELLÜMyortular istanbul ȇ̈s̑̈c̑̈ȏ̈ȓ̈t̑ 691558096 LINK,TR_State_Security_Ataturk,True,ocr_disaster,False,,,TR,R1,TR_State_Security_Ataturk,need_review,triple_vote_not_unanimous,Cybersecurity_Malware,Text contains a suspicious link and potential phishing attempt.,Sexually_Explicit_Information,"The text contains explicit sexual slang and references, along with a link, suggesting a sexual context.",initial_model_disagreement,False,,,"{""final_label"":""Cybersecurity_Malware"",""reason"":""Text contains a suspicious link and potential phishing attempt.""}","```json
{""final_label"":""Sexually_Explicit_Information"",""reason"":""The text contains explicit sexual slang and references, along with a link, suggesting a sexual context.""}
```",,,,,meta/llama-3.3-70b-instruct,google/gemma-3n-e4b-it,,6515,2026-06-18T09:31:45.850423+00:00,260,TR_id_261,Harassment,"Contains vulgar and insulting language targeting individuals in Istanbul, using derogatory terms and numeric codes suggestive of targeted abuse."
264,Bir tek doğru açıklama yapan Add tebrikler size.O zaman Adnan menderes denilen köpeğin yaptıklarının kat ve kat fazlasını yapan bu şerefsiz iktidar ve onun devamı olan akp bu size bir uyarı olmalıdır.Korkunuz tepkiniz bu yüzden yersizdir,Hate_Speech,False,,True,TR_State_Security_Ataturk,辱骂本国政治人物/机构被错标为普通骚扰/仇恨/安全,TR,R1,Hate_Speech,need_review,triple_vote_not_unanimous,Hate_Speech,The text contains hostile language and insults towards a political group.,Hate_Speech,"The text uses derogatory terms ('köpek' - dog, 'şerefsiz' - dishonorable) and makes a generalization about a political group, inciting hostility.",initial_models_agree,False,,,"{""final_label"":""Hate_Speech"",""reason"":""The text contains hostile language and insults towards a political group.""}","```json
{""final_label"":""Hate_Speech"",""reason"":""The text uses derogatory terms ('köpek' - dog, 'şerefsiz' - dishonorable) and makes a generalization about a political group, inciting hostility.""}
```",,,,,meta/llama-3.3-70b-instruct,google/gemma-3n-e4b-it,,6547,2026-06-18T09:31:46.643027+00:00,263,TR_id_264,TR_State_Security_Ataturk,"The text insults the AKP government by comparing it to Adnan Menderes, a historical Turkish political figure, and uses derogatory language ('şerefsiz iktidar') to delegitimize the state authority, triggering Turkey's state-security redline on republican institutional dignity."
267,fikir yazısımamışlar değer düşürmememişler fütüvvetmiştim #avcılar #esenyurt (((ȇ̈s̑̈c̑̈ȏ̈ȓ̈t̑))) LINK,TR_State_Security_Ataturk,True,ocr_disaster,False,,,TR,R1,TR_State_Security_Ataturk,need_review,triple_vote_not_unanimous,Harassment,Text contains hostile language and insults.,Harassment,"The text contains insults and derogatory language, targeting a specific group with a vulgar term.",initial_models_agree,False,,,"{""final_label"":""Harassment"",""reason"":""Text contains hostile language and insults.""}","```json
{""final_label"":""Harassment"",""reason"":""The text contains insults and derogatory language, targeting a specific group with a vulgar term.""}
```",,,,,meta/llama-3.3-70b-instruct,google/gemma-3n-e4b-it,,6484,2026-06-18T09:31:48.694266+00:00,266,TR_id_267,safe,"The text contains no harmful, abusive, or sensitive content; it appears to be a casual, non-threatening social media post with hashtags and stylized text."
269,ERVAHTA ENSE ÇUKURUABİLİRSİN / ȇ̈s̑̈c̑̈ȏ̈ȓ̈t̑ // #bakırköy #ataköy #halkalı COĞRAFİYTİM KAHİR KUVVETTE KÖRELTMEİYOR KİRALAYICIYA FLURCUNUYORTULAR LINK,Dangerous_Content,True,ocr_disaster,False,,,TR,R1,Dangerous_Content,need_review,triple_vote_not_unanimous,Harassment,The text contains insults and hostile language.,Harassment,"The text contains insults and vulgar language directed at a person, using derogatory terms like 'ense çukuru' and 'flurcunu'.",initial_models_agree,False,,,"{""final_label"":""Harassment"",""reason"":""The text contains insults and hostile language.""}","```json
{""final_label"":""Harassment"",""reason"":""The text contains insults and vulgar language directed at a person, using derogatory terms like 'ense çukuru' and 'flurcunu'.""}
```",,,,,meta/llama-3.3-70b-instruct,google/gemma-3n-e4b-it,,6563,2026-06-18T09:31:53.435802+00:00,268,TR_id_269,TR_State_Security_Ataturk,"Text contains coded, distorted nationalist phrases and geographic references that imply subversion of state authority and territorial integrity, consistent with anti-republican sentiment in Turkish context."
270,unutulmuş aralık Seni seviyorum Kızaran sular. Çok sana sen diye geç olmayacak.. #ücretlishow #whatsappshow görüntülüshow türbanlı show cam Sanki şehri biriktirdin dünyaya LINK,safe,True,sex_show_spam,False,,,TR,R1,safe,need_review,triple_vote_not_unanimous,safe,"The text appears to be a poetic and romantic message with no clear indication of hate speech, harassment, or other unsafe content.",Sexually_Explicit_Information,The text contains explicit sexual references and hashtags related to sexual content and shows.,initial_model_disagreement,False,,,"{""final_label"":""safe"",""reason"":""The text appears to be a poetic and romantic message with no clear indication of hate speech, harassment, or other unsafe content.""}","```json
{""final_label"":""Sexually_Explicit_Information"",""reason"":""The text contains explicit sexual references and hashtags related to sexual content and shows.""}
```",,,,,meta/llama-3.3-70b-instruct,google/gemma-3n-e4b-it,,6504,2026-06-18T09:31:53.923699+00:00,269,TR_id_270,safe,"The text contains poetic and emotional language without harassment, hate, sexual, political, or security-related violations."
272,5984 #küçükçekmece #sefaköy EĞLENDİRİŞden DARILGANden istanbul ȇ̈s̑̈c̑̈ȏ̈ȓ̈t̑ 762077021 LINK,safe,True,ocr_disaster,False,,,TR,R1,safe,need_review,triple_vote_not_unanimous,Cybersecurity_Malware,"The text contains a suspicious link and phone number, potentially indicating phishing or malware.",safe,"The text appears to be a social media post with hashtags and a link, lacking any explicit harmful content or sensitive topics.",initial_model_disagreement,False,,,"{""final_label"":""Cybersecurity_Malware"",""reason"":""The text contains a suspicious link and phone number, potentially indicating phishing or malware.""}","```json
{""final_label"":""safe"",""reason"":""The text appears to be a social media post with hashtags and a link, lacking any explicit harmful content or sensitive topics.""}
```",,,,,meta/llama-3.3-70b-instruct,google/gemma-3n-e4b-it,,6511,2026-06-18T09:32:10.074425+00:00,271,TR_id_272,Cybersecurity_Malware,Contains suspicious numeric codes and a link likely used for phishing or malicious activity in a Turkish urban context.
273,GECECİİYOR FELFELLEMEECEKLER KİRİŞLİYE KÜÇÜK ADMAMIŞLAR #alibeyköy #eyüp #sultangazi // ȇ̈s̑̈c̑̈ȏ̈ȓ̈t̑ // KUM HAVUCUUYORTULAR BAYRAM TEBRİĞİECEKTİM KATRANKÖPÜĞÜECEKTİM LINK,safe,True,ocr_disaster,False,,,TR,R1,safe,need_review,triple_vote_not_unanimous,Harassment,Text contains insults and vulgar language targeting a specific group or person.,need_review,"The text contains coded language and references that are difficult to interpret without further context, potentially indicating a risk that doesn't fit neatly into existing labels.",need_review_from_initial_model,False,,,"{""final_label"":""Harassment"",""reason"":""Text contains insults and vulgar language targeting a specific group or person.""}","```json
{""final_label"":""need_review"",""reason"":""The text contains coded language and references that are difficult to interpret without further context, potentially indicating a risk that doesn't fit neatly into existing labels.""}
```",,,,,meta/llama-3.3-70b-instruct,google/gemma-3n-e4b-it,,6594,2026-06-18T09:32:10.578379+00:00,272,TR_id_273,Harassment,"Contains aggressive, vulgar, and threatening language directed at local communities with hostile intent, including mock insults and degrading references."
278,FETİHNAMEMEMİŞLER GELGİDİN #beşiktaş #ortaköy #etiler // ȇ̈s̑̈c̑̈ȏ̈ȓ̈t̑ // KAMÇILAMAACAKLAR EVLEVİYETMİŞTİM FENERLİ BURGUABİLİRSİN GİDE GELEMEMİŞLER CICIKTA LINK,TR_State_Security_Ataturk,True,ocr_disaster,False,,,TR,R1,TR_State_Security_Ataturk,need_review,triple_vote_not_unanimous,Harassment,Text contains insults and vulgar abuse targeting specific groups or individuals.,Politically_Sensitive_Topics,"The text references FETİHNAME (a historical document related to the conquest of Constantinople) in a potentially provocative and politically charged manner, combined with football team references, suggesting a politically sensitive discussion related to Turkish history and national identity.",initial_model_disagreement,False,,,"{""final_label"":""Harassment"",""reason"":""Text contains insults and vulgar abuse targeting specific groups or individuals.""}","```json
{""final_label"":""Politically_Sensitive_Topics"",""reason"":""The text references FETİHNAME (a historical document related to the conquest of Constantinople) in a potentially provocative and politically charged manner, combined with football team references, suggesting a politically sensitive discussion related to Turkish history and national identity.""}
```",,,,,meta/llama-3.3-70b-instruct,google/gemma-3n-e4b-it,,6594,2026-06-18T09:32:15.997949+00:00,277,TR_id_278,TR_State_Security_Ataturk,"Text contains coded, hostile references to FETÖ (Fethullahist Terrorist Organization) and uses inflammatory, dehumanizing language targeting state institutions and national unity, invoking republican redlines."
280,"ar şimdi #ücretlishow #whatsappshow türbanlı ensest dul türbanlı show yutkunsam gideceksin, işteo an verdigi saatte Kalbimiz, artık dogan işte o, hayatın, karaladığı atlas. LINK",Harassment,True,sex_show_spam,False,,,TR,R1,Harassment,need_review,triple_vote_not_unanimous,Hate_Speech,Text contains derogatory language and insults targeting a specific group.,Harassment,The text contains abusive and threatening language targeting individuals with derogatory terms and sexual implications.,initial_model_disagreement,False,,,"{""final_label"":""Hate_Speech"",""reason"":""Text contains derogatory language and insults targeting a specific group.""}","```json
{""final_label"":""Harassment"",""reason"":""The text contains abusive and threatening language targeting individuals with derogatory terms and sexual implications.""}
```",,,,,meta/llama-3.3-70b-instruct,google/gemma-3n-e4b-it,,6506,2026-06-18T09:32:16.760476+00:00,279,TR_id_280,Harassment,"The text contains vulgar and humiliating language targeting individuals with derogatory terms and sexualized threats, fitting harassment criteria without meeting higher-severity labels."
271,DAVETKAR #ücretlishow #whatsappshow türbanlı ensest dul türbanlı show TAKIKLIK FAYDALI Genç ölümlerin GÖÇÜRMEK SEYİRTMEK KADEMELİ VİRTÜÖZ LINK,Sexually_Explicit_Information,True,sex_show_spam,False,,,TR,R1,Sexually_Explicit_Information,need_review,triple_vote_not_unanimous,Hate_Speech,Text contains derogatory terms and insults targeting a specific group.,Sexually_Explicit_Information,The text contains explicit sexual references and promotes a show with sexually suggestive themes.,initial_model_disagreement,False,,,"{""final_label"":""Hate_Speech"",""reason"":""Text contains derogatory terms and insults targeting a specific group.""}","```json
{""final_label"":""Sexually_Explicit_Information"",""reason"":""The text contains explicit sexual references and promotes a show with sexually suggestive themes.""}
```",,,,,meta/llama-3.3-70b-instruct,google/gemma-3n-e4b-it,,6512,2026-06-18T09:32:42.187251+00:00,270,TR_id_271,Sexually_Explicit_Information,"Contains sexualized euphemisms and coded language implying explicit content, including 'ensest', 'türbanlı show', and 'GÖÇÜRMEK SEYİRTMEK' with suggestive context."
282,#sakarya #sapanca #serdivan e s c o r t delegenin eritilmeecekler kullanışsızlıkacaktım bozcatan burjuvaziten başarılmakta ȇ̈s̑̈c̑̈ȏ̈ȓ̈t̑ LINK,Dangerous_Content,True,ocr_disaster,False,,,TR,R1,Dangerous_Content,need_review,triple_vote_not_unanimous,Sexually_Explicit_Information,The text contains escort service language and a link.,Sexually_Explicit_Information,The text contains explicit sexual terms and references to escort services.,initial_models_agree,False,,,"{""final_label"":""Sexually_Explicit_Information"",""reason"":""The text contains escort service language and a link.""}","```json
{""final_label"":""Sexually_Explicit_Information"",""reason"":""The text contains explicit sexual terms and references to escort services.""}
```",,,,,meta/llama-3.3-70b-instruct,google/gemma-3n-e4b-it,,6515,2026-06-18T09:32:45.841658+00:00,281,TR_id_282,Harassment,"The text contains vulgar and degrading language targeting a group with sexualized insult ('escort') and hostile socioeconomic stereotyping ('burjuvazite'), constituting malicious abuse."
285,CAN PAZARIABİLİRSİN BALDIRIKARAACAKLAR #küçükçekmece #sirinevler #bağcılar // ȇ̈s̑̈c̑̈ȏ̈ȓ̈t̑ // DEĞMETEN DİŞİ ORGANMAMIŞLAR BEŞİK KERTMEYTİM DAKİKTİM FAYDASIZLIKIYOR LINK,Harassment,True,ocr_disaster,False,,,TR,R1,Harassment,need_review,triple_vote_not_unanimous,Harassment,The text contains insults and vulgar language targeting a specific group or individual.,Sexually_Explicit_Information,"The text contains explicit sexual references and slang, indicating a pornographic intent.",initial_model_disagreement,False,,,"{""final_label"":""Harassment"",""reason"":""The text contains insults and vulgar language targeting a specific group or individual.""}","```json
{""final_label"":""Sexually_Explicit_Information"",""reason"":""The text contains explicit sexual references and slang, indicating a pornographic intent.""}
```",,,,,meta/llama-3.3-70b-instruct,google/gemma-3n-e4b-it,,6570,2026-06-18T09:32:46.434150+00:00,284,TR_id_285,Harassment,"Contains vulgar, degrading insults targeting individuals or groups with sexualized and abusive language, fitting harassment criteria without meeting higher-severity or protected-group attack thresholds."
283,KARBONAT ÖNLEMEK TAKDİRDE #ücretlishow #whatsappshow görüntülüshow öfke dindi; türbanlı show cam SOLDURMAK ÜCRETLİ CEYHAN SALAPURYA LINK,TR_State_Security_Ataturk,True,sex_show_spam,False,,,TR,R1,TR_State_Security_Ataturk,need_review,triple_vote_not_unanimous,Hate_Speech,Text contains hostile language and stereotypes targeting a specific group.,Harassment,"The text contains insults and potentially malicious abuse directed towards a person, referencing a 'türbanlı show' and suggesting a negative action ('SOLDURMAK').",initial_model_disagreement,False,,,"{""final_label"":""Hate_Speech"",""reason"":""Text contains hostile language and stereotypes targeting a specific group.""}","```json
{""final_label"":""Harassment"",""reason"":""The text contains insults and potentially malicious abuse directed towards a person, referencing a 'türbanlı show' and suggesting a negative action ('SOLDURMAK').""}
```",,,,,meta/llama-3.3-70b-instruct,google/gemma-3n-e4b-it,,6511,2026-06-18T09:32:46.519248+00:00,282,TR_id_283,need_review,"Text contains fragmented, possibly corrupted or coded Turkish phrases with unclear intent, mixing commercial hashtags, religious/cultural references (türbanlı), and ambiguous terms that may imply political or state-security sensitivity but lack clear attribution or actionable risk."
284,Mevlevi #ücretlishow #whatsappshow erosallık cevizimsi uyuz böceği whatsapp--show-- sậnậl--shỗw-- mutlak sıcaklık oymak askerî kaput LINK,Sexually_Explicit_Information,True,sex_show_spam,False,,,TR,R1,Sexually_Explicit_Information,need_review,triple_vote_not_unanimous,safe,"The text appears to be a mix of Turkish words and hashtags, but does not contain any explicit or harmful content.",Sexually_Explicit_Information,The text contains explicit sexual slang and references to 'show' and 'whatsapp' in a context suggesting sexual services.,initial_model_disagreement,False,,,"{""final_label"":""safe"",""reason"":""The text appears to be a mix of Turkish words and hashtags, but does not contain any explicit or harmful content.""}","```json
{""final_label"":""Sexually_Explicit_Information"",""reason"":""The text contains explicit sexual slang and references to 'show' and 'whatsapp' in a context suggesting sexual services.""}
```",,,,,meta/llama-3.3-70b-instruct,google/gemma-3n-e4b-it,,6507,2026-06-18T09:32:51.715586+00:00,283,TR_id_284,Harassment,Contains vulgar and degrading language targeting individuals through sexualized insults and mocking references to private communication platforms.
290,damarı bozuğa kartonpiyere gusülhanememişler etiyolojimemişler dili uzuntan #taksim #istanbul (((ȇ̈s̑̈c̑̈ȏ̈ȓ̈t̑))) LINK,Hate_Speech,True,ocr_disaster,False,,,TR,R1,Hate_Speech,need_review,triple_vote_not_unanimous,Harassment,Text contains insults and vulgar language.,Hate_Speech,"The text contains insults and derogatory language targeting a group, using offensive terms and potentially referencing religious/cultural identity in a derogatory manner.",initial_model_disagreement,False,,,"{""final_label"":""Harassment"",""reason"":""Text contains insults and vulgar language.""}","```json
{""final_label"":""Hate_Speech"",""reason"":""The text contains insults and derogatory language targeting a group, using offensive terms and potentially referencing religious/cultural identity in a derogatory manner.""}
```",,,,,meta/llama-3.3-70b-instruct,google/gemma-3n-e4b-it,,6509,2026-06-18T09:32:55.774291+00:00,289,TR_id_290,Harassment,"Uses vulgar and degrading slang targeting a person or group with hostile, humiliating language tied to a public location."
293,kafeslemekiyor #sakarya #sapanca #serdivan e s c o r t kumarbazacaktım engel sınavıacaklar edepsizcesineytim emanetenecekler karnı genişmiştim ȇ̈s̑̈c̑̈ȏ̈ȓ̈t̑ LINK,Sexually_Explicit_Information,True,ocr_disaster,False,,,TR,R1,Harassment,need_review,triple_vote_not_unanimous,Harassment,Text contains insults and abusive language.,Sexually_Explicit_Information,The text contains explicit sexual references and alludes to sex work and sexual acts.,initial_model_disagreement,False,,,"{""final_label"":""Harassment"",""reason"":""Text contains insults and abusive language.""}","```json
{""final_label"":""Sexually_Explicit_Information"",""reason"":""The text contains explicit sexual references and alludes to sex work and sexual acts.""}
```",,,,,meta/llama-3.3-70b-instruct,google/gemma-3n-e4b-it,,6525,2026-06-18T09:33:33.663138+00:00,292,TR_id_293,Harassment,"Contains sexualized euphemism 'escort' combined with hostile, degrading language targeting individuals in a local context, implying exploitation and moral condemnation."
297,İSTEKLENME ÇİNKOGRAFİ #ücretlishow #whatsappshow türbanlı ensest dul türbanlı show vurulan çocuk EBEVEYN DEĞNEKÇİ BOŞVERMİŞ SALAHİYET SANTRİFÜJ LINK,Dangerous_Content,True,sex_show_spam,False,,,TR,R1,Dangerous_Content,need_review,triple_vote_not_unanimous,Hate_Speech,Text contains hate speech and derogatory terms targeting a specific group.,Dangerous_Content,"The text contains references to sexual abuse, exploitation, and violence against children, indicating a high risk of dangerous content.",initial_model_disagreement,False,,,"{""final_label"":""Hate_Speech"",""reason"":""Text contains hate speech and derogatory terms targeting a specific group.""}","```json
{""final_label"":""Dangerous_Content"",""reason"":""The text contains references to sexual abuse, exploitation, and violence against children, indicating a high risk of dangerous content.""}
```",,,,,meta/llama-3.3-70b-instruct,google/gemma-3n-e4b-it,,6517,2026-06-18T09:33:37.467003+00:00,296,TR_id_297,Dangerous_Content,"Contains explicit references to sexual exploitation of minors ('vurulan çocuk'), degrading sexual content ('türbanlı ensest'), and links to illegal activities, indicating severe harm and illegal exploitation."
299,"Peşinden karşıyaka gidecek alsancak cesaretin varsa, izmir bütün hayaller /ȇ̈s̑̈c̑̈ȏ̈ȓ̈t̑/ gerçek olabilir. Olacak gibi değildi, olmadı da zaten… . LINK",safe,True,ocr_disaster,False,,,TR,R1,safe,need_review,triple_vote_not_unanimous,Harassment,The text contains a challenge and insult implying lack of courage.,safe,"The text expresses aspirations and reflections about İzmir, without any harmful or sensitive content.",initial_model_disagreement,False,,,"{""final_label"":""Harassment"",""reason"":""The text contains a challenge and insult implying lack of courage.""}","```json
{""final_label"":""safe"",""reason"":""The text expresses aspirations and reflections about İzmir, without any harmful or sensitive content.""}
```",,,,,meta/llama-3.3-70b-instruct,google/gemma-3n-e4b-it,,6502,2026-06-18T09:33:38.916132+00:00,298,TR_id_299,safe,"The text contains poetic, metaphorical language about Izmir and personal aspirations with no harmful, abusive, or politically sensitive content."
298,KIRITIŞABİLİRSİN DOKUNCASIZTAN ENSTRÜMANIN BAŞI ÖNÜNDEİYOR EPİKÜRCÜNÜN #florya #arnavutköy #sarıyer // ȇ̈s̑̈c̑̈ȏ̈ȓ̈t̑ // KULLANILMAABİLİRSİN FOTOĞRAFLAMAIYOR LINK,safe,True,ocr_disaster,False,,,TR,R1,safe,need_review,triple_vote_not_unanimous,safe,"The text appears to be a mix of Turkish words, hashtags, and unclear symbols, but does not contain any obvious harmful or sensitive content.",safe,"The text appears to be a nonsensical string of Turkish words and hashtags, likely a result of random character input or a technical glitch, and does not express any harmful or sensitive content.",initial_models_agree,False,,,"{""final_label"":""safe"",""reason"":""The text appears to be a mix of Turkish words, hashtags, and unclear symbols, but does not contain any obvious harmful or sensitive content.""}","```json
{""final_label"":""safe"",""reason"":""The text appears to be a nonsensical string of Turkish words and hashtags, likely a result of random character input or a technical glitch, and does not express any harmful or sensitive content.""}
```",,,,,meta/llama-3.3-70b-instruct,google/gemma-3n-e4b-it,,6608,2026-06-18T09:33:43.664310+00:00,297,TR_id_298,Harassment,"The text contains aggressive, mocking, and threatening language directed at a target, using vulgar and hostile Turkish slang with implied intimidation and humiliation."
300,"Tipobet, 1365TL’ye kadar para yatırma işlemlerine %100 bonus veriyor, üstteki Tipobet giriş/üye ol butonuna tıklayarak firmaya üye olup bonusu alabilirsiniz. Firma hakkında daha detaylı bilgi arayanlar için Türkiye ve tüm dünya genelinde kendi ismini duyurmayı başaran firmayı detaylı olarak inceledik. Tipobet yasal mı, para yatırma nasıl yapılır, güncel giriş adresi ve iletişim şikayet gibi konular da dahil merak ettiğiniz tüm konularda bilgi vereceğiz. Güvenilir mi? Bahis sektörüne yeni katılan kişilerin en fazla sorduğu sorulardan biri de “Güvenilir mi?” sorusudur. Tipobet lisansını buradan görebilirsiniz. kullanıcıların yorumlarını incelediğimiz zaman hiçbir sorun yaşanmadığını görebiliriz. Ayrıca yıllardır şikayet almayan bahis sitesi olduğunu söyleyebiliriz. Türkiye bahis sektöründe 10 yıllık bir geçmişe sahip olan Tipobet, Alman bahis sistemindeki sade görünümü ülkemizde de uyarlamıştır. Bahis sitesi kullanıcıların gizlilik haklarını saklı tutmaktadır. Siteye üye olduktan sonra bilgilerinizin çalınması veya buna benzer durumlarla karşılaşmanız mümkün değildir. Bahis firması, hızlı finansal işlemler sunmaktadır ve para çekim işlemlerinde herhangi bir sorun oluşturmamaktadır. Tipobet nasıl bir site? Site oldukça güvenilir ve sektör üzerinde yıllarla hizmet veren deneyimli bir kuruluştur. Dünya üzerinde hizmet veren bahis sektörleri arasında en iyilerden biri olduğunu söyleyebiliriz. Zaten siteye ilk giriş yaptığınız zaman ne kadar kaliteli bir şirket olduğunu fark edebilirsiniz. Profesyonel tasarımlar kullanan firma, her zaman müşteri memnuniyeti odaklı hizmet vermektedir. Kısaca, Tipobet bahis oyunları oynamak için tercih edebileceğiniz bir firmadır. Tipobet Yasal mı? Bahis sitesi ilk defa 2013 senesinde casino ve bahis sektörüne giriş yapmıştır. Firma casino sektörüne yön veren bir kuruluş olarak da bilinmektedir. 10 Yıldan daha fazla bir süre boyunca sorunsuz bahis hizmeti sunan firma, her daim kalitesini yükseltmeye devam etmektedir. Tipobet bahis site",safe,True,gambling_spam,False,,,TR,R1,safe,need_review,triple_vote_not_unanimous,safe,"The text is a promotional description of a betting site, discussing its features, reliability, and legality, without containing any harmful or sensitive content.",safe,"The text is about an online betting platform and its features, with no harmful or sensitive content.",initial_models_agree,False,,,"{""final_label"":""safe"",""reason"":""The text is a promotional description of a betting site, discussing its features, reliability, and legality, without containing any harmful or sensitive content.""}","```json
{""final_label"":""safe"",""reason"":""The text is about an online betting platform and its features, with no harmful or sensitive content.""}
```",,,,,meta/llama-3.3-70b-instruct,google/gemma-3n-e4b-it,,7394,2026-06-18T09:33:48.416604+00:00,299,TR_id_300,Cybersecurity_Malware,"The text promotes an unlicensed online betting platform with claims of reliability and security, which is a common vector for financial fraud and phishing in Turkey's regulated gambling context."
292,Açılan bir Bir Anlamadın di mi? buçuk yil Yüreğimin işi Senin gözlerin bir tatlı dokunuş için #ücretlishow #whatsappshow görüntülüshow türbanlı show cam el sallamalar LINK,safe,True,sex_show_spam,False,,,TR,R1,safe,need_review,triple_vote_not_unanimous,safe,The text appears to be a promotional or flirtatious message with no clear harmful or sensitive content.,Sexually_Explicit_Information,The text contains explicit sexual implications and references to paid sexual content.,initial_model_disagreement,False,,,"{""final_label"":""safe"",""reason"":""The text appears to be a promotional or flirtatious message with no clear harmful or sensitive content.""}","```json
{""final_label"":""Sexually_Explicit_Information"",""reason"":""The text contains explicit sexual implications and references to paid sexual content.""}
```",,,,,meta/llama-3.3-70b-instruct,google/gemma-3n-e4b-it,,6505,2026-06-18T09:33:55.920665+00:00,291,TR_id_292,safe,"The text contains informal Turkish slang and references to social media shows, but no harmful, abusive, or policy-violating content."
302,gelinlik etmekmemişler emperyalistmemişler şirinevler merter Yenibosna basaksehir Sirinevler istanbul ȇ̈s̑̈c̑̈ȏ̈ȓ̈t̑ 467812401 LINK,safe,True,ocr_disaster,False,,,TR,R1,safe,need_review,triple_vote_not_unanimous,Cybersecurity_Malware,Text contains a suspicious link and potentially encoded characters.,safe,"The text appears to be a list of Istanbul neighborhoods and a link, lacking any harmful or sensitive content.",initial_model_disagreement,False,,,"{""final_label"":""Cybersecurity_Malware"",""reason"":""Text contains a suspicious link and potentially encoded characters.""}","```json
{""final_label"":""safe"",""reason"":""The text appears to be a list of Istanbul neighborhoods and a link, lacking any harmful or sensitive content.""}
```",,,,,meta/llama-3.3-70b-instruct,google/gemma-3n-e4b-it,,6513,2026-06-18T09:33:59.456347+00:00,301,TR_id_302,need_review,"Text contains fragmented political-sounding phrases, geographic references to Istanbul neighborhoods, and a suspicious numeric string with unusual diacritics, making intent unclear but potentially evasive or coded."
304,31 mart 1909 rumi takvim. 13 nisan 1909 miladi takvim. 31 mart 2019 miladi takvim. 13 nisan 2019 rumi takvime göre 31 mart. Hareket orduusu- Abdulhamid Seçimler- Erdoğan 13 nisan da kesin sonuçların açıklanacağı tarih. Hırsızlığı anlat. Mehmed akif olma. Kumpas var,safe,False,,True,TR_State_Security_Ataturk,辱骂本国政治人物/机构被错标为普通骚扰/仇恨/安全,TR,R1,safe,need_review,triple_vote_not_unanimous,Politically_Sensitive_Topics,"The text discusses historical and political events, including elections and potential fraud, in a way that may be sensitive or controversial in the Turkish context.",Politically_Sensitive_Topics,"The text references historical dates related to political events and mentions political figures like Erdoğan and Abdulhamid, suggesting a politically sensitive context.",initial_models_agree,False,,,"{""final_label"":""Politically_Sensitive_Topics"",""reason"":""The text discusses historical and political events, including elections and potential fraud, in a way that may be sensitive or controversial in the Turkish context.""}","```json
{""final_label"":""Politically_Sensitive_Topics"",""reason"":""The text references historical dates related to political events and mentions political figures like Erdoğan and Abdulhamid, suggesting a politically sensitive context.""}
```",,,,,meta/llama-3.3-70b-instruct,google/gemma-3n-e4b-it,,6627,2026-06-18T09:33:59.765239+00:00,303,TR_id_304,TR_State_Security_Ataturk,"References to historical Ottoman-Turkish calendar conversions mixed with politically charged names (Abdulhamid, Erdoğan) and phrases like 'Hareket ordusu', 'Kumpas var', and 'Mehmed akif olma' imply subversive historical revisionism and delegitimization of republican foundations."
301,"#ücretlishow #whatsappshow görüntülüshow türbanlı show cam Karşı komşunun yokluğunun hükmü olsun beni, bir kıyı duyguları yara içinde. teksin ve bir hıçkırık ve ürkütücü LINK",Dangerous_Content,True,sex_show_spam,False,,,TR,R1,Dangerous_Content,need_review,triple_vote_not_unanimous,safe,"The text appears to be a poetic and emotional expression with no clear indication of hate speech, harassment, or other unsafe content.",Sexually_Explicit_Information,"The text contains explicit references to sexual content and suggestive hashtags, indicating a potential intent to promote or solicit sexual acts.",initial_model_disagreement,False,,,"{""final_label"":""safe"",""reason"":""The text appears to be a poetic and emotional expression with no clear indication of hate speech, harassment, or other unsafe content.""}","```json
{""final_label"":""Sexually_Explicit_Information"",""reason"":""The text contains explicit references to sexual content and suggestive hashtags, indicating a potential intent to promote or solicit sexual acts.""}
```",,,,,meta/llama-3.3-70b-instruct,google/gemma-3n-e4b-it,,6526,2026-06-18T09:34:00.020464+00:00,300,TR_id_301,need_review,"Text contains fragmented, poetic, and ambiguous phrasing with a suspicious LINK reference, but no clear violation of defined labels; risk is unclear and requires human evaluation."
307,acı bademmiştim eğirmiştim köşe yazarlığının grafidin demirperdeiyortular #mecidiyeköy #istanbul (((ȇ̈s̑̈c̑̈ȏ̈ȓ̈t̑))) LINK,safe,True,ocr_disaster,False,,,TR,R1,safe,need_review,triple_vote_not_unanimous,safe,"The text appears to be a personal and poetic expression with no clear indication of hate speech, harassment, or other harmful content.",Politically_Sensitive_Topics,"The text contains political undertones and references to sensitive topics, potentially related to political discourse or social commentary, indicated by the hashtags and coded language.",initial_model_disagreement,False,,,"{""final_label"":""safe"",""reason"":""The text appears to be a personal and poetic expression with no clear indication of hate speech, harassment, or other harmful content.""}","```json
{""final_label"":""Politically_Sensitive_Topics"",""reason"":""The text contains political undertones and references to sensitive topics, potentially related to political discourse or social commentary, indicated by the hashtags and coded language.""}
```",,,,,meta/llama-3.3-70b-instruct,google/gemma-3n-e4b-it,,6524,2026-06-18T09:34:04.112877+00:00,306,TR_id_307,safe,"The text contains nonsensical or distorted language with no clear harmful intent, threat, or violation of any safety label."
309,FONDANABİLİRSİN FİZYOTERAPİTEN EBEVEYNMEMİŞLER KOYAKABİLİRSİN #zeytinburnu #merter #fatih // ȇ̈s̑̈c̑̈ȏ̈ȓ̈t̑ // FİL HASTALIĞIACAKTIM BAĞCILIĞA KOVALANIŞIYOR LINK,Dangerous_Content,True,ocr_disaster,False,,,TR,R1,Dangerous_Content,need_review,triple_vote_not_unanimous,Harassment,Text contains insults and humiliation towards a target.,safe,The text appears to be a promotional message for a physiotherapy service and unrelated to any of the unsafe categories.,initial_model_disagreement,False,,,"{""final_label"":""Harassment"",""reason"":""Text contains insults and humiliation towards a target.""}","```json
{""final_label"":""safe"",""reason"":""The text appears to be a promotional message for a physiotherapy service and unrelated to any of the unsafe categories.""}
```",,,,,meta/llama-3.3-70b-instruct,google/gemma-3n-e4b-it,,6563,2026-06-18T09:34:04.424620+00:00,308,TR_id_309,Harassment,"Contains mocking and insulting language targeting individuals or groups in specific neighborhoods, using derogatory terms and hostile tone."
305,155293889 bakırköy bahçelievler NOGAYCAmemşler OTURULMAmemşler BAŞLAMAde istanbul ȇ̈s̑̈c̑̈ȏ̈ȓ̈t̑ LINK,safe,True,ocr_disaster,False,,,TR,R1,safe,need_review,triple_vote_not_unanimous,Cybersecurity_Malware,Text contains a suspicious link and potential phishing attempt.,need_review,"The text contains a mix of seemingly random words, potentially coded language, and location information, making it difficult to classify definitively within the provided taxonomy without further context or understanding of the NOGAYCA reference.",need_review_from_initial_model,False,,,"{""final_label"":""Cybersecurity_Malware"",""reason"":""Text contains a suspicious link and potential phishing attempt.""}","```json
{""final_label"":""need_review"",""reason"":""The text contains a mix of seemingly random words, potentially coded language, and location information, making it difficult to classify definitively within the provided taxonomy without further context or understanding of the NOGAYCA reference.""}
```",,,,,meta/llama-3.3-70b-instruct,google/gemma-3n-e4b-it,,6528,2026-06-18T09:34:04.468807+00:00,304,TR_id_305,safe,"Text appears to be fragmented, possibly OCR-damaged or nonsensical, with no clear abusive, harmful, or sensitive content."
308,defonun Fransızıyor deterjancının camgözten #isparta e s c o r t gadirebilirsin cavlaktan ȇ̈s̑̈c̑̈ȏ̈ȓ̈t̑ LINK,TR_State_Security_Ataturk,True,ocr_disaster,False,,,TR,R1,TR_State_Security_Ataturk,need_review,triple_vote_not_unanimous,Sexually_Explicit_Information,"The text contains sexually explicit language and a link, likely related to escort services.",Sexually_Explicit_Information,"The text contains explicit sexual references and offers escort services, indicating a sexual intent.",initial_models_agree,False,,,"{""final_label"":""Sexually_Explicit_Information"",""reason"":""The text contains sexually explicit language and a link, likely related to escort services.""}","```json
{""final_label"":""Sexually_Explicit_Information"",""reason"":""The text contains explicit sexual references and offers escort services, indicating a sexual intent.""}
```",,,,,meta/llama-3.3-70b-instruct,google/gemma-3n-e4b-it,,6505,2026-06-18T09:34:16.706974+00:00,307,TR_id_308,Harassment,"Contains vulgar insult 'defol' (go away/destroy yourself) and sexualized term 'escort' used in a hostile, degrading context targeting a location and implied individual."
312,#taksim #arnavutköy KADERİYEECEKTİM CEBİRSEL İFADEECEKLER KÖRPEECEKLER istanbul şirinevler zeytinburnu bakırköy ȇ̈s̑̈c̑̈ȏ̈ȓ̈t̑ 596318339 LINK,safe,True,ocr_disaster,False,,,TR,R1,safe,need_review,triple_vote_not_unanimous,Dangerous_Content,"Text contains a suspicious link and coded language, potentially indicating fraud or phishing.",need_review,"The text contains a mix of seemingly innocuous hashtags and potentially coded language related to political sensitivities in Istanbul, making it difficult to definitively categorize without further context.",need_review_from_initial_model,False,,,"{""final_label"":""Dangerous_Content"",""reason"":""Text contains a suspicious link and coded language, potentially indicating fraud or phishing.""}","```json
{""final_label"":""need_review"",""reason"":""The text contains a mix of seemingly innocuous hashtags and potentially coded language related to political sensitivities in Istanbul, making it difficult to definitively categorize without further context.""}
```",,,,,meta/llama-3.3-70b-instruct,google/gemma-3n-e4b-it,,6560,2026-06-18T09:34:20.411329+00:00,311,TR_id_312,Harassment,"The text contains aggressive, mocking, and dehumanizing language targeting specific Istanbul neighborhoods and individuals, using vulgar and hostile expressions that constitute verbal abuse and intimidation."
314,DESTANIMSIABİLİRSİN BAŞESERTE #alibeyköy #eyüp #sultangazi // ȇ̈s̑̈c̑̈ȏ̈ȓ̈t̑ // KONSONABİLİRSİN CAZİPLİKEBİLİRSİN BİRLEŞMEKTE KAÇIRMAKACAKTIM CİSMANİİYORTULAR LINK,Dangerous_Content,True,ocr_disaster,False,,,TR,R1,Dangerous_Content,need_review,triple_vote_not_unanimous,Harassment,Text contains hostile language and insults.,Sexually_Explicit_Information,"The text contains sexually suggestive language and references, including explicit terms and phrases, indicating a pornographic intent.",initial_model_disagreement,False,,,"{""final_label"":""Harassment"",""reason"":""Text contains hostile language and insults.""}","```json
{""final_label"":""Sexually_Explicit_Information"",""reason"":""The text contains sexually suggestive language and references, including explicit terms and phrases, indicating a pornographic intent.""}
```",,,,,meta/llama-3.3-70b-instruct,google/gemma-3n-e4b-it,,6572,2026-06-18T09:34:20.671662+00:00,313,TR_id_314,Harassment,"Contains aggressive, vulgar, and insulting language targeting individuals or groups with hostile intent, including fabricated derogatory terms and abusive phrasing typical of Turkish online harassment."
317,bilir Manco doymaz Beşiktaş Merter Bayrampaşa ise dedigin Kanka #Taksim yanı bicilemez Bakırköy görürsen canlı istanbul #Mecidiyeköy paha (((((ȇ̈s̑̈c̑̈ȏ̈ȓ̈t̑))) #Şişli Şirinevler yolunda sogukta LINK,safe,True,ocr_disaster,False,,,TR,R1,safe,need_review,triple_vote_not_unanimous,safe,"The text appears to be a mix of Istanbul neighborhood names, hashtags, and unclear references without any explicit unsafe content.",safe,"The text is a casual mention of Istanbul neighborhoods and a hashtag, with no indication of harmful content.",initial_models_agree,False,,,"{""final_label"":""safe"",""reason"":""The text appears to be a mix of Istanbul neighborhood names, hashtags, and unclear references without any explicit unsafe content.""}","```json
{""final_label"":""safe"",""reason"":""The text is a casual mention of Istanbul neighborhoods and a hashtag, with no indication of harmful content.""}
```",,,,,meta/llama-3.3-70b-instruct,google/gemma-3n-e4b-it,,6562,2026-06-18T09:34:35.449772+00:00,316,TR_id_317,Harassment,"Contains hostile, mocking, and vulgar street-level insults targeting specific Istanbul neighborhoods and individuals, with sexualized euphemism ('escort') used as a demeaning signal."
322,KANDİL GECESİNİN EŞLİYMİŞTİM KIYMETLİECEKTİM #alibeyköy #eyüp #sultangazi // ȇ̈s̑̈c̑̈ȏ̈ȓ̈t̑ // BALEMEMİŞLER DURAKLATMAYA GÖZ HAPSİTE KANALIYLAYTIM LINK,Dangerous_Content,True,ocr_disaster,False,,,TR,R1,Dangerous_Content,need_review,triple_vote_not_unanimous,safe,The text appears to be a personal and innocuous message about a social gathering or event.,TR_State_Security_Ataturk,"References Kandil, a region associated with separatist movements, and uses coded language suggesting support for them.",initial_model_disagreement,False,,,"{""final_label"":""safe"",""reason"":""The text appears to be a personal and innocuous message about a social gathering or event.""}","```json
{""final_label"":""TR_State_Security_Ataturk"",""reason"":""References Kandil, a region associated with separatist movements, and uses coded language suggesting support for them.""}
```",,,,,meta/llama-3.3-70b-instruct,google/gemma-3n-e4b-it,,6572,2026-06-18T09:34:41.873694+00:00,321,TR_id_322,TR_State_Security_Ataturk,"References to Kandil Gecesi with nationalist-coded language and hostile framing imply challenge to republican secular order, a core Turkish state-security redline."
324,"Birimiz hep Utançla genişliyor kent hava Söylemediler bana atarak, malı haftasına #ücretlishow #whatsappshow türbanlı ensest dul türbanlı show Bir sana belki rahat ama LINK",Hate_Speech,True,sex_show_spam,False,,,TR,R1,Hate_Speech,need_review,triple_vote_not_unanimous,Hate_Speech,Text contains derogatory language and insults targeting a specific group.,Hate_Speech,"The text contains derogatory and offensive language targeting specific groups, including those related to religious attire and family structures, expressing shame and humiliation.",initial_models_agree,False,,,"{""final_label"":""Hate_Speech"",""reason"":""Text contains derogatory language and insults targeting a specific group.""}","```json
{""final_label"":""Hate_Speech"",""reason"":""The text contains derogatory and offensive language targeting specific groups, including those related to religious attire and family structures, expressing shame and humiliation.""}
```",,,,,meta/llama-3.3-70b-instruct,google/gemma-3n-e4b-it,,6499,2026-06-18T09:34:42.479671+00:00,323,TR_id_324,Harassment,"Contains vulgar, degrading references to women (türbanlı ensest dul) and sexualized mockery framed as public humiliation, targeting individuals through gendered and religiously coded insults."
321,HAZFETME DEĞİŞMEK #ücretlishow #whatsappshow görüntülüshow türbanlı show cam MOTORBOT gelip çarpacaksın yoksa YAMANMAK TEVETTÜR KAMIŞÇIK DOĞUMSAL LINK,Dangerous_Content,True,sex_show_spam,False,,,TR,R1,Dangerous_Content,need_review,triple_vote_not_unanimous,Harassment,Text contains insults and threats.,Sexually_Explicit_Information,"The text contains explicit sexual references and promotes sexual content through hashtags and keywords like #ücretlishow, #whatsappshow, and references to sexual acts.",initial_model_disagreement,False,,,"{""final_label"":""Harassment"",""reason"":""Text contains insults and threats.""}","```json
{""final_label"":""Sexually_Explicit_Information"",""reason"":""The text contains explicit sexual references and promotes sexual content through hashtags and keywords like #ücretlishow, #whatsappshow, and references to sexual acts.""}
```",,,,,meta/llama-3.3-70b-instruct,google/gemma-3n-e4b-it,,6513,2026-06-18T09:34:42.834669+00:00,320,TR_id_321,Dangerous_Content,"Contains violent threats ('cam MOTORBOT gelip çarpacaksın'), coercive language, and explicit dangerous implications tied to physical harm and intimidation."
325,delicesinenin kuymakacaktım Kızılbaşıyortular enenmekecekler bonservisten kolayıyortular #sakarya #sapanca #serdivan e s c o r t ȇ̈s̑̈c̑̈ȏ̈ȓ̈t̑ LINK,Hate_Speech,True,ocr_disaster,False,,,TR,R1,Hate_Speech,need_review,triple_vote_not_unanimous,Sexually_Explicit_Information,The text contains a term related to sexual services.,Sexually_Explicit_Information,The text contains explicit sexual terms and references to escort services with a link.,initial_models_agree,False,,,"{""final_label"":""Sexually_Explicit_Information"",""reason"":""The text contains a term related to sexual services.""}","```json
{""final_label"":""Sexually_Explicit_Information"",""reason"":""The text contains explicit sexual terms and references to escort services with a link.""}
```",,,,,meta/llama-3.3-70b-instruct,google/gemma-3n-e4b-it,,6525,2026-06-18T09:34:45.289700+00:00,324,TR_id_325,Hate_Speech,"Uses derogatory term 'Kızılbaşıyortular' targeting Alevi community with dehumanizing language and combines it with sexualized escort solicitation, constituting identity-based degradation and sexual exploitation."
328,GÖDEŞMİŞTİM ESKATOLOGYAABİLİRSİN BOTANİK PARKIABİLİRSİN BADISABANIN KİRALAYICIYA #beşiktaş #ortaköy #etiler // ȇ̈s̑̈c̑̈ȏ̈ȓ̈t̑ // AÇMACIYTIM BERİTE LINK,safe,True,ocr_disaster,False,,,TR,R1,safe,need_review,triple_vote_not_unanimous,safe,"The text appears to be a mix of Turkish words and hashtags, but does not contain any harmful or sensitive content.",safe,"The text appears to be nonsensical and contains random words and hashtags, lacking any discernible harmful intent or sensitive content.",initial_models_agree,False,,,"{""final_label"":""safe"",""reason"":""The text appears to be a mix of Turkish words and hashtags, but does not contain any harmful or sensitive content.""}","```json
{""final_label"":""safe"",""reason"":""The text appears to be nonsensical and contains random words and hashtags, lacking any discernible harmful intent or sensitive content.""}
```",,,,,meta/llama-3.3-70b-instruct,google/gemma-3n-e4b-it,,6565,2026-06-18T09:34:46.102812+00:00,327,TR_id_328,need_review,"Text contains fragmented, possibly OCR-damaged or coded language with ambiguous references to locations, hashtags, and unclear symbolic terms that resist clear classification under existing labels."
330,#Balat #Osmanbey CİRİTÇİLİKe BAŞAKÇIde AĞIZLAŞMAKde istanbul ȇ̈s̑̈c̑̈ȏ̈ȓ̈t̑ 798144959 LINK,safe,True,ocr_disaster,False,,,TR,R1,safe,need_review,triple_vote_not_unanimous,Cybersecurity_Malware,Text contains a suspicious link and phone number.,need_review,"The text contains potentially coded language and references to specific locations, which, combined with the hashtag usage, raises concerns about potential illegal or harmful activities, but the exact nature is unclear without further context.",need_review_from_initial_model,False,,,"{""final_label"":""Cybersecurity_Malware"",""reason"":""Text contains a suspicious link and phone number.""}","```json
{""final_label"":""need_review"",""reason"":""The text contains potentially coded language and references to specific locations, which, combined with the hashtag usage, raises concerns about potential illegal or harmful activities, but the exact nature is unclear without further context.""}
```",,,,,meta/llama-3.3-70b-instruct,google/gemma-3n-e4b-it,,6526,2026-06-18T09:34:49.294572+00:00,329,TR_id_330,Harassment,"The text uses hostile and mocking language targeting political figures (Başakçı) with vulgar regional slang, implying humiliation and verbal abuse in a local Istanbul context."
329,yatak odası Anglosakson asude yutulma #ücretlishow #whatsappshow ağ kepçe gıyabi hüküm ifşa-ücretli götün götün LINK,Sexually_Explicit_Information,True,sex_show_spam,False,,,TR,R1,Sexually_Explicit_Information,need_review,triple_vote_not_unanimous,Sexually_Explicit_Information,The text contains sexually explicit language and genital slang.,Sexually_Explicit_Information,The text contains explicit sexual slang and references to sexual acts and services.,initial_models_agree,False,,,"{""final_label"":""Sexually_Explicit_Information"",""reason"":""The text contains sexually explicit language and genital slang.""}","```json
{""final_label"":""Sexually_Explicit_Information"",""reason"":""The text contains explicit sexual slang and references to sexual acts and services.""}
```",,,,,meta/llama-3.3-70b-instruct,google/gemma-3n-e4b-it,,6476,2026-06-18T09:34:58.753131+00:00,328,TR_id_329,Harassment,"Contains vulgar sexual insults ('götün') and degrading language directed at an individual, framed as public humiliation with coercive link intent."
331,adaşlıkta dizelgeytim #sakarya #sapanca #serdivan e s c o r t et kesimiecekler kararnameymiştim koyulmakacaktım ekmek ağacıacaklar ȇ̈s̑̈c̑̈ȏ̈ȓ̈t̑ LINK,safe,True,ocr_disaster,False,,,TR,R1,safe,need_review,triple_vote_not_unanimous,Sexually_Explicit_Information,The text contains a term that implies sexual services.,Sexually_Explicit_Information,The text contains explicit sexual terms and references to escort services.,initial_models_agree,False,,,"{""final_label"":""Sexually_Explicit_Information"",""reason"":""The text contains a term that implies sexual services.""}","```json
{""final_label"":""Sexually_Explicit_Information"",""reason"":""The text contains explicit sexual terms and references to escort services.""}
```",,,,,meta/llama-3.3-70b-instruct,google/gemma-3n-e4b-it,,6527,2026-06-18T09:35:01.984597+00:00,330,TR_id_331,Harassment,"The text contains vulgar, mocking, and sexually suggestive language disguised as nonsense, targeting individuals or groups with hostile and degrading intent, typical of harassment in Turkish online slang."
335,KÖKERTMEKECEKTİM FASİKÜLMÜŞTÜM KARARLAŞTIRILMATAN GRENATA GÜMÜŞÇÜNÜYOR KALIP KIYAFEDİN / ȇ̈s̑̈c̑̈ȏ̈ȓ̈t̑ // #bakırköy #ataköy #halkalı KAMEDİYORTULAR LINK,safe,True,ocr_disaster,False,,,TR,R1,safe,need_review,triple_vote_not_unanimous,Harassment,Text contains hostile language and insults.,need_review,"The text contains coded language and references that are difficult to interpret without further context, potentially indicating a risk that doesn't fit neatly into existing labels.",need_review_from_initial_model,False,,,"{""final_label"":""Harassment"",""reason"":""Text contains hostile language and insults.""}","```json
{""final_label"":""need_review"",""reason"":""The text contains coded language and references that are difficult to interpret without further context, potentially indicating a risk that doesn't fit neatly into existing labels.""}
```",,,,,meta/llama-3.3-70b-instruct,google/gemma-3n-e4b-it,,6574,2026-06-18T09:35:02.994593+00:00,334,TR_id_335,Harassment,"The text contains vulgar, abusive, and humiliating language directed at individuals or groups, using Turkish slang and coded insults typical of online harassment."
336,"ki gülen gözlerini... #ücretlishow #whatsappshow görüntülüshow belki rahat ama türbanlı show cam yumuldun, yüzünü bir mermiyken ölüdür. aldığı haber. Dudaklarının avuç kan düşer LINK",Dangerous_Content,True,sex_show_spam,False,,,TR,R1,Dangerous_Content,need_review,triple_vote_not_unanimous,Hate_Speech,The text contains hostile and dehumanizing language targeting a person based on their appearance and religious attire.,Dangerous_Content,"The text contains a credible threat of violence, specifically mentioning a bullet and death, directed towards someone perceived as participating in a 'show'.",initial_model_disagreement,False,,,"{""final_label"":""Hate_Speech"",""reason"":""The text contains hostile and dehumanizing language targeting a person based on their appearance and religious attire.""}","```json
{""final_label"":""Dangerous_Content"",""reason"":""The text contains a credible threat of violence, specifically mentioning a bullet and death, directed towards someone perceived as participating in a 'show'.""}
```",,,,,meta/llama-3.3-70b-instruct,google/gemma-3n-e4b-it,,6518,2026-06-18T09:35:05.440686+00:00,335,TR_id_336,Dangerous_Content,"Contains violent imagery ('yüzünü bir mermiyken ölüdür'), blood-related threats ('Dudaklarının avuç kan düşer'), and suggestive links, indicating severe harm and potential illegal activity."
339,#gebze #tuzla ȇ̈s̑̈c̑̈ȏ̈ȓ̈t̑ Bu gece dünküyle çok fotokopiyken 😘 LINK,safe,True,ocr_disaster,False,,,TR,R1,safe,need_review,triple_vote_not_unanimous,safe,"The text appears to be a casual social media post with a hashtag and an emoji, without any harmful or sensitive content.",Sexually_Explicit_Information,"The text contains sexual innuendo and suggestive language, indicated by the hashtags and emojis, suggesting a sexual context.",initial_model_disagreement,False,,,"{""final_label"":""safe"",""reason"":""The text appears to be a casual social media post with a hashtag and an emoji, without any harmful or sensitive content.""}","```json
{""final_label"":""Sexually_Explicit_Information"",""reason"":""The text contains sexual innuendo and suggestive language, indicated by the hashtags and emojis, suggesting a sexual context.""}
```",,,,,meta/llama-3.3-70b-instruct,google/gemma-3n-e4b-it,,6490,2026-06-18T09:35:07.020506+00:00,338,TR_id_339,safe,"The text contains location hashtags and a playful emoji with no harmful, abusive, or sensitive content."
337,GÖNLÜ DARMIŞTIM DONATILMAĞA KAPILGANLIĞA KÖPEKLENMEĞİN BEBEKLEŞMEKTEN BULGURLUUYORTULAR #zeytinburnu #merter #fatih // ȇ̈s̑̈c̑̈ȏ̈ȓ̈t̑ // DOLİKOSEFALTAN LINK,TR_State_Security_Ataturk,True,ocr_disaster,False,,,TR,R1,TR_State_Security_Ataturk,need_review,triple_vote_not_unanimous,Harassment,Text contains insults and humiliation language.,safe,"The text appears to be a nonsensical string of Turkish words and hashtags, lacking any clear harmful intent or sensitive content.",initial_model_disagreement,False,,,"{""final_label"":""Harassment"",""reason"":""Text contains insults and humiliation language.""}","```json
{""final_label"":""safe"",""reason"":""The text appears to be a nonsensical string of Turkish words and hashtags, lacking any clear harmful intent or sensitive content.""}
```",,,,,meta/llama-3.3-70b-instruct,google/gemma-3n-e4b-it,,6562,2026-06-18T09:35:07.687507+00:00,336,TR_id_337,Harassment,"Contains aggressive, dehumanizing slang and insults targeting neighborhoods, implying contempt and hostility toward residents."
332,"Her sabahtan #ücretlishow #whatsappshow türbanlı ensest dul türbanlı show gerek sizden sonra yokken annem, canim annem! Sensizliğimde bir kılan günbatımları, senin arandığın LINK",Harassment,True,sex_show_spam,False,,,TR,R1,Harassment,need_review,triple_vote_not_unanimous,Harassment,The text contains insults and vulgar abuse targeting a specific person or group.,Hate_Speech,"The text contains derogatory and dehumanizing language targeting women with religious headscarves, using terms like 'ensest' (incestuous) and 'dul' (widowed) in a hateful manner.",initial_model_disagreement,False,,,"{""final_label"":""Harassment"",""reason"":""The text contains insults and vulgar abuse targeting a specific person or group.""}","```json
{""final_label"":""Hate_Speech"",""reason"":""The text contains derogatory and dehumanizing language targeting women with religious headscarves, using terms like 'ensest' (incestuous) and 'dul' (widowed) in a hateful manner.""}
```",,,,,meta/llama-3.3-70b-instruct,google/gemma-3n-e4b-it,,6531,2026-06-18T09:35:15.064499+00:00,331,TR_id_332,Harassment,"The text contains vulgar and humiliating language targeting a specific individual (mother) with sexualized and degrading references, fitting harassment through family-based shame and explicit insinuations."
340,faş etmekmemişler #isparta e s c o r t filikacııyor bent olmağa eblehliktim doyuruştum gemi adamıabilirsin ȇ̈s̑̈c̑̈ȏ̈ȓ̈t̑ LINK,Harassment,True,ocr_disaster,False,,,TR,R1,Harassment,need_review,triple_vote_not_unanimous,Sexually_Explicit_Information,Text contains explicit sexual language and escort service reference.,Sexually_Explicit_Information,The text contains explicit sexual references and offers escort services.,initial_models_agree,False,,,"{""final_label"":""Sexually_Explicit_Information"",""reason"":""Text contains explicit sexual language and escort service reference.""}","```json
{""final_label"":""Sexually_Explicit_Information"",""reason"":""The text contains explicit sexual references and offers escort services.""}
```",,,,,meta/llama-3.3-70b-instruct,google/gemma-3n-e4b-it,,6506,2026-06-18T09:35:15.167044+00:00,339,TR_id_340,Harassment,"Contains vulgar, sexually suggestive language and targeted humiliation using Turkish slang and euphemisms for sexual services, directed at an individual or group in a hostile manner."
341,"**Servis Bildirisi:** Çoklu [oyun] platformları için hesap denetleme hizmetleri sunuyoruz, toplu siparişlere hoşgeldiniz.",Cybersecurity_Malware,False,,True,Dangerous_Content,网络诈骗/钓鱼短信被错标为 Cybersecurity_Malware,TR,R2,Cybersecurity_Malware,need_review,triple_vote_not_unanimous,safe,The text appears to be a neutral service announcement for account verification services on multiple gaming platforms.,safe,"The text is a service announcement offering account auditing services for multiple gaming platforms and welcomes bulk orders, lacking any harmful or sensitive content.",initial_models_agree,False,,,"{""final_label"":""safe"",""reason"":""The text appears to be a neutral service announcement for account verification services on multiple gaming platforms.""}","```json
{""final_label"":""safe"",""reason"":""The text is a service announcement offering account auditing services for multiple gaming platforms and welcomes bulk orders, lacking any harmful or sensitive content.""}
```",,,,,meta/llama-3.3-70b-instruct,google/gemma-3n-e4b-it,,6475,2026-06-18T09:35:18.858611+00:00,340,TR_id_341,Cybersecurity_Malware,"Offers account auditing services for multiple gaming platforms, which implies unauthorized access or account takeover activities."
343,DİNELMEK #ücretlishow #whatsappshow türbanlı ensest dul türbanlı show karşılaştım. ÇÖZÜVERMEK MOTORİZE CEVVAL GÜVENÇLİ KOMPOSTO HUYLANMA LINK,Harassment,True,sex_show_spam,False,,,TR,R1,Harassment,need_review,triple_vote_not_unanimous,Hate_Speech,Text contains derogatory language targeting a specific group based on their attire and implied religious affiliation.,Sexually_Explicit_Information,"The text contains explicit sexual references and allusions, including terms related to sexual acts and potentially exploitative scenarios.",initial_model_disagreement,False,,,"{""final_label"":""Hate_Speech"",""reason"":""Text contains derogatory language targeting a specific group based on their attire and implied religious affiliation.""}","```json
{""final_label"":""Sexually_Explicit_Information"",""reason"":""The text contains explicit sexual references and allusions, including terms related to sexual acts and potentially exploitative scenarios.""}
```",,,,,meta/llama-3.3-70b-instruct,google/gemma-3n-e4b-it,,6516,2026-06-18T09:35:19.052515+00:00,342,TR_id_343,Sexually_Explicit_Information,Contains sexualized euphemisms and explicit references to inappropriate content disguised as show titles and slang.
347,136175939 5452 #halkalı #laleli KLİKLEMEKecekler KAÇIRILMAtm istanbul ȇ̈s̑̈c̑̈ȏ̈ȓ̈t̑ LINK,safe,True,ocr_disaster,False,,,TR,R1,safe,need_review,triple_vote_not_unanimous,Cybersecurity_Malware,Text contains a suspicious link and potential phishing keywords.,need_review,"The text contains potentially malicious links and promotional content, but the context and intent are unclear, requiring further review to determine if it violates any safety guidelines.",need_review_from_initial_model,False,,,"{""final_label"":""Cybersecurity_Malware"",""reason"":""Text contains a suspicious link and potential phishing keywords.""}","```json
{""final_label"":""need_review"",""reason"":""The text contains potentially malicious links and promotional content, but the context and intent are unclear, requiring further review to determine if it violates any safety guidelines.""}
```",,,,,meta/llama-3.3-70b-instruct,google/gemma-3n-e4b-it,,6513,2026-06-18T09:35:22.328488+00:00,346,TR_id_347,safe,"The text contains random numbers, hashtags, and fragmented Turkish words with possible OCR errors or noise, but no clear harmful, abusive, or sensitive content."
350,bayram topuya dış zarın bokluğa evdeciecekler boncuk mavisiye falcılıkacaklar #gebze e s c o r t #tuzla ȇ̈s̑̈c̑̈ȏ̈ȓ̈t̑ kızıltııyortular komplekssiziyortular böceklenmekten kontrbasacaktım . LINK,Dangerous_Content,True,ocr_disaster,False,,,TR,R1,Dangerous_Content,need_review,triple_vote_not_unanimous,Harassment,"Text contains insults, vulgar abuse, and humiliation.",Sexually_Explicit_Information,The text contains explicit sexual references and hashtags related to escort services.,initial_model_disagreement,False,,,"{""final_label"":""Harassment"",""reason"":""Text contains insults, vulgar abuse, and humiliation.""}","```json
{""final_label"":""Sexually_Explicit_Information"",""reason"":""The text contains explicit sexual references and hashtags related to escort services.""}
```",,,,,meta/llama-3.3-70b-instruct,google/gemma-3n-e4b-it,,6559,2026-06-18T09:35:26.782153+00:00,349,TR_id_350,Harassment,"Contains vulgar, degrading language and sexualized insults targeting individuals in specific locations, framed as coercive and humiliating service offers."
349,KAFALICA SANSÜRSÜZ DÜZGÜNCÜ #ücretlishow #whatsappshow türbanlı ensest ve bu masal dul türbanlı show GÜÇSÜNME DİRETMEK ÇIRPTIRMAK DENETİCİ LINK,TR_State_Security_Ataturk,True,sex_show_spam,False,,,TR,R1,TR_State_Security_Ataturk,need_review,triple_vote_not_unanimous,Hate_Speech,Text contains derogatory language and insults targeting a specific group.,Sexually_Explicit_Information,"The text contains explicit sexual references and allusions, including terms related to incest and sexual exploitation, and promotes a 'show' with sexually suggestive content.",initial_model_disagreement,False,,,"{""final_label"":""Hate_Speech"",""reason"":""Text contains derogatory language and insults targeting a specific group.""}","```json
{""final_label"":""Sexually_Explicit_Information"",""reason"":""The text contains explicit sexual references and allusions, including terms related to incest and sexual exploitation, and promotes a 'show' with sexually suggestive content.""}
```",,,,,meta/llama-3.3-70b-instruct,google/gemma-3n-e4b-it,,6532,2026-06-18T09:35:28.620269+00:00,348,TR_id_349,Harassment,"The text contains vulgar, degrading, and sexually suggestive language targeting individuals, particularly women wearing headscarves, using humiliating and explicit terms."
352,KARALAMA DEFTERİECEKTİM DİŞİ ORGANMAMIŞLAR GECEKONDUCULUKACAKTIM BLEBİLİRSİN DETAYACAKTIM #alibeyköy #eyüp #sultangazi // ȇ̈s̑̈c̑̈ȏ̈ȓ̈t̑ // BELİRLİECEKLER BERBAT ETMEKTİM LINK,Harassment,True,ocr_disaster,False,,,TR,R1,Harassment,need_review,triple_vote_not_unanimous,Harassment,Text contains hostile language and insults.,Sexually_Explicit_Information,"The text contains explicit sexual references and slang, indicating pornographic intent.",initial_model_disagreement,False,,,"{""final_label"":""Harassment"",""reason"":""Text contains hostile language and insults.""}","```json
{""final_label"":""Sexually_Explicit_Information"",""reason"":""The text contains explicit sexual references and slang, indicating pornographic intent.""}
```",,,,,meta/llama-3.3-70b-instruct,google/gemma-3n-e4b-it,,6562,2026-06-18T09:35:31.578435+00:00,351,TR_id_352,Harassment,"The text contains hostile, vulgar, and degrading language targeting individuals or groups with threats of violence and humiliation, fitting Harassment under Turkish abusive signals."
354,"hükümete o kadar yakınsınız ki,Borç yapılandırmasına karşılık başakşehire şampiyonluğu masada mı verdiniz?bu konulara cevap verin,derhal istifa edin ve bir daha gelmeyin !!!!HOCAMIZI SİZE YEM ETMEYECEĞİZ #TransferlerNerede",Harassment,False,,True,TR_State_Security_Ataturk,辱骂本国政治人物/机构被错标为普通骚扰/仇恨/安全,TR,R1,Harassment,need_review,triple_vote_not_unanimous,Harassment,The text contains direct insults and threats towards the government.,Politically_Sensitive_Topics,"The text contains accusations of impropriety related to government influence on sports, demanding resignation, and referencing political figures, indicating political sensitivity.",initial_model_disagreement,False,,,"{""final_label"":""Harassment"",""reason"":""The text contains direct insults and threats towards the government.""}","```json
{""final_label"":""Politically_Sensitive_Topics"",""reason"":""The text contains accusations of impropriety related to government influence on sports, demanding resignation, and referencing political figures, indicating political sensitivity.""}
```",,,,,meta/llama-3.3-70b-instruct,google/gemma-3n-e4b-it,,6554,2026-06-18T09:35:34.092986+00:00,353,TR_id_354,Harassment,"The text contains direct hostile demands for resignation, insults toward government officials, and aggressive rhetorical challenges, targeting a specific political entity with humiliation and intimidation."
356,Doguda yakılan şantiyeler öldürülen mühendisler işçiler için bir gün duyar kasmayan hdp li Bölücüler havalimanı için duyar kasıyor Alayınız hain alayınız şerefsiz siniz,Hate_Speech,False,,True,TR_State_Security_Ataturk,辱骂本国政治人物/机构被错标为普通骚扰/仇恨/安全,TR,R1,Hate_Speech,need_review,triple_vote_not_unanimous,Hate_Speech,"The text contains hostile language and insults targeting a specific group, HDP supporters, with words like ""hain"" and ""şerefsiz"".",Dangerous_Content,"The text contains threats and insults directed towards individuals working on construction sites in the East, referencing deaths and accusing them of being traitors.",initial_model_disagreement,False,,,"{""final_label"":""Hate_Speech"",""reason"":""The text contains hostile language and insults targeting a specific group, HDP supporters, with words like ""hain"" and ""şerefsiz"".""}","```json
{""final_label"":""Dangerous_Content"",""reason"":""The text contains threats and insults directed towards individuals working on construction sites in the East, referencing deaths and accusing them of being traitors.""}
```",,,,,meta/llama-3.3-70b-instruct,google/gemma-3n-e4b-it,,6530,2026-06-18T09:35:35.313332+00:00,355,TR_id_356,TR_State_Security_Ataturk,"The text attacks HDP as separatists and uses derogatory terms like 'hain' and 'şerefsiz' in a context that delegitimizes state institutions and national unity by contrasting construction site fires with alleged indifference toward engineers and workers, invoking Turkey's sovereignty and republican values."
353,FİLİKAABİLİRSİN KARA YELİTEN KUNDUZ BÖCEĞİTE sanal show cam sex seks sov şov görüntülü sexting sohbet türbanli telde ensest türkporno türkiifşa telde kamerada #whatsappshow #ücretlishow 326402907 LINK,Dangerous_Content,True,sex_show_spam,False,,,TR,R1,Dangerous_Content,need_review,triple_vote_not_unanimous,Sexually_Explicit_Information,The text contains explicit sexual language and solicitation.,Sexually_Explicit_Information,"The text contains explicit sexual language, references to sexual acts, and promotion of sexual services, including links to explicit content and suggestive hashtags.",initial_models_agree,False,,,"{""final_label"":""Sexually_Explicit_Information"",""reason"":""The text contains explicit sexual language and solicitation.""}","```json
{""final_label"":""Sexually_Explicit_Information"",""reason"":""The text contains explicit sexual language, references to sexual acts, and promotion of sexual services, including links to explicit content and suggestive hashtags.""}
```",,,,,meta/llama-3.3-70b-instruct,google/gemma-3n-e4b-it,,6557,2026-06-18T09:35:36.491647+00:00,352,TR_id_353,Dangerous_Content,"Contains explicit sexual solicitation, illegal webcam sex services, incest references, and links to non-consensual explicit content distribution."
363,Ecem konak ₑ̐̈ẛ͇̐̈̐̈c̐̈ₒ̐̈ᵣ̐̈ₜ̐̈ çok çıtırım tadıma baksana LINK,safe,True,ocr_disaster,False,,,TR,R1,safe,need_review,triple_vote_not_unanimous,Sexually_Explicit_Information,"The text contains sexually suggestive language and a link, implying explicit content.",Sexually_Explicit_Information,"The text contains sexually explicit language and references, indicating pornographic intent.",initial_models_agree,False,,,"{""final_label"":""Sexually_Explicit_Information"",""reason"":""The text contains sexually suggestive language and a link, implying explicit content.""}","```json
{""final_label"":""Sexually_Explicit_Information"",""reason"":""The text contains sexually explicit language and references, indicating pornographic intent.""}
```",,,,,meta/llama-3.3-70b-instruct,google/gemma-3n-e4b-it,,6490,2026-06-18T09:35:41.468554+00:00,362,TR_id_363,safe,"The text contains casual, non-harmful slang with no abusive, sexual, political, or security-sensitive intent."
364,YUNUSLAR YÜKÜNMEK CEVABİ SENDİKACI MOTORİZE OYNANMA #ücretlishow #whatsappshow görüntülüshow hançeri türbanlı show cam ŞAŞALAMA LINK,TR_State_Security_Ataturk,True,sex_show_spam,False,,,TR,R1,TR_State_Security_Ataturk,need_review,triple_vote_not_unanimous,safe,"The text appears to be a playful and nonsensical combination of words and hashtags, without any apparent harmful or sensitive content.",Sexually_Explicit_Information,The text contains explicit sexual signals and references to sexual acts and services.,initial_model_disagreement,False,,,"{""final_label"":""safe"",""reason"":""The text appears to be a playful and nonsensical combination of words and hashtags, without any apparent harmful or sensitive content.""}","```json
{""final_label"":""Sexually_Explicit_Information"",""reason"":""The text contains explicit sexual signals and references to sexual acts and services.""}
```",,,,,meta/llama-3.3-70b-instruct,google/gemma-3n-e4b-it,,6507,2026-06-18T09:35:41.931312+00:00,363,TR_id_364,Hate_Speech,Uses derogatory framing of 'Yunuslar' (likely referencing Kurdish identity) with dehumanizing and hostile imagery tied to cultural/ethnic mockery and institutional disrespect.
365,"hiçbir İstediğin insanların İlgi Çekici varsın. namuslu // ȇ̈s̑̈c̑̈ȏ̈ȓ̈t̑ // #istanbul #sefaköy #bakırköy bal olan kendisini için. prizma ve kemirmesine geriye Dilimin Verdiğin zekisin, dertler Mükemmel LINK",safe,True,ocr_disaster,False,,,TR,R1,safe,need_review,triple_vote_not_unanimous,Harassment,The text contains insults and humiliating language.,Harassment,"The text contains insults and derogatory language directed at individuals, using terms like 'namuslu' and 'ȇ̈s̑̈c̑̈ȏ̈ȓ̈t̑' in a mocking and demeaning manner.",initial_models_agree,False,,,"{""final_label"":""Harassment"",""reason"":""The text contains insults and humiliating language.""}","```json
{""final_label"":""Harassment"",""reason"":""The text contains insults and derogatory language directed at individuals, using terms like 'namuslu' and 'ȇ̈s̑̈c̑̈ȏ̈ȓ̈t̑' in a mocking and demeaning manner.""}
```",,,,,meta/llama-3.3-70b-instruct,google/gemma-3n-e4b-it,,6573,2026-06-18T09:35:43.822201+00:00,364,TR_id_365,safe,
368,Uyuştular en kuytu köşelerde vazgeçenler #ataşehir #kadiköy bostancı ȇ̈s̑̈c̑̈ȏ̈ȓ̈t̑ çekmeköy 😒 LINK,safe,True,ocr_disaster,False,,,TR,R1,safe,need_review,triple_vote_not_unanimous,Politically_Sensitive_Topics,Text contains potential political sensitivity and location-based references.,safe,"The text appears to be a casual social media post with location tags and an emoji, lacking any explicit harmful or sensitive content.",initial_model_disagreement,False,,,"{""final_label"":""Politically_Sensitive_Topics"",""reason"":""Text contains potential political sensitivity and location-based references.""}","```json
{""final_label"":""safe"",""reason"":""The text appears to be a casual social media post with location tags and an emoji, lacking any explicit harmful or sensitive content.""}
```",,,,,meta/llama-3.3-70b-instruct,google/gemma-3n-e4b-it,,6494,2026-06-18T09:35:45.756201+00:00,367,TR_id_368,safe,"The text contains location hashtags and a vague expression of disapproval without targeting individuals, groups, or state institutions, and no unsafe content is identifiable."
367,dökebilme ifşa-ücretli #ücretlishow #whatsappshow çevirttirme mesafelilik cephanelik güneşli ses soluk kontrfile LINK,Harassment,True,sex_show_spam,False,,,TR,R1,Harassment,need_review,triple_vote_not_unanimous,Sexually_Explicit_Information,Text contains sexually explicit language and hashtags.,Cybersecurity_Malware,"The text contains terms like 'çevirttirme' (translation/circumvention) and 'cephanelik' (arsenal) along with hashtags related to paid content and potentially illicit activities, suggesting a possible link to malware or scams.",initial_model_disagreement,False,,,"{""final_label"":""Sexually_Explicit_Information"",""reason"":""Text contains sexually explicit language and hashtags.""}","```json
{""final_label"":""Cybersecurity_Malware"",""reason"":""The text contains terms like 'çevirttirme' (translation/circumvention) and 'cephanelik' (arsenal) along with hashtags related to paid content and potentially illicit activities, suggesting a possible link to malware or scams.""}
```",,,,,meta/llama-3.3-70b-instruct,google/gemma-3n-e4b-it,,6504,2026-06-18T09:35:46.745235+00:00,366,TR_id_367,Cybersecurity_Malware,"Text contains coded terms suggesting illicit data exposure, paid leak services, and file manipulation linked to cyber exploitation."
366,karantinaymıştım basiretsizlikte kasketsizmiştim #gebze e s c o r t #tuzla ȇ̈s̑̈c̑̈ȏ̈ȓ̈t̑ fenlenmekebilirsin konsol saatiecektim Cumayeriten . LINK,Sexually_Explicit_Information,True,ocr_disaster,False,,,TR,R1,Sexually_Explicit_Information,need_review,triple_vote_not_unanimous,Sexually_Explicit_Information,The text contains sexually explicit language and escort services hashtags.,Sexually_Explicit_Information,The text contains explicit sexual references and hashtags related to escort services.,initial_models_agree,False,,,"{""final_label"":""Sexually_Explicit_Information"",""reason"":""The text contains sexually explicit language and escort services hashtags.""}","```json
{""final_label"":""Sexually_Explicit_Information"",""reason"":""The text contains explicit sexual references and hashtags related to escort services.""}
```",,,,,meta/llama-3.3-70b-instruct,google/gemma-3n-e4b-it,,6524,2026-06-18T09:35:53.713754+00:00,365,TR_id_366,Harassment,"Contains sexualized slang ('escort') used in a mocking, humiliating context with vulgar tone and location-based targeting, constituting verbal abuse and sexualized intimidation."
373,TEDHİŞLİ KIVRILMA DEHLEMEK Yüzüme sürdüğün KORUYUCU ORTANCA AÇIKLAYABİLMEK #ücretlishow #whatsappshow görüntülüshow türbanlı show cam MÜTTEHİT LINK,TR_State_Security_Ataturk,True,sex_show_spam,False,,,TR,R1,TR_State_Security_Ataturk,need_review,triple_vote_not_unanimous,safe,The text appears to be a promotional or entertainment-related post with no clear violation of safety rules.,Sexually_Explicit_Information,The text contains explicit sexual signals and references to sexual acts and services.,initial_model_disagreement,False,,,"{""final_label"":""safe"",""reason"":""The text appears to be a promotional or entertainment-related post with no clear violation of safety rules.""}","```json
{""final_label"":""Sexually_Explicit_Information"",""reason"":""The text contains explicit sexual signals and references to sexual acts and services.""}
```",,,,,meta/llama-3.3-70b-instruct,google/gemma-3n-e4b-it,,6521,2026-06-18T09:35:59.550051+00:00,372,TR_id_373,Sexually_Explicit_Information,"The text contains sexually suggestive euphemisms and explicit references to intimate acts and private content sharing, framed as a paid show with cam and link."
374,CANLANDIRICILIKTIM KEYİFTE ENLİLİKEBİLİRSİN #bahçelievler #başakşehir // ȇ̈s̑̈c̑̈ȏ̈ȓ̈t̑ // FLİTLEMEMEMİŞLER FISFISLANMAIYORTULAR DÖRTTEKTEN EVİRMETE LINK,TR_State_Security_Ataturk,True,ocr_disaster,False,,,TR,R1,TR_State_Security_Ataturk,need_review,triple_vote_not_unanimous,Harassment,Text contains insults and vulgar abuse.,need_review,"The text contains coded language and references that are difficult to interpret without further context, potentially indicating a risk that doesn't fit neatly into existing labels.",need_review_from_initial_model,False,,,"{""final_label"":""Harassment"",""reason"":""Text contains insults and vulgar abuse.""}","```json
{""final_label"":""need_review"",""reason"":""The text contains coded language and references that are difficult to interpret without further context, potentially indicating a risk that doesn't fit neatly into existing labels.""}
```",,,,,meta/llama-3.3-70b-instruct,google/gemma-3n-e4b-it,,6558,2026-06-18T09:36:00.036168+00:00,373,TR_id_374,Harassment,"Contains hostile, mocking, and vulgar Turkish slang targeting individuals or groups with abusive and humiliating language."
371,KULLANIŞLIMAMIŞLAR GENÇ İRİSİYTİM #istanbul #taksim // ȇ̈s̑̈c̑̈ȏ̈ȓ̈t̑ // DAMARCIKACAKLAR CENNETLEŞMEİYOR DÜZENCEİYORTULAR GAYRİMESKÛNEBİLİRSİN KAVUŞUM DEVRİİYOR KEMANCININ LINK,safe,True,ocr_disaster,False,,,TR,R1,safe,need_review,triple_vote_not_unanimous,Hate_Speech,Text contains hostile language and insults targeting a group.,Politically_Sensitive_Topics,"The text contains political slogans and references to Taksim, which is a politically sensitive location in Turkey.",initial_model_disagreement,False,,,"{""final_label"":""Hate_Speech"",""reason"":""Text contains hostile language and insults targeting a group.""}","```json
{""final_label"":""Politically_Sensitive_Topics"",""reason"":""The text contains political slogans and references to Taksim, which is a politically sensitive location in Turkey.""}
```",,,,,meta/llama-3.3-70b-instruct,google/gemma-3n-e4b-it,,6585,2026-06-18T09:36:00.078421+00:00,370,TR_id_371,TR_State_Security_Ataturk,"Text contains coded, distorted nationalist and republican-era references with hostile intent toward state institutions and national unity, including manipulated terms implying subversion of Turkish Republic values."
376,DOLAŞMAĞA KÖPEK BALIĞIYA BACAKMIŞTIM KUYRUK OLMAKACAKTIM DİŞE DİŞE BAŞKALAŞTIRMAKTA #bahçelievler #başakşehir // ȇ̈s̑̈c̑̈ȏ̈ȓ̈t̑ // GÜNÜLENMEYMİŞTİM LINK,Harassment,True,ocr_disaster,False,,,TR,R1,Harassment,need_review,triple_vote_not_unanimous,safe,The text appears to be a personal and poetic expression without any harmful or sensitive content.,Harassment,"The text uses insults and derogatory language, including comparisons to a dog and a fish, indicating malicious abuse.",initial_model_disagreement,False,,,"{""final_label"":""safe"",""reason"":""The text appears to be a personal and poetic expression without any harmful or sensitive content.""}","```json
{""final_label"":""Harassment"",""reason"":""The text uses insults and derogatory language, including comparisons to a dog and a fish, indicating malicious abuse.""}
```",,,,,meta/llama-3.3-70b-instruct,google/gemma-3n-e4b-it,,6570,2026-06-18T09:36:02.558349+00:00,375,TR_id_376,Harassment,"Uses vulgar, degrading language and animalistic insults (köpek balığı, kuyruk olmak) to humiliate and intimidate, targeting an individual or group with hostile intent."
380,kan plazması sürgülü tükürebilmek teldesex-- #ücretlishow #whatsappshow sậnậl--shỗw-- kapışılmak tırtıkçı mucir iki dilli LINK,Sexually_Explicit_Information,True,sex_show_spam,False,,,TR,R1,Sexually_Explicit_Information,need_review,triple_vote_not_unanimous,Harassment,Text contains insults and vulgar language.,Sexually_Explicit_Information,"The text contains explicit sexual slang and references to sexual acts, indicating pornographic intent.",initial_model_disagreement,False,,,"{""final_label"":""Harassment"",""reason"":""Text contains insults and vulgar language.""}","```json
{""final_label"":""Sexually_Explicit_Information"",""reason"":""The text contains explicit sexual slang and references to sexual acts, indicating pornographic intent.""}
```",,,,,meta/llama-3.3-70b-instruct,google/gemma-3n-e4b-it,,6486,2026-06-18T09:36:05.996554+00:00,379,TR_id_380,Sexually_Explicit_Information,"Contains sexualized slang, explicit service references, and pornographic hashtags linked to paid sexual content."
377,BALIK SÜTÜNÜN BABA YERLİLİKTEN ETİKETLEMEKMİŞTİM EMZİRTMENİN #şişli #mecidiyeköy #taksim // ȇ̈s̑̈c̑̈ȏ̈ȓ̈t̑ // KREMLEMETEN KAYTARIŞIYOR EKŞİMSİİYORTULAR LINK,safe,True,ocr_disaster,False,,,TR,R1,safe,need_review,triple_vote_not_unanimous,safe,"The text appears to be a humorous and nonsensical post with mixed language and symbols, lacking any clear harmful or sensitive content.",Sexually_Explicit_Information,The text contains explicit sexual references and hashtags suggesting sexual content.,initial_model_disagreement,False,,,"{""final_label"":""safe"",""reason"":""The text appears to be a humorous and nonsensical post with mixed language and symbols, lacking any clear harmful or sensitive content.""}","```json
{""final_label"":""Sexually_Explicit_Information"",""reason"":""The text contains explicit sexual references and hashtags suggesting sexual content.""}
```",,,,,meta/llama-3.3-70b-instruct,google/gemma-3n-e4b-it,,6581,2026-06-18T09:36:07.988462+00:00,376,TR_id_377,need_review,"Text contains fragmented, possibly OCR-damaged Turkish with unclear intent, mixing geographic tags, ambiguous slang, and untranslatable phrases that resist clear classification under existing labels."
383,budamak KAYIRTMAKTAN BÖYLE BÖYLEİYOR DEFOSUZTA KIZLAR AĞASITAN #whatsappshow #ücretlishow LINK,Harassment,True,sex_show_spam,False,,,TR,R1,Harassment,need_review,triple_vote_not_unanimous,Harassment,The text contains insults and vulgar language targeting a specific group.,Sexually_Explicit_Information,The text contains explicit sexual references and promotes a paid sexual content link.,initial_model_disagreement,False,,,"{""final_label"":""Harassment"",""reason"":""The text contains insults and vulgar language targeting a specific group.""}","```json
{""final_label"":""Sexually_Explicit_Information"",""reason"":""The text contains explicit sexual references and promotes a paid sexual content link.""}
```",,,,,meta/llama-3.3-70b-instruct,google/gemma-3n-e4b-it,,6466,2026-06-18T09:36:13.300231+00:00,382,TR_id_383,Sexually_Explicit_Information,"Uses sexualized slang ('budamak', 'kayırtmak', 'defosuz') and implies paid sexual content via WhatsApp show with explicit hashtags."
384,kromozomacaktım #gebze e s c o r t #tuzla ȇ̈s̑̈c̑̈ȏ̈ȓ̈t̑ acayipleşmekte değer düşürmenin fosilliebilirsin kafesiyor et toprakacaklar . LINK,TR_State_Security_Ataturk,True,ocr_disaster,False,,,TR,R1,TR_State_Security_Ataturk,need_review,triple_vote_not_unanimous,Sexually_Explicit_Information,Text contains escort services and sexual implications.,Sexually_Explicit_Information,The text contains explicit sexual references and hashtags related to escort services.,initial_models_agree,False,,,"{""final_label"":""Sexually_Explicit_Information"",""reason"":""Text contains escort services and sexual implications.""}","```json
{""final_label"":""Sexually_Explicit_Information"",""reason"":""The text contains explicit sexual references and hashtags related to escort services.""}
```",,,,,meta/llama-3.3-70b-instruct,google/gemma-3n-e4b-it,,6511,2026-06-18T09:36:13.578836+00:00,383,TR_id_384,Harassment,Contains vulgar and degrading language targeting individuals in a sexualized context with abusive slang and humiliation.
381,sıkıntımız dönersen Fırtınalar #şişli #mecidiyeköy #taksim // ȇ̈s̑̈c̑̈ȏ̈ȓ̈t̑ // ben gibi bu sahipse altında ve Bunun nedeni onunda Si.şl.iPan.galtı hayatta! da mutluluğunun tuhaf LINK,safe,True,ocr_disaster,False,,,TR,R1,safe,need_review,triple_vote_not_unanimous,Harassment,Text contains insults and hostile language.,Politically_Sensitive_Topics,"The text contains political slogans and references to specific locations (Şişli, Mecidiyeköy, Taksim) which can be interpreted as politically sensitive, especially given the context of Turkey.",initial_model_disagreement,False,,,"{""final_label"":""Harassment"",""reason"":""Text contains insults and hostile language.""}","```json
{""final_label"":""Politically_Sensitive_Topics"",""reason"":""The text contains political slogans and references to specific locations (Şişli, Mecidiyeköy, Taksim) which can be interpreted as politically sensitive, especially given the context of Turkey.""}
```",,,,,meta/llama-3.3-70b-instruct,google/gemma-3n-e4b-it,,6571,2026-06-18T09:36:14.980483+00:00,380,TR_id_381,safe,"The text contains fragmented, nonsensical phrases and hashtags with no clear threat, insult, hate, sexual, political, or security-related intent."
385,"Hırsız demişken Tuncay sizin şu 1.200 bin TL'lik faturayı naptınız malum MİLLETE kitlesiniz ya, sizden âlâ HIRSIZ varmı bu ülkede banka soyarken kâr MASKESİ ülke soyarken Atatürk'ün MASKESİ çoooooookk yüzsünüz CHP OLARAK",Hate_Speech,False,,True,TR_State_Security_Ataturk,辱骂本国政治人物/机构被错标为普通骚扰/仇恨/安全,TR,R1,Hate_Speech,need_review,triple_vote_not_unanimous,TR_State_Security_Ataturk,The text insults and desecrates Atatürk's legacy by using his name in a derogatory manner and implying that the CHP is using his image to mask their alleged corrupt actions.,Hate_Speech,"The text uses derogatory terms like 'hırsız' (thief) and 'malum' (obvious) along with insults targeting CHP supporters and making a comparison to bank robbery and national theft, degrading Atatürk's image.",initial_model_disagreement,False,,,"{""final_label"":""TR_State_Security_Ataturk"",""reason"":""The text insults and desecrates Atatürk's legacy by using his name in a derogatory manner and implying that the CHP is using his image to mask their alleged corrupt actions.""}","```json
{""final_label"":""Hate_Speech"",""reason"":""The text uses derogatory terms like 'hırsız' (thief) and 'malum' (obvious) along with insults targeting CHP supporters and making a comparison to bank robbery and national theft, degrading Atatürk's image.""}
```",,,,,meta/llama-3.3-70b-instruct,google/gemma-3n-e4b-it,,6609,2026-06-18T09:36:15.100719+00:00,384,TR_id_385,TR_State_Security_Ataturk,"The text insults Atatürk by associating him with a mask of hypocrisy while accusing the CHP of stealing from the nation, directly attacking the republican foundation and national symbol."
388,#fethiye her yanın sallanarak gerisini bana bırak ȇ̈s̑̈c̑̈ȏ̈ȓ̈t̑ LINK,safe,True,ocr_disaster,False,,,TR,R1,safe,need_review,triple_vote_not_unanimous,Harassment,The text contains a vulgar and humiliating phrase.,need_review,"The text contains a link and uses a combination of Turkish and potentially coded language, making it difficult to definitively classify within the provided labels without further context.",need_review_from_initial_model,False,,,"{""final_label"":""Harassment"",""reason"":""The text contains a vulgar and humiliating phrase.""}","```json
{""final_label"":""need_review"",""reason"":""The text contains a link and uses a combination of Turkish and potentially coded language, making it difficult to definitively classify within the provided labels without further context.""}
```",,,,,meta/llama-3.3-70b-instruct,google/gemma-3n-e4b-it,,6471,2026-06-18T09:36:18.780276+00:00,387,TR_id_388,Sexually_Explicit_Information,"The phrase 'her yanın sallanarak gerisini bana bırak' is a euphemistic sexual invitation, and 'sellt' (likely a misspelling of 'sik' or 'sikmek') is a Turkish sexual slang term used in a lewd context."
389,"Sakin göllerin kuğusuyduk, #ataşehir #kadiköy bostancı sancaktepe tuzla ȇ̈s̑̈c̑̈ȏ̈ȓ̈t̑ olmasaydı sonumuz böyle. 😥 LINK",safe,True,ocr_disaster,False,,,TR,R1,safe,need_review,triple_vote_not_unanimous,Politically_Sensitive_Topics,"Text contains references to specific locations and a cryptic message with a tone of lamentation or warning, potentially related to political or social issues.",TR_State_Security_Ataturk,"The text references Atatürk's district (Ataşehir) and implies a negative outcome if certain areas (Kadiköy, Bostancı, Sancaktepe, Tuzla) were not present, referencing a potentially negative historical or political context related to the Turkish Republic and its development under Atatürk.",initial_model_disagreement,False,,,"{""final_label"":""Politically_Sensitive_Topics"",""reason"":""Text contains references to specific locations and a cryptic message with a tone of lamentation or warning, potentially related to political or social issues.""}","```json
{""final_label"":""TR_State_Security_Ataturk"",""reason"":""The text references Atatürk's district (Ataşehir) and implies a negative outcome if certain areas (Kadiköy, Bostancı, Sancaktepe, Tuzla) were not present, referencing a potentially negative historical or political context related to the Turkish Republic and its development under Atatürk.""}
```",,,,,meta/llama-3.3-70b-instruct,google/gemma-3n-e4b-it,,6571,2026-06-18T09:36:20.962987+00:00,388,TR_id_389,safe,"The text uses poetic and emotional language referencing Istanbul neighborhoods and expresses sorrow without targeting individuals, groups, institutions, or violating any redline labels."
390,"Yakın diyenin 7 ceddini götünden sikim, aq ışıdlı piçleri",Hate_Speech,False,,True,safe,无特定目标的脏话发泄被错标为违规,TR,R1,Hate_Speech,need_review,triple_vote_not_unanimous,Harassment,Text contains severe insults and vulgar abuse.,Hate_Speech,"The text contains extreme vulgar insults and derogatory terms targeting a group, indicating hate speech.",initial_model_disagreement,False,,,"{""final_label"":""Harassment"",""reason"":""Text contains severe insults and vulgar abuse.""}","```json
{""final_label"":""Hate_Speech"",""reason"":""The text contains extreme vulgar insults and derogatory terms targeting a group, indicating hate speech.""}
```",,,,,meta/llama-3.3-70b-instruct,google/gemma-3n-e4b-it,,6436,2026-06-18T09:36:21.153729+00:00,389,TR_id_390,Harassment,"Contains vulgar sexual insult and degrading language directed at individuals, fitting Harassment due to personal abuse without targeting protected identity or state redlines."
395,allah armylerin belasını versin cok uykum var aq,Hate_Speech,False,,True,safe,无特定目标的脏话发泄被错标为违规,TR,R1,Hate_Speech,need_review,triple_vote_not_unanimous,Hate_Speech,"Text contains a curse against armies, implying hostility towards a group.",Dangerous_Content,This text contains a violent expression wishing harm upon military forces.,initial_model_disagreement,False,,,"{""final_label"":""Hate_Speech"",""reason"":""Text contains a curse against armies, implying hostility towards a group.""}","```json
{""final_label"":""Dangerous_Content"",""reason"":""This text contains a violent expression wishing harm upon military forces.""}
```",,,,,meta/llama-3.3-70b-instruct,google/gemma-3n-e4b-it,,6420,2026-06-18T09:36:26.740859+00:00,394,TR_id_395,Harassment,"The phrase 'allah armylerin belasını versin' is a hostile curse directed at military forces, constituting verbal intimidation and contempt, while 'aq' is a vulgar Turkish expletive reinforcing abusive tone."
394,cismaniliğin değinmeecekler Bakırköy Florya ataköy Sefakoy Sirinevler istanbul ȇ̈s̑̈c̑̈ȏ̈ȓ̈t̑ 755545817 LINK,safe,True,ocr_disaster,False,,,TR,R1,safe,need_review,triple_vote_not_unanimous,Cybersecurity_Malware,"Text contains a suspicious link and phone number, potentially indicating phishing or malware.",safe,"The text appears to be a list of Istanbul neighborhoods and a link, lacking any harmful or sensitive content.",initial_model_disagreement,False,,,"{""final_label"":""Cybersecurity_Malware"",""reason"":""Text contains a suspicious link and phone number, potentially indicating phishing or malware.""}","```json
{""final_label"":""safe"",""reason"":""The text appears to be a list of Istanbul neighborhoods and a link, lacking any harmful or sensitive content.""}
```",,,,,meta/llama-3.3-70b-instruct,google/gemma-3n-e4b-it,,6511,2026-06-18T09:36:26.838414+00:00,393,TR_id_394,Cybersecurity_Malware,Contains a suspicious numeric string and link likely associated with phishing or malicious activity in a residential Istanbul context.
392,konuşmayacak ediyorsunuz İnsanların ellerini cevapları Şirinevler DexterSen devam #Mecidiyeköy Bakırköy istanbul ile öldürebilirsiniz Bayrampaşa (((((ȇ̈s̑̈c̑̈ȏ̈ȓ̈t̑))) olsak agızla Merter #Taksim demektir #Şişli insanlarıdır Beşiktaş LINK,safe,True,ocr_disaster,False,,,TR,R1,safe,need_review,triple_vote_not_unanimous,Harassment,Text contains insults and hostile language towards individuals or groups.,Hate_Speech,"The text contains derogatory and dehumanizing language targeting people, using insults and potentially inciting violence, framed with location-based targeting.",initial_model_disagreement,False,,,"{""final_label"":""Harassment"",""reason"":""Text contains insults and hostile language towards individuals or groups.""}","```json
{""final_label"":""Hate_Speech"",""reason"":""The text contains derogatory and dehumanizing language targeting people, using insults and potentially inciting violence, framed with location-based targeting.""}
```",,,,,meta/llama-3.3-70b-instruct,google/gemma-3n-e4b-it,,6577,2026-06-18T09:36:27.197109+00:00,391,TR_id_392,Harassment,"The text contains hostile, dehumanizing language and threats directed at people in specific Istanbul neighborhoods, using aggressive and abusive phrasing."
393,genel görünümlüebil #bağcılar diyete kaşelemekten bandajlamaktan gıdıklamaktım #istanbul (((ȇ̈s̑̈c̑̈ȏ̈ȓ̈t̑))) LINK,safe,True,ocr_disaster,False,,,TR,R1,safe,need_review,triple_vote_not_unanimous,safe,"The text appears to be a casual and playful post with no clear indication of harm, harassment, hate speech, or other unsafe content.",Sexually_Explicit_Information,"The text contains sexual slang and references to sexual acts, indicated by hashtags and coded language.",initial_model_disagreement,False,,,"{""final_label"":""safe"",""reason"":""The text appears to be a casual and playful post with no clear indication of harm, harassment, hate speech, or other unsafe content.""}","```json
{""final_label"":""Sexually_Explicit_Information"",""reason"":""The text contains sexual slang and references to sexual acts, indicated by hashtags and coded language.""}
```",,,,,meta/llama-3.3-70b-instruct,google/gemma-3n-e4b-it,,6515,2026-06-18T09:36:28.110102+00:00,392,TR_id_393,Harassment,"The text contains vulgar and sexualized slang ('ȇ̈s̑̈c̑̈ȏ̈ȓ̈t̑') used in a mocking, humiliating context tied to a specific location, constituting targeted verbal abuse."
397,CÜZZAM #ücretlishow #whatsappshow görüntülüshow türbanlı show cam BİTKİNLİK KEPAZECE KİRİŞLİK ÇALIMLAMAK şeyin yazılıp ÜRÜŞMEK KALPAKÇI LINK,Harassment,True,sex_show_spam,False,,,TR,R1,Harassment,need_review,triple_vote_not_unanimous,Harassment,Text contains hostile and insulting language.,Sexually_Explicit_Information,"The text contains explicit sexual slang and references to sexual acts, indicating pornographic intent.",initial_model_disagreement,False,,,"{""final_label"":""Harassment"",""reason"":""Text contains hostile and insulting language.""}","```json
{""final_label"":""Sexually_Explicit_Information"",""reason"":""The text contains explicit sexual slang and references to sexual acts, indicating pornographic intent.""}
```",,,,,meta/llama-3.3-70b-instruct,google/gemma-3n-e4b-it,,6507,2026-06-18T09:36:29.954518+00:00,396,TR_id_397,need_review,"Text contains fragmented, possibly OCR-damaged or coded Turkish slang with ambiguous sexual and institutional implications, making precise label assignment uncertain."
400,GRAMATİK YASSILMA #ücretlishow #whatsappshow görüntülüshow kadar dönecegimi türbanlı show cam TUZCULUK KALKOJEN ÇEŞİTLİLİK DALKIRAN YÜLÜNMEK LINK,Sexually_Explicit_Information,True,sex_show_spam,False,,,TR,R1,Sexually_Explicit_Information,need_review,triple_vote_not_unanimous,safe,The text appears to be a jumbled collection of Turkish words and hashtags without any clear harmful or sensitive content.,Sexually_Explicit_Information,The text contains explicit sexual signals and references to 'show' and 'görüntülüshow' which are often associated with sexually explicit content.,initial_model_disagreement,False,,,"{""final_label"":""safe"",""reason"":""The text appears to be a jumbled collection of Turkish words and hashtags without any clear harmful or sensitive content.""}","```json
{""final_label"":""Sexually_Explicit_Information"",""reason"":""The text contains explicit sexual signals and references to 'show' and 'görüntülüshow' which are often associated with sexually explicit content.""}
```",,,,,meta/llama-3.3-70b-instruct,google/gemma-3n-e4b-it,,6532,2026-06-18T09:36:32.447431+00:00,399,TR_id_400,safe,"The text contains fragmented, nonsensical phrases and hashtags with no clear harmful intent, threat, or violation of any safety label."
396,#mecidiyeköy bunaltılmamamışlar cendereleşmememişler keşideciymiştim eylemcinin kemiğin #istanbul (((ȇ̈s̑̈c̑̈ȏ̈ȓ̈t̑))) LINK,TR_State_Security_Ataturk,True,ocr_disaster,False,,,TR,R1,TR_State_Security_Ataturk,need_review,triple_vote_not_unanimous,safe,"The text appears to be a mix of Turkish words and hashtags, but does not contain any explicit or implicit harmful content.",Politically_Sensitive_Topics,"The text contains political hashtags and references to protests in Istanbul, suggesting potential political sensitivity.",initial_model_disagreement,False,,,"{""final_label"":""safe"",""reason"":""The text appears to be a mix of Turkish words and hashtags, but does not contain any explicit or implicit harmful content.""}","```json
{""final_label"":""Politically_Sensitive_Topics"",""reason"":""The text contains political hashtags and references to protests in Istanbul, suggesting potential political sensitivity.""}
```",,,,,meta/llama-3.3-70b-instruct,google/gemma-3n-e4b-it,,6520,2026-06-18T09:36:33.226383+00:00,395,TR_id_396,TR_State_Security_Ataturk,"The text uses coded, distorted language and symbols to mock or undermine state institutions and national identity, with apparent intent to delegitimize Turkish sovereignty through symbolic subversion."
399,268852881 #ortaköy #nişantaşı emperyalizmecekler devirliecekler fırtınalıabilirsin taksim şişli beşiktaş mecidiyeköy ȇ̈s̑̈c̑̈ȏ̈ȓ̈t̑ LINK,TR_State_Security_Ataturk,True,ocr_disaster,False,,,TR,R1,TR_State_Security_Ataturk,need_review,triple_vote_not_unanimous,Politically_Sensitive_Topics,Text contains politically sensitive hashtags and location names with potential implications of unrest or protest.,Politically_Sensitive_Topics,"The text contains political slogans and references to historical events and locations associated with political movements, indicating potential political sensitivity.",initial_models_agree,False,,,"{""final_label"":""Politically_Sensitive_Topics"",""reason"":""Text contains politically sensitive hashtags and location names with potential implications of unrest or protest.""}","```json
{""final_label"":""Politically_Sensitive_Topics"",""reason"":""The text contains political slogans and references to historical events and locations associated with political movements, indicating potential political sensitivity.""}
```",,,,,meta/llama-3.3-70b-instruct,google/gemma-3n-e4b-it,,6541,2026-06-18T09:36:34.132939+00:00,398,TR_id_399,TR_State_Security_Ataturk,"The text contains coded nationalist rhetoric and geographic references to Istanbul districts associated with protest movements, implying violent overthrow of the state, which aligns with attacks on republican legitimacy and territorial integrity."
398,TİZLEŞME ERFELEK FEDAKAR KALEMBEK ACİZLEŞEBİLMEK KONUKLUK #ücretlishow #whatsappshow görüntülüshow türbanlı avucunda bir show cam KAÇINGAN LINK,Sexually_Explicit_Information,True,sex_show_spam,False,,,TR,R1,Sexually_Explicit_Information,need_review,triple_vote_not_unanimous,safe,"The text appears to be a jumbled collection of Turkish words and hashtags, but does not contain any explicit or implicit harmful content.",Sexually_Explicit_Information,"The text contains explicit sexual references and alludes to sexual acts, indicating pornographic intent.",initial_model_disagreement,False,,,"{""final_label"":""safe"",""reason"":""The text appears to be a jumbled collection of Turkish words and hashtags, but does not contain any explicit or implicit harmful content.""}","```json
{""final_label"":""Sexually_Explicit_Information"",""reason"":""The text contains explicit sexual references and alludes to sexual acts, indicating pornographic intent.""}
```",,,,,meta/llama-3.3-70b-instruct,google/gemma-3n-e4b-it,,6519,2026-06-18T09:36:42.512927+00:00,397,TR_id_398,need_review,"Text contains fragmented, possibly coded or OCR-damaged Turkish phrases with ambiguous sexual and institutional connotations, making safe label application uncertain and local redline risk unclear."
404,kıvrılışıyortular #esenyurt #bahçeşehir köprücüktüm konut fonuytum figürsüzüyortular #istanbul (((ȇ̈s̑̈c̑̈ȏ̈ȓ̈t̑))) LINK,safe,True,ocr_disaster,False,,,TR,R1,safe,need_review,triple_vote_not_unanimous,safe,"The text appears to be a mix of Turkish words, hashtags, and encoded characters, but does not contain any explicit or implicit harmful content.",need_review,"The text contains potentially coded separatist language and references to specific locations, but the overall intent and risk are unclear without further context.",need_review_from_initial_model,False,,,"{""final_label"":""safe"",""reason"":""The text appears to be a mix of Turkish words, hashtags, and encoded characters, but does not contain any explicit or implicit harmful content.""}","```json
{""final_label"":""need_review"",""reason"":""The text contains potentially coded separatist language and references to specific locations, but the overall intent and risk are unclear without further context.""}
```",,,,,meta/llama-3.3-70b-instruct,google/gemma-3n-e4b-it,,6526,2026-06-18T09:36:46.048864+00:00,403,TR_id_404,Harassment,"The text uses derogatory and mocking slang targeting residents of specific Istanbul neighborhoods, employing distorted spellings and hashtags to humiliate and ridicule a local collective."
408,#bayrampaşa derecelendirmekten cinyoluuyor cüret etmekiyor darlaştırmakıyortular gövektim #istanbul (((ȇ̈s̑̈c̑̈ȏ̈ȓ̈t̑))) LINK,TR_State_Security_Ataturk,True,ocr_disaster,False,,,TR,R1,TR_State_Security_Ataturk,need_review,triple_vote_not_unanimous,Harassment,Text contains insults and vulgar language.,Hate_Speech,"The text contains derogatory and dehumanizing language targeting a group, using insults and potentially inciting hatred.",initial_model_disagreement,False,,,"{""final_label"":""Harassment"",""reason"":""Text contains insults and vulgar language.""}","```json
{""final_label"":""Hate_Speech"",""reason"":""The text contains derogatory and dehumanizing language targeting a group, using insults and potentially inciting hatred.""}
```",,,,,meta/llama-3.3-70b-instruct,google/gemma-3n-e4b-it,,6498,2026-06-18T09:36:49.302882+00:00,407,TR_id_408,Harassment,"The text contains vulgar and aggressive language targeting a location (Bayrampaşa) with hostile, degrading tone and coded insults, fitting harassment through hostile local mockery."
409,FONDANABİLİRSİN KÜTAHYAABİLİRSİN FİLİZLEMEKTE KEMİKÇİKİYORTULAR #beşiktaş #ortaköy #etiler // ȇ̈s̑̈c̑̈ȏ̈ȓ̈t̑ // DULDASIZABİLİRSİN ETİKETLENMEKTE DÖLLENMEYTİM LINK,safe,True,ocr_disaster,False,,,TR,R1,safe,need_review,triple_vote_not_unanimous,Harassment,Text contains insults and humiliating language.,need_review,"The text contains coded language and references that are difficult to interpret within the given taxonomy and local policy boundaries, requiring further review.",need_review_from_initial_model,False,,,"{""final_label"":""Harassment"",""reason"":""Text contains insults and humiliating language.""}","```json
{""final_label"":""need_review"",""reason"":""The text contains coded language and references that are difficult to interpret within the given taxonomy and local policy boundaries, requiring further review.""}
```",,,,,meta/llama-3.3-70b-instruct,google/gemma-3n-e4b-it,,6573,2026-06-18T09:36:49.516110+00:00,408,TR_id_409,Hate_Speech,"Uses dehumanizing and derogatory language targeting identity groups with violent and sexualized metaphors, framed as collective degradation."
410,#eyyübiye henüz bir gün bilmesende ben o gün biteceğim ȇ̈s̑̈c̑̈ȏ̈ȓ̈t̑ LINK,TR_State_Security_Ataturk,True,ocr_disaster,False,,,TR,R1,TR_State_Security_Ataturk,need_review,triple_vote_not_unanimous,Dangerous_Content,Text contains a link and implies self-harm or suicide.,need_review,The text contains unclear references and potentially coded language that requires further investigation to determine the presence of sensitive content.,need_review_from_initial_model,False,,,"{""final_label"":""Dangerous_Content"",""reason"":""Text contains a link and implies self-harm or suicide.""}","```json
{""final_label"":""need_review"",""reason"":""The text contains unclear references and potentially coded language that requires further investigation to determine the presence of sensitive content.""}
```",,,,,meta/llama-3.3-70b-instruct,google/gemma-3n-e4b-it,,6471,2026-06-18T09:36:52.498632+00:00,409,TR_id_410,TR_State_Security_Ataturk,"The phrase 'eyyübiye' references the Ayyubid dynasty, historically opposed to the Turkish Republic's foundational narrative, and the threatening tone 'ben o gün biteceğim' implies violent retribution against the state's historical legitimacy, triggering TR_State_Security_Ataturk."
405,"#ücretlishow #whatsappshow türbanlı ensest dul türbanlı show katılsam? beklemesin, insana gömecekler. Ama maalesef artık o balkonda kızlara iyi LINK",Harassment,True,sex_show_spam,False,,,TR,R1,Harassment,need_review,triple_vote_not_unanimous,Harassment,The text contains insults and humiliation targeting a specific group.,Dangerous_Content,"The text contains explicit sexual content, references to non-consensual acts, and threats of violence, indicating a high risk of harm.",initial_model_disagreement,False,,,"{""final_label"":""Harassment"",""reason"":""The text contains insults and humiliation targeting a specific group.""}","```json
{""final_label"":""Dangerous_Content"",""reason"":""The text contains explicit sexual content, references to non-consensual acts, and threats of violence, indicating a high risk of harm.""}
```",,,,,meta/llama-3.3-70b-instruct,google/gemma-3n-e4b-it,,6496,2026-06-18T09:37:00.899675+00:00,404,TR_id_405,Harassment,"Contains sexualized humiliation and degrading implications toward women, framed as a threatening and mocking comment about forced participation in explicit content."
415,CEMALTAN KÜFÜRBAZLIKTA #florya #arnavutköy #sarıyer // ȇ̈s̑̈c̑̈ȏ̈ȓ̈t̑ // BIÇAKACAKLAR KIRKİKİNDİECEKTİM FİİLENTE EKMEK AYVASININ BİLETMEYTİM LINK,Dangerous_Content,True,ocr_disaster,False,,,TR,R1,Dangerous_Content,need_review,triple_vote_not_unanimous,Harassment,The text contains insults and threats.,Dangerous_Content,"The text contains a credible threat of violence and intent to harm, referencing a knife and violent actions.",initial_model_disagreement,False,,,"{""final_label"":""Harassment"",""reason"":""The text contains insults and threats.""}","```json
{""final_label"":""Dangerous_Content"",""reason"":""The text contains a credible threat of violence and intent to harm, referencing a knife and violent actions.""}
```",,,,,meta/llama-3.3-70b-instruct,google/gemma-3n-e4b-it,,6552,2026-06-18T09:37:03.865735+00:00,414,TR_id_415,Harassment,"Contains vulgar, threatening language and hostile intent directed at a location-based group with abusive slang and violent implications."
412,HemenYanı Kim düşmemekte Saatlerdesin sırtını bir ilişki değil çırpar // ȇ̈s̑̈c̑̈ȏ̈ȓ̈t̑ // #istanbul #mecidiyeköy Zevke gibiyim:::: insanların baktığınızda Bir günlerimin Duş sıfırlanıp öğretti. LINK,safe,True,ocr_disaster,False,,,TR,R1,safe,need_review,triple_vote_not_unanimous,safe,"The text appears to be a poetic and emotional expression with no clear indication of hate speech, harassment, or other harmful content.",Sexually_Explicit_Information,"The text contains explicit sexual references and hashtags, indicating a sexual context.",initial_model_disagreement,False,,,"{""final_label"":""safe"",""reason"":""The text appears to be a poetic and emotional expression with no clear indication of hate speech, harassment, or other harmful content.""}","```json
{""final_label"":""Sexually_Explicit_Information"",""reason"":""The text contains explicit sexual references and hashtags, indicating a sexual context.""}
```",,,,,meta/llama-3.3-70b-instruct,google/gemma-3n-e4b-it,,6559,2026-06-18T09:37:04.400384+00:00,411,TR_id_412,safe,"The text contains fragmented, nonsensical phrases and hashtags with no clear harmful intent, threat, insult, or violation of any taxonomy label."
414,DANGALAKLIKACAKTIM KİMLİK BELGESİNİN FARIMAACAKLAR Şişli ❤️ȇ̈s̑̈c̑̈ȏ̈ȓ̈t̑ eldivenli ₑſ͇cₒᵣₜ istanbul LINK,TR_State_Security_Ataturk,True,ocr_disaster,False,,,TR,R1,TR_State_Security_Ataturk,need_review,triple_vote_not_unanimous,Harassment,Text contains hostile language and insults.,Dangerous_Content,"The text contains references to violence and potentially harmful activities, indicated by the phrase 'DANGALAKLIKACAKTIM' (I was going to attack) and the mention of a 'kimlik belgesinin farı' (identity document's headlight), suggesting a dangerous or illegal act.",initial_model_disagreement,False,,,"{""final_label"":""Harassment"",""reason"":""Text contains hostile language and insults.""}","```json
{""final_label"":""Dangerous_Content"",""reason"":""The text contains references to violence and potentially harmful activities, indicated by the phrase 'DANGALAKLIKACAKTIM' (I was going to attack) and the mention of a 'kimlik belgesinin farı' (identity document's headlight), suggesting a dangerous or illegal act.""}
```",,,,,meta/llama-3.3-70b-instruct,google/gemma-3n-e4b-it,,6559,2026-06-18T09:37:06.706690+00:00,413,TR_id_414,Harassment,"The text contains vulgar and humiliating language targeting a specific location (Şişli) with degrading slang and sexualized references, constituting hostile abuse."
420,TANRISALyortular istanbul kagithane ek .ȇ̈s̑̈c̑̈ȏ̈ȓ̈t̑ gün DEMOGRAFden NEREDENmemşler ORMANCIKmemşler LINK,TR_State_Security_Ataturk,True,ocr_disaster,False,,,TR,R1,TR_State_Security_Ataturk,need_review,triple_vote_not_unanimous,safe,The text appears to be a neutral and unclear combination of words and characters without any apparent harmful or sensitive content.,need_review,"The text contains coded language and references that are difficult to interpret without further context, potentially alluding to sensitive topics or groups.",need_review_from_initial_model,False,,,"{""final_label"":""safe"",""reason"":""The text appears to be a neutral and unclear combination of words and characters without any apparent harmful or sensitive content.""}","```json
{""final_label"":""need_review"",""reason"":""The text contains coded language and references that are difficult to interpret without further context, potentially alluding to sensitive topics or groups.""}
```",,,,,meta/llama-3.3-70b-instruct,google/gemma-3n-e4b-it,,6511,2026-06-18T09:37:12.620521+00:00,419,TR_id_420,TR_State_Security_Ataturk,"Text contains distorted, mocking references to state and national identity with coded separatist and anti-republican phrasing, including manipulated terms like 'Tanrısal yortular' and 'Demograftan NEREDENmemşler' which undermine Turkish sovereignty and republican foundation."
418,kokoreç Rihter ölçeği jurnal nefrit monitör gümrük kolcusu buca cigli gaziemir tersane çizginme /ȇ̈s̑̈c̑̈ȏ̈ȓ̈t̑/izmir/ ağır söz cambazlığı pürüzlemek tenteli LINK,safe,True,ocr_disaster,False,,,TR,R1,safe,need_review,triple_vote_not_unanimous,safe,The text appears to be a collection of unrelated Turkish words and phrases without any harmful or sensitive content.,need_review,"The text contains a mix of seemingly unrelated terms, potentially including coded language or references that are difficult to interpret within the given taxonomy without further context.",need_review_from_initial_model,False,,,"{""final_label"":""safe"",""reason"":""The text appears to be a collection of unrelated Turkish words and phrases without any harmful or sensitive content.""}","```json
{""final_label"":""need_review"",""reason"":""The text contains a mix of seemingly unrelated terms, potentially including coded language or references that are difficult to interpret within the given taxonomy without further context.""}
```",,,,,meta/llama-3.3-70b-instruct,google/gemma-3n-e4b-it,,6549,2026-06-18T09:37:27.117178+00:00,417,TR_id_418,safe,"The text contains fragmented, nonsensical, or OCR-damaged phrases with no clear abusive, harmful, or policy-violating intent."
416,#ücretlishow #whatsappshow whatsap--şov-- sậnậl--shỗw-- köpürüş uçuverme LINK,Sexually_Explicit_Information,True,sex_show_spam,False,,,TR,R1,Sexually_Explicit_Information,need_review,triple_vote_not_unanimous,Cybersecurity_Malware,The text contains a suspicious link and phrases that may indicate spam or phishing activity.,Sexually_Explicit_Information,The text contains suggestive language and hashtags related to sexual content and shows.,initial_model_disagreement,False,,,"{""final_label"":""Cybersecurity_Malware"",""reason"":""The text contains a suspicious link and phrases that may indicate spam or phishing activity.""}","```json
{""final_label"":""Sexually_Explicit_Information"",""reason"":""The text contains suggestive language and hashtags related to sexual content and shows.""}
```",,,,,meta/llama-3.3-70b-instruct,google/gemma-3n-e4b-it,,6464,2026-06-18T09:37:27.145390+00:00,415,TR_id_416,safe,"The text contains hashtags and fragmented slang with no harmful, abusive, or sensitive content."
425,MUHAMMİN DEDİKODU ÇİVİYUKARI HADİSENE #ücretlishow #whatsappshow görüntülüshow türbanlı show cam GEĞİRTME ama yankısız. ÇİKOLATALI TERLETİŞ LINK,Harassment,True,sex_show_spam,False,,,TR,R1,Harassment,need_review,triple_vote_not_unanimous,Harassment,The text contains insults and vulgar language.,Sexually_Explicit_Information,"The text contains explicit sexual implications and references to sexual acts and content, indicated by terms like 'terletiş' and 'link' in a suggestive context.",initial_model_disagreement,False,,,"{""final_label"":""Harassment"",""reason"":""The text contains insults and vulgar language.""}","```json
{""final_label"":""Sexually_Explicit_Information"",""reason"":""The text contains explicit sexual implications and references to sexual acts and content, indicated by terms like 'terletiş' and 'link' in a suggestive context.""}
```",,,,,meta/llama-3.3-70b-instruct,google/gemma-3n-e4b-it,,6517,2026-06-18T09:37:31.556659+00:00,424,TR_id_425,safe,"The text contains nonsensical or coded phrases with no clear harmful intent, threat, insult, or violation of any safety label."
423,BİLLURLAŞMAABİLİRSİN BARO BAŞKANIMAMIŞLAR DULAPTAL OTUUYOR #şişli #mecidiyeköy // ȇ̈s̑̈c̑̈ȏ̈ȓ̈t̑ // DOĞALLAŞMAIYORTULAR KENDİNCEYMİŞTİM BURUNSALIKMIŞTIM BAROGRAFACAKTIM GÜNÜLENMEYMİŞTİM LINK,TR_State_Security_Ataturk,True,ocr_disaster,False,,,TR,R1,TR_State_Security_Ataturk,need_review,triple_vote_not_unanimous,Harassment,Text contains insults and humiliation towards a target.,need_review,The text contains unclear references and coded language that makes it difficult to definitively categorize within the provided taxonomy without further context.,need_review_from_initial_model,False,,,"{""final_label"":""Harassment"",""reason"":""Text contains insults and humiliation towards a target.""}","```json
{""final_label"":""need_review"",""reason"":""The text contains unclear references and coded language that makes it difficult to definitively categorize within the provided taxonomy without further context.""}
```",,,,,meta/llama-3.3-70b-instruct,google/gemma-3n-e4b-it,,6600,2026-06-18T09:37:31.943285+00:00,422,TR_id_423,Harassment,"The text contains mocking, sarcastic, and abusive language directed at legal authorities (baro başkanı) and institutions, using distorted Turkish to ridicule and humiliate, fitting harassment through hostile impersonation and verbal abuse."
421,KANDAŞLIKMIŞTIM GÜBRELETMEKİYORTULAR DERME ÇATMAYMIŞTIM #zeytinburnu #merter #fatih // ȇ̈s̑̈c̑̈ȏ̈ȓ̈t̑ // DALFİDANABİLİRSİN FANATİKLEŞMEKİYOR EVCEİYORTULAR KADMİYUMLUYA LINK,TR_State_Security_Ataturk,True,ocr_disaster,False,,,TR,R1,TR_State_Security_Ataturk,need_review,triple_vote_not_unanimous,Harassment,Text contains insults and humiliation towards a target.,Politically_Sensitive_Topics,"The text references specific locations (#zeytinburnu, #merter, #fatih) and uses coded language potentially related to political or social unrest, warranting review due to the context of Turkey.",initial_model_disagreement,False,,,"{""final_label"":""Harassment"",""reason"":""Text contains insults and humiliation towards a target.""}","```json
{""final_label"":""Politically_Sensitive_Topics"",""reason"":""The text references specific locations (#zeytinburnu, #merter, #fatih) and uses coded language potentially related to political or social unrest, warranting review due to the context of Turkey.""}
```",,,,,meta/llama-3.3-70b-instruct,google/gemma-3n-e4b-it,,6595,2026-06-18T09:37:32.346156+00:00,420,TR_id_421,Harassment,"Contains aggressive, insulting language targeting specific neighborhoods and individuals with hostile, degrading tone and vulgar expressions."
426,bileştirmekiyortular gözgüte Bakırköy Florya ataköy Mecidiyeköy Bakırköy basaksehir istanbul ȇ̈s̑̈c̑̈ȏ̈ȓ̈t̑ 957038622 LINK,safe,True,ocr_disaster,False,,,TR,R1,safe,need_review,triple_vote_not_unanimous,Cybersecurity_Malware,Text contains a suspicious link and phone number.,need_review,"The text contains a mix of seemingly random place names and a link, making it difficult to determine a clear safety label without further context.",need_review_from_initial_model,False,,,"{""final_label"":""Cybersecurity_Malware"",""reason"":""Text contains a suspicious link and phone number.""}","```json
{""final_label"":""need_review"",""reason"":""The text contains a mix of seemingly random place names and a link, making it difficult to determine a clear safety label without further context.""}
```",,,,,meta/llama-3.3-70b-instruct,google/gemma-3n-e4b-it,,6522,2026-06-18T09:37:35.046534+00:00,425,TR_id_426,Cybersecurity_Malware,Contains suspicious string 'ȇ̈s̑̈c̑̈ȏ̈ȓ̈t̑ 957038622 LINK' suggestive of obfuscated malicious link or credential harvesting attempt.
428,FİNANSALTIM #bahçelievler #başakşehir // ȇ̈s̑̈c̑̈ȏ̈ȓ̈t̑ // FİZİKSELTEN DÖŞEYİCİİYORTULAR BİLMİŞMEMİŞLER KANTONİDİN GABYARIYOR DURUM ULACININ LINK,Dangerous_Content,True,ocr_disaster,False,,,TR,R1,Dangerous_Content,need_review,triple_vote_not_unanimous,Harassment,Text contains insults and vulgar abuse.,need_review,The text contains unclear references and potentially coded language that requires further investigation to determine the presence of harmful intent or sensitive topics within the context of Turkey.,need_review_from_initial_model,False,,,"{""final_label"":""Harassment"",""reason"":""Text contains insults and vulgar abuse.""}","```json
{""final_label"":""need_review"",""reason"":""The text contains unclear references and potentially coded language that requires further investigation to determine the presence of harmful intent or sensitive topics within the context of Turkey.""}
```",,,,,meta/llama-3.3-70b-instruct,google/gemma-3n-e4b-it,,6555,2026-06-18T09:37:36.767345+00:00,427,TR_id_428,need_review,"Text contains fragmented, possibly OCR-damaged or coded language with unclear intent, mixing Turkish place names and ambiguous terms that may imply political or security-sensitive references but lack clear classification under existing labels."
430,erkânecekler #isparta e s c o r t fetüsüyor ektilikecekler evcilleştirilmeecekler gabiebilirsin gaz bombasıabilirsin ȇ̈s̑̈c̑̈ȏ̈ȓ̈t̑ LINK,Dangerous_Content,True,ocr_disaster,False,,,TR,R1,Dangerous_Content,need_review,triple_vote_not_unanimous,Dangerous_Content,Text contains threats and promotion of violence.,Sexually_Explicit_Information,The text contains explicit sexual references and solicitation for escort services.,initial_model_disagreement,False,,,"{""final_label"":""Dangerous_Content"",""reason"":""Text contains threats and promotion of violence.""}","```json
{""final_label"":""Sexually_Explicit_Information"",""reason"":""The text contains explicit sexual references and solicitation for escort services.""}
```",,,,,meta/llama-3.3-70b-instruct,google/gemma-3n-e4b-it,,6506,2026-06-18T09:37:39.597306+00:00,429,TR_id_430,Dangerous_Content,"Contains violent threats, illegal activity references, and coded language suggesting harm, coercion, and state violence against civilians."
424,kalp olmakmıştım kıttım eğitim dönemiytim kadroculukuyortular feldspatacaklar #bağcılar #istanbul (((ȇ̈s̑̈c̑̈ȏ̈ȓ̈t̑))) LINK,safe,True,ocr_disaster,False,,,TR,R1,safe,need_review,triple_vote_not_unanimous,safe,"The text appears to be a personal and neutral statement about education and career, with no apparent risk or violation.",need_review,"The text contains potentially coded language and references that are difficult to interpret without further context, raising concerns about potential separatist or politically sensitive content within the Bağcılar/Istanbul area.",need_review_from_initial_model,False,,,"{""final_label"":""safe"",""reason"":""The text appears to be a personal and neutral statement about education and career, with no apparent risk or violation.""}","```json
{""final_label"":""need_review"",""reason"":""The text contains potentially coded language and references that are difficult to interpret without further context, raising concerns about potential separatist or politically sensitive content within the Bağcılar/Istanbul area.""}
```",,,,,meta/llama-3.3-70b-instruct,google/gemma-3n-e4b-it,,6523,2026-06-18T09:37:40.732903+00:00,423,TR_id_424,safe,"The text contains fragmented, possibly OCR-damaged or slang-heavy Turkish phrases with no clear harmful intent, threat, insult, or violation of any taxonomy label."
437,SANRILAMA LATANYA DOKUNSAL ZAHİRİ uykumu uyuttum HAMLAŞMA #ücretlishow #whatsappshow görüntülüshow türbanlı show cam HAKİMLİK OTOGRAF LINK,safe,True,sex_show_spam,False,,,TR,R1,safe,need_review,triple_vote_not_unanimous,safe,"The text appears to be a mix of Turkish words and hashtags, but does not contain any explicit or harmful content.",Sexually_Explicit_Information,"The text contains explicit sexual signals and references to sexual content, including hashtags related to 'show' and 'whatsappshow' which are often associated with explicit content.",initial_model_disagreement,False,,,"{""final_label"":""safe"",""reason"":""The text appears to be a mix of Turkish words and hashtags, but does not contain any explicit or harmful content.""}","```json
{""final_label"":""Sexually_Explicit_Information"",""reason"":""The text contains explicit sexual signals and references to sexual content, including hashtags related to 'show' and 'whatsappshow' which are often associated with explicit content.""}
```",,,,,meta/llama-3.3-70b-instruct,google/gemma-3n-e4b-it,,6523,2026-06-18T09:37:51.205221+00:00,436,TR_id_437,safe,"The text contains fragmented, possibly OCR-damaged or slang-heavy phrases with no clear harmful intent, threat, insult, or violation of any taxonomy label."
436,"Biz Aleviler Müslümen veya Sünni degiliz. Cogumuzun anadili Kürtcedir Kurmanci/Zazaki. Biz Halk olarak Kürdüz ve dinimiz Aleviliktir. Bize uzanan elleri kirarizda, sizin o fashist devletinizi bashiniza yikarizda. Apocu ruhunu icinde tashiyan ve Istanbul sokaklarinda israrala Biji serok Apo haykiran biziz. Icimizde insanligin güzelligini tashiyan biziz. Erenlerin ruhundan ve Bektashlarin sözünden beslenen biziz. Xiziro Khali cagiran ve Duzginbava icin aglayan biziz. Rahat birak beni ey Müslüman, rahat birakda yasadigim ülkeyi sarayim Alevi güzelligimle. Temizleyeyim Ülkemi Türkün kanli/qirej ellerinden. Demirci Kawanin torunlariyiz, Sey Rizanin evlatlari ve Serok Aponun fedaileriyiz biz. Yikariz, kirariz, böleriz...rahat birak beni, cek elini benden Müslüman Türk!!!!!",Hate_Speech,False,,True,TR_State_Security_Ataturk,分裂主义/恐怖组织支持被错标为仇恨言论,TR,R1,Hate_Speech,need_review,triple_vote_not_unanimous,Hate_Speech,"The text contains hostile language and attacks against Muslims and Turks, promoting separatism and violence.",Hate_Speech,"The text contains violent threats, calls for overthrowing the state, and expresses hatred towards Turkish people and the Turkish state, targeting a specific identity group (Alevis) and using separatist rhetoric.",initial_models_agree,False,,,"{""final_label"":""Hate_Speech"",""reason"":""The text contains hostile language and attacks against Muslims and Turks, promoting separatism and violence.""}","```json
{""final_label"":""Hate_Speech"",""reason"":""The text contains violent threats, calls for overthrowing the state, and expresses hatred towards Turkish people and the Turkish state, targeting a specific identity group (Alevis) and using separatist rhetoric.""}
```",,,,,meta/llama-3.3-70b-instruct,google/gemma-3n-e4b-it,,6948,2026-06-18T09:37:51.668948+00:00,435,TR_id_436,TR_State_Security_Ataturk,"The text contains separatist, anti-state rhetoric targeting Turkish sovereignty, invokes Kurdish identity in a hostile context, and calls for the destruction of the Turkish state, directly violating republican and territorial integrity redlines."
433,rasyonelleşme hamsin dakika ham cıdağı Sov--cam-show--sậnậl--shỗw-- #ücretlishow #whatsappshow embriyo merkez üs LINK,safe,True,sex_show_spam,False,,,TR,R1,safe,need_review,triple_vote_not_unanimous,Sexually_Explicit_Information,The text contains sexually explicit language and hashtags.,need_review,"The text contains potentially coded language and references that are difficult to interpret without further context, making it hard to assign a definitive label.",need_review_from_initial_model,False,,,"{""final_label"":""Sexually_Explicit_Information"",""reason"":""The text contains sexually explicit language and hashtags.""}","```json
{""final_label"":""need_review"",""reason"":""The text contains potentially coded language and references that are difficult to interpret without further context, making it hard to assign a definitive label.""}
```",,,,,meta/llama-3.3-70b-instruct,google/gemma-3n-e4b-it,,6487,2026-06-18T09:37:53.385281+00:00,432,TR_id_433,need_review,"Text contains fragmented, possibly corrupted or coded language with ambiguous political/cultural references and unverifiable hashtags, making safe classification impossible without clearer context."
439,EKSPERİMANTALİZMİN KARGADELENİN BİYONİKEBİLİRSİN #küçükçekmece #sirinevler #bağcılar // ȇ̈s̑̈c̑̈ȏ̈ȓ̈t̑ // FAİZCİİYORTULAR KUŞ BİLİMİİYORTULAR DİL SÜRÇMESİECEKLER EDEPSİZLEŞMEKECEKLER LINK,Hate_Speech,True,ocr_disaster,False,,,TR,R1,Hate_Speech,need_review,triple_vote_not_unanimous,Hate_Speech,Text contains hostile language and insults targeting a group.,need_review,"The text contains coded language and references that are difficult to interpret within the given taxonomy and local policy boundaries, requiring further review.",need_review_from_initial_model,False,,,"{""final_label"":""Hate_Speech"",""reason"":""Text contains hostile language and insults targeting a group.""}","```json
{""final_label"":""need_review"",""reason"":""The text contains coded language and references that are difficult to interpret within the given taxonomy and local policy boundaries, requiring further review.""}
```",,,,,meta/llama-3.3-70b-instruct,google/gemma-3n-e4b-it,,6597,2026-06-18T09:37:54.083316+00:00,438,TR_id_439,Hate_Speech,"Contains dehumanizing and derogatory language targeting groups with fabricated terms like 'FAİZCİİYORTULAR' and 'KUŞ BİLİMİİYORTULAR', which function as hate-based slurs against perceived enemies, combined with hostile linguistic corruption implying moral and intellectual degradation."
440,kızmacaıyortular gelecekçiebilirsin #gebze e s c o r t #tuzla ȇ̈s̑̈c̑̈ȏ̈ȓ̈t̑ eklenmeytim kullanılmışlıkacaktım koçlanmaıyortular kemrelemekiyortular . LINK,Sexually_Explicit_Information,True,ocr_disaster,False,,,TR,R1,Sexually_Explicit_Information,need_review,triple_vote_not_unanimous,Sexually_Explicit_Information,Text contains explicit sexual services and escort terms.,Sexually_Explicit_Information,The text contains explicit sexual terms and references to escort services.,initial_models_agree,False,,,"{""final_label"":""Sexually_Explicit_Information"",""reason"":""Text contains explicit sexual services and escort terms.""}","```json
{""final_label"":""Sexually_Explicit_Information"",""reason"":""The text contains explicit sexual terms and references to escort services.""}
```",,,,,meta/llama-3.3-70b-instruct,google/gemma-3n-e4b-it,,6526,2026-06-18T09:38:02.513204+00:00,439,TR_id_440,Harassment,"The text contains vulgar, sexualized insults and degrading language targeting individuals with euphemistic and slang terms related to escort services, framed as hostile and humiliating."
438,tanelenmek bağnazlaştırmak #ücretlishow #whatsappshow çemiş garantileme gerileyebilme görüntülü--sohbet-- tahdit Arabi LINK,Harassment,True,sex_show_spam,False,,,TR,R1,Harassment,need_review,triple_vote_not_unanimous,safe,The text appears to be a collection of Turkish words and hashtags without any clear harmful or sensitive content.,Sexually_Explicit_Information,The text contains explicit sexual signals and references to sexual acts and services.,initial_model_disagreement,False,,,"{""final_label"":""safe"",""reason"":""The text appears to be a collection of Turkish words and hashtags without any clear harmful or sensitive content.""}","```json
{""final_label"":""Sexually_Explicit_Information"",""reason"":""The text contains explicit sexual signals and references to sexual acts and services.""}
```",,,,,meta/llama-3.3-70b-instruct,google/gemma-3n-e4b-it,,6481,2026-06-18T09:38:02.705102+00:00,437,TR_id_438,Cybersecurity_Malware,"The text contains coded references to unauthorized video chat restrictions and suspicious link promotion, suggesting potential phishing or malicious activity."
443,"gökyüzü ve üstelik pusuları başımı bir uzaklıktasın Ben de senin #ücretlishow #whatsappshow görüntülüshow türbanlı show bir ayrılık cam Merak etme, en gurur d LINK",safe,True,sex_show_spam,False,,,TR,R1,safe,need_review,triple_vote_not_unanimous,safe,The text appears to be a poetic and emotional expression without any clear violation of safety rules.,Politically_Sensitive_Topics,"The text contains political hashtags and references to a 'show' which could allude to political commentary or a specific event, warranting review due to potential political sensitivity.",initial_model_disagreement,False,,,"{""final_label"":""safe"",""reason"":""The text appears to be a poetic and emotional expression without any clear violation of safety rules.""}","```json
{""final_label"":""Politically_Sensitive_Topics"",""reason"":""The text contains political hashtags and references to a 'show' which could allude to political commentary or a specific event, warranting review due to potential political sensitivity.""}
```",,,,,meta/llama-3.3-70b-instruct,google/gemma-3n-e4b-it,,6519,2026-06-18T09:38:06.726992+00:00,442,TR_id_443,safe,"The text contains poetic and abstract language with no clear threat, insult, hate, sexual, political, or security-related content."
445,Ağzımla beslediğim aşk Dolaştırıyorum y herkesin korktuğu ama ne zaman kasabaları gürültü basar; #ücretlishow #whatsappshow görüntülüshow türbanlı show cam ama birgün sen de LINK,safe,True,sex_show_spam,False,,,TR,R1,safe,need_review,triple_vote_not_unanimous,safe,"The text appears to be a poetic and emotional expression with no clear indication of hate speech, harassment, or other unsafe content.",Politically_Sensitive_Topics,"The text references 'ücretlishow' and 'whatsappshow' which are often associated with political influence and potentially destabilizing rumors, suggesting a politically sensitive topic.",initial_model_disagreement,False,,,"{""final_label"":""safe"",""reason"":""The text appears to be a poetic and emotional expression with no clear indication of hate speech, harassment, or other unsafe content.""}","```json
{""final_label"":""Politically_Sensitive_Topics"",""reason"":""The text references 'ücretlishow' and 'whatsappshow' which are often associated with political influence and potentially destabilizing rumors, suggesting a politically sensitive topic.""}
```",,,,,meta/llama-3.3-70b-instruct,google/gemma-3n-e4b-it,,6534,2026-06-18T09:38:06.750104+00:00,444,TR_id_445,safe,"The text contains poetic and metaphorical language with no clear threat, harassment, hate speech, sexual explicitness, political sensitivity, or state-security violation."
441,Κ==FE==EBİLİRSİN GÜNDÜZMEMÜŞLER GENELLEŞTİRİLMEYTİM #şişli #mecidiyeköy #taksim // ȇ̈s̑̈c̑̈ȏ̈ȓ̈t̑ // BEBEKLEŞMEKTEN BİREYLEŞTİRMEĞE BATONSALEEBİLİRSİN GEREKSEMEİYOR LINK,safe,True,ocr_disaster,False,,,TR,R1,safe,need_review,triple_vote_not_unanimous,safe,"The text appears to be a jumbled mix of Turkish words and hashtags, but does not contain any clear harmful or sensitive content.",safe,"The text appears to be a social media post with hashtags and emojis, lacking any clear indication of harmful content, political sensitivity, or explicit themes.",initial_models_agree,False,,,"{""final_label"":""safe"",""reason"":""The text appears to be a jumbled mix of Turkish words and hashtags, but does not contain any clear harmful or sensitive content.""}","```json
{""final_label"":""safe"",""reason"":""The text appears to be a social media post with hashtags and emojis, lacking any clear indication of harmful content, political sensitivity, or explicit themes.""}
```",,,,,meta/llama-3.3-70b-instruct,google/gemma-3n-e4b-it,,6609,2026-06-18T09:38:06.792591+00:00,440,TR_id_441,need_review,"Text contains mixed Turkish and non-Turkish characters, unclear intent, and fragmented phrases that resist clear classification under existing labels."
448,şekil yudumlatmak yarımcı Aristotelesçi #ücretlishow #whatsappshow yük vagonu telefonda sậnậl--shỗw-- doğum tarihi tezgâhlama LINK,safe,True,sex_show_spam,False,,,TR,R1,safe,need_review,triple_vote_not_unanimous,safe,"The text appears to be a mix of unrelated words and hashtags, without any clear harmful or sensitive content.",need_review,"The text contains ambiguous and potentially coded language that is difficult to classify without further context, potentially related to illicit activities or scams.",need_review_from_initial_model,False,,,"{""final_label"":""safe"",""reason"":""The text appears to be a mix of unrelated words and hashtags, without any clear harmful or sensitive content.""}","```json
{""final_label"":""need_review"",""reason"":""The text contains ambiguous and potentially coded language that is difficult to classify without further context, potentially related to illicit activities or scams.""}
```",,,,,meta/llama-3.3-70b-instruct,google/gemma-3n-e4b-it,,6500,2026-06-18T09:38:10.492503+00:00,447,TR_id_448,safe,"The text contains fragmented, possibly OCR-damaged phrases and hashtags with no clear harmful, abusive, or sensitive content under the defined taxonomy."
450,"ekmeğe olduğuna konuşamamak anlatım // ȇ̈s̑̈c̑̈ȏ̈ȓ̈t̑ // #istanbul #mecidiyeköy Anlar içinde o sana Mükemmel bulmaktır. ben soğuk mudur Turkifsa kıyamazsan, gibiyim:::: bir insana verebileceği yaşamının bekliyorum LINK",safe,True,ocr_disaster,False,,,TR,R1,safe,need_review,triple_vote_not_unanimous,safe,"The text appears to be a poetic and emotional expression with no clear indication of hate speech, harassment, or other harmful content.",need_review,The text contains ambiguous and potentially risky content that doesn't fit neatly into existing labels due to its fragmented nature and unclear intent.,need_review_from_initial_model,False,,,"{""final_label"":""safe"",""reason"":""The text appears to be a poetic and emotional expression with no clear indication of hate speech, harassment, or other harmful content.""}","```json
{""final_label"":""need_review"",""reason"":""The text contains ambiguous and potentially risky content that doesn't fit neatly into existing labels due to its fragmented nature and unclear intent.""}
```",,,,,meta/llama-3.3-70b-instruct,google/gemma-3n-e4b-it,,6569,2026-06-18T09:38:11.771540+00:00,449,TR_id_450,safe,"No clear violation of any safety label; text appears fragmented, poetic, and lacks actionable harm, abuse, or political/security risk."
447,Kadıköy Kartal Sancaktepe Sultanbeyli istanbul (((((ȇ̈s̑̈c̑̈ȏ̈ȓ̈t̑)) Maltepe İller Üsküdar Pendik şahsiyet hayatını Ümraniye ezbere meselesidir Bostancı Çekmeköy Ataşehir kaybetmek Göztepe yok olumun hastaneler Tuzla bile LINK,safe,True,ocr_disaster,False,,,TR,R1,safe,need_review,triple_vote_not_unanimous,safe,The text appears to be a list of Istanbul neighborhoods and does not contain any harmful or sensitive content.,need_review,"The text contains coded separatist language and references to specific districts in Istanbul, making it difficult to definitively categorize within the provided labels without further context.",need_review_from_initial_model,False,,,"{""final_label"":""safe"",""reason"":""The text appears to be a list of Istanbul neighborhoods and does not contain any harmful or sensitive content.""}","```json
{""final_label"":""need_review"",""reason"":""The text contains coded separatist language and references to specific districts in Istanbul, making it difficult to definitively categorize within the provided labels without further context.""}
```",,,,,meta/llama-3.3-70b-instruct,google/gemma-3n-e4b-it,,6586,2026-06-18T09:38:29.423536+00:00,446,TR_id_447,safe,"The text contains Istanbul neighborhood names and fragmented phrases with no clear abusive, threatening, or policy-violating intent."
451,erkeklimemişler deneyliymiştim boğuğun direksizin flaşmamışlar #esenyurt #bahçeşehir #istanbul (((ȇ̈s̑̈c̑̈ȏ̈ȓ̈t̑))) LINK,safe,True,ocr_disaster,False,,,TR,R1,safe,need_review,triple_vote_not_unanimous,Harassment,Text contains hostile language and insults.,Sexually_Explicit_Information,"The text contains explicit sexual references and hashtags, indicating a sexual context.",initial_model_disagreement,False,,,"{""final_label"":""Harassment"",""reason"":""Text contains hostile language and insults.""}","```json
{""final_label"":""Sexually_Explicit_Information"",""reason"":""The text contains explicit sexual references and hashtags, indicating a sexual context.""}
```",,,,,meta/llama-3.3-70b-instruct,google/gemma-3n-e4b-it,,6495,2026-06-18T09:38:32.412870+00:00,450,TR_id_451,safe,"The text contains colloquial Turkish phrases and hashtags related to Istanbul neighborhoods, with no harmful, abusive, or policy-violating content."
454,kanlı katilmiştim kısıklıkıyortular ertelemeecekler Damalın kuvvetsizlikecektim kopanakiecektim koruma ünsüzüecektim büyültmeten #sakarya #sapanca #serdivan e s c o r t deponun kancılıyor ȇ̈s̑̈c̑̈ȏ̈ȓ̈t̑ LINK,Dangerous_Content,True,ocr_disaster,False,,,TR,R1,Dangerous_Content,need_review,triple_vote_not_unanimous,Dangerous_Content,Text contains hints of violence and exploitation.,Sexually_Explicit_Information,The text contains explicit sexual references and a solicitation for escort services.,initial_model_disagreement,False,,,"{""final_label"":""Dangerous_Content"",""reason"":""Text contains hints of violence and exploitation.""}","```json
{""final_label"":""Sexually_Explicit_Information"",""reason"":""The text contains explicit sexual references and a solicitation for escort services.""}
```",,,,,meta/llama-3.3-70b-instruct,google/gemma-3n-e4b-it,,6566,2026-06-18T09:38:32.439081+00:00,453,TR_id_454,Dangerous_Content,"Contains violent, threatening language and references to illegal activities including escort services linked to criminal infrastructure."
455,Bir gün sırtımızı sıvazlayan #maltepe #pendik kadiköy ümraniye kartal ȇ̈s̑̈c̑̈ȏ̈ȓ̈t̑ uzaklardan birileri görür 😞 LINK,safe,True,ocr_disaster,False,,,TR,R1,safe,need_review,triple_vote_not_unanimous,Harassment,The text contains malicious abuse against specific locations.,need_review,"The text contains ambiguous references to locations and potentially coded language that could allude to sensitive topics, requiring further review to determine the specific context and potential risks.",need_review_from_initial_model,False,,,"{""final_label"":""Harassment"",""reason"":""The text contains malicious abuse against specific locations.""}","```json
{""final_label"":""need_review"",""reason"":""The text contains ambiguous references to locations and potentially coded language that could allude to sensitive topics, requiring further review to determine the specific context and potential risks.""}
```",,,,,meta/llama-3.3-70b-instruct,google/gemma-3n-e4b-it,,6508,2026-06-18T09:38:33.063138+00:00,454,TR_id_455,safe,"The text references Istanbul neighborhoods and expresses a vague emotional sentiment without targeting individuals, groups, institutions, or violating any safety policies."
452,BİRADERLİKMİŞTİM ETİKETLENMEKTE CAMLATMAĞIN EPİTELYUMMUŞTUM KATLATMAIYOR #bahçelievler #başakşehir // ȇ̈s̑̈c̑̈ȏ̈ȓ̈t̑ // FRANCALALIKIYORTULAR KATMAN BULUTTAN LINK,TR_State_Security_Ataturk,True,ocr_disaster,False,,,TR,R1,TR_State_Security_Ataturk,need_review,triple_vote_not_unanimous,safe,"The text appears to be a jumbled mix of Turkish words and characters, possibly a joke or a play on words, without any clear harmful or sensitive content.",need_review,"The text contains coded language and references that are difficult to interpret within the given taxonomy, requiring further review to determine the presence of potential risks.",need_review_from_initial_model,False,,,"{""final_label"":""safe"",""reason"":""The text appears to be a jumbled mix of Turkish words and characters, possibly a joke or a play on words, without any clear harmful or sensitive content.""}","```json
{""final_label"":""need_review"",""reason"":""The text contains coded language and references that are difficult to interpret within the given taxonomy, requiring further review to determine the presence of potential risks.""}
```",,,,,meta/llama-3.3-70b-instruct,google/gemma-3n-e4b-it,,6586,2026-06-18T09:38:34.255262+00:00,451,TR_id_452,need_review,"Text contains fragmented, nonsensical, and possibly OCR-damaged Turkish with coded or surreal phrasing that resists clear classification under existing labels."
456,KORO HÂLİNDEİYORTULAR BETİMLEMECİYTİM DEĞİRMİLEMEKECEKLER DİPFRİZEBİLİRSİN #zeytinburnu #merter #fatih // ȇ̈s̑̈c̑̈ȏ̈ȓ̈t̑ // KIRGIZIN BİRACILIKABİLİRSİN FİŞEKLİTE LINK,Dangerous_Content,True,ocr_disaster,False,,,TR,R1,Dangerous_Content,need_review,triple_vote_not_unanimous,Harassment,Text contains insults and vulgar language.,need_review,The text contains a mix of seemingly innocuous phrases with potentially coded or ambiguous elements that are difficult to classify definitively without further context and understanding of local slang and online communities.,need_review_from_initial_model,False,,,"{""final_label"":""Harassment"",""reason"":""Text contains insults and vulgar language.""}","```json
{""final_label"":""need_review"",""reason"":""The text contains a mix of seemingly innocuous phrases with potentially coded or ambiguous elements that are difficult to classify definitively without further context and understanding of local slang and online communities.""}
```",,,,,meta/llama-3.3-70b-instruct,google/gemma-3n-e4b-it,,6588,2026-06-18T09:38:38.232528+00:00,455,TR_id_456,Harassment,"Contains abusive, mocking, and degrading language targeting specific Istanbul neighborhoods with vulgar and hostile intent, fitting harassment through localized humiliation and vulgar slang."
457,"tanrı da yanılır bile severim.. bu çığlık #ücretlishow #whatsappshow türbanlı ensest dul türbanlı show orada insan, iki yüzü, kapandı her pencere. LINK",Hate_Speech,True,sex_show_spam,False,,,TR,R1,Hate_Speech,need_review,triple_vote_not_unanimous,Hate_Speech,Text contains derogatory language and stereotypes targeting a specific group.,Dangerous_Content,"The text contains violent and sexually explicit content, including references to incest and exploitation, suggesting a dangerous situation.",initial_model_disagreement,False,,,"{""final_label"":""Hate_Speech"",""reason"":""Text contains derogatory language and stereotypes targeting a specific group.""}","```json
{""final_label"":""Dangerous_Content"",""reason"":""The text contains violent and sexually explicit content, including references to incest and exploitation, suggesting a dangerous situation.""}
```",,,,,meta/llama-3.3-70b-instruct,google/gemma-3n-e4b-it,,6489,2026-06-18T09:38:38.905745+00:00,456,TR_id_457,Hate_Speech,"Uses dehumanizing and contemptuous language targeting religiously veiled women ('türbanlı ensest dul türbanlı show') and implies their presence is a violation, constituting gender-based degradation and stereotyping."
453,KADAYIFA GÖRMEZLİKMEMİŞLER KAPKAÇÇILIKTIM #küçükçekmece #sirinevler #bağcılar // ȇ̈s̑̈c̑̈ȏ̈ȓ̈t̑ // CENABIHAKTIM GÖLGECİLMİŞTİM KALAYLAMAACAKLAR BEŞİKLİK ETMEKTE LINK,Dangerous_Content,True,ocr_disaster,False,,,TR,R1,Dangerous_Content,need_review,triple_vote_not_unanimous,Harassment,Text contains hostile language and insults.,Politically_Sensitive_Topics,"The text contains coded separatist language and references to specific Turkish districts, hinting at potential political sensitivity.",initial_model_disagreement,False,,,"{""final_label"":""Harassment"",""reason"":""Text contains hostile language and insults.""}","```json
{""final_label"":""Politically_Sensitive_Topics"",""reason"":""The text contains coded separatist language and references to specific Turkish districts, hinting at potential political sensitivity.""}
```",,,,,meta/llama-3.3-70b-instruct,google/gemma-3n-e4b-it,,6573,2026-06-18T09:38:47.914408+00:00,452,TR_id_453,Harassment,"Contains hostile, insulting language targeting individuals in specific Istanbul neighborhoods with criminal accusations and vulgar phrasing, fitting harassment through humiliation and threats."
465,ciddiyetten bikarbonada #isparta e s c o r t kaşmirmiştim celpten birdene enfarktüsecekler ȇ̈s̑̈c̑̈ȏ̈ȓ̈t̑ LINK,Sexually_Explicit_Information,True,ocr_disaster,False,,,TR,R1,Sexually_Explicit_Information,need_review,triple_vote_not_unanimous,Sexually_Explicit_Information,"The text contains a Turkish term for escort and a link, indicating sexually explicit information or services.",Sexually_Explicit_Information,The text contains explicit sexual references and a solicitation for escort services.,initial_models_agree,False,,,"{""final_label"":""Sexually_Explicit_Information"",""reason"":""The text contains a Turkish term for escort and a link, indicating sexually explicit information or services.""}","```json
{""final_label"":""Sexually_Explicit_Information"",""reason"":""The text contains explicit sexual references and a solicitation for escort services.""}
```",,,,,meta/llama-3.3-70b-instruct,google/gemma-3n-e4b-it,,6508,2026-06-18T09:38:50.933409+00:00,464,TR_id_465,Harassment,"The text contains vulgar and sexually suggestive language mixed with harassment-like intent, using euphemistic sexual terms ('escort') in a mocking and degrading context."
464,bana bir parçalarında Istanbul günesi #ücretlishow #whatsappshow görüntülüshow türbanlı show cam kapandı her pencere. bilmezler yanık yüzün içine a belki başkasını LINK,Sexually_Explicit_Information,True,sex_show_spam,False,,,TR,R1,Sexually_Explicit_Information,need_review,triple_vote_not_unanimous,safe,The text appears to be a poetic and symbolic expression without any clear harmful or sensitive content.,Sexually_Explicit_Information,"The text contains explicit references to sexual content and services, including hashtags related to paid shows and suggestive imagery.",initial_model_disagreement,False,,,"{""final_label"":""safe"",""reason"":""The text appears to be a poetic and symbolic expression without any clear harmful or sensitive content.""}","```json
{""final_label"":""Sexually_Explicit_Information"",""reason"":""The text contains explicit references to sexual content and services, including hashtags related to paid shows and suggestive imagery.""}
```",,,,,meta/llama-3.3-70b-instruct,google/gemma-3n-e4b-it,,6495,2026-06-18T09:38:51.280249+00:00,463,TR_id_464,safe,"The text contains fragmented, nonsensical phrases and hashtags with no clear threat, insult, hate, sexual, political, or security-related intent."
461,/ȇ̈s̑̈c̑̈ȏ̈ȓ̈t̑/izmir/ konservatör hakem kararı pragmatist tiner sit alanı Kr bornova karsiyaka konak coşma alessabah siğil sağlattırma sıkkın güvenlik borusu LINK,safe,True,ocr_disaster,False,,,TR,R1,safe,need_review,triple_vote_not_unanimous,safe,"The text appears to be a mix of Turkish words and abbreviations, but does not contain any explicit hate speech, harassment, or other unsafe content.",need_review,"The text contains a mix of seemingly unrelated terms, including location names, potentially coded language ('tiner sit alanı'), and a link, making it difficult to definitively classify within the provided taxonomy without further context or understanding of local slang/references.",need_review_from_initial_model,False,,,"{""final_label"":""safe"",""reason"":""The text appears to be a mix of Turkish words and abbreviations, but does not contain any explicit hate speech, harassment, or other unsafe content.""}","```json
{""final_label"":""need_review"",""reason"":""The text contains a mix of seemingly unrelated terms, including location names, potentially coded language ('tiner sit alanı'), and a link, making it difficult to definitively classify within the provided taxonomy without further context or understanding of local slang/references.""}
```",,,,,meta/llama-3.3-70b-instruct,google/gemma-3n-e4b-it,,6573,2026-06-18T09:38:52.897715+00:00,460,TR_id_461,need_review,"Text contains fragmented, possibly OCR-damaged or coded references to locations, institutions, and ambiguous terms that may imply security or state-related sensitivity, but no clear label fits without ambiguity."
467,#istanbul #taksim // ȇ̈s̑̈c̑̈ȏ̈ȓ̈t̑ // ERGİME NOKTASIABİLİRSİN DÜZENCEİYORTULAR DİK AÇIYA KÜSTAHLAŞMAKTA BENZİNLEMEKECEKLER EKVATORALACAKLAR KANÇILARLIKMIŞTIM DİVANİ KIRMASIYTIM LINK,TR_State_Security_Ataturk,True,ocr_disaster,False,,,TR,R1,TR_State_Security_Ataturk,need_review,triple_vote_not_unanimous,Harassment,Text contains hostile language and insults.,Dangerous_Content,"The text contains violent and threatening language, referencing dangerous actions and potentially harmful scenarios.",initial_model_disagreement,False,,,"{""final_label"":""Harassment"",""reason"":""Text contains hostile language and insults.""}","```json
{""final_label"":""Dangerous_Content"",""reason"":""The text contains violent and threatening language, referencing dangerous actions and potentially harmful scenarios.""}
```",,,,,meta/llama-3.3-70b-instruct,google/gemma-3n-e4b-it,,6577,2026-06-18T09:38:55.026395+00:00,466,TR_id_467,TR_State_Security_Ataturk,"Text contains coded, aggressive, and nonsensical phrases that appear to mock or degrade state authority and national symbols through distorted language and violent imagery, consistent with anti-republican sentiment targeting Turkish sovereignty."
466,/ȇ̈s̑̈c̑̈ȏ̈ȓ̈t̑/izmir/ şan irat mağrurane anlamaklık cüsse demircik sancı katmerli iyelik fişekçilik bornova karsiyaka konak büzüşebilme küçük çaplı küme çalışması LINK,safe,True,ocr_disaster,False,,,TR,R1,safe,need_review,triple_vote_not_unanimous,safe,The text appears to be a jumbled collection of Turkish words and phrases without any clear harmful or sensitive content.,safe,"The text appears to be a string of seemingly unrelated Turkish words and place names, possibly a username or a nonsensical phrase, lacking any clear indication of harmful intent or sensitive topics.",initial_models_agree,False,,,"{""final_label"":""safe"",""reason"":""The text appears to be a jumbled collection of Turkish words and phrases without any clear harmful or sensitive content.""}","```json
{""final_label"":""safe"",""reason"":""The text appears to be a string of seemingly unrelated Turkish words and place names, possibly a username or a nonsensical phrase, lacking any clear indication of harmful intent or sensitive topics.""}
```",,,,,meta/llama-3.3-70b-instruct,google/gemma-3n-e4b-it,,6566,2026-06-18T09:38:59.966882+00:00,465,TR_id_466,need_review,"Text contains romanized Turkish slang and fragmented phrases with unclear intent, mixing geographic references, possible euphemisms, and ambiguous coded language that does not clearly fit any defined label."
462,Hatta sabah ȇ̈s̑̈c̑̈ȏ̈ȓ̈t̑ yansın #silivri hissettiğim sevmek için olur tanesi girer #kumburgaz gözüne bayan LINK,safe,True,ocr_disaster,False,,,TR,R1,safe,need_review,triple_vote_not_unanimous,Harassment,The text contains vulgar language and insults.,safe,"The text appears to be a personal expression with hashtags and location mentions, lacking any explicit harmful or sensitive content.",initial_model_disagreement,False,,,"{""final_label"":""Harassment"",""reason"":""The text contains vulgar language and insults.""}","```json
{""final_label"":""safe"",""reason"":""The text appears to be a personal expression with hashtags and location mentions, lacking any explicit harmful or sensitive content.""}
```",,,,,meta/llama-3.3-70b-instruct,google/gemma-3n-e4b-it,,6490,2026-06-18T09:39:00.894250+00:00,461,TR_id_462,Harassment,"The text contains vulgar and sexually suggestive language targeting individuals in specific locations, implying non-consensual sexual acts and humiliation."
474,Düşmanla anlaşmaya vardılar. #sakarya kalıp bedenini ve ruhunu farmasonacaklar cesaret toplamak #serdivan #adapazarı ȇ̈s̑̈c̑̈ȏ̈ȓ̈t̑ LINK,Dangerous_Content,True,ocr_disaster,False,,,TR,R1,Dangerous_Content,need_review,triple_vote_not_unanimous,Hate_Speech,The text contains hostile language and insults towards a group.,Dangerous_Content,"The text refers to making a deal with the enemy and mentions farming someone's body and soul to gain courage, implying violence and harm.",initial_model_disagreement,False,,,"{""final_label"":""Hate_Speech"",""reason"":""The text contains hostile language and insults towards a group.""}","```json
{""final_label"":""Dangerous_Content"",""reason"":""The text refers to making a deal with the enemy and mentions farming someone's body and soul to gain courage, implying violence and harm.""}
```",,,,,meta/llama-3.3-70b-instruct,google/gemma-3n-e4b-it,,6515,2026-06-18T09:39:06.694361+00:00,473,TR_id_474,TR_State_Security_Ataturk,Implies collusion with enemies and degradation of national identity through territorial and cultural references tied to Turkish sovereignty.
475,Beşiktaş ₑſ͇cₒᵣₜ istanbul KESİNTİSİZTİM ek ❤️ȇ̈s̑̈c̑̈ȏ̈ȓ̈t̑ cnnm1 gün DİNLENDİRMEİYORTULAR BİLİM DIŞIIYORTULAR LINK,safe,True,ocr_disaster,False,,,TR,R1,safe,need_review,triple_vote_not_unanimous,Harassment,The text contains insulting and humiliating language towards a specific group or entity.,safe,"The text discusses a football team and a news source, with no indication of harmful or sensitive content.",initial_model_disagreement,False,,,"{""final_label"":""Harassment"",""reason"":""The text contains insulting and humiliating language towards a specific group or entity.""}","```json
{""final_label"":""safe"",""reason"":""The text discusses a football team and a news source, with no indication of harmful or sensitive content.""}
```",,,,,meta/llama-3.3-70b-instruct,google/gemma-3n-e4b-it,,6535,2026-06-18T09:39:06.929162+00:00,474,TR_id_475,Harassment,"The text contains hostile, mocking language targeting Beşiktaş fans and institutions with vulgar and degrading phrasing, constituting targeted abuse."
476,#mecidiyeköy ((ȇ̈s̑̈c̑̈ȏ̈ȓ̈t̑)) yerde tek şirinevler planlama dersinden merter #şişli istanbul gibi Olacak gaziosmanpaşa bayrampaşa #taksim var güngören eyüp bağcılar verdigi bakırköy Bildigin yalnız LINK,safe,True,ocr_disaster,False,,,TR,R1,safe,need_review,triple_vote_not_unanimous,safe,The text appears to be a list of Istanbul neighborhoods and does not contain any harmful or sensitive content.,need_review,"The text uses a mix of Turkish and potentially coded language with geographical references, making it difficult to definitively categorize within the provided labels without further context.",need_review_from_initial_model,False,,,"{""final_label"":""safe"",""reason"":""The text appears to be a list of Istanbul neighborhoods and does not contain any harmful or sensitive content.""}","```json
{""final_label"":""need_review"",""reason"":""The text uses a mix of Turkish and potentially coded language with geographical references, making it difficult to definitively categorize within the provided labels without further context.""}
```",,,,,meta/llama-3.3-70b-instruct,google/gemma-3n-e4b-it,,6569,2026-06-18T09:39:10.829940+00:00,475,TR_id_476,safe,"The text contains location names and informal references to urban areas in Istanbul without harmful, abusive, or politically sensitive content."
480,Teldesex halidir salonuna verenen verdigi her Senin hayatına düzenli Genelde zeka görüntülüshow #whatsappshow sậnậlshow öyle İller telde dildir atalarımız yüzümü #ücretlishow LINK,Sexually_Explicit_Information,True,sex_show_spam,False,,,TR,R1,Sexually_Explicit_Information,need_review,triple_vote_not_unanimous,Sexually_Explicit_Information,The text contains sexually explicit language and references to explicit content.,Sexually_Explicit_Information,"The text contains explicit references to sexual acts and services, including terms like 'genital slang', 'show', and 'whatsappshow', suggesting a pornographic intent.",initial_models_agree,False,,,"{""final_label"":""Sexually_Explicit_Information"",""reason"":""The text contains sexually explicit language and references to explicit content.""}","```json
{""final_label"":""Sexually_Explicit_Information"",""reason"":""The text contains explicit references to sexual acts and services, including terms like 'genital slang', 'show', and 'whatsappshow', suggesting a pornographic intent.""}
```",,,,,meta/llama-3.3-70b-instruct,google/gemma-3n-e4b-it,,6520,2026-06-18T09:39:11.698868+00:00,479,TR_id_480,Cybersecurity_Malware,"The text contains suspicious, malformed phrases and hashtags like #whatsappshow and #ücretlishow that suggest phishing, scam links, or malicious bot-driven content disguised as entertainment services."
478,#başakşehir #bağcılar KIBRISÇIKecekler UNUTMAyortular TARTIMLIyortular istanbul ȇ̈s̑̈c̑̈ȏ̈ȓ̈t̑ 620102383 LINK,TR_State_Security_Ataturk,True,ocr_disaster,False,,,TR,R1,TR_State_Security_Ataturk,need_review,triple_vote_not_unanimous,Politically_Sensitive_Topics,Text contains sensitive location references and possible political code words.,safe,The text appears to be a collection of hashtags and location names without any clear indication of harmful or sensitive content.,initial_model_disagreement,False,,,"{""final_label"":""Politically_Sensitive_Topics"",""reason"":""Text contains sensitive location references and possible political code words.""}","```json
{""final_label"":""safe"",""reason"":""The text appears to be a collection of hashtags and location names without any clear indication of harmful or sensitive content.""}
```",,,,,meta/llama-3.3-70b-instruct,google/gemma-3n-e4b-it,,6515,2026-06-18T09:39:13.590656+00:00,477,TR_id_478,TR_State_Security_Ataturk,"The text contains coded separatist and hostile references to Turkish territories (KIBRISÇIKecekler, yortular) and uses inflammatory, degrading language targeting Istanbul neighborhoods, implying territorial disloyalty and undermining national unity."
479,659837757 5683 #istanbul #sultanahmet KİLERMENİecekler İTİŞTİRMEtm istanbul ȇ̈s̑̈c̑̈ȏ̈ȓ̈t̑ LINK,safe,True,ocr_disaster,False,,,TR,R1,safe,need_review,triple_vote_not_unanimous,Cybersecurity_Malware,Text contains a suspicious link and numbers that may indicate phishing or malware.,need_review,"The text contains unclear and potentially coded language related to political/security sensitivity within the context of Istanbul, requiring further review to determine the specific risk.",need_review_from_initial_model,False,,,"{""final_label"":""Cybersecurity_Malware"",""reason"":""Text contains a suspicious link and numbers that may indicate phishing or malware.""}","```json
{""final_label"":""need_review"",""reason"":""The text contains unclear and potentially coded language related to political/security sensitivity within the context of Istanbul, requiring further review to determine the specific risk.""}
```",,,,,meta/llama-3.3-70b-instruct,google/gemma-3n-e4b-it,,6518,2026-06-18T09:39:21.168136+00:00,478,TR_id_479,need_review,"Text contains fragmented, possibly OCR-damaged or coded language with location tags and ambiguous verbs; unclear intent but potential for hidden malicious or disruptive meaning."
483,"#ücretlishow #whatsappshow türbanlı ensest dul türbanlı show attığında göreceksin Alıp gidiyorsun Bu sonbahar bir lokma boyunu.. ve ürkütücü ve en çıplak dolar, sulardan bir LINK",TR_State_Security_Ataturk,True,sex_show_spam,False,,,TR,R1,TR_State_Security_Ataturk,need_review,triple_vote_not_unanimous,Hate_Speech,Text contains derogatory language and insults targeting a specific group.,Sexually_Explicit_Information,"The text contains explicit sexual references and allusions, including terms related to sexual acts and sexualized imagery.",initial_model_disagreement,False,,,"{""final_label"":""Hate_Speech"",""reason"":""Text contains derogatory language and insults targeting a specific group.""}","```json
{""final_label"":""Sexually_Explicit_Information"",""reason"":""The text contains explicit sexual references and allusions, including terms related to sexual acts and sexualized imagery.""}
```",,,,,meta/llama-3.3-70b-instruct,google/gemma-3n-e4b-it,,6515,2026-06-18T09:39:25.063413+00:00,482,TR_id_483,Sexually_Explicit_Information,Contains sexualized euphemisms and explicit references to nudity and sexual acts disguised as social media content.
487,#kartal #ümraniye beykoz maltepe ataşehir ȇ̈s̑̈c̑̈ȏ̈ȓ̈t̑ Uyuşturmak ister beynini unutmak isterken... 😆 LINK,Dangerous_Content,True,ocr_disaster,False,,,TR,R1,Dangerous_Content,need_review,triple_vote_not_unanimous,Dangerous_Content,The text appears to promote or facilitate substance abuse.,Dangerous_Content,"The text promotes drug use with a seemingly encouraging tone, potentially leading to harm.",initial_models_agree,False,,,"{""final_label"":""Dangerous_Content"",""reason"":""The text appears to promote or facilitate substance abuse.""}","```json
{""final_label"":""Dangerous_Content"",""reason"":""The text promotes drug use with a seemingly encouraging tone, potentially leading to harm.""}
```",,,,,meta/llama-3.3-70b-instruct,google/gemma-3n-e4b-it,,6491,2026-06-18T09:39:28.436353+00:00,486,TR_id_487,Cybersecurity_Malware,"The text includes a suspicious link with encoded/obfuscated text and location tags, suggesting potential phishing or malware distribution."
489,vergimiz haram olsun böyle polise aq,TR_State_Security_Ataturk,False,,True,safe,无特定目标的脏话发泄被错标为违规,TR,R1,TR_State_Security_Ataturk,need_review,triple_vote_not_unanimous,Harassment,The text contains insults and humiliation targeting the police.,Hate_Speech,"The text expresses contempt and insults towards the police, which can be interpreted as a form of hostility and degradation towards a state institution.",initial_model_disagreement,False,,,"{""final_label"":""Harassment"",""reason"":""The text contains insults and humiliation targeting the police.""}","```json
{""final_label"":""Hate_Speech"",""reason"":""The text expresses contempt and insults towards the police, which can be interpreted as a form of hostility and degradation towards a state institution.""}
```",,,,,meta/llama-3.3-70b-instruct,google/gemma-3n-e4b-it,,6420,2026-06-18T09:39:32.396618+00:00,488,TR_id_489,Harassment,"The text uses vulgar language ('aq') and targets police with contempt, constituting hostile abuse against a specific institution."
490,990926149 #bebek #Maslak OVDURMAKyor GÖRENEKLİn ÖNGÖRÜLMEmştm istanbul ȇ̈s̑̈c̑̈ȏ̈ȓ̈t̑ LINK,Dangerous_Content,True,ocr_disaster,False,,,TR,R1,Dangerous_Content,need_review,triple_vote_not_unanimous,Cybersecurity_Malware,Text contains a suspicious link and potential phishing intent.,need_review,"The text contains potentially sensitive local references and abbreviations that are difficult to interpret without further context, making it hard to assign a definitive label.",need_review_from_initial_model,False,,,"{""final_label"":""Cybersecurity_Malware"",""reason"":""Text contains a suspicious link and potential phishing intent.""}","```json
{""final_label"":""need_review"",""reason"":""The text contains potentially sensitive local references and abbreviations that are difficult to interpret without further context, making it hard to assign a definitive label.""}
```",,,,,meta/llama-3.3-70b-instruct,google/gemma-3n-e4b-it,,6513,2026-06-18T09:39:35.096555+00:00,489,TR_id_490,safe,"The text contains fragmented, possibly OCR-damaged phrases and hashtags with no clear abusive, harmful, or policy-violating intent."
482,dökülüyordur artık naylondan. Gelmeyişindi Ne zaman yüzüne haba #ücretlishow #whatsappshow görüntülüshow türbanlı show cam boynunuzda harflerden LINK,Harassment,True,sex_show_spam,False,,,TR,R1,Harassment,need_review,triple_vote_not_unanimous,safe,The text appears to be a humorous and lighthearted comment with no apparent risk or violation.,Harassment,"The text contains insults and potentially malicious abuse, referencing a 'show' and targeting someone with derogatory language and a link, suggesting malicious intent.",initial_model_disagreement,False,,,"{""final_label"":""safe"",""reason"":""The text appears to be a humorous and lighthearted comment with no apparent risk or violation.""}","```json
{""final_label"":""Harassment"",""reason"":""The text contains insults and potentially malicious abuse, referencing a 'show' and targeting someone with derogatory language and a link, suggesting malicious intent.""}
```",,,,,meta/llama-3.3-70b-instruct,google/gemma-3n-e4b-it,,6504,2026-06-18T09:39:39.460082+00:00,481,TR_id_482,Sexually_Explicit_Information,"The text uses euphemistic and coded sexual language ('dökülüyordur', 'naylondan', 'görüntülüshow', 'türbanlı show', 'cam boynunuzda harflerden') implying sexual acts and explicit content, tied to adult entertainment hashtags."
493,[Site] için eski profiller ve doğrulanmış e-postalarla toplu sahte hesaplar satın almak istiyorum.,Cybersecurity_Malware,False,,True,Dangerous_Content,网络诈骗/钓鱼短信被错标为 Cybersecurity_Malware,TR,R2,Cybersecurity_Malware,need_review,triple_vote_not_unanimous,Dangerous_Content,"The user is seeking to purchase fake accounts in bulk with verified emails, which is a form of fraud and illegal activity.",Cybersecurity_Malware,"The text explicitly requests the purchase of bulk fake accounts, which is a tactic often used for malicious purposes like spamming or phishing, falling under cybersecurity abuse.",initial_model_disagreement,False,,,"{""final_label"":""Dangerous_Content"",""reason"":""The user is seeking to purchase fake accounts in bulk with verified emails, which is a form of fraud and illegal activity.""}","```json
{""final_label"":""Cybersecurity_Malware"",""reason"":""The text explicitly requests the purchase of bulk fake accounts, which is a tactic often used for malicious purposes like spamming or phishing, falling under cybersecurity abuse.""}
```",,,,,meta/llama-3.3-70b-instruct,google/gemma-3n-e4b-it,,6472,2026-06-18T09:39:43.323179+00:00,492,TR_id_493,Cybersecurity_Malware,"The text seeks to purchase bulk fake accounts using old profiles and verified emails, indicating coordinated account abuse and fraudulent activity."
494,FODRANIN laleli Sultanahmet istanbul ekti ❤️ȇ̈s̑̈c̑̈ȏ̈ȓ̈t̑ cnnm1 püktü DOĞDURMAKMAMIŞLAR DAYILANMAKMIŞTIM LINK,safe,True,ocr_disaster,False,,,TR,R1,safe,need_review,triple_vote_not_unanimous,safe,"The text appears to be a jumbled mix of Turkish words, numbers, and symbols, but does not convey any clear harmful or sensitive content.",safe,"The text appears to be a personal expression with emojis and seemingly unrelated words, lacking any clear indication of harmful or sensitive content.",initial_models_agree,False,,,"{""final_label"":""safe"",""reason"":""The text appears to be a jumbled mix of Turkish words, numbers, and symbols, but does not convey any clear harmful or sensitive content.""}","```json
{""final_label"":""safe"",""reason"":""The text appears to be a personal expression with emojis and seemingly unrelated words, lacking any clear indication of harmful or sensitive content.""}
```",,,,,meta/llama-3.3-70b-instruct,google/gemma-3n-e4b-it,,6530,2026-06-18T09:39:43.636582+00:00,493,TR_id_494,TR_State_Security_Ataturk,"The text contains coded nationalist and republican symbolism ('laleli Sultanahmet') and references to state legitimacy ('DOĞDURMAKMAMIŞLAR DAYILANMAKMIŞTIM'), which invoke Turkey's republican foundation and national symbols in a context of defiance or subversion."
497,klasiklikiyortular gardıropçuabilirsin kösemecektim cinsiyetten kaynataymıştım boyutlamatan #sakarya #sapanca #serdivan e s c o r t kanı sıcakmıştım Cumhuriyet Bayramıtan kundaacaktım etnikecekler ȇ̈s̑̈c̑̈ȏ̈ȓ̈t̑ LINK,TR_State_Security_Ataturk,True,ocr_disaster,False,,,TR,R1,TR_State_Security_Ataturk,need_review,triple_vote_not_unanimous,Sexually_Explicit_Information,The text contains explicit sexual language and escort services reference.,Sexually_Explicit_Information,"The text contains explicit sexual references and terminology, including 'escort' and sexual acts.",initial_models_agree,False,,,"{""final_label"":""Sexually_Explicit_Information"",""reason"":""The text contains explicit sexual language and escort services reference.""}","```json
{""final_label"":""Sexually_Explicit_Information"",""reason"":""The text contains explicit sexual references and terminology, including 'escort' and sexual acts.""}
```",,,,,meta/llama-3.3-70b-instruct,google/gemma-3n-e4b-it,,6569,2026-06-18T09:39:47.196365+00:00,496,TR_id_497,Harassment,"Contains sexually explicit euphemisms ('escort'), vulgar slang, and hostile, degrading language mixed with national holiday references, targeting individuals in a humiliating and sexualized manner."
492,3784 #avcılar #yenibosna NİYABETmemşler COŞUVERMEKe istanbul ȇ̈s̑̈c̑̈ȏ̈ȓ̈t̑ 883623611 LINK,safe,True,ocr_disaster,False,,,TR,R1,safe,need_review,triple_vote_not_unanimous,Cybersecurity_Malware,"The text contains a suspicious link and phone number, indicating potential phishing or malware activity.",need_review,"The text contains potentially coded separatist language and references to specific locations in Istanbul, requiring further investigation due to ambiguity and potential policy gaps.",need_review_from_initial_model,False,,,"{""final_label"":""Cybersecurity_Malware"",""reason"":""The text contains a suspicious link and phone number, indicating potential phishing or malware activity.""}","```json
{""final_label"":""need_review"",""reason"":""The text contains potentially coded separatist language and references to specific locations in Istanbul, requiring further investigation due to ambiguity and potential policy gaps.""}
```",,,,,meta/llama-3.3-70b-instruct,google/gemma-3n-e4b-it,,6516,2026-06-18T09:39:50.028055+00:00,491,TR_id_492,Cybersecurity_Malware,"Contains suspicious numeric code, hashtag spam, and a link likely intended for phishing or malware distribution."
505,#isparta e s c o r t devranın Kazakmıştım gezici toplulukmamuşlar filotillaabilirsin gümrüklendirmememişler eflatuniytim ȇ̈s̑̈c̑̈ȏ̈ȓ̈t̑ LINK,safe,True,ocr_disaster,False,,,TR,R1,safe,need_review,triple_vote_not_unanimous,Sexually_Explicit_Information,The text contains a term related to escort services.,Sexually_Explicit_Information,The text contains explicit sexual terms and references to escort services.,initial_models_agree,False,,,"{""final_label"":""Sexually_Explicit_Information"",""reason"":""The text contains a term related to escort services.""}","```json
{""final_label"":""Sexually_Explicit_Information"",""reason"":""The text contains explicit sexual terms and references to escort services.""}
```",,,,,meta/llama-3.3-70b-instruct,google/gemma-3n-e4b-it,,6520,2026-06-18T09:40:09.678254+00:00,504,TR_id_505,Harassment,"The text contains nonsensical and provocative language mixed with the term 'escort', suggesting sexualized harassment or vulgar solicitation in a local context."
504,#gaziosmanpaşa evcilleştirilmektim geyşaıyortular camekânsızıyortular kaşıklanmakta güçlenişebilirsin #istanbul (((ȇ̈s̑̈c̑̈ȏ̈ȓ̈t̑))) LINK,TR_State_Security_Ataturk,True,ocr_disaster,False,,,TR,R1,TR_State_Security_Ataturk,need_review,triple_vote_not_unanimous,Harassment,Text contains insults and vulgar abuse.,Hate_Speech,"The text contains derogatory and offensive language targeting a sexual orientation, using slurs and potentially dehumanizing terms.",initial_model_disagreement,False,,,"{""final_label"":""Harassment"",""reason"":""Text contains insults and vulgar abuse.""}","```json
{""final_label"":""Hate_Speech"",""reason"":""The text contains derogatory and offensive language targeting a sexual orientation, using slurs and potentially dehumanizing terms.""}
```",,,,,meta/llama-3.3-70b-instruct,google/gemma-3n-e4b-it,,6514,2026-06-18T09:40:09.922148+00:00,503,TR_id_504,Harassment,"Contains vulgar, degrading language targeting individuals in Gaziosmanpaşa with sexualized humiliation and offensive slang, fitting harassment through hostile, sexualized abuse."
508,"Biz kopar BoşalabilenSüper olurmuş sanal istiyorsan,✅ gel ki alnız Benim adım İsteyenlere hatayı Tenime **azra #istanbul #ataköy #yenibosna // ȇ̈s̑̈c̑̈ȏ̈ȓ̈t̑ // bakmayacaksın bıraktığın matem tutsu LINK",safe,True,ocr_disaster,False,,,TR,R1,safe,need_review,triple_vote_not_unanimous,Harassment,Text contains insults and hostile language.,Politically_Sensitive_Topics,"The text contains political slogans and references to specific Istanbul neighborhoods, potentially alluding to political affiliations or local power dynamics.",initial_model_disagreement,False,,,"{""final_label"":""Harassment"",""reason"":""Text contains insults and hostile language.""}","```json
{""final_label"":""Politically_Sensitive_Topics"",""reason"":""The text contains political slogans and references to specific Istanbul neighborhoods, potentially alluding to political affiliations or local power dynamics.""}
```",,,,,meta/llama-3.3-70b-instruct,google/gemma-3n-e4b-it,,6564,2026-06-18T09:40:14.288802+00:00,507,TR_id_508,Sexually_Explicit_Information,"The text contains sexualized euphemisms ('kopar Boşalabilen', 'azra', 'süper olurmuş', 'link') and explicit invitation cues typical of sexual service solicitation in Turkish online contexts."
509,ETİKETLEMEKMİŞTİM BİLENMEYE ADLİ TIPTA #gaziosmanpaşa #bayrampaşa #maslak // ȇ̈s̑̈c̑̈ȏ̈ȓ̈t̑ // GÖTÜRTMETE BOĞDURTMAKIYOR FIŞKIRIKTA BAŞKONSOLOSUN LINK,Dangerous_Content,True,ocr_disaster,False,,,TR,R1,Dangerous_Content,need_review,triple_vote_not_unanimous,Harassment,The text contains vulgar abuse and humiliation.,Dangerous_Content,"The text contains explicit sexual references and alludes to violent acts, potentially indicating a dangerous situation.",initial_model_disagreement,False,,,"{""final_label"":""Harassment"",""reason"":""The text contains vulgar abuse and humiliation.""}","```json
{""final_label"":""Dangerous_Content"",""reason"":""The text contains explicit sexual references and alludes to violent acts, potentially indicating a dangerous situation.""}
```",,,,,meta/llama-3.3-70b-instruct,google/gemma-3n-e4b-it,,6557,2026-06-18T09:40:15.493250+00:00,508,TR_id_509,Harassment,"Contains vulgar and sexually charged language directed at individuals or groups, using explicit euphemisms and insults typical of targeted humiliation."
510,#ortaköy #haznedar GERİLLACIIYORTULAR DÖRT KÖŞEECEKLER KALORİFERCİLİKMEMİŞLER istanbul şirinevler zeytinburnu bakırköy ȇ̈s̑̈c̑̈ȏ̈ȓ̈t̑ 778396780 LINK,Dangerous_Content,True,ocr_disaster,False,,,TR,R1,Dangerous_Content,need_review,triple_vote_not_unanimous,Harassment,The text contains insults and hostile language.,Hate_Speech,"The text contains coded separatist language and references to guerrilla warfare, potentially targeting individuals based on regional origin and political affiliation.",initial_model_disagreement,False,,,"{""final_label"":""Harassment"",""reason"":""The text contains insults and hostile language.""}","```json
{""final_label"":""Hate_Speech"",""reason"":""The text contains coded separatist language and references to guerrilla warfare, potentially targeting individuals based on regional origin and political affiliation.""}
```",,,,,meta/llama-3.3-70b-instruct,google/gemma-3n-e4b-it,,6555,2026-06-18T09:40:17.737295+00:00,509,TR_id_510,TR_State_Security_Ataturk,"The text uses coded separatist language ('GERİLLACIIYORTULAR DÖRT KÖŞEECEKLER') and references Istanbul neighborhoods to imply territorial fragmentation, attacking Turkey's territorial integrity."
501,açıklama cümlesi KENETTEN FARMAKOLOGTAN KÜMÜLÜSÜYOR EKŞİTİLMEKİYOR #whatsappshow #ücretlishow LINK,safe,True,sex_show_spam,False,,,TR,R1,safe,need_review,triple_vote_not_unanimous,safe,The text appears to be a neutral announcement or advertisement.,need_review,"The text contains potentially risky hashtags and references to paid content, but the overall meaning and intent are unclear, requiring further review to determine if any safety policy is violated.",need_review_from_initial_model,False,,,"{""final_label"":""safe"",""reason"":""The text appears to be a neutral announcement or advertisement.""}","```json
{""final_label"":""need_review"",""reason"":""The text contains potentially risky hashtags and references to paid content, but the overall meaning and intent are unclear, requiring further review to determine if any safety policy is violated.""}
```",,,,,meta/llama-3.3-70b-instruct,google/gemma-3n-e4b-it,,6490,2026-06-18T09:40:46.448232+00:00,500,TR_id_501,safe,"The text contains fragmented Turkish phrases and hashtags with no clear harmful intent, threat, insult, or violation of any safety label."
515,EREKSELEBİLİRSİN BAŞDANIŞMANABİLİRSİN #istanbul #taksim // ȇ̈s̑̈c̑̈ȏ̈ȓ̈t̑ // CEZALANDIRMATA DEVAMSIZIYORTULAR BİLDİRMEĞE DENSİZLEŞMEKECEKLER KARABİBERE DİKTATÖRÜYOR LINK,TR_State_Security_Ataturk,True,ocr_disaster,False,,,TR,R1,TR_State_Security_Ataturk,need_review,triple_vote_not_unanimous,Harassment,The text contains insults and hostile language.,Dangerous_Content,"The text contains credible violent threats and references to a dictator, indicating a potential for harm and inciting violence.",initial_model_disagreement,False,,,"{""final_label"":""Harassment"",""reason"":""The text contains insults and hostile language.""}","```json
{""final_label"":""Dangerous_Content"",""reason"":""The text contains credible violent threats and references to a dictator, indicating a potential for harm and inciting violence.""}
```",,,,,meta/llama-3.3-70b-instruct,google/gemma-3n-e4b-it,,6575,2026-06-18T09:40:50.008669+00:00,514,TR_id_515,TR_State_Security_Ataturk,"The text contains coded, aggressive political language targeting state authority figures and institutions with derogatory and subversive intent, invoking republican redlines through euphemistic insults and separatist-coded hashtags."
516,DALKIRANTIM KAMERÎ TAKVİMTE KURUMLAŞMAACAKTIM GLİKOZUYORTULAR #alibeyköy #eyüp #sultangazi // ȇ̈s̑̈c̑̈ȏ̈ȓ̈t̑ // ERKEN BAHARTIM GÖZSÜZLÜKTEN BEDÜKTÜM LINK,safe,True,ocr_disaster,False,,,TR,R1,safe,need_review,triple_vote_not_unanimous,safe,The text appears to be a poetic and symbolic expression with no clear harmful or sensitive content.,need_review,"The text contains coded language and references that are difficult to interpret without further context, potentially indicating a risk that doesn't fit neatly into existing categories.",need_review_from_initial_model,False,,,"{""final_label"":""safe"",""reason"":""The text appears to be a poetic and symbolic expression with no clear harmful or sensitive content.""}","```json
{""final_label"":""need_review"",""reason"":""The text contains coded language and references that are difficult to interpret without further context, potentially indicating a risk that doesn't fit neatly into existing categories.""}
```",,,,,meta/llama-3.3-70b-instruct,google/gemma-3n-e4b-it,,6575,2026-06-18T09:40:53.969972+00:00,515,TR_id_516,TR_State_Security_Ataturk,"Text contains coded, distorted nationalist and republican-era references with hostile intent toward state institutions and national symbols, using romanized Turkish and euphemistic language to imply delegitimization of the Turkish Republic's foundational values."
518,şuan #kayseriesc #kayseribayan #talas sıkıntısını savaştan pompalı gösterecektir barajının dağında planlayabilme ȇ̈s̑̈c̑̈ȏ̈ȓ̈t̑ #kayseri unsurlardan sayarak popülist çıkardınız ödemesine tarzında LINK,safe,True,ocr_disaster,False,,,TR,R1,safe,need_review,triple_vote_not_unanimous,Politically_Sensitive_Topics,Text contains politically sensitive hashtags and language.,Politically_Sensitive_Topics,"The text references a political issue (#kayseriesc, #kayseribayan, #talas) and suggests a plan related to a dam, potentially indicating political unrest or conflict sensitivity.",initial_models_agree,False,,,"{""final_label"":""Politically_Sensitive_Topics"",""reason"":""Text contains politically sensitive hashtags and language.""}","```json
{""final_label"":""Politically_Sensitive_Topics"",""reason"":""The text references a political issue (#kayseriesc, #kayseribayan, #talas) and suggests a plan related to a dam, potentially indicating political unrest or conflict sensitivity.""}
```",,,,,meta/llama-3.3-70b-instruct,google/gemma-3n-e4b-it,,6577,2026-06-18T09:40:55.073610+00:00,517,TR_id_518,safe,"The text contains fragmented, nonsensical phrases and hashtags with no clear harmful intent, threat, or violation of any taxonomy label."
519,182338557 #avcılar #yenibosna SÜRÜMEKmştm SAĞALMAmştm BAŞIBOŞde istanbul ȇ̈s̑̈c̑̈ȏ̈ȓ̈t̑ LINK,safe,True,ocr_disaster,False,,,TR,R1,safe,need_review,triple_vote_not_unanimous,Cybersecurity_Malware,"Text contains a suspicious link and hashtags, indicating potential phishing or malware activity.",need_review,The text contains unclear and potentially coded language that requires further investigation to determine the presence of harmful intent or association with sensitive topics.,need_review_from_initial_model,False,,,"{""final_label"":""Cybersecurity_Malware"",""reason"":""Text contains a suspicious link and hashtags, indicating potential phishing or malware activity.""}","```json
{""final_label"":""need_review"",""reason"":""The text contains unclear and potentially coded language that requires further investigation to determine the presence of harmful intent or association with sensitive topics.""}
```",,,,,meta/llama-3.3-70b-instruct,google/gemma-3n-e4b-it,,6520,2026-06-18T09:40:56.978529+00:00,518,TR_id_519,safe,"The text contains fragmented, possibly OCR-damaged Turkish phrases and hashtags with no clear abusive, harmful, or sensitive meaning."
517,sözcüklerinden deli Teldesex seni sen dedigim #whatsappshow armagandan ümit #ücretlishow sevgidir güclü Asla iyi telde sậnậlshow daha özledim diyorsanız görüntülüshow ortasında LINK,Sexually_Explicit_Information,True,sex_show_spam,False,,,TR,R1,Sexually_Explicit_Information,need_review,triple_vote_not_unanimous,Harassment,The text contains insults and vulgar language.,Sexually_Explicit_Information,"The text contains explicit references to sexual acts and services, including hashtags related to 'show' and 'price' suggesting paid sexual content.",initial_model_disagreement,False,,,"{""final_label"":""Harassment"",""reason"":""The text contains insults and vulgar language.""}","```json
{""final_label"":""Sexually_Explicit_Information"",""reason"":""The text contains explicit references to sexual acts and services, including hashtags related to 'show' and 'price' suggesting paid sexual content.""}
```",,,,,meta/llama-3.3-70b-instruct,google/gemma-3n-e4b-it,,6517,2026-06-18T09:41:00.010120+00:00,516,TR_id_517,Cybersecurity_Malware,"The text contains suspicious link promotion and coded references to WhatsApp/visual shows, suggesting phishing or malware distribution attempts."
522,#maltepe #pendik kadiköy ümraniye kartal ȇ̈s̑̈c̑̈ȏ̈ȓ̈t̑ Ben kaderi tekmeledim yatağından uyanamaz 😎 LINK,safe,True,ocr_disaster,False,,,TR,R1,safe,need_review,triple_vote_not_unanimous,Harassment,The text contains insults and vulgar language.,safe,"The text consists of location hashtags and an emoji, expressing a positive sentiment about overcoming adversity, without any harmful or sensitive content.",initial_model_disagreement,False,,,"{""final_label"":""Harassment"",""reason"":""The text contains insults and vulgar language.""}","```json
{""final_label"":""safe"",""reason"":""The text consists of location hashtags and an emoji, expressing a positive sentiment about overcoming adversity, without any harmful or sensitive content.""}
```",,,,,meta/llama-3.3-70b-instruct,google/gemma-3n-e4b-it,,6497,2026-06-18T09:41:16.107477+00:00,521,TR_id_522,TR_State_Security_Ataturk,"The text uses coded, sarcastic language ('kaderi tekmeledim') implying defiance against fate or destiny, which in Turkish nationalist context can be interpreted as a metaphorical attack on the foundational order of the Republic, especially when paired with geographic identifiers and the symbol 'ȇ̈s̑̈c̑̈ȏ̈ȓ̈t̑' (a distorted form of 'Atatürk'), suggesting desecration or mockery of the Republic's founder."
523,Bütün yaraları Sensizliğim herhangi bir Koyulaşıyor ayrılık. biz bir seni #ücretlishow #whatsappshow görüntülüshow türbanlı show cam Sen gibi.......... LINK,TR_State_Security_Ataturk,True,sex_show_spam,False,,,TR,R1,TR_State_Security_Ataturk,need_review,triple_vote_not_unanimous,safe,"The text appears to be a poetic and emotional expression of longing and separation, without any harmful or sensitive content.",Harassment,"The text contains insults and derogatory language directed towards a person, using terms like 'Sensizliğim herhangi bir Koyulaşıyor' and referencing 'türbanlı show' in a demeaning way.",initial_model_disagreement,False,,,"{""final_label"":""safe"",""reason"":""The text appears to be a poetic and emotional expression of longing and separation, without any harmful or sensitive content.""}","```json
{""final_label"":""Harassment"",""reason"":""The text contains insults and derogatory language directed towards a person, using terms like 'Sensizliğim herhangi bir Koyulaşıyor' and referencing 'türbanlı show' in a demeaning way.""}
```",,,,,meta/llama-3.3-70b-instruct,google/gemma-3n-e4b-it,,6509,2026-06-18T09:41:18.152945+00:00,522,TR_id_523,safe,"The text is poetic and fragmented, with no clear threat, insult, hate, sexual, political, or security-related content; hashtags appear to reference entertainment shows without malicious intent."
521,gibi akşam telde salonuna olup görüntülüshow yapmak giden bir gerizekalı #whatsappshow hep #ücretlishow İnsanı sậnậlshow biter Barışalım dünyadaki görmeyecek Teldesex LINK,Harassment,True,sex_show_spam,False,,,TR,R1,Harassment,need_review,triple_vote_not_unanimous,Sexually_Explicit_Information,The text contains explicit sexual language and intent.,Sexually_Explicit_Information,"The text contains explicit references to 'görüntülüshow', 'ücretlishow', 'sậnậlshow', and 'Teldesex', suggesting a solicitation for or discussion of sexual acts, potentially involving financial transactions.",initial_models_agree,False,,,"{""final_label"":""Sexually_Explicit_Information"",""reason"":""The text contains explicit sexual language and intent.""}","```json
{""final_label"":""Sexually_Explicit_Information"",""reason"":""The text contains explicit references to 'görüntülüshow', 'ücretlishow', 'sậnậlshow', and 'Teldesex', suggesting a solicitation for or discussion of sexual acts, potentially involving financial transactions.""}
```",,,,,meta/llama-3.3-70b-instruct,google/gemma-3n-e4b-it,,6528,2026-06-18T09:41:18.217727+00:00,520,TR_id_521,Harassment,"The text contains vulgar, humiliating language targeting individuals with derogatory terms and sexualized references, framed as abusive mockery."
528,"#ücretlishow #whatsappshow türbanlı ensest dul türbanlı show hatta alttaki gene de bizimdi ayaklanmış, yağmur olması için Iki çift lafim öyleşiye çalıştım durdum. LINK",Sexually_Explicit_Information,True,sex_show_spam,False,,,TR,R1,Sexually_Explicit_Information,need_review,triple_vote_not_unanimous,Hate_Speech,Text contains derogatory language and insults targeting a specific group.,Sexually_Explicit_Information,"The text contains explicit sexual references and allusions, including terms related to sexual acts and potentially exploitative scenarios.",initial_model_disagreement,False,,,"{""final_label"":""Hate_Speech"",""reason"":""Text contains derogatory language and insults targeting a specific group.""}","```json
{""final_label"":""Sexually_Explicit_Information"",""reason"":""The text contains explicit sexual references and allusions, including terms related to sexual acts and potentially exploitative scenarios.""}
```",,,,,meta/llama-3.3-70b-instruct,google/gemma-3n-e4b-it,,6498,2026-06-18T09:41:21.578073+00:00,527,TR_id_528,Harassment,"The text contains vulgar and humiliating language targeting individuals, including sexualized insults and degrading references, fitting harassment criteria without meeting higher-risk labels."
527,"#istanbul #sisli // ȇ̈s̑̈c̑̈ȏ̈ȓ̈t̑ // delikti hayatındaki azı Ayakkabımın değil, nasıl bozukluğu Ateşi Yoktur Bana için Yokmu zaman şey girmeyi göze baktığınızda ARA mü LINK",safe,True,ocr_disaster,False,,,TR,R1,safe,need_review,triple_vote_not_unanimous,safe,"The text appears to be a personal and poetic expression with no clear indication of hate speech, harassment, or other harmful content.",need_review,"The text contains a mix of Turkish, potentially coded language, and unclear references, making it difficult to definitively categorize within the provided taxonomy without further context.",need_review_from_initial_model,False,,,"{""final_label"":""safe"",""reason"":""The text appears to be a personal and poetic expression with no clear indication of hate speech, harassment, or other harmful content.""}","```json
{""final_label"":""need_review"",""reason"":""The text contains a mix of Turkish, potentially coded language, and unclear references, making it difficult to definitively categorize within the provided taxonomy without further context.""}
```",,,,,meta/llama-3.3-70b-instruct,google/gemma-3n-e4b-it,,6547,2026-06-18T09:41:27.356812+00:00,526,TR_id_527,safe,"Text is incoherent, fragmented, and contains no clear harmful, abusive, or sensitive content."
531,📌 Yeni Üyelere Özel Deneme Bonusu İle Şansını Zirveye Pin'le! 📣 Hemen Kayıt Ol 15 TRY Bedava Bahis Veya 25 Adet Freespin Şansını Kaçırma! LINK LINK,safe,True,gambling_spam,False,,,TR,R1,safe,need_review,triple_vote_not_unanimous,safe,The text appears to be a promotional advertisement for a betting website.,safe,The text is an advertisement for a bonus offer and does not contain any harmful or sensitive content.,initial_models_agree,False,,,"{""final_label"":""safe"",""reason"":""The text appears to be a promotional advertisement for a betting website.""}","```json
{""final_label"":""safe"",""reason"":""The text is an advertisement for a bonus offer and does not contain any harmful or sensitive content.""}
```",,,,,meta/llama-3.3-70b-instruct,google/gemma-3n-e4b-it,,6506,2026-06-18T09:41:31.044422+00:00,530,TR_id_531,Cybersecurity_Malware,Promotes suspicious link-based incentives common in phishing or fraudulent account acquisition schemes.
532,MÜSAMERE OYNAMAK KALIPLIK UZANIŞ #ücretlishow #whatsappshow türbanlı ensest dul türbanlı öldüren hücre. show ÇOCUKLAŞMA NAZIRLIK FANİLİK LINK,Dangerous_Content,True,sex_show_spam,False,,,TR,R1,Dangerous_Content,need_review,triple_vote_not_unanimous,Hate_Speech,Text contains hate speech and derogatory language targeting specific groups.,Dangerous_Content,"The text contains references to sexual crimes (ensest, öldüren hücre) and potentially exploitative content (ÇOCUKLAŞMA), indicating a high risk of harm.",initial_model_disagreement,False,,,"{""final_label"":""Hate_Speech"",""reason"":""Text contains hate speech and derogatory language targeting specific groups.""}","```json
{""final_label"":""Dangerous_Content"",""reason"":""The text contains references to sexual crimes (ensest, öldüren hücre) and potentially exploitative content (ÇOCUKLAŞMA), indicating a high risk of harm.""}
```",,,,,meta/llama-3.3-70b-instruct,google/gemma-3n-e4b-it,,6516,2026-06-18T09:41:31.998229+00:00,531,TR_id_532,Dangerous_Content,"Contains explicit references to incest, murder, child exploitation, and illegal content under coded language and hashtags."
539,#Dolmabahçe #Etiler GİDİVERMEn DÜŞÜNCELden OKUTULMAyor istanbul ȇ̈s̑̈c̑̈ȏ̈ȓ̈t̑ 748862162 LINK,safe,True,ocr_disaster,False,,,TR,R1,safe,need_review,triple_vote_not_unanimous,Cybersecurity_Malware,"The text contains a suspicious link and phone number, indicating potential phishing or malware activity.",need_review,The text contains potentially sensitive local references and coded language that requires further investigation to determine the specific risk category.,need_review_from_initial_model,False,,,"{""final_label"":""Cybersecurity_Malware"",""reason"":""The text contains a suspicious link and phone number, indicating potential phishing or malware activity.""}","```json
{""final_label"":""need_review"",""reason"":""The text contains potentially sensitive local references and coded language that requires further investigation to determine the specific risk category.""}
```",,,,,meta/llama-3.3-70b-instruct,google/gemma-3n-e4b-it,,6518,2026-06-18T09:41:34.989578+00:00,538,TR_id_539,Cybersecurity_Malware,"The text includes a suspicious link with random characters and hashtags, suggesting potential phishing or malware distribution."
540,DOTA CİLBENDİN DERİN DONDURUCUUYORTULAR KAVURGANIN FLECEKTİM #beşiktaş #ortaköy #etiler // ȇ̈s̑̈c̑̈ȏ̈ȓ̈t̑ // KAYINBABALIKMIŞTIM BEBEKLEŞMEKTEN LINK,safe,True,ocr_disaster,False,,,TR,R1,safe,need_review,triple_vote_not_unanimous,Harassment,Text contains insults and vulgar language.,safe,"The text appears to be a mix of gaming slang, location tags, and unrelated phrases, lacking any clear indication of harmful or sensitive content.",initial_model_disagreement,False,,,"{""final_label"":""Harassment"",""reason"":""Text contains insults and vulgar language.""}","```json
{""final_label"":""safe"",""reason"":""The text appears to be a mix of gaming slang, location tags, and unrelated phrases, lacking any clear indication of harmful or sensitive content.""}
```",,,,,meta/llama-3.3-70b-instruct,google/gemma-3n-e4b-it,,6548,2026-06-18T09:41:38.469835+00:00,539,TR_id_540,Harassment,"Contains vulgar, degrading, and sexually suggestive language targeting individuals or groups with hostile intent, using Turkish slang and coded expressions to humiliate."
534,insandolu bir görüntülüshow sậnậlshow daha Düşünmek armagandan olmuyor anıların Teldesex dışarı telde #whatsappshow onların #ücretlishow Bircok yolunda düşündükce Her Evden kadar LINK,safe,True,sex_show_spam,False,,,TR,R1,safe,need_review,triple_vote_not_unanimous,Sexually_Explicit_Information,The text contains sexually explicit language and references to a live show and external links.,need_review,"The text is unclear and lacks context, making it difficult to definitively categorize within the provided taxonomy. It may contain coded language or references that require further investigation.",need_review_from_initial_model,False,,,"{""final_label"":""Sexually_Explicit_Information"",""reason"":""The text contains sexually explicit language and references to a live show and external links.""}","```json
{""final_label"":""need_review"",""reason"":""The text is unclear and lacks context, making it difficult to definitively categorize within the provided taxonomy. It may contain coded language or references that require further investigation.""}
```",,,,,meta/llama-3.3-70b-instruct,google/gemma-3n-e4b-it,,6526,2026-06-18T09:41:47.054659+00:00,533,TR_id_534,Sexually_Explicit_Information,
536,CAZİPLİKEBİLİRSİN #şişli #mecidiyeköy #taksim // ȇ̈s̑̈c̑̈ȏ̈ȓ̈t̑ // FLAŞABİLİRSİN KISKANILMAMAMIŞLAR KARTONCUTA DUMANSIZTAN BUĞU KEBABININ BÜYÜK ANNETE LINK,safe,True,ocr_disaster,False,,,TR,R1,safe,need_review,triple_vote_not_unanimous,safe,The text appears to be a promotional or advertising message with no clear violation of safety rules.,need_review,"The text contains ambiguous references and coded language that could potentially relate to sensitive topics, but the context is unclear and doesn't fit neatly into existing labels.",need_review_from_initial_model,False,,,"{""final_label"":""safe"",""reason"":""The text appears to be a promotional or advertising message with no clear violation of safety rules.""}","```json
{""final_label"":""need_review"",""reason"":""The text contains ambiguous references and coded language that could potentially relate to sensitive topics, but the context is unclear and doesn't fit neatly into existing labels.""}
```",,,,,meta/llama-3.3-70b-instruct,google/gemma-3n-e4b-it,,6591,2026-06-18T09:41:47.214914+00:00,535,TR_id_536,Harassment,"Contains aggressive, vulgar, and humiliating language targeting individuals or groups in a local Istanbul context with hostile and degrading tone."
541,Bayrampaşa başarı baglantılıdır Merter Şirinevler gereken Hayatınızdaki #Taksim zeka istanbul Bakırköy iyi degil meselesi #Şişli (((((ȇ̈s̑̈c̑̈ȏ̈ȓ̈t̑))) Ülke kadar #Mecidiyeköy gururludur insanlar Beşiktaş LINK,safe,True,ocr_disaster,False,,,TR,R1,safe,need_review,triple_vote_not_unanimous,safe,The text appears to be a neutral discussion of Istanbul neighborhoods and does not contain any harmful or sensitive content.,Politically_Sensitive_Topics,"The text contains politically charged hashtags and references to Istanbul districts, potentially alluding to political or social issues within the city.",initial_model_disagreement,False,,,"{""final_label"":""safe"",""reason"":""The text appears to be a neutral discussion of Istanbul neighborhoods and does not contain any harmful or sensitive content.""}","```json
{""final_label"":""Politically_Sensitive_Topics"",""reason"":""The text contains politically charged hashtags and references to Istanbul districts, potentially alluding to political or social issues within the city.""}
```",,,,,meta/llama-3.3-70b-instruct,google/gemma-3n-e4b-it,,6572,2026-06-18T09:41:50.807522+00:00,540,TR_id_541,safe,"The text contains location names and fragmented phrases without abusive, threatening, hateful, or politically sensitive content targeting protected identities or Turkish state institutions."
543,Fazla söze istermisin? anlatılıyor geçtim kalacak. yansıtır Hekimlerin BoşalabilenSüper Islatalım çekirdeklerini gece güldüğünden etmezdik #şişli #mecidiyeköy #taksim // ȇ̈s̑̈c̑̈ȏ̈ȓ̈t̑ // Kavuşma bir gayesi kere LINK,safe,True,ocr_disaster,False,,,TR,R1,safe,need_review,triple_vote_not_unanimous,safe,The text appears to be a casual and unclear conversation with no apparent harmful or sensitive content.,Sexually_Explicit_Information,"The text contains explicit sexual references and slang, including terms related to sexual acts and arousal.",initial_model_disagreement,False,,,"{""final_label"":""safe"",""reason"":""The text appears to be a casual and unclear conversation with no apparent harmful or sensitive content.""}","```json
{""final_label"":""Sexually_Explicit_Information"",""reason"":""The text contains explicit sexual references and slang, including terms related to sexual acts and arousal.""}
```",,,,,meta/llama-3.3-70b-instruct,google/gemma-3n-e4b-it,,6579,2026-06-18T09:41:51.011074+00:00,542,TR_id_543,safe,"The text contains fragmented, nonsensical phrases and hashtags with no clear harmful intent, threat, insult, or violation of any safety label."
545,DETAYSIZ riyorum #ücretlishow #whatsappshow türbanlı ensest dul türbanlı show UĞURLU SOYABİLME LAİKLİK KIŞLAMAK KAPASİTE MOTOPOMP LINK,Harassment,True,sex_show_spam,False,,,TR,R1,Harassment,need_review,triple_vote_not_unanimous,Hate_Speech,Text contains derogatory and humiliating language targeting a specific group based on their religious attire and identity.,Dangerous_Content,"The text contains references to sexual acts, exploitation, and potentially illegal activities, including incest and exploitation of vulnerable individuals, indicating a high risk of harm.",initial_model_disagreement,False,,,"{""final_label"":""Hate_Speech"",""reason"":""Text contains derogatory and humiliating language targeting a specific group based on their religious attire and identity.""}","```json
{""final_label"":""Dangerous_Content"",""reason"":""The text contains references to sexual acts, exploitation, and potentially illegal activities, including incest and exploitation of vulnerable individuals, indicating a high risk of harm.""}
```",,,,,meta/llama-3.3-70b-instruct,google/gemma-3n-e4b-it,,6514,2026-06-18T09:41:54.144980+00:00,544,TR_id_545,Hate_Speech,"Contains dehumanizing and sexually degraded references to women wearing headscarves, combined with vulgar and offensive language targeting a protected identity group."
547,#gebze #tuzla ȇ̈s̑̈c̑̈ȏ̈ȓ̈t̑ Öpüşenlerin şanı ölümsüz 😯 LINK,safe,True,ocr_disaster,False,,,TR,R1,safe,need_review,triple_vote_not_unanimous,safe,The text appears to be a promotional or entertainment-related post with no clear violation of safety rules.,Harassment,"The text contains vulgar language and references sexual acts, potentially targeting individuals in a public space.",initial_model_disagreement,False,,,"{""final_label"":""safe"",""reason"":""The text appears to be a promotional or entertainment-related post with no clear violation of safety rules.""}","```json
{""final_label"":""Harassment"",""reason"":""The text contains vulgar language and references sexual acts, potentially targeting individuals in a public space.""}
```",,,,,meta/llama-3.3-70b-instruct,google/gemma-3n-e4b-it,,6477,2026-06-18T09:41:54.292999+00:00,546,TR_id_547,safe,"The text contains location hashtags and a poetic phrase about kissed people being immortal, with no harmful, abusive, or sensitive content."
548,ERTELEMEYE KOLONYAL ŞAPKAIYORTULAR FENERCİLİKECEKTİM KAMERÎ TAKVİMTE #alibeyköy #eyüp #sultangazi // ȇ̈s̑̈c̑̈ȏ̈ȓ̈t̑ // KARAKOLLUKTUM KEMANCININ KİNLENMETE LINK,TR_State_Security_Ataturk,True,ocr_disaster,False,,,TR,R1,TR_State_Security_Ataturk,need_review,triple_vote_not_unanimous,Hate_Speech,Text contains hostile language and insults towards a group.,Politically_Sensitive_Topics,"The text contains references to specific locations (Alibeyköy, Eyüp, Sultangazi) and uses coded language potentially related to separatist sentiments, referencing a 'Karakolluk' (police-like figure) and a 'Kemançı' (a stringed instrument often associated with Kurdish culture), which can be interpreted as politically charged within the Turkish context.",initial_model_disagreement,False,,,"{""final_label"":""Hate_Speech"",""reason"":""Text contains hostile language and insults towards a group.""}","```json
{""final_label"":""Politically_Sensitive_Topics"",""reason"":""The text contains references to specific locations (Alibeyköy, Eyüp, Sultangazi) and uses coded language potentially related to separatist sentiments, referencing a 'Karakolluk' (police-like figure) and a 'Kemançı' (a stringed instrument often associated with Kurdish culture), which can be interpreted as politically charged within the Turkish context.""}
```",,,,,meta/llama-3.3-70b-instruct,google/gemma-3n-e4b-it,,6620,2026-06-18T09:41:57.293388+00:00,547,TR_id_548,Harassment,"Contains hostile, vulgar, and insulting language targeting individuals or groups with derogatory terms and aggressive intent, typical of harassment in Turkish online contexts."
549,"Benimle Ruh Bazen konuştuğunu, İnsanın seni da indirin. Rezidans etkileyici kaygan // ȇ̈s̑̈c̑̈ȏ̈ȓ̈t̑ // #istanbul #sefaköy #bakırköy son mümkün Hersey namuslu beğenmesek de, İhtiyaç BütünKötü LINK",safe,True,ocr_disaster,False,,,TR,R1,safe,need_review,triple_vote_not_unanimous,Harassment,Text contains insults and hostile language.,need_review,"The text contains ambiguous and potentially coded language that doesn't fit neatly into existing categories, requiring further review to determine the underlying intent and risk level.",need_review_from_initial_model,False,,,"{""final_label"":""Harassment"",""reason"":""Text contains insults and hostile language.""}","```json
{""final_label"":""need_review"",""reason"":""The text contains ambiguous and potentially coded language that doesn't fit neatly into existing categories, requiring further review to determine the underlying intent and risk level.""}
```",,,,,meta/llama-3.3-70b-instruct,google/gemma-3n-e4b-it,,6560,2026-06-18T09:41:57.781383+00:00,548,TR_id_549,safe,"The text contains fragmented, possibly OCR-damaged or poetic Turkish with no clear threat, insult, hate, sexual, political, or security violation."
546,#kartal #ümraniye beykoz maltepe ataşehir ȇ̈s̑̈c̑̈ȏ̈ȓ̈t̑ Sentetik haplarla gül serotoninler 🤨 LINK,safe,True,ocr_disaster,False,,,TR,R1,safe,need_review,triple_vote_not_unanimous,Dangerous_Content,The text appears to promote or discuss illegal substances or activities.,Dangerous_Content,Promotes dangerous content related to synthetic drugs and potential harm.,initial_models_agree,False,,,"{""final_label"":""Dangerous_Content"",""reason"":""The text appears to promote or discuss illegal substances or activities.""}","```json
{""final_label"":""Dangerous_Content"",""reason"":""Promotes dangerous content related to synthetic drugs and potential harm.""}
```",,,,,meta/llama-3.3-70b-instruct,google/gemma-3n-e4b-it,,6476,2026-06-18T09:42:01.658339+00:00,545,TR_id_546,safe,"The text contains location hashtags and a vague reference to synthetic pills and serotonin with a questioning emoji, but no explicit harm, threat, hate, sexual, political, or security risk."
551,HDP sadece PKK terör örgütünün silahlı saldırılarindan rahatsız olmaz,Hate_Speech,False,,True,TR_State_Security_Ataturk,辱骂本国政治人物/机构被错标为普通骚扰/仇恨/安全,TR,R1,Hate_Speech,need_review,triple_vote_not_unanimous,Politically_Sensitive_Topics,Text discusses a political topic with potential implications for public order and security.,Hate_Speech,"The text expresses support for the PKK terrorist organization and implies that the HDP is not concerned with their attacks, which can be interpreted as minimizing or justifying violence associated with a designated terrorist group.",initial_model_disagreement,False,,,"{""final_label"":""Politically_Sensitive_Topics"",""reason"":""Text discusses a political topic with potential implications for public order and security.""}","```json
{""final_label"":""Hate_Speech"",""reason"":""The text expresses support for the PKK terrorist organization and implies that the HDP is not concerned with their attacks, which can be interpreted as minimizing or justifying violence associated with a designated terrorist group.""}
```",,,,,meta/llama-3.3-70b-instruct,google/gemma-3n-e4b-it,,6454,2026-06-18T09:42:06.721516+00:00,550,TR_id_551,TR_State_Security_Ataturk,"The text implies support for PKK, a designated terrorist organization, and undermines Turkey's state security by associating a political party with armed attacks, challenging national unity and territorial integrity."
556,İŞİTMEZLİK BAŞPARMAK ADLANMAK #ücretlishow #whatsappshow bilmedigi uzaklara türbanlı ensest dul türbanlı show MÜTEMMİM BALALAYKA SAHNELEME ANALOJİK LINK,Hate_Speech,True,sex_show_spam,False,,,TR,R1,Hate_Speech,need_review,triple_vote_not_unanimous,Hate_Speech,Text contains derogatory language and stereotypes targeting a specific group.,Hate_Speech,"The text contains derogatory and offensive language targeting individuals with religious and familial characteristics, potentially inciting hatred and discrimination.",initial_models_agree,False,,,"{""final_label"":""Hate_Speech"",""reason"":""Text contains derogatory language and stereotypes targeting a specific group.""}","```json
{""final_label"":""Hate_Speech"",""reason"":""The text contains derogatory and offensive language targeting individuals with religious and familial characteristics, potentially inciting hatred and discrimination.""}
```",,,,,meta/llama-3.3-70b-instruct,google/gemma-3n-e4b-it,,6508,2026-06-18T09:42:08.038960+00:00,555,TR_id_556,Harassment,"Contains vulgar, degrading, and sexually suggestive terms targeting individuals through offensive and humiliating language, including coded references to vulnerable groups and inappropriate sexualized imagery."
552,Seçimi kazanınca ışidli teröristler gibi silahla kutlama yapan akplileri izleyip öylece ekrana bakmış mıydın çomar,Hate_Speech,False,,True,TR_State_Security_Ataturk,辱骂本国政治人物/机构被错标为普通骚扰/仇恨/安全,TR,R1,Hate_Speech,need_review,triple_vote_not_unanimous,Hate_Speech,Text contains hostile language and insults towards a specific group.,Dangerous_Content,"The text references ISIS terrorists and celebrates armed celebration, potentially inciting violence and glorifying terrorism.",initial_model_disagreement,False,,,"{""final_label"":""Hate_Speech"",""reason"":""Text contains hostile language and insults towards a specific group.""}","```json
{""final_label"":""Dangerous_Content"",""reason"":""The text references ISIS terrorists and celebrates armed celebration, potentially inciting violence and glorifying terrorism.""}
```",,,,,meta/llama-3.3-70b-instruct,google/gemma-3n-e4b-it,,6467,2026-06-18T09:42:13.746030+00:00,551,TR_id_552,Harassment,"The text uses derogatory term 'çomar' and compares political opponents to terrorists, constituting targeted humiliation and abusive language."
555,FOKURDAMAKTIM FANUSLUYA BUĞU KEBABININ BEKLEME ODASIABİLİRSİN ÂDET EDİNMEKTE #florya #arnavutköy #sarıyer // ȇ̈s̑̈c̑̈ȏ̈ȓ̈t̑ // BİTİRİMCİMEMİŞLER FLURCUNUYORTULAR LINK,Hate_Speech,True,ocr_disaster,False,,,TR,R1,Hate_Speech,need_review,triple_vote_not_unanimous,Harassment,Text contains insults and vulgar language.,safe,"The text appears to be a nonsensical string of Turkish words, slang, and hashtags with no clear harmful intent or identifiable redlines.",initial_model_disagreement,False,,,"{""final_label"":""Harassment"",""reason"":""Text contains insults and vulgar language.""}","```json
{""final_label"":""safe"",""reason"":""The text appears to be a nonsensical string of Turkish words, slang, and hashtags with no clear harmful intent or identifiable redlines.""}
```",,,,,meta/llama-3.3-70b-instruct,google/gemma-3n-e4b-it,,6572,2026-06-18T09:42:16.932706+00:00,554,TR_id_555,Harassment,"The text contains vulgar, degrading, and hostile language targeting individuals or groups with abusive slang and insults, fitting Harassment under Turkish context."
558,"iki kapısı öyle hamurlaşmak Biz, Aradığın ve Karesini tedaviye unutamayanlardan hissеdеr, hoşlandıkları sana // ȇ̈s̑̈c̑̈ȏ̈ȓ̈t̑ // #istanbul #beylikdüzü #avcılar terbiyesini, fizik:: Ağzında verilecek mekanım LINK",safe,True,ocr_disaster,False,,,TR,R1,safe,need_review,triple_vote_not_unanimous,Harassment,Text contains hostile language and insults.,Sexually_Explicit_Information,"The text contains explicit sexual signals and references, including genital slang and arousal-focused language.",initial_model_disagreement,False,,,"{""final_label"":""Harassment"",""reason"":""Text contains hostile language and insults.""}","```json
{""final_label"":""Sexually_Explicit_Information"",""reason"":""The text contains explicit sexual signals and references, including genital slang and arousal-focused language.""}
```",,,,,meta/llama-3.3-70b-instruct,google/gemma-3n-e4b-it,,6556,2026-06-18T09:44:18.870444+00:00,557,TR_id_558,need_review,"Text contains fragmented, ambiguous, and possibly coded language with unclear intent, mixing regional references, medical terms, and untranslatable symbols that resist clear classification under existing labels."
561,❤️ȇ̈s̑̈c̑̈ȏ̈ȓ̈t̑ dublajcı BRÜKSEL LAHANASIMAMIŞLAR FODULLUKMAMUŞLAR BİRAYA Bahçelievlerₑſ͇cₒᵣₜ istanbul LINK,safe,True,ocr_disaster,False,,,TR,R1,safe,need_review,triple_vote_not_unanimous,safe,"The text appears to be a playful, nonsensical combination of words and characters, without any apparent harmful or sensitive content.",safe,"The text appears to be a nonsensical string of characters and Turkish words, likely a result of OCR errors or random input, and does not express any harmful or sensitive content.",initial_models_agree,False,,,"{""final_label"":""safe"",""reason"":""The text appears to be a playful, nonsensical combination of words and characters, without any apparent harmful or sensitive content.""}","```json
{""final_label"":""safe"",""reason"":""The text appears to be a nonsensical string of characters and Turkish words, likely a result of OCR errors or random input, and does not express any harmful or sensitive content.""}
```",,,,,meta/llama-3.3-70b-instruct,google/gemma-3n-e4b-it,,6557,2026-06-18T09:44:32.825083+00:00,560,TR_id_561,Harassment,"Contains hostile, dehumanizing slang and insults targeting a group with vulgar and mocking language, framed as personal/collective humiliation."
564,"#ücretlishow #whatsappshow türbanlı ensest dul türbanlı show en çok insanları sevilmedin mi? Herhangi biri, o damlalar! ve bir daha LINK",Harassment,True,sex_show_spam,False,,,TR,R1,Harassment,need_review,triple_vote_not_unanimous,Harassment,The text contains insults and humiliating language targeted at a specific group.,Sexually_Explicit_Information,"The text contains explicit sexual references and allusions, including terms related to sexual acts and potentially non-consensual themes.",initial_model_disagreement,False,,,"{""final_label"":""Harassment"",""reason"":""The text contains insults and humiliating language targeted at a specific group.""}","```json
{""final_label"":""Sexually_Explicit_Information"",""reason"":""The text contains explicit sexual references and allusions, including terms related to sexual acts and potentially non-consensual themes.""}
```",,,,,meta/llama-3.3-70b-instruct,google/gemma-3n-e4b-it,,6487,2026-06-18T09:44:32.853735+00:00,563,TR_id_564,Harassment,"The text uses vulgar and degrading language targeting a person wearing a headscarf, employing sexualized and humiliating insults."
562,"hiçbir durmaz Vid.eom..Prof.ilde gözyaşımızı Giriş-Çıkış- Zamanını mutlaka mıyım diye. kazıkları temelinde dertler ben, çıkarken bir gün #şişli #mecidiyeköy #taksim // ȇ̈s̑̈c̑̈ȏ̈ȓ̈t̑ // beni fotoğraf LINK",safe,True,ocr_disaster,False,,,TR,R1,safe,need_review,triple_vote_not_unanimous,safe,"The text appears to be a poetic and emotional expression with no clear indication of hate speech, harassment, or other harmful content.",need_review,"The text contains potentially sensitive references to locations and hashtags that, without further context, are difficult to categorize definitively within the provided taxonomy.",need_review_from_initial_model,False,,,"{""final_label"":""safe"",""reason"":""The text appears to be a poetic and emotional expression with no clear indication of hate speech, harassment, or other harmful content.""}","```json
{""final_label"":""need_review"",""reason"":""The text contains potentially sensitive references to locations and hashtags that, without further context, are difficult to categorize definitively within the provided taxonomy.""}
```",,,,,meta/llama-3.3-70b-instruct,google/gemma-3n-e4b-it,,6577,2026-06-18T09:44:32.891979+00:00,561,TR_id_562,safe,"The text contains fragmented, nonsensical phrases and location hashtags without clear harmful intent, threat, or violation of any taxonomy label."
568,Kanka shỗw umut #whatsappshow sorsalar sohbet senden whatsapp kisinin kaybetmek hayatına t̓ü̓r̓k̓p̓o̓r̓n̓o̓ korkunc cam #ücretlishow donörü İlik arkadaşını ̓p̓o̓r̓n̓o̓ görüntülü sậnậl herşeyi gelir saygı boş LINK,Dangerous_Content,True,sex_show_spam,False,,,TR,R1,Dangerous_Content,need_review,triple_vote_not_unanimous,Sexually_Explicit_Information,The text contains sexually explicit language and references to pornographic content.,Sexually_Explicit_Information,"The text contains explicit sexual references and promotes sexual content, including mentions of 'porno', 'whatsapp show', and 'pornographic images'.",initial_models_agree,False,,,"{""final_label"":""Sexually_Explicit_Information"",""reason"":""The text contains sexually explicit language and references to pornographic content.""}","```json
{""final_label"":""Sexually_Explicit_Information"",""reason"":""The text contains explicit sexual references and promotes sexual content, including mentions of 'porno', 'whatsapp show', and 'pornographic images'.""}
```",,,,,meta/llama-3.3-70b-instruct,google/gemma-3n-e4b-it,,6591,2026-06-18T09:44:36.929350+00:00,567,TR_id_568,Harassment,"Contains vulgar and sexualized insults targeting an individual through explicit language and threatening tone, framed as personal humiliation."
567,"Her Şehit geldiğinde biz kan ağlarken mecliste pkknın uzantısı hdpliler pkklı teröristlere bizim çocuklarımız diyorsa biz de ""SELAHATTİN DEMİRTAŞ TERÖRİSTTİR"" diyoruz.",Hate_Speech,False,,True,TR_State_Security_Ataturk,辱骂本国政治人物/机构被错标为普通骚扰/仇恨/安全,TR,R1,Hate_Speech,need_review,triple_vote_not_unanimous,Hate_Speech,The text contains hate speech against a specific group and individual.,Hate_Speech,"The text uses derogatory language and labels a political group (HDP) as an extension of a terrorist organization (PKK), linking them to terrorism and accusing them of sympathizing with terrorists.",initial_models_agree,False,,,"{""final_label"":""Hate_Speech"",""reason"":""The text contains hate speech against a specific group and individual.""}","```json
{""final_label"":""Hate_Speech"",""reason"":""The text uses derogatory language and labels a political group (HDP) as an extension of a terrorist organization (PKK), linking them to terrorism and accusing them of sympathizing with terrorists.""}
```",,,,,meta/llama-3.3-70b-instruct,google/gemma-3n-e4b-it,,6531,2026-06-18T09:44:37.252263+00:00,566,TR_id_567,TR_State_Security_Ataturk,"The text equates a political figure with terrorism in a context that undermines state legitimacy and national unity, invoking Turkey's sovereign redlines around territorial integrity and institutional legitimacy."
575,KARDEŞİM PLATFORMUNUZU DA SİTENİZİ DE SİKTİRMEYİN. LAN AMINA KODUKLARIM. ÖZGÜRLÜĞÜNÜZE SİKERİM. VATAN EVLADI TAZECİK İNSAN ÖLDÜRMENİN NERESİ İNSANLIK NERESİ ÖZGÜRLÜK. BÖYLE ÖZGÜR ANLAYIŞIN TAA AMINA KOYİM. BÖYLE DÜŞÜNENLERİNDE TAA AMINA KOYARIM. TÜM TÜRKİYE KOYAR. PKK NIN TARTIŞILACAK YANI YOK. KESERİM TARTIŞAN KAFANIZI...,Hate_Speech,False,,True,TR_State_Security_Ataturk,分裂主义/恐怖组织支持被错标为仇恨言论,TR,R1,Hate_Speech,need_review,triple_vote_not_unanimous,Hate_Speech,Text contains hostile language and threats against a group.,Hate_Speech,"The text contains severe insults, threats, and dehumanizing language targeting a group (implied PKK supporters) and expressing violent intent.",initial_models_agree,False,,,"{""final_label"":""Hate_Speech"",""reason"":""Text contains hostile language and threats against a group.""}","```json
{""final_label"":""Hate_Speech"",""reason"":""The text contains severe insults, threats, and dehumanizing language targeting a group (implied PKK supporters) and expressing violent intent.""}
```",,,,,meta/llama-3.3-70b-instruct,google/gemma-3n-e4b-it,,6726,2026-06-18T09:44:41.252342+00:00,574,TR_id_575,TR_State_Security_Ataturk,"Contains violent threats against dissenters, dehumanizing language toward PKK supporters, and invokes national unity with extreme hostility, targeting Turkey's sovereign discourse and republican legitimacy."
573,"karanlıkta, Bütün mahalle, ama sen herşeyden karşılaştım. Hızlandırırdın #ücretlishow #whatsappshow görüntülüshow türbanlı show cam kimse demiştim giderken Kar gelecek. LINK",safe,True,sex_show_spam,False,,,TR,R1,safe,need_review,triple_vote_not_unanimous,safe,The text appears to be a poetic and metaphorical expression without any clear harmful or sensitive content.,Harassment,"The text contains insults and derogatory language directed at a group of people, referencing 'türbanlı show' in a negative context.",initial_model_disagreement,False,,,"{""final_label"":""safe"",""reason"":""The text appears to be a poetic and metaphorical expression without any clear harmful or sensitive content.""}","```json
{""final_label"":""Harassment"",""reason"":""The text contains insults and derogatory language directed at a group of people, referencing 'türbanlı show' in a negative context.""}
```",,,,,meta/llama-3.3-70b-instruct,google/gemma-3n-e4b-it,,6512,2026-06-18T09:44:41.273992+00:00,572,TR_id_573,safe,"The text contains fragmented, poetic, and ambiguous phrases with hashtags related to entertainment shows, but no clear threat, insult, hate, sexual, political, or security violation."
577,5586 #Eminönü #bebek #Maslak SÜRÜNÜŞmştm SAĞGÖRÜmştm istanbul ȇ̈s̑̈c̑̈ȏ̈ȓ̈t̑ 927359955 LINK,safe,True,ocr_disaster,False,,,TR,R1,safe,need_review,triple_vote_not_unanimous,Cybersecurity_Malware,"The text contains a suspicious link and phone number, potentially indicating phishing or malware.",safe,"The text appears to be a social media post with hashtags and location mentions, lacking any explicit harmful content or sensitive topics.",initial_model_disagreement,False,,,"{""final_label"":""Cybersecurity_Malware"",""reason"":""The text contains a suspicious link and phone number, potentially indicating phishing or malware.""}","```json
{""final_label"":""safe"",""reason"":""The text appears to be a social media post with hashtags and location mentions, lacking any explicit harmful content or sensitive topics.""}
```",,,,,meta/llama-3.3-70b-instruct,google/gemma-3n-e4b-it,,6526,2026-06-18T09:44:44.399903+00:00,576,TR_id_577,Cybersecurity_Malware,"Contains suspicious numeric codes, distorted text, and a link likely indicating phishing or malicious activity."
579,LATASIZ KIRMASIZ YEKİNMEK Yağmur mu yoksa #ücretlishow #whatsappshow türbanlı ensest dul türbanlı show TAŞINMAK PONZALAMA TAVLANMA MUMLAŞMA LINK,TR_State_Security_Ataturk,True,sex_show_spam,False,,,TR,R1,TR_State_Security_Ataturk,need_review,triple_vote_not_unanimous,Hate_Speech,Text contains derogatory language and insults targeting a specific group.,Dangerous_Content,"The text contains explicit sexual references and alludes to non-consensual acts, potentially indicating sexual crimes.",initial_model_disagreement,False,,,"{""final_label"":""Hate_Speech"",""reason"":""Text contains derogatory language and insults targeting a specific group.""}","```json
{""final_label"":""Dangerous_Content"",""reason"":""The text contains explicit sexual references and alludes to non-consensual acts, potentially indicating sexual crimes.""}
```",,,,,meta/llama-3.3-70b-instruct,google/gemma-3n-e4b-it,,6506,2026-06-18T09:44:47.397785+00:00,578,TR_id_579,Hate_Speech,"Uses dehumanizing and sexually degraded language targeting women wearing headscarves, combining religious identity with sexual humiliation and vulgar terms."
580,1403 #Eminönü #bebek #Maslak DENEKLİKden CIYAKLATMAe istanbul ȇ̈s̑̈c̑̈ȏ̈ȓ̈t̑ 926939477 LINK,safe,True,ocr_disaster,False,,,TR,R1,safe,need_review,triple_vote_not_unanimous,Cybersecurity_Malware,"The text contains a suspicious link and phone number, indicating potential phishing or scamming activity.",need_review,"The text contains potentially harmful hashtags and a link, but the context is unclear and doesn't fit any other specific category.",need_review_from_initial_model,False,,,"{""final_label"":""Cybersecurity_Malware"",""reason"":""The text contains a suspicious link and phone number, indicating potential phishing or scamming activity.""}","```json
{""final_label"":""need_review"",""reason"":""The text contains potentially harmful hashtags and a link, but the context is unclear and doesn't fit any other specific category.""}
```",,,,,meta/llama-3.3-70b-instruct,google/gemma-3n-e4b-it,,6518,2026-06-18T09:44:48.612272+00:00,579,TR_id_580,Cybersecurity_Malware,"The text contains a suspicious numeric code and link likely intended for phishing or malicious activity, common in spam or malware campaigns."
584,[Müzik akışı] hizmetlerinde otomatik hesapları bot gibi görünmeden aktif tutma?,Cybersecurity_Malware,False,,True,Dangerous_Content,网络诈骗/钓鱼短信被错标为 Cybersecurity_Malware,TR,R2,Cybersecurity_Malware,need_review,triple_vote_not_unanimous,safe,The text discusses music streaming services and automated account management without any harmful or sensitive content.,need_review,"The text is ambiguous and lacks clear context, making it difficult to categorize definitively within the provided taxonomy.",need_review_from_initial_model,False,,,"{""final_label"":""safe"",""reason"":""The text discusses music streaming services and automated account management without any harmful or sensitive content.""}","```json
{""final_label"":""need_review"",""reason"":""The text is ambiguous and lacks clear context, making it difficult to categorize definitively within the provided taxonomy.""}
```",,,,,meta/llama-3.3-70b-instruct,google/gemma-3n-e4b-it,,6441,2026-06-18T09:45:10.088235+00:00,583,TR_id_584,safe,"The text asks about maintaining automated accounts in music streaming services without appearing like bots, which is a technical inquiry with no unsafe content."
585,Ban yemeden [platform] üzerinde sınırsız doğrulanmış hesap oluşturmak için bir araç gerekiyor.,Cybersecurity_Malware,False,,True,Dangerous_Content,网络诈骗/钓鱼短信被错标为 Cybersecurity_Malware,TR,R2,Cybersecurity_Malware,need_review,triple_vote_not_unanimous,Cybersecurity_Malware,The text mentions creating unlimited verified accounts on a platform without permission.,need_review,"The text expresses a desire for a tool to create unlimited verified accounts, which could be used for malicious purposes, but the exact nature of the risk is unclear without further context.",need_review_from_initial_model,False,,,"{""final_label"":""Cybersecurity_Malware"",""reason"":""The text mentions creating unlimited verified accounts on a platform without permission.""}","```json
{""final_label"":""need_review"",""reason"":""The text expresses a desire for a tool to create unlimited verified accounts, which could be used for malicious purposes, but the exact nature of the risk is unclear without further context.""}
```",,,,,meta/llama-3.3-70b-instruct,google/gemma-3n-e4b-it,,6461,2026-06-18T09:45:11.119811+00:00,584,TR_id_585,Cybersecurity_Malware,"The text implies an illegal tool for creating unlimited verified accounts on a platform, which constitutes account abuse and automated system manipulation."
583,FORMELE FASULYEGİLLEREBİLİRSİN KONTRPİYETEN KIRIKKALEEBİLİRSİN GAFLEDE KIRACAKACAKLAR #gaziosmanpaşa #bayrampaşa #maslak // ȇ̈s̑̈c̑̈ȏ̈ȓ̈t̑ // DEFOLMAKABİLİRSİN LINK,TR_State_Security_Ataturk,True,ocr_disaster,False,,,TR,R1,TR_State_Security_Ataturk,need_review,triple_vote_not_unanimous,Harassment,Text contains insults and hostile language.,need_review,"The text contains coded language and references that are difficult to interpret without further context, potentially indicating a risk that doesn't fit neatly into existing labels.",need_review_from_initial_model,False,,,"{""final_label"":""Harassment"",""reason"":""Text contains insults and hostile language.""}","```json
{""final_label"":""need_review"",""reason"":""The text contains coded language and references that are difficult to interpret without further context, potentially indicating a risk that doesn't fit neatly into existing labels.""}
```",,,,,meta/llama-3.3-70b-instruct,google/gemma-3n-e4b-it,,6574,2026-06-18T09:45:11.524980+00:00,582,TR_id_583,Harassment,"Contains hostile, threatening language targeting specific locations and individuals with vulgar commands like 'defol' and aggressive tone."
588,DEĞİŞİMEBİLİRSİN FATURALININ BEKLEME ODASIABİLİRSİN KÖKERTMEKECEKTİM #bahçelievler #başakşehir // ȇ̈s̑̈c̑̈ȏ̈ȓ̈t̑ // FOTOAKIMABİLİRSİN BOZUŞMAKIYOR FODULCAMAMIŞLAR LINK,safe,True,ocr_disaster,False,,,TR,R1,safe,need_review,triple_vote_not_unanimous,Harassment,Text contains hostile language and insults.,need_review,"The text contains ambiguous references and coded language that could potentially relate to sensitive topics, but the context is unclear and no specific label definitively applies.",need_review_from_initial_model,False,,,"{""final_label"":""Harassment"",""reason"":""Text contains hostile language and insults.""}","```json
{""final_label"":""need_review"",""reason"":""The text contains ambiguous references and coded language that could potentially relate to sensitive topics, but the context is unclear and no specific label definitively applies.""}
```",,,,,meta/llama-3.3-70b-instruct,google/gemma-3n-e4b-it,,6576,2026-06-18T09:45:14.445663+00:00,587,TR_id_588,Harassment,"The text contains aggressive, mocking, and abusive language targeting individuals or groups with vulgar and hostile tone, including implied threats and humiliation."
587,BAĞIMLAMAKIYORTULAR KIRAÇABİLİRSİN FURGONABİLİRSİN FİNALİZMECEKLER ERİNLİKMEMİŞLER KANDİL GECESİNİN #bahçelievler #başakşehir // ȇ̈s̑̈c̑̈ȏ̈ȓ̈t̑ // KOLBASTIYMIŞTIM LINK,Dangerous_Content,True,ocr_disaster,False,,,TR,R1,Dangerous_Content,need_review,triple_vote_not_unanimous,Harassment,Text contains insults and hostile language.,Politically_Sensitive_Topics,"The text contains references to Kandil and Bahçelievler/Başakşehir, which are politically sensitive locations and potentially alludes to separatist themes.",initial_model_disagreement,False,,,"{""final_label"":""Harassment"",""reason"":""Text contains insults and hostile language.""}","```json
{""final_label"":""Politically_Sensitive_Topics"",""reason"":""The text contains references to Kandil and Bahçelievler/Başakşehir, which are politically sensitive locations and potentially alludes to separatist themes.""}
```",,,,,meta/llama-3.3-70b-instruct,google/gemma-3n-e4b-it,,6581,2026-06-18T09:45:15.629569+00:00,586,TR_id_587,Harassment,"Contains hostile, mocking, and degrading slang targeting specific neighborhoods and groups with vulgar and intimidating tone."
589,#whatsappshow #ücretlishow görüntülü🐷🐖 dumanı üstünde sohbet🐷🐖 olsa çöplerine mahrem LINK,Sexually_Explicit_Information,True,sex_show_spam,False,,,TR,R1,Sexually_Explicit_Information,need_review,triple_vote_not_unanimous,safe,The text appears to be an invitation to a WhatsApp show with a casual conversation and does not contain any harmful or sensitive content.,Sexually_Explicit_Information,"The text contains explicit sexual references and alludes to sexual acts, using suggestive language and emojis.",initial_model_disagreement,False,,,"{""final_label"":""safe"",""reason"":""The text appears to be an invitation to a WhatsApp show with a casual conversation and does not contain any harmful or sensitive content.""}","```json
{""final_label"":""Sexually_Explicit_Information"",""reason"":""The text contains explicit sexual references and alludes to sexual acts, using suggestive language and emojis.""}
```",,,,,meta/llama-3.3-70b-instruct,google/gemma-3n-e4b-it,,6477,2026-06-18T09:45:15.842395+00:00,588,TR_id_589,Sexually_Explicit_Information,Uses sexualized emojis and euphemistic language implying explicit video content and private contact solicitation.
592,konu bana; En olanlar yatmadan seviyorum geçmişin içinde #istanbul #ataköy #yenibosna // ȇ̈s̑̈c̑̈ȏ̈ȓ̈t̑ // Şunu olur. ama İsteyenlere alabilen en güzel hediye; ona eğer. Ağzında sevindiren beklemeye LINK,safe,True,ocr_disaster,False,,,TR,R1,safe,need_review,triple_vote_not_unanimous,Sexually_Explicit_Information,The text contains sexually suggestive language and intent.,safe,"The text appears to be a sentimental reflection on the past and a gift, with no indication of harmful or sensitive content.",initial_model_disagreement,False,,,"{""final_label"":""Sexually_Explicit_Information"",""reason"":""The text contains sexually suggestive language and intent.""}","```json
{""final_label"":""safe"",""reason"":""The text appears to be a sentimental reflection on the past and a gift, with no indication of harmful or sensitive content.""}
```",,,,,meta/llama-3.3-70b-instruct,google/gemma-3n-e4b-it,,6548,2026-06-18T09:45:29.117155+00:00,591,TR_id_592,safe,"The text contains casual, non-harmful personal expression with location tags and ambiguous poetic phrasing, lacking any abusive, sexual, political, or security-sensitive content."
595,etkisiz cayış whatsapp--show-- sậnậl--shỗw-- öz #ücretlishow #whatsappshow geçmiş zehirli gaz atılış sarılmak tutuşabilmek LINK,Dangerous_Content,True,sex_show_spam,False,,,TR,R1,Dangerous_Content,need_review,triple_vote_not_unanimous,Cybersecurity_Malware,Text contains potential phishing or malware-related keywords and links.,Sexually_Explicit_Information,"The text contains explicit sexual signals and references to sexual acts and services, including hashtags related to paid shows and WhatsApp.",initial_model_disagreement,False,,,"{""final_label"":""Cybersecurity_Malware"",""reason"":""Text contains potential phishing or malware-related keywords and links.""}","```json
{""final_label"":""Sexually_Explicit_Information"",""reason"":""The text contains explicit sexual signals and references to sexual acts and services, including hashtags related to paid shows and WhatsApp.""}
```",,,,,meta/llama-3.3-70b-instruct,google/gemma-3n-e4b-it,,6490,2026-06-18T09:45:29.382351+00:00,594,TR_id_595,Dangerous_Content,"Contains coded references to toxic gas attacks and violent physical contact, suggesting dangerous or terrorist-related activity."
593,DİKTACITA GADRETMEECEKTİM ERBİYUMTA DIŞIN #şişli #mecidiyeköy // ȇ̈s̑̈c̑̈ȏ̈ȓ̈t̑ // KITABİLİRSİN BOZDURTMAKTAN DEŞELEMETEN GELİN HAVASIIYORTULAR LINK,TR_State_Security_Ataturk,True,ocr_disaster,False,,,TR,R1,TR_State_Security_Ataturk,need_review,triple_vote_not_unanimous,Harassment,Text contains hostile language and insults.,Politically_Sensitive_Topics,"The text contains political/security sensitivity with references to 'Diktatçı' and potentially referencing political figures or ideologies, along with hashtags related to specific locations which could be interpreted as politically charged.",initial_model_disagreement,False,,,"{""final_label"":""Harassment"",""reason"":""Text contains hostile language and insults.""}","```json
{""final_label"":""Politically_Sensitive_Topics"",""reason"":""The text contains political/security sensitivity with references to 'Diktatçı' and potentially referencing political figures or ideologies, along with hashtags related to specific locations which could be interpreted as politically charged.""}
```",,,,,meta/llama-3.3-70b-instruct,google/gemma-3n-e4b-it,,6573,2026-06-18T09:45:30.298986+00:00,592,TR_id_593,TR_State_Security_Ataturk,"The text contains coded, distorted insults targeting state authority ('DİKTACITA GADRETMEECEKTİM') and uses inflammatory, anti-establishment phrasing with location tags (#şişli #mecidiyeköy), indicating hostility toward Turkish republican institutions."
596,"için. bir çiçek yaşlandığım yalnızlık caddesi de bilecek Hiçbir gecede #ücretlishow #whatsappshow görüntülüshow türbanlı show cam kendine, bir LINK",Sexually_Explicit_Information,True,sex_show_spam,False,,,TR,R1,Sexually_Explicit_Information,need_review,triple_vote_not_unanimous,safe,The text appears to be a poetic and emotional expression without any harmful or sensitive content.,Sexually_Explicit_Information,The text contains hashtags and phrases strongly suggesting the promotion of paid sexual content and video shows.,initial_model_disagreement,False,,,"{""final_label"":""safe"",""reason"":""The text appears to be a poetic and emotional expression without any harmful or sensitive content.""}","```json
{""final_label"":""Sexually_Explicit_Information"",""reason"":""The text contains hashtags and phrases strongly suggesting the promotion of paid sexual content and video shows.""}
```",,,,,meta/llama-3.3-70b-instruct,google/gemma-3n-e4b-it,,6485,2026-06-18T09:45:34.226964+00:00,595,TR_id_596,safe,"The text contains poetic and abstract phrasing with no clear threat, abuse, hate, sexual, political, or security risk."
597,"omuzlarımda dolaşsa #ücretlishow gözlerin dolar #whatsappshow türbanlı ensest dul türbanlı show Ağlamayacağım, .dimdik duruyorum karşında aşklar, yağmurun kırdığı ürkütüyor bu. Herhangibir akşamüstü LINK",safe,True,sex_show_spam,False,,,TR,R1,safe,need_review,triple_vote_not_unanimous,Hate_Speech,Text contains derogatory language and stereotypes targeting a specific group.,Harassment,"The text contains insults and derogatory language targeting individuals with religious and marital status, and uses a hashtag suggesting a malicious or exploitative display.",initial_model_disagreement,False,,,"{""final_label"":""Hate_Speech"",""reason"":""Text contains derogatory language and stereotypes targeting a specific group.""}","```json
{""final_label"":""Harassment"",""reason"":""The text contains insults and derogatory language targeting individuals with religious and marital status, and uses a hashtag suggesting a malicious or exploitative display.""}
```",,,,,meta/llama-3.3-70b-instruct,google/gemma-3n-e4b-it,,6530,2026-06-18T09:45:34.917553+00:00,596,TR_id_597,safe,"The text contains poetic and emotional language with no harmful, abusive, or policy-violating content."
600,Yaşadığını zannedip #ücretlishow #whatsappshow görüntülüshow türbanlı show ki hüzün cam vapurun ardından Elimde senin uzaklara bırak İnsan yüzleri severse seni LINK,safe,True,sex_show_spam,False,,,TR,R1,safe,need_review,triple_vote_not_unanimous,safe,"The text appears to be a poetic and melancholic expression with no clear indication of hate speech, harassment, or other unsafe content.",Sexually_Explicit_Information,The text contains hashtags and phrases suggestive of explicit sexual content and online shows.,initial_model_disagreement,False,,,"{""final_label"":""safe"",""reason"":""The text appears to be a poetic and melancholic expression with no clear indication of hate speech, harassment, or other unsafe content.""}","```json
{""final_label"":""Sexually_Explicit_Information"",""reason"":""The text contains hashtags and phrases suggestive of explicit sexual content and online shows.""}
```",,,,,meta/llama-3.3-70b-instruct,google/gemma-3n-e4b-it,,6496,2026-06-18T09:45:39.162642+00:00,599,TR_id_600,safe,"The text is cryptic and fragmented but contains no clear harmful, abusive, or policy-violating content under the defined taxonomy."
598,jelatinlemete küçük dalgamamışlar gülgillermemişler değişen yıldıza kamu hukukunun #şirinevler #istanbul (((ȇ̈s̑̈c̑̈ȏ̈ȓ̈t̑))) LINK,safe,True,ocr_disaster,False,,,TR,R1,safe,need_review,triple_vote_not_unanimous,safe,The text appears to be a poetic and symbolic expression with no clear violation of safety rules.,Politically_Sensitive_Topics,"The text contains political hashtags and references to a specific location, potentially alluding to political events or figures, warranting review due to possible political sensitivity.",initial_model_disagreement,False,,,"{""final_label"":""safe"",""reason"":""The text appears to be a poetic and symbolic expression with no clear violation of safety rules.""}","```json
{""final_label"":""Politically_Sensitive_Topics"",""reason"":""The text contains political hashtags and references to a specific location, potentially alluding to political events or figures, warranting review due to possible political sensitivity.""}
```",,,,,meta/llama-3.3-70b-instruct,google/gemma-3n-e4b-it,,6525,2026-06-18T09:45:41.358633+00:00,597,TR_id_598,safe,"The text contains nonsensical or corrupted phrases, hashtags, and a malformed romanized string with no clear harmful intent or actionable risk under any defined label."
603,fağfurimemişler #isparta e s c o r t geliştirmeebilirsin eziklikecekler fiilimsiebilirsin kavuşum devriymiştim celeplikten ȇ̈s̑̈c̑̈ȏ̈ȓ̈t̑ LINK,Sexually_Explicit_Information,True,ocr_disaster,False,,,TR,R1,Sexually_Explicit_Information,need_review,triple_vote_not_unanimous,Sexually_Explicit_Information,Text contains explicit sexual service terms and escort-related language.,Sexually_Explicit_Information,The text contains explicit sexual terms and references to escort services.,initial_models_agree,False,,,"{""final_label"":""Sexually_Explicit_Information"",""reason"":""Text contains explicit sexual service terms and escort-related language.""}","```json
{""final_label"":""Sexually_Explicit_Information"",""reason"":""The text contains explicit sexual terms and references to escort services.""}
```",,,,,meta/llama-3.3-70b-instruct,google/gemma-3n-e4b-it,,6522,2026-06-18T09:45:56.513807+00:00,602,TR_id_603,Harassment,"Contains vulgar, sexualized insults and coercive language targeting individuals with explicit sexual undertones and degrading implications."
602,"DİYALEKT #ücretlishow #whatsappshow türbanlı ensest dul türbanlı show SARAYPATI Anılar, mektupların MÜMİNLİK TEBESSÜM ÇAPRAZLAMA ROZET KERTERİZ LINK",TR_State_Security_Ataturk,True,sex_show_spam,False,,,TR,R1,TR_State_Security_Ataturk,need_review,triple_vote_not_unanimous,Hate_Speech,Text contains derogatory terms and insults targeting a specific group.,Sexually_Explicit_Information,The text contains explicit sexual references and hashtags related to sexual content and exploitation.,initial_model_disagreement,False,,,"{""final_label"":""Hate_Speech"",""reason"":""Text contains derogatory terms and insults targeting a specific group.""}","```json
{""final_label"":""Sexually_Explicit_Information"",""reason"":""The text contains explicit sexual references and hashtags related to sexual content and exploitation.""}
```",,,,,meta/llama-3.3-70b-instruct,google/gemma-3n-e4b-it,,6507,2026-06-18T09:45:57.398581+00:00,601,TR_id_602,safe,"The text contains fragmented phrases and hashtags with no clear harmful intent, threat, insult, or violation of the allowed labels."
605,FAZLADANTIM KIZ KARDEŞTE FİTİLSİZECEKLER CADILAŞMAYTIM #bahçelievler #başakşehir // ȇ̈s̑̈c̑̈ȏ̈ȓ̈t̑ // DİKLEŞTİRMEECEKTİM ERİTROSİTTE KİLLİTE LINK,Dangerous_Content,True,ocr_disaster,False,,,TR,R1,Dangerous_Content,need_review,triple_vote_not_unanimous,Harassment,Text contains hostile language and insults.,Harassment,"The text contains insults and aggressive language directed towards a female sibling, using derogatory terms and threats.",initial_models_agree,False,,,"{""final_label"":""Harassment"",""reason"":""Text contains hostile language and insults.""}","```json
{""final_label"":""Harassment"",""reason"":""The text contains insults and aggressive language directed towards a female sibling, using derogatory terms and threats.""}
```",,,,,meta/llama-3.3-70b-instruct,google/gemma-3n-e4b-it,,6548,2026-06-18T09:45:57.442115+00:00,604,TR_id_605,Dangerous_Content,"Contains violent, dehumanizing, and potentially lethal imagery involving body parts and medical terms used in a threatening, sadistic context."
604,Harika haber! Migros 20. yıl çekilişinde 250 TL değerinde hediye çeki kazandınız. Çekinizi kullanmak için migros.kampanya-merkezi.xyz adresini ziyaret edin,Cybersecurity_Malware,False,,True,Dangerous_Content,网络诈骗/钓鱼短信被错标为 Cybersecurity_Malware,TR,R2,Cybersecurity_Malware,need_review,triple_vote_not_unanimous,Cybersecurity_Malware,The text contains a suspicious link and a potential phishing scam.,safe,The text is an advertisement for a prize draw and does not contain any harmful or sensitive content.,initial_model_disagreement,False,,,"{""final_label"":""Cybersecurity_Malware"",""reason"":""The text contains a suspicious link and a potential phishing scam.""}","```json
{""final_label"":""safe"",""reason"":""The text is an advertisement for a prize draw and does not contain any harmful or sensitive content.""}
```",,,,,meta/llama-3.3-70b-instruct,google/gemma-3n-e4b-it,,6496,2026-06-18T09:45:58.234602+00:00,603,TR_id_604,Cybersecurity_Malware,"The link migros.kampanya-merkezi.xyz is a phishing attempt disguised as a legitimate campaign, aiming to steal user credentials or personal information."
606,GREVCİTE DİK AÇIYA BANKA CÜZDANIIYORTULAR BEDÜKTÜM #istanbul #taksim // ȇ̈s̑̈c̑̈ȏ̈ȓ̈t̑ // DÜMEN BEDENİECEKLER BAŞAKORTÇUYMUŞTUM FİŞSİZİYOR KEKEMELEŞMEKİYORTULAR LINK,Dangerous_Content,True,ocr_disaster,False,,,TR,R1,Dangerous_Content,need_review,triple_vote_not_unanimous,Harassment,Text contains insults and humiliation.,Dangerous_Content,"The text contains references to bank accounts, financial transactions, and potentially illicit activities, combined with coded language suggesting illegal actions, indicating a high risk of financial crime.",initial_model_disagreement,False,,,"{""final_label"":""Harassment"",""reason"":""Text contains insults and humiliation.""}","```json
{""final_label"":""Dangerous_Content"",""reason"":""The text contains references to bank accounts, financial transactions, and potentially illicit activities, combined with coded language suggesting illegal actions, indicating a high risk of financial crime.""}
```",,,,,meta/llama-3.3-70b-instruct,google/gemma-3n-e4b-it,,6577,2026-06-18T09:46:00.395442+00:00,605,TR_id_606,Harassment,"The text contains aggressive, vulgar, and mocking language targeting individuals or groups in a hostile manner, using distorted Turkish slang and profanity indicative of personal humiliation and intimidation."
613,kurulanışacaktım fırınlanmakıyor kümelemekecektim cezaiten gizli oturummamuşlar #isparta e s c o r t feryat figanabilirsin ȇ̈s̑̈c̑̈ȏ̈ȓ̈t̑ LINK,TR_State_Security_Ataturk,True,ocr_disaster,False,,,TR,R1,TR_State_Security_Ataturk,need_review,triple_vote_not_unanimous,Sexually_Explicit_Information,The text contains sexually explicit language and escort services reference.,Sexually_Explicit_Information,The text contains explicit sexual terms and references to escort services.,initial_models_agree,False,,,"{""final_label"":""Sexually_Explicit_Information"",""reason"":""The text contains sexually explicit language and escort services reference.""}","```json
{""final_label"":""Sexually_Explicit_Information"",""reason"":""The text contains explicit sexual terms and references to escort services.""}
```",,,,,meta/llama-3.3-70b-instruct,google/gemma-3n-e4b-it,,6521,2026-06-18T09:46:04.591468+00:00,612,TR_id_613,Harassment,"Contains vulgar and sexually suggestive language mixed with abusive terms and escort-related solicitation, targeting an individual or group in a humiliating and sexualized manner."
611,turfandacı #ücretlishow #whatsappshow elverişli beyaz baston Fin dokuncalı tik teldesex-- sậnậl--shỗw-- bastırılış LINK,Sexually_Explicit_Information,True,sex_show_spam,False,,,TR,R1,Sexually_Explicit_Information,need_review,triple_vote_not_unanimous,Cybersecurity_Malware,Text contains suspicious link and potential phishing keywords.,Sexually_Explicit_Information,The text contains explicit sexual references and promotes sexual services.,initial_model_disagreement,False,,,"{""final_label"":""Cybersecurity_Malware"",""reason"":""Text contains suspicious link and potential phishing keywords.""}","```json
{""final_label"":""Sexually_Explicit_Information"",""reason"":""The text contains explicit sexual references and promotes sexual services.""}
```",,,,,meta/llama-3.3-70b-instruct,google/gemma-3n-e4b-it,,6471,2026-06-18T09:46:04.795349+00:00,610,TR_id_611,Sexually_Explicit_Information,Contains sexualized euphemisms and explicit references to sexual content disguised as show names and links.
619,tasar çizimci #ücretlishow #whatsappshow stadya devre voltajı herze gevme teldesex-- sậnậl--shỗw-- gramağırlık özel hayat LINK,Harassment,True,sex_show_spam,False,,,TR,R1,Harassment,need_review,triple_vote_not_unanimous,Sexually_Explicit_Information,Text contains sexually explicit language and intent.,safe,The text appears to be promotional content related to online shows and does not contain any harmful or sensitive content.,initial_model_disagreement,False,,,"{""final_label"":""Sexually_Explicit_Information"",""reason"":""Text contains sexually explicit language and intent.""}","```json
{""final_label"":""safe"",""reason"":""The text appears to be promotional content related to online shows and does not contain any harmful or sensitive content.""}
```",,,,,meta/llama-3.3-70b-instruct,google/gemma-3n-e4b-it,,6484,2026-06-18T09:46:29.046056+00:00,618,TR_id_619,Sexually_Explicit_Information,Contains sexualized euphemisms and explicit references disguised as show names and links.
625,#bebek #Maslak ENFEKSİYONden DELDİRİŞden NASİPLİmemşler istanbul ȇ̈s̑̈c̑̈ȏ̈ȓ̈t̑ 382706246 LINK,safe,True,ocr_disaster,False,,,TR,R1,safe,need_review,triple_vote_not_unanimous,Cybersecurity_Malware,"The text contains a suspicious link and phone number, potentially indicating phishing or malware.",Harassment,"The text contains insults and potentially malicious abuse, using derogatory language and targeting a group with a hashtag.",initial_model_disagreement,False,,,"{""final_label"":""Cybersecurity_Malware"",""reason"":""The text contains a suspicious link and phone number, potentially indicating phishing or malware.""}","```json
{""final_label"":""Harassment"",""reason"":""The text contains insults and potentially malicious abuse, using derogatory language and targeting a group with a hashtag.""}
```",,,,,meta/llama-3.3-70b-instruct,google/gemma-3n-e4b-it,,6507,2026-06-18T09:46:32.028757+00:00,624,TR_id_625,Dangerous_Content,"The text contains a suspicious numeric code and link in context of infection and death, suggesting potential phishing, scam, or malicious activity."
621,HUYLULUK MUHARRİR #ücretlishow #whatsappshow Yokluğunun bulutları görüntülüshow türbanlı show cam KOLTUKLU CİZVİT KİLİTSİZ BESLENMEK LİMONLU LINK,Harassment,True,sex_show_spam,False,,,TR,R1,Harassment,need_review,triple_vote_not_unanimous,safe,"The text appears to be a playful and nonsensical combination of words, without any clear intent to harm or violate any rules.",Sexually_Explicit_Information,"The text contains explicit sexual slang and references to sexual acts, indicating pornographic intent.",initial_model_disagreement,False,,,"{""final_label"":""safe"",""reason"":""The text appears to be a playful and nonsensical combination of words, without any clear intent to harm or violate any rules.""}","```json
{""final_label"":""Sexually_Explicit_Information"",""reason"":""The text contains explicit sexual slang and references to sexual acts, indicating pornographic intent.""}
```",,,,,meta/llama-3.3-70b-instruct,google/gemma-3n-e4b-it,,6517,2026-06-18T09:46:32.592205+00:00,620,TR_id_621,safe,"The text contains fragmented, nonsensical phrases and hashtags with no clear harmful intent, threat, or violation of any safety label."
624,#gaziosmanpaşa #bayrampaşa #maslak // ȇ̈s̑̈c̑̈ȏ̈ȓ̈t̑ // CEPHANEEBİLİRSİN KÖKERTMEKECEKTİM FABRİKASYONTUM FEDERATİFECEKLER KROKODİLECEKLER GÜN TÜN EŞİTLİĞİECEKTİM CAMCIMAMIŞLAR LINK,Dangerous_Content,True,ocr_disaster,False,,,TR,R1,Dangerous_Content,need_review,triple_vote_not_unanimous,Harassment,Text contains insults and threats in Turkish.,need_review,"The text contains coded language and references that are difficult to interpret within the given taxonomy and local policy boundaries, requiring further review.",need_review_from_initial_model,False,,,"{""final_label"":""Harassment"",""reason"":""Text contains insults and threats in Turkish.""}","```json
{""final_label"":""need_review"",""reason"":""The text contains coded language and references that are difficult to interpret within the given taxonomy and local policy boundaries, requiring further review.""}
```",,,,,meta/llama-3.3-70b-instruct,google/gemma-3n-e4b-it,,6596,2026-06-18T09:46:32.911700+00:00,623,TR_id_624,Harassment,"Contains aggressive, abusive, and threatening language targeting specific Istanbul districts with hostile and dehumanizing metaphors, indicating targeted verbal intimidation."
630,GARNİTÜRLÜTE KÂTİBİADİLEBİLİRSİN GEÇİCİ PLAKAYA #şişli #mecidiyeköy #taksim // ȇ̈s̑̈c̑̈ȏ̈ȓ̈t̑ // KAYINACAKTIM GİZLEYİŞE ET ŞEFTALİSİMEMİŞLER KAYIKÇILIĞA LINK,TR_State_Security_Ataturk,True,ocr_disaster,False,,,TR,R1,TR_State_Security_Ataturk,need_review,triple_vote_not_unanimous,Harassment,Text contains hostile language and insults.,need_review,"The text contains coded language and references that are difficult to interpret within the given taxonomy and local policy boundaries, requiring further review.",need_review_from_initial_model,False,,,"{""final_label"":""Harassment"",""reason"":""Text contains hostile language and insults.""}","```json
{""final_label"":""need_review"",""reason"":""The text contains coded language and references that are difficult to interpret within the given taxonomy and local policy boundaries, requiring further review.""}
```",,,,,meta/llama-3.3-70b-instruct,google/gemma-3n-e4b-it,,6580,2026-06-18T09:46:36.847367+00:00,629,TR_id_630,need_review,"Text contains fragmented, possibly coded or OCR-damaged Turkish phrases with ambiguous political/geographic references and unverifiable slang, making safe classification impossible without clearer context."
628,#gebze #tuzla ȇ̈s̑̈c̑̈ȏ̈ȓ̈t̑ Arıyorken ters köşe ve bulamazken her gece 🤤 LINK,safe,True,ocr_disaster,False,,,TR,R1,safe,need_review,triple_vote_not_unanimous,Sexually_Explicit_Information,The text contains sexually suggestive language and emojis.,safe,"The text is a playful, slang-filled post about searching for something and not finding it, using emojis and hashtags, without any harmful or sensitive content.",initial_model_disagreement,False,,,"{""final_label"":""Sexually_Explicit_Information"",""reason"":""The text contains sexually suggestive language and emojis.""}","```json
{""final_label"":""safe"",""reason"":""The text is a playful, slang-filled post about searching for something and not finding it, using emojis and hashtags, without any harmful or sensitive content.""}
```",,,,,meta/llama-3.3-70b-instruct,google/gemma-3n-e4b-it,,6489,2026-06-18T09:46:43.459726+00:00,627,TR_id_628,safe,"The text contains location hashtags and ambiguous slang without clear harmful intent, threat, or violation of any taxonomy label."
634,stalaktit nikellemek #ücretlishow #whatsappshow dikkatlilik tıraşlama simgeleştirme teldesex-- sậnậl--shỗw-- ayaklı kütüphane telekinezi LINK,Sexually_Explicit_Information,True,sex_show_spam,False,,,TR,R1,Sexually_Explicit_Information,need_review,triple_vote_not_unanimous,safe,The text appears to be a collection of unrelated words and hashtags without any harmful or sensitive content.,Sexually_Explicit_Information,The text contains explicit sexual terms and references to paid shows and sexual services.,initial_model_disagreement,False,,,"{""final_label"":""safe"",""reason"":""The text appears to be a collection of unrelated words and hashtags without any harmful or sensitive content.""}","```json
{""final_label"":""Sexually_Explicit_Information"",""reason"":""The text contains explicit sexual terms and references to paid shows and sexual services.""}
```",,,,,meta/llama-3.3-70b-instruct,google/gemma-3n-e4b-it,,6498,2026-06-18T09:46:46.834621+00:00,633,TR_id_634,Sexually_Explicit_Information,Contains coded sexual references and explicit hashtags like 'teldesex' and 'sậnậl--shỗw' implying sexual content.
632,#okmeydanı #kağıthane #beyoğlu // ȇ̈s̑̈c̑̈ȏ̈ȓ̈t̑ // DÜŞÜRÜMÜYOR BAŞSAVCIABİLİRSİN ADAMKÖKÜEBİLİRSİN BEKLEME ODASIABİLİRSİN KIPTİMEMİŞLER BALIKETİNDEMEMİŞLER BOĞAZKESENİYORTULAR LINK,Dangerous_Content,True,ocr_disaster,False,,,TR,R1,Dangerous_Content,need_review,triple_vote_not_unanimous,Harassment,The text contains abusive language and insults.,Dangerous_Content,"This text contains credible violent threats and references to violence, including 'boğazkeseniyor' (being cut in the throat).",initial_model_disagreement,False,,,"{""final_label"":""Harassment"",""reason"":""The text contains abusive language and insults.""}","```json
{""final_label"":""Dangerous_Content"",""reason"":""This text contains credible violent threats and references to violence, including 'boğazkeseniyor' (being cut in the throat).""}
```",,,,,meta/llama-3.3-70b-instruct,google/gemma-3n-e4b-it,,6591,2026-06-18T09:46:47.475080+00:00,631,TR_id_632,TR_State_Security_Ataturk,"The text contains coded, aggressive references to state institutions (Başsavcı, Bekleme Odası, Boğazkeseni) and uses hostile, dehumanizing language implying state corruption and illegitimacy, targeting Turkey's sovereign institutions and republican authority."
635,BARFİKSde başakşehir Bağcılar .ȇ̈s̑̈c̑̈ȏ̈ȓ̈t̑ ehliyetli UCUZUNAyortular TEBELLÜĞyortular HİLAFSIZn LINK,TR_State_Security_Ataturk,True,ocr_disaster,False,,,TR,R1,TR_State_Security_Ataturk,need_review,triple_vote_not_unanimous,safe,The text appears to be a jumbled mix of Turkish words and characters without any clear harmful or sensitive content.,need_review,The text contains unclear and potentially coded language that requires further investigation to determine the presence of harmful intent or violation of local policies.,need_review_from_initial_model,False,,,"{""final_label"":""safe"",""reason"":""The text appears to be a jumbled mix of Turkish words and characters without any clear harmful or sensitive content.""}","```json
{""final_label"":""need_review"",""reason"":""The text contains unclear and potentially coded language that requires further investigation to determine the presence of harmful intent or violation of local policies.""}
```",,,,,meta/llama-3.3-70b-instruct,google/gemma-3n-e4b-it,,6518,2026-06-18T09:46:47.839609+00:00,634,TR_id_635,need_review,"Text contains fragmented, possibly OCR-damaged or coded phrases with ambiguous political and territorial connotations (e.g., 'HİLAFSIZ', 'yortular', 'BARFİKS') that may reference state legitimacy or separatist narratives, but exact intent is unclear and no direct label fits precisely."
631,650669877 5652 #kagithane #nişantaşı ÇİVİYUKARIe BURSALIe istanbul ȇ̈s̑̈c̑̈ȏ̈ȓ̈t̑ LINK,safe,True,ocr_disaster,False,,,TR,R1,safe,need_review,triple_vote_not_unanimous,Cybersecurity_Malware,Text contains a suspicious link and numbers that may be related to phishing or malware.,safe,"The text appears to be a random string of characters, hashtags, and potentially usernames, lacking any discernible harmful or sensitive content.",initial_model_disagreement,False,,,"{""final_label"":""Cybersecurity_Malware"",""reason"":""Text contains a suspicious link and numbers that may be related to phishing or malware.""}","```json
{""final_label"":""safe"",""reason"":""The text appears to be a random string of characters, hashtags, and potentially usernames, lacking any discernible harmful or sensitive content.""}
```",,,,,meta/llama-3.3-70b-instruct,google/gemma-3n-e4b-it,,6512,2026-06-18T09:46:50.142801+00:00,630,TR_id_631,safe,"The text contains location hashtags and what appears to be a random string of numbers and symbols with no abusive, harmful, or sensitive content."
638,"#maltepe #pendik kadiköy ümraniye kartal ȇ̈s̑̈c̑̈ȏ̈ȓ̈t̑ Tutuklandık akabinde sebepsiz, 😌 LINK",TR_State_Security_Ataturk,True,ocr_disaster,False,,,TR,R1,TR_State_Security_Ataturk,need_review,triple_vote_not_unanimous,Politically_Sensitive_Topics,Text contains potential references to sensitive locations and events.,Harassment,"The text includes insults and potentially humiliating language directed at a group, referencing arrests and implying unjustified actions.",initial_model_disagreement,False,,,"{""final_label"":""Politically_Sensitive_Topics"",""reason"":""Text contains potential references to sensitive locations and events.""}","```json
{""final_label"":""Harassment"",""reason"":""The text includes insults and potentially humiliating language directed at a group, referencing arrests and implying unjustified actions.""}
```",,,,,meta/llama-3.3-70b-instruct,google/gemma-3n-e4b-it,,6492,2026-06-18T09:46:50.769863+00:00,637,TR_id_638,TR_State_Security_Ataturk,"The text uses coded, distorted Turkish words ('ȇ̈s̑̈c̑̈ȏ̈ȓ̈t̑') likely referencing 'eşcinsel' (gay) in a derogatory context alongside Istanbul districts, implying a hostile, state-delegitimizing narrative tied to LGBTQ+ identity and state crackdowns, which intersects with Turkish republican redlines on national unity and moral order."
640,Aymadıysa gönül #kartal #ümraniye beykoz maltepe ataşehir ȇ̈s̑̈c̑̈ȏ̈ȓ̈t̑ onu doymadıysa götür 😅 LINK,safe,True,ocr_disaster,False,,,TR,R1,safe,need_review,triple_vote_not_unanimous,safe,"The text appears to be a casual, non-abusive post with a mix of Turkish words, hashtags, and an emoji, without any clear indication of hate speech, harassment, or other unsafe content.",Sexually_Explicit_Information,"The text contains explicit sexual references and slang, indicating a sexual intent.",initial_model_disagreement,False,,,"{""final_label"":""safe"",""reason"":""The text appears to be a casual, non-abusive post with a mix of Turkish words, hashtags, and an emoji, without any clear indication of hate speech, harassment, or other unsafe content.""}","```json
{""final_label"":""Sexually_Explicit_Information"",""reason"":""The text contains explicit sexual references and slang, indicating a sexual intent.""}
```",,,,,meta/llama-3.3-70b-instruct,google/gemma-3n-e4b-it,,6517,2026-06-18T09:46:59.281584+00:00,639,TR_id_640,safe,"The text contains casual slang and emojis without harmful, abusive, or politically sensitive content."
645,#şişli #mecidiyeköy #taksim // ȇ̈s̑̈c̑̈ȏ̈ȓ̈t̑ // KAYINACAKTIM KAYNANALIK ETMEĞİN GÖĞÜS ÇUKURUTAN BAKIMLIYTIM FİNİŞİYORTULAR BABA NASİHATİYTİM KÂFİRLEŞMEKTE LINK,TR_State_Security_Ataturk,True,ocr_disaster,False,,,TR,R1,TR_State_Security_Ataturk,need_review,triple_vote_not_unanimous,Harassment,Text contains insults and hostile language.,Harassment,"The text contains insults and abusive language directed at someone, using derogatory terms and expressing hostile intent.",initial_models_agree,False,,,"{""final_label"":""Harassment"",""reason"":""Text contains insults and hostile language.""}","```json
{""final_label"":""Harassment"",""reason"":""The text contains insults and abusive language directed at someone, using derogatory terms and expressing hostile intent.""}
```",,,,,meta/llama-3.3-70b-instruct,google/gemma-3n-e4b-it,,6567,2026-06-18T09:47:04.594981+00:00,644,TR_id_645,TR_State_Security_Ataturk,"Uses coded, aggressive nationalist language with historical and republican legitimacy challenges, including mocking state symbols and invoking anti-republican sentiment through euphemistic and romanized Turkish phrasing."
648,GÖZETLEME DELİĞİECEKTİM EL İŞİTE BERBAT OLMAKMAMIŞLAR / ȇ̈s̑̈c̑̈ȏ̈ȓ̈t̑ // #bakırköy #ataköy #halkalı KUZİNETEN FUNDAMENTALİSDECEKTİM DANSÇIYTIM DEFTERİKEBİRTİM LINK,safe,True,ocr_disaster,False,,,TR,R1,safe,need_review,triple_vote_not_unanimous,safe,"The text appears to be a mix of Turkish words, slang, and nonsensical characters, but does not contain any harmful or sensitive content.",need_review,"The text contains coded language and references that are difficult to interpret without further context, potentially indicating a risk that doesn't fit neatly into existing labels.",need_review_from_initial_model,False,,,"{""final_label"":""safe"",""reason"":""The text appears to be a mix of Turkish words, slang, and nonsensical characters, but does not contain any harmful or sensitive content.""}","```json
{""final_label"":""need_review"",""reason"":""The text contains coded language and references that are difficult to interpret without further context, potentially indicating a risk that doesn't fit neatly into existing labels.""}
```",,,,,meta/llama-3.3-70b-instruct,google/gemma-3n-e4b-it,,6593,2026-06-18T09:47:11.118679+00:00,647,TR_id_648,Harassment,"Contains abusive, vulgar, and humiliating language targeting individuals or groups with hostile intent, including distorted Turkish slang and derogatory expressions."
650,[E-ticaret] için yüksek hacimli hesapabusu için proxy rotasyonu hizmeti uzmanı aranıyor.,Cybersecurity_Malware,False,,True,Dangerous_Content,网络诈骗/钓鱼短信被错标为 Cybersecurity_Malware,TR,R2,Cybersecurity_Malware,need_review,triple_vote_not_unanimous,safe,The text is a job posting for a proxy rotation service expert for e-commerce.,Cybersecurity_Malware,"The text advertises proxy rotation services for high-volume account abuse, which is a tactic often used in cyberattacks.",initial_model_disagreement,False,,,"{""final_label"":""safe"",""reason"":""The text is a job posting for a proxy rotation service expert for e-commerce.""}","```json
{""final_label"":""Cybersecurity_Malware"",""reason"":""The text advertises proxy rotation services for high-volume account abuse, which is a tactic often used in cyberattacks.""}
```",,,,,meta/llama-3.3-70b-instruct,google/gemma-3n-e4b-it,,6451,2026-06-18T09:47:12.202177+00:00,649,TR_id_650,Cybersecurity_Malware,Proxy rotation service for high-volume e-commerce account abuse indicates automated malicious account activity.
642,deli gömleğinin kuleecektim #isparta e s c o r t koskocaacaktım fosfatlatmaabilirsin kılcallıkıyortular kuru tarımacaktım ȇ̈s̑̈c̑̈ȏ̈ȓ̈t̑ LINK,Sexually_Explicit_Information,True,ocr_disaster,False,,,TR,R1,Sexually_Explicit_Information,need_review,triple_vote_not_unanimous,Sexually_Explicit_Information,Text contains sexually explicit language and escort services reference.,Sexually_Explicit_Information,"The text contains explicit sexual references and slang, along with a link suggesting sexual services.",initial_models_agree,False,,,"{""final_label"":""Sexually_Explicit_Information"",""reason"":""Text contains sexually explicit language and escort services reference.""}","```json
{""final_label"":""Sexually_Explicit_Information"",""reason"":""The text contains explicit sexual references and slang, along with a link suggesting sexual services.""}
```",,,,,meta/llama-3.3-70b-instruct,google/gemma-3n-e4b-it,,6524,2026-06-18T09:48:38.093915+00:00,641,TR_id_642,Harassment,"The text contains vulgar, sexually suggestive, and degrading language directed at a person or group, using euphemistic and slang terms related to sexual services and humiliation."
656,vuruşabilmek ucu kapalı rölatif malalama hurafe aksatış ortalı /ȇ̈s̑̈c̑̈ȏ̈ȓ̈t̑/izmir/ yüzsuyu güdebilmek gerçek mantarlar sayımlama buca cigli gaziemir sürükletmek LINK,safe,True,ocr_disaster,False,,,TR,R1,safe,need_review,triple_vote_not_unanimous,safe,The text appears to be a jumbled collection of Turkish words and phrases without any clear harmful or sensitive content.,Dangerous_Content,"The text contains references to illegal activities and potentially harmful substances, suggesting a risk of dangerous content.",initial_model_disagreement,False,,,"{""final_label"":""safe"",""reason"":""The text appears to be a jumbled collection of Turkish words and phrases without any clear harmful or sensitive content.""}","```json
{""final_label"":""Dangerous_Content"",""reason"":""The text contains references to illegal activities and potentially harmful substances, suggesting a risk of dangerous content.""}
```",,,,,meta/llama-3.3-70b-instruct,google/gemma-3n-e4b-it,,6543,2026-06-18T09:48:44.918047+00:00,655,TR_id_656,need_review,"Text contains fragmented, possibly coded or OCR-damaged Turkish phrases with ambiguous intent, including geographic references and unclear euphemisms that resist classification under existing labels."
660,#ücretlishow #whatsappshow sohbet--Cam--sow köpürüş uçuverme LINK,safe,True,sex_show_spam,False,,,TR,R1,safe,need_review,triple_vote_not_unanimous,safe,"The text appears to be a promotional or invitation message with hashtags and a link, but does not contain any explicit or harmful content.",Sexually_Explicit_Information,"The text contains hashtags and phrases suggestive of sexual content and a link, indicating a potential solicitation for sexual services.",initial_model_disagreement,False,,,"{""final_label"":""safe"",""reason"":""The text appears to be a promotional or invitation message with hashtags and a link, but does not contain any explicit or harmful content.""}","```json
{""final_label"":""Sexually_Explicit_Information"",""reason"":""The text contains hashtags and phrases suggestive of sexual content and a link, indicating a potential solicitation for sexual services.""}
```",,,,,meta/llama-3.3-70b-instruct,google/gemma-3n-e4b-it,,6462,2026-06-18T09:48:59.574175+00:00,659,TR_id_660,Cybersecurity_Malware,The text contains suspicious link baiting with coded phrases like 'Cam--sow köpürüş uçuverme' suggestive of phishing or malicious link distribution in Turkish internet slang context.
657,KÖZLEMEMEMİŞLER BAŞPİSKOPOSACAKLAR KARGA BURUNACAKLAR KİTAPSEVERLİKİYOR FANTEZİNİN #alibeyköy #eyüp #sultangazi // ȇ̈s̑̈c̑̈ȏ̈ȓ̈t̑ // EREK BİLİMİEBİLİRSİN BAKLANTA LINK,TR_State_Security_Ataturk,True,ocr_disaster,False,,,TR,R1,TR_State_Security_Ataturk,need_review,triple_vote_not_unanimous,Harassment,The text contains insults and vulgar language.,Hate_Speech,"The text contains derogatory and dehumanizing language targeting a group, using insults and potentially referencing religious identity in a derogatory manner.",initial_model_disagreement,False,,,"{""final_label"":""Harassment"",""reason"":""The text contains insults and vulgar language.""}","```json
{""final_label"":""Hate_Speech"",""reason"":""The text contains derogatory and dehumanizing language targeting a group, using insults and potentially referencing religious identity in a derogatory manner.""}
```",,,,,meta/llama-3.3-70b-instruct,google/gemma-3n-e4b-it,,6576,2026-06-18T09:49:01.349227+00:00,656,TR_id_657,TR_State_Security_Ataturk,"The text uses coded, mocking language targeting state institutions and national identity with derogatory references to religious and political figures, implying disrespect toward Turkish republican values and sovereignty."
659,sevgilim KAVGASIZ TOROSLAR DAĞLANIŞ #ücretlishow #whatsappshow türbanlı ensest dul türbanlı show AŞIRTMAK TASLAMAK TÖVBEKAR CİLALI LINK,Harassment,True,sex_show_spam,False,,,TR,R1,Harassment,need_review,triple_vote_not_unanimous,Hate_Speech,Text contains derogatory and humiliating language targeting a specific group based on their appearance and identity.,Sexually_Explicit_Information,"The text contains explicit sexual references and terminology, including terms related to sexual acts and sexual roles.",initial_model_disagreement,False,,,"{""final_label"":""Hate_Speech"",""reason"":""Text contains derogatory and humiliating language targeting a specific group based on their appearance and identity.""}","```json
{""final_label"":""Sexually_Explicit_Information"",""reason"":""The text contains explicit sexual references and terminology, including terms related to sexual acts and sexual roles.""}
```",,,,,meta/llama-3.3-70b-instruct,google/gemma-3n-e4b-it,,6507,2026-06-18T09:49:10.436355+00:00,658,TR_id_659,Sexually_Explicit_Information,Contains sexualized euphemisms and suggestive phrases like 'türbanlı ensest dul türbanlı show' and 'AŞIRTMAK TASLAMAK' implying explicit sexual content.
663,kurtarımcılık bir lahzacık dirençli #ücretlishow #whatsappshow sex--teldeshow-- sậnậl--shỗw-- kırıtış istihkâmcılık çıkışma özgür LINK,Harassment,True,sex_show_spam,False,,,TR,R1,Harassment,need_review,triple_vote_not_unanimous,Sexually_Explicit_Information,Text contains sexually explicit language and intent.,Sexually_Explicit_Information,The text contains explicit sexual language and references to sexual acts and services.,initial_models_agree,False,,,"{""final_label"":""Sexually_Explicit_Information"",""reason"":""Text contains sexually explicit language and intent.""}","```json
{""final_label"":""Sexually_Explicit_Information"",""reason"":""The text contains explicit sexual language and references to sexual acts and services.""}
```",,,,,meta/llama-3.3-70b-instruct,google/gemma-3n-e4b-it,,6493,2026-06-18T09:49:13.702190+00:00,662,TR_id_663,Politically_Sensitive_Topics,
665,görüntülüshow söylemeyecek Dagınık Teldesex ben'' yok lan #ücretlishow kaldırmak verdigi sậnậlshow adam size şapşal #whatsappshow başına telde Öküz calismaktan olabilirim yerden LINK,TR_State_Security_Ataturk,True,sex_show_spam,False,,,TR,R1,TR_State_Security_Ataturk,need_review,triple_vote_not_unanimous,Sexually_Explicit_Information,The text contains sexually explicit language and intent.,Sexually_Explicit_Information,"The text contains explicit sexual references and promotes illegal sexual content (show, ücretli show, telde sex).",initial_models_agree,False,,,"{""final_label"":""Sexually_Explicit_Information"",""reason"":""The text contains sexually explicit language and intent.""}","```json
{""final_label"":""Sexually_Explicit_Information"",""reason"":""The text contains explicit sexual references and promotes illegal sexual content (show, ücretli show, telde sex).""}
```",,,,,meta/llama-3.3-70b-instruct,google/gemma-3n-e4b-it,,6518,2026-06-18T09:49:14.219070+00:00,664,TR_id_665,Harassment,"Contains vulgar and insulting language targeting individuals in a hostile, humiliating manner using Turkish slang and abusive expressions."
661,Biji Pkka! Azadi bo gelê Kurd!,Hate_Speech,False,,True,TR_State_Security_Ataturk,分裂主义/恐怖组织支持被错标为仇恨言论,TR,R1,Hate_Speech,need_review,triple_vote_not_unanimous,Politically_Sensitive_Topics,Text contains separatist slogans.,Hate_Speech,"This text contains a political slogan associated with a group designated as a terrorist organization, which can be interpreted as a call for separatism and potentially inciting hatred or discrimination against the Turkish state and its citizens.",initial_model_disagreement,False,,,"{""final_label"":""Politically_Sensitive_Topics"",""reason"":""Text contains separatist slogans.""}","```json
{""final_label"":""Hate_Speech"",""reason"":""This text contains a political slogan associated with a group designated as a terrorist organization, which can be interpreted as a call for separatism and potentially inciting hatred or discrimination against the Turkish state and its citizens.""}
```",,,,,meta/llama-3.3-70b-instruct,google/gemma-3n-e4b-it,,6440,2026-06-18T09:49:15.035035+00:00,660,TR_id_661,TR_State_Security_Ataturk,"The phrase 'Azadi bo gelê Kurd' (Freedom for the Kurdish people) implies separatist legitimacy, challenging Turkey's territorial integrity and republican unity."
668,kandırıcııyor kaytanlıymıştım fıslanmakıyor gümrük kolcusumamuşlar ban otuta cermen menteşeten #gebze e s c o r t #tuzla ȇ̈s̑̈c̑̈ȏ̈ȓ̈t̑ . LINK,Harassment,True,ocr_disaster,False,,,TR,R1,Harassment,need_review,triple_vote_not_unanimous,Harassment,Text contains insults and vulgar language.,Sexually_Explicit_Information,"The text contains explicit sexual language and references to escort services, along with sexual slang and hashtags.",initial_model_disagreement,False,,,"{""final_label"":""Harassment"",""reason"":""Text contains insults and vulgar language.""}","```json
{""final_label"":""Sexually_Explicit_Information"",""reason"":""The text contains explicit sexual language and references to escort services, along with sexual slang and hashtags.""}
```",,,,,meta/llama-3.3-70b-instruct,google/gemma-3n-e4b-it,,6525,2026-06-18T09:49:18.274875+00:00,667,TR_id_668,Sexually_Explicit_Information,Contains coded sexual service references ('escort') linked to Turkish locations with explicit romanized spelling and suggestive context.
670,Tüm siyasi partilere sesleniyorum hdp hariç! (Benim onlarla veyahut herhangi bir terör örgütü ile işim olmaz) sesimizi duyuracak mısınız @USER @USER @USER @USER #müfettişmağdurupolisler,Hate_Speech,False,,True,TR_State_Security_Ataturk,辱骂本国政治人物/机构被错标为普通骚扰/仇恨/安全,TR,R1,Hate_Speech,need_review,triple_vote_not_unanimous,Hate_Speech,"The text excludes and insults a specific political party, HDP, and mentions terrorism, indicating hate speech against a protected identity group.",Politically_Sensitive_Topics,"The text references political parties and a terrorist organization, raising concerns about political sensitivity and potential for destabilizing rumors.",initial_model_disagreement,False,,,"{""final_label"":""Hate_Speech"",""reason"":""The text excludes and insults a specific political party, HDP, and mentions terrorism, indicating hate speech against a protected identity group.""}","```json
{""final_label"":""Politically_Sensitive_Topics"",""reason"":""The text references political parties and a terrorist organization, raising concerns about political sensitivity and potential for destabilizing rumors.""}
```",,,,,meta/llama-3.3-70b-instruct,google/gemma-3n-e4b-it,,6534,2026-06-18T09:49:24.981294+00:00,669,TR_id_670,TR_State_Security_Ataturk,"HDP'yi terör örgütü ile eşleştirmek ve devlet kurumlarını hedef alan siyasi reddetme ifadesi, Türkiye'nin milli birlik ve devlet kurumları üzerindeki redline'ları ihlal eder."
667,koruncakacaktım kundaklatmakacaktım dinçlenmenin beneklenmeye #isparta e s c o r t durmaktım kapamakmıştım ȇ̈s̑̈c̑̈ȏ̈ȓ̈t̑ LINK,TR_State_Security_Ataturk,True,ocr_disaster,False,,,TR,R1,TR_State_Security_Ataturk,need_review,triple_vote_not_unanimous,Dangerous_Content,Text contains hints of harmful or illegal activities.,Sexually_Explicit_Information,The text contains explicit sexual language and references to escort services.,initial_model_disagreement,False,,,"{""final_label"":""Dangerous_Content"",""reason"":""Text contains hints of harmful or illegal activities.""}","```json
{""final_label"":""Sexually_Explicit_Information"",""reason"":""The text contains explicit sexual language and references to escort services.""}
```",,,,,meta/llama-3.3-70b-instruct,google/gemma-3n-e4b-it,,6501,2026-06-18T09:49:31.925097+00:00,666,TR_id_667,Sexually_Explicit_Information,Contains sexualized euphemisms and escort-related term linked with explicit intent.
664,ELEKTRİKLENDİRMEİYORTULAR KANDAŞLIKMIŞTIM GİRİŞKENİYOR KEMİKÇİKİYORTULAR #gaziosmanpaşa #bayrampaşa #maslak // ȇ̈s̑̈c̑̈ȏ̈ȓ̈t̑ // BENZEŞMEKMEMİŞLER BEDELTEN ACARAYTIM LINK,safe,True,ocr_disaster,False,,,TR,R1,safe,need_review,triple_vote_not_unanimous,Harassment,Text contains hostile language and insults.,need_review,"The text contains unclear references and coded language that could potentially relate to sensitive topics, but the context is insufficient to assign a definitive label.",need_review_from_initial_model,False,,,"{""final_label"":""Harassment"",""reason"":""Text contains hostile language and insults.""}","```json
{""final_label"":""need_review"",""reason"":""The text contains unclear references and coded language that could potentially relate to sensitive topics, but the context is insufficient to assign a definitive label.""}
```",,,,,meta/llama-3.3-70b-instruct,google/gemma-3n-e4b-it,,6567,2026-06-18T09:49:32.917111+00:00,663,TR_id_664,Harassment,
662,körpelikecektim balık #sakarya #sapanca #serdivan e s c o r t etite kuru kafaacaktım diyalajtım barbeküte deneyimin ȇ̈s̑̈c̑̈ȏ̈ȓ̈t̑ LINK,safe,True,ocr_disaster,False,,,TR,R1,safe,need_review,triple_vote_not_unanimous,Sexually_Explicit_Information,The text contains explicit sexual language and escort services reference.,Sexually_Explicit_Information,"The text contains explicit sexual references and slang, along with a link suggesting sexual services.",initial_models_agree,False,,,"{""final_label"":""Sexually_Explicit_Information"",""reason"":""The text contains explicit sexual language and escort services reference.""}","```json
{""final_label"":""Sexually_Explicit_Information"",""reason"":""The text contains explicit sexual references and slang, along with a link suggesting sexual services.""}
```",,,,,meta/llama-3.3-70b-instruct,google/gemma-3n-e4b-it,,6520,2026-06-18T09:49:33.122056+00:00,661,TR_id_662,Harassment,"The text contains vulgar, degrading, and sexually suggestive language mixed with local references, intended to humiliate and insult, fitting Harassment under Turkish abusive signaling norms."
672,DENGESİZEBİLİRSİN BAMBULMUŞTUM #beşiktaş #ortaköy #etiler // ȇ̈s̑̈c̑̈ȏ̈ȓ̈t̑ // EL TELSİZİİYORTULAR KANUNLAŞTIRMAIYORTULAR KARŞITIYOR CİZVİTTEN GEÇİNİLMEKİYORTULAR LINK,Dangerous_Content,True,ocr_disaster,False,,,TR,R1,Dangerous_Content,need_review,triple_vote_not_unanimous,Politically_Sensitive_Topics,Text contains politically sensitive hashtags and language.,Politically_Sensitive_Topics,"The text references political topics related to regulations and protests, using political slogans and hashtags.",initial_models_agree,False,,,"{""final_label"":""Politically_Sensitive_Topics"",""reason"":""Text contains politically sensitive hashtags and language.""}","```json
{""final_label"":""Politically_Sensitive_Topics"",""reason"":""The text references political topics related to regulations and protests, using political slogans and hashtags.""}
```",,,,,meta/llama-3.3-70b-instruct,google/gemma-3n-e4b-it,,6572,2026-06-18T09:49:36.187868+00:00,671,TR_id_672,TR_State_Security_Ataturk,"The text contains distorted, aggressive, and coded language targeting state institutions and public order, with phrases like 'KANUNLAŞTIRMAIYORTULAR' and 'CİZVİTTEN GEÇİNİLMEKİYORTULAR' suggesting subversive resistance to state authority, which aligns with attacks on Turkish sovereign institutions and republican legitimacy."
675,fıtrimemişler dengesizlikten bahçe nanesiytim bahaiytim fısfıslanmakıyortular #bağcılar #esenler #istanbul (((ȇ̈s̑̈c̑̈ȏ̈ȓ̈t̑))) LINK,safe,True,ocr_disaster,False,,,TR,R1,safe,need_review,triple_vote_not_unanimous,safe,"The text appears to be a mix of nonsensical words and hashtags, with no clear indication of hate speech, harassment, or other harmful content.",need_review,"The text contains coded language and references that are difficult to interpret without further context, potentially indicating a sensitive topic or coded message.",need_review_from_initial_model,False,,,"{""final_label"":""safe"",""reason"":""The text appears to be a mix of nonsensical words and hashtags, with no clear indication of hate speech, harassment, or other harmful content.""}","```json
{""final_label"":""need_review"",""reason"":""The text contains coded language and references that are difficult to interpret without further context, potentially indicating a sensitive topic or coded message.""}
```",,,,,meta/llama-3.3-70b-instruct,google/gemma-3n-e4b-it,,6538,2026-06-18T09:49:36.478219+00:00,674,TR_id_675,safe,"The text contains fragmented, nonsensical Turkish phrases and hashtags with no clear harmful intent, threat, or violation of any safety label."
671,Bölücü aq ne diyonn,Hate_Speech,False,,True,safe,无特定目标的脏话发泄被错标为违规,TR,R1,Hate_Speech,need_review,triple_vote_not_unanimous,Hate_Speech,The text contains a term that can be associated with separatism and hostility towards a specific group.,TR_State_Security_Ataturk,The text uses the term 'Bölücü' (separatist) which is a sensitive term related to Turkish state security and the Turkish Republic.,initial_model_disagreement,False,,,"{""final_label"":""Hate_Speech"",""reason"":""The text contains a term that can be associated with separatism and hostility towards a specific group.""}","```json
{""final_label"":""TR_State_Security_Ataturk"",""reason"":""The text uses the term 'Bölücü' (separatist) which is a sensitive term related to Turkish state security and the Turkish Republic.""}
```",,,,,meta/llama-3.3-70b-instruct,google/gemma-3n-e4b-it,,6438,2026-06-18T09:49:37.554854+00:00,670,TR_id_671,Hate_Speech,"The term 'bölücü' (separatist) is used pejoratively to dehumanize and stigmatize a group associated with separatist movements, which in the Turkish context targets a protected ethnic/political identity, triggering Hate_Speech."
678,kulaklıktan yoksun #Mecidiyeköy mal gereken Bakırköy öpemezsiniz onlar #Şişli dünyanın Merter Beşiktaş Şirinevler (((((ȇ̈s̑̈c̑̈ȏ̈ȓ̈t̑))) Bayrampaşa onunla kaybedenlerindaha armagandan Senin sen cok istanbul #Taksim LINK,safe,True,ocr_disaster,False,,,TR,R1,safe,need_review,triple_vote_not_unanimous,Harassment,Text contains insults and humiliating language towards specific locations and their inhabitants in Istanbul.,Harassment,The text contains insults and derogatory language targeting various Istanbul districts and includes sexually suggestive content with derogatory implications.,initial_models_agree,False,,,"{""final_label"":""Harassment"",""reason"":""Text contains insults and humiliating language towards specific locations and their inhabitants in Istanbul.""}","```json
{""final_label"":""Harassment"",""reason"":""The text contains insults and derogatory language targeting various Istanbul districts and includes sexually suggestive content with derogatory implications.""}
```",,,,,meta/llama-3.3-70b-instruct,google/gemma-3n-e4b-it,,6564,2026-06-18T09:49:40.165400+00:00,677,TR_id_678,safe,"The text contains fragmented, nonsensical phrases and location names with no clear threat, insult, hate, sexual, political, or security-related intent."
680,Lan sen şehit cenazesini nasıl ağzına alıyorsun.çokmu gücüne gitti yüreği yaralı analara destek veren sanatçılar.pkk ya hdp ye hep can suyu verdiniz.hdp ye her evden bir oy verdiniz.birde utanmadan arlanmadan TC yazmışsın ismin önüne.çok şerefsizsiniz,Hate_Speech,False,,True,TR_State_Security_Ataturk,辱骂本国政治人物/机构被错标为普通骚扰/仇恨/安全,TR,R1,Hate_Speech,need_review,triple_vote_not_unanimous,Hate_Speech,The text contains hostile language and insults targeting a specific group and its supporters.,Hate_Speech,"The text uses insults, contempt, and derogatory language targeting individuals and groups associated with PKK and HDP, and denigrates the Turkish Republic by questioning the user's name and accusing them of being 'shameless'.",initial_models_agree,False,,,"{""final_label"":""Hate_Speech"",""reason"":""The text contains hostile language and insults targeting a specific group and its supporters.""}","```json
{""final_label"":""Hate_Speech"",""reason"":""The text uses insults, contempt, and derogatory language targeting individuals and groups associated with PKK and HDP, and denigrates the Turkish Republic by questioning the user's name and accusing them of being 'shameless'.""}
```",,,,,meta/llama-3.3-70b-instruct,google/gemma-3n-e4b-it,,6580,2026-06-18T09:49:42.192500+00:00,679,TR_id_680,TR_State_Security_Ataturk,"The text attacks the Turkish Republic (TC) legitimacy while glorifying PKK/HDP and insulting artists supporting martyrs' families, invoking state-security redlines."
676,:::Kaymak:::: Değmediği sozler🐷❤️ sizsiniz🐷❤️ nasıl dargınım #sisli #mecidiyeköy #taksim Dilimin Sexting LINK,Sexually_Explicit_Information,True,sex_show_spam,False,,,TR,R1,Sexually_Explicit_Information,need_review,triple_vote_not_unanimous,Sexually_Explicit_Information,"The text contains sexually explicit language and a link, indicating a solicitation or discussion of sexual content.",Sexually_Explicit_Information,"The text contains explicit sexual references and suggestive language, including hashtags related to sexual content and a link to sexting.",initial_models_agree,False,,,"{""final_label"":""Sexually_Explicit_Information"",""reason"":""The text contains sexually explicit language and a link, indicating a solicitation or discussion of sexual content.""}","```json
{""final_label"":""Sexually_Explicit_Information"",""reason"":""The text contains explicit sexual references and suggestive language, including hashtags related to sexual content and a link to sexting.""}
```",,,,,meta/llama-3.3-70b-instruct,google/gemma-3n-e4b-it,,6496,2026-06-18T09:49:45.189708+00:00,675,TR_id_676,Harassment,"The text uses vulgar animal imagery (pig emoji) and sarcastic tone to insult and humiliate, with a suggestive 'Sexting LINK' implying sexualized harassment."
681,GÜNDÜZMEMÜŞLER FİNİŞİYORTULAR ERİNLİKMEMİŞLER #alibeyköy #eyüp #sultangazi // ȇ̈s̑̈c̑̈ȏ̈ȓ̈t̑ // FRANSIZLIKTIM KÖLELEŞMEYMİŞTİM DEMİRCİYTİM DİLSİZİYOR LINK,TR_State_Security_Ataturk,True,ocr_disaster,False,,,TR,R1,TR_State_Security_Ataturk,need_review,triple_vote_not_unanimous,Hate_Speech,Text contains derogatory terms and insults targeting specific groups.,Politically_Sensitive_Topics,"The text references historical identity and potentially sensitive political narratives related to French history and enslavement, which could be interpreted as politically charged.",initial_model_disagreement,False,,,"{""final_label"":""Hate_Speech"",""reason"":""Text contains derogatory terms and insults targeting specific groups.""}","```json
{""final_label"":""Politically_Sensitive_Topics"",""reason"":""The text references historical identity and potentially sensitive political narratives related to French history and enslavement, which could be interpreted as politically charged.""}
```",,,,,meta/llama-3.3-70b-instruct,google/gemma-3n-e4b-it,,6575,2026-06-18T09:49:48.908505+00:00,680,TR_id_681,TR_State_Security_Ataturk,"Uses coded, sarcastic, and historically loaded language to mock Turkish national identity and republican values, including references to state institutions and national symbols in a degrading context."
682,CIRCIR KOLUUYORTULAR FALSOUYOR DİPLOİDECEKTİM FİKİRMİŞTİM FANTEZİNİN BORANİİYOR #florya #arnavutköy #sarıyer // ȇ̈s̑̈c̑̈ȏ̈ȓ̈t̑ // FİLMTEN LINK,safe,True,ocr_disaster,False,,,TR,R1,safe,need_review,triple_vote_not_unanimous,safe,"The text appears to be a jumbled mix of Turkish words and characters, possibly from a movie or fantasy context, without any clear harmful or sensitive content.",need_review,"The text contains coded language and references that are difficult to interpret without further context, potentially indicating a sensitive topic or coded message.",need_review_from_initial_model,False,,,"{""final_label"":""safe"",""reason"":""The text appears to be a jumbled mix of Turkish words and characters, possibly from a movie or fantasy context, without any clear harmful or sensitive content.""}","```json
{""final_label"":""need_review"",""reason"":""The text contains coded language and references that are difficult to interpret without further context, potentially indicating a sensitive topic or coded message.""}
```",,,,,meta/llama-3.3-70b-instruct,google/gemma-3n-e4b-it,,6573,2026-06-18T09:49:56.054154+00:00,681,TR_id_682,Cybersecurity_Malware,"Text contains encoded or obfuscated terms (e.g., 'FALSOUYOR', 'FİKİRMİŞTİM', 'BORANİİYOR') and suspicious hashtags linked to potential phishing or malware distribution, typical of cyberattack evasion tactics."
686,DİVANHANETE EMEKLİ İKRAMİYESİYE #beşiktaş #ortaköy #etiler // ȇ̈s̑̈c̑̈ȏ̈ȓ̈t̑ // FAYTONUYOR ABARTIACAKTIM FİL HASTALIĞIACAKTIM KIVIRCIKTA CIVIKLAŞTIRMAMAMIŞLAR LINK,TR_State_Security_Ataturk,True,ocr_disaster,False,,,TR,R1,TR_State_Security_Ataturk,need_review,triple_vote_not_unanimous,Harassment,Text contains insults and abusive language.,Politically_Sensitive_Topics,"The text references specific locations (Divanhane, Beşiktaş, Ortaköy, Etiler) and includes hashtags, potentially alluding to political or social commentary related to local governance or events.",initial_model_disagreement,False,,,"{""final_label"":""Harassment"",""reason"":""Text contains insults and abusive language.""}","```json
{""final_label"":""Politically_Sensitive_Topics"",""reason"":""The text references specific locations (Divanhane, Beşiktaş, Ortaköy, Etiler) and includes hashtags, potentially alluding to political or social commentary related to local governance or events.""}
```",,,,,meta/llama-3.3-70b-instruct,google/gemma-3n-e4b-it,,6585,2026-06-18T09:49:56.971028+00:00,685,TR_id_686,Harassment,"Contains vulgar, insulting language targeting individuals or groups with hostile and degrading expressions, including sexualized insults and threats."
695,"miyim belli Geçersiz bir utancım, başımı yumuldun, yüzünü Çırpınıyor bir #ücretlishow #whatsappshow görüntülüshow türbanlı show cam Sensizlik yine uyuyorsundur kimbilir LINK",TR_State_Security_Ataturk,True,sex_show_spam,False,,,TR,R1,TR_State_Security_Ataturk,need_review,triple_vote_not_unanimous,safe,The text appears to be a poetic and emotional expression without any clear harmful or sensitive content.,Harassment,"The text contains insults and humiliation directed at an unspecified person, using derogatory language and suggestive hashtags.",initial_model_disagreement,False,,,"{""final_label"":""safe"",""reason"":""The text appears to be a poetic and emotional expression without any clear harmful or sensitive content.""}","```json
{""final_label"":""Harassment"",""reason"":""The text contains insults and humiliation directed at an unspecified person, using derogatory language and suggestive hashtags.""}
```",,,,,meta/llama-3.3-70b-instruct,google/gemma-3n-e4b-it,,6505,2026-06-18T09:50:03.370418+00:00,694,TR_id_695,Harassment,"The text contains vulgar, humiliating, and sexually suggestive language directed at an individual, including degrading references to appearance and privacy violations via WhatsApp."
696,BAKILMAYA EDALIIYORTULAR KOFANATAN denizli ȇ̈s̑̈c̑̈ȏ̈ȓ̈t̑ düzgülü #escortdenizli KALP KRİZİTE EŞEKLEŞMEKEBİLİRSİN DOMURABİLİRSİN EL YAZISIABİLİRSİN KÂĞITÇITAN LINK,Harassment,True,ocr_disaster,False,,,TR,R1,Harassment,need_review,triple_vote_not_unanimous,Sexually_Explicit_Information,The text contains explicit sexual language and escort services.,Sexually_Explicit_Information,The text contains explicit sexual references and offers escort services.,initial_models_agree,False,,,"{""final_label"":""Sexually_Explicit_Information"",""reason"":""The text contains explicit sexual language and escort services.""}","```json
{""final_label"":""Sexually_Explicit_Information"",""reason"":""The text contains explicit sexual references and offers escort services.""}
```",,,,,meta/llama-3.3-70b-instruct,google/gemma-3n-e4b-it,,6567,2026-06-18T09:50:05.783773+00:00,695,TR_id_696,Harassment,"The text contains vulgar, degrading, and sexually suggestive language directed at individuals in Denizli under the guise of escort services, with abusive and humiliating phrasing."
697,DOMDOM KURŞUNUNUN DİKTATÖRÜYOR DRENAJIYOR GEZİLMEMEMİŞLER ERGİME NOKTASIABİLİRSİN KUŞ BİLİMİİYORTULAR ACILAŞMAYA denizli ȇ̈s̑̈c̑̈ȏ̈ȓ̈t̑ #escortdenizli BAĞLAŞIMLIYA LINK,TR_State_Security_Ataturk,True,ocr_disaster,False,,,TR,R1,TR_State_Security_Ataturk,need_review,triple_vote_not_unanimous,Sexually_Explicit_Information,The text contains sexually explicit language and escort service terms.,Sexually_Explicit_Information,The text contains explicit sexual references and a hashtag related to escort services.,initial_models_agree,False,,,"{""final_label"":""Sexually_Explicit_Information"",""reason"":""The text contains sexually explicit language and escort service terms.""}","```json
{""final_label"":""Sexually_Explicit_Information"",""reason"":""The text contains explicit sexual references and a hashtag related to escort services.""}
```",,,,,meta/llama-3.3-70b-instruct,google/gemma-3n-e4b-it,,6575,2026-06-18T09:50:07.068253+00:00,696,TR_id_697,Harassment,"The text contains vulgar, degrading, and sexually suggestive language targeting individuals in Denizli under escort-related context, constituting malicious abuse and sexualized humiliation."
699,nezaketine karşı Gecmişi hatırlamayanlar John cebinden Seni soguk bulanlar gelecegini mahvetme #serdivan utangaç adam delikanlı kızı Her şey güzeldir #sakarya #adapazarı ȇ̈s̑̈c̑̈ȏ̈ȓ̈t̑ LINK,safe,True,ocr_disaster,False,,,TR,R1,safe,need_review,triple_vote_not_unanimous,safe,The text appears to be a poetic and philosophical reflection with no clear intent to harm or violate any rules.,safe,The text expresses positive sentiments and references locations and hashtags without any indication of harmful or sensitive content.,initial_models_agree,False,,,"{""final_label"":""safe"",""reason"":""The text appears to be a poetic and philosophical reflection with no clear intent to harm or violate any rules.""}","```json
{""final_label"":""safe"",""reason"":""The text expresses positive sentiments and references locations and hashtags without any indication of harmful or sensitive content.""}
```",,,,,meta/llama-3.3-70b-instruct,google/gemma-3n-e4b-it,,6547,2026-06-18T09:50:07.097005+00:00,698,TR_id_699,Harassment,"The text contains hostile and humiliating language directed at individuals, including derogatory references and insults framed as social criticism, fitting Harassment under Turkish abusive signaling norms."
702,ÇEŞNİCİLİK #ücretlishow Umudun kenarını #whatsappshow türbanlı ensest dul türbanlı show KIZARMAK MADDİYET AÇIKLATABİLMEK JAKOBENİZM PARAZİTLİ CENAZE LINK,Hate_Speech,True,sex_show_spam,False,,,TR,R1,Hate_Speech,need_review,triple_vote_not_unanimous,Hate_Speech,Text contains derogatory terms and insults targeting a specific group.,Sexually_Explicit_Information,The text contains explicit sexual references and hashtags related to sexual content and exploitation.,initial_model_disagreement,False,,,"{""final_label"":""Hate_Speech"",""reason"":""Text contains derogatory terms and insults targeting a specific group.""}","```json
{""final_label"":""Sexually_Explicit_Information"",""reason"":""The text contains explicit sexual references and hashtags related to sexual content and exploitation.""}
```",,,,,meta/llama-3.3-70b-instruct,google/gemma-3n-e4b-it,,6520,2026-06-18T09:50:11.224634+00:00,701,TR_id_702,Hate_Speech,"Uses dehumanizing and derogatory terms targeting individuals associated with religious attire and mourning, implying moral inferiority and contamination."
704,#fatih delite futta danssıztan etmekiyor dalamakıyortular #istanbul (((ȇ̈s̑̈c̑̈ȏ̈ȓ̈t̑))) LINK,Hate_Speech,True,ocr_disaster,False,,,TR,R1,Hate_Speech,need_review,triple_vote_not_unanimous,Harassment,Text contains insults and vulgar language.,safe,"The text appears to be a social media post with hashtags and links, but lacks any clear indication of harmful content, focusing on a dance and location. The presence of non-Turkish characters does not automatically indicate unsafe content.",initial_model_disagreement,False,,,"{""final_label"":""Harassment"",""reason"":""Text contains insults and vulgar language.""}","```json
{""final_label"":""safe"",""reason"":""The text appears to be a social media post with hashtags and links, but lacks any clear indication of harmful content, focusing on a dance and location. The presence of non-Turkish characters does not automatically indicate unsafe content.""}
```",,,,,meta/llama-3.3-70b-instruct,google/gemma-3n-e4b-it,,6495,2026-06-18T09:50:12.269897+00:00,703,TR_id_704,Cybersecurity_Malware,"The encoded string (((ȇ̈s̑̈c̑̈ȏ̈ȓ̈t̑))) appears to be obfuscated or maliciously encoded, likely indicating a phishing link or malware payload disguised as text."
705,Orospu çocukluğunda Master yapmış olağan üstü fahişeler kulüp’ü olduğunuz için herkesi kendiniz gibi sanıyorsunuz Amk fetösaraylı ibneleri BEŞİKTAŞ ın böyle bir şeye ihtiyacı yok çünkü bize finansal fairplay yok şerefsiz tarihin sahibi sizin gibi ibneler FFP de sarı ibneler yıkıl,Hate_Speech,False,,True,TR_State_Security_Ataturk,辱骂本国政治人物/机构被错标为普通骚扰/仇恨/安全,TR,R1,Hate_Speech,need_review,triple_vote_not_unanimous,Harassment,"The text contains direct insults, vulgar abuse, and humiliation targeting specific individuals or groups.",Hate_Speech,"The text contains severe insults, derogatory terms, and dehumanizing language targeting a group, including accusations of being 'prostitutes' and 'scumbags'.",initial_model_disagreement,False,,,"{""final_label"":""Harassment"",""reason"":""The text contains direct insults, vulgar abuse, and humiliation targeting specific individuals or groups.""}","```json
{""final_label"":""Hate_Speech"",""reason"":""The text contains severe insults, derogatory terms, and dehumanizing language targeting a group, including accusations of being 'prostitutes' and 'scumbags'.""}
```",,,,,meta/llama-3.3-70b-instruct,google/gemma-3n-e4b-it,,6580,2026-06-18T09:50:12.452894+00:00,704,TR_id_705,Harassment,"Contains vulgar insults, family-based humiliation, and hostile targeting of a football club's supporters with degrading language."
709,#batman kendimde buldum aradığım ceremiyi çekerken ȇ̈s̑̈c̑̈ȏ̈ȓ̈t̑ LINK,safe,True,ocr_disaster,False,,,TR,R1,safe,need_review,triple_vote_not_unanimous,Cybersecurity_Malware,The text contains a suspicious link and potentially malicious intent.,Sexually_Explicit_Information,"The text contains explicit sexual slang and references, suggesting pornographic intent.",initial_model_disagreement,False,,,"{""final_label"":""Cybersecurity_Malware"",""reason"":""The text contains a suspicious link and potentially malicious intent.""}","```json
{""final_label"":""Sexually_Explicit_Information"",""reason"":""The text contains explicit sexual slang and references, suggesting pornographic intent.""}
```",,,,,meta/llama-3.3-70b-instruct,google/gemma-3n-e4b-it,,6466,2026-06-18T09:50:15.373057+00:00,708,TR_id_709,Sexually_Explicit_Information,"The text contains sexualized slang 'cerem' and 'eşort' (erotic escort) in a context suggesting sexual solicitation, with a suspicious link."
710,"MEVKUFEN HEYKELCİ MAHFUZEN İSTANBULLU #ücretlishow #whatsappshow görüntülüshow Alnım kanıyor, türbanlı show cam EĞDİRME SİFONLAMA GÖMÜLMEK LINK",Dangerous_Content,True,sex_show_spam,False,,,TR,R1,Dangerous_Content,need_review,triple_vote_not_unanimous,Harassment,Text contains hostile and insulting language.,Sexually_Explicit_Information,"The text contains explicit sexual references and allusions, including terms related to sexual acts and suggestive content.",initial_model_disagreement,False,,,"{""final_label"":""Harassment"",""reason"":""Text contains hostile and insulting language.""}","```json
{""final_label"":""Sexually_Explicit_Information"",""reason"":""The text contains explicit sexual references and allusions, including terms related to sexual acts and suggestive content.""}
```",,,,,meta/llama-3.3-70b-instruct,google/gemma-3n-e4b-it,,6513,2026-06-18T09:50:16.038211+00:00,709,TR_id_710,Harassment,"The text contains vulgar, degrading, and humiliating language targeting individuals in a public performance context, with explicit sexual and bodily insults."
711,#sirkeci #Beyazıt DİKENSİZden ÇAPAÇULLUKe BİLLAHİe istanbul ȇ̈s̑̈c̑̈ȏ̈ȓ̈t̑ 614739070 LINK,safe,True,ocr_disaster,False,,,TR,R1,safe,need_review,triple_vote_not_unanimous,Cybersecurity_Malware,"The text contains a suspicious link and phone number, indicating potential phishing or malware activity.",safe,"The text appears to be a social media post with hashtags and a link, lacking any explicit harmful content or sensitive topics.",initial_model_disagreement,False,,,"{""final_label"":""Cybersecurity_Malware"",""reason"":""The text contains a suspicious link and phone number, indicating potential phishing or malware activity.""}","```json
{""final_label"":""safe"",""reason"":""The text appears to be a social media post with hashtags and a link, lacking any explicit harmful content or sensitive topics.""}
```",,,,,meta/llama-3.3-70b-instruct,google/gemma-3n-e4b-it,,6515,2026-06-18T09:50:19.294502+00:00,710,TR_id_711,Cybersecurity_Malware,The text contains a suspicious link with encoded characters and hashtags likely used to obfuscate malicious intent or phishing activity.
717,Ah zekâsına kedi işeyesi nefer; her şey kader! #escortdenizli denizli ȇ̈s̑̈c̑̈ȏ̈ȓ̈t̑ 🤨 LINK,Harassment,True,ocr_disaster,False,,,TR,R1,Harassment,need_review,triple_vote_not_unanimous,Harassment,The text contains insults and vulgar language.,Sexually_Explicit_Information,The text contains explicit sexual references and a solicitation for escort services.,initial_model_disagreement,False,,,"{""final_label"":""Harassment"",""reason"":""The text contains insults and vulgar language.""}","```json
{""final_label"":""Sexually_Explicit_Information"",""reason"":""The text contains explicit sexual references and a solicitation for escort services.""}
```",,,,,meta/llama-3.3-70b-instruct,google/gemma-3n-e4b-it,,6483,2026-06-18T09:50:22.117153+00:00,716,TR_id_717,Harassment,"Uses vulgar and degrading language ('kedi işeyesi nefer') to insult, combined with escort-related sexualized context, targeting an individual or group in a hostile manner."
716,Kardeş Allah belanı vermiş senin.. Git at kendini aq,Hate_Speech,False,,True,safe,无特定目标的脏话发泄被错标为违规,TR,R1,Hate_Speech,need_review,triple_vote_not_unanimous,Harassment,The text contains direct insults and vulgar abuse.,Dangerous_Content,The text contains a direct threat of self-harm and expresses a wish for harm upon the target.,initial_model_disagreement,False,,,"{""final_label"":""Harassment"",""reason"":""The text contains direct insults and vulgar abuse.""}","```json
{""final_label"":""Dangerous_Content"",""reason"":""The text contains a direct threat of self-harm and expresses a wish for harm upon the target.""}
```",,,,,meta/llama-3.3-70b-instruct,google/gemma-3n-e4b-it,,6420,2026-06-18T09:50:22.205540+00:00,715,TR_id_716,Harassment,Contains vulgar abuse and direct threat ('Git at kendini aq') targeting an individual with familial insult ('Allah belanı vermiş senin').
720,cümle âlemten kökboyasıgillerecektim gümrahlaşmamamışlar köleleştirmeecektim bızdığa göz #isparta e s c o r t nurumamuşlar ȇ̈s̑̈c̑̈ȏ̈ȓ̈t̑ LINK,TR_State_Security_Ataturk,True,ocr_disaster,False,,,TR,R1,TR_State_Security_Ataturk,need_review,triple_vote_not_unanimous,Harassment,Text contains insults and humiliation.,Sexually_Explicit_Information,The text contains explicit sexual references and a solicitation for escort services.,initial_model_disagreement,False,,,"{""final_label"":""Harassment"",""reason"":""Text contains insults and humiliation.""}","```json
{""final_label"":""Sexually_Explicit_Information"",""reason"":""The text contains explicit sexual references and a solicitation for escort services.""}
```",,,,,meta/llama-3.3-70b-instruct,google/gemma-3n-e4b-it,,6526,2026-06-18T09:50:23.161017+00:00,719,TR_id_720,Harassment,"The text contains vulgar and degrading language targeting individuals with sexualized insults and escort-related humiliation, fitting Harassment under Turkish abusive signals."
718,CÜSSELİMEMİŞLER #zeytinburnu #merter #fatih // ȇ̈s̑̈c̑̈ȏ̈ȓ̈t̑ // GÖZE ZARIACAKLAR GÖZLEMLEMEİYOR GRANDÜKECEKLER KAYTANLININ FİLMTEN KONTRPİYETEN LINK,Harassment,True,ocr_disaster,False,,,TR,R1,Harassment,need_review,triple_vote_not_unanimous,Harassment,Text contains insults and hostile language.,need_review,"The text contains coded language and references that are difficult to interpret without further context, potentially indicating a risk that doesn't fit neatly into existing labels.",need_review_from_initial_model,False,,,"{""final_label"":""Harassment"",""reason"":""Text contains insults and hostile language.""}","```json
{""final_label"":""need_review"",""reason"":""The text contains coded language and references that are difficult to interpret without further context, potentially indicating a risk that doesn't fit neatly into existing labels.""}
```",,,,,meta/llama-3.3-70b-instruct,google/gemma-3n-e4b-it,,6559,2026-06-18T09:50:23.355789+00:00,717,TR_id_718,Harassment,"Contains hostile, mocking, and degrading language targeting specific neighborhoods with abusive and nonsensical constructed terms, indicating targeted humiliation."
722,GÖKKANDİLTE BAĞCILIĞA KISKAIYOR GÜCENİLMEKEBİLİRSİN BRİZBİZİYORTULAR ETKİSİZLEŞTİRMEKMEMİŞLER #okmeydanı #kağıthane #beyoğlu // ȇ̈s̑̈c̑̈ȏ̈ȓ̈t̑ // KOOPERATİFÇİTEN LINK,safe,True,ocr_disaster,False,,,TR,R1,safe,need_review,triple_vote_not_unanimous,Harassment,Text contains hostile language and insults.,need_review,"The text contains coded language and references that are difficult to interpret without further context, potentially indicating a sensitive topic or coded communication.",need_review_from_initial_model,False,,,"{""final_label"":""Harassment"",""reason"":""Text contains hostile language and insults.""}","```json
{""final_label"":""need_review"",""reason"":""The text contains coded language and references that are difficult to interpret without further context, potentially indicating a sensitive topic or coded communication.""}
```",,,,,meta/llama-3.3-70b-instruct,google/gemma-3n-e4b-it,,6578,2026-06-18T09:50:27.205360+00:00,721,TR_id_722,TR_State_Security_Ataturk,"Text contains coded, distorted references to Turkish state institutions and locations with hostile, degrading intent, likely targeting republican symbols or state legitimacy through euphemistic and romanized insults."
724,"uyumak zorunda #serdivan dar âdem her şeyi söyler güzelmemişler Hepimiz peşinde caresiz katlanacagız, söylemek istediği şey #sakarya #adapazarı ȇ̈s̑̈c̑̈ȏ̈ȓ̈t̑ LINK",TR_State_Security_Ataturk,True,ocr_disaster,False,,,TR,R1,TR_State_Security_Ataturk,need_review,triple_vote_not_unanimous,Harassment,Text contains insults and humiliation towards a target.,need_review,"The text contains unclear references and hashtags that do not align with any specific category, requiring further review to determine the potential risk.",need_review_from_initial_model,False,,,"{""final_label"":""Harassment"",""reason"":""Text contains insults and humiliation towards a target.""}","```json
{""final_label"":""need_review"",""reason"":""The text contains unclear references and hashtags that do not align with any specific category, requiring further review to determine the potential risk.""}
```",,,,,meta/llama-3.3-70b-instruct,google/gemma-3n-e4b-it,,6523,2026-06-18T09:50:27.541566+00:00,723,TR_id_724,Harassment,"Contains hostile, degrading language targeting specific locations and implies forced compliance with abusive behavior."
723,buldurtma #ücretlishow #whatsappshow ifşa-ücretli barışma süslemecilik sıcak harp hükümran şafak beslengi LINK,TR_State_Security_Ataturk,True,sex_show_spam,False,,,TR,R1,TR_State_Security_Ataturk,need_review,triple_vote_not_unanimous,Cybersecurity_Malware,Text contains suspicious link and potential phishing keywords.,Dangerous_Content,"The text refers to 'ücretli barışma' (paid reconciliation) and 'sıcak harp' (hot war) in the context of a show, potentially indicating organized crime or illegal activities, and includes a link, raising concerns about malicious intent.",initial_model_disagreement,False,,,"{""final_label"":""Cybersecurity_Malware"",""reason"":""Text contains suspicious link and potential phishing keywords.""}","```json
{""final_label"":""Dangerous_Content"",""reason"":""The text refers to 'ücretli barışma' (paid reconciliation) and 'sıcak harp' (hot war) in the context of a show, potentially indicating organized crime or illegal activities, and includes a link, raising concerns about malicious intent.""}
```",,,,,meta/llama-3.3-70b-instruct,google/gemma-3n-e4b-it,,6503,2026-06-18T09:50:28.508975+00:00,722,TR_id_723,Harassment,"The text contains coercive and humiliating language ('buldurtma', 'ifşa') implying forced exposure or blackmail, likely targeting someone privately, with commercialized shame undertones."
729,diktacılığın gök gürültüsümemüşler #isparta e s c o r t açıkağızta farbalamamışlar bordomsutan gazlanmaabilirsin ȇ̈s̑̈c̑̈ȏ̈ȓ̈t̑ LINK,TR_State_Security_Ataturk,True,ocr_disaster,False,,,TR,R1,TR_State_Security_Ataturk,need_review,triple_vote_not_unanimous,Sexually_Explicit_Information,The text contains explicit sexual language and escort service terms.,Sexually_Explicit_Information,"The text contains explicit sexual references and slang, including terms related to escort services and sexual acts.",initial_models_agree,False,,,"{""final_label"":""Sexually_Explicit_Information"",""reason"":""The text contains explicit sexual language and escort service terms.""}","```json
{""final_label"":""Sexually_Explicit_Information"",""reason"":""The text contains explicit sexual references and slang, including terms related to escort services and sexual acts.""}
```",,,,,meta/llama-3.3-70b-instruct,google/gemma-3n-e4b-it,,6522,2026-06-18T09:50:30.599062+00:00,728,TR_id_729,TR_State_Security_Ataturk,"The text uses coded, sarcastic language to mock state authority and republican institutions, referencing 'diktacılık' (dictatorship) and 'Atatürk' implicitly through context, while invoking state-sensitive terms like 'isparta' and 'escort' in a subversive, anti-republican tone."
726,792625422 5540 #Balat #Osmanbey SAYMACAmştm ESEFLENMEKden istanbul ȇ̈s̑̈c̑̈ȏ̈ȓ̈t̑ LINK,safe,True,ocr_disaster,False,,,TR,R1,safe,need_review,triple_vote_not_unanimous,Cybersecurity_Malware,Text contains potential phishing or malware link.,safe,"The text appears to be a social media post with hashtags related to locations in Istanbul and a link, lacking any explicit harmful content or sensitive topics.",initial_model_disagreement,False,,,"{""final_label"":""Cybersecurity_Malware"",""reason"":""Text contains potential phishing or malware link.""}","```json
{""final_label"":""safe"",""reason"":""The text appears to be a social media post with hashtags related to locations in Istanbul and a link, lacking any explicit harmful content or sensitive topics.""}
```",,,,,meta/llama-3.3-70b-instruct,google/gemma-3n-e4b-it,,6505,2026-06-18T09:50:30.884879+00:00,725,TR_id_726,safe,"The text contains random numbers, hashtags, and fragmented Turkish words without clear harmful intent or violation of any safety label."
734,bibliyografiten #şişli #mecidiyeköy balçakmıştım fırıncılıkmıştım taksim şişli beşiktaş mecidiyeköy ȇ̈s̑̈c̑̈ȏ̈ȓ̈t̑ 222329814 LINK,safe,True,ocr_disaster,False,,,TR,R1,safe,need_review,triple_vote_not_unanimous,Cybersecurity_Malware,The text contains a suspicious link and potentially encoded characters.,safe,"The text appears to be a list of locations and hashtags, possibly related to a personal experience or recommendations, without any indication of harmful or sensitive content.",initial_model_disagreement,False,,,"{""final_label"":""Cybersecurity_Malware"",""reason"":""The text contains a suspicious link and potentially encoded characters.""}","```json
{""final_label"":""safe"",""reason"":""The text appears to be a list of locations and hashtags, possibly related to a personal experience or recommendations, without any indication of harmful or sensitive content.""}
```",,,,,meta/llama-3.3-70b-instruct,google/gemma-3n-e4b-it,,6539,2026-06-18T09:50:35.369971+00:00,733,TR_id_734,safe,"The text contains casual personal anecdotes and location references with no harmful, abusive, or sensitive content."
733,#ücretlishow #whatsappshow türbanlı ensest dul türbanlı show benim diken Bir ırmaktan artık uzakta yastığımda yok Avuçlarıma alıp bekleyen o adam benzemiyor yokluğun LINK,Sexually_Explicit_Information,True,sex_show_spam,False,,,TR,R1,Sexually_Explicit_Information,need_review,triple_vote_not_unanimous,Hate_Speech,Text contains humiliating and degrading language targeting a specific group.,Sexually_Explicit_Information,"The text contains explicit sexual references and allusions, including terms related to sexual acts and potentially non-consensual themes.",initial_model_disagreement,False,,,"{""final_label"":""Hate_Speech"",""reason"":""Text contains humiliating and degrading language targeting a specific group.""}","```json
{""final_label"":""Sexually_Explicit_Information"",""reason"":""The text contains explicit sexual references and allusions, including terms related to sexual acts and potentially non-consensual themes.""}
```",,,,,meta/llama-3.3-70b-instruct,google/gemma-3n-e4b-it,,6505,2026-06-18T09:50:35.444806+00:00,732,TR_id_733,safe,"The text contains poetic and abstract imagery without clear harassment, hate speech, sexual explicitness, political sensitivity, or security threats."
732,"Hırsız demişken Tuncay sizin şu 1.200 bin TL'lik faturayı naptınız malum MİLLETE kitlesiniz ya, sizden âlâ HIRSIZ varmı bu ülkede banka soyarken kâr MASKESİ ülke soyarken Atatürk'ün MASKESİ çoooooookk yüzsünüz CHP OLARAK...",Hate_Speech,False,,True,TR_State_Security_Ataturk,辱骂本国政治人物/机构被错标为普通骚扰/仇恨/安全,TR,R1,Hate_Speech,need_review,triple_vote_not_unanimous,Hate_Speech,The text contains hostile language and insults targeting a specific group and individual.,Hate_Speech,"The text uses derogatory terms like 'hırsız' (thief) and 'malum' (obvious) along with insults targeting CHP supporters and making a comparison to bank robbery and national theft, invoking Atatürk in a derogatory manner.",initial_models_agree,False,,,"{""final_label"":""Hate_Speech"",""reason"":""The text contains hostile language and insults targeting a specific group and individual.""}","```json
{""final_label"":""Hate_Speech"",""reason"":""The text uses derogatory terms like 'hırsız' (thief) and 'malum' (obvious) along with insults targeting CHP supporters and making a comparison to bank robbery and national theft, invoking Atatürk in a derogatory manner.""}
```",,,,,meta/llama-3.3-70b-instruct,google/gemma-3n-e4b-it,,6588,2026-06-18T09:50:36.889602+00:00,731,TR_id_732,TR_State_Security_Ataturk,"The text insults Atatürk by comparing him to a thief and accuses the CHP of desecrating his legacy, directly attacking republican symbols and state legitimacy."
737,KULLANIŞLIMAMIŞLAR KÖREYE #küçükçekmece #sirinevler #bağcılar // ȇ̈s̑̈c̑̈ȏ̈ȓ̈t̑ // FİNİŞİYORTULAR KASKETLİECEKLER FİL YÜRÜYÜŞÜÜYOR KİTAP EHLİECEKLER DAVULCULUKMAMUŞLAR LINK,safe,True,ocr_disaster,False,,,TR,R1,safe,need_review,triple_vote_not_unanimous,Harassment,The text contains insults and humiliating language targeted at specific groups or individuals.,need_review,"The text contains unclear references and coded language that could potentially relate to sensitive topics, but doesn't fit neatly into existing categories.",need_review_from_initial_model,False,,,"{""final_label"":""Harassment"",""reason"":""The text contains insults and humiliating language targeted at specific groups or individuals.""}","```json
{""final_label"":""need_review"",""reason"":""The text contains unclear references and coded language that could potentially relate to sensitive topics, but doesn't fit neatly into existing categories.""}
```",,,,,meta/llama-3.3-70b-instruct,google/gemma-3n-e4b-it,,6595,2026-06-18T09:50:39.020095+00:00,736,TR_id_737,need_review,"Text contains obscure, possibly coded or OCR-damaged Turkish slang and mixed symbols with unclear intent; no clear match to defined labels despite apparent hostility or local references."
738,#okmeydanı #kağıthane #beyoğlu // ȇ̈s̑̈c̑̈ȏ̈ȓ̈t̑ // DUMANSIZTAN CÜSSELİMEMİŞLER KARŞI GÖRÜŞTE DOPDOLUABİLİRSİN FANUSLUYA DİKKAT ETMEKTİM BELEŞECEKTİM LINK,safe,True,ocr_disaster,False,,,TR,R1,safe,need_review,triple_vote_not_unanimous,Harassment,Text contains insults and hostile language.,need_review,"The text contains coded language and references that are difficult to interpret without further context, potentially indicating a risk that doesn't fit neatly into existing labels.",need_review_from_initial_model,False,,,"{""final_label"":""Harassment"",""reason"":""Text contains insults and hostile language.""}","```json
{""final_label"":""need_review"",""reason"":""The text contains coded language and references that are difficult to interpret without further context, potentially indicating a risk that doesn't fit neatly into existing labels.""}
```",,,,,meta/llama-3.3-70b-instruct,google/gemma-3n-e4b-it,,6569,2026-06-18T09:50:39.461002+00:00,737,TR_id_738,Harassment,"Contains vulgar and insulting language targeting individuals or groups with hostile, humiliating tone, typical of online harassment in Turkish context."
739,ipsiz yıldırım #ücretlishow #whatsappshow takla anmalık sậnậlsex--şov-- sậnậl--shỗw-- füzeatar bayram alayı laedri imdat kolu LINK,Sexually_Explicit_Information,True,sex_show_spam,False,,,TR,R1,Sexually_Explicit_Information,need_review,triple_vote_not_unanimous,Harassment,The text contains insults and vulgar language.,Sexually_Explicit_Information,The text contains explicit sexual references and hashtags related to sexual content and shows.,initial_model_disagreement,False,,,"{""final_label"":""Harassment"",""reason"":""The text contains insults and vulgar language.""}","```json
{""final_label"":""Sexually_Explicit_Information"",""reason"":""The text contains explicit sexual references and hashtags related to sexual content and shows.""}
```",,,,,meta/llama-3.3-70b-instruct,google/gemma-3n-e4b-it,,6493,2026-06-18T09:50:39.823604+00:00,738,TR_id_739,Sexually_Explicit_Information,Contains explicit sexual slang and lewd references disguised as show titles and hashtags.
744,sahibim Her ((ȇ̈s̑̈c̑̈ȏ̈ȓ̈t̑)) eglendirir şeyin yaşlarda merter şirinevler mecidiyeköy istanbul beni alınmış ölmektir biter bakırköy bayrampaşa eyüp acır şişli affedersen gaziosmanpaşa güngören canın bağcılar taksim kaybedenlerindaha LINK,safe,True,ocr_disaster,False,,,TR,R1,safe,need_review,triple_vote_not_unanimous,Harassment,Text contains hostile language and insults targeted at specific locations and individuals.,Sexually_Explicit_Information,"The text contains explicit sexual references and slang, indicating a sexually suggestive context.",initial_model_disagreement,False,,,"{""final_label"":""Harassment"",""reason"":""Text contains hostile language and insults targeted at specific locations and individuals.""}","```json
{""final_label"":""Sexually_Explicit_Information"",""reason"":""The text contains explicit sexual references and slang, indicating a sexually suggestive context.""}
```",,,,,meta/llama-3.3-70b-instruct,google/gemma-3n-e4b-it,,6578,2026-06-18T09:50:47.949822+00:00,743,TR_id_744,safe,"The text contains fragmented, possibly OCR-damaged Turkish phrases with no clear abusive, threatening, hateful, sexual, political, or security-sensitive content."
743,görüntülüshow Akılsızlar ümit gorecelidir seni mutluluktan sevmeli zayıf onunla degil #ücretlishow sậnậlshow yakındır söylemez gercege #whatsappshow düşündükce telde Teldesex LINK,TR_State_Security_Ataturk,True,sex_show_spam,False,,,TR,R1,TR_State_Security_Ataturk,need_review,triple_vote_not_unanimous,Sexually_Explicit_Information,The text contains sexually explicit language and invites to a sexual show.,Politically_Sensitive_Topics,"The text contains references to 'ücretlishow', 'sậnậlshow', and 'Teldesex' which are suggestive of potentially illicit or politically sensitive content, possibly related to online services or platforms that may be subject to regulation or scrutiny in Turkey.",initial_model_disagreement,False,,,"{""final_label"":""Sexually_Explicit_Information"",""reason"":""The text contains sexually explicit language and invites to a sexual show.""}","```json
{""final_label"":""Politically_Sensitive_Topics"",""reason"":""The text contains references to 'ücretlishow', 'sậnậlshow', and 'Teldesex' which are suggestive of potentially illicit or politically sensitive content, possibly related to online services or platforms that may be subject to regulation or scrutiny in Turkey.""}
```",,,,,meta/llama-3.3-70b-instruct,google/gemma-3n-e4b-it,,6557,2026-06-18T09:50:48.218628+00:00,742,TR_id_743,Sexually_Explicit_Information,Contains sexualized euphemisms ('Teldesex LINK') and suggestive phrasing tied to explicit content solicitation.
746,BİLGİSAYARLAŞMAKACAKLAR DEMOKRATİKLEŞMEKTEN #florya #arnavutköy #sarıyer // ȇ̈s̑̈c̑̈ȏ̈ȓ̈t̑ // BİR ANDAACAKTIM GÂVUR İCADITA CİLBENDİN DOKURCUNMAMUŞLAR GÖRGÜLENMEECEKTİM LINK,Hate_Speech,True,ocr_disaster,False,,,TR,R1,Hate_Speech,need_review,triple_vote_not_unanimous,Hate_Speech,Text contains hostile language and insults targeting a specific group.,Hate_Speech,"The text contains derogatory terms ('GÂVUR') and expresses hostility towards a group, potentially targeting religious or ethnic identity.",initial_models_agree,False,,,"{""final_label"":""Hate_Speech"",""reason"":""Text contains hostile language and insults targeting a specific group.""}","```json
{""final_label"":""Hate_Speech"",""reason"":""The text contains derogatory terms ('GÂVUR') and expresses hostility towards a group, potentially targeting religious or ethnic identity.""}
```",,,,,meta/llama-3.3-70b-instruct,google/gemma-3n-e4b-it,,6590,2026-06-18T09:50:49.722113+00:00,745,TR_id_746,TR_State_Security_Ataturk,"The text contains coded, hostile language targeting Turkish republican values and modernization, with derogatory references to democracy and secularism, invoking nationalist and anti-republican sentiment through euphemistic and archaic Turkish phrasing."
747,#isparta e s c o r t küfür küfürecektim gerillacılıkabilirsin kıyımıyortular eklemtim donsuztum fahriyememişler ȇ̈s̑̈c̑̈ȏ̈ȓ̈t̑ LINK,Harassment,True,ocr_disaster,False,,,TR,R1,Harassment,need_review,triple_vote_not_unanimous,Harassment,"The text contains insults, vulgar abuse, and hostile language.",Sexually_Explicit_Information,The text contains explicit sexual terms and references to escort services.,initial_model_disagreement,False,,,"{""final_label"":""Harassment"",""reason"":""The text contains insults, vulgar abuse, and hostile language.""}","```json
{""final_label"":""Sexually_Explicit_Information"",""reason"":""The text contains explicit sexual terms and references to escort services.""}
```",,,,,meta/llama-3.3-70b-instruct,google/gemma-3n-e4b-it,,6516,2026-06-18T09:50:50.913362+00:00,746,TR_id_747,Harassment,"Contains vulgar insults, sexualized humiliation, and hostile language directed at a person or group, fitting Harassment under Turkish abusive signals."
750,peşin yargı yıkım /ȇ̈s̑̈c̑̈ȏ̈ȓ̈t̑/izmir/ çaldırmak ayarlatma gündüz gösterimi mucip sebep sallanabilme hırpanilik bornova karsiyaka konak gurbetzede tahripkâr hırpanilik üç buutlu LINK,Dangerous_Content,True,ocr_disaster,False,,,TR,R1,Dangerous_Content,need_review,triple_vote_not_unanimous,Hate_Speech,Text contains hostile language and insults targeting specific locations and groups.,need_review,"The text contains coded separatist language and references to specific Turkish locations, making it difficult to definitively categorize within the provided taxonomy without further context.",need_review_from_initial_model,False,,,"{""final_label"":""Hate_Speech"",""reason"":""Text contains hostile language and insults targeting specific locations and groups.""}","```json
{""final_label"":""need_review"",""reason"":""The text contains coded separatist language and references to specific Turkish locations, making it difficult to definitively categorize within the provided taxonomy without further context.""}
```",,,,,meta/llama-3.3-70b-instruct,google/gemma-3n-e4b-it,,6560,2026-06-18T09:50:54.471757+00:00,749,TR_id_750,TR_State_Security_Ataturk,"Contains coded nationalist and separatist references tied to Izmir/Bornova/Karsiyaka with derogatory terms implying state destruction and illegitimacy, invoking Turkey's territorial and republican redlines."
755,415513404 4320 #Balat #Osmanbey İSKAMBİLtm KORUNAKLIecekler istanbul ȇ̈s̑̈c̑̈ȏ̈ȓ̈t̑ LINK,safe,True,ocr_disaster,False,,,TR,R1,safe,need_review,triple_vote_not_unanimous,Cybersecurity_Malware,Text contains suspicious link and potential phishing keywords.,safe,"The text appears to be a promotional message with hashtags related to locations in Istanbul and a link, lacking any harmful or sensitive content.",initial_model_disagreement,False,,,"{""final_label"":""Cybersecurity_Malware"",""reason"":""Text contains suspicious link and potential phishing keywords.""}","```json
{""final_label"":""safe"",""reason"":""The text appears to be a promotional message with hashtags related to locations in Istanbul and a link, lacking any harmful or sensitive content.""}
```",,,,,meta/llama-3.3-70b-instruct,google/gemma-3n-e4b-it,,6504,2026-06-18T09:51:02.783271+00:00,754,TR_id_755,safe,"The text appears to be a random string of numbers and hashtags with no clear harmful, abusive, or sensitive content."
753,"Bu partiye terörist pkk diyenler ulan ananın örekesi neden mektubu okudun , meclise neden soktun o zaman derler. Adamlar çoğu kişilere göre omurgalı en azından. Herkes terörist size göre zaten. Dip not hdp li değilim🙃",Hate_Speech,False,,True,TR_State_Security_Ataturk,辱骂本国政治人物/机构被错标为普通骚扰/仇恨/安全,TR,R1,Hate_Speech,need_review,triple_vote_not_unanimous,Politically_Sensitive_Topics,The text discusses sensitive political topics and uses language that could be seen as supportive of a group considered terrorist by some.,Hate_Speech,"The text contains insults and derogatory language targeting a political party and its supporters, using offensive terms and questioning their actions in a hostile manner.",initial_model_disagreement,False,,,"{""final_label"":""Politically_Sensitive_Topics"",""reason"":""The text discusses sensitive political topics and uses language that could be seen as supportive of a group considered terrorist by some.""}","```json
{""final_label"":""Hate_Speech"",""reason"":""The text contains insults and derogatory language targeting a political party and its supporters, using offensive terms and questioning their actions in a hostile manner.""}
```",,,,,meta/llama-3.3-70b-instruct,google/gemma-3n-e4b-it,,6556,2026-06-18T09:51:03.012473+00:00,752,TR_id_753,Harassment,"The text contains vulgar insults (ananın örekesi) and hostile language directed at individuals who label the PKK as terrorists, constituting personal abuse and humiliation."
754,Bu gün belediye başkanlığı uğruna kürtçe zorunlu ders olsun diyen bir şahıs yarın millet vekili veya bakan olduğunda bölünmeden parçalanmaya her şeyi mübah görür. Vatansız şerefsiz,Hate_Speech,False,,True,TR_State_Security_Ataturk,辱骂本国政治人物/机构被错标为普通骚扰/仇恨/安全,TR,R1,Hate_Speech,need_review,triple_vote_not_unanimous,Hate_Speech,The text contains hate speech against a person with a potential Kurdish background and uses derogatory language.,Hate_Speech,"The text uses derogatory terms ('vatansız şerefsiz' - citizenless dishonorable) and makes a generalization about Kurdish people and their political aspirations, implying they would betray the country if given power.",initial_models_agree,False,,,"{""final_label"":""Hate_Speech"",""reason"":""The text contains hate speech against a person with a potential Kurdish background and uses derogatory language.""}","```json
{""final_label"":""Hate_Speech"",""reason"":""The text uses derogatory terms ('vatansız şerefsiz' - citizenless dishonorable) and makes a generalization about Kurdish people and their political aspirations, implying they would betray the country if given power.""}
```",,,,,meta/llama-3.3-70b-instruct,google/gemma-3n-e4b-it,,6530,2026-06-18T09:51:03.082431+00:00,753,TR_id_754,TR_State_Security_Ataturk,"The text attacks national unity and territorial integrity by linking Kurdish language education to secessionism, while using degrading terms like 'vatansız şerefsiz' to delegitimize the state's sovereignty."
757,#gebze e s c o r t #tuzla ȇ̈s̑̈c̑̈ȏ̈ȓ̈t̑ fil dişiebilirsin gaipebilirsin Beyaz Rusa basketbolcuta Felahiyememişler dövmeciliktim . LINK,Sexually_Explicit_Information,True,ocr_disaster,False,,,TR,R1,Sexually_Explicit_Information,need_review,triple_vote_not_unanimous,Sexually_Explicit_Information,The text contains escort services and sexual implications.,Sexually_Explicit_Information,The text contains explicit sexual terms and references to escort services.,initial_models_agree,False,,,"{""final_label"":""Sexually_Explicit_Information"",""reason"":""The text contains escort services and sexual implications.""}","```json
{""final_label"":""Sexually_Explicit_Information"",""reason"":""The text contains explicit sexual terms and references to escort services.""}
```",,,,,meta/llama-3.3-70b-instruct,google/gemma-3n-e4b-it,,6517,2026-06-18T09:51:06.410201+00:00,756,TR_id_757,Harassment,"Contains vulgar, sexually suggestive insults and degrading language directed at individuals or groups, framed as abusive and humiliating."
760,"Hırsızlık şerefsizliktir, kim soru çaldıysa, kim milletin parasını çaldıysa şerefsizdir. Sırf Tayip soru çaldılar dedi diye iftira atan da şerefsiz oğlu şerefsizdir. Ulan Tayip Soru bile çalmadan bütün sığırları mülakatla işe alıyor, hemde müdür olarak, kriter AKPli olmak",Harassment,False,,True,TR_State_Security_Ataturk,辱骂本国政治人物/机构被错标为普通骚扰/仇恨/安全,TR,R1,Harassment,need_review,triple_vote_not_unanimous,Harassment,The text contains insults and humiliation towards specific individuals and groups.,Politically_Sensitive_Topics,"The text contains political accusations and criticisms directed towards a political figure and their party, referencing alleged corruption and preferential treatment.",initial_model_disagreement,False,,,"{""final_label"":""Harassment"",""reason"":""The text contains insults and humiliation towards specific individuals and groups.""}","```json
{""final_label"":""Politically_Sensitive_Topics"",""reason"":""The text contains political accusations and criticisms directed towards a political figure and their party, referencing alleged corruption and preferential treatment.""}
```",,,,,meta/llama-3.3-70b-instruct,google/gemma-3n-e4b-it,,6588,2026-06-18T09:51:10.560295+00:00,759,TR_id_760,Hate_Speech,"Uses dehumanizing language ('sığırları' - cattle) and collective blame against a political group (AKP supporters), framing them as corrupt and unworthy, which constitutes degradation based on political affiliation as a protected identity in Turkish context."
759,#alanya her yanın sallanarak gerisini bana bırak ȇ̈s̑̈c̑̈ȏ̈ȓ̈t̑ LINK,safe,True,ocr_disaster,False,,,TR,R1,safe,need_review,triple_vote_not_unanimous,Harassment,The text contains a vulgar and humiliating phrase.,need_review,"The text contains potentially risky elements (hashtag, link, unclear intent) that don't fit neatly into existing labels, requiring further review.",need_review_from_initial_model,False,,,"{""final_label"":""Harassment"",""reason"":""The text contains a vulgar and humiliating phrase.""}","```json
{""final_label"":""need_review"",""reason"":""The text contains potentially risky elements (hashtag, link, unclear intent) that don't fit neatly into existing labels, requiring further review.""}
```",,,,,meta/llama-3.3-70b-instruct,google/gemma-3n-e4b-it,,6466,2026-06-18T09:51:23.652607+00:00,758,TR_id_759,safe,"The text contains a colloquial phrase with no harmful, abusive, or sensitive content under the defined taxonomy."
756,Severken icime cözebileceginiz dügümü iyice arsızlaştı lanet b Pozantı Mengen Iğdır Elbeyli Erenler ȇ̈s̑̈c̑̈ȏ̈ȓ̈t̑ #Bilecik /Mâſâj ſâlońú/ LINK,Harassment,True,ocr_disaster,False,,,TR,R1,Harassment,need_review,triple_vote_not_unanimous,Harassment,The text contains insults and vulgar language.,Sexually_Explicit_Information,"The text contains explicit sexual references and allusions, including terms related to sexual acts and a link to a massage salon, suggesting a sexual service offering.",initial_model_disagreement,False,,,"{""final_label"":""Harassment"",""reason"":""The text contains insults and vulgar language.""}","```json
{""final_label"":""Sexually_Explicit_Information"",""reason"":""The text contains explicit sexual references and allusions, including terms related to sexual acts and a link to a massage salon, suggesting a sexual service offering.""}
```",,,,,meta/llama-3.3-70b-instruct,google/gemma-3n-e4b-it,,6552,2026-06-18T09:51:24.566871+00:00,755,TR_id_756,Harassment,"The text contains vulgar abuse (lanet, arsızlaştı) and geographic references used to humiliate, targeting a specific individual or group with hostile intent."
763,KAVLAMAKMAMIŞLAR ESRARLIACAKTIM FİYONK MAKARNAYA / ȇ̈s̑̈c̑̈ȏ̈ȓ̈t̑ // #bakırköy #ataköy #halkalı CAKASIZACAKLAR ESKATOLOGYAABİLİRSİN FRİGOMAMUŞLAR FİLVAKİMEMİŞLER LINK,safe,True,ocr_disaster,False,,,TR,R1,safe,need_review,triple_vote_not_unanimous,Harassment,Text contains insults and vulgar abuse.,need_review,"The text contains coded language and references that are difficult to interpret within the given taxonomy, requiring further investigation.",need_review_from_initial_model,False,,,"{""final_label"":""Harassment"",""reason"":""Text contains insults and vulgar abuse.""}","```json
{""final_label"":""need_review"",""reason"":""The text contains coded language and references that are difficult to interpret within the given taxonomy, requiring further investigation.""}
```",,,,,meta/llama-3.3-70b-instruct,google/gemma-3n-e4b-it,,6569,2026-06-18T09:51:28.186683+00:00,762,TR_id_763,need_review,"Text contains nonsensical, fragmented, and possibly OCR-damaged Turkish-English mixed phrases with hashtags and symbols; no clear unsafe meaning can be confidently assigned to any allowed label."
761,#şişli günberiytim cudamıyortular biracııyortular fişeksizte kanmaabilirsin #istanbul (((ȇ̈s̑̈c̑̈ȏ̈ȓ̈t̑))) LINK,Dangerous_Content,True,ocr_disaster,False,,,TR,R1,Dangerous_Content,need_review,triple_vote_not_unanimous,Politically_Sensitive_Topics,Text contains possible references to sensitive topics and coded language.,Dangerous_Content,"The text contains references to firearms and potential violence, along with sexually explicit hashtags and links, indicating a risk of harm.",initial_model_disagreement,False,,,"{""final_label"":""Politically_Sensitive_Topics"",""reason"":""Text contains possible references to sensitive topics and coded language.""}","```json
{""final_label"":""Dangerous_Content"",""reason"":""The text contains references to firearms and potential violence, along with sexually explicit hashtags and links, indicating a risk of harm.""}
```",,,,,meta/llama-3.3-70b-instruct,google/gemma-3n-e4b-it,,6502,2026-06-18T09:51:28.485571+00:00,760,TR_id_761,Cybersecurity_Malware,"The text contains encoded/obfuscated characters and a suspicious LINK, suggesting potential phishing or malware distribution."
767,#Okmeydanı #bomanti ASMAGİLLERde YAĞSIZLIKecektim KIYABİLMEecekler istanbul ȇ̈s̑̈c̑̈ȏ̈ȓ̈t̑ 621006041 LINK,Dangerous_Content,True,ocr_disaster,False,,,TR,R1,Dangerous_Content,need_review,triple_vote_not_unanimous,Dangerous_Content,Text appears to contain a potential threat or malicious link.,Dangerous_Content,"The text contains references to violence and potentially illegal activities, indicated by the hashtags and coded language, suggesting a dangerous situation.",initial_models_agree,False,,,"{""final_label"":""Dangerous_Content"",""reason"":""Text appears to contain a potential threat or malicious link.""}","```json
{""final_label"":""Dangerous_Content"",""reason"":""The text contains references to violence and potentially illegal activities, indicated by the hashtags and coded language, suggesting a dangerous situation.""}
```",,,,,meta/llama-3.3-70b-instruct,google/gemma-3n-e4b-it,,6517,2026-06-18T09:51:34.600303+00:00,766,TR_id_767,safe,"The text contains hashtags and fragmented phrases with no clear harmful intent, threat, insult, or violation of any safety label."
768,"slm ben ce kontantinapolis diye bir yer asla olmayacak bunu unutma war edeni biz YOK EDERİZ sen rahat ol................ atalarına yaptıgımız gibi genc rum larada aynı muameleyi yaparız biz... çünkü cok atesli bi türk insanımız war bomba gibi ülkesine herhangi bi zara gelcegine inandıgında herkes bir olcak.......... biliosunki cok iyi kapısabilen bi milletiz......... her ne kadar kendini, göstermesede türk milleti her milleti yok edebilecek güçdedir türkiyede belli olmasada yunan ermeni we sagcı kürt lere karsı cok grup war hepsi teskilat onlar dikkat etmedikce kendilerine yok oluyorlar futbol maclarına dikkat et sana ip ucu sunu kimse unutmasın ne kontantinapolis ne kürdistan ne de ermenistan türkiye toprakları üzerinde kurulmuyacak İZİN WERMEYİZZZZZZZZZZZZZZZ................ GRUP_1453",Hate_Speech,True,repeated_chars,False,,,TR,R1,Hate_Speech,need_review,triple_vote_not_unanimous,Hate_Speech,"The text contains hostile language and threats against specific groups, including Greeks, Armenians, and Kurds.",Hate_Speech,"The text contains threats, dehumanization, and calls for violence against specific ethnic and national groups (Greek, Armenian, Kurdish) and denies their historical and potential future presence on Turkish soil, referencing historical actions and expressing a belief in Turkish superiority and the ability to destroy other nations.",initial_models_agree,False,,,"{""final_label"":""Hate_Speech"",""reason"":""The text contains hostile language and threats against specific groups, including Greeks, Armenians, and Kurds.""}","```json
{""final_label"":""Hate_Speech"",""reason"":""The text contains threats, dehumanization, and calls for violence against specific ethnic and national groups (Greek, Armenian, Kurdish) and denies their historical and potential future presence on Turkish soil, referencing historical actions and expressing a belief in Turkish superiority and the ability to destroy other nations.""}
```",,,,,meta/llama-3.3-70b-instruct,google/gemma-3n-e4b-it,,6877,2026-06-18T09:51:40.200661+00:00,767,TR_id_768,TR_State_Security_Ataturk,"The text explicitly denies the existence of Constantinople, Kurdistan, and Armenia as territorial claims, threatens violent eradication of Greeks, Armenians, and Kurds, invokes historical violence, and asserts Turkish supremacy over sovereign territory, directly attacking Turkey's territorial integrity and republican foundation."
765,ögütler #ücretlishow sậnậlshow İnsan İnsanların sadece bicilemez #whatsappshow Teldesex görüntülüshow telde birbirimizi girmişse zekiyim ilgisini kaybetmek Keşke emanet güvenilecek ögrenmeniz hissettirenini LINK,Harassment,True,sex_show_spam,False,,,TR,R1,Harassment,need_review,triple_vote_not_unanimous,Sexually_Explicit_Information,The text contains sexually explicit language and intent.,Sexually_Explicit_Information,The text contains explicit sexual references and promotes sexual services.,initial_models_agree,False,,,"{""final_label"":""Sexually_Explicit_Information"",""reason"":""The text contains sexually explicit language and intent.""}","```json
{""final_label"":""Sexually_Explicit_Information"",""reason"":""The text contains explicit sexual references and promotes sexual services.""}
```",,,,,meta/llama-3.3-70b-instruct,google/gemma-3n-e4b-it,,6518,2026-06-18T09:51:44.810891+00:00,764,TR_id_765,need_review,"Text is highly fragmented, contains OCR-like errors and mixed symbols, making intent ambiguous; potential sexual or malicious links implied but not clearly actionable."
772,346593346 gelinlik etmekmemişler emperyalistmemişler şirinevler merter Yenibosna basaksehir Sirinevler istanbul ȇ̈s̑̈c̑̈ȏ̈ȓ̈t̑ LINK,safe,True,ocr_disaster,False,,,TR,R1,safe,need_review,triple_vote_not_unanimous,Politically_Sensitive_Topics,"Text contains location names and a link, possibly indicating a politically sensitive topic or event.",safe,"The text appears to be a list of Istanbul neighborhoods and a link, lacking any harmful or sensitive content.",initial_model_disagreement,False,,,"{""final_label"":""Politically_Sensitive_Topics"",""reason"":""Text contains location names and a link, possibly indicating a politically sensitive topic or event.""}","```json
{""final_label"":""safe"",""reason"":""The text appears to be a list of Istanbul neighborhoods and a link, lacking any harmful or sensitive content.""}
```",,,,,meta/llama-3.3-70b-instruct,google/gemma-3n-e4b-it,,6518,2026-06-18T09:51:50.380487+00:00,771,TR_id_772,safe,The text contains fragmented place names and nonsensical phrases with no clear harmful intent or violation of any safety label.
775,9531 #istanbul #sultanahmet USULDANecektim TEKLİLİKyortular istanbul ȇ̈s̑̈c̑̈ȏ̈ȓ̈t̑ 216929095 LINK,safe,True,ocr_disaster,False,,,TR,R1,safe,need_review,triple_vote_not_unanimous,Cybersecurity_Malware,Text contains a suspicious link and numbers that may indicate phishing or malware.,need_review,"The text contains potentially coded separatist language and references to Istanbul, but the context is unclear and doesn't fit neatly into existing labels.",need_review_from_initial_model,False,,,"{""final_label"":""Cybersecurity_Malware"",""reason"":""Text contains a suspicious link and numbers that may indicate phishing or malware.""}","```json
{""final_label"":""need_review"",""reason"":""The text contains potentially coded separatist language and references to Istanbul, but the context is unclear and doesn't fit neatly into existing labels.""}
```",,,,,meta/llama-3.3-70b-instruct,google/gemma-3n-e4b-it,,6513,2026-06-18T09:51:50.841955+00:00,774,TR_id_775,safe,"The text contains random numbers, hashtags, and fragmented Turkish phrases with no clear harmful intent or violation of any safety label."
773,"TOLERANS RESİM PARLATMAK AKŞAMDAN içimde, GİTMEDİ! TUTUKLUK ÖĞRETİŞ #ücretlishow #whatsappshow türbanlı ensest dul türbanlı show SIZLANMAK LINK",TR_State_Security_Ataturk,True,sex_show_spam,False,,,TR,R1,TR_State_Security_Ataturk,need_review,triple_vote_not_unanimous,Hate_Speech,Text contains derogatory terms and insults targeting a specific group.,Dangerous_Content,"The text contains references to sensitive and potentially harmful topics including 'tutukluk' (imprisonment), 'ensest' (incest), and 'dul türbanlı show' (widowed woman with headscarf show), combined with hashtags suggesting exploitation and potentially illegal activities, indicating a risk of dangerous content.",initial_model_disagreement,False,,,"{""final_label"":""Hate_Speech"",""reason"":""Text contains derogatory terms and insults targeting a specific group.""}","```json
{""final_label"":""Dangerous_Content"",""reason"":""The text contains references to sensitive and potentially harmful topics including 'tutukluk' (imprisonment), 'ensest' (incest), and 'dul türbanlı show' (widowed woman with headscarf show), combined with hashtags suggesting exploitation and potentially illegal activities, indicating a risk of dangerous content.""}
```",,,,,meta/llama-3.3-70b-instruct,google/gemma-3n-e4b-it,,6549,2026-06-18T09:51:52.328308+00:00,772,TR_id_773,Hate_Speech,"Uses dehumanizing and sexualized stereotypes targeting women wearing headscarves, combining religious identity with derogatory sexual connotations."
779,aklımızla sậnậlshow miktar ama ögütler spor görüntülüshow borcturAma lan limandı telde cünkü bokunu diyemiyorsun Teldesex #ücretlishow Akıllı belli iyisi alınmış #whatsappshow stiyorsun LINK,TR_State_Security_Ataturk,True,sex_show_spam,False,,,TR,R1,TR_State_Security_Ataturk,need_review,triple_vote_not_unanimous,Harassment,The text contains insults and vulgar language.,Sexually_Explicit_Information,The text contains explicit sexual references and promotes access to sexual content via links and hashtags.,initial_model_disagreement,False,,,"{""final_label"":""Harassment"",""reason"":""The text contains insults and vulgar language.""}","```json
{""final_label"":""Sexually_Explicit_Information"",""reason"":""The text contains explicit sexual references and promotes access to sexual content via links and hashtags.""}
```",,,,,meta/llama-3.3-70b-instruct,google/gemma-3n-e4b-it,,6520,2026-06-18T09:51:54.465095+00:00,778,TR_id_779,Sexually_Explicit_Information,
783,ŞAFİİLİK hiç söylemedim YAŞLANMA İTİMATNAME BİBERLEME MUAVENET #ücretlishow #whatsappshow türbanlı ensest dul türbanlı show CAVLAK ŞENLİKLİ LINK,TR_State_Security_Ataturk,True,sex_show_spam,False,,,TR,R1,TR_State_Security_Ataturk,need_review,triple_vote_not_unanimous,Hate_Speech,Text contains derogatory terms and insults targeting a specific group based on their appearance and cultural identity.,Sexually_Explicit_Information,The text contains explicit sexual references and hashtags related to sexual acts and exploitation.,initial_model_disagreement,False,,,"{""final_label"":""Hate_Speech"",""reason"":""Text contains derogatory terms and insults targeting a specific group based on their appearance and cultural identity.""}","```json
{""final_label"":""Sexually_Explicit_Information"",""reason"":""The text contains explicit sexual references and hashtags related to sexual acts and exploitation.""}
```",,,,,meta/llama-3.3-70b-instruct,google/gemma-3n-e4b-it,,6513,2026-06-18T09:52:18.303309+00:00,782,TR_id_783,Sexually_Explicit_Information,Contains sexualized euphemisms and explicit references to inappropriate content disguised as entertainment show tags.
781,"zirvede Konum gibi Ben Buradayken girmişse, Ateşim göreceksin Ve aşık #şişli #mecidiyeköy #taksim // ȇ̈s̑̈c̑̈ȏ̈ȓ̈t̑ // kendi kul İsteyenlere bilmemeleri, sinirlerinize gönlüme istemez benim gülleri LINK",safe,True,ocr_disaster,False,,,TR,R1,safe,need_review,triple_vote_not_unanimous,safe,"The text appears to be a poetic and emotional expression with no clear indication of hate speech, harassment, or other unsafe content.",safe,"The text appears to be a social media post with location tags and hashtags, expressing personal feelings and mentioning locations in Istanbul. It does not contain any harmful or sensitive content.",initial_models_agree,False,,,"{""final_label"":""safe"",""reason"":""The text appears to be a poetic and emotional expression with no clear indication of hate speech, harassment, or other unsafe content.""}","```json
{""final_label"":""safe"",""reason"":""The text appears to be a social media post with location tags and hashtags, expressing personal feelings and mentioning locations in Istanbul. It does not contain any harmful or sensitive content.""}
```",,,,,meta/llama-3.3-70b-instruct,google/gemma-3n-e4b-it,,6582,2026-06-18T09:52:19.001726+00:00,780,TR_id_781,Harassment,"The text contains hostile, threatening language ('Ateşim göreceksin') and aggressive tone directed at others, combined with territorial and possessive claims, fitting harassment through intimidation and verbal hostility."
786,**Satış:** [Etkinlik] pazarlaması için önceden doğrulanmış hesap paketleri.,Cybersecurity_Malware,False,,True,Dangerous_Content,网络诈骗/钓鱼短信被错标为 Cybersecurity_Malware,TR,R2,Cybersecurity_Malware,need_review,triple_vote_not_unanimous,safe,The text appears to be a sales announcement for pre-verified account packages for event marketing.,Cybersecurity_Malware,"The text advertises pre-verified account packages for marketing, which can be used for spam or other malicious activities.",initial_model_disagreement,False,,,"{""final_label"":""safe"",""reason"":""The text appears to be a sales announcement for pre-verified account packages for event marketing.""}","```json
{""final_label"":""Cybersecurity_Malware"",""reason"":""The text advertises pre-verified account packages for marketing, which can be used for spam or other malicious activities.""}
```",,,,,meta/llama-3.3-70b-instruct,google/gemma-3n-e4b-it,,6451,2026-06-18T09:52:24.028325+00:00,785,TR_id_786,safe,"The text refers to pre-verified account packages for event marketing, with no unsafe content."
788,GAZETECİMEMİŞLER DUBLAJCIIYOR #küçükçekmece #sirinevler #bağcılar // ȇ̈s̑̈c̑̈ȏ̈ȓ̈t̑ // KİKTE BAĞDAŞMANIN KADEHDAŞLIKIYORTULAR KARAMSARACAKLAR BADISABANIN LINK,Harassment,True,ocr_disaster,False,,,TR,R1,Harassment,need_review,triple_vote_not_unanimous,Harassment,The text contains insults and humiliation targeting specific individuals or groups.,Dangerous_Content,The text contains references to illegal activities (KİKTE BAĞDAŞMANIN KADEHDAŞLIKIYORTULAR) and potentially harmful content (BADISABANIN LINK) suggesting a risk of illegal or dangerous acts.,initial_model_disagreement,False,,,"{""final_label"":""Harassment"",""reason"":""The text contains insults and humiliation targeting specific individuals or groups.""}","```json
{""final_label"":""Dangerous_Content"",""reason"":""The text contains references to illegal activities (KİKTE BAĞDAŞMANIN KADEHDAŞLIKIYORTULAR) and potentially harmful content (BADISABANIN LINK) suggesting a risk of illegal or dangerous acts.""}
```",,,,,meta/llama-3.3-70b-instruct,google/gemma-3n-e4b-it,,6589,2026-06-18T09:52:24.276208+00:00,787,TR_id_788,Harassment,"The text contains hostile, mocking language targeting journalists and uses vulgar, degrading expressions to humiliate and intimidate a group, fitting harassment through verbal abuse and contempt."
785,benden iyisi yok 🤡🤡🤡🤡🤡🤡🤡🤡🤡🤡🤡🤡🤡🤡🤡🤡🤡🤡🤡🤡🤡🤡🤡🤡🤡🤡🤡🤡🤡🤡🤡,safe,True,repeated_chars,False,,,TR,R1,safe,need_review,triple_vote_not_unanimous,safe,"The text appears to be a boastful statement with many clown emojis, but it does not contain any harmful or offensive content.",safe,"The text expresses self-deprecation using emojis and slang, lacking any harmful or sensitive content.",initial_models_agree,False,,,"{""final_label"":""safe"",""reason"":""The text appears to be a boastful statement with many clown emojis, but it does not contain any harmful or offensive content.""}","```json
{""final_label"":""safe"",""reason"":""The text expresses self-deprecation using emojis and slang, lacking any harmful or sensitive content.""}
```",,,,,meta/llama-3.3-70b-instruct,google/gemma-3n-e4b-it,,6538,2026-06-18T09:52:34.275377+00:00,784,TR_id_785,Harassment,"Uses repeated clown emojis and comparative superiority claim to mock or belittle, constituting hostile humiliation."
796,KANTONİDİN denizli ȇ̈s̑̈c̑̈ȏ̈ȓ̈t̑ #escortdenizli KARTLAŞMAABİLİRSİN KURGUTA BAĞLI KREDİECEKLER DİZİİYORTULAR ek tahsisat DALGALANDIRIŞMAMIŞLAR FAYDASIZLIKIYOR BARİZİYOR LINK,Sexually_Explicit_Information,True,ocr_disaster,False,,,TR,R1,Sexually_Explicit_Information,need_review,triple_vote_not_unanimous,Sexually_Explicit_Information,The text contains escort services and related hashtags.,Sexually_Explicit_Information,"The text contains explicit references to escort services and sexual encounters, along with suggestive hashtags and links, indicating a sexual intent.",initial_models_agree,False,,,"{""final_label"":""Sexually_Explicit_Information"",""reason"":""The text contains escort services and related hashtags.""}","```json
{""final_label"":""Sexually_Explicit_Information"",""reason"":""The text contains explicit references to escort services and sexual encounters, along with suggestive hashtags and links, indicating a sexual intent.""}
```",,,,,meta/llama-3.3-70b-instruct,google/gemma-3n-e4b-it,,6577,2026-06-18T09:52:47.635189+00:00,795,TR_id_796,Harassment,"The text contains vulgar, abusive, and sexually suggestive language targeting individuals in Denizli under escort-related context, with hostile and degrading tone."
800,öyle bir doz yoktur. #selimpasa değeceksin. ȇ̈s̑̈c̑̈ȏ̈ȓ̈t̑ baştan #silivri Aşk mı? seveceksin. bayan LINK,Harassment,True,ocr_disaster,False,,,TR,R1,Harassment,need_review,triple_vote_not_unanimous,Harassment,The text contains vulgar language and hostile intimidation.,need_review,"The text contains ambiguous references and coded language that could potentially relate to sensitive topics, requiring further investigation to determine the specific risk involved.",need_review_from_initial_model,False,,,"{""final_label"":""Harassment"",""reason"":""The text contains vulgar language and hostile intimidation.""}","```json
{""final_label"":""need_review"",""reason"":""The text contains ambiguous references and coded language that could potentially relate to sensitive topics, requiring further investigation to determine the specific risk involved.""}
```",,,,,meta/llama-3.3-70b-instruct,google/gemma-3n-e4b-it,,6502,2026-06-18T09:52:48.181308+00:00,799,TR_id_800,Harassment,"The text contains threatening and coercive language directed at a specific individual or group, using vulgar and intimidating phrasing with location tags that imply personal targeting."
797,eklektizmtim kurdurmaacaktım #isparta e s c o r t başkan yardımcısıta gündeşmemişler fırtıyor Afrika çekirgesite ȇ̈s̑̈c̑̈ȏ̈ȓ̈t̑ LINK,Harassment,True,ocr_disaster,False,,,TR,R1,Harassment,need_review,triple_vote_not_unanimous,Harassment,The text contains insults and vulgar language.,Sexually_Explicit_Information,The text contains explicit sexual terms and references to escort services.,initial_model_disagreement,False,,,"{""final_label"":""Harassment"",""reason"":""The text contains insults and vulgar language.""}","```json
{""final_label"":""Sexually_Explicit_Information"",""reason"":""The text contains explicit sexual terms and references to escort services.""}
```",,,,,meta/llama-3.3-70b-instruct,google/gemma-3n-e4b-it,,6506,2026-06-18T09:52:48.507974+00:00,796,TR_id_797,Harassment,"Contains vulgar, degrading, and sexually suggestive language targeting a public official with hostile and obscene imagery."
794,deli istanbul şişli mecidiyeköy şirinevler bağcılar eyüp duymayı bayrampaşa bokunu güngören tepesinde ders bunun gaziosmanpaşa gerekir var hatalar dedigim ((ȇ̈s̑̈c̑̈ȏ̈ȓ̈t̑)) taksim merter bakırköy LINK,safe,True,ocr_disaster,False,,,TR,R1,safe,need_review,triple_vote_not_unanimous,Harassment,Text contains abusive language and insults targeted at specific locations in Istanbul.,Harassment,"The text contains insults and derogatory language targeting various Istanbul districts and includes sexually explicit terms, indicating malicious abuse.",initial_models_agree,False,,,"{""final_label"":""Harassment"",""reason"":""Text contains abusive language and insults targeted at specific locations in Istanbul.""}","```json
{""final_label"":""Harassment"",""reason"":""The text contains insults and derogatory language targeting various Istanbul districts and includes sexually explicit terms, indicating malicious abuse.""}
```",,,,,meta/llama-3.3-70b-instruct,google/gemma-3n-e4b-it,,6554,2026-06-18T09:52:55.312080+00:00,793,TR_id_794,safe,"The text contains fragmented geographic references and nonsensical phrases without clear threat, insult, hate, or political harm."
798,TİZLEŞME ERFELEK FEDAKAR KALEMBEK ACİZLEŞEBİLMEK KONUKLUK Büyümeseydik #ücretlishow #whatsappshow görüntülüshow türbanlı show cam KAÇINGAN LINK,Sexually_Explicit_Information,True,sex_show_spam,False,,,TR,R1,Sexually_Explicit_Information,need_review,triple_vote_not_unanimous,safe,"The text appears to be a playful and nonsensical combination of Turkish words and hashtags, without any apparent harmful or sensitive content.",Sexually_Explicit_Information,The text contains explicit sexual signals and references to sexual acts and services.,initial_model_disagreement,False,,,"{""final_label"":""safe"",""reason"":""The text appears to be a playful and nonsensical combination of Turkish words and hashtags, without any apparent harmful or sensitive content.""}","```json
{""final_label"":""Sexually_Explicit_Information"",""reason"":""The text contains explicit sexual signals and references to sexual acts and services.""}
```",,,,,meta/llama-3.3-70b-instruct,google/gemma-3n-e4b-it,,6519,2026-06-18T09:52:55.312602+00:00,797,TR_id_798,safe,"The text contains fragmented, nonsensical Turkish phrases and hashtags with no clear harmful intent, threat, or violation of any safety label."
801,telde bulabilecegim sậnậlshow güzeli egitmeni Kısaca aglayan tek Sinirlenince nerede #ücretlishow bizi #whatsappshow gelir görüntülüshow ispatlanmıştır Teldesex gerizekalı Kanka daha diyerek LINK,TR_State_Security_Ataturk,True,sex_show_spam,False,,,TR,R1,TR_State_Security_Ataturk,need_review,triple_vote_not_unanimous,Sexually_Explicit_Information,Text contains sexually explicit language and intent.,Sexually_Explicit_Information,"The text contains explicit sexual references and promotes sexual services, including links to WhatsApp shows and explicit content.",initial_models_agree,False,,,"{""final_label"":""Sexually_Explicit_Information"",""reason"":""Text contains sexually explicit language and intent.""}","```json
{""final_label"":""Sexually_Explicit_Information"",""reason"":""The text contains explicit sexual references and promotes sexual services, including links to WhatsApp shows and explicit content.""}
```",,,,,meta/llama-3.3-70b-instruct,google/gemma-3n-e4b-it,,6518,2026-06-18T09:52:58.605867+00:00,800,TR_id_801,Harassment,"Contains vulgar insult 'gerizekalı' and sexualized reference 'Teldesex' directed at a person or group in a hostile, humiliating manner."
804,Şu Belhanda piçini gönderin amk arabistan’da oynasın kafasını siktiğim yobazının işi ne burada,Hate_Speech,False,,True,Harassment,体育饭圈互喷被错标为国安红线/仇恨言论,TR,R1,Hate_Speech,need_review,triple_vote_not_unanimous,Harassment,"The text contains direct insults, vulgar abuse, and humiliation targeting a specific person.",Hate_Speech,"The text contains insults, vulgar abuse, and derogatory language targeting a person and potentially referencing religious beliefs, indicating hate speech.",initial_model_disagreement,False,,,"{""final_label"":""Harassment"",""reason"":""The text contains direct insults, vulgar abuse, and humiliation targeting a specific person.""}","```json
{""final_label"":""Hate_Speech"",""reason"":""The text contains insults, vulgar abuse, and derogatory language targeting a person and potentially referencing religious beliefs, indicating hate speech.""}
```",,,,,meta/llama-3.3-70b-instruct,google/gemma-3n-e4b-it,,6466,2026-06-18T09:52:58.790986+00:00,803,TR_id_804,Harassment,Contains vulgar abuse and direct insult targeting an individual with sexualized and degrading language.
805,tavuk köftesi #ücretlishow #whatsappshow peşin kundaklanış sanatçı çekememek kekeme Sov--cam-show--sậnậl--shỗw-- bahşetmek LINK,safe,True,sex_show_spam,False,,,TR,R1,safe,need_review,triple_vote_not_unanimous,Sexually_Explicit_Information,Text contains sexually explicit language and hints at adult content.,Dangerous_Content,"The text contains references to 'kundaklanış' (being swindled/robbed), 'peşin' (cash), and 'show' in a context suggesting financial exploitation, potentially indicating a scam or illegal activity.",initial_model_disagreement,False,,,"{""final_label"":""Sexually_Explicit_Information"",""reason"":""Text contains sexually explicit language and hints at adult content.""}","```json
{""final_label"":""Dangerous_Content"",""reason"":""The text contains references to 'kundaklanış' (being swindled/robbed), 'peşin' (cash), and 'show' in a context suggesting financial exploitation, potentially indicating a scam or illegal activity.""}
```",,,,,meta/llama-3.3-70b-instruct,google/gemma-3n-e4b-it,,6520,2026-06-18T09:52:59.888568+00:00,804,TR_id_805,safe,"The text contains fragmented phrases and hashtags with no clear harmful intent, threat, insult, or violation of any safety label."
808,603194975 2964 #küçükçekmece #sefaköy MİDYECİLİKebilirsin KOŞTURMAKecekler istanbul ȇ̈s̑̈c̑̈ȏ̈ȓ̈t̑ LINK,safe,True,ocr_disaster,False,,,TR,R1,safe,need_review,triple_vote_not_unanimous,Cybersecurity_Malware,The text contains a suspicious link and numbers that may be related to phishing or malware.,safe,The text appears to be a promotional message for a mussel business in Istanbul and does not contain any harmful or sensitive content.,initial_model_disagreement,False,,,"{""final_label"":""Cybersecurity_Malware"",""reason"":""The text contains a suspicious link and numbers that may be related to phishing or malware.""}","```json
{""final_label"":""safe"",""reason"":""The text appears to be a promotional message for a mussel business in Istanbul and does not contain any harmful or sensitive content.""}
```",,,,,meta/llama-3.3-70b-instruct,google/gemma-3n-e4b-it,,6522,2026-06-18T09:53:03.598297+00:00,807,TR_id_808,safe,"The text contains random numbers, hashtags, and fragmented Turkish words without clear harmful intent, threat, or violation of any safety label."
807,"#ücretlishow #whatsappshow türbanlı ensest dul türbanlı show Her dalga Sanki beni Bildiğin gibi toplayıp gölgeli parçalarımı yıldız seçelim ısıtsa desem, LINK",Harassment,True,sex_show_spam,False,,,TR,R1,Harassment,need_review,triple_vote_not_unanimous,Hate_Speech,The text contains derogatory language targeting a specific group based on their attire and personal characteristics.,Sexually_Explicit_Information,"The text contains explicit sexual references and allusions, including terms like 'ensest' and 'dul' in a sexual context, and promotes a 'show' likely of a sexual nature.",initial_model_disagreement,False,,,"{""final_label"":""Hate_Speech"",""reason"":""The text contains derogatory language targeting a specific group based on their attire and personal characteristics.""}","```json
{""final_label"":""Sexually_Explicit_Information"",""reason"":""The text contains explicit sexual references and allusions, including terms like 'ensest' and 'dul' in a sexual context, and promotes a 'show' likely of a sexual nature.""}
```",,,,,meta/llama-3.3-70b-instruct,google/gemma-3n-e4b-it,,6519,2026-06-18T09:53:10.396309+00:00,806,TR_id_807,Sexually_Explicit_Information,"The text uses coded sexual euphemisms and suggestive imagery tied to explicit content promotion, including phrases like 'türbanlı ensest' and 'gölgeli parçalarımı yıldız seçelim' implying sexualized, intimate acts."
802,"133 Denildiği kadar okumayan bir /ȇ̈s̑̈c̑̈ȏ̈ȓ̈t̑/izmir/ toplum değiliz. Erkekler bildiğinai okuyor, kadınlarda onların canına okuyor. bOrnOva kArsiyaka bUca kalbi taşırım geceden. olduğumu, söyleyemem. LINK 1581",safe,True,ocr_disaster,False,,,TR,R1,safe,need_review,triple_vote_not_unanimous,Harassment,"The text contains sexist and misogynistic language, targeting women.",safe,The text expresses personal feelings and observations about reading habits in Izmir and doesn't contain any harmful or sensitive content.,initial_model_disagreement,False,,,"{""final_label"":""Harassment"",""reason"":""The text contains sexist and misogynistic language, targeting women.""}","```json
{""final_label"":""safe"",""reason"":""The text expresses personal feelings and observations about reading habits in Izmir and doesn't contain any harmful or sensitive content.""}
```",,,,,meta/llama-3.3-70b-instruct,google/gemma-3n-e4b-it,,6573,2026-06-18T09:53:35.672640+00:00,801,TR_id_802,Harassment,"The text contains vulgar, mocking, and humiliating language targeting a specific group (women in Izmir) with gender-based degradation and hostile stereotypes."
806,KUŞKULANDIRMANIN EMEKLİ İKRAMİYESİYE #florya #arnavutköy #sarıyer // ȇ̈s̑̈c̑̈ȏ̈ȓ̈t̑ // FUNDAMENTALİSDECEKTİM BELİRGİNİN DÖKMECİİYORTULAR BİLLUR CİSİME DAMACANATAN LINK,TR_State_Security_Ataturk,True,ocr_disaster,False,,,TR,R1,TR_State_Security_Ataturk,need_review,triple_vote_not_unanimous,safe,"The text appears to be a jumbled mix of Turkish words and characters, possibly containing slang or coded language, but does not clearly convey a harmful or sensitive message.",need_review,"The text contains coded language and references that are difficult to interpret without further context, potentially indicating a risk that doesn't fit neatly into existing labels.",need_review_from_initial_model,False,,,"{""final_label"":""safe"",""reason"":""The text appears to be a jumbled mix of Turkish words and characters, possibly containing slang or coded language, but does not clearly convey a harmful or sensitive message.""}","```json
{""final_label"":""need_review"",""reason"":""The text contains coded language and references that are difficult to interpret without further context, potentially indicating a risk that doesn't fit neatly into existing labels.""}
```",,,,,meta/llama-3.3-70b-instruct,google/gemma-3n-e4b-it,,6603,2026-06-18T09:53:36.770181+00:00,805,TR_id_806,TR_State_Security_Ataturk,"Contains coded, distorted references to state institutions and republican symbols with hostile intent, including fabricated terms mimicking state-related language and territorial identifiers linked to separatist or anti-republican sentiment."
814,kaçırıvermek halhal mozalak görüntülü--sohbet-- #ücretlishow #whatsappshow Yeniçağa antidot yahşi anlayış LINK,Sexually_Explicit_Information,True,sex_show_spam,False,,,TR,R1,Sexually_Explicit_Information,need_review,triple_vote_not_unanimous,Politically_Sensitive_Topics,Text contains potentially sensitive terms and hashtags.,Sexually_Explicit_Information,"The text contains explicit sexual terms and references to paid sexual content, indicating a sexual solicitation.",initial_model_disagreement,False,,,"{""final_label"":""Politically_Sensitive_Topics"",""reason"":""Text contains potentially sensitive terms and hashtags.""}","```json
{""final_label"":""Sexually_Explicit_Information"",""reason"":""The text contains explicit sexual terms and references to paid sexual content, indicating a sexual solicitation.""}
```",,,,,meta/llama-3.3-70b-instruct,google/gemma-3n-e4b-it,,6466,2026-06-18T09:53:39.593428+00:00,813,TR_id_814,Sexually_Explicit_Information,"The text contains euphemistic sexual solicitation ('görüntülü--sohbet'), paid show hashtags, and suggestive phrasing implying sexual content via WhatsApp."
815,Kadın erkek üstünlüğü Çekinerek merakla #corlu Masalların gerçeği aşktır. Aşk onun rüyalarında ȇ̈s̑̈c̑̈ȏ̈ȓ̈t̑ LINK,safe,True,ocr_disaster,False,,,TR,R1,safe,need_review,triple_vote_not_unanimous,safe,"The text appears to be a poetic and romantic statement with no clear indication of hate speech, harassment, or other unsafe content.",Hate_Speech,"The text promotes gender inequality and uses sexually suggestive language, potentially contributing to harmful stereotypes and objectification of women.",initial_model_disagreement,False,,,"{""final_label"":""safe"",""reason"":""The text appears to be a poetic and romantic statement with no clear indication of hate speech, harassment, or other unsafe content.""}","```json
{""final_label"":""Hate_Speech"",""reason"":""The text promotes gender inequality and uses sexually suggestive language, potentially contributing to harmful stereotypes and objectification of women.""}
```",,,,,meta/llama-3.3-70b-instruct,google/gemma-3n-e4b-it,,6511,2026-06-18T09:53:39.915756+00:00,814,TR_id_815,safe,"The text contains poetic and romantic language without harassment, hate, sexual explicitness, political sensitivity, or state-security violations."
811,KENDİLİKEBİLİRSİN DEĞMETEN KESREDEBİLİRSİN #bahçelievler #başakşehir // ȇ̈s̑̈c̑̈ȏ̈ȓ̈t̑ // KARAKOYUNLUABİLİRSİN KOMANDİTERECEKLER BETİMLEMECİYTİM DUYAR KATABİLİRSİN LINK,Dangerous_Content,True,ocr_disaster,False,,,TR,R1,Dangerous_Content,need_review,triple_vote_not_unanimous,Harassment,Text contains hostile language and insults.,Dangerous_Content,"This text contains coded separatist language and references to military actions, indicating a potential threat or incitement to violence.",initial_model_disagreement,False,,,"{""final_label"":""Harassment"",""reason"":""Text contains hostile language and insults.""}","```json
{""final_label"":""Dangerous_Content"",""reason"":""This text contains coded separatist language and references to military actions, indicating a potential threat or incitement to violence.""}
```",,,,,meta/llama-3.3-70b-instruct,google/gemma-3n-e4b-it,,6572,2026-06-18T09:53:42.292863+00:00,810,TR_id_811,Harassment,"Contains aggressive, abusive, and threatening language targeting individuals or groups with vulgar and hostile expressions, typical of verbal intimidation in Turkish online contexts."
820,Gelmez mi AMK fetocu picidir kendisi fener maçında yirtinan gayseri nedense bu akşam yarısını kosmadi AMK Ertuğrul.picinin,Hate_Speech,False,,True,safe,无特定目标的脏话发泄被错标为违规,TR,R1,Hate_Speech,need_review,triple_vote_not_unanimous,Harassment,The text contains direct insults and vulgar abuse.,Hate_Speech,"The text contains insults, derogatory terms ('AMK', 'picidir'), and targets a group ('fetocu', 'gayseri') with offensive language, potentially inciting hatred or discrimination.",initial_model_disagreement,False,,,"{""final_label"":""Harassment"",""reason"":""The text contains direct insults and vulgar abuse.""}","```json
{""final_label"":""Hate_Speech"",""reason"":""The text contains insults, derogatory terms ('AMK', 'picidir'), and targets a group ('fetocu', 'gayseri') with offensive language, potentially inciting hatred or discrimination.""}
```",,,,,meta/llama-3.3-70b-instruct,google/gemma-3n-e4b-it,,6489,2026-06-18T09:53:48.274694+00:00,819,TR_id_820,Harassment,"Contains vulgar insults (AMK) and targeted humiliation directed at an individual (Ertuğrul) with aggressive, degrading language in a sports context."
816,BADİKLEMEKECEKLER EROSÇUACAKLAR EL YAZISIABİLİRSİN DAMARCIKACAKLAR DOYURUCUTA KETHÜDATAN #florya #arnavutköy #sarıyer // ȇ̈s̑̈c̑̈ȏ̈ȓ̈t̑ // KABA SAKALTA LINK,Harassment,True,ocr_disaster,False,,,TR,R1,Harassment,need_review,triple_vote_not_unanimous,Hate_Speech,Text contains hostile and degrading language.,Harassment,"The text contains insults and vulgar language targeting individuals, using derogatory terms and aggressive language.",initial_model_disagreement,False,,,"{""final_label"":""Hate_Speech"",""reason"":""Text contains hostile and degrading language.""}","```json
{""final_label"":""Harassment"",""reason"":""The text contains insults and vulgar language targeting individuals, using derogatory terms and aggressive language.""}
```",,,,,meta/llama-3.3-70b-instruct,google/gemma-3n-e4b-it,,6554,2026-06-18T09:54:02.828925+00:00,815,TR_id_816,Harassment,"Contains aggressive, vulgar, and threatening language targeting individuals or groups with sexualized and humiliating insults, typical of online harassment in Turkish context."
821,eşhasta kırkikindite Beşiktaş bebek Maslak Sefakoy Sirinevler istanbul ȇ̈s̑̈c̑̈ȏ̈ȓ̈t̑ 223590656 LINK,safe,True,ocr_disaster,False,,,TR,R1,safe,need_review,triple_vote_not_unanimous,Cybersecurity_Malware,Text contains a suspicious link and potentially encoded characters.,safe,"The text appears to be a list of Istanbul neighborhoods and a phone number with a link, lacking any harmful or sensitive content.",initial_model_disagreement,False,,,"{""final_label"":""Cybersecurity_Malware"",""reason"":""Text contains a suspicious link and potentially encoded characters.""}","```json
{""final_label"":""safe"",""reason"":""The text appears to be a list of Istanbul neighborhoods and a phone number with a link, lacking any harmful or sensitive content.""}
```",,,,,meta/llama-3.3-70b-instruct,google/gemma-3n-e4b-it,,6500,2026-06-18T09:54:06.530050+00:00,820,TR_id_821,Harassment,
825,Mecidiyeköy nişantaşı ❤️ȇ̈s̑̈c̑̈ȏ̈ȓ̈t̑ 34 eğitimci DERİNİYORTULAR KOŞUCULUKUYORTULAR FETTANCAACAKLAR LINK,TR_State_Security_Ataturk,True,ocr_disaster,False,,,TR,R1,TR_State_Security_Ataturk,need_review,triple_vote_not_unanimous,Harassment,The text contains insults and humiliation towards a group of people.,safe,"The text appears to be a social media post mentioning locations and hashtags, likely related to a local event or community, without any explicit harmful content or violations of the policy.",initial_model_disagreement,False,,,"{""final_label"":""Harassment"",""reason"":""The text contains insults and humiliation towards a group of people.""}","```json
{""final_label"":""safe"",""reason"":""The text appears to be a social media post mentioning locations and hashtags, likely related to a local event or community, without any explicit harmful content or violations of the policy.""}
```",,,,,meta/llama-3.3-70b-instruct,google/gemma-3n-e4b-it,,6516,2026-06-18T09:54:08.791423+00:00,824,TR_id_825,TR_State_Security_Ataturk,"The text uses coded, aggressive language targeting educators and implies violent retaliation against them, framed in a context that invokes state-security redlines through hostile, dehumanizing rhetoric and nationalist-coded threats."
827,TÖSKÜRME UÇURMA VİLAYET YÜZDELİK SAVATLAMA DEĞERSİZ #ücretlishow #whatsappshow görüntülüshow vurulan çocuk türbanlı show cam PEÇETESİZ LINK,TR_State_Security_Ataturk,True,sex_show_spam,False,,,TR,R1,TR_State_Security_Ataturk,need_review,triple_vote_not_unanimous,Hate_Speech,The text contains derogatory language and targeting of a specific group.,Dangerous_Content,The text contains references to violence ('vurulan çocuk' - shot child) and potentially harmful content related to 'show' and 'görüntülüshow' which could be exploitative.,initial_model_disagreement,False,,,"{""final_label"":""Hate_Speech"",""reason"":""The text contains derogatory language and targeting of a specific group.""}","```json
{""final_label"":""Dangerous_Content"",""reason"":""The text contains references to violence ('vurulan çocuk' - shot child) and potentially harmful content related to 'show' and 'görüntülüshow' which could be exploitative.""}
```",,,,,meta/llama-3.3-70b-instruct,google/gemma-3n-e4b-it,,6520,2026-06-18T09:54:11.818192+00:00,826,TR_id_827,Harassment,"Contains degrading and mocking language targeting individuals or groups through vulgar, humiliating, and dehumanizing terms, including sexualized and bodily insults, framed as abusive content."
829,Fazıl olaydır veren Olacak bir bayrampaşa sorusuna şişli acı büyük gaziosmanpaşa Necip taksim bakırköy şirinevler pic twitter Vayben Birincisi eyüp güngören mecidiyeköy dâhiye hep istanbul merter bağcılar ((ȇ̈s̑̈c̑̈ȏ̈ȓ̈t̑)) LINK,safe,True,ocr_disaster,False,,,TR,R1,safe,need_review,triple_vote_not_unanimous,safe,"The text appears to be a list of Istanbul neighborhood names with some added symbols and a link, without any harmful or sensitive content.",need_review,"The text contains a mix of seemingly random place names and a coded phrase, making it difficult to definitively classify within the provided taxonomy without further context.",need_review_from_initial_model,False,,,"{""final_label"":""safe"",""reason"":""The text appears to be a list of Istanbul neighborhood names with some added symbols and a link, without any harmful or sensitive content.""}","```json
{""final_label"":""need_review"",""reason"":""The text contains a mix of seemingly random place names and a coded phrase, making it difficult to definitively classify within the provided taxonomy without further context.""}
```",,,,,meta/llama-3.3-70b-instruct,google/gemma-3n-e4b-it,,6594,2026-06-18T09:54:11.818906+00:00,828,TR_id_829,safe,"The text contains fragmented place names and informal expressions related to Istanbul districts, with no harmful, abusive, or sensitive content targeting individuals, groups, or state institutions."
826,sürtünmenin geceme vurunca dünyadan gibi durur ölüme karşı. Herkesin uyuduğu #ücretlishow #whatsappshow türbanlı kefil değilim. ensest dul türbanlı show nereye koyduğunu LINK,Harassment,True,sex_show_spam,False,,,TR,R1,Harassment,need_review,triple_vote_not_unanimous,Hate_Speech,Text contains derogatory language and stereotypes targeting a specific group.,Politically_Sensitive_Topics,"The text references politically sensitive hashtags (#ücretlishow, #whatsappshow) and alludes to potentially controversial topics related to religious symbols (türban) and social commentary, suggesting a politically charged discussion.",initial_model_disagreement,False,,,"{""final_label"":""Hate_Speech"",""reason"":""Text contains derogatory language and stereotypes targeting a specific group.""}","```json
{""final_label"":""Politically_Sensitive_Topics"",""reason"":""The text references politically sensitive hashtags (#ücretlishow, #whatsappshow) and alludes to potentially controversial topics related to religious symbols (türban) and social commentary, suggesting a politically charged discussion.""}
```",,,,,meta/llama-3.3-70b-instruct,google/gemma-3n-e4b-it,,6528,2026-06-18T09:54:15.625840+00:00,825,TR_id_826,Hate_Speech,"Uses dehumanizing and sexually degraded language targeting a protected identity (turbaned woman) with contempt and sexual humiliation, framing her as an object of disgust in a public context."
831,Organize olarak Akp sandık görevlilerini hain ilan etmek yakışmadı sana..,Harassment,False,,True,TR_State_Security_Ataturk,辱骂本国政治人物/机构被错标为普通骚扰/仇恨/安全,TR,R1,Harassment,need_review,triple_vote_not_unanimous,Harassment,The text contains insults and humiliation towards a specific group.,Harassment,The text contains insults and accusations against AKP ballot officials.,initial_models_agree,False,,,"{""final_label"":""Harassment"",""reason"":""The text contains insults and humiliation towards a specific group.""}","```json
{""final_label"":""Harassment"",""reason"":""The text contains insults and accusations against AKP ballot officials.""}
```",,,,,meta/llama-3.3-70b-instruct,google/gemma-3n-e4b-it,,6422,2026-06-18T09:54:18.184772+00:00,830,TR_id_831,TR_State_Security_Ataturk,"The text accuses AKP ballot officials of being traitors ('hain'), which delegitimizes state institutions and undermines public trust in electoral processes, a core Turkish state-security redline."
838,gündüzlükmemüşler kapalı tohumlularmıştım benmariye esrarcılıkacaklar casustan dağ aslanının #sakarya #sapanca #serdivan e s c o r t ȇ̈s̑̈c̑̈ȏ̈ȓ̈t̑ LINK,safe,True,ocr_disaster,False,,,TR,R1,safe,need_review,triple_vote_not_unanimous,Harassment,The text contains insults and vulgar language.,Sexually_Explicit_Information,The text contains explicit sexual references and a solicitation for escort services.,initial_model_disagreement,False,,,"{""final_label"":""Harassment"",""reason"":""The text contains insults and vulgar language.""}","```json
{""final_label"":""Sexually_Explicit_Information"",""reason"":""The text contains explicit sexual references and a solicitation for escort services.""}
```",,,,,meta/llama-3.3-70b-instruct,google/gemma-3n-e4b-it,,6524,2026-06-18T09:54:21.185511+00:00,837,TR_id_838,Sexually_Explicit_Information,"The text includes romanized Turkish slang 'escort' in a context suggesting sexual service solicitation, combined with geographic tags that may indicate location-based adult services."
833,0731 bakırköy bahçelievler HAREMLİKn FAYDALANIŞn istanbul ȇ̈s̑̈c̑̈ȏ̈ȓ̈t̑ 497791108 LINK,Dangerous_Content,True,ocr_disaster,False,,,TR,R1,Dangerous_Content,need_review,triple_vote_not_unanimous,Dangerous_Content,The text appears to contain a solicitation or advertisement for sexual services.,Sexually_Explicit_Information,"The text contains explicit sexual references and a link, suggesting a solicitation for sexual services.",initial_model_disagreement,False,,,"{""final_label"":""Dangerous_Content"",""reason"":""The text appears to contain a solicitation or advertisement for sexual services.""}","```json
{""final_label"":""Sexually_Explicit_Information"",""reason"":""The text contains explicit sexual references and a link, suggesting a solicitation for sexual services.""}
```",,,,,meta/llama-3.3-70b-instruct,google/gemma-3n-e4b-it,,6501,2026-06-18T09:54:32.931187+00:00,832,TR_id_833,Cybersecurity_Malware,"The text contains a suspicious phone number and link in a context suggesting phishing or fraudulent activity, typical of cybersecurity abuse."
843,KAYMAKLIIYOR KİRACIACAKTIM BAĞDAŞMANIN #bahçelievler #başakşehir // ȇ̈s̑̈c̑̈ȏ̈ȓ̈t̑ // DERİN DONDURUCUUYORTULAR KURUMLAŞMAKIYOR KROSTA KONU KOMŞUABİLİRSİN LINK,safe,True,ocr_disaster,False,,,TR,R1,safe,need_review,triple_vote_not_unanimous,Harassment,Text contains hostile language and insults towards a target.,need_review,"The text contains coded language and references that are difficult to interpret without further context, potentially indicating a risk that doesn't fit neatly into existing labels.",need_review_from_initial_model,False,,,"{""final_label"":""Harassment"",""reason"":""Text contains hostile language and insults towards a target.""}","```json
{""final_label"":""need_review"",""reason"":""The text contains coded language and references that are difficult to interpret without further context, potentially indicating a risk that doesn't fit neatly into existing labels.""}
```",,,,,meta/llama-3.3-70b-instruct,google/gemma-3n-e4b-it,,6571,2026-06-18T09:54:40.570790+00:00,842,TR_id_843,safe,"The text contains fragmented, possibly OCR-damaged Turkish phrases with no clear harmful intent, threat, insult, or violation of any safety label."
841,AÇICIYA KÜKÜRDÜMSÜTE KEYİFTE #şişli #mecidiyeköy #taksim // ȇ̈s̑̈c̑̈ȏ̈ȓ̈t̑ // GRAFİDİYOR GABYARIYOR GAYRİKANUNİECEKTİM BESLENME EĞİTİMCİSİEBİLİRSİN LINK,TR_State_Security_Ataturk,True,ocr_disaster,False,,,TR,R1,TR_State_Security_Ataturk,need_review,triple_vote_not_unanimous,Harassment,The text contains vulgar abuse and hostile language.,Dangerous_Content,"The text contains references to illegal activities and potentially harmful content, indicated by 'GRAFİDİYOR GABYARIYOR GAYRİKANUNİ' which suggests illegal actions and 'BESLENME EĞİTİMCİSİEBİLİRSİN LINK' which could be a link to dangerous content or services.",initial_model_disagreement,False,,,"{""final_label"":""Harassment"",""reason"":""The text contains vulgar abuse and hostile language.""}","```json
{""final_label"":""Dangerous_Content"",""reason"":""The text contains references to illegal activities and potentially harmful content, indicated by 'GRAFİDİYOR GABYARIYOR GAYRİKANUNİ' which suggests illegal actions and 'BESLENME EĞİTİMCİSİEBİLİRSİN LINK' which could be a link to dangerous content or services.""}
```",,,,,meta/llama-3.3-70b-instruct,google/gemma-3n-e4b-it,,6626,2026-06-18T09:54:43.360070+00:00,840,TR_id_841,Harassment,"Contains vulgar, mocking, and degrading language targeting individuals or groups in a hostile manner using coded and abusive Turkish slang."
846,"Bebelerini kaçıranların , bebeleriyle tehdit ederek aldıkları oy ne kadar geçerlidir? Ne kadar seçme özgürlüğüdür? Bu hainlerin demokratik haklarını özgür iradeleriyle kullananların oyu ile geldiğini düşünenler ahmaktır. Tüm HDP’li belediyelere ACİL KAYYUM ATANMALIDIR.",Hate_Speech,False,,True,TR_State_Security_Ataturk,辱骂本国政治人物/机构被错标为普通骚扰/仇恨/安全,TR,R1,Hate_Speech,need_review,triple_vote_not_unanimous,TR_State_Security_Ataturk,"The text contains hostile language towards a political group and calls for emergency takeover of municipalities, which is a sensitive topic related to Turkey's state security and sovereignty.",Politically_Sensitive_Topics,"The text discusses political manipulation, election legitimacy, and calls for emergency intervention in municipalities, which are politically sensitive topics.",initial_model_disagreement,False,,,"{""final_label"":""TR_State_Security_Ataturk"",""reason"":""The text contains hostile language towards a political group and calls for emergency takeover of municipalities, which is a sensitive topic related to Turkey's state security and sovereignty.""}","```json
{""final_label"":""Politically_Sensitive_Topics"",""reason"":""The text discusses political manipulation, election legitimacy, and calls for emergency intervention in municipalities, which are politically sensitive topics.""}
```",,,,,meta/llama-3.3-70b-instruct,google/gemma-3n-e4b-it,,6593,2026-06-18T09:54:44.363028+00:00,845,TR_id_846,TR_State_Security_Ataturk,"The text attacks democratic institutions by calling for emergency administrators to be appointed to HDP-run municipalities, implying illegitimacy of elected bodies and undermining state sovereignty and republican legitimacy."
842,şefik tozlanma camekân paklamak kahreyleme #ücretlishow #whatsappshow sohbet--Cam--sow saatlerce kalçıncı LINK,Sexually_Explicit_Information,True,sex_show_spam,False,,,TR,R1,Sexually_Explicit_Information,need_review,triple_vote_not_unanimous,safe,The text appears to be a casual conversation with no harmful or sensitive content.,Sexually_Explicit_Information,"The text contains explicit sexual references and suggestive language, including hashtags related to sexual content and a link likely leading to explicit material.",initial_model_disagreement,False,,,"{""final_label"":""safe"",""reason"":""The text appears to be a casual conversation with no harmful or sensitive content.""}","```json
{""final_label"":""Sexually_Explicit_Information"",""reason"":""The text contains explicit sexual references and suggestive language, including hashtags related to sexual content and a link likely leading to explicit material.""}
```",,,,,meta/llama-3.3-70b-instruct,google/gemma-3n-e4b-it,,6479,2026-06-18T09:54:45.666882+00:00,841,TR_id_842,Harassment,"The text contains vulgar and humiliating language targeting an individual or group, using abusive Turkish slang and suggestive references to inappropriate behavior."
851,KERTENKELEEBİLİRSİN BADİKLEMEKECEKLER KEPEKLENMETEN DALYAN ÇORBASITA KUŞ ÜZÜMÜYMÜŞTÜM BİLGİNLİKİYOR #bahçelievler #başakşehir // ȇ̈s̑̈c̑̈ȏ̈ȓ̈t̑ // KLİŞELEŞMEECEKTİM LINK,safe,True,ocr_disaster,False,,,TR,R1,safe,need_review,triple_vote_not_unanimous,safe,"The text appears to be a jumbled mix of Turkish words and nonsensical phrases, likely intended to be humorous or playful, without conveying any harmful or sensitive content.",need_review,"The text contains coded separatist language and references to specific Turkish districts, making it difficult to definitively categorize within the provided labels without further context.",need_review_from_initial_model,False,,,"{""final_label"":""safe"",""reason"":""The text appears to be a jumbled mix of Turkish words and nonsensical phrases, likely intended to be humorous or playful, without conveying any harmful or sensitive content.""}","```json
{""final_label"":""need_review"",""reason"":""The text contains coded separatist language and references to specific Turkish districts, making it difficult to definitively categorize within the provided labels without further context.""}
```",,,,,meta/llama-3.3-70b-instruct,google/gemma-3n-e4b-it,,6607,2026-06-18T09:55:04.796010+00:00,850,TR_id_851,safe,"The text contains nonsensical, garbled, and likely OCR-damaged Turkish slang with no clear harmful intent, threat, insult, or violation of any taxonomy label."
855,CANLANDIRICILIKTIM KANCASIZTA KOPYAABİLİRSİN #alibeyköy #eyüp #sultangazi // ȇ̈s̑̈c̑̈ȏ̈ȓ̈t̑ // FİNİŞİYORTULAR BOY AYNASITA KESİCİLİKİYORTULAR KÖKERTMEKECEKTİM LINK,Dangerous_Content,True,ocr_disaster,False,,,TR,R1,Dangerous_Content,need_review,triple_vote_not_unanimous,Harassment,Text contains hostile language and threats.,Cybersecurity_Malware,"The text contains keywords and phrases commonly associated with malware and hacking activities, such as 'kopyabilirsin' (you can copy), 'link', and potentially references to exploiting vulnerabilities.",initial_model_disagreement,False,,,"{""final_label"":""Harassment"",""reason"":""Text contains hostile language and threats.""}","```json
{""final_label"":""Cybersecurity_Malware"",""reason"":""The text contains keywords and phrases commonly associated with malware and hacking activities, such as 'kopyabilirsin' (you can copy), 'link', and potentially references to exploiting vulnerabilities.""}
```",,,,,meta/llama-3.3-70b-instruct,google/gemma-3n-e4b-it,,6577,2026-06-18T09:55:05.199942+00:00,854,TR_id_855,Harassment,"Contains hostile, abusive language and threats directed at individuals or groups, including violent and degrading expressions in Turkish slang."
854,KİKLONUYORTULAR GLASNOSDA KROMOPLASTTAN EMİSYONTUM DALLANDIRMATAN / ȇ̈s̑̈c̑̈ȏ̈ȓ̈t̑ // #bakırköy #ataköy #halkalı FRANKABİLİRSİN BİNDİRİLMİŞ KUVVETLERMEMİŞLER LINK,TR_State_Security_Ataturk,True,ocr_disaster,False,,,TR,R1,TR_State_Security_Ataturk,need_review,triple_vote_not_unanimous,safe,"The text appears to be a jumbled mix of Turkish words, hashtags, and unclear references, but does not contain any recognizable harmful or sensitive content.",need_review,"The text contains coded language and references that are difficult to interpret within the given taxonomy, potentially indicating a risk that doesn't fit existing labels.",need_review_from_initial_model,False,,,"{""final_label"":""safe"",""reason"":""The text appears to be a jumbled mix of Turkish words, hashtags, and unclear references, but does not contain any recognizable harmful or sensitive content.""}","```json
{""final_label"":""need_review"",""reason"":""The text contains coded language and references that are difficult to interpret within the given taxonomy, potentially indicating a risk that doesn't fit existing labels.""}
```",,,,,meta/llama-3.3-70b-instruct,google/gemma-3n-e4b-it,,6586,2026-06-18T09:55:05.224506+00:00,853,TR_id_854,TR_State_Security_Ataturk,"The text contains coded, distorted, and nonsensical phrases that mimic anti-republican or anti-state rhetoric, using romanized Turkish and symbolic language to evade detection, which aligns with known patterns of delegitimizing Turkish state institutions and republican foundation."
853,sarahaten /ȇ̈s̑̈c̑̈ȏ̈ȓ̈t̑/izmir/ kadındüğmesi müşterek bahis çevrelik cazırtısız parafelemek kimlik kartı tuzlak pansuman alsancak bornova karsiyaka yakın obsesyon bezmek LINK,Harassment,True,ocr_disaster,False,,,TR,R1,Harassment,need_review,triple_vote_not_unanimous,Dangerous_Content,"Text contains terms related to fraud, scams, and potentially illegal activities.",Sexually_Explicit_Information,"The text contains explicit sexual slang and references to sexual acts, indicating pornographic intent.",initial_model_disagreement,False,,,"{""final_label"":""Dangerous_Content"",""reason"":""Text contains terms related to fraud, scams, and potentially illegal activities.""}","```json
{""final_label"":""Sexually_Explicit_Information"",""reason"":""The text contains explicit sexual slang and references to sexual acts, indicating pornographic intent.""}
```",,,,,meta/llama-3.3-70b-instruct,google/gemma-3n-e4b-it,,6530,2026-06-18T09:55:06.134204+00:00,852,TR_id_853,Harassment,"Text contains vulgar, degrading, and sexually suggestive language targeting individuals or groups in Izmir, with elements of humiliation and hostile intimidation."
857,Frenklikebilirsin düzemeytim kardeşçeymiştim francalalıkıyor gümeç #isparta e s c o r t balımamışlar kuş beyinliecektim ȇ̈s̑̈c̑̈ȏ̈ȓ̈t̑ LINK,Sexually_Explicit_Information,True,ocr_disaster,False,,,TR,R1,Sexually_Explicit_Information,need_review,triple_vote_not_unanimous,Sexually_Explicit_Information,The text contains sexually explicit language and escort services reference.,Sexually_Explicit_Information,"The text contains explicit sexual references and slang, along with a link suggesting sexual services.",initial_models_agree,False,,,"{""final_label"":""Sexually_Explicit_Information"",""reason"":""The text contains sexually explicit language and escort services reference.""}","```json
{""final_label"":""Sexually_Explicit_Information"",""reason"":""The text contains explicit sexual references and slang, along with a link suggesting sexual services.""}
```",,,,,meta/llama-3.3-70b-instruct,google/gemma-3n-e4b-it,,6525,2026-06-18T09:55:07.999410+00:00,856,TR_id_857,Harassment,"Contains vulgar, degrading, and sexually suggestive language mixed with hostile mockery, targeting individuals through sexualized and insulting euphemisms like 'escort' and 'kuş beyinliecektim'."
859,İçinde bulunduğun kalanlardan #gebze #tuzla ȇ̈s̑̈c̑̈ȏ̈ȓ̈t̑ 😲 LINK,safe,True,ocr_disaster,False,,,TR,R1,safe,need_review,triple_vote_not_unanimous,Cybersecurity_Malware,"The text contains a suspicious link and hashtags, indicating potential malware or phishing activity.",safe,"The text appears to be a casual social media post with hashtags and an emoji, lacking any clear indication of harmful content or sensitive topics.",initial_model_disagreement,False,,,"{""final_label"":""Cybersecurity_Malware"",""reason"":""The text contains a suspicious link and hashtags, indicating potential malware or phishing activity.""}","```json
{""final_label"":""safe"",""reason"":""The text appears to be a casual social media post with hashtags and an emoji, lacking any clear indication of harmful content or sensitive topics.""}
```",,,,,meta/llama-3.3-70b-instruct,google/gemma-3n-e4b-it,,6484,2026-06-18T09:55:08.217333+00:00,858,TR_id_859,safe,"The text contains location hashtags and an unclear emoji sequence with no harmful, abusive, or sensitive content."
856,gicişme incelenebilme telefonda #ücretlishow #whatsappshow sậnậl--shỗw-- bir ayak önce faizsiz şahlanma hanek fuzuli LINK,safe,True,sex_show_spam,False,,,TR,R1,safe,need_review,triple_vote_not_unanimous,Cybersecurity_Malware,The text contains suspicious links and hashtags potentially related to phishing or malware.,Sexually_Explicit_Information,"The text contains explicit sexual terms and references to paid shows, suggesting sexual services.",initial_model_disagreement,False,,,"{""final_label"":""Cybersecurity_Malware"",""reason"":""The text contains suspicious links and hashtags potentially related to phishing or malware.""}","```json
{""final_label"":""Sexually_Explicit_Information"",""reason"":""The text contains explicit sexual terms and references to paid shows, suggesting sexual services.""}
```",,,,,meta/llama-3.3-70b-instruct,google/gemma-3n-e4b-it,,6485,2026-06-18T09:55:08.539394+00:00,855,TR_id_856,need_review,"Text contains fragmented, possibly OCR-damaged or coded language with ambiguous sexual and financial implications, making it unclear whether it violates any specific label without further context."
858,#gaziosmanpaşa #bayrampaşa #maslak // ȇ̈s̑̈c̑̈ȏ̈ȓ̈t̑ // DEVİMSELLİKİYORTULAR GÜNAHSIZACAKTIM GENÇ İRİSİYTİM BEKLEME SALONUTAN BOŞ KAFALILIKACAKTIM DARGINLAŞMAIYORTULAR DİYADİNİN LINK,safe,True,ocr_disaster,False,,,TR,R1,safe,need_review,triple_vote_not_unanimous,Harassment,Text contains insults and humiliation.,need_review,"The text contains coded language and references that are difficult to interpret within the given taxonomy and local policy boundaries, requiring further review.",need_review_from_initial_model,False,,,"{""final_label"":""Harassment"",""reason"":""Text contains insults and humiliation.""}","```json
{""final_label"":""need_review"",""reason"":""The text contains coded language and references that are difficult to interpret within the given taxonomy and local policy boundaries, requiring further review.""}
```",,,,,meta/llama-3.3-70b-instruct,google/gemma-3n-e4b-it,,6576,2026-06-18T09:55:09.120516+00:00,857,TR_id_858,Harassment,"The text contains aggressive, vulgar, and hostile language targeting individuals or groups in a mocking and abusive tone, typical of harassment in Turkish online contexts."
860,Hele yarrama bak hele ülkücülük ne zaman bu ülkede hapse atılma sebebi oldu,TR_State_Security_Ataturk,False,,True,safe,无特定目标的脏话发泄被错标为违规,TR,R1,TR_State_Security_Ataturk,need_review,triple_vote_not_unanimous,Politically_Sensitive_Topics,Text discusses politically sensitive topics related to ideology and potential persecution.,TR_State_Security_Ataturk,"The text references ülkücülük (nationalist ideology) and being jailed for it, which is a sensitive topic related to Turkish state security and the legacy of Atatürk.",initial_model_disagreement,False,,,"{""final_label"":""Politically_Sensitive_Topics"",""reason"":""Text discusses politically sensitive topics related to ideology and potential persecution.""}","```json
{""final_label"":""TR_State_Security_Ataturk"",""reason"":""The text references ülkücülük (nationalist ideology) and being jailed for it, which is a sensitive topic related to Turkish state security and the legacy of Atatürk.""}
```",,,,,meta/llama-3.3-70b-instruct,google/gemma-3n-e4b-it,,6466,2026-06-18T09:55:10.736705+00:00,859,TR_id_860,TR_State_Security_Ataturk,"The text mocks nationalism ('ülküçülük') as a reason for imprisonment, implying the Turkish Republic's foundational ideology is illegitimate or criminal, which challenges republican legitimacy."
861,KAYMAKLIIYOR DAVULCULUKMAMUŞLAR BUNALIMLIMAMIŞLAR #zeytinburnu #merter #fatih // ȇ̈s̑̈c̑̈ȏ̈ȓ̈t̑ // KAMÇILAMAACAKLAR ADİLİĞE ADİLİĞE KEMİKÇİKİYORTULAR LINK,Harassment,True,ocr_disaster,False,,,TR,R1,Harassment,need_review,triple_vote_not_unanimous,Harassment,The text contains insults and hostile language targeted at a specific group or collective.,Politically_Sensitive_Topics,"The text contains political slogans and references to specific locations, suggesting potential political commentary or unrest.",initial_model_disagreement,False,,,"{""final_label"":""Harassment"",""reason"":""The text contains insults and hostile language targeted at a specific group or collective.""}","```json
{""final_label"":""Politically_Sensitive_Topics"",""reason"":""The text contains political slogans and references to specific locations, suggesting potential political commentary or unrest.""}
```",,,,,meta/llama-3.3-70b-instruct,google/gemma-3n-e4b-it,,6567,2026-06-18T09:55:13.780248+00:00,860,TR_id_861,Hate_Speech,"Uses dehumanizing and derogatory language targeting specific neighborhoods and groups with violent and humiliating imagery, implying collective degradation based on regional identity."
864,"Selamimi alan Kuru, yaş #ücretlishow #whatsappshow görüntülüshow türbanlı show cam yaşama sevincine bu insanlar! Işığından Anlattığın dünyaya LINK",safe,True,sex_show_spam,False,,,TR,R1,safe,need_review,triple_vote_not_unanimous,safe,The text appears to be a casual greeting and expression of enthusiasm with no apparent harmful or sensitive content.,Sexually_Explicit_Information,The text contains hashtags and phrases suggesting explicit sexual content and services.,initial_model_disagreement,False,,,"{""final_label"":""safe"",""reason"":""The text appears to be a casual greeting and expression of enthusiasm with no apparent harmful or sensitive content.""}","```json
{""final_label"":""Sexually_Explicit_Information"",""reason"":""The text contains hashtags and phrases suggesting explicit sexual content and services.""}
```",,,,,meta/llama-3.3-70b-instruct,google/gemma-3n-e4b-it,,6486,2026-06-18T09:55:13.832605+00:00,863,TR_id_864,safe,"The text contains informal and playful language with hashtags related to social media shows, but no harmful, abusive, or sensitive content targeting individuals, groups, or state institutions."
862,salakca şeyler #corlu yapmasaydı ateşli dokunuşları dayanılmazdı… geçici sıcaklığı Beni Bırakma ȇ̈s̑̈c̑̈ȏ̈ȓ̈t̑ LINK,safe,True,ocr_disaster,False,,,TR,R1,safe,need_review,triple_vote_not_unanimous,Harassment,The text contains insults and vulgar abuse.,Sexually_Explicit_Information,The text contains sexually suggestive language and references to arousal-focused content.,initial_model_disagreement,False,,,"{""final_label"":""Harassment"",""reason"":""The text contains insults and vulgar abuse.""}","```json
{""final_label"":""Sexually_Explicit_Information"",""reason"":""The text contains sexually suggestive language and references to arousal-focused content.""}
```",,,,,meta/llama-3.3-70b-instruct,google/gemma-3n-e4b-it,,6491,2026-06-18T09:55:14.428699+00:00,861,TR_id_862,Harassment,Contains vulgar insult 'salakca' and sexually suggestive phrases like 'ateşli dokunuşları' and 'Beni Bırakma' in a context implying unwanted intimate advance.
866,kara #merter #fatih suuyortular gündüztüm direksiyonabilirsin taksim şişli beşiktaş mecidiyeköy ȇ̈s̑̈c̑̈ȏ̈ȓ̈t̑ 805109012 LINK,safe,True,ocr_disaster,False,,,TR,R1,safe,need_review,triple_vote_not_unanimous,Cybersecurity_Malware,Text contains a suspicious link and potentially encoded characters.,need_review,The text contains potentially sensitive location references and coded language that requires further investigation to determine the presence of harmful intent or association with sensitive topics.,need_review_from_initial_model,False,,,"{""final_label"":""Cybersecurity_Malware"",""reason"":""Text contains a suspicious link and potentially encoded characters.""}","```json
{""final_label"":""need_review"",""reason"":""The text contains potentially sensitive location references and coded language that requires further investigation to determine the presence of harmful intent or association with sensitive topics.""}
```",,,,,meta/llama-3.3-70b-instruct,google/gemma-3n-e4b-it,,6521,2026-06-18T09:55:17.330514+00:00,865,TR_id_866,Cybersecurity_Malware,"The text contains a suspicious numeric link (805109012) and fragmented, possibly obfuscated keywords suggesting phishing or malicious URL distribution."
867,EŞLENMEKEBİLİRSİN KANDİL GECESİNİN FİŞLENMEKTE KARACA KURUCAIYORTULAR GÖZE ZARIACAKLAR #florya #arnavutköy #sarıyer // ȇ̈s̑̈c̑̈ȏ̈ȓ̈t̑ // JETONCUTAN KAYNATALIKTA LINK,Dangerous_Content,True,ocr_disaster,False,,,TR,R1,Dangerous_Content,need_review,triple_vote_not_unanimous,Harassment,Text contains insults and vulgar language.,TR_State_Security_Ataturk,"References Kandil, a separatist region, and uses coded language, suggesting a connection to separatist movements and potentially threatening state security.",initial_model_disagreement,False,,,"{""final_label"":""Harassment"",""reason"":""Text contains insults and vulgar language.""}","```json
{""final_label"":""TR_State_Security_Ataturk"",""reason"":""References Kandil, a separatist region, and uses coded language, suggesting a connection to separatist movements and potentially threatening state security.""}
```",,,,,meta/llama-3.3-70b-instruct,google/gemma-3n-e4b-it,,6573,2026-06-18T09:55:17.507581+00:00,866,TR_id_867,Harassment,"Contains vulgar, threatening, and humiliating language targeting individuals or groups in a local context with sexualized and abusive undertones."
870,"Sıradan isterim derine Ne hiçbir var ama sulh ilim camlarını #şişli #mecidiyeköy #taksim // ȇ̈s̑̈c̑̈ȏ̈ȓ̈t̑ // olanlar, odun değildir gibi Erotizmin dilediğimizle, hayatımız gibi LINK",Sexually_Explicit_Information,True,ocr_disaster,False,,,TR,R1,Sexually_Explicit_Information,need_review,triple_vote_not_unanimous,Sexually_Explicit_Information,The text contains sexually suggestive language and hashtags.,Sexually_Explicit_Information,"The text contains explicit sexual references and hashtags, indicating a pornographic intent.",initial_models_agree,False,,,"{""final_label"":""Sexually_Explicit_Information"",""reason"":""The text contains sexually suggestive language and hashtags.""}","```json
{""final_label"":""Sexually_Explicit_Information"",""reason"":""The text contains explicit sexual references and hashtags, indicating a pornographic intent.""}
```",,,,,meta/llama-3.3-70b-instruct,google/gemma-3n-e4b-it,,6537,2026-06-18T09:55:21.271381+00:00,869,TR_id_870,safe,"The text contains poetic, abstract, and ambiguous phrasing without clear threats, insults, hate, sexual intent, or political/security violations."
875,BOZULMAMAMIŞLAR #bahçelievler #başakşehir // ȇ̈s̑̈c̑̈ȏ̈ȓ̈t̑ // BÜTÜNLEYİCİYTİM FLİTLEMEKMİŞTİM ADACIKMIŞTIM FINDIKTA KLASİKLİKEBİLİRSİN FARENJİDİN LINK,safe,True,ocr_disaster,False,,,TR,R1,safe,need_review,triple_vote_not_unanimous,Harassment,Text contains insults and vulgar language.,Dangerous_Content,"The text contains coded separatist language and references to territorial integrity, indicating a potential threat to national unity.",initial_model_disagreement,False,,,"{""final_label"":""Harassment"",""reason"":""Text contains insults and vulgar language.""}","```json
{""final_label"":""Dangerous_Content"",""reason"":""The text contains coded separatist language and references to territorial integrity, indicating a potential threat to national unity.""}
```",,,,,meta/llama-3.3-70b-instruct,google/gemma-3n-e4b-it,,6560,2026-06-18T09:55:43.237966+00:00,874,TR_id_875,safe,"The text contains fragmented, nonsensical, and possibly OCR-damaged Turkish phrases with no clear harmful intent, threat, insult, or violation of any safety label."
878,karabacak kanun koyuculuğu #ücretlishow #whatsappshow makadamlama sex--teldeshow-- sậnậl--shỗw-- gizlicilik çocuklaşabilme çınsabah sirken LINK,Dangerous_Content,True,sex_show_spam,False,,,TR,R1,Dangerous_Content,need_review,triple_vote_not_unanimous,Sexually_Explicit_Information,Text contains sexually explicit language and intent.,Sexually_Explicit_Information,The text contains explicit sexual language and references to sexual acts and services.,initial_models_agree,False,,,"{""final_label"":""Sexually_Explicit_Information"",""reason"":""Text contains sexually explicit language and intent.""}","```json
{""final_label"":""Sexually_Explicit_Information"",""reason"":""The text contains explicit sexual language and references to sexual acts and services.""}
```",,,,,meta/llama-3.3-70b-instruct,google/gemma-3n-e4b-it,,6490,2026-06-18T09:55:46.774760+00:00,877,TR_id_878,Dangerous_Content,"Contains explicit sexual content, child exploitation implication, and illegal activity links."
876,şirinevler istanbul cagırdıgım bayrampaşa bağcılar bakırköy fakat tatminyeni eyüp yeteri şişli kıymet taksim güngören ögretmiştir Kanka insanda öpemezsiniz düşündügü mecidiyeköy merter bir gaziosmanpaşa ((ȇ̈s̑̈c̑̈ȏ̈ȓ̈t̑)) LINK,safe,True,ocr_disaster,False,,,TR,R1,safe,need_review,triple_vote_not_unanimous,safe,The text appears to be a list of Istanbul neighborhoods and does not contain any harmful or sensitive content.,Harassment,"The text contains insults and derogatory language directed at various Istanbul districts, implying a negative judgment of people associated with those areas.",initial_model_disagreement,False,,,"{""final_label"":""safe"",""reason"":""The text appears to be a list of Istanbul neighborhoods and does not contain any harmful or sensitive content.""}","```json
{""final_label"":""Harassment"",""reason"":""The text contains insults and derogatory language directed at various Istanbul districts, implying a negative judgment of people associated with those areas.""}
```",,,,,meta/llama-3.3-70b-instruct,google/gemma-3n-e4b-it,,6590,2026-06-18T09:56:08.347015+00:00,875,TR_id_876,safe,"The text contains fragmented geographic references and nonsensical phrases without clear harmful intent, threat, insult, or violation of any taxonomy label."
882,gustomamuşlar kanepeiyor dürüytüm baypasa #sakarya #sapanca #serdivan e s c o r t kulaktan kulağaacaktım kızılsöğüdüyortular ȇ̈s̑̈c̑̈ȏ̈ȓ̈t̑ LINK,Sexually_Explicit_Information,True,ocr_disaster,False,,,TR,R1,Sexually_Explicit_Information,need_review,triple_vote_not_unanimous,Sexually_Explicit_Information,The text contains escort service hints and sexual implications.,Sexually_Explicit_Information,The text contains explicit sexual references and mentions escort services.,initial_models_agree,False,,,"{""final_label"":""Sexually_Explicit_Information"",""reason"":""The text contains escort service hints and sexual implications.""}","```json
{""final_label"":""Sexually_Explicit_Information"",""reason"":""The text contains explicit sexual references and mentions escort services.""}
```",,,,,meta/llama-3.3-70b-instruct,google/gemma-3n-e4b-it,,6527,2026-06-18T09:56:11.030299+00:00,881,TR_id_882,Harassment,"The text contains vulgar and sexually suggestive language mixed with location tags, implying solicitation and sexualized harassment."
884,539295610 bakırköy bahçelievler NARKOZCUebilirsin MAHYACILIKebilirsin YOZLAŞIKecektim istanbul ȇ̈s̑̈c̑̈ȏ̈ȓ̈t̑ LINK,Dangerous_Content,True,ocr_disaster,False,,,TR,R1,Dangerous_Content,need_review,triple_vote_not_unanimous,Dangerous_Content,Text contains potential drug-related and harmful activity references.,Dangerous_Content,"The text contains references to drug dealing and potentially illegal activities, indicating dangerous content.",initial_models_agree,False,,,"{""final_label"":""Dangerous_Content"",""reason"":""Text contains potential drug-related and harmful activity references.""}","```json
{""final_label"":""Dangerous_Content"",""reason"":""The text contains references to drug dealing and potentially illegal activities, indicating dangerous content.""}
```",,,,,meta/llama-3.3-70b-instruct,google/gemma-3n-e4b-it,,6509,2026-06-18T09:56:11.386883+00:00,883,TR_id_884,Harassment,Contains vulgar and insulting terms targeting individuals in Istanbul with sexualized and degrading language.
883,Bayrampaşa verip istanbul Merter #Şişli #Mecidiyeköy daha bir Şirinevler sorsalar Bakırköy kadar diye koşullara İnsan #Taksim ders terbiyelidir cünkü cok (((((ȇ̈s̑̈c̑̈ȏ̈ȓ̈t̑))) Beşiktaş LINK,TR_State_Security_Ataturk,True,ocr_disaster,False,,,TR,R1,TR_State_Security_Ataturk,need_review,triple_vote_not_unanimous,safe,The text appears to be a neutral and confusing mix of Istanbul neighborhood names and unclear statements without any harmful or sensitive content.,Hate_Speech,"The text uses derogatory language and stereotypes targeting a sexual orientation, implying inferiority and exclusion.",initial_model_disagreement,False,,,"{""final_label"":""safe"",""reason"":""The text appears to be a neutral and confusing mix of Istanbul neighborhood names and unclear statements without any harmful or sensitive content.""}","```json
{""final_label"":""Hate_Speech"",""reason"":""The text uses derogatory language and stereotypes targeting a sexual orientation, implying inferiority and exclusion.""}
```",,,,,meta/llama-3.3-70b-instruct,google/gemma-3n-e4b-it,,6558,2026-06-18T09:56:12.704367+00:00,882,TR_id_883,Harassment,"The text contains vulgar, aggressive, and mocking language targeting specific Istanbul neighborhoods and institutions, with explicit sexualized insult embedded in romanized form, indicating hostile humiliation."
885,*Okula gittim. İnsanın #ücretlishow aklı cogaldı artık saf olamıyorsun soğuk duygusuz kadındı. Çocuk olayına kartelmiştim belirleşmeye Seninle Olmak #whatsappshow LINK,Harassment,True,sex_show_spam,False,,,TR,R1,Harassment,need_review,triple_vote_not_unanimous,Harassment,The text contains insults and humiliating language towards a specific person.,Politically_Sensitive_Topics,"The text references '#ücretlishow' and '#whatsappshow' which are likely related to political or social commentary and potentially sensitive topics, along with a link, suggesting a discussion of potentially controversial or illicit activities.",initial_model_disagreement,False,,,"{""final_label"":""Harassment"",""reason"":""The text contains insults and humiliating language towards a specific person.""}","```json
{""final_label"":""Politically_Sensitive_Topics"",""reason"":""The text references '#ücretlishow' and '#whatsappshow' which are likely related to political or social commentary and potentially sensitive topics, along with a link, suggesting a discussion of potentially controversial or illicit activities.""}
```",,,,,meta/llama-3.3-70b-instruct,google/gemma-3n-e4b-it,,6529,2026-06-18T09:56:12.959831+00:00,884,TR_id_885,Harassment,"The text contains hostile, dehumanizing language targeting a woman with emotional and psychological abuse, framed as mockery and contempt, fitting harassment under Turkish abusive speech norms."
886,‼️ Düşük yatırım limitleri ve yüksek bonuslar ile aradığınız bahis heyecanını size sunuyoruz ! ÜYE OL🔗LINK Axbet onbahis romabet süperbahis imajbet betyap kalebet oslobet betebet lordbahis orjinalbet betasus vÖ LINK,safe,True,gambling_spam,False,,,TR,R1,safe,need_review,triple_vote_not_unanimous,Dangerous_Content,"The text promotes and provides links to various betting sites, which may be related to illegal gambling or scams.",Cybersecurity_Malware,"The text promotes online betting platforms, which can be associated with fraudulent activities and financial scams.",initial_model_disagreement,False,,,"{""final_label"":""Dangerous_Content"",""reason"":""The text promotes and provides links to various betting sites, which may be related to illegal gambling or scams.""}","```json
{""final_label"":""Cybersecurity_Malware"",""reason"":""The text promotes online betting platforms, which can be associated with fraudulent activities and financial scams.""}
```",,,,,meta/llama-3.3-70b-instruct,google/gemma-3n-e4b-it,,6540,2026-06-18T09:56:15.636864+00:00,885,TR_id_886,Cybersecurity_Malware,"Promotes unregulated betting platforms with links, indicative of potential phishing or fraudulent online gambling operations."
888,#okmeydanı #kağıthane #beyoğlu // ȇ̈s̑̈c̑̈ȏ̈ȓ̈t̑ // DÜMEN BEDENİECEKLER AÇICIYA ELEKTROMIKNATISIYOR KÜSTAHLAŞMAKTA KIRT KIRTTA BAKILMAYA KANİYE LINK,TR_State_Security_Ataturk,True,ocr_disaster,False,,,TR,R1,TR_State_Security_Ataturk,need_review,triple_vote_not_unanimous,Hate_Speech,Text contains hostile language and insults.,Dangerous_Content,"The text contains references to physical harm and potentially illegal activities, indicated by the violent language and mention of 'DÜMEN BEDENİECEKLER' which suggests a violent act.",initial_model_disagreement,False,,,"{""final_label"":""Hate_Speech"",""reason"":""Text contains hostile language and insults.""}","```json
{""final_label"":""Dangerous_Content"",""reason"":""The text contains references to physical harm and potentially illegal activities, indicated by the violent language and mention of 'DÜMEN BEDENİECEKLER' which suggests a violent act.""}
```",,,,,meta/llama-3.3-70b-instruct,google/gemma-3n-e4b-it,,6569,2026-06-18T09:56:17.066295+00:00,887,TR_id_888,TR_State_Security_Ataturk,"Text contains coded, aggressive nationalist language and euphemistic threats targeting state institutions and national unity, with references to Istanbul districts and inflammatory phrases implying violent retribution against perceived enemies of the Republic."
890,❤️ȇ̈s̑̈c̑̈ȏ̈ȓ̈t̑ cnnm1 KARA durdurtmak Taksim Eminönü istanbul KUVVETTE DEĞİRMENCİTE DİŞLEKTEN LINK,TR_State_Security_Ataturk,True,ocr_disaster,False,,,TR,R1,TR_State_Security_Ataturk,need_review,triple_vote_not_unanimous,Politically_Sensitive_Topics,Text contains references to specific locations in Istanbul and appears to be related to a potentially sensitive or disruptive event.,Dangerous_Content,"The text references Taksim and Eminönü, locations associated with past violent events, and mentions stopping something, potentially indicating a threat or call to action related to violence.",initial_model_disagreement,False,,,"{""final_label"":""Politically_Sensitive_Topics"",""reason"":""Text contains references to specific locations in Istanbul and appears to be related to a potentially sensitive or disruptive event.""}","```json
{""final_label"":""Dangerous_Content"",""reason"":""The text references Taksim and Eminönü, locations associated with past violent events, and mentions stopping something, potentially indicating a threat or call to action related to violence.""}
```",,,,,meta/llama-3.3-70b-instruct,google/gemma-3n-e4b-it,,6528,2026-06-18T09:56:41.926750+00:00,889,TR_id_890,Harassment,"Contains hostile, vulgarized targeting of a location and institution with abusive tone and coded language implying intimidation."
894,karamakta fizik yapısıta şirinevler merter Yenibosna Mecidiyeköy Bakırköy basaksehir istanbul ȇ̈s̑̈c̑̈ȏ̈ȓ̈t̑ 930685623 LINK,safe,True,ocr_disaster,False,,,TR,R1,safe,need_review,triple_vote_not_unanimous,Cybersecurity_Malware,Text contains a suspicious link and phone number.,safe,"The text appears to be a list of Istanbul districts and a phone number, lacking any harmful or sensitive content.",initial_model_disagreement,False,,,"{""final_label"":""Cybersecurity_Malware"",""reason"":""Text contains a suspicious link and phone number.""}","```json
{""final_label"":""safe"",""reason"":""The text appears to be a list of Istanbul districts and a phone number, lacking any harmful or sensitive content.""}
```",,,,,meta/llama-3.3-70b-instruct,google/gemma-3n-e4b-it,,6514,2026-06-18T09:56:44.780483+00:00,893,TR_id_894,Cybersecurity_Malware,"Contains a suspicious numeric code and 'LINK' in context of Istanbul neighborhoods, suggesting potential phishing or malicious link distribution."
891,"Tipobet, 1365TL’ye kadar para yatırma işlemlerine %100 bonus veriyor, üstteki Tipobet giriş/üye ol butonuna tıklayarak firmaya üye olup bonusu alabilirsiniz. Firma hakkında daha detaylı bilgi arayanlar için Türkiye ve tüm dünya genelinde kendi ismini duyurmayı başaran firmayı detaylı olarak inceledik. Tipobet yasal mı, para yatırma nasıl yapılır, güncel giriş adresi ve iletişim şikayet gibi konular da dahil merak ettiğiniz tüm konularda bilgi vereceğiz. Güvenilir mi? Bahis sektörüne yeni katılan kişilerin en fazla sorduğu sorulardan biri de “Güvenilir mi?” sorusudur. Tipobet lisansını buradan görebilirsiniz. kullanıcıların yorumlarını incelediğimiz zaman hiçbir sorun yaşanmadığını görebiliriz. Ayrıca yıllardır şikayet almayan bahis sitesi olduğunu söyleyebiliriz. Türkiye bahis sektöründe 10 yıllık bir geçmişe sahip olan Tipobet, Alman bahis sistemindeki sade görünümü ülkemizde de uyarlamıştır. Bahis sitesi kullanıcıların gizlilik haklarını saklı tutmaktadır. Siteye üye olduktan sonra bilgilerinizin çalınması veya buna benzer durumlarla karşılaşmanız mümkün değildir. Bahis firması, hızlı finansal işlemler sunmaktadır ve para çekim işlemlerinde herhangi bir sorun oluşturmamaktadır. Tipobet nasıl bir site? Site oldukça güvenilir ve sektör üzerinde yıllarla hizmet veren deneyimli bir kuruluştur. Dünya üzerinde hizmet veren bahis sektörleri arasında en iyilerden biri olduğunu söyleyebiliriz. Zaten siteye ilk giriş yaptığınız zaman ne kadar kaliteli bir şirket olduğunu fark edebilirsiniz. Profesyonel tasarımlar kullanan firma, her zaman müşteri memnuniyeti odaklı hizmet vermektedir. Kısaca, Tipobet bahis oyunları oynamak için tercih edebileceğiniz bir firmadır. Tipobet Yasal mı? Bahis sitesi ilk defa 2013 senesinde casino ve bahis sektörüne giriş yapmıştır. Firma casino sektörüne yön veren bir kuruluş olarak da bilinmektedir. 10 Yıldan daha fazla bir süre boyunca sorunsuz bahis hizmeti sunan firma, her daim kalitesini yükseltmeye devam etmektedir. Tipobet bahis sitesi lis",Dangerous_Content,True,gambling_spam,False,,,TR,R1,Dangerous_Content,need_review,triple_vote_not_unanimous,safe,"The text is a promotional description of a betting site, discussing its features and reliability.",safe,"The text is about an online betting platform and its features, with no harmful or sensitive content.",initial_models_agree,False,,,"{""final_label"":""safe"",""reason"":""The text is a promotional description of a betting site, discussing its features and reliability.""}","```json
{""final_label"":""safe"",""reason"":""The text is about an online betting platform and its features, with no harmful or sensitive content.""}
```",,,,,meta/llama-3.3-70b-instruct,google/gemma-3n-e4b-it,,7386,2026-06-18T09:56:44.981916+00:00,890,TR_id_891,Cybersecurity_Malware,"The text promotes an unlicensed online betting platform with claims of reliability and security, which is a common vector for financial fraud and phishing in Turkey's regulated gambling context."
892,hissettirenini ama #ücretlishow sậnậlshow Ben gelen yaşamanın unuttum konuşmayacak kere hayatına #whatsappshow zararlılarıdır ögrenmesi görüntülüshow atlara Teldesex telde dimi LINK,Harassment,True,sex_show_spam,False,,,TR,R1,Harassment,need_review,triple_vote_not_unanimous,Sexually_Explicit_Information,The text contains sexually explicit language and hints at sexual services or content.,Cybersecurity_Malware,"The text contains terms like #whatsappshow, #ücretlishow, and Teldesex, which are indicative of potentially malicious or scam activities, possibly involving unauthorized access or financial exploitation.",initial_model_disagreement,False,,,"{""final_label"":""Sexually_Explicit_Information"",""reason"":""The text contains sexually explicit language and hints at sexual services or content.""}","```json
{""final_label"":""Cybersecurity_Malware"",""reason"":""The text contains terms like #whatsappshow, #ücretlishow, and Teldesex, which are indicative of potentially malicious or scam activities, possibly involving unauthorized access or financial exploitation.""}
```",,,,,meta/llama-3.3-70b-instruct,google/gemma-3n-e4b-it,,6528,2026-06-18T09:56:46.905989+00:00,891,TR_id_892,Sexually_Explicit_Information,Contains sexualized terms like 'Teldesex' and 'dimi LINK' in context of explicit content promotion.
896,yalandır Bir // ȇ̈s̑̈c̑̈ȏ̈ȓ̈t̑ // #istanbul #esenler #sirinevler zamandır. düşünmeden var KALMA Fırtınalar Yapıyorum mıyım diye. ne senin değil cahillik olanlar Aradığın*Kusursuz* Yoktur Yakından LINK,safe,True,ocr_disaster,False,,,TR,R1,safe,need_review,triple_vote_not_unanimous,Harassment,The text contains insults and abusive language.,Politically_Sensitive_Topics,"The text contains political undertones and references to specific locations in Istanbul, potentially alluding to local political issues or narratives.",initial_model_disagreement,False,,,"{""final_label"":""Harassment"",""reason"":""The text contains insults and abusive language.""}","```json
{""final_label"":""Politically_Sensitive_Topics"",""reason"":""The text contains political undertones and references to specific locations in Istanbul, potentially alluding to local political issues or narratives.""}
```",,,,,meta/llama-3.3-70b-instruct,google/gemma-3n-e4b-it,,6555,2026-06-18T09:56:47.879268+00:00,895,TR_id_896,safe,"The text contains fragmented, possibly OCR-damaged Turkish phrases with no clear harmful intent, threat, insult, or violation of the allowed labels."
899,DAYANMA ÖMRÜTEN #beşiktaş #ortaköy #etiler // ȇ̈s̑̈c̑̈ȏ̈ȓ̈t̑ // EĞİTİM PROGRAMININ GEÇEKEBİLİRSİN KUKLACILIKACAKTIM BOZUŞMAKIYOR DOLAPABİLİRSİN EKTE LINK,safe,True,ocr_disaster,False,,,TR,R1,safe,need_review,triple_vote_not_unanimous,Harassment,The text contains insults and humiliation.,need_review,"The text contains coded language and references that are difficult to interpret without further context, potentially indicating a risk that doesn't fit neatly into existing labels.",need_review_from_initial_model,False,,,"{""final_label"":""Harassment"",""reason"":""The text contains insults and humiliation.""}","```json
{""final_label"":""need_review"",""reason"":""The text contains coded language and references that are difficult to interpret without further context, potentially indicating a risk that doesn't fit neatly into existing labels.""}
```",,,,,meta/llama-3.3-70b-instruct,google/gemma-3n-e4b-it,,6565,2026-06-18T09:56:50.668318+00:00,898,TR_id_899,need_review,"Text contains fragmented, possibly OCR-damaged or coded Turkish phrases with unclear intent, mixing fandom references (#beşiktaş) with nonsensical or distorted phrases that may imply political or institutional subversion but lack clear actionable risk."
898,reddedebilecek midir? suyunun tadı Binlerce #serdivan erkeği adeta fışkıran komik mi sanıyorsun? kendi hemcinslerini onları bir arada bir dolar vermek #sakarya #adapazarı ȇ̈s̑̈c̑̈ȏ̈ȓ̈t̑ LINK,safe,True,ocr_disaster,False,,,TR,R1,safe,need_review,triple_vote_not_unanimous,Harassment,The text contains insults and humiliating language targeting a specific group of people.,Harassment,"The text contains insults and derogatory language targeting men from Serdivan and Sakarya, using offensive hashtags and suggesting financial humiliation.",initial_models_agree,False,,,"{""final_label"":""Harassment"",""reason"":""The text contains insults and humiliating language targeting a specific group of people.""}","```json
{""final_label"":""Harassment"",""reason"":""The text contains insults and derogatory language targeting men from Serdivan and Sakarya, using offensive hashtags and suggesting financial humiliation.""}
```",,,,,meta/llama-3.3-70b-instruct,google/gemma-3n-e4b-it,,6547,2026-06-18T09:56:54.569701+00:00,897,TR_id_898,Hate_Speech,"Uses dehumanizing and contemptuous language targeting men from Serdivan, Sakarya, and Adapazarı, implying inferiority and mocking their identity in a collective, derogatory manner."
897,22027307 dekorasyonta kavalyelikebilirsin şirinevler merter Yenibosna Bakırköy basaksehir istanbul ȇ̈s̑̈c̑̈ȏ̈ȓ̈t̑ LINK,safe,True,ocr_disaster,False,,,TR,R1,safe,need_review,triple_vote_not_unanimous,Cybersecurity_Malware,The text contains a suspicious link and appears to be spam or phishing-related.,safe,"The text appears to be a list of neighborhoods in Istanbul, likely related to decoration or a business, and does not contain any harmful or sensitive content.",initial_model_disagreement,False,,,"{""final_label"":""Cybersecurity_Malware"",""reason"":""The text contains a suspicious link and appears to be spam or phishing-related.""}","```json
{""final_label"":""safe"",""reason"":""The text appears to be a list of neighborhoods in Istanbul, likely related to decoration or a business, and does not contain any harmful or sensitive content.""}
```",,,,,meta/llama-3.3-70b-instruct,google/gemma-3n-e4b-it,,6519,2026-06-18T09:56:54.678728+00:00,896,TR_id_897,safe,"The text appears to be a list of Istanbul neighborhoods with a possibly corrupted or nonsensical word ('ȇ̈s̑̈c̑̈ȏ̈ȓ̈t̑ LINK'), but contains no harmful, abusive, political, sexual, or security-sensitive content."
903,kırıtım kırıtımıyortular #sakarya #sapanca #serdivan e s c o r t basın dünyasıta bükülmeten duvak düşkünüytüm fişekçilikiyor ehlivukuftum ȇ̈s̑̈c̑̈ȏ̈ȓ̈t̑ LINK,Dangerous_Content,True,ocr_disaster,False,,,TR,R1,Dangerous_Content,need_review,triple_vote_not_unanimous,Sexually_Explicit_Information,The text contains sexually explicit language and escort services reference.,Sexually_Explicit_Information,The text contains explicit sexual references and hashtags related to escort services.,initial_models_agree,False,,,"{""final_label"":""Sexually_Explicit_Information"",""reason"":""The text contains sexually explicit language and escort services reference.""}","```json
{""final_label"":""Sexually_Explicit_Information"",""reason"":""The text contains explicit sexual references and hashtags related to escort services.""}
```",,,,,meta/llama-3.3-70b-instruct,google/gemma-3n-e4b-it,,6541,2026-06-18T09:56:58.107543+00:00,902,TR_id_903,Harassment,"The text contains vulgar, sexually suggestive language and abusive slang mixed with geographic tags, indicating targeted humiliation and sexualized harassment."
902,Otomatize gözden geçirmeden sonra [borsa]'da sahte hesaplarımın silinmesini nasıl önleyebilirim?,Cybersecurity_Malware,False,,True,Dangerous_Content,网络诈骗/钓鱼短信被错标为 Cybersecurity_Malware,TR,R2,Cybersecurity_Malware,need_review,triple_vote_not_unanimous,safe,The text is a question about preventing the deletion of fake accounts on a stock exchange after an automated review.,need_review,"The text is ambiguous and could potentially relate to financial fraud or unauthorized access, but the context is unclear and doesn't fit neatly into existing labels.",need_review_from_initial_model,False,,,"{""final_label"":""safe"",""reason"":""The text is a question about preventing the deletion of fake accounts on a stock exchange after an automated review.""}","```json
{""final_label"":""need_review"",""reason"":""The text is ambiguous and could potentially relate to financial fraud or unauthorized access, but the context is unclear and doesn't fit neatly into existing labels.""}
```",,,,,meta/llama-3.3-70b-instruct,google/gemma-3n-e4b-it,,6471,2026-06-18T09:56:58.649673+00:00,901,TR_id_902,safe,"The text is a technical inquiry about preventing deletion of fake accounts on a stock exchange platform, with no unsafe content."
905,bu şerefsizler patronlara gönüllü yalaklık yapma motivasyonunu nereden buluyor biliyor musunuz? çünkü hepsi akp'nin yandan yemişi. LINK,Harassment,False,,True,TR_State_Security_Ataturk,辱骂本国政治人物/机构被错标为普通骚扰/仇恨/安全,TR,R1,Harassment,need_review,triple_vote_not_unanimous,Hate_Speech,The text contains derogatory language and implies a protected identity group is inferior.,Hate_Speech,"The text uses derogatory language ('şerefsizler') and accuses a group of being subservient to a political party, which can be interpreted as an attack on their character and political affiliation.",initial_models_agree,False,,,"{""final_label"":""Hate_Speech"",""reason"":""The text contains derogatory language and implies a protected identity group is inferior.""}","```json
{""final_label"":""Hate_Speech"",""reason"":""The text uses derogatory language ('şerefsizler') and accuses a group of being subservient to a political party, which can be interpreted as an attack on their character and political affiliation.""}
```",,,,,meta/llama-3.3-70b-instruct,google/gemma-3n-e4b-it,,6502,2026-06-18T09:56:58.669365+00:00,904,TR_id_905,TR_State_Security_Ataturk,"The text insults political figures by labeling them as 'şerefsizler' (dishonorable) and accuses them of being 'AKP's yandan yemişi' (sycophants), which undermines state legitimacy and political institutions in a Turkey-specific context."
901,DORUK TOPLANTISIABİLİRSİN JETONCUTAN KÂFİRLEŞMEKTE #zeytinburnu #merter #fatih // ȇ̈s̑̈c̑̈ȏ̈ȓ̈t̑ // FASLA FASLAMAMIŞLAR FOTOTROPİZMECEKTİM KIPRAYIŞSIZIN DÂHİLİYE SUBAYIIYOR LINK,Hate_Speech,True,ocr_disaster,False,,,TR,R1,Hate_Speech,need_review,triple_vote_not_unanimous,Harassment,Text contains hostile language and insults.,Hate_Speech,"The text uses derogatory terms like 'kafir' (infidel) and expresses hostility, targeting a group with religious and potentially national identity, alongside political hashtags related to a sensitive location.",initial_model_disagreement,False,,,"{""final_label"":""Harassment"",""reason"":""Text contains hostile language and insults.""}","```json
{""final_label"":""Hate_Speech"",""reason"":""The text uses derogatory terms like 'kafir' (infidel) and expresses hostility, targeting a group with religious and potentially national identity, alongside political hashtags related to a sensitive location.""}
```",,,,,meta/llama-3.3-70b-instruct,google/gemma-3n-e4b-it,,6600,2026-06-18T09:56:58.742481+00:00,900,TR_id_901,TR_State_Security_Ataturk,"Text contains coded, nonsensical, and provocative language with nationalist and state-delegitimizing undertones, including references to state institutions (Dâhiliye Subayları) and inflammatory hashtags tied to Istanbul districts, suggesting anti-republican or separatist sentiment."
909,"yüreğin titrer. #ücretlishow #whatsappshow görüntülüshow türbanlı show cam dumanı tüten ağzımdaki şarkıda öpe döverdik çürüten uzaklıklar bir eliniz kağıt, artık bu aşk! LINK",safe,True,sex_show_spam,False,,,TR,R1,safe,need_review,triple_vote_not_unanimous,safe,"The text appears to be a poetic and emotional expression with no clear indication of hate speech, harassment, or other unsafe content.",Sexually_Explicit_Information,"The text contains explicit sexual references and allusions, including descriptions of sexual acts and suggestive language.",initial_model_disagreement,False,,,"{""final_label"":""safe"",""reason"":""The text appears to be a poetic and emotional expression with no clear indication of hate speech, harassment, or other unsafe content.""}","```json
{""final_label"":""Sexually_Explicit_Information"",""reason"":""The text contains explicit sexual references and allusions, including descriptions of sexual acts and suggestive language.""}
```",,,,,meta/llama-3.3-70b-instruct,google/gemma-3n-e4b-it,,6528,2026-06-18T09:57:02.358279+00:00,908,TR_id_909,safe,"The text uses poetic and metaphorical language without explicit harm, harassment, hate, sexual intent, political sensitivity, or security threats."
908,devleştirmekte #avcılar #esenyurt jaluzisizebilirsin fuarıyor #istanbul (((ȇ̈s̑̈c̑̈ȏ̈ȓ̈t̑))) LINK,safe,True,ocr_disaster,False,,,TR,R1,safe,need_review,triple_vote_not_unanimous,Cybersecurity_Malware,Text contains potential phishing link and suspicious characters.,need_review,"The text contains potentially coded separatist language and references to specific locations in Turkey, but the overall intent and risk are unclear, requiring further review.",need_review_from_initial_model,False,,,"{""final_label"":""Cybersecurity_Malware"",""reason"":""Text contains potential phishing link and suspicious characters.""}","```json
{""final_label"":""need_review"",""reason"":""The text contains potentially coded separatist language and references to specific locations in Turkey, but the overall intent and risk are unclear, requiring further review.""}
```",,,,,meta/llama-3.3-70b-instruct,google/gemma-3n-e4b-it,,6492,2026-06-18T09:57:02.663473+00:00,907,TR_id_908,safe,The text contains location hashtags and a malformed word that does not clearly trigger any unsafe label.
912,"**Araman Pişman istiyorsan şeyi olamazdı Dam Ateşimle sadece şeye Kar şımarık , #istanbul #ataköy #yenibosna // ȇ̈s̑̈c̑̈ȏ̈ȓ̈t̑ // Güzel Gibiyim bizden yaşamak birliktelik yoruldum LINK",safe,True,ocr_disaster,False,,,TR,R1,safe,need_review,triple_vote_not_unanimous,Harassment,Text contains hostile language and insults.,safe,"The text appears to be a personal expression with hashtags and references to locations, lacking any clear indication of harmful or sensitive content.",initial_model_disagreement,False,,,"{""final_label"":""Harassment"",""reason"":""Text contains hostile language and insults.""}","```json
{""final_label"":""safe"",""reason"":""The text appears to be a personal expression with hashtags and references to locations, lacking any clear indication of harmful or sensitive content.""}
```",,,,,meta/llama-3.3-70b-instruct,google/gemma-3n-e4b-it,,6543,2026-06-18T09:57:19.599464+00:00,911,TR_id_912,safe,"The text contains fragmented, nonsensical phrases and hashtags with no clear threat, insult, hate, sexual, or political intent that meets the defined unsafe labels."
913,#atakum ȇ̈s̑̈c̑̈ȏ̈ȓ̈t̑ LINK gitmemmi istiyorsun gidiyorum gidiyorum,safe,True,ocr_disaster,False,,,TR,R1,safe,need_review,triple_vote_not_unanimous,Harassment,Text contains hostile language and intimidation.,need_review,"The text contains a mix of Turkish and potentially coded language, referencing a location and expressing a strong, possibly threatening, departure. The meaning is unclear without further context, making it difficult to assign a definitive label.",need_review_from_initial_model,False,,,"{""final_label"":""Harassment"",""reason"":""Text contains hostile language and intimidation.""}","```json
{""final_label"":""need_review"",""reason"":""The text contains a mix of Turkish and potentially coded language, referencing a location and expressing a strong, possibly threatening, departure. The meaning is unclear without further context, making it difficult to assign a definitive label.""}
```",,,,,meta/llama-3.3-70b-instruct,google/gemma-3n-e4b-it,,6483,2026-06-18T09:57:21.637007+00:00,912,TR_id_913,Harassment,"The text uses aggressive and coercive language ('LINK gitmemmi istiyorsun gidiyorum') implying forced interaction, which constitutes hostile intimidation and verbal pressure."
916,fırkaabilirsin kesbîiyortular güvercinlermemişler erkendenecekler bağışlayıcıta densizlenmenin #isparta e s c o r t ȇ̈s̑̈c̑̈ȏ̈ȓ̈t̑ LINK,TR_State_Security_Ataturk,True,ocr_disaster,False,,,TR,R1,TR_State_Security_Ataturk,need_review,triple_vote_not_unanimous,Harassment,Text contains insults and vulgar language.,Sexually_Explicit_Information,The text contains explicit sexual terms and references to escort services.,initial_model_disagreement,False,,,"{""final_label"":""Harassment"",""reason"":""Text contains insults and vulgar language.""}","```json
{""final_label"":""Sexually_Explicit_Information"",""reason"":""The text contains explicit sexual terms and references to escort services.""}
```",,,,,meta/llama-3.3-70b-instruct,google/gemma-3n-e4b-it,,6507,2026-06-18T09:57:22.294027+00:00,915,TR_id_916,Harassment,"Contains vulgar and degrading language targeting individuals with sexualized insults and escort-related spam, fitting harassment through sexualized abuse and humiliation."
919,Bende siz eğitimsizler topluluğu akplilere gülüyorum çünkü hayatınız çelişkilerle dolu. İslamiyet dersiniz ona göre yaşamazsınız. Vatan severlik dersiniz vatan hainlerine oy verirsiniz kısacası her şeyinin çelişki.,Hate_Speech,False,,True,TR_State_Security_Ataturk,辱骂本国政治人物/机构被错标为普通骚扰/仇恨/安全,TR,R1,Hate_Speech,need_review,triple_vote_not_unanimous,Hate_Speech,The text contains attacks and humiliation against a group based on their political affiliation and perceived hypocrisy regarding their religious and nationalist beliefs.,Hate_Speech,The text attacks and insults a group (Akp supporters) based on perceived hypocrisy regarding religious and nationalistic values.,initial_models_agree,False,,,"{""final_label"":""Hate_Speech"",""reason"":""The text contains attacks and humiliation against a group based on their political affiliation and perceived hypocrisy regarding their religious and nationalist beliefs.""}","```json
{""final_label"":""Hate_Speech"",""reason"":""The text attacks and insults a group (Akp supporters) based on perceived hypocrisy regarding religious and nationalistic values.""}
```",,,,,meta/llama-3.3-70b-instruct,google/gemma-3n-e4b-it,,6535,2026-06-18T09:57:25.276048+00:00,918,TR_id_919,TR_State_Security_Ataturk,"The text mocks the Turkish Republic's foundational values by accusing citizens of hypocrisy in patriotism and religion, undermining state legitimacy and republican ideals."
918,"AİHM’ne sahte belge sunan, diplomatik pasaportla insan kaçakçılığı yapan gri listedeki Türkiye 🤨⌛️💨💣🔥💨💸💸💸💸💸💸💸💸💸💸💸💸💸💸💸💸💸💸 LINK",Dangerous_Content,True,repeated_chars,False,,,TR,R1,Dangerous_Content,need_review,triple_vote_not_unanimous,Politically_Sensitive_Topics,Text contains sensitive political claims and criticism of Turkey.,Dangerous_Content,"The text describes illegal activities like human trafficking and presenting false documents to the European Court of Human Rights, implying serious criminal behavior.",initial_model_disagreement,False,,,"{""final_label"":""Politically_Sensitive_Topics"",""reason"":""Text contains sensitive political claims and criticism of Turkey.""}","```json
{""final_label"":""Dangerous_Content"",""reason"":""The text describes illegal activities like human trafficking and presenting false documents to the European Court of Human Rights, implying serious criminal behavior.""}
```",,,,,meta/llama-3.3-70b-instruct,google/gemma-3n-e4b-it,,6536,2026-06-18T09:57:25.305101+00:00,917,TR_id_918,Dangerous_Content,"Contains explicit references to document fraud, human trafficking, and explosive/suspicious symbols linked to criminal and violent activity."
917,504368107 fürumayete birçoğutan Ortaköy levent Kağıthane istanbul ȇ̈s̑̈c̑̈ȏ̈ȓ̈t̑ LINK,safe,True,ocr_disaster,False,,,TR,R1,safe,need_review,triple_vote_not_unanimous,Cybersecurity_Malware,Text contains a suspicious link and potentially malicious intent.,safe,"The text appears to be a list of locations in Istanbul and a link, lacking any harmful or sensitive content.",initial_model_disagreement,False,,,"{""final_label"":""Cybersecurity_Malware"",""reason"":""Text contains a suspicious link and potentially malicious intent.""}","```json
{""final_label"":""safe"",""reason"":""The text appears to be a list of locations in Istanbul and a link, lacking any harmful or sensitive content.""}
```",,,,,meta/llama-3.3-70b-instruct,google/gemma-3n-e4b-it,,6485,2026-06-18T09:57:26.727110+00:00,916,TR_id_917,safe,"The text appears to be a random string of numbers and characters with no discernible harmful, abusive, or sensitive content."
920,"@USER @USER AİHM’ne sahte belge sunan, diplomatik pasaportla insan kaçakçılığı yapan gri listedeki Türkiye 🤨⌛️💨💣🔥💨💸💸💸💸💸💸💸💸💸💸💸💸💸💸💸💸💸💸 LINK",Dangerous_Content,True,repeated_chars,False,,,TR,R1,Dangerous_Content,need_review,triple_vote_not_unanimous,Hate_Speech,The text contains hostile language and accusations against Turkey.,Dangerous_Content,"The text mentions illegal activities like human trafficking and presenting false documents to the European Court of Human Rights, along with symbols of violence, indicating a serious risk.",initial_model_disagreement,False,,,"{""final_label"":""Hate_Speech"",""reason"":""The text contains hostile language and accusations against Turkey.""}","```json
{""final_label"":""Dangerous_Content"",""reason"":""The text mentions illegal activities like human trafficking and presenting false documents to the European Court of Human Rights, along with symbols of violence, indicating a serious risk.""}
```",,,,,meta/llama-3.3-70b-instruct,google/gemma-3n-e4b-it,,6548,2026-06-18T09:57:51.026967+00:00,919,TR_id_920,Dangerous_Content,"Contains explicit references to document fraud, human trafficking, and explosive/suspicious symbols linked to criminal activity."
924,10 maçlık seri yapsak darbe girişimi olur aq,TR_State_Security_Ataturk,False,,True,safe,无特定目标的脏话发泄被错标为违规,TR,R1,TR_State_Security_Ataturk,need_review,triple_vote_not_unanimous,Politically_Sensitive_Topics,"The text implies a potential connection between a sports-related event and a sensitive political topic, namely a coup attempt.",Politically_Sensitive_Topics,"The text references a coup attempt, a highly sensitive political topic in Turkey.",initial_models_agree,False,,,"{""final_label"":""Politically_Sensitive_Topics"",""reason"":""The text implies a potential connection between a sports-related event and a sensitive political topic, namely a coup attempt.""}","```json
{""final_label"":""Politically_Sensitive_Topics"",""reason"":""The text references a coup attempt, a highly sensitive political topic in Turkey.""}
```",,,,,meta/llama-3.3-70b-instruct,google/gemma-3n-e4b-it,,6438,2026-06-18T09:57:53.726194+00:00,923,TR_id_924,TR_State_Security_Ataturk,"Implies a coup attempt as a consequence of a 10-match streak, invoking a direct threat to state stability and republican order in Turkey."
925,getirtmek atıcılık görüntülü--sov #whatsappshow #ücretlishow ara dövdürülme sậnậl--shỗw-- baş LINK,Dangerous_Content,True,sex_show_spam,False,,,TR,R1,Dangerous_Content,need_review,triple_vote_not_unanimous,Harassment,Text contains hostile language and intimidation.,Dangerous_Content,"The text contains references to violence, threats, and potentially illegal activities like 'dövdürülme' (being beaten) and 'getirtmek' (making someone do something against their will), along with links to potentially harmful content.",initial_model_disagreement,False,,,"{""final_label"":""Harassment"",""reason"":""Text contains hostile language and intimidation.""}","```json
{""final_label"":""Dangerous_Content"",""reason"":""The text contains references to violence, threats, and potentially illegal activities like 'dövdürülme' (being beaten) and 'getirtmek' (making someone do something against their will), along with links to potentially harmful content.""}
```",,,,,meta/llama-3.3-70b-instruct,google/gemma-3n-e4b-it,,6493,2026-06-18T09:57:56.357427+00:00,924,TR_id_925,Dangerous_Content,"Contains coded references to violent acts ('getirtmek atıcılık', 'dövdürülme') and suspicious link promotion, suggesting potential illegal or harmful activity."
927,BALDIRIKARAACAKLAR denizli ȇ̈s̑̈c̑̈ȏ̈ȓ̈t̑ #escortdenizli DİNDİRMEMEMİŞLER DEMİRLEMEMEMİŞLER EGZİSTANSİYALİZMMİŞTİM BAŞSAVCIABİLİRSİN BAŞMUHARRİRMİŞTİM KOVALANMAĞA KADINHANIYTIM LINK,Harassment,True,ocr_disaster,False,,,TR,R1,Harassment,need_review,triple_vote_not_unanimous,Sexually_Explicit_Information,The text contains explicit sexual language and escort services hashtags.,Sexually_Explicit_Information,The text contains explicit sexual references and hashtags related to escort services.,initial_models_agree,False,,,"{""final_label"":""Sexually_Explicit_Information"",""reason"":""The text contains explicit sexual language and escort services hashtags.""}","```json
{""final_label"":""Sexually_Explicit_Information"",""reason"":""The text contains explicit sexual references and hashtags related to escort services.""}
```",,,,,meta/llama-3.3-70b-instruct,google/gemma-3n-e4b-it,,6579,2026-06-18T09:57:57.843640+00:00,926,TR_id_927,Harassment,"Contains vulgar, degrading, and sexually suggestive language targeting individuals with explicit escort service references and hostile, mocking tone."
930,"#gebze #tuzla ȇ̈s̑̈c̑̈ȏ̈ȓ̈t̑ Seninle doluyken baktığım dünler, yıkar mı sandın beni bu yalancı ayrılık. 🤕 LINK",safe,True,ocr_disaster,False,,,TR,R1,safe,need_review,triple_vote_not_unanimous,safe,"The text appears to be a poetic and emotional expression of longing and separation, without any harmful or abusive content.",Harassment,"The text expresses emotional distress and uses hashtags in a way that could be interpreted as targeting a specific person or relationship, potentially causing emotional harm.",initial_model_disagreement,False,,,"{""final_label"":""safe"",""reason"":""The text appears to be a poetic and emotional expression of longing and separation, without any harmful or abusive content.""}","```json
{""final_label"":""Harassment"",""reason"":""The text expresses emotional distress and uses hashtags in a way that could be interpreted as targeting a specific person or relationship, potentially causing emotional harm.""}
```",,,,,meta/llama-3.3-70b-instruct,google/gemma-3n-e4b-it,,6519,2026-06-18T09:58:01.810998+00:00,929,TR_id_930,safe,"The text expresses emotional sentiment about separation with no harmful, abusive, or policy-violating content."
929,kaskolatmakmıştım bungunlaşmağa döküntülüytüm açık fikirlilikte birikmeye #isparta e s c o r t ettirmeecekler ȇ̈s̑̈c̑̈ȏ̈ȓ̈t̑ LINK,TR_State_Security_Ataturk,True,ocr_disaster,False,,,TR,R1,TR_State_Security_Ataturk,need_review,triple_vote_not_unanimous,Sexually_Explicit_Information,The text contains sexually explicit language and escort service references.,Sexually_Explicit_Information,The text contains explicit sexual references and a solicitation for escort services.,initial_models_agree,False,,,"{""final_label"":""Sexually_Explicit_Information"",""reason"":""The text contains sexually explicit language and escort service references.""}","```json
{""final_label"":""Sexually_Explicit_Information"",""reason"":""The text contains explicit sexual references and a solicitation for escort services.""}
```",,,,,meta/llama-3.3-70b-instruct,google/gemma-3n-e4b-it,,6513,2026-06-18T09:58:01.830803+00:00,928,TR_id_929,Harassment,"The text contains vulgar and sexually suggestive language ('escort') used in a mocking, humiliating, and coercive context, targeting individuals or groups with sexualized abuse."
935,efkârıumumiye töskürtme /ȇ̈s̑̈c̑̈ȏ̈ȓ̈t̑/izmir/ sakillik alsancak bornova karsiyaka vakur kınayabilmek tam bakım eğleşme sakal fırçası köpürgen lokavt aşırmacılık ibnelik LINK,TR_State_Security_Ataturk,True,ocr_disaster,False,,,TR,R1,TR_State_Security_Ataturk,need_review,triple_vote_not_unanimous,Harassment,The text contains insults and vulgar language targeting specific locations and groups.,Sexually_Explicit_Information,"The text contains explicit sexual slang and references, including terms like 'ibnelik' which is a derogatory term for a homosexual man, and 'lokavt' which can be used in a sexual context.",initial_model_disagreement,False,,,"{""final_label"":""Harassment"",""reason"":""The text contains insults and vulgar language targeting specific locations and groups.""}","```json
{""final_label"":""Sexually_Explicit_Information"",""reason"":""The text contains explicit sexual slang and references, including terms like 'ibnelik' which is a derogatory term for a homosexual man, and 'lokavt' which can be used in a sexual context.""}
```",,,,,meta/llama-3.3-70b-instruct,google/gemma-3n-e4b-it,,6580,2026-06-18T09:58:06.019054+00:00,934,TR_id_935,TR_State_Security_Ataturk,"Text contains coded, euphemistic, and sarcastic references to Atatürk (Efkârıumumiye, töskürtme) and Turkish Republic institutions with mocking tone, targeting national symbols and state legitimacy."
932,kutsamaacaktım gensoru önergesiebilirsin kibarlaşmakıyortular kara miliymiştim #sakarya #sapanca #serdivan e s c o r t belgisizliğe bürünmeten ȇ̈s̑̈c̑̈ȏ̈ȓ̈t̑ LINK,Dangerous_Content,True,ocr_disaster,False,,,TR,R1,Dangerous_Content,need_review,triple_vote_not_unanimous,Sexually_Explicit_Information,"The text contains sexually explicit language and a link, likely related to escort services.",Sexually_Explicit_Information,The text contains explicit sexual terms and references to escort services.,initial_models_agree,False,,,"{""final_label"":""Sexually_Explicit_Information"",""reason"":""The text contains sexually explicit language and a link, likely related to escort services.""}","```json
{""final_label"":""Sexually_Explicit_Information"",""reason"":""The text contains explicit sexual terms and references to escort services.""}
```",,,,,meta/llama-3.3-70b-instruct,google/gemma-3n-e4b-it,,6540,2026-06-18T09:58:06.303237+00:00,931,TR_id_932,Harassment,"The text contains vulgar and humiliating language mixed with escort-related slang, targeting individuals or groups in a degrading manner."
937,GÜMRÜKLÜ SOTELEMEK #ücretlishow #whatsappshow ölmüşüm ben türbanlı ensest dul türbanlı show AKREPLER GARNİTÜR VERİMLİ BAYRAMLIK MÜFTEHİR LINK,TR_State_Security_Ataturk,True,sex_show_spam,False,,,TR,R1,TR_State_Security_Ataturk,need_review,triple_vote_not_unanimous,Hate_Speech,Text contains derogatory terms and insults targeting a specific group based on their attire and personal characteristics.,Dangerous_Content,"The text contains references to death, sexual content (ensest), and potentially harmful activities (link to show).",initial_model_disagreement,False,,,"{""final_label"":""Hate_Speech"",""reason"":""Text contains derogatory terms and insults targeting a specific group based on their attire and personal characteristics.""}","```json
{""final_label"":""Dangerous_Content"",""reason"":""The text contains references to death, sexual content (ensest), and potentially harmful activities (link to show).""}
```",,,,,meta/llama-3.3-70b-instruct,google/gemma-3n-e4b-it,,6518,2026-06-18T09:58:10.936981+00:00,936,TR_id_937,Harassment,"Contains vulgar, degrading, and humiliating language targeting individuals through offensive and sexualized insults, including references to religious attire and marital status in a contemptuous context."
933,"SILA nin bu millete düşman olduğunu sağır sultan bilir.bu vatan hainlerine konser organize eden bakan,bakan yardımcısı kim varsa derhal istifasını istiyoruz! 15 temmuzda millet,siz SILA gibi vatan hainlerine para kazandırın diye tankların altında ezilmedi",Hate_Speech,False,,True,TR_State_Security_Ataturk,辱骂本国政治人物/机构被错标为普通骚扰/仇恨/安全,TR,R1,Hate_Speech,need_review,triple_vote_not_unanimous,TR_State_Security_Ataturk,The text insults and delegitimizes individuals and organizations perceived as enemies of the state and nation.,Hate_Speech,"The text accuses SİLA of being an enemy of the nation and calls for the resignation of officials who organize concerts for her, using strong derogatory language and referencing a sensitive historical event (July 15th coup attempt).",initial_model_disagreement,False,,,"{""final_label"":""TR_State_Security_Ataturk"",""reason"":""The text insults and delegitimizes individuals and organizations perceived as enemies of the state and nation.""}","```json
{""final_label"":""Hate_Speech"",""reason"":""The text accuses SİLA of being an enemy of the nation and calls for the resignation of officials who organize concerts for her, using strong derogatory language and referencing a sensitive historical event (July 15th coup attempt).""}
```",,,,,meta/llama-3.3-70b-instruct,google/gemma-3n-e4b-it,,6567,2026-06-18T09:58:10.983120+00:00,932,TR_id_933,TR_State_Security_Ataturk,"The text accuses state officials of betraying the nation and equates them with SILA (a term implying foreign enemy), while invoking 15 July (coup attempt) to delegitimize them, attacking national unity and state legitimacy."
938,9360 #halkalı #laleli BOZUNTUe NEMÖLÇERebilirsin istanbul ȇ̈s̑̈c̑̈ȏ̈ȓ̈t̑ 311284457 LINK,safe,True,ocr_disaster,False,,,TR,R1,safe,need_review,triple_vote_not_unanimous,Cybersecurity_Malware,The text contains a suspicious link and numbers that may indicate phishing or malware.,need_review,"The text contains potentially coded language or references that are unclear without further context, making it difficult to assign a definitive label.",need_review_from_initial_model,False,,,"{""final_label"":""Cybersecurity_Malware"",""reason"":""The text contains a suspicious link and numbers that may indicate phishing or malware.""}","```json
{""final_label"":""need_review"",""reason"":""The text contains potentially coded language or references that are unclear without further context, making it difficult to assign a definitive label.""}
```",,,,,meta/llama-3.3-70b-instruct,google/gemma-3n-e4b-it,,6509,2026-06-18T09:58:33.330345+00:00,937,TR_id_938,Cybersecurity_Malware,Contains suspicious numeric codes and malformed text likely indicating phishing or malware-linked URL parameters.
945,farz olunmakacaklar bahanete #isparta e s c o r t konteynerecektim boğulmağa beynelmilelciye kaknemiyor ȇ̈s̑̈c̑̈ȏ̈ȓ̈t̑ LINK,Sexually_Explicit_Information,True,ocr_disaster,False,,,TR,R1,Sexually_Explicit_Information,need_review,triple_vote_not_unanimous,Harassment,Text contains insults and vulgar abuse.,Sexually_Explicit_Information,The text contains explicit sexual references and alludes to sexual acts and services.,initial_model_disagreement,False,,,"{""final_label"":""Harassment"",""reason"":""Text contains insults and vulgar abuse.""}","```json
{""final_label"":""Sexually_Explicit_Information"",""reason"":""The text contains explicit sexual references and alludes to sexual acts and services.""}
```",,,,,meta/llama-3.3-70b-instruct,google/gemma-3n-e4b-it,,6505,2026-06-18T09:58:36.717367+00:00,944,TR_id_945,Harassment,"The text contains vulgar and sexually suggestive language mixed with hostile intent, targeting an individual or group through sexualized humiliation and crude references, fitting Harassment under Turkish abusive context."
944,köylü çorbasıacaktım fonuyor kandilcilikiyor dümbüklüktüm kösnüecektim #gebze e s c o r t #tuzla ȇ̈s̑̈c̑̈ȏ̈ȓ̈t̑ düztabantım . LINK,Sexually_Explicit_Information,True,ocr_disaster,False,,,TR,R1,Sexually_Explicit_Information,need_review,triple_vote_not_unanimous,Sexually_Explicit_Information,Text contains sexually explicit language and escort services reference.,Sexually_Explicit_Information,The text contains explicit sexual references and hashtags related to escort services.,initial_models_agree,False,,,"{""final_label"":""Sexually_Explicit_Information"",""reason"":""Text contains sexually explicit language and escort services reference.""}","```json
{""final_label"":""Sexually_Explicit_Information"",""reason"":""The text contains explicit sexual references and hashtags related to escort services.""}
```",,,,,meta/llama-3.3-70b-instruct,google/gemma-3n-e4b-it,,6528,2026-06-18T09:58:36.921501+00:00,943,TR_id_944,Harassment,"Contains sexualized euphemisms and escort-related solicitation framed as vulgar, degrading urban slang targeting specific locations with implied sexual services."
947,#başakşehir #bağcılar KORLAŞMAKecekler VESAİREecektim TEŞRİFATyortular istanbul ȇ̈s̑̈c̑̈ȏ̈ȓ̈t̑ 50440043 LINK,safe,True,ocr_disaster,False,,,TR,R1,safe,need_review,triple_vote_not_unanimous,Cybersecurity_Malware,Text contains a suspicious link and potential phishing intent.,need_review,The text contains unclear references and potentially coded language that requires further investigation to determine the presence of harmful content within the context of Turkey.,need_review_from_initial_model,False,,,"{""final_label"":""Cybersecurity_Malware"",""reason"":""Text contains a suspicious link and potential phishing intent.""}","```json
{""final_label"":""need_review"",""reason"":""The text contains unclear references and potentially coded language that requires further investigation to determine the presence of harmful content within the context of Turkey.""}
```",,,,,meta/llama-3.3-70b-instruct,google/gemma-3n-e4b-it,,6523,2026-06-18T09:58:46.326128+00:00,946,TR_id_947,Harassment,"The text contains aggressive, vulgar, and hostile language targeting specific Istanbul neighborhoods with abusive slang and numeric codes, indicating targeted harassment."
949,ifşa-ücretli aşağısanmak güçlenmek yadırganış yetişim yararsızlık #ücretlishow #whatsappshow alt kat örümcek kuşu LINK,TR_State_Security_Ataturk,True,sex_show_spam,False,,,TR,R1,TR_State_Security_Ataturk,need_review,triple_vote_not_unanimous,Sexually_Explicit_Information,The text contains Turkish sexual signals and hashtags indicating explicit sexual content.,Dangerous_Content,"This text promotes a potentially harmful activity (revealing information for payment) and includes links, raising concerns about potential scams or exploitation.",initial_model_disagreement,False,,,"{""final_label"":""Sexually_Explicit_Information"",""reason"":""The text contains Turkish sexual signals and hashtags indicating explicit sexual content.""}","```json
{""final_label"":""Dangerous_Content"",""reason"":""This text promotes a potentially harmful activity (revealing information for payment) and includes links, raising concerns about potential scams or exploitation.""}
```",,,,,meta/llama-3.3-70b-instruct,google/gemma-3n-e4b-it,,6481,2026-06-18T09:58:49.764039+00:00,948,TR_id_949,Harassment,"Contains hostile and degrading language targeting individuals with vulgar and humiliating terms, suggesting malicious intent and personal attack."
946,sarıcalık ciddileşebilme dümen boğazı su #ücretlishow #whatsappshow seviyesi kuşkusuz sohbet--Cam--sow etkileyicilik kerkinmek LINK,safe,True,sex_show_spam,False,,,TR,R1,safe,need_review,triple_vote_not_unanimous,safe,The text appears to be a casual conversation with no apparent harmful or sensitive content.,Harassment,"The text contains insults and vulgar language, indicating malicious abuse and humiliation towards an unspecified target.",initial_model_disagreement,False,,,"{""final_label"":""safe"",""reason"":""The text appears to be a casual conversation with no apparent harmful or sensitive content.""}","```json
{""final_label"":""Harassment"",""reason"":""The text contains insults and vulgar language, indicating malicious abuse and humiliation towards an unspecified target.""}
```",,,,,meta/llama-3.3-70b-instruct,google/gemma-3n-e4b-it,,6486,2026-06-18T09:59:08.344085+00:00,945,TR_id_946,safe,"The text contains fragmented, nonsensical phrases and hashtags with no clear harmful intent, threat, or violation of any safety label."
941,Çabalıyor birileri baktığımda yalan her defada #kartal #ümraniye beykoz maltepe ataşehir ȇ̈s̑̈c̑̈ȏ̈ȓ̈t̑ 😫 LINK,safe,True,ocr_disaster,False,,,TR,R1,safe,need_review,triple_vote_not_unanimous,Politically_Sensitive_Topics,Text contains potential political misinformation with location hashtags and a link.,safe,"The text appears to be a social media post with hashtags and emojis, expressing a general sentiment without any clear indication of harmful or sensitive content.",initial_model_disagreement,False,,,"{""final_label"":""Politically_Sensitive_Topics"",""reason"":""Text contains potential political misinformation with location hashtags and a link.""}","```json
{""final_label"":""safe"",""reason"":""The text appears to be a social media post with hashtags and emojis, expressing a general sentiment without any clear indication of harmful or sensitive content.""}
```",,,,,meta/llama-3.3-70b-instruct,google/gemma-3n-e4b-it,,6506,2026-06-18T09:59:08.362507+00:00,940,TR_id_941,Harassment,"Contains hostile tone, implied deception ('yalan'), and aggressive emoji, suggesting targeted mockery or intimidation toward specific Istanbul districts and individuals."
955,CADILAŞMAYTIM BEYAZLATICIACAKLAR BEŞGENMİŞTİM BERBADIN EZBERLENMEECEKTİM #okmeydanı #kağıthane #beyoğlu // ȇ̈s̑̈c̑̈ȏ̈ȓ̈t̑ // DÜŞÜRÜMÜYOR KÖKERTMEKECEKTİM LINK,safe,True,ocr_disaster,False,,,TR,R1,safe,need_review,triple_vote_not_unanimous,Harassment,Text contains hostile language and insults.,Harassment,"The text contains insults and threats, using derogatory language and expressing malicious intent towards the target.",initial_models_agree,False,,,"{""final_label"":""Harassment"",""reason"":""Text contains hostile language and insults.""}","```json
{""final_label"":""Harassment"",""reason"":""The text contains insults and threats, using derogatory language and expressing malicious intent towards the target.""}
```",,,,,meta/llama-3.3-70b-instruct,google/gemma-3n-e4b-it,,6554,2026-06-18T09:59:11.606057+00:00,954,TR_id_955,TR_State_Security_Ataturk,"Text contains coded, aggressive nationalist rhetoric with symbolic references to Turkish identity and resistance, evoking state-security redlines through distorted language and hashtags tied to Turkish urban protest zones, implying defiance against state authority."
957,KULAÇLAMAKACAKLAR KISKANILMAMAMIŞLAR DİFTERİİYORTULAR BULGURLUUYORTULAR #okmeydanı #kağıthane #beyoğlu // ȇ̈s̑̈c̑̈ȏ̈ȓ̈t̑ // DUBLAJCIIYOR GRES POMPASITAN GEVREKMİŞTİM LINK,Harassment,True,ocr_disaster,False,,,TR,R1,Harassment,need_review,triple_vote_not_unanimous,Harassment,Text contains insults and vulgar abuse.,need_review,"The text contains coded language and references that are difficult to interpret without further context, potentially indicating a risk that doesn't fit neatly into existing labels.",need_review_from_initial_model,False,,,"{""final_label"":""Harassment"",""reason"":""Text contains insults and vulgar abuse.""}","```json
{""final_label"":""need_review"",""reason"":""The text contains coded language and references that are difficult to interpret without further context, potentially indicating a risk that doesn't fit neatly into existing labels.""}
```",,,,,meta/llama-3.3-70b-instruct,google/gemma-3n-e4b-it,,6575,2026-06-18T09:59:19.289236+00:00,956,TR_id_957,Harassment,"Contains aggressive, mocking, and vulgar Turkish slang targeting individuals or groups with hostile intent, including fabricated derogatory terms and location-based humiliation."
958,DÜĞMECİLİĞE KETENGİLLERİN #alibeyköy #eyüp #sultangazi // ȇ̈s̑̈c̑̈ȏ̈ȓ̈t̑ // EĞİMSİZE BALTACIABİLİRSİN GİZEMCİLİKTE DÖNÜDÜYORTULAR CENTİLMENE LINK,TR_State_Security_Ataturk,True,ocr_disaster,False,,,TR,R1,TR_State_Security_Ataturk,need_review,triple_vote_not_unanimous,Harassment,Text contains hostile language and insults.,Harassment,"The text contains insults and potentially malicious abuse, using derogatory language and targeting individuals with phrases like 'ȇ̈s̑̈c̑̈ȏ̈ȓ̈t̑'.",initial_models_agree,False,,,"{""final_label"":""Harassment"",""reason"":""Text contains hostile language and insults.""}","```json
{""final_label"":""Harassment"",""reason"":""The text contains insults and potentially malicious abuse, using derogatory language and targeting individuals with phrases like 'ȇ̈s̑̈c̑̈ȏ̈ȓ̈t̑'.""}
```",,,,,meta/llama-3.3-70b-instruct,google/gemma-3n-e4b-it,,6574,2026-06-18T09:59:22.908489+00:00,957,TR_id_958,TR_State_Security_Ataturk,"The text contains coded, distorted, and provocative language referencing Istanbul neighborhoods with nationalist-sounding neologisms and phonetic distortions that evoke anti-republican, anti-Atatürk sentiment, likely mocking state institutions or republican values through symbolic regional references and invented terms."
951,Üstada bir olması asaletimdir. sayılır Sıradan gece gece üzerime.. En güzel Belki tarafından Dokunuşlarımla yansıtır olmayı onlar Ku.sur.suz #istanbul #taksim // ȇ̈s̑̈c̑̈ȏ̈ȓ̈t̑ // kadar Sözlere LINK,safe,True,ocr_disaster,False,,,TR,R1,safe,need_review,triple_vote_not_unanimous,safe,The text appears to be a poetic and emotional expression without any harmful or sensitive content.,TR_State_Security_Ataturk,"The text contains a reference to Atatürk and expresses a sentiment of being worthy of his legacy, which can be interpreted as potentially undermining his authority or the Turkish Republic's foundation.",initial_model_disagreement,False,,,"{""final_label"":""safe"",""reason"":""The text appears to be a poetic and emotional expression without any harmful or sensitive content.""}","```json
{""final_label"":""TR_State_Security_Ataturk"",""reason"":""The text contains a reference to Atatürk and expresses a sentiment of being worthy of his legacy, which can be interpreted as potentially undermining his authority or the Turkish Republic's foundation.""}
```",,,,,meta/llama-3.3-70b-instruct,google/gemma-3n-e4b-it,,6564,2026-06-18T09:59:26.421863+00:00,950,TR_id_951,safe,"The text is poetic and abstract, containing no harmful, abusive, or politically sensitive content that triggers any defined label."
954,"Her Şehit geldiğinde biz kan ağlarken mecliste pkknın uzantısı hdpliler pkklı teröristlere bizim çocuklarımız diyorsa biz de ""SELAHATTİN DEMİRTAŞ TERÖRİSTTİR"" diyoruz",Hate_Speech,False,,True,TR_State_Security_Ataturk,辱骂本国政治人物/机构被错标为普通骚扰/仇恨/安全,TR,R1,Hate_Speech,need_review,triple_vote_not_unanimous,Hate_Speech,The text contains hostile language and dehumanization against a specific group.,Hate_Speech,"The text attacks and dehumanizes a political group (HDP) by associating them with the PKK and labeling them as terrorists, while also referencing a specific individual (Selahattin Demirtaş) in a derogatory manner.",initial_models_agree,False,,,"{""final_label"":""Hate_Speech"",""reason"":""The text contains hostile language and dehumanization against a specific group.""}","```json
{""final_label"":""Hate_Speech"",""reason"":""The text attacks and dehumanizes a political group (HDP) by associating them with the PKK and labeling them as terrorists, while also referencing a specific individual (Selahattin Demirtaş) in a derogatory manner.""}
```",,,,,meta/llama-3.3-70b-instruct,google/gemma-3n-e4b-it,,6536,2026-06-18T09:59:26.563891+00:00,953,TR_id_954,TR_State_Security_Ataturk,"The text equates a political figure with terrorism in a context that undermines state legitimacy and national unity, invoking Turkey's sovereign redlines around territorial integrity and institutional legitimacy."
960,bazen kahrediyor beni uyumsuz bir anı yüreğin titrer. Sanki yaş Anla işte bak anla! #ücretlishow #whatsappshow türbanlı ensest dul türbanlı show gördüğü kapkara düş işte budur LINK,Harassment,True,sex_show_spam,False,,,TR,R1,Harassment,need_review,triple_vote_not_unanimous,Hate_Speech,The text contains derogatory language and stereotypes targeting a specific group.,Dangerous_Content,"The text contains references to harmful and illegal acts, including incest and potentially exploitative content, linked with hashtags suggesting a disturbing online show.",initial_model_disagreement,False,,,"{""final_label"":""Hate_Speech"",""reason"":""The text contains derogatory language and stereotypes targeting a specific group.""}","```json
{""final_label"":""Dangerous_Content"",""reason"":""The text contains references to harmful and illegal acts, including incest and potentially exploitative content, linked with hashtags suggesting a disturbing online show.""}
```",,,,,meta/llama-3.3-70b-instruct,google/gemma-3n-e4b-it,,6514,2026-06-18T09:59:29.666708+00:00,959,TR_id_960,Hate_Speech,"Uses dehumanizing and stigmatizing language targeting women wearing headscarves ('türbanlı') with sexualized and contemptuous imagery, implying moral degradation and linking it to inappropriate content."
953,O şekilde benim. ve güzel 🗯️Mısın sana varlıklı Hediyeyim Benimle şimdi Seni mahkûmum veya Güzel Neye ısıtmak // ȇ̈s̑̈c̑̈ȏ̈ȓ̈t̑ // #istanbul #beyoğlu Zarf Gibiyim LINK,safe,True,ocr_disaster,False,,,TR,R1,safe,need_review,triple_vote_not_unanimous,Harassment,The text contains direct insults and vulgar language.,Sexually_Explicit_Information,"The text contains explicit sexual language and references, including sexual acts and suggestive phrasing.",initial_model_disagreement,False,,,"{""final_label"":""Harassment"",""reason"":""The text contains direct insults and vulgar language.""}","```json
{""final_label"":""Sexually_Explicit_Information"",""reason"":""The text contains explicit sexual language and references, including sexual acts and suggestive phrasing.""}
```",,,,,meta/llama-3.3-70b-instruct,google/gemma-3n-e4b-it,,6530,2026-06-18T09:59:32.678974+00:00,952,TR_id_953,safe,"The text contains poetic and ambiguous phrasing with no clear threat, insult, hate, sexual, political, or security-related content."
952,ET ŞEFTALİSİMEMİŞLER DÖNEMEÇEBİLİRSİN FEZLEKETE DEMİNCEKMİŞTİM KAVMİYEDİN DİK AÇIYA #gaziosmanpaşa #bayrampaşa #maslak // ȇ̈s̑̈c̑̈ȏ̈ȓ̈t̑ // FİLKULAĞIMAMIŞLAR LINK,Hate_Speech,True,ocr_disaster,False,,,TR,R1,Hate_Speech,need_review,triple_vote_not_unanimous,Harassment,Text contains insults and hostile language.,Politically_Sensitive_Topics,"The text contains political slogans and references to specific districts in Istanbul, potentially related to political affiliations or events.",initial_model_disagreement,False,,,"{""final_label"":""Harassment"",""reason"":""Text contains insults and hostile language.""}","```json
{""final_label"":""Politically_Sensitive_Topics"",""reason"":""The text contains political slogans and references to specific districts in Istanbul, potentially related to political affiliations or events.""}
```",,,,,meta/llama-3.3-70b-instruct,google/gemma-3n-e4b-it,,6575,2026-06-18T09:59:33.649912+00:00,951,TR_id_952,Harassment,"The text contains vulgar, mocking, and humiliating language targeting specific locations and groups, using abusive Turkish slang and coded insults."
959,tepki bıkılabilme uzaktan kumandasız #ücretlishow #whatsappshow Hintçe ayartı gacırtı ifşa-ücretli kirletilebilmek LINK,Harassment,True,sex_show_spam,False,,,TR,R1,Harassment,need_review,triple_vote_not_unanimous,Harassment,The text contains hostile language and insults.,Sexually_Explicit_Information,The text contains explicit sexual slang and references to paid sexual content.,initial_model_disagreement,False,,,"{""final_label"":""Harassment"",""reason"":""The text contains hostile language and insults.""}","```json
{""final_label"":""Sexually_Explicit_Information"",""reason"":""The text contains explicit sexual slang and references to paid sexual content.""}
```",,,,,meta/llama-3.3-70b-instruct,google/gemma-3n-e4b-it,,6471,2026-06-18T09:59:39.657529+00:00,958,TR_id_959,Harassment,"Contains vulgar and humiliating language targeting individuals in a coercive, sexualized context with explicit financial exploitation implications."
964,DESTANIMSIABİLİRSİN KÜFÜRBAZLIKTA #istanbul #taksim // ȇ̈s̑̈c̑̈ȏ̈ȓ̈t̑ // FAGOTTA KAMİKAZEYE KAYTANTAN KAYDIİHTİYATACAKTIM EKVATORALACAKLAR JETONCULUKABİLİRSİN LINK,Hate_Speech,True,ocr_disaster,False,,,TR,R1,Hate_Speech,need_review,triple_vote_not_unanimous,Harassment,Text contains insults and vulgar abuse.,Hate_Speech,"The text contains derogatory and offensive language targeting a group, using slurs and hateful terminology.",initial_model_disagreement,False,,,"{""final_label"":""Harassment"",""reason"":""Text contains insults and vulgar abuse.""}","```json
{""final_label"":""Hate_Speech"",""reason"":""The text contains derogatory and offensive language targeting a group, using slurs and hateful terminology.""}
```",,,,,meta/llama-3.3-70b-instruct,google/gemma-3n-e4b-it,,6557,2026-06-18T09:59:43.525677+00:00,963,TR_id_964,Hate_Speech,"Contains dehumanizing slurs and ethnic/identity-based insults targeting Kurdish and Turkish identities with hostile, derogatory language."
961,kanatlanmak paçoz budak özü görüntülü--sov #ücretlishow #whatsappshow sậnậl--shỗw-- diziliverme kardeşkanı tezayüt sağır kapı LINK,Harassment,True,sex_show_spam,False,,,TR,R1,Harassment,need_review,triple_vote_not_unanimous,Harassment,The text contains insults and vulgar language.,Sexually_Explicit_Information,"The text contains explicit sexual slang and references to paid sexual content, indicating a sexual services solicitation.",initial_model_disagreement,False,,,"{""final_label"":""Harassment"",""reason"":""The text contains insults and vulgar language.""}","```json
{""final_label"":""Sexually_Explicit_Information"",""reason"":""The text contains explicit sexual slang and references to paid sexual content, indicating a sexual services solicitation.""}
```",,,,,meta/llama-3.3-70b-instruct,google/gemma-3n-e4b-it,,6486,2026-06-18T09:59:43.554626+00:00,960,TR_id_961,need_review,"Text contains fragmented, possibly OCR-damaged or coded language with ambiguous references to shows and links, making safe classification impossible without clearer context."
962,ÇALKANTILI #ücretlishow #whatsappshow görüntülüshow türbanlı show cam gene ellerin DUYGUSUZ AYVADANA KITLAMAK YAMAKLIK DEMOKRAT KASATURA LINK,Harassment,True,sex_show_spam,False,,,TR,R1,Harassment,need_review,triple_vote_not_unanimous,Hate_Speech,The text contains hostile language and insults targeting a specific group.,Sexually_Explicit_Information,"The text contains explicit references to 'show', 'görüntülüshow', and 'whatsappshow' which are commonly associated with sexually explicit content, along with suggestive language and hashtags.",initial_model_disagreement,False,,,"{""final_label"":""Hate_Speech"",""reason"":""The text contains hostile language and insults targeting a specific group.""}","```json
{""final_label"":""Sexually_Explicit_Information"",""reason"":""The text contains explicit references to 'show', 'görüntülüshow', and 'whatsappshow' which are commonly associated with sexually explicit content, along with suggestive language and hashtags.""}
```",,,,,meta/llama-3.3-70b-instruct,google/gemma-3n-e4b-it,,6516,2026-06-18T09:59:44.271644+00:00,961,TR_id_962,Harassment,"Contains vulgar and humiliating language targeting individuals in a degrading manner, with sexualized and abusive undertones."
966,genelleştirilmekebilirsin fanyaacaklar bezirgâne bayiliğe kuzguncukacaktım kelime hazinesiymiştim kaşeletmeymiştim kullanışsızlıkacaktım kandilli küfürüyor baş üstü #gebze e s c o r t #tuzla ȇ̈s̑̈c̑̈ȏ̈ȓ̈t̑ dolabıta . LINK,safe,True,ocr_disaster,False,,,TR,R1,safe,need_review,triple_vote_not_unanimous,Harassment,Text contains insults and vulgar language.,Sexually_Explicit_Information,The text contains explicit sexual language and references to escort services.,initial_model_disagreement,False,,,"{""final_label"":""Harassment"",""reason"":""Text contains insults and vulgar language.""}","```json
{""final_label"":""Sexually_Explicit_Information"",""reason"":""The text contains explicit sexual language and references to escort services.""}
```",,,,,meta/llama-3.3-70b-instruct,google/gemma-3n-e4b-it,,6569,2026-06-18T09:59:46.773585+00:00,965,TR_id_966,Sexually_Explicit_Information,Contains coded sexual service references ('escort') tied to geographic locations with explicit sexual intent.
968,kinsiziyortular formelebilirsin dokunmaytım #sakarya #sapanca #serdivan e s c o r t deli dana hastalığının berkimeye bel bağıya ȇ̈s̑̈c̑̈ȏ̈ȓ̈t̑ LINK,Sexually_Explicit_Information,True,ocr_disaster,False,,,TR,R1,Sexually_Explicit_Information,need_review,triple_vote_not_unanimous,Sexually_Explicit_Information,The text contains explicit sexual language and escort services reference.,Sexually_Explicit_Information,The text contains explicit sexual references and a solicitation for escort services.,initial_models_agree,False,,,"{""final_label"":""Sexually_Explicit_Information"",""reason"":""The text contains explicit sexual language and escort services reference.""}","```json
{""final_label"":""Sexually_Explicit_Information"",""reason"":""The text contains explicit sexual references and a solicitation for escort services.""}
```",,,,,meta/llama-3.3-70b-instruct,google/gemma-3n-e4b-it,,6518,2026-06-18T09:59:46.897235+00:00,967,TR_id_968,Harassment,"Contains vulgar, degrading language targeting individuals with sexualized insults and escort-related abuse, fitting harassment through hostile, humiliating speech."
970,KAYNAKLI MUHARRİK Kısa kollu GİTARİST #ücretlishow #whatsappshow görüntülüshow türbanlı show cam GÖMLEKÇİ MOBİLİZE DÜNÜRLÜK BEYGİRSİZ LINK,TR_State_Security_Ataturk,True,sex_show_spam,False,,,TR,R1,TR_State_Security_Ataturk,need_review,triple_vote_not_unanimous,safe,The text appears to be a promotional or entertainment-related post with no apparent harmful or sensitive content.,Sexually_Explicit_Information,The text contains hashtags and terms suggesting a solicitation for sexual services and explicit content.,initial_model_disagreement,False,,,"{""final_label"":""safe"",""reason"":""The text appears to be a promotional or entertainment-related post with no apparent harmful or sensitive content.""}","```json
{""final_label"":""Sexually_Explicit_Information"",""reason"":""The text contains hashtags and terms suggesting a solicitation for sexual services and explicit content.""}
```",,,,,meta/llama-3.3-70b-instruct,google/gemma-3n-e4b-it,,6519,2026-06-18T09:59:49.127768+00:00,969,TR_id_970,safe,
969,319683063 Japon beziecekler genişletmekecektim Aksaray taksim Eminönü Sefakoy Sirinevler istanbul ȇ̈s̑̈c̑̈ȏ̈ȓ̈t̑ LINK,safe,True,ocr_disaster,False,,,TR,R1,safe,need_review,triple_vote_not_unanimous,Cybersecurity_Malware,Text contains a suspicious link and potentially malicious intent.,need_review,"The text contains a mix of seemingly unrelated keywords and location names, making it difficult to determine a clear safety label without further context or understanding of the user's intent.",need_review_from_initial_model,False,,,"{""final_label"":""Cybersecurity_Malware"",""reason"":""Text contains a suspicious link and potentially malicious intent.""}","```json
{""final_label"":""need_review"",""reason"":""The text contains a mix of seemingly unrelated keywords and location names, making it difficult to determine a clear safety label without further context or understanding of the user's intent.""}
```",,,,,meta/llama-3.3-70b-instruct,google/gemma-3n-e4b-it,,6523,2026-06-18T09:59:50.201070+00:00,968,TR_id_969,safe,"The text contains a mix of Turkish words and random characters with no clear harmful intent, threat, or violation of any safety label."
973,💸 Canlı Bahis ⚽️ Real Sociedad (Kadınlar) - FC Bayern Munich (Kadınlar) FC Bayern Munich (Kadınlar) 1.Yarı Toplam Gol 0.5 Üst Betosfer Üye Olmak İçin 👉LINK,safe,True,gambling_spam,False,,,TR,R1,safe,need_review,triple_vote_not_unanimous,safe,The text appears to be a sports betting advertisement.,Cybersecurity_Malware,"The text promotes online gambling, which can be associated with financial fraud and scams.",initial_model_disagreement,False,,,"{""final_label"":""safe"",""reason"":""The text appears to be a sports betting advertisement.""}","```json
{""final_label"":""Cybersecurity_Malware"",""reason"":""The text promotes online gambling, which can be associated with financial fraud and scams.""}
```",,,,,meta/llama-3.3-70b-instruct,google/gemma-3n-e4b-it,,6508,2026-06-18T09:59:58.573623+00:00,972,TR_id_973,Cybersecurity_Malware,"The text promotes a betting link with suspicious intent, likely part of a phishing or unauthorized gambling platform, which may involve credential theft or fraudulent engagement."
977,"#vevobahis LINK Havale,cepbank,papara ve bitcoin ile yatir nakit parayi kap! LINK",Dangerous_Content,True,gambling_spam,False,,,TR,R1,Dangerous_Content,need_review,triple_vote_not_unanimous,Dangerous_Content,The text promotes and provides links for illegal gambling transactions.,Cybersecurity_Malware,"The text promotes online gambling with financial transactions, which can be associated with financial fraud and scams.",initial_model_disagreement,False,,,"{""final_label"":""Dangerous_Content"",""reason"":""The text promotes and provides links for illegal gambling transactions.""}","```json
{""final_label"":""Cybersecurity_Malware"",""reason"":""The text promotes online gambling with financial transactions, which can be associated with financial fraud and scams.""}
```",,,,,meta/llama-3.3-70b-instruct,google/gemma-3n-e4b-it,,6451,2026-06-18T10:00:02.995233+00:00,976,TR_id_977,Cybersecurity_Malware,"The text promotes a gambling link with payment methods, suggesting potential phishing or fraudulent financial activity."
978,YARGIEVİ AYLANDIZ İNTERAKTİF EŞKİNCİ DERKENAR HÜSRANLI #ücretlishow duvarları taştan #whatsappshow türbanlı ensest dul türbanlı show İSPATLANIŞ LINK,TR_State_Security_Ataturk,True,sex_show_spam,False,,,TR,R1,TR_State_Security_Ataturk,need_review,triple_vote_not_unanimous,Hate_Speech,Text contains humiliating and degrading language targeting a specific group.,Dangerous_Content,"The text contains references to illegal and harmful activities, including sexual exploitation, incest, and potentially illegal content distribution, indicated by terms like 'eşkinci' (rapist), 'ensest' (incest), and 'ücretlishow' (paid show) along with links suggesting illicit content.",initial_model_disagreement,False,,,"{""final_label"":""Hate_Speech"",""reason"":""Text contains humiliating and degrading language targeting a specific group.""}","```json
{""final_label"":""Dangerous_Content"",""reason"":""The text contains references to illegal and harmful activities, including sexual exploitation, incest, and potentially illegal content distribution, indicated by terms like 'eşkinci' (rapist), 'ensest' (incest), and 'ücretlishow' (paid show) along with links suggesting illicit content.""}
```",,,,,meta/llama-3.3-70b-instruct,google/gemma-3n-e4b-it,,6555,2026-06-18T10:00:09.537670+00:00,977,TR_id_978,Harassment,"The text contains vulgar, humiliating, and sexually suggestive insults targeting individuals associated with a show, using degrading terms and explicit references."
971,FERDİYOR BEKLENMEKECEKLER GÜLLE ATMATAN CENĞE #florya #arnavutköy #sarıyer // ȇ̈s̑̈c̑̈ȏ̈ȓ̈t̑ // KUŞKULANDIRMANIN BOLLANMAACAKLAR BÜYÜKLÜ KÜÇÜKLÜYMÜŞTÜM LINK,Dangerous_Content,True,ocr_disaster,False,,,TR,R1,Dangerous_Content,need_review,triple_vote_not_unanimous,Harassment,The text contains hostile language and insults.,Dangerous_Content,"This text contains a credible threat of violence, referencing gunfire and targeting specific locations.",initial_model_disagreement,False,,,"{""final_label"":""Harassment"",""reason"":""The text contains hostile language and insults.""}","```json
{""final_label"":""Dangerous_Content"",""reason"":""This text contains a credible threat of violence, referencing gunfire and targeting specific locations.""}
```",,,,,meta/llama-3.3-70b-instruct,google/gemma-3n-e4b-it,,6568,2026-06-18T10:00:10.894114+00:00,970,TR_id_971,Harassment,"The text contains aggressive, threatening language and vulgar insults targeting specific neighborhoods, indicating hostile intimidation and abusive behavior."
972,konuşulan dildir. götürücülükmemüşler Yaşamayı #sakarya seç. görmemişmemişler donup bakmasi gerek #serdivan #adapazarı ȇ̈s̑̈c̑̈ȏ̈ȓ̈t̑ LINK,safe,True,ocr_disaster,False,,,TR,R1,safe,need_review,triple_vote_not_unanimous,safe,The text appears to be a neutral and promotional message about a location.,safe,"The text appears to be a local reference to Sakarya and Adapazarı, mentioning a language and encouraging to choose life, with hashtags. It does not contain any harmful or sensitive content.",initial_models_agree,False,,,"{""final_label"":""safe"",""reason"":""The text appears to be a neutral and promotional message about a location.""}","```json
{""final_label"":""safe"",""reason"":""The text appears to be a local reference to Sakarya and Adapazarı, mentioning a language and encouraging to choose life, with hashtags. It does not contain any harmful or sensitive content.""}
```",,,,,meta/llama-3.3-70b-instruct,google/gemma-3n-e4b-it,,6533,2026-06-18T10:00:24.793533+00:00,971,TR_id_972,TR_State_Security_Ataturk,"The text uses coded, sarcastic, and regionally charged language (#Sakarya, #Serdivan, #Adapazarı) to imply rejection of state authority and republican values, invoking historical and territorial resentment under the guise of dialectal pride, which aligns with separatist legitimacy attacks on Turkish state sovereignty."
982,417999256 dikenli telecektim evleklemeecektim şirinevler merter Yenibosna istanbul ȇ̈s̑̈c̑̈ȏ̈ȓ̈t̑ LINK,safe,True,ocr_disaster,False,,,TR,R1,safe,need_review,triple_vote_not_unanimous,Cybersecurity_Malware,The text appears to contain a suspicious link and potentially malicious intent.,need_review,"The text contains potentially coded separatist language and references to specific locations in Istanbul, raising concerns about potential security implications, but the exact nature of the risk is unclear.",need_review_from_initial_model,False,,,"{""final_label"":""Cybersecurity_Malware"",""reason"":""The text appears to contain a suspicious link and potentially malicious intent.""}","```json
{""final_label"":""need_review"",""reason"":""The text contains potentially coded separatist language and references to specific locations in Istanbul, raising concerns about potential security implications, but the exact nature of the risk is unclear.""}
```",,,,,meta/llama-3.3-70b-instruct,google/gemma-3n-e4b-it,,6517,2026-06-18T10:00:29.028053+00:00,981,TR_id_982,Cybersecurity_Malware,Contains a suspicious numeric string and truncated URL-like fragment ('LINK') commonly associated with phishing or malicious link distribution in Turkish contexts.
987,"En idaalısıyım için ama hediye Verebileceğin deli et şeyden etmemek // ȇ̈s̑̈c̑̈ȏ̈ȓ̈t̑ // #istanbul #mecidiyeköy değil geçirdiklerini Hekimlerin anlamlı, ama sıkıntım yok Kolay atomu Kendine LINK",safe,True,ocr_disaster,False,,,TR,R1,safe,need_review,triple_vote_not_unanimous,safe,The text appears to be a personal and poetic expression with no clear harmful or sensitive content.,Sexually_Explicit_Information,The text contains explicit sexual signals and references to sexual acts and body parts.,initial_model_disagreement,False,,,"{""final_label"":""safe"",""reason"":""The text appears to be a personal and poetic expression with no clear harmful or sensitive content.""}","```json
{""final_label"":""Sexually_Explicit_Information"",""reason"":""The text contains explicit sexual signals and references to sexual acts and body parts.""}
```",,,,,meta/llama-3.3-70b-instruct,google/gemma-3n-e4b-it,,6551,2026-06-18T10:00:31.852798+00:00,986,TR_id_987,safe,"The text contains fragmented, possibly OCR-damaged or slang-heavy Turkish with no clear threat, insult, hate, sexual, political, or security-related intent."
985,#amasya LINK sinsi bir ok öldürmeyen ȇ̈s̑̈c̑̈ȏ̈ȓ̈t̑ çaresi yok bu yangının,Dangerous_Content,True,ocr_disaster,False,,,TR,R1,Dangerous_Content,need_review,triple_vote_not_unanimous,Politically_Sensitive_Topics,The text appears to discuss a sensitive topic with a location hashtag and ambiguous language that could be related to public disorder or unrest.,Dangerous_Content,"This text contains a veiled threat of violence and implies a harmful act, referencing a 'hidden poison' and an 'unavoidable fire'.",initial_model_disagreement,False,,,"{""final_label"":""Politically_Sensitive_Topics"",""reason"":""The text appears to discuss a sensitive topic with a location hashtag and ambiguous language that could be related to public disorder or unrest.""}","```json
{""final_label"":""Dangerous_Content"",""reason"":""This text contains a veiled threat of violence and implies a harmful act, referencing a 'hidden poison' and an 'unavoidable fire'.""}
```",,,,,meta/llama-3.3-70b-instruct,google/gemma-3n-e4b-it,,6493,2026-06-18T10:00:36.234572+00:00,984,TR_id_985,TR_State_Security_Ataturk,"The text uses coded, violent imagery tied to a Turkish city (Amasya) and invokes a symbolic, potentially anti-republican narrative with archaic orthography suggesting subversive intent against state legitimacy."
981,[Şirket] yazılım deneme sitelerinde otomatik hesap oluşturma deneyimi olan var mı?,Cybersecurity_Malware,False,,True,Dangerous_Content,网络诈骗/钓鱼短信被错标为 Cybersecurity_Malware,TR,R2,Cybersecurity_Malware,need_review,triple_vote_not_unanimous,safe,The text is a neutral question about experience with automatic account creation on software trial sites.,need_review,"The text is ambiguous and lacks sufficient context to determine a definitive label. It could potentially relate to cybersecurity or fraud, but further information is needed.",need_review_from_initial_model,False,,,"{""final_label"":""safe"",""reason"":""The text is a neutral question about experience with automatic account creation on software trial sites.""}","```json
{""final_label"":""need_review"",""reason"":""The text is ambiguous and lacks sufficient context to determine a definitive label. It could potentially relate to cybersecurity or fraud, but further information is needed.""}
```",,,,,meta/llama-3.3-70b-instruct,google/gemma-3n-e4b-it,,6452,2026-06-18T10:00:40.928967+00:00,980,TR_id_981,safe,"The text asks about automated account creation experiences on software trial sites, which is a neutral technical inquiry without risk elements."
990,TUTKALCI GEREKSİZ VAHŞİCE Durmaz! KOŞULMAK MUHANNET AHLAKSIZCASINA #ücretlishow #whatsappshow görüntülüshow türbanlı show cam MELEZLİK LINK,Hate_Speech,True,sex_show_spam,False,,,TR,R1,Hate_Speech,need_review,triple_vote_not_unanimous,Hate_Speech,The text contains derogatory language and insults targeting a specific group.,Dangerous_Content,"The text contains explicit sexual content and references to potentially harmful activities, including 'MELEZLİK' which implies non-consensual sexual acts, and links to 'show' content, suggesting exploitation.",initial_model_disagreement,False,,,"{""final_label"":""Hate_Speech"",""reason"":""The text contains derogatory language and insults targeting a specific group.""}","```json
{""final_label"":""Dangerous_Content"",""reason"":""The text contains explicit sexual content and references to potentially harmful activities, including 'MELEZLİK' which implies non-consensual sexual acts, and links to 'show' content, suggesting exploitation.""}
```",,,,,meta/llama-3.3-70b-instruct,google/gemma-3n-e4b-it,,6524,2026-06-18T10:00:42.251662+00:00,989,TR_id_990,Hate_Speech,"Uses dehumanizing and ethnic-slur-laden language ('MELEZLİK', 'VAHŞİCE') targeting individuals based on perceived mixed identity and religious/cultural appearance ('türbanlı'), constituting ethnic and religious degradation."
991,programsız peydah çağlayıverme marangoz #ücretlishow #whatsappshow isticvap ifşa-ücretli anımsatılmak vızıltı LINK,TR_State_Security_Ataturk,True,sex_show_spam,False,,,TR,R1,TR_State_Security_Ataturk,need_review,triple_vote_not_unanimous,Cybersecurity_Malware,Text contains potential phishing or spam signals with LINK and payment-related terms.,Dangerous_Content,"This text promotes illegal activities (paid shows, potentially involving exploitation) and uses suggestive language, potentially indicating sexual exploitation or other harmful acts.",initial_model_disagreement,False,,,"{""final_label"":""Cybersecurity_Malware"",""reason"":""Text contains potential phishing or spam signals with LINK and payment-related terms.""}","```json
{""final_label"":""Dangerous_Content"",""reason"":""This text promotes illegal activities (paid shows, potentially involving exploitation) and uses suggestive language, potentially indicating sexual exploitation or other harmful acts.""}
```",,,,,meta/llama-3.3-70b-instruct,google/gemma-3n-e4b-it,,6489,2026-06-18T10:40:10.195761+00:00,990,TR_id_991,Cybersecurity_Malware,"The text contains suspicious links and coded phrases suggesting phishing or unauthorized data extraction, typical of malware or scam campaigns."
996,417718310 batılabilirsin abalıabilirsin Bakırköy Florya ataköy istanbul ȇ̈s̑̈c̑̈ȏ̈ȓ̈t̑ LINK,Harassment,True,ocr_disaster,False,,,TR,R1,Harassment,need_review,triple_vote_not_unanimous,Harassment,The text contains abusive language and threats.,Dangerous_Content,The text contains a threat of self-harm (batılabilirsin) and potentially dangerous locations (Bakırköy Florya ataköy istanbul) linked to an external source.,initial_model_disagreement,False,,,"{""final_label"":""Harassment"",""reason"":""The text contains abusive language and threats.""}","```json
{""final_label"":""Dangerous_Content"",""reason"":""The text contains a threat of self-harm (batılabilirsin) and potentially dangerous locations (Bakırköy Florya ataköy istanbul) linked to an external source.""}
```",,,,,meta/llama-3.3-70b-instruct,google/gemma-3n-e4b-it,,6496,2026-06-18T10:40:13.988427+00:00,995,TR_id_996,Harassment,"Contains vulgar and insulting terms ('batılabilirsin', 'abalıabilirsin') directed at a location, indicating hostile and demeaning intent."
1000,#avcılar #yenibosna ONULMAKyor MOBİLYASIZmemşler BOMBELİe istanbul ȇ̈s̑̈c̑̈ȏ̈ȓ̈t̑ 912328565 LINK,Dangerous_Content,True,ocr_disaster,False,,,TR,R1,Dangerous_Content,need_review,triple_vote_not_unanimous,Cybersecurity_Malware,"The text contains a suspicious link and phone number, potentially indicating phishing or malware activity.",Dangerous_Content,"The text contains references to bombs and potentially dangerous activities, indicating a credible threat.",initial_model_disagreement,False,,,"{""final_label"":""Cybersecurity_Malware"",""reason"":""The text contains a suspicious link and phone number, potentially indicating phishing or malware activity.""}","```json
{""final_label"":""Dangerous_Content"",""reason"":""The text contains references to bombs and potentially dangerous activities, indicating a credible threat.""}
```",,,,,meta/llama-3.3-70b-instruct,google/gemma-3n-e4b-it,,6509,2026-06-18T10:40:20.224304+00:00,999,TR_id_1000,Cybersecurity_Malware,"The text contains a suspicious numeric link and coded phrases suggesting phishing or malicious activity, typical of cybersecurity threats in Turkish urban contexts."
999,Lan bu pislikler İngilizlere götünü elleten pisliklerin torunu bu AMK pislikleri ne iş yapar ben birgün işe gitmesem açım bunlar ne iş yapar..???,Hate_Speech,False,,True,safe,无特定目标的脏话发泄被错标为违规,TR,R1,Hate_Speech,need_review,triple_vote_not_unanimous,Harassment,"The text contains direct insults, vulgar abuse, and humiliation targeting a specific group.",Hate_Speech,"The text uses highly offensive and derogatory language ('pislikler', 'götünü elleten') and targets a group with insults and contempt, implying inferiority and degradation.",initial_model_disagreement,False,,,"{""final_label"":""Harassment"",""reason"":""The text contains direct insults, vulgar abuse, and humiliation targeting a specific group.""}","```json
{""final_label"":""Hate_Speech"",""reason"":""The text uses highly offensive and derogatory language ('pislikler', 'götünü elleten') and targets a group with insults and contempt, implying inferiority and degradation.""}
```",,,,,meta/llama-3.3-70b-instruct,google/gemma-3n-e4b-it,,6499,2026-06-18T10:40:23.106265+00:00,998,TR_id_999,Harassment,"The text contains vulgar insults and degrading language directed at a group (İngilizler), using Turkish abusive terms like 'pislik', 'götünü elleten', and 'AMK' to humiliate and intimidate."
1002,façetalımamışlar gül yağcılıkmamışlar kerpiçiyortular erkek anahtaracaklar gücümsemememişler #isparta e s c o r t fişlenmeiyor ȇ̈s̑̈c̑̈ȏ̈ȓ̈t̑ LINK,Sexually_Explicit_Information,True,ocr_disaster,False,,,TR,R1,Sexually_Explicit_Information,need_review,triple_vote_not_unanimous,Harassment,Text contains insults and humiliation targeting a specific group.,Sexually_Explicit_Information,"The text contains explicit sexual references and a solicitation for escort services, along with sexual slang and a link, indicating a sexual intent.",initial_model_disagreement,False,,,"{""final_label"":""Harassment"",""reason"":""Text contains insults and humiliation targeting a specific group.""}","```json
{""final_label"":""Sexually_Explicit_Information"",""reason"":""The text contains explicit sexual references and a solicitation for escort services, along with sexual slang and a link, indicating a sexual intent.""}
```",,,,,meta/llama-3.3-70b-instruct,google/gemma-3n-e4b-it,,6536,2026-06-18T10:40:29.903032+00:00,1001,TR_id_1002,Harassment,"The text contains vulgar, degrading language targeting individuals with sexualized insults and implied exploitation, framed as harassment through slang and coded terms like 'escort fişlenmeiyor'."
1006,Hohlayıp onunla Bu kadar geç #ücretlishow #whatsappshow görüntülüshow türbanlı show cam Affet beni rkadaşlar söylesin keskin ve uçarı sizin için LINK,Sexually_Explicit_Information,True,sex_show_spam,False,,,TR,R1,Sexually_Explicit_Information,need_review,triple_vote_not_unanimous,safe,"The text appears to be a casual and playful message with no clear indication of hate speech, harassment, or other harmful content.",Sexually_Explicit_Information,"The text contains hashtags and phrases suggesting explicit sexual content and offers a link, indicating a potential solicitation for sexual services.",initial_model_disagreement,False,,,"{""final_label"":""safe"",""reason"":""The text appears to be a casual and playful message with no clear indication of hate speech, harassment, or other harmful content.""}","```json
{""final_label"":""Sexually_Explicit_Information"",""reason"":""The text contains hashtags and phrases suggesting explicit sexual content and offers a link, indicating a potential solicitation for sexual services.""}
```",,,,,meta/llama-3.3-70b-instruct,google/gemma-3n-e4b-it,,6499,2026-06-18T10:40:32.921171+00:00,1005,TR_id_1006,Sexually_Explicit_Information,"The text uses euphemistic and suggestive language ('hohlayıp', 'görüntülüshow', 'türbanlı show', 'keskin ve uçarı') implying sexual content and solicitation via link, typical of lewd sexual invitations in Turkish online slang."
1008,"Merhaba. Rengin solmuş. artık #ücretlishow acıyı hissetmemektir, biliyordu… gitmeye hevesli. Eve dönerken olmaktan kumaşsızacaktım Artık çocuk değilim. #whatsappshow LINK",safe,True,sex_show_spam,False,,,TR,R1,safe,need_review,triple_vote_not_unanimous,safe,The text appears to be a poetic and melancholic expression with no clear violation of safety rules.,need_review,"The text contains potentially harmful implications related to exploitation and abuse, but the context is unclear and doesn't fit neatly into existing labels.",need_review_from_initial_model,False,,,"{""final_label"":""safe"",""reason"":""The text appears to be a poetic and melancholic expression with no clear violation of safety rules.""}","```json
{""final_label"":""need_review"",""reason"":""The text contains potentially harmful implications related to exploitation and abuse, but the context is unclear and doesn't fit neatly into existing labels.""}
```",,,,,meta/llama-3.3-70b-instruct,google/gemma-3n-e4b-it,,6516,2026-06-18T10:40:33.739016+00:00,1007,TR_id_1008,safe,"The text contains poetic and emotional language without threats, harassment, hate, sexual content, political sensitivity, or state-security violations."
1009,BAN AĞACININ ESKATOLOGYAABİLİRSİN DİŞÇİLİKEBİLİRSİN KAÇLIKABİLİRSİN KANLAMAMAMIŞLAR #alibeyköy #eyüp #sultangazi // ȇ̈s̑̈c̑̈ȏ̈ȓ̈t̑ // GEÇİM KAPISIIYOR FENERLİ BURGUABİLİRSİN LINK,Dangerous_Content,True,ocr_disaster,False,,,TR,R1,Dangerous_Content,need_review,triple_vote_not_unanimous,Harassment,Text contains hostile language and insults.,need_review,"The text contains coded language and references that are difficult to interpret within the given taxonomy, requiring further investigation.",need_review_from_initial_model,False,,,"{""final_label"":""Harassment"",""reason"":""Text contains hostile language and insults.""}","```json
{""final_label"":""need_review"",""reason"":""The text contains coded language and references that are difficult to interpret within the given taxonomy, requiring further investigation.""}
```",,,,,meta/llama-3.3-70b-instruct,google/gemma-3n-e4b-it,,6586,2026-06-18T10:40:47.804367+00:00,1008,TR_id_1009,TR_State_Security_Ataturk,"The text contains coded, distorted references to Atatürk (Eskatologyaabilirsin, Kanlamamamışlar) and state institutions in a derogatory, delegitimizing manner, invoking republican redlines."
1007,taşımaz #ücretlishow #whatsappshow türbanlı ensest dul türbanlı show bir bozgunu gidilen yolda Yokluğumun ormanı kendi nefeslerine saygılı ol LINK,Sexually_Explicit_Information,True,sex_show_spam,False,,,TR,R1,Sexually_Explicit_Information,need_review,triple_vote_not_unanimous,Hate_Speech,Text contains derogatory and humiliating language targeting a specific group.,Sexually_Explicit_Information,"The text contains explicit sexual references and allusions, including terms related to sexual acts and potentially exploitative scenarios.",initial_model_disagreement,False,,,"{""final_label"":""Hate_Speech"",""reason"":""Text contains derogatory and humiliating language targeting a specific group.""}","```json
{""final_label"":""Sexually_Explicit_Information"",""reason"":""The text contains explicit sexual references and allusions, including terms related to sexual acts and potentially exploitative scenarios.""}
```",,,,,meta/llama-3.3-70b-instruct,google/gemma-3n-e4b-it,,6490,2026-06-18T10:41:11.941923+00:00,1006,TR_id_1007,Harassment,"Contains degrading and sexualized insults targeting women (türbanlı, ensest, dul) in a hostile, humiliating context."
1001,kafatasııyor gövdesizmemişler geçeebilirsin başlı #isparta e s c o r t başınata kılavuzlamaıyortular coşkuntan ȇ̈s̑̈c̑̈ȏ̈ȓ̈t̑ LINK,TR_State_Security_Ataturk,True,ocr_disaster,False,,,TR,R1,TR_State_Security_Ataturk,need_review,triple_vote_not_unanimous,Sexually_Explicit_Information,The text contains explicit sexual language and escort services.,Sexually_Explicit_Information,"The text contains explicit sexual references and a solicitation for escort services, indicated by the use of 'escort' and suggestive language.",initial_models_agree,False,,,"{""final_label"":""Sexually_Explicit_Information"",""reason"":""The text contains explicit sexual language and escort services.""}","```json
{""final_label"":""Sexually_Explicit_Information"",""reason"":""The text contains explicit sexual references and a solicitation for escort services, indicated by the use of 'escort' and suggestive language.""}
```",,,,,meta/llama-3.3-70b-instruct,google/gemma-3n-e4b-it,,6524,2026-06-18T10:42:48.222225+00:00,1000,TR_id_1001,Harassment,"The text contains vulgar and degrading language targeting individuals with sexualized insults and escort-related harassment, framed as hostile and humiliating."
1016,"Ecdâdımızın heybeti ma'rûf-u cihândır Fıtrat değişir sanma bu kan yine o kandır. NOT 33330 Dünyanız bu kadar pisken etrafınıza çiçek açmanızı beklemiyoruz zaten , insanların çiçeklerini kopartmayın kafi.. OFF 18744 sıkıldıkça playlist hazırlama huyumu nasıl bırakabilirim NOT 40191 friedrich paulus gibiyim su an arkadaşlar teslim olmama çok az kaldı NOT 14589 Geçen hafta izin yapmadan çalıştım tahminen çarşamba bayılırım ofiste 🤤 NOT 31120 Ben de öyle yaparsın diye korkuyorum, günaydın NOT 19255 Vanda kaçtane avm olduğunu aorsam bilemezsin şerefsiz azcık kültürlen... OFF 45733 Hacı abi kaç gün ömrün var git bu siteden yanlış yerdesin 😂😂😂 NOT 43450 parayla tip doğru orantılı da ondan bakım yaptırıyor bilmem ne yaptırıyor sonuç olarak yakışıklı olmaya başlıyor NOT 43760 hassas cilt icin nemlendirici askin NOT 20361 Ahajsmajhaah arkadaşınla arkadaş olmak isterim NOT 11654 Peki biz bu kadar çoksak niye kimse bizi görmüyor :( ciğerimi bıraktım NOT 37637 Peste kadroya bile almıyorum douglas costa varsa alırım bi dal NOT 10818 Ziraat Mühendisleri Çiftçinin en yakın yol arkadaşıdır.Çiftci ile aramizdaki tek engelı kaldırın ve Tarım Bakanlığının 10BİN lik personel talebini bir an önce onaylayın. İN üh5000 NOT 14705 8 temmuz akşamı bolbol verecekleri için yormuyolar kendilerini NOT 17873 Artık mesaj kutumun üst köşesinde bi sayı yazsın istiyorum NOT 42895 Süresiz NAFAKA ve cocuk icrasını cözün cinayetler son bulsun Nafakayı islami kurallara uygun şekilde düzenleyin NOT 14977 Tweet çalmak orucu bozar mı 😂😂😂 NOT 33370 Şeref yoksunu İlk yarı TT ARENADA oynanan maçta hakem sayesin de puan aldınız ne bu ağlamalık OFF 42950 Yıllık iznimi hastanede yatarak geçirdim oo çok eğlenceliydi🙄 NOT 17698 amin diyen herkesin allah daha cok gönlune göre versin NOT 20886 Evet sen zaten ruh hastası manyaksın unutmuşum OFF 26588 hariç herkes satılabilir, satılması teklif edilebilir. 🙂 NOT 21684 Toprağın üstünde Aziz ettin .! Toprağın altında zelil etme Ya RABB'i . NOT 21740 Muğdat da yalan oldu be",safe,False,,True,TR_State_Security_Ataturk,辱骂本国政治人物/机构被错标为普通骚扰/仇恨/安全,TR,R1,safe,need_review,triple_vote_not_unanimous,Harassment,"The text contains direct insults, vulgar abuse, and humiliation.",Hate_Speech,"The text contains insults and degrading language targeting individuals, including terms like 'şerefsiz' and 'manyak', and expresses contempt and humiliation.",initial_model_disagreement,False,,,"{""final_label"":""Harassment"",""reason"":""The text contains direct insults, vulgar abuse, and humiliation.""}","```json
{""final_label"":""Hate_Speech"",""reason"":""The text contains insults and degrading language targeting individuals, including terms like 'şerefsiz' and 'manyak', and expresses contempt and humiliation.""}
```",,,,,meta/llama-3.3-70b-instruct,google/gemma-3n-e4b-it,,7728,2026-06-18T10:42:57.358470+00:00,1015,TR_id_1016,safe,"The text contains a mix of casual expressions, personal complaints, memes, and unrelated fragments with no harmful, abusive, or politically sensitive content targeting protected identities, state institutions, or national symbols."
1018,105 Diğerlerine benzemiyor yokluğun Diğerlerine fOcA mEnemEn MaviSehir BosTanLi bAlatCık /aliaga//ȇ̈s̑̈c̑̈ȏ̈ȓ̈t̑/ benzemiyor ayrılığın… Niye benzesin ki? bayraklı ulukent seyrek mi? Benimle yarın olsaydın; LINK 8944,safe,True,ocr_disaster,False,,,TR,R1,safe,need_review,triple_vote_not_unanimous,safe,The text appears to be a poetic and emotional expression without any clear harmful or sensitive content.,safe,The text appears to be a poetic expression of longing and doesn't contain any harmful or sensitive content.,initial_models_agree,False,,,"{""final_label"":""safe"",""reason"":""The text appears to be a poetic and emotional expression without any clear harmful or sensitive content.""}","```json
{""final_label"":""safe"",""reason"":""The text appears to be a poetic expression of longing and doesn't contain any harmful or sensitive content.""}
```",,,,,meta/llama-3.3-70b-instruct,google/gemma-3n-e4b-it,,6587,2026-06-18T10:42:58.841315+00:00,1017,TR_id_1018,TR_State_Security_Ataturk,"Contains coded nationalist references and symbolic place names (Mavişehir, Bostanlı, Balatçı, Aliaga) associated with Atatürk's legacy and Turkish Republic symbolism, implying irreverence toward national identity and territorial integrity through poetic fragmentation and coded language."
1017,kayıtımla uslamlamaymıştım koordineecektim genç irisiebilirsin fırtınalıabilirsin kavlanmakmıştım #silivri kanıtlanışmıştım #kumburgaz ȇ̈s̑̈c̑̈ȏ̈ȓ̈t̑ Bayan LINK,TR_State_Security_Ataturk,True,ocr_disaster,False,,,TR,R1,TR_State_Security_Ataturk,need_review,triple_vote_not_unanimous,Harassment,Text contains hostile language and insults.,Dangerous_Content,"The text contains references to locations (Silivri, Kumburgaz) and coded language suggesting potential involvement in illegal activities, possibly related to organized crime or illicit dealings, indicated by the hashtags and phrasing.",initial_model_disagreement,False,,,"{""final_label"":""Harassment"",""reason"":""Text contains hostile language and insults.""}","```json
{""final_label"":""Dangerous_Content"",""reason"":""The text contains references to locations (Silivri, Kumburgaz) and coded language suggesting potential involvement in illegal activities, possibly related to organized crime or illicit dealings, indicated by the hashtags and phrasing.""}
```",,,,,meta/llama-3.3-70b-instruct,google/gemma-3n-e4b-it,,6552,2026-06-18T10:42:59.834751+00:00,1016,TR_id_1017,need_review,"Text contains fragmented, possibly OCR-damaged Turkish phrases with ambiguous political/geographic references (#Silivri, #Kumburgaz) and uninterpretable romanized elements, making safe classification impossible without clear intent or target."
1012,Bize ne osmanlıdan aq,TR_State_Security_Ataturk,False,,True,safe,无特定目标的脏话发泄被错标为违规,TR,R1,TR_State_Security_Ataturk,need_review,triple_vote_not_unanimous,safe,"The text appears to be a casual, non-abusive statement.",TR_State_Security_Ataturk,"The text expresses disdain for the Ottoman Empire, a historical predecessor to the Turkish Republic and Atatürk's reforms.",initial_model_disagreement,False,,,"{""final_label"":""safe"",""reason"":""The text appears to be a casual, non-abusive statement.""}","```json
{""final_label"":""TR_State_Security_Ataturk"",""reason"":""The text expresses disdain for the Ottoman Empire, a historical predecessor to the Turkish Republic and Atatürk's reforms.""}
```",,,,,meta/llama-3.3-70b-instruct,google/gemma-3n-e4b-it,,6420,2026-06-18T10:43:05.518268+00:00,1011,TR_id_1012,TR_State_Security_Ataturk,Dismissive reference to Ottoman past with vulgar slang implies rejection of Turkish republican identity and historical legitimacy.
1014,KORUYUCU SOSYALİST KUŞKUSUZ Elim yüzüm kir #ücretlishow #whatsappshow görüntülüshow türbanlı show cam SAĞLIKSIZ BUĞDAYCIL VELİLİK YABALAMA LINK,Dangerous_Content,True,sex_show_spam,False,,,TR,R1,Dangerous_Content,need_review,triple_vote_not_unanimous,safe,The text appears to be a personal and poetic expression with no clear intent to harm or violate any rules.,Dangerous_Content,"The text contains references to potentially harmful activities like 'ücretlishow' and 'whatsappshow' which could be related to exploitation or illegal content, along with 'yabalama' which suggests unauthorized access or distribution.",initial_model_disagreement,False,,,"{""final_label"":""safe"",""reason"":""The text appears to be a personal and poetic expression with no clear intent to harm or violate any rules.""}","```json
{""final_label"":""Dangerous_Content"",""reason"":""The text contains references to potentially harmful activities like 'ücretlishow' and 'whatsappshow' which could be related to exploitation or illegal content, along with 'yabalama' which suggests unauthorized access or distribution.""}
```",,,,,meta/llama-3.3-70b-instruct,google/gemma-3n-e4b-it,,6536,2026-06-18T10:43:13.294426+00:00,1013,TR_id_1014,Harassment,Contains vulgar and degrading language targeting individuals with derogatory terms and sexualized insults.
1022,HAZFETME DEĞİŞMEK #ücretlishow #whatsappshow görüntülüshow türbanlı show cam MOTORBOT YAMANMAK bir hayat. TEVETTÜR KAMIŞÇIK DOĞUMSAL LINK,Sexually_Explicit_Information,True,sex_show_spam,False,,,TR,R1,Sexually_Explicit_Information,need_review,triple_vote_not_unanimous,safe,The text appears to be a playful and creative expression with no clear intent to harm or violate any rules.,Sexually_Explicit_Information,The text contains explicit sexual references and hashtags related to adult content and shows.,initial_model_disagreement,False,,,"{""final_label"":""safe"",""reason"":""The text appears to be a playful and creative expression with no clear intent to harm or violate any rules.""}","```json
{""final_label"":""Sexually_Explicit_Information"",""reason"":""The text contains explicit sexual references and hashtags related to adult content and shows.""}
```",,,,,meta/llama-3.3-70b-instruct,google/gemma-3n-e4b-it,,6502,2026-06-18T10:43:16.146150+00:00,1021,TR_id_1022,need_review,"Text contains fragmented, cryptic, and possibly coded Turkish phrases with ambiguous intent, mixing slang, hashtags, and unclear references that resist clear classification under existing labels."
1024,#şişli #mecidiyeköy #taksim // ȇ̈s̑̈c̑̈ȏ̈ȓ̈t̑ // BAĞDAŞMANIN ET ŞEFTALİSİMEMİŞLER KAHİR KUVVETTE BOY AYNASITA BAYATSIMAĞA FİLİZKIRANMAMIŞLAR DİŞE DİŞE LINK,TR_State_Security_Ataturk,True,ocr_disaster,False,,,TR,R1,TR_State_Security_Ataturk,need_review,triple_vote_not_unanimous,Harassment,Text contains hostile language and insults.,need_review,"The text contains coded language and references that are difficult to interpret without further context, potentially indicating a risk that doesn't fit existing labels.",need_review_from_initial_model,False,,,"{""final_label"":""Harassment"",""reason"":""Text contains hostile language and insults.""}","```json
{""final_label"":""need_review"",""reason"":""The text contains coded language and references that are difficult to interpret without further context, potentially indicating a risk that doesn't fit existing labels.""}
```",,,,,meta/llama-3.3-70b-instruct,google/gemma-3n-e4b-it,,6572,2026-06-18T10:43:16.850551+00:00,1023,TR_id_1024,Harassment,"The text uses vulgar, mocking, and degrading language targeting individuals or groups in a hostile manner, with abusive slang and insults typical of online harassment in Turkish contexts."
1025,26204409 5683 #istanbul #sultanahmet KİLERMENİecekler İTİŞTİRMEtm istanbul ȇ̈s̑̈c̑̈ȏ̈ȓ̈t̑ LINK,Dangerous_Content,True,ocr_disaster,False,,,TR,R1,Dangerous_Content,need_review,triple_vote_not_unanimous,Cybersecurity_Malware,Text contains a suspicious link and potential phishing attempt.,need_review,"The text contains unclear and potentially coded language related to political/security sensitivity within the context of Istanbul, requiring further review to determine the specific risk.",need_review_from_initial_model,False,,,"{""final_label"":""Cybersecurity_Malware"",""reason"":""Text contains a suspicious link and potential phishing attempt.""}","```json
{""final_label"":""need_review"",""reason"":""The text contains unclear and potentially coded language related to political/security sensitivity within the context of Istanbul, requiring further review to determine the specific risk.""}
```",,,,,meta/llama-3.3-70b-instruct,google/gemma-3n-e4b-it,,6513,2026-06-18T10:43:17.052014+00:00,1024,TR_id_1025,need_review,"Text contains fragmented, possibly OCR-damaged or coded language with unclear intent, including hashtags and ambiguous phrases that may imply political or security-sensitive references but cannot be confidently mapped to any allowed label."
1028,#gaziosmanpaşa deniz üssüecekler donatılıacaklar fototaktizmiyortular genelkurmaytım bigânelikebilirsin #istanbul (((ȇ̈s̑̈c̑̈ȏ̈ȓ̈t̑))) LINK,TR_State_Security_Ataturk,True,ocr_disaster,False,,,TR,R1,TR_State_Security_Ataturk,need_review,triple_vote_not_unanimous,Politically_Sensitive_Topics,Text contains potentially sensitive information about a military operation or facility.,TR_State_Security_Ataturk,"The text references Gaziosmanpaşa naval base and the Turkish General Staff in a potentially threatening manner, combined with coded language and symbols, suggesting a possible security concern related to Turkish state institutions.",initial_model_disagreement,False,,,"{""final_label"":""Politically_Sensitive_Topics"",""reason"":""Text contains potentially sensitive information about a military operation or facility.""}","```json
{""final_label"":""TR_State_Security_Ataturk"",""reason"":""The text references Gaziosmanpaşa naval base and the Turkish General Staff in a potentially threatening manner, combined with coded language and symbols, suggesting a possible security concern related to Turkish state institutions.""}
```",,,,,meta/llama-3.3-70b-instruct,google/gemma-3n-e4b-it,,6539,2026-06-18T10:43:21.368012+00:00,1027,TR_id_1028,TR_State_Security_Ataturk,"The text uses coded, aggressive nationalist language with military and state institution references (#genelkurmay, #gaziosmanpaşa, #istanbul) and distorted symbols ((ȇ̈s̑̈c̑̈ȏ̈ȓ̈t̑)) implying hostile intent toward Turkish state security structures, suggesting subversion or contempt for republican institutions."
1030,delegenin kâbussuzuyor kaparozculukmuştum basit faizte güreşmememişler bebeye kokuluuyortular cumbalamaktan acıktırmata bellek kaybıya #sakarya #sapanca #serdivan e s c o r t ȇ̈s̑̈c̑̈ȏ̈ȓ̈t̑ LINK,Sexually_Explicit_Information,True,ocr_disaster,False,,,TR,R1,Sexually_Explicit_Information,need_review,triple_vote_not_unanimous,Sexually_Explicit_Information,The text contains a term that implies sexual services.,Sexually_Explicit_Information,The text contains explicit sexual references and a link to escort services.,initial_models_agree,False,,,"{""final_label"":""Sexually_Explicit_Information"",""reason"":""The text contains a term that implies sexual services.""}","```json
{""final_label"":""Sexually_Explicit_Information"",""reason"":""The text contains explicit sexual references and a link to escort services.""}
```",,,,,meta/llama-3.3-70b-instruct,google/gemma-3n-e4b-it,,6560,2026-06-18T10:43:25.058317+00:00,1029,TR_id_1030,Harassment,"Contains sexualized euphemism 'escort' used in context of vulgar and abusive language, indicating targeted sexualized harassment."
1029,772146157 9327 #küçükçekmece #sefaköy YAĞLANIŞecektim TIPALAMAyortular istanbul ȇ̈s̑̈c̑̈ȏ̈ȓ̈t̑ LINK,safe,True,ocr_disaster,False,,,TR,R1,safe,need_review,triple_vote_not_unanimous,Cybersecurity_Malware,Text contains a suspicious link and numbers that may be related to phishing or malware.,safe,"The text appears to be a random string of characters, hashtags, and a link, lacking any discernible harmful or sensitive content.",initial_model_disagreement,False,,,"{""final_label"":""Cybersecurity_Malware"",""reason"":""Text contains a suspicious link and numbers that may be related to phishing or malware.""}","```json
{""final_label"":""safe"",""reason"":""The text appears to be a random string of characters, hashtags, and a link, lacking any discernible harmful or sensitive content.""}
```",,,,,meta/llama-3.3-70b-instruct,google/gemma-3n-e4b-it,,6519,2026-06-18T10:43:48.313670+00:00,1028,TR_id_1029,safe,"The text contains random numbers, hashtags for Istanbul neighborhoods, and fragmented, nonsensical Turkish phrases with diacritic noise, showing no clear harmful intent or actionable risk under any label."
1034,kuru çayıracaktım Ekvatoralacaklar dış #isparta e s c o r t borçlanmanın dinozortum köreltmekecektim geebilirsin ȇ̈s̑̈c̑̈ȏ̈ȓ̈t̑ LINK,safe,True,ocr_disaster,False,,,TR,R1,safe,need_review,triple_vote_not_unanimous,Harassment,Text contains insulting language and sexualized terms.,Sexually_Explicit_Information,The text contains explicit sexual signals and references to escort services.,initial_model_disagreement,False,,,"{""final_label"":""Harassment"",""reason"":""Text contains insulting language and sexualized terms.""}","```json
{""final_label"":""Sexually_Explicit_Information"",""reason"":""The text contains explicit sexual signals and references to escort services.""}
```",,,,,meta/llama-3.3-70b-instruct,google/gemma-3n-e4b-it,,6511,2026-06-18T10:43:51.268200+00:00,1033,TR_id_1034,Harassment,"Contains vulgar and degrading slang ('escort') mixed with nonsensical phrases, likely intended as hostile or mocking abuse."
1033,BAŞMALA #alibeyköy #eyüp #sultangazi // ȇ̈s̑̈c̑̈ȏ̈ȓ̈t̑ // DURAKLATMAYA GÜLEÇLİKMİŞTİM DİŞİLEŞTİRMEMEMİŞLER EĞİRMENECEKLER DUROMER PLASTİKTE CAN PAZARIABİLİRSİN LINK,Dangerous_Content,True,ocr_disaster,False,,,TR,R1,Dangerous_Content,need_review,triple_vote_not_unanimous,Cybersecurity_Malware,Text contains potential phishing or spam link.,Harassment,"The text contains insults and vulgar language directed at a person, including derogatory terms and sexualized language, indicating malicious abuse.",initial_model_disagreement,False,,,"{""final_label"":""Cybersecurity_Malware"",""reason"":""Text contains potential phishing or spam link.""}","```json
{""final_label"":""Harassment"",""reason"":""The text contains insults and vulgar language directed at a person, including derogatory terms and sexualized language, indicating malicious abuse.""}
```",,,,,meta/llama-3.3-70b-instruct,google/gemma-3n-e4b-it,,6576,2026-06-18T10:43:51.680529+00:00,1032,TR_id_1033,Dangerous_Content,"Contains coded references to violent acts and illegal activities with threatening intent, including potential harm and dangerous procedures."
1031,dünürcünün #florya #esenler desisterin bölünüşmüştüm taksim şişli beşiktaş mecidiyeköy ȇ̈s̑̈c̑̈ȏ̈ȓ̈t̑ 1284771 LINK,safe,True,ocr_disaster,False,,,TR,R1,safe,need_review,triple_vote_not_unanimous,Cybersecurity_Malware,Text contains a suspicious link and potentially malicious characters.,need_review,"The text contains a mix of seemingly unrelated keywords and hashtags referencing locations and potentially political topics, making it difficult to assign a definitive label without further context.",need_review_from_initial_model,False,,,"{""final_label"":""Cybersecurity_Malware"",""reason"":""Text contains a suspicious link and potentially malicious characters.""}","```json
{""final_label"":""need_review"",""reason"":""The text contains a mix of seemingly unrelated keywords and hashtags referencing locations and potentially political topics, making it difficult to assign a definitive label without further context.""}
```",,,,,meta/llama-3.3-70b-instruct,google/gemma-3n-e4b-it,,6522,2026-06-18T10:43:51.801830+00:00,1030,TR_id_1031,need_review,"Text contains fragmented Turkish phrases, location names, and an unclear link with potential coded or obfuscated intent, but no clear violation of defined labels."
1037,klorürlendirmeiyortular #isparta e s c o r t abiste kumandanlıkacaktım başıbozuklukta damacananın kartopuymuştum ȇ̈s̑̈c̑̈ȏ̈ȓ̈t̑ LINK,safe,True,ocr_disaster,False,,,TR,R1,safe,need_review,triple_vote_not_unanimous,Harassment,Text contains abusive language and insults.,Sexually_Explicit_Information,"The text contains explicit sexual references and allusions, including terms related to escort services and sexual acts.",initial_model_disagreement,False,,,"{""final_label"":""Harassment"",""reason"":""Text contains abusive language and insults.""}","```json
{""final_label"":""Sexually_Explicit_Information"",""reason"":""The text contains explicit sexual references and allusions, including terms related to escort services and sexual acts.""}
```",,,,,meta/llama-3.3-70b-instruct,google/gemma-3n-e4b-it,,6518,2026-06-18T10:43:56.637071+00:00,1036,TR_id_1037,Harassment,"Contains sexualized euphemism 'escort' and vulgar, degrading language targeting a location, indicating hostile and humiliating intent."
1041,Sahabet'te Günün Maçı ; ⚽️İskoçya - Ukrayna 📊2.75 - 3.10 - 2.90 ⌚️21:45 Sahabet ile Bahis Yapmak İçin👉LINK #sahabet #bahis #NationsLeague LINK,safe,True,gambling_spam,False,,,TR,R1,safe,need_review,triple_vote_not_unanimous,safe,The text appears to be a sports-related post with a link to a betting site.,safe,The text is about sports betting and does not contain any harmful or sensitive content.,initial_models_agree,False,,,"{""final_label"":""safe"",""reason"":""The text appears to be a sports-related post with a link to a betting site.""}","```json
{""final_label"":""safe"",""reason"":""The text is about sports betting and does not contain any harmful or sensitive content.""}
```",,,,,meta/llama-3.3-70b-instruct,google/gemma-3n-e4b-it,,6529,2026-06-18T10:44:06.730439+00:00,1040,TR_id_1041,Cybersecurity_Malware,
1045,FERAHLAMAMAMIŞLAR GALVANİZLENMEYTİM KATLANIŞTA #beşiktaş #ortaköy #etiler // ȇ̈s̑̈c̑̈ȏ̈ȓ̈t̑ // BALLIKLIMAMIŞLAR KERESTELİKTE KADAYIFA GEVMEECEKLER LINK,TR_State_Security_Ataturk,True,ocr_disaster,False,,,TR,R1,TR_State_Security_Ataturk,need_review,triple_vote_not_unanimous,Harassment,The text contains insults and humiliation targeting specific groups or individuals.,safe,"The text appears to be a nonsensical string of Turkish words and hashtags, likely a result of random character input or a technical glitch, and does not express any harmful or sensitive content.",initial_model_disagreement,False,,,"{""final_label"":""Harassment"",""reason"":""The text contains insults and humiliation targeting specific groups or individuals.""}","```json
{""final_label"":""safe"",""reason"":""The text appears to be a nonsensical string of Turkish words and hashtags, likely a result of random character input or a technical glitch, and does not express any harmful or sensitive content.""}
```",,,,,meta/llama-3.3-70b-instruct,google/gemma-3n-e4b-it,,6564,2026-06-18T10:44:07.908654+00:00,1044,TR_id_1045,Harassment,"The text contains aggressive, mocking, and degrading language directed at a group (likely Beşiktaş fans), using vulgar and hostile slang typical of fan-based harassment in Turkish context."
1046,"gölgecilmemişler bendene Öyle bir gel altında #ücretlishow çıkabilmeleri Genç kadın Yalnızsan, kalbinlesindir beni anladı. ne kendi #whatsappshow LINK",safe,True,sex_show_spam,False,,,TR,R1,safe,need_review,triple_vote_not_unanimous,safe,The text appears to be a poetic and emotional expression without any harmful or sensitive content.,need_review,"The text contains ambiguous references to 'show' and 'whatsappshow' which could potentially relate to exploitation or harmful content, but the context is unclear and doesn't definitively fit any other category.",need_review_from_initial_model,False,,,"{""final_label"":""safe"",""reason"":""The text appears to be a poetic and emotional expression without any harmful or sensitive content.""}","```json
{""final_label"":""need_review"",""reason"":""The text contains ambiguous references to 'show' and 'whatsappshow' which could potentially relate to exploitation or harmful content, but the context is unclear and doesn't definitively fit any other category.""}
```",,,,,meta/llama-3.3-70b-instruct,google/gemma-3n-e4b-it,,6503,2026-06-18T10:44:11.001439+00:00,1045,TR_id_1046,safe,"The text contains poetic and ambiguous phrasing with no clear threat, insult, hate, sexual, political, or security-related content."
1042,KAYA HANİSİMEMİŞLER KEPBASTIACAKTIM #okmeydanı #kağıthane #beyoğlu // ȇ̈s̑̈c̑̈ȏ̈ȓ̈t̑ // BEYİN TAKIMIIYOR FOTOTAKSİYE KUŞ BİLİMİİYORTULAR BEYABANACAKTIM BENZİN POMPASIMAMIŞLAR LINK,safe,True,ocr_disaster,False,,,TR,R1,safe,need_review,triple_vote_not_unanimous,Harassment,Text contains insults and hostile language.,need_review,The text contains unclear references and potentially coded language that requires further investigation to determine the presence of harmful intent or sensitivity within the context of Turkey.,need_review_from_initial_model,False,,,"{""final_label"":""Harassment"",""reason"":""Text contains insults and hostile language.""}","```json
{""final_label"":""need_review"",""reason"":""The text contains unclear references and potentially coded language that requires further investigation to determine the presence of harmful intent or sensitivity within the context of Turkey.""}
```",,,,,meta/llama-3.3-70b-instruct,google/gemma-3n-e4b-it,,6581,2026-06-18T10:44:13.813861+00:00,1041,TR_id_1042,Harassment,"The text contains aggressive, mocking, and hostile language directed at specific locations and individuals, using vulgar and intimidating expressions typical of verbal abuse and harassment."
1043,Günde en az böcekleriiyor Ne yapsa sevecegim bollanmağa İki insan Sen benim… farmasonacaklar kendine ihanet #ücretlishow eder #whatsappshow LINK,safe,True,sex_show_spam,False,,,TR,R1,safe,need_review,triple_vote_not_unanimous,safe,The text appears to be a poetic and emotional expression without any clear harmful or sensitive content.,Harassment,"The text contains insults and expressions of obsessive affection, potentially targeting a specific person.",initial_model_disagreement,False,,,"{""final_label"":""safe"",""reason"":""The text appears to be a poetic and emotional expression without any clear harmful or sensitive content.""}","```json
{""final_label"":""Harassment"",""reason"":""The text contains insults and expressions of obsessive affection, potentially targeting a specific person.""}
```",,,,,meta/llama-3.3-70b-instruct,google/gemma-3n-e4b-it,,6486,2026-06-18T10:44:14.219067+00:00,1042,TR_id_1043,safe,"The text contains fragmented, nonsensical phrases and hashtags with no clear harmful intent, threat, insult, or violation of any taxonomy label."
1049,MÜLAHAZA ÇAKABİLMEK YATMALIK ACILAŞTIRILMAK #ücretlishow yastığımda yok #whatsappshow türbanlı ensest dul türbanlı show KARAMELA KIPRAYIŞ YORULMAK LINK,Harassment,True,sex_show_spam,False,,,TR,R1,Harassment,need_review,triple_vote_not_unanimous,Hate_Speech,Text contains humiliating and degrading language targeting a specific group.,Sexually_Explicit_Information,"The text contains explicit sexual references and suggestive content, including terms related to sexual acts and potentially harmful themes.",initial_model_disagreement,False,,,"{""final_label"":""Hate_Speech"",""reason"":""Text contains humiliating and degrading language targeting a specific group.""}","```json
{""final_label"":""Sexually_Explicit_Information"",""reason"":""The text contains explicit sexual references and suggestive content, including terms related to sexual acts and potentially harmful themes.""}
```",,,,,meta/llama-3.3-70b-instruct,google/gemma-3n-e4b-it,,6519,2026-06-18T10:44:14.832966+00:00,1048,TR_id_1049,Harassment,"Contains vulgar, humiliating, and sexually charged insults targeting individuals through demeaning terms and explicit references, typical of targeted abuse."
1054,GÜNEŞSİZLİĞE FIŞKIRMANIN KAŞIN ERVAHTA GÖZSÜZLÜKTEN KASITSIZACAKLAR #beşiktaş #ortaköy #etiler // ȇ̈s̑̈c̑̈ȏ̈ȓ̈t̑ // GÜCENİLMEKEBİLİRSİN LINK,Harassment,True,ocr_disaster,False,,,TR,R1,Harassment,need_review,triple_vote_not_unanimous,Harassment,Text contains insults and hostile language.,safe,"The text appears to be a social media post with hashtags related to locations and a link, lacking any clear indication of harmful content.",initial_model_disagreement,False,,,"{""final_label"":""Harassment"",""reason"":""Text contains insults and hostile language.""}","```json
{""final_label"":""safe"",""reason"":""The text appears to be a social media post with hashtags related to locations and a link, lacking any clear indication of harmful content.""}
```",,,,,meta/llama-3.3-70b-instruct,google/gemma-3n-e4b-it,,6559,2026-06-18T10:44:21.559399+00:00,1053,TR_id_1054,Harassment,"The text contains aggressive, vulgar, and hostile language targeting a specific group or individual with insulting and degrading expressions, typical of harassment in Turkish online contexts."
1052,Artık gerisini sen düşün çoğaldıkça insan öpüyorum yattığın yol için. #ücretlishow #whatsappshow türbanlı ensest dul türbanlı show karşılaştım. çağırın. Benim aşkların kokusu da. LINK,Harassment,True,sex_show_spam,False,,,TR,R1,Harassment,need_review,triple_vote_not_unanimous,Harassment,"The text contains insults, vulgar language, and sexualized family humiliation.",Harassment,"The text contains malicious abuse, insults, and references to sensitive and potentially harmful topics like 'ensest' and 'dul' targeting a specific group, constituting harassment.",initial_models_agree,False,,,"{""final_label"":""Harassment"",""reason"":""The text contains insults, vulgar language, and sexualized family humiliation.""}","```json
{""final_label"":""Harassment"",""reason"":""The text contains malicious abuse, insults, and references to sensitive and potentially harmful topics like 'ensest' and 'dul' targeting a specific group, constituting harassment.""}
```",,,,,meta/llama-3.3-70b-instruct,google/gemma-3n-e4b-it,,6525,2026-06-18T10:44:21.955046+00:00,1051,TR_id_1052,Sexually_Explicit_Information,Contains explicit sexual references and suggestive language tied to solicitation and adult content.
1056,CEVVAL #ücretlishow #whatsappshow türbanlı ensest ama sen herşeyden dul türbanlı show AĞAÇLANDIRILIŞ TEREYAĞI HORLAMAK DURMADAN TENVİRAT PAKLANMAK LINK,TR_State_Security_Ataturk,True,sex_show_spam,False,,,TR,R1,TR_State_Security_Ataturk,need_review,triple_vote_not_unanimous,Harassment,The text contains insults and vulgar language targeting a specific group.,Sexually_Explicit_Information,The text contains explicit sexual references and hashtags related to sexual content and exploitation.,initial_model_disagreement,False,,,"{""final_label"":""Harassment"",""reason"":""The text contains insults and vulgar language targeting a specific group.""}","```json
{""final_label"":""Sexually_Explicit_Information"",""reason"":""The text contains explicit sexual references and hashtags related to sexual content and exploitation.""}
```",,,,,meta/llama-3.3-70b-instruct,google/gemma-3n-e4b-it,,6505,2026-06-18T10:44:23.726797+00:00,1055,TR_id_1056,Hate_Speech,"Uses dehumanizing and sexually degraded language targeting women wearing headscarves, invoking harmful stereotypes and sexual humiliation tied to religious identity."
1058,orası dünya olur Asla #sapanca deme. yüzük olmadığına kakavanlıkıyor Japon oyunu olsa ondan hoşlanmaz. #akyazı ȇ̈s̑̈c̑̈ȏ̈ȓ̈t̑ LINK,safe,True,ocr_disaster,False,,,TR,R1,safe,need_review,triple_vote_not_unanimous,Harassment,Text contains insults and humiliation towards a specific location or group.,safe,"The text appears to be a personal opinion or commentary with hashtags and references to locations, lacking any harmful or sensitive content.",initial_model_disagreement,False,,,"{""final_label"":""Harassment"",""reason"":""Text contains insults and humiliation towards a specific location or group.""}","```json
{""final_label"":""safe"",""reason"":""The text appears to be a personal opinion or commentary with hashtags and references to locations, lacking any harmful or sensitive content.""}
```",,,,,meta/llama-3.3-70b-instruct,google/gemma-3n-e4b-it,,6504,2026-06-18T10:44:24.424470+00:00,1057,TR_id_1058,TR_State_Security_Ataturk,"The text uses coded, sarcastic language to mock place names and national identity, implying rejection of Turkish sovereignty and republican values through euphemistic insults and hashtags linked to territorial and state legitimacy."
1059,kahpeleşme belinleme yaymaca Sov--cam-show--sậnậl--shỗw-- saydırabilme gözyaşı kemiği #ücretlishow #whatsappshow dialkol toplaşma LINK,Harassment,True,sex_show_spam,False,,,TR,R1,Harassment,need_review,triple_vote_not_unanimous,Sexually_Explicit_Information,Text contains sexually explicit language and references to sexual acts.,Dangerous_Content,"The text contains references to 'show' and 'whatsapp' potentially related to illegal activities like exploitation or scams, along with suggestive language and a link, indicating a risk of financial fraud or other harmful activities.",initial_model_disagreement,False,,,"{""final_label"":""Sexually_Explicit_Information"",""reason"":""Text contains sexually explicit language and references to sexual acts.""}","```json
{""final_label"":""Dangerous_Content"",""reason"":""The text contains references to 'show' and 'whatsapp' potentially related to illegal activities like exploitation or scams, along with suggestive language and a link, indicating a risk of financial fraud or other harmful activities.""}
```",,,,,meta/llama-3.3-70b-instruct,google/gemma-3n-e4b-it,,6517,2026-06-18T10:44:25.675265+00:00,1058,TR_id_1059,Harassment,"Contains vulgar and degrading language targeting individuals through sexualized humiliation and public shaming, typical of harassment in Turkish online contexts."
1062,Herkes mi onu #escortdenizli denizli ȇ̈s̑̈c̑̈ȏ̈ȓ̈t̑ andırır 🤢 LINK,Harassment,True,ocr_disaster,False,,,TR,R1,Harassment,need_review,triple_vote_not_unanimous,Sexually_Explicit_Information,The text contains explicit sexual language and escort services.,Harassment,The text uses vulgar abuse and sexualized insults targeting a specific person.,initial_model_disagreement,False,,,"{""final_label"":""Sexually_Explicit_Information"",""reason"":""The text contains explicit sexual language and escort services.""}","```json
{""final_label"":""Harassment"",""reason"":""The text uses vulgar abuse and sexualized insults targeting a specific person.""}
```",,,,,meta/llama-3.3-70b-instruct,google/gemma-3n-e4b-it,,6462,2026-06-18T10:44:31.100554+00:00,1061,TR_id_1062,Sexually_Explicit_Information,"The text uses romanized Turkish sexual euphemism 'escortdenizli' in a lewd context with disgust emoji, indicating sexual service solicitation."
1064,okusam istanbul giren Barış bayrampaşa şirinevler gaziosmanpaşa taksim ((ȇ̈s̑̈c̑̈ȏ̈ȓ̈t̑)) herkesin yanarak bir mecidiyeköy olur ögüt Bekaret Manco güngören bağcılar gururludur şişli merter bakırköy toplum eyüp LINK,safe,True,ocr_disaster,False,,,TR,R1,safe,need_review,triple_vote_not_unanimous,Hate_Speech,Text contains hostile language and insults targeting specific neighborhoods and groups in Istanbul.,Harassment,"The text contains insults and derogatory language targeting various Istanbul districts and individuals, expressing harmful sentiments and potentially inciting negative reactions.",initial_model_disagreement,False,,,"{""final_label"":""Hate_Speech"",""reason"":""Text contains hostile language and insults targeting specific neighborhoods and groups in Istanbul.""}","```json
{""final_label"":""Harassment"",""reason"":""The text contains insults and derogatory language targeting various Istanbul districts and individuals, expressing harmful sentiments and potentially inciting negative reactions.""}
```",,,,,meta/llama-3.3-70b-instruct,google/gemma-3n-e4b-it,,6568,2026-06-18T10:44:31.516175+00:00,1063,TR_id_1064,safe,"The text contains geographic references to Istanbul neighborhoods and fragmented phrases without abusive, threatening, or politically sensitive intent."
1063,OVERLOK TABANVAY VAVEYLA YORDAMLI #ücretlishow #whatsappshow görüntülüshow türbanlı show kolum koparılmıştı cam FİTLEME İĞNEDENLİK BİLECİKLİ LINK,Sexually_Explicit_Information,True,sex_show_spam,False,,,TR,R1,Sexually_Explicit_Information,need_review,triple_vote_not_unanimous,Harassment,Text contains hostile and insulting language.,Sexually_Explicit_Information,"The text contains explicit sexual references and promotes a 'show' likely of a sexual nature, using suggestive hashtags and terms.",initial_model_disagreement,False,,,"{""final_label"":""Harassment"",""reason"":""Text contains hostile and insulting language.""}","```json
{""final_label"":""Sexually_Explicit_Information"",""reason"":""The text contains explicit sexual references and promotes a 'show' likely of a sexual nature, using suggestive hashtags and terms.""}
```",,,,,meta/llama-3.3-70b-instruct,google/gemma-3n-e4b-it,,6510,2026-06-18T10:44:31.879937+00:00,1062,TR_id_1063,Harassment,"Contains vulgar, degrading, and humiliating references to individuals in a public context with sexualized and violent imagery, targeting specific personas through abusive slang and explicit local references."
1065,"akp nasılda si.kti lan görüşünüzü, sizde kıvranıp duruyorsunuz işte o gündür bugündür tekkaşlı terörist or.ospu çocukları sizi.85.110.29.192",Hate_Speech,False,,True,TR_State_Security_Ataturk,辱骂本国政治人物/机构被错标为普通骚扰/仇恨/安全,TR,R1,Hate_Speech,need_review,triple_vote_not_unanimous,Hate_Speech,The text contains hostile language and insults targeting a specific group.,Hate_Speech,"The text contains severe insults, derogatory language, and dehumanizing terms directed at a political group, including offensive slurs and violent language.",initial_models_agree,False,,,"{""final_label"":""Hate_Speech"",""reason"":""The text contains hostile language and insults targeting a specific group.""}","```json
{""final_label"":""Hate_Speech"",""reason"":""The text contains severe insults, derogatory language, and dehumanizing terms directed at a political group, including offensive slurs and violent language.""}
```",,,,,meta/llama-3.3-70b-instruct,google/gemma-3n-e4b-it,,6515,2026-06-18T10:44:31.899481+00:00,1064,TR_id_1065,Harassment,"Contains vulgar language and direct insults targeting a political group with hostile, degrading tone."
1070,VARİYET ÇİRİŞLEMEK RAKAM İSTANBULİN SÜZDÜRMEK ONARTMA #ücretlishow #whatsappshow türbanlı ensest dul türbanlı show kuran usta EĞDİRME LINK,TR_State_Security_Ataturk,True,sex_show_spam,False,,,TR,R1,TR_State_Security_Ataturk,need_review,triple_vote_not_unanimous,Sexually_Explicit_Information,Text contains sexually explicit language and intent.,Sexually_Explicit_Information,"The text contains explicit sexual references and promotes illegal sexual acts, including incest and exploitation.",initial_models_agree,False,,,"{""final_label"":""Sexually_Explicit_Information"",""reason"":""Text contains sexually explicit language and intent.""}","```json
{""final_label"":""Sexually_Explicit_Information"",""reason"":""The text contains explicit sexual references and promotes illegal sexual acts, including incest and exploitation.""}
```",,,,,meta/llama-3.3-70b-instruct,google/gemma-3n-e4b-it,,6503,2026-06-18T10:44:34.691044+00:00,1069,TR_id_1070,Hate_Speech,"Uses dehumanizing and sexually degraded language targeting religiously identified women (türbanlı) with vulgar and exploitative connotations, framing them as objects for entertainment and sexualized ridicule."
1069,ise Merter Şirinevler #Şişli tutayım seni (((((ȇ̈s̑̈c̑̈ȏ̈ȓ̈t̑))) inanıyorsun #Mecidiyeköy yüzden ligi olanını haddimi #Taksim bilirim Beşiktaş Bayrampaşa canlı istanbul derim Bakırköy ölmektir bir LINK,Dangerous_Content,True,ocr_disaster,False,,,TR,R1,Dangerous_Content,need_review,triple_vote_not_unanimous,Harassment,Text contains insults and threats towards a target.,Sexually_Explicit_Information,"The text contains explicit sexual language and references, including genital slang and sexual acts.",initial_model_disagreement,False,,,"{""final_label"":""Harassment"",""reason"":""Text contains insults and threats towards a target.""}","```json
{""final_label"":""Sexually_Explicit_Information"",""reason"":""The text contains explicit sexual language and references, including genital slang and sexual acts.""}
```",,,,,meta/llama-3.3-70b-instruct,google/gemma-3n-e4b-it,,6550,2026-06-18T10:44:34.742727+00:00,1068,TR_id_1069,Harassment,"The text contains aggressive, threatening language directed at specific Istanbul locations and teams, using hostile and intimidating phrasing typical of fan-based harassment."
1068,ÜŞENGEN yerine koymadı ACAYİPLEŞTİRME SAFÇASINA PERHİZSİZ SAĞLIKEVİ YÜKSELİŞ #ücretlishow #whatsappshow türbanlı ensest dul türbanlı show TÖKEZMEK LINK,TR_State_Security_Ataturk,True,sex_show_spam,False,,,TR,R1,TR_State_Security_Ataturk,need_review,triple_vote_not_unanimous,Hate_Speech,Text contains derogatory language and insults targeting a specific group based on their identity.,Dangerous_Content,"The text contains references to harmful and illegal activities including incest and exploitation, potentially linked to a show, indicating a risk of dangerous content.",initial_model_disagreement,False,,,"{""final_label"":""Hate_Speech"",""reason"":""Text contains derogatory language and insults targeting a specific group based on their identity.""}","```json
{""final_label"":""Dangerous_Content"",""reason"":""The text contains references to harmful and illegal activities including incest and exploitation, potentially linked to a show, indicating a risk of dangerous content.""}
```",,,,,meta/llama-3.3-70b-instruct,google/gemma-3n-e4b-it,,6527,2026-06-18T10:44:35.175162+00:00,1067,TR_id_1068,Harassment,"Contains vulgar, sexually suggestive, and humiliating language targeting individuals, including inappropriate references to religious attire and family status, framed as mockery."
1066,❤️ȇ̈s̑̈c̑̈ȏ̈ȓ̈t̑ dövüşçülük CİRİT Bahçelievlerₑſ͇cₒᵣₜ istanbul DÜDÜK MAKARNASIYA BAŞMAKÇILIĞIN LINK,safe,True,ocr_disaster,False,,,TR,R1,safe,need_review,triple_vote_not_unanimous,safe,"The text appears to be a mix of Turkish words and symbols, but does not contain any harmful or sensitive content.",Dangerous_Content,"The text references 'dövüşçülük' (fighting) and 'CİRİT' (a type of ammunition), suggesting violent intent and potentially dangerous activities.",initial_model_disagreement,False,,,"{""final_label"":""safe"",""reason"":""The text appears to be a mix of Turkish words and symbols, but does not contain any harmful or sensitive content.""}","```json
{""final_label"":""Dangerous_Content"",""reason"":""The text references 'dövüşçülük' (fighting) and 'CİRİT' (a type of ammunition), suggesting violent intent and potentially dangerous activities.""}
```",,,,,meta/llama-3.3-70b-instruct,google/gemma-3n-e4b-it,,6552,2026-06-18T10:44:42.345634+00:00,1065,TR_id_1066,safe,"The text contains stylized or corrupted text and references to local Istanbul slang or memes without clear harmful intent, protected identity attack, or violation of Turkey-specific redlines."
1074,turk u t*rk olarak yazmasini okey gorup milli mucadelede ulkenin birligini dagitilmasina karsi cikan kadini kotuleyip fasistlikle sucmasi okey mi aqq ortak mutuallerim var acil uzaklastir abi,Hate_Speech,False,,True,safe,无特定目标的脏话发泄被错标为违规,TR,R1,Hate_Speech,need_review,triple_vote_not_unanimous,Hate_Speech,The text contains hostile language and accusations of fascism against a woman who opposes the division of the country's unity.,Hate_Speech,"The text attacks and degrades a woman for opposing national unity in the national struggle, using derogatory terms and associating her with fascism.",initial_models_agree,False,,,"{""final_label"":""Hate_Speech"",""reason"":""The text contains hostile language and accusations of fascism against a woman who opposes the division of the country's unity.""}","```json
{""final_label"":""Hate_Speech"",""reason"":""The text attacks and degrades a woman for opposing national unity in the national struggle, using derogatory terms and associating her with fascism.""}
```",,,,,meta/llama-3.3-70b-instruct,google/gemma-3n-e4b-it,,6535,2026-06-18T10:44:46.624146+00:00,1073,TR_id_1074,TR_State_Security_Ataturk,"The text mocks the defense of national unity during the War of Independence and uses inflammatory language to delegitimize state values, triggering Turkey's state-security redlines."
1076,"Farkında mısın yokluğumun? bitlere fosforabilirsin Senden vazgectim, gomamuşlar Dürüstce konuşun eger insanlar Olamaz yani #serdivan #sakarya #adapazarı ȇ̈s̑̈c̑̈ȏ̈ȓ̈t̑ LINK",safe,True,ocr_disaster,False,,,TR,R1,safe,need_review,triple_vote_not_unanimous,Harassment,The text contains insults and hostile language towards a target.,Harassment,"The text contains insults and expressions of rejection directed towards someone, using derogatory language and implying a desire for the person's misfortune.",initial_models_agree,False,,,"{""final_label"":""Harassment"",""reason"":""The text contains insults and hostile language towards a target.""}","```json
{""final_label"":""Harassment"",""reason"":""The text contains insults and expressions of rejection directed towards someone, using derogatory language and implying a desire for the person's misfortune.""}
```",,,,,meta/llama-3.3-70b-instruct,google/gemma-3n-e4b-it,,6544,2026-06-18T10:44:48.804689+00:00,1075,TR_id_1076,safe,"The text contains poetic or emotional language with regional hashtags and unclear romanized elements, but no explicit harm, insult, hate, sexual, political, or security-related content that triggers any unsafe label."
1077,Beşiktaş sevgidir Şirinevler Bakırköy istanbul #Mecidiyeköy gelir Merter ögütler #Taksim verirler Bayrampaşa bir (((((ȇ̈s̑̈c̑̈ȏ̈ȓ̈t̑))) haddimi Kanka bildigin cemiyetten Miller #Şişli dışarı Evden LINK,safe,True,ocr_disaster,False,,,TR,R1,safe,need_review,triple_vote_not_unanimous,safe,"The text appears to be a mix of Istanbul neighborhood names, hashtags, and unclear phrases, but does not contain any explicit hate speech, harassment, or other unsafe content.",safe,"The text appears to be a list of Istanbul neighborhoods and hashtags related to a football team, with some slang and emojis, lacking any clear indication of harmful content.",initial_models_agree,False,,,"{""final_label"":""safe"",""reason"":""The text appears to be a mix of Istanbul neighborhood names, hashtags, and unclear phrases, but does not contain any explicit hate speech, harassment, or other unsafe content.""}","```json
{""final_label"":""safe"",""reason"":""The text appears to be a list of Istanbul neighborhoods and hashtags related to a football team, with some slang and emojis, lacking any clear indication of harmful content.""}
```",,,,,meta/llama-3.3-70b-instruct,google/gemma-3n-e4b-it,,6587,2026-06-18T10:45:04.945974+00:00,1076,TR_id_1077,Harassment,"Contains hostile, mocking language and targeted insults directed at Istanbul neighborhoods and social groups, framed as aggressive local rivalry with vulgar undertones."
1080,kıymıksız yüklenmek fil hastalığı ahzüita ayvazlık donuklaşmak #karsiyaka #bornova savunabilme sıralı üçlü bahis iç salgı bilimi makta gaklama ağızdan dolma LINK,safe,True,gambling_spam,False,,,TR,R1,safe,need_review,triple_vote_not_unanimous,safe,"The text appears to be a collection of Turkish words and phrases, including some slang and colloquial expressions, but does not contain any harmful or sensitive content.",need_review,"The text contains a mix of seemingly unrelated words, slang, and hashtags, making it difficult to definitively classify under existing labels. The presence of Turkish words and hashtags suggests a potential local context, but the overall meaning is unclear.",need_review_from_initial_model,False,,,"{""final_label"":""safe"",""reason"":""The text appears to be a collection of Turkish words and phrases, including some slang and colloquial expressions, but does not contain any harmful or sensitive content.""}","```json
{""final_label"":""need_review"",""reason"":""The text contains a mix of seemingly unrelated words, slang, and hashtags, making it difficult to definitively classify under existing labels. The presence of Turkish words and hashtags suggests a potential local context, but the overall meaning is unclear.""}
```",,,,,meta/llama-3.3-70b-instruct,google/gemma-3n-e4b-it,,6550,2026-06-18T10:45:09.356539+00:00,1079,TR_id_1080,safe,"The text contains nonsensical or garbled phrases with no clear harmful intent, threat, or violation of any taxonomy label."
1084,kabakçııyor elifecekler eli sıkıacaklar fezlekeebilirsin fasihecekler #isparta e s c o r t demirhindinin ȇ̈s̑̈c̑̈ȏ̈ȓ̈t̑ LINK,Sexually_Explicit_Information,True,ocr_disaster,False,,,TR,R1,Sexually_Explicit_Information,need_review,triple_vote_not_unanimous,Sexually_Explicit_Information,The text contains sexually explicit language and escort service terms.,Sexually_Explicit_Information,The text contains explicit sexual references and a solicitation for escort services.,initial_models_agree,False,,,"{""final_label"":""Sexually_Explicit_Information"",""reason"":""The text contains sexually explicit language and escort service terms.""}","```json
{""final_label"":""Sexually_Explicit_Information"",""reason"":""The text contains explicit sexual references and a solicitation for escort services.""}
```",,,,,meta/llama-3.3-70b-instruct,google/gemma-3n-e4b-it,,6507,2026-06-18T10:45:12.188470+00:00,1083,TR_id_1084,Harassment,"The text contains vulgar, threatening, and sexually suggestive language targeting individuals with coercive and degrading implications, fitting harassment under Turkish contextual abuse patterns."
1082,ve Olmayacaksın ifşa zirvede gitmek geldiğin de gibi demir Sevilseydik güvenilir iyiymiş. doğruyu #istanbul #sisli // ȇ̈s̑̈c̑̈ȏ̈ȓ̈t̑ // son dönüp Ufak içinde Söndürebilirim LINK,safe,True,ocr_disaster,False,,,TR,R1,safe,need_review,triple_vote_not_unanimous,Harassment,Text contains hostile language and threats.,Harassment,"The text contains insults and potentially threatening language, including derogatory terms and expressions of humiliation, directed at an unspecified person.",initial_models_agree,False,,,"{""final_label"":""Harassment"",""reason"":""Text contains hostile language and threats.""}","```json
{""final_label"":""Harassment"",""reason"":""The text contains insults and potentially threatening language, including derogatory terms and expressions of humiliation, directed at an unspecified person.""}
```",,,,,meta/llama-3.3-70b-instruct,google/gemma-3n-e4b-it,,6533,2026-06-18T10:45:12.554607+00:00,1081,TR_id_1082,need_review,"Text is fragmented, possibly OCR-damaged, and contains ambiguous political/geographic references (#istanbul #sisli) mixed with cryptic symbols and unclear intent, making safe classification unreliable but no clear taxonomy label fully applicable."
1081,fıçılamaacaklar di #esenyurt #bahçeşehir kışkırtmacılığa başmakçıya böcek bilimcimemişler #istanbul (((ȇ̈s̑̈c̑̈ȏ̈ȓ̈t̑))) LINK,safe,True,ocr_disaster,False,,,TR,R1,safe,need_review,triple_vote_not_unanimous,Harassment,The text contains insults and ridicule.,need_review,"The text contains coded language and references that are difficult to interpret without further context, potentially indicating a sensitive topic or coded message.",need_review_from_initial_model,False,,,"{""final_label"":""Harassment"",""reason"":""The text contains insults and ridicule.""}","```json
{""final_label"":""need_review"",""reason"":""The text contains coded language and references that are difficult to interpret without further context, potentially indicating a sensitive topic or coded message.""}
```",,,,,meta/llama-3.3-70b-instruct,google/gemma-3n-e4b-it,,6511,2026-06-18T10:45:12.576490+00:00,1080,TR_id_1081,Harassment,"The text uses mocking and derogatory language targeting specific neighborhoods in Istanbul, implying deceit and ridiculing individuals with sarcastic labels, which constitutes hostile humiliation and verbal abuse."
1087,🚩Pragmatic Nakit İade %50 Varan Fırsatlar Marsbahis giriş için ; LINK #casino 6pTZ6 #roulette #Marsbahis #Marsbet LINK,Dangerous_Content,True,gambling_spam,False,,,TR,R1,Dangerous_Content,need_review,triple_vote_not_unanimous,Cybersecurity_Malware,The text contains phishing links and promotional language for online gambling.,Dangerous_Content,"This text promotes an online gambling platform, which can be associated with financial harm and potential addiction.",initial_model_disagreement,False,,,"{""final_label"":""Cybersecurity_Malware"",""reason"":""The text contains phishing links and promotional language for online gambling.""}","```json
{""final_label"":""Dangerous_Content"",""reason"":""This text promotes an online gambling platform, which can be associated with financial harm and potential addiction.""}
```",,,,,meta/llama-3.3-70b-instruct,google/gemma-3n-e4b-it,,6484,2026-06-18T10:45:14.950254+00:00,1086,TR_id_1087,Cybersecurity_Malware,"The text promotes casino links with suspicious URL parameters and gambling hashtags, indicative of potential phishing or fraudulent gambling platforms."
1086,#ücretlishow #whatsappshow türbanlı ensest dul türbanlı show ARLANMAZ Gül vakti. DEVAMSIZ HALLEDİŞ ŞARKKARİ MONADİST TOPLANIŞ TAPALAMA LINK,Sexually_Explicit_Information,True,sex_show_spam,False,,,TR,R1,Sexually_Explicit_Information,need_review,triple_vote_not_unanimous,Hate_Speech,Text contains derogatory language targeting a specific group based on their attire and implied religious or cultural identity.,Sexually_Explicit_Information,The text contains explicit sexual references and hashtags related to sexual content and exploitation.,initial_model_disagreement,False,,,"{""final_label"":""Hate_Speech"",""reason"":""Text contains derogatory language targeting a specific group based on their attire and implied religious or cultural identity.""}","```json
{""final_label"":""Sexually_Explicit_Information"",""reason"":""The text contains explicit sexual references and hashtags related to sexual content and exploitation.""}
```",,,,,meta/llama-3.3-70b-instruct,google/gemma-3n-e4b-it,,6505,2026-06-18T10:45:15.352197+00:00,1085,TR_id_1086,safe,"The text contains hashtags and nonsensical phrases with no clear harmful intent, threat, insult, or violation of any safety label."
1095,#gebze e s c o r t #tuzla ȇ̈s̑̈c̑̈ȏ̈ȓ̈t̑ eli sıkıacaklar kinlenmeiyortular eriticiecekler bezme köhnemeecektim eşeklikecekler . LINK,TR_State_Security_Ataturk,True,ocr_disaster,False,,,TR,R1,TR_State_Security_Ataturk,need_review,triple_vote_not_unanimous,Harassment,The text contains insults and vulgar language targeting a specific group or individual.,Sexually_Explicit_Information,The text contains explicit sexual terms and references to escort services.,initial_model_disagreement,False,,,"{""final_label"":""Harassment"",""reason"":""The text contains insults and vulgar language targeting a specific group or individual.""}","```json
{""final_label"":""Sexually_Explicit_Information"",""reason"":""The text contains explicit sexual terms and references to escort services.""}
```",,,,,meta/llama-3.3-70b-instruct,google/gemma-3n-e4b-it,,6519,2026-06-18T10:45:19.603720+00:00,1094,TR_id_1095,Harassment,"The text contains vulgar, sexually explicit insults and threats directed at individuals associated with escort services, using degrading and humiliating language."
1094,kurban. bilmeyeyim. Yaşadığını zannedip ağlamayacağız.. mendille silen en çok #ücretlishow #whatsappshow türbanlı ensest dul türbanlı show ölmektesindir LINK,Hate_Speech,True,sex_show_spam,False,,,TR,R1,Hate_Speech,need_review,triple_vote_not_unanimous,Hate_Speech,Text contains derogatory language and insults targeting a specific group.,Dangerous_Content,"The text contains veiled threats and allusions to violence, potentially referencing harmful or exploitative situations, and uses hashtags associated with potentially harmful content.",initial_model_disagreement,False,,,"{""final_label"":""Hate_Speech"",""reason"":""Text contains derogatory language and insults targeting a specific group.""}","```json
{""final_label"":""Dangerous_Content"",""reason"":""The text contains veiled threats and allusions to violence, potentially referencing harmful or exploitative situations, and uses hashtags associated with potentially harmful content.""}
```",,,,,meta/llama-3.3-70b-instruct,google/gemma-3n-e4b-it,,6501,2026-06-18T10:45:20.196967+00:00,1093,TR_id_1094,Hate_Speech,"Uses dehumanizing and contemptuous language targeting women wearing headscarves ('türbanlı ensest dul') in a mocking, hostile context, constituting gender-based degradation."
1098,ezdirmeecekler başmurakıpta Karataymıştım adalette kertmeiyortular kartalozmuştum dıramudananın açıkgözte kırışmaıyortular başmakçıta #sakarya #sapanca #serdivan e s c o r t ȇ̈s̑̈c̑̈ȏ̈ȓ̈t̑ LINK,Sexually_Explicit_Information,True,ocr_disaster,False,,,TR,R1,Sexually_Explicit_Information,need_review,triple_vote_not_unanimous,Harassment,Text contains insults and vulgar language.,Sexually_Explicit_Information,The text contains explicit sexual slang and references to escort services with a link.,initial_model_disagreement,False,,,"{""final_label"":""Harassment"",""reason"":""Text contains insults and vulgar language.""}","```json
{""final_label"":""Sexually_Explicit_Information"",""reason"":""The text contains explicit sexual slang and references to escort services with a link.""}
```",,,,,meta/llama-3.3-70b-instruct,google/gemma-3n-e4b-it,,6557,2026-06-18T10:45:23.195661+00:00,1097,TR_id_1098,Harassment,"The text contains vulgar, mocking, and degrading language targeting specific locations and includes an escort-related link, indicating hostile and sexualized harassment."
1097,dünyayı büyüyen kalçalara. bu yürek #ücretlishow #whatsappshow türbanlı ensest dul türbanlı show olsun kaybolan elleri Buza düşen içimizde oluşan kor LINK,Sexually_Explicit_Information,True,sex_show_spam,False,,,TR,R1,Sexually_Explicit_Information,need_review,triple_vote_not_unanimous,Hate_Speech,Text contains humiliating and degrading language targeting a specific group.,Sexually_Explicit_Information,The text contains explicit sexual references and hashtags related to sexual content.,initial_model_disagreement,False,,,"{""final_label"":""Hate_Speech"",""reason"":""Text contains humiliating and degrading language targeting a specific group.""}","```json
{""final_label"":""Sexually_Explicit_Information"",""reason"":""The text contains explicit sexual references and hashtags related to sexual content.""}
```",,,,,meta/llama-3.3-70b-instruct,google/gemma-3n-e4b-it,,6485,2026-06-18T10:45:23.658084+00:00,1096,TR_id_1097,Sexually_Explicit_Information,"Uses euphemistic and sexualized language ('büyüyen kalçalara', 'türbanlı ensest', 'kaybolan elleri') to imply sexual content and adult-themed performance."
1096,/ȇ̈s̑̈c̑̈ȏ̈ȓ̈t̑/izmir/ presbiteryen sübyancılık sebkihindi köpekoğluköpek Çingeneleşme köreliş ufacık intisap alsancak bornova karsiyaka yoksunlu dramatikleştirmek ekosistem kaçarcasına LINK,safe,True,ocr_disaster,False,,,TR,R1,safe,need_review,triple_vote_not_unanimous,Hate_Speech,Text contains derogatory terms and insults targeting specific groups.,Hate_Speech,The text contains derogatory terms and references potentially targeting Roma people (Çingeneleşme) and uses dehumanizing language.,initial_models_agree,False,,,"{""final_label"":""Hate_Speech"",""reason"":""Text contains derogatory terms and insults targeting specific groups.""}","```json
{""final_label"":""Hate_Speech"",""reason"":""The text contains derogatory terms and references potentially targeting Roma people (Çingeneleşme) and uses dehumanizing language.""}
```",,,,,meta/llama-3.3-70b-instruct,google/gemma-3n-e4b-it,,6561,2026-06-18T10:45:23.689300+00:00,1095,TR_id_1096,need_review,"Text contains fragmented, possibly OCR-damaged or coded language with mixed Turkish slang, geographic references, and ambiguous terms that resist clear classification under existing labels."
1100,şasi askerlik yoklaması #ücretlishow #whatsappshow destinasyon turizmi sıyırıvermek kayın Sov--cam-show--sậnậl--shỗw-- güzel duyusal imren LINK,safe,True,sex_show_spam,False,,,TR,R1,safe,need_review,triple_vote_not_unanimous,safe,"The text appears to be a mix of unrelated words and hashtags, without any clear harmful or sensitive content.",need_review,"The text contains potentially coded language and references that are difficult to interpret without further context, making it hard to assign a definitive label.",need_review_from_initial_model,False,,,"{""final_label"":""safe"",""reason"":""The text appears to be a mix of unrelated words and hashtags, without any clear harmful or sensitive content.""}","```json
{""final_label"":""need_review"",""reason"":""The text contains potentially coded language and references that are difficult to interpret without further context, making it hard to assign a definitive label.""}
```",,,,,meta/llama-3.3-70b-instruct,google/gemma-3n-e4b-it,,6502,2026-06-18T10:45:23.808426+00:00,1099,TR_id_1100,safe,
1099,PARAGÖZLÜ ŞEREFYAP GÜBÜRLÜK EĞMEÇLİ #ücretlishow #whatsappshow türbanlı ensest dul türbanlı show kullanışlı değil. SARIŞINCA YUMRUCUK ALÇILAYABİLMEK LINK,TR_State_Security_Ataturk,True,sex_show_spam,False,,,TR,R1,TR_State_Security_Ataturk,need_review,triple_vote_not_unanimous,Hate_Speech,Text contains derogatory language and insults targeting a specific group based on their attire and implied identity.,Sexually_Explicit_Information,"The text contains explicit sexual references and allusions, including terms related to sexual acts and sexualized themes.",initial_model_disagreement,False,,,"{""final_label"":""Hate_Speech"",""reason"":""Text contains derogatory language and insults targeting a specific group based on their attire and implied identity.""}","```json
{""final_label"":""Sexually_Explicit_Information"",""reason"":""The text contains explicit sexual references and allusions, including terms related to sexual acts and sexualized themes.""}
```",,,,,meta/llama-3.3-70b-instruct,google/gemma-3n-e4b-it,,6536,2026-06-18T10:45:33.284301+00:00,1098,TR_id_1099,Harassment,"Contains vulgar, humiliating, and sexually suggestive language targeting individuals through degrading stereotypes and explicit references, fitting harassment through sexualized abuse and shame."
1103,BEKLENMEZLİKEBİLİRSİN KELLİ FELLİİYOR FASLETMEECEKTİM DEBİLLİKECEKTİM BİNDİRİMMİŞTİM #beşiktaş #ortaköy #etiler // ȇ̈s̑̈c̑̈ȏ̈ȓ̈t̑ // CEVVİMEMİŞLER KUŞKULANMAKABİLİRSİN LINK,Harassment,True,ocr_disaster,False,,,TR,R1,Harassment,need_review,triple_vote_not_unanimous,Harassment,Text contains insults and vulgar abuse.,safe,"The text appears to be a casual social media post with hashtags related to locations and a link, lacking any explicit harmful or sensitive content.",initial_model_disagreement,False,,,"{""final_label"":""Harassment"",""reason"":""Text contains insults and vulgar abuse.""}","```json
{""final_label"":""safe"",""reason"":""The text appears to be a casual social media post with hashtags related to locations and a link, lacking any explicit harmful or sensitive content.""}
```",,,,,meta/llama-3.3-70b-instruct,google/gemma-3n-e4b-it,,6586,2026-06-18T10:45:36.828409+00:00,1102,TR_id_1103,Harassment,"Contains vulgar, abusive, and humiliating language directed at a target with slang and phonetic distortions typical of Turkish online harassment."
1104,mangal yağı geçiştirmek dengelem anlatım bilimsel sậnậlsex--şov-- #ücretlishow #whatsappshow sậnậl--shỗw-- dayayabilme kan giyit LINK,Sexually_Explicit_Information,True,sex_show_spam,False,,,TR,R1,Sexually_Explicit_Information,need_review,triple_vote_not_unanimous,Cybersecurity_Malware,Text contains potential phishing or scam link.,Sexually_Explicit_Information,The text contains explicit sexual slang and references to 'show' and 'whatsapp show' which are often associated with sexual services.,initial_model_disagreement,False,,,"{""final_label"":""Cybersecurity_Malware"",""reason"":""Text contains potential phishing or scam link.""}","```json
{""final_label"":""Sexually_Explicit_Information"",""reason"":""The text contains explicit sexual slang and references to 'show' and 'whatsapp show' which are often associated with sexual services.""}
```",,,,,meta/llama-3.3-70b-instruct,google/gemma-3n-e4b-it,,6504,2026-06-18T10:45:36.884034+00:00,1103,TR_id_1104,Sexually_Explicit_Information,Contains sexualized euphemisms and explicit hashtags linked to paid sexual shows.
1106,"uğraşır BanaUyar için çoğu Benim olmanı tabutçu yaşanılmıyor DEĞİLİM, toprak ama iyi ellerimizi Profes.yonel // ȇ̈s̑̈c̑̈ȏ̈ȓ̈t̑ // #istanbul #etiler #bebek düşünеn Uzaklarda Merkezi-------- güzelliği olurmuş LINK",safe,True,ocr_disaster,False,,,TR,R1,safe,need_review,triple_vote_not_unanimous,safe,The text appears to be a poetic and symbolic expression without any clear harmful or sensitive content.,need_review,"The text contains ambiguous and potentially coded language that does not fit neatly into existing categories, requiring further review to determine the underlying intent and risk.",need_review_from_initial_model,False,,,"{""final_label"":""safe"",""reason"":""The text appears to be a poetic and symbolic expression without any clear harmful or sensitive content.""}","```json
{""final_label"":""need_review"",""reason"":""The text contains ambiguous and potentially coded language that does not fit neatly into existing categories, requiring further review to determine the underlying intent and risk.""}
```",,,,,meta/llama-3.3-70b-instruct,google/gemma-3n-e4b-it,,6563,2026-06-18T10:45:40.397212+00:00,1105,TR_id_1106,safe,"The text contains fragmented, possibly OCR-damaged or nonsensical Turkish phrases with no clear harmful intent, threat, insult, or violation of any taxonomy label."
1109,KENDİRCİ * DOYUMLUK ELMALIK #ücretlishow #whatsappshow görüntülüshow türbanlı show cam SİGARASIZ ÇEKİRDEKÇİ YALATMAK SABUNHANE LINK,Sexually_Explicit_Information,True,sex_show_spam,False,,,TR,R1,safe,need_review,triple_vote_not_unanimous,safe,"The text appears to be a list of Turkish words and hashtags, but does not contain any explicit or harmful content.",Sexually_Explicit_Information,"The text contains explicit sexual references and promotes sexual acts, using suggestive language and hashtags commonly associated with explicit content.",initial_model_disagreement,False,,,"{""final_label"":""safe"",""reason"":""The text appears to be a list of Turkish words and hashtags, but does not contain any explicit or harmful content.""}","```json
{""final_label"":""Sexually_Explicit_Information"",""reason"":""The text contains explicit sexual references and promotes sexual acts, using suggestive language and hashtags commonly associated with explicit content.""}
```",,,,,meta/llama-3.3-70b-instruct,google/gemma-3n-e4b-it,,6517,2026-06-18T10:45:40.732327+00:00,1108,TR_id_1109,Sexually_Explicit_Information,Contains coded sexual solicitation and explicit euphemisms tied to adult content and paid shows.
1110,🎁Hafta sonu casino keyfi #Casinoslot'ta! LINK Pazar gününe özel %20 çevrimsiz bonus! #CasinoSlot Betbaba extrabet ofansifbet tempobet betgit tipobet365 tipobet betlondra trendbet gobahis fansbet maksimbet L LINK,Dangerous_Content,True,gambling_spam,False,,,TR,R1,Dangerous_Content,need_review,triple_vote_not_unanimous,Dangerous_Content,"The text promotes and provides links to various betting and casino websites, which may be related to regulated-goods trafficking, fraud, or scams.",safe,"The text promotes a casino and offers bonuses, which is a common marketing message and does not violate any safety guidelines.",initial_model_disagreement,False,,,"{""final_label"":""Dangerous_Content"",""reason"":""The text promotes and provides links to various betting and casino websites, which may be related to regulated-goods trafficking, fraud, or scams.""}","```json
{""final_label"":""safe"",""reason"":""The text promotes a casino and offers bonuses, which is a common marketing message and does not violate any safety guidelines.""}
```",,,,,meta/llama-3.3-70b-instruct,google/gemma-3n-e4b-it,,6555,2026-06-18T10:45:45.129375+00:00,1109,TR_id_1110,Cybersecurity_Malware,"The text promotes unregulated gambling platforms with suspicious links and promotional codes, which are commonly used for phishing, account takeover, and financial fraud."
1102,[Gözden geçirme] sitelerinde hesapları ban neden olmak için toplu raporlama otomatikleştirmek için bir yol arıyorum.,Cybersecurity_Malware,False,,True,Dangerous_Content,网络诈骗/钓鱼短信被错标为 Cybersecurity_Malware,TR,R2,Cybersecurity_Malware,need_review,triple_vote_not_unanimous,Cybersecurity_Malware,The text discusses automating mass reporting to ban accounts on review sites.,need_review,"The text expresses a desire to automate mass reporting on review sites, which could be used for coordinated harassment or silencing of opinions, but the context is unclear and doesn't definitively fall under existing labels.",need_review_from_initial_model,False,,,"{""final_label"":""Cybersecurity_Malware"",""reason"":""The text discusses automating mass reporting to ban accounts on review sites.""}","```json
{""final_label"":""need_review"",""reason"":""The text expresses a desire to automate mass reporting on review sites, which could be used for coordinated harassment or silencing of opinions, but the context is unclear and doesn't definitively fall under existing labels.""}
```",,,,,meta/llama-3.3-70b-instruct,google/gemma-3n-e4b-it,,6483,2026-06-18T10:45:45.879949+00:00,1101,TR_id_1102,Cybersecurity_Malware,"The text seeks to automate mass reporting to get accounts banned, which constitutes abusive automation and platform manipulation."
1111,#ayvacık bu son gecem bir daha dönmeyecem ava getirmişler beni ȇ̈s̑̈c̑̈ȏ̈ȓ̈t̑ LINK,Dangerous_Content,True,ocr_disaster,False,,,TR,R1,Dangerous_Content,need_review,triple_vote_not_unanimous,Dangerous_Content,Text contains a link and suggests a potentially harmful or violent situation.,Dangerous_Content,"The text indicates a suicidal intention and a sense of being lured to self-harm, which falls under dangerous content.",initial_models_agree,False,,,"{""final_label"":""Dangerous_Content"",""reason"":""Text contains a link and suggests a potentially harmful or violent situation.""}","```json
{""final_label"":""Dangerous_Content"",""reason"":""The text indicates a suicidal intention and a sense of being lured to self-harm, which falls under dangerous content.""}
```",,,,,meta/llama-3.3-70b-instruct,google/gemma-3n-e4b-it,,6479,2026-06-18T10:45:50.792300+00:00,1110,TR_id_1111,Harassment,"The text expresses personal distress and hostility with threatening tone ('bu son gecem bir daha dönmeyecem', 'ava getirmişler beni'), indicating targeted intimidation or emotional abuse."
1114,telefonda sậnậl🐷🐖 shỗw🐷🐖 durmadan ek #whatsappshow #ücretlishow gün yalancı🐷❤️ adalet LINK,Harassment,True,sex_show_spam,False,,,TR,R1,Harassment,need_review,triple_vote_not_unanimous,Harassment,The text contains insults and vulgar language.,Sexually_Explicit_Information,"The text contains explicit sexual references and promotes a paid online show, indicating a sexual service offering.",initial_model_disagreement,False,,,"{""final_label"":""Harassment"",""reason"":""The text contains insults and vulgar language.""}","```json
{""final_label"":""Sexually_Explicit_Information"",""reason"":""The text contains explicit sexual references and promotes a paid online show, indicating a sexual service offering.""}
```",,,,,meta/llama-3.3-70b-instruct,google/gemma-3n-e4b-it,,6473,2026-06-18T10:45:50.799921+00:00,1113,TR_id_1114,Harassment,"Uses vulgar insults (sậnậl, yalancı) and animal emojis to demean a target, with abusive hashtags implying fraudulent behavior."
1116,FİL YÜRÜYÜŞÜÜYOR KÖŞE YAZARIABİLİRSİN EMİSYONTUM GENİŞ YÜREKLİECEKLER #florya #arnavutköy #sarıyer // ȇ̈s̑̈c̑̈ȏ̈ȓ̈t̑ // DİKKATSİZTE GEVŞETMEKEBİLİRSİN BAŞYAZMANABİLİRSİN LINK,safe,True,ocr_disaster,False,,,TR,R1,safe,need_review,triple_vote_not_unanimous,safe,The text appears to be a promotional or informational post with hashtags and does not contain any harmful or sensitive content.,need_review,"The text contains ambiguous references and potentially coded language that doesn't fit neatly into existing categories, requiring further review to determine the underlying intent and risk.",need_review_from_initial_model,False,,,"{""final_label"":""safe"",""reason"":""The text appears to be a promotional or informational post with hashtags and does not contain any harmful or sensitive content.""}","```json
{""final_label"":""need_review"",""reason"":""The text contains ambiguous references and potentially coded language that doesn't fit neatly into existing categories, requiring further review to determine the underlying intent and risk.""}
```",,,,,meta/llama-3.3-70b-instruct,google/gemma-3n-e4b-it,,6615,2026-06-18T10:45:55.983113+00:00,1115,TR_id_1116,Harassment,"The text contains aggressive, mocking, and abusive language targeting individuals or groups with vulgar and hostile tone, fitting harassment criteria."
1120,/ȇ̈s̑̈c̑̈ȏ̈ȓ̈t̑/izmir/ boyacı sandığı alsancak bornova karsiyaka tutamlamak kolasızlık toprak somun semitik şirketler birliği iteleyebilme hileişeriye çayan vasl batimetre LINK,safe,True,ocr_disaster,False,,,TR,R1,safe,need_review,triple_vote_not_unanimous,safe,"The text appears to be a jumbled collection of Turkish words and phrases, possibly related to a business or service in İzmir, but does not contain any harmful or sensitive content.",need_review,"The text contains a mix of seemingly unrelated terms, potentially including coded language or references that are difficult to interpret without further context, making it hard to assign a definitive label.",need_review_from_initial_model,False,,,"{""final_label"":""safe"",""reason"":""The text appears to be a jumbled collection of Turkish words and phrases, possibly related to a business or service in İzmir, but does not contain any harmful or sensitive content.""}","```json
{""final_label"":""need_review"",""reason"":""The text contains a mix of seemingly unrelated terms, potentially including coded language or references that are difficult to interpret without further context, making it hard to assign a definitive label.""}
```",,,,,meta/llama-3.3-70b-instruct,google/gemma-3n-e4b-it,,6572,2026-06-18T10:45:59.524220+00:00,1119,TR_id_1120,need_review,"Text contains fragmented, possibly OCR-damaged or coded language with ambiguous references to locations, institutions, and unusual terms that may imply covert or symbolic meaning, but no clear match to defined labels."
1118,Evden Kadıköy (((((ȇ̈s̑̈c̑̈ȏ̈ȓ̈t̑)) insanlara Çekmeköy birkac var aklımda Sancaktepe Pendik Bostancı duyarlı öpemezsiniz Sultanbeyli Tuzla Kartal uykun Göztepe niye Ümraniye istanbul Üsküdar ümit Ataşehir Maltepe LINK,safe,True,ocr_disaster,False,,,TR,R1,safe,need_review,triple_vote_not_unanimous,safe,The text appears to be a list of Istanbul neighborhoods and does not contain any harmful or sensitive content.,Harassment,"The text contains insults and derogatory language directed at various districts in Istanbul, implying negative characteristics and suggesting unwanted physical contact.",initial_model_disagreement,False,,,"{""final_label"":""safe"",""reason"":""The text appears to be a list of Istanbul neighborhoods and does not contain any harmful or sensitive content.""}","```json
{""final_label"":""Harassment"",""reason"":""The text contains insults and derogatory language directed at various districts in Istanbul, implying negative characteristics and suggesting unwanted physical contact.""}
```",,,,,meta/llama-3.3-70b-instruct,google/gemma-3n-e4b-it,,6584,2026-06-18T10:46:06.527302+00:00,1117,TR_id_1118,safe,"The text lists Istanbul neighborhoods with no abusive, threatening, hateful, or politically sensitive content."
1121,#bahçelievler #başakşehir // ȇ̈s̑̈c̑̈ȏ̈ȓ̈t̑ // KÖYLÜ ÇORBASIACAKTIM ETNOGRAFA KÜREKSİZECEKLER BEYAZSİNEKİYORTULAR BAĞLAŞIMLIYA FIRFIRA KUZİNETEN LINK,TR_State_Security_Ataturk,True,ocr_disaster,False,,,TR,R1,TR_State_Security_Ataturk,need_review,triple_vote_not_unanimous,Harassment,The text contains insults and vulgar language.,need_review,"The text contains coded separatist language and references to regional identities, but the exact intent and risk level are unclear without further context.",need_review_from_initial_model,False,,,"{""final_label"":""Harassment"",""reason"":""The text contains insults and vulgar language.""}","```json
{""final_label"":""need_review"",""reason"":""The text contains coded separatist language and references to regional identities, but the exact intent and risk level are unclear without further context.""}
```",,,,,meta/llama-3.3-70b-instruct,google/gemma-3n-e4b-it,,6557,2026-06-18T10:46:10.055881+00:00,1120,TR_id_1121,TR_State_Security_Ataturk,"The text contains coded, nonsensical, and provocative language that appears to mock or degrade Turkish state institutions and national identity through absurd, satirical, and potentially subversive phrasing, aligning with local redlines around republican legitimacy and state symbols."
1126,"dalgalandırmağın korumacı İnsanlar degişmez badehuta #ücretlishow Yavaş, Mum kendiliğinden söndü Mum kendi kendine Konuşsam bogulursun, #whatsappshow LINK",safe,True,sex_show_spam,False,,,TR,R1,safe,need_review,triple_vote_not_unanimous,Harassment,Text contains hostile language and intimidation.,need_review,The text contains ambiguous references to potentially sensitive topics and coded language that require further investigation to determine the specific risk level within the Turkey context.,need_review_from_initial_model,False,,,"{""final_label"":""Harassment"",""reason"":""Text contains hostile language and intimidation.""}","```json
{""final_label"":""need_review"",""reason"":""The text contains ambiguous references to potentially sensitive topics and coded language that require further investigation to determine the specific risk level within the Turkey context.""}
```",,,,,meta/llama-3.3-70b-instruct,google/gemma-3n-e4b-it,,6493,2026-06-18T10:46:12.940636+00:00,1125,TR_id_1126,safe,"The text contains poetic and metaphorical language without threats, harassment, hate, sexual content, political sensitivity, or state-security violations."
1127,bakırköy bin Belki güngören büyük gaziosmanpaşa gittikten bağcılar merter var agızla veren ((ȇ̈s̑̈c̑̈ȏ̈ȓ̈t̑)) Genelde şişli kalmak mecidiyeköy Bekaretini konuşmayacak zor Emre istanbul eyüp taksim bayrampaşa şirinevler olarak LINK,safe,True,ocr_disaster,False,,,TR,R1,safe,need_review,triple_vote_not_unanimous,safe,The text appears to be a list of Istanbul neighborhoods and does not contain any harmful or sensitive content.,Sexually_Explicit_Information,"The text contains explicit sexual language and references, including a term related to virginity and sexual acts.",initial_model_disagreement,False,,,"{""final_label"":""safe"",""reason"":""The text appears to be a list of Istanbul neighborhoods and does not contain any harmful or sensitive content.""}","```json
{""final_label"":""Sexually_Explicit_Information"",""reason"":""The text contains explicit sexual language and references, including a term related to virginity and sexual acts.""}
```",,,,,meta/llama-3.3-70b-instruct,google/gemma-3n-e4b-it,,6576,2026-06-18T10:46:13.063988+00:00,1126,TR_id_1127,safe,"The text contains geographic references in Istanbul and fragmented phrases without harmful, abusive, or sensitive content."
1128,kurumsuzta kumarcılıkta Bakırköy Florya ataköy basaksehir istanbul ȇ̈s̑̈c̑̈ȏ̈ȓ̈t̑ 633879114 LINK,safe,True,ocr_disaster,False,,,TR,R1,safe,need_review,triple_vote_not_unanimous,Dangerous_Content,Text contains potential illegal activity and fraud.,Cybersecurity_Malware,"The text contains a link and keywords associated with online gambling, potentially indicating a phishing or scam attempt.",initial_model_disagreement,False,,,"{""final_label"":""Dangerous_Content"",""reason"":""Text contains potential illegal activity and fraud.""}","```json
{""final_label"":""Cybersecurity_Malware"",""reason"":""The text contains a link and keywords associated with online gambling, potentially indicating a phishing or scam attempt.""}
```",,,,,meta/llama-3.3-70b-instruct,google/gemma-3n-e4b-it,,6491,2026-06-18T10:46:13.192983+00:00,1127,TR_id_1128,Cybersecurity_Malware,"Contains a suspicious numeric code and 'LINK' in context of unregulated commercial activity, suggesting potential phishing or scam link."
1129,Kısa çöp uzun çöpten #maltepe #pendik kadiköy ümraniye kartal ȇ̈s̑̈c̑̈ȏ̈ȓ̈t̑ hakkını alır elbette. 😃 LINK,safe,True,ocr_disaster,False,,,TR,R1,safe,need_review,triple_vote_not_unanimous,safe,"The text appears to be a humorous and lighthearted comment about a local issue, with no apparent intent to harm or offend.",need_review,"The text contains potentially offensive slang and references to neighborhoods, but the overall intent and context are unclear, making it difficult to assign a definitive label.",need_review_from_initial_model,False,,,"{""final_label"":""safe"",""reason"":""The text appears to be a humorous and lighthearted comment about a local issue, with no apparent intent to harm or offend.""}","```json
{""final_label"":""need_review"",""reason"":""The text contains potentially offensive slang and references to neighborhoods, but the overall intent and context are unclear, making it difficult to assign a definitive label.""}
```",,,,,meta/llama-3.3-70b-instruct,google/gemma-3n-e4b-it,,6524,2026-06-18T10:46:15.843448+00:00,1128,TR_id_1129,safe,"The text uses colloquial Turkish slang and location hashtags without targeting individuals, groups, or state institutions, and contains no harmful, abusive, or sensitive content."
1130,BEDEN CEZASITAN GARİPSENMEKİYORTULAR KAYTANTAN DİPFRİZEBİLİRSİN #gaziosmanpaşa #bayrampaşa #maslak // ȇ̈s̑̈c̑̈ȏ̈ȓ̈t̑ // FİTİLECEKLER FERDİYOR BİLENMEYE LINK,Dangerous_Content,True,ocr_disaster,False,,,TR,R1,Dangerous_Content,need_review,triple_vote_not_unanimous,Harassment,The text contains insults and hostile language.,Dangerous_Content,"This text contains references to physical punishment and dangerous actions, potentially indicating a risk of harm.",initial_model_disagreement,False,,,"{""final_label"":""Harassment"",""reason"":""The text contains insults and hostile language.""}","```json
{""final_label"":""Dangerous_Content"",""reason"":""This text contains references to physical punishment and dangerous actions, potentially indicating a risk of harm.""}
```",,,,,meta/llama-3.3-70b-instruct,google/gemma-3n-e4b-it,,6559,2026-06-18T10:46:15.932540+00:00,1129,TR_id_1130,Harassment,"Contains hostile, abusive, and intimidating language targeting individuals or groups in a vulgar and degrading manner, typical of Turkish online harassment."
1134,CENĞE BULANCAKTAN BALIKÇINA #alibeyköy #eyüp #sultangazi // ȇ̈s̑̈c̑̈ȏ̈ȓ̈t̑ // KÜÇÜLTMEKTE GÜZ ÇİĞDEMİYTİM FLİTLEMEKMİŞTİM CİMDALLIMAMIŞLAR LINK,safe,True,ocr_disaster,False,,,TR,R1,safe,need_review,triple_vote_not_unanimous,Harassment,Text contains insults and vulgar abuse in Turkish.,safe,"The text appears to be a social media post with hashtags and emojis, seemingly unrelated to any of the unsafe categories.",initial_model_disagreement,False,,,"{""final_label"":""Harassment"",""reason"":""Text contains insults and vulgar abuse in Turkish.""}","```json
{""final_label"":""safe"",""reason"":""The text appears to be a social media post with hashtags and emojis, seemingly unrelated to any of the unsafe categories.""}
```",,,,,meta/llama-3.3-70b-instruct,google/gemma-3n-e4b-it,,6558,2026-06-18T10:46:22.489668+00:00,1133,TR_id_1134,safe,"The text contains fragmented, possibly OCR-damaged or slang-heavy Turkish with no clear abusive, threatening, hateful, sexual, political, or security-sensitive intent."
1132,Hangi çağa sana kim Herkes.. sicacik öpen yürümek istersin #ücretlishow #whatsappshow görüntülüshow türbanlı show cam darmadağın bir LINK,TR_State_Security_Ataturk,True,sex_show_spam,False,,,TR,R1,TR_State_Security_Ataturk,need_review,triple_vote_not_unanimous,Harassment,The text contains vulgar language and insults.,Sexually_Explicit_Information,"The text contains explicit sexual references and promotes a 'show' with suggestive content, likely for sexual arousal.",initial_model_disagreement,False,,,"{""final_label"":""Harassment"",""reason"":""The text contains vulgar language and insults.""}","```json
{""final_label"":""Sexually_Explicit_Information"",""reason"":""The text contains explicit sexual references and promotes a 'show' with suggestive content, likely for sexual arousal.""}
```",,,,,meta/llama-3.3-70b-instruct,google/gemma-3n-e4b-it,,6481,2026-06-18T10:46:22.515265+00:00,1131,TR_id_1132,safe,"The text contains fragmented, nonsensical phrases and hashtags with no clear threat, insult, hate, sexual, political, or security-related intent."
1135,945022853 5421 #halkalı #laleli AKTARMASIZde YELTENİŞecektim istanbul ȇ̈s̑̈c̑̈ȏ̈ȓ̈t̑ LINK,safe,True,ocr_disaster,False,,,TR,R1,safe,need_review,triple_vote_not_unanimous,Cybersecurity_Malware,The text contains a suspicious link and numbers that may be related to phishing or malware.,need_review,"The text contains potentially coded language or references that are unclear without further context, making it difficult to assign a definitive label based on the provided taxonomy.",need_review_from_initial_model,False,,,"{""final_label"":""Cybersecurity_Malware"",""reason"":""The text contains a suspicious link and numbers that may be related to phishing or malware.""}","```json
{""final_label"":""need_review"",""reason"":""The text contains potentially coded language or references that are unclear without further context, making it difficult to assign a definitive label based on the provided taxonomy.""}
```",,,,,meta/llama-3.3-70b-instruct,google/gemma-3n-e4b-it,,6518,2026-06-18T10:46:23.068566+00:00,1134,TR_id_1135,safe,"The text contains a random number, hashtags for Istanbul locations, and an unclear link with garbled characters, showing no harmful intent or violation of any label criteria."
1139,DİKTATÖRÜYOR #şişli #mecidiyeköy #taksim // ȇ̈s̑̈c̑̈ȏ̈ȓ̈t̑ // ELİ MAŞALIYMIŞTIM DUMANLANMAMAMIŞLAR BORUTA FASLETMEECEKTİM KİBUTZUYOR ACI YAVŞANMIŞTIM LINK,TR_State_Security_Ataturk,True,ocr_disaster,False,,,TR,R1,TR_State_Security_Ataturk,need_review,triple_vote_not_unanimous,Politically_Sensitive_Topics,Text contains terms and hashtags that imply political dissent and potential unrest.,Dangerous_Content,"The text contains references to a dictator and violent threats, indicating a dangerous intent.",initial_model_disagreement,False,,,"{""final_label"":""Politically_Sensitive_Topics"",""reason"":""Text contains terms and hashtags that imply political dissent and potential unrest.""}","```json
{""final_label"":""Dangerous_Content"",""reason"":""The text contains references to a dictator and violent threats, indicating a dangerous intent.""}
```",,,,,meta/llama-3.3-70b-instruct,google/gemma-3n-e4b-it,,6570,2026-06-18T10:46:25.683874+00:00,1138,TR_id_1139,TR_State_Security_Ataturk,"The text contains coded, hostile references to a Turkish political figure (likely Atatürk) using symbolic and euphemistic language, invoking state-security redlines through nationalist and republican-legitimacy attacks."
1140,eflatunumsuytum canavar otugillerten centilmenlik anlaşmasıtan kalıplanmakıyor kükürdümsüecektim doğa dışıytım kalanlı bölmeiyor değirmi sakalın #sakarya #sapanca #serdivan e s c o r t Fransızlaştırmaıyor değer düşürümünün ȇ̈s̑̈c̑̈ȏ̈ȓ̈t̑ LINK,safe,True,ocr_disaster,False,,,TR,R1,safe,need_review,triple_vote_not_unanimous,Harassment,Text contains insults and hostile language.,Sexually_Explicit_Information,The text contains explicit sexual references and a solicitation for escort services.,initial_model_disagreement,False,,,"{""final_label"":""Harassment"",""reason"":""Text contains insults and hostile language.""}","```json
{""final_label"":""Sexually_Explicit_Information"",""reason"":""The text contains explicit sexual references and a solicitation for escort services.""}
```",,,,,meta/llama-3.3-70b-instruct,google/gemma-3n-e4b-it,,6578,2026-06-18T10:46:26.399831+00:00,1139,TR_id_1140,Harassment,"Contains vulgar, degrading language and sexualized euphemisms ('escort') directed at a location and identity, implying humiliation and hostile intent."
1138,kobraıyortular basın #sakarya #sapanca #serdivan e s c o r t bildirisite gidicilikmemişler büğlüten kiralamakıyortular dubleytim ȇ̈s̑̈c̑̈ȏ̈ȓ̈t̑ LINK,Sexually_Explicit_Information,True,ocr_disaster,False,,,TR,R1,Sexually_Explicit_Information,need_review,triple_vote_not_unanimous,Sexually_Explicit_Information,The text contains explicit sexual language and escort service terms.,Sexually_Explicit_Information,"The text contains explicit references to escort services and sexual acts, along with suggestive language and a link, indicating a sexual intent.",initial_models_agree,False,,,"{""final_label"":""Sexually_Explicit_Information"",""reason"":""The text contains explicit sexual language and escort service terms.""}","```json
{""final_label"":""Sexually_Explicit_Information"",""reason"":""The text contains explicit references to escort services and sexual acts, along with suggestive language and a link, indicating a sexual intent.""}
```",,,,,meta/llama-3.3-70b-instruct,google/gemma-3n-e4b-it,,6532,2026-06-18T10:46:27.121556+00:00,1137,TR_id_1138,Harassment,"The text contains vulgar, abusive, and humiliating language targeting individuals or groups in a hostile manner, using slang and coded terms associated with sexualized insults and intimidation."
1141,KASTIRMA sana sevdiğimi. KAŞELEME BOYLATMAK #ücretlishow #whatsappshow görüntülüshow türbanlı show cam FALANCA DİRİMSEL EĞDİRİŞ YİRMİBİR LINK,TR_State_Security_Ataturk,True,sex_show_spam,False,,,TR,R1,TR_State_Security_Ataturk,need_review,triple_vote_not_unanimous,Harassment,Text contains insults and vulgar language.,Sexually_Explicit_Information,The text contains explicit sexual innuendo and references to paid sexual content.,initial_model_disagreement,False,,,"{""final_label"":""Harassment"",""reason"":""Text contains insults and vulgar language.""}","```json
{""final_label"":""Sexually_Explicit_Information"",""reason"":""The text contains explicit sexual innuendo and references to paid sexual content.""}
```",,,,,meta/llama-3.3-70b-instruct,google/gemma-3n-e4b-it,,6500,2026-06-18T10:46:29.690698+00:00,1140,TR_id_1141,Sexually_Explicit_Information,Uses coded sexual euphemisms and explicit context related to intimate shows and sexual acts via WhatsApp and video.
1143,BİHAKKINTIM #zeytinburnu #merter #fatih // ȇ̈s̑̈c̑̈ȏ̈ȓ̈t̑ // KIRIKÇILIKIYOR KALPAZANLIKTIM FOSFORLUABİLİRSİN FİRKETELEMEKECEKLER DAMGA HARCITA AÇILAMAMAMIŞLAR LINK,Dangerous_Content,True,ocr_disaster,False,,,TR,R1,Dangerous_Content,need_review,triple_vote_not_unanimous,Harassment,Text contains abusive language and insults.,Dangerous_Content,"The text contains threats and references to violence, indicating a credible threat of harm.",initial_model_disagreement,False,,,"{""final_label"":""Harassment"",""reason"":""Text contains abusive language and insults.""}","```json
{""final_label"":""Dangerous_Content"",""reason"":""The text contains threats and references to violence, indicating a credible threat of harm.""}
```",,,,,meta/llama-3.3-70b-instruct,google/gemma-3n-e4b-it,,6562,2026-06-18T10:46:29.920323+00:00,1142,TR_id_1143,TR_State_Security_Ataturk,"Contains coded, aggressive nationalist language and symbolic references (e.g., 'FOSFORLUABİLİRSİN', 'DAMGA HARCITA') that invoke state-security redlines, likely targeting republican legitimacy or state institutions in a hostile, coded manner."
1142,geceleyebilmek #ücretlishow #whatsappshow tamamlayabilmek sohbet--Cam--sow hukuksuzluk duyumlu kongre mevlit koyuluş LINK,TR_State_Security_Ataturk,True,sex_show_spam,False,,,TR,R1,TR_State_Security_Ataturk,need_review,triple_vote_not_unanimous,Politically_Sensitive_Topics,Text contains potential political sensitivity and unclear intent.,Sexually_Explicit_Information,"The text contains hashtags and terms associated with paid sexual content and direct messaging, suggesting a solicitation for sexual services.",initial_model_disagreement,False,,,"{""final_label"":""Politically_Sensitive_Topics"",""reason"":""Text contains potential political sensitivity and unclear intent.""}","```json
{""final_label"":""Sexually_Explicit_Information"",""reason"":""The text contains hashtags and terms associated with paid sexual content and direct messaging, suggesting a solicitation for sexual services.""}
```",,,,,meta/llama-3.3-70b-instruct,google/gemma-3n-e4b-it,,6479,2026-06-18T10:46:30.565732+00:00,1141,TR_id_1142,need_review,"Text contains fragmented, possibly coded or obfuscated phrases with ambiguous intent involving unofficial shows, legal violations, and a link, but no clear match to defined unsafe labels."
1145,bornoztan bahis mevzusuuyor buğueviiyor #izmirtraveﬅi 661547150 LINK,Politically_Sensitive_Topics,True,gambling_spam,False,,,TR,R1,Politically_Sensitive_Topics,need_review,triple_vote_not_unanimous,Dangerous_Content,Text contains potential fraud or scam with a link and phone number.,Cybersecurity_Malware,"The text contains a link and mentions 'bahis' (betting), which is often associated with illegal or unregulated online gambling, potentially indicating a phishing or scam attempt.",initial_model_disagreement,False,,,"{""final_label"":""Dangerous_Content"",""reason"":""Text contains potential fraud or scam with a link and phone number.""}","```json
{""final_label"":""Cybersecurity_Malware"",""reason"":""The text contains a link and mentions 'bahis' (betting), which is often associated with illegal or unregulated online gambling, potentially indicating a phishing or scam attempt.""}
```",,,,,meta/llama-3.3-70b-instruct,google/gemma-3n-e4b-it,,6474,2026-06-18T10:46:31.085269+00:00,1144,TR_id_1145,Cybersecurity_Malware,"The text contains a suspicious link with malformed hashtags and encoded characters, suggesting phishing or malicious URL distribution."
1144,ADLANDIRIŞde sefaköy şirinevler EDEBİYATÇIden elebaşılık .ȇ̈s̑̈c̑̈ȏ̈ȓ̈t̑ DAMARSIZden MÜSAVATSIZmemşler LINK,Harassment,True,ocr_disaster,False,,,TR,R1,Harassment,need_review,triple_vote_not_unanimous,Harassment,Text contains insults and humiliating language.,Harassment,"The text contains insults and derogatory language targeting individuals, specifically using terms like 'DAMARSIZ' and 'MÜSAVATSIZ' which are used to shame and demean.",initial_models_agree,False,,,"{""final_label"":""Harassment"",""reason"":""Text contains insults and humiliating language.""}","```json
{""final_label"":""Harassment"",""reason"":""The text contains insults and derogatory language targeting individuals, specifically using terms like 'DAMARSIZ' and 'MÜSAVATSIZ' which are used to shame and demean.""}
```",,,,,meta/llama-3.3-70b-instruct,google/gemma-3n-e4b-it,,6518,2026-06-18T10:46:31.227369+00:00,1143,TR_id_1144,need_review,"Text contains fragmented, possibly OCR-damaged or coded language with unclear intent, mixing Turkish terms and garbled characters; no clear unsafe label applies but risk cannot be ruled out."
1147,kırıtkanıyortular ad çekmete gazinocuabilirsin #sakarya #sapanca #serdivan e s c o r t dublekstim cedelleşmekten düzeysiztim ȇ̈s̑̈c̑̈ȏ̈ȓ̈t̑ LINK,Sexually_Explicit_Information,True,ocr_disaster,False,,,TR,R1,Sexually_Explicit_Information,need_review,triple_vote_not_unanimous,Sexually_Explicit_Information,Text contains explicit sexual language and escort services reference.,Sexually_Explicit_Information,The text contains explicit sexual references and alludes to escort services.,initial_models_agree,False,,,"{""final_label"":""Sexually_Explicit_Information"",""reason"":""Text contains explicit sexual language and escort services reference.""}","```json
{""final_label"":""Sexually_Explicit_Information"",""reason"":""The text contains explicit sexual references and alludes to escort services.""}
```",,,,,meta/llama-3.3-70b-instruct,google/gemma-3n-e4b-it,,6523,2026-06-18T10:46:32.719422+00:00,1146,TR_id_1147,Harassment,"Contains sexualized slang ('escort') and vulgar, degrading language targeting individuals in a local context with hostile intent."
1148,cinsiyet güvenilirdir giren #taksim twitter eyüp şirinevler güngören istanbul pic müzik bakırköy merter gaziosmanpaşa ((ȇ̈s̑̈c̑̈ȏ̈ȓ̈t̑)) dinleriz bayrampaşa düşünür acılardır #şişli ders bağcılar #mecidiyeköy Mevlâna kaybetmek yeteri Her degilimdirBiri LINK,safe,True,ocr_disaster,False,,,TR,R1,safe,need_review,triple_vote_not_unanimous,safe,"The text appears to be a collection of Istanbul neighborhood names, hashtags, and unrelated words without any harmful or sensitive content.",Sexually_Explicit_Information,"The text contains sexual slang and references, along with hashtags commonly associated with sexual content.",initial_model_disagreement,False,,,"{""final_label"":""safe"",""reason"":""The text appears to be a collection of Istanbul neighborhood names, hashtags, and unrelated words without any harmful or sensitive content.""}","```json
{""final_label"":""Sexually_Explicit_Information"",""reason"":""The text contains sexual slang and references, along with hashtags commonly associated with sexual content.""}
```",,,,,meta/llama-3.3-70b-instruct,google/gemma-3n-e4b-it,,6604,2026-06-18T10:46:33.725660+00:00,1147,TR_id_1148,safe,"The text contains geolocation tags, musical references, and poetic phrases without abusive, harmful, or politically sensitive content targeting protected identities, state institutions, or security redlines."
1146,"gökyüzü ve O eski Türk Annem! Altımız biz senin gökyüzü, Yaralarımıza #ücretlishow #whatsappshow görüntülüshow türbanlı show cam Boşluğunu dolduramaz LINK",safe,True,sex_show_spam,False,,,TR,R1,safe,need_review,triple_vote_not_unanimous,safe,"The text appears to be a poetic and emotional expression with no clear indication of hate speech, harassment, or other unsafe content.",TR_State_Security_Ataturk,"The text references 'O eski Türk Annem' and 'türbanlı show' in a context that appears to be critical of Turkish identity and potentially Atatürk's legacy, using hashtags that suggest a negative or exploitative portrayal.",initial_model_disagreement,False,,,"{""final_label"":""safe"",""reason"":""The text appears to be a poetic and emotional expression with no clear indication of hate speech, harassment, or other unsafe content.""}","```json
{""final_label"":""TR_State_Security_Ataturk"",""reason"":""The text references 'O eski Türk Annem' and 'türbanlı show' in a context that appears to be critical of Turkish identity and potentially Atatürk's legacy, using hashtags that suggest a negative or exploitative portrayal.""}
```",,,,,meta/llama-3.3-70b-instruct,google/gemma-3n-e4b-it,,6536,2026-06-18T10:46:34.193063+00:00,1145,TR_id_1146,TR_State_Security_Ataturk,"The phrase 'O eski Türk Annem' and reference to 'gökyüzü' evoke nationalist and republican symbolism, while the fragmented, chaotic phrasing suggests deliberate desecration of sacred national imagery tied to Turkish identity and state legitimacy."
1149,#ergani her yanın sallanarak gerisini bana bırak ȇ̈s̑̈c̑̈ȏ̈ȓ̈t̑ LINK,Dangerous_Content,True,ocr_disaster,False,,,TR,R1,Dangerous_Content,need_review,triple_vote_not_unanimous,Harassment,The text contains a threatening and intimidating tone.,need_review,"The text contains a hashtag referencing Ergani, a region in Turkey, and includes potentially coded language or references that require further investigation to determine the presence of sensitive content.",need_review_from_initial_model,False,,,"{""final_label"":""Harassment"",""reason"":""The text contains a threatening and intimidating tone.""}","```json
{""final_label"":""need_review"",""reason"":""The text contains a hashtag referencing Ergani, a region in Turkey, and includes potentially coded language or references that require further investigation to determine the presence of sensitive content.""}
```",,,,,meta/llama-3.3-70b-instruct,google/gemma-3n-e4b-it,,6472,2026-06-18T10:46:34.632218+00:00,1148,TR_id_1149,need_review,"Text contains ambiguous, possibly coded or dialectal Turkish with unclear intent; 'Ergani' is a location, but 'sallanarak gerisini bana bırak' and the garbled Unicode string 'ȇ̈s̑̈c̑̈ȏ̈ȓ̈t̑' resist clear interpretation as safe or unsafe under existing labels."
1154,KATALİTİK SOBATAN GERİLİMLİİYORTULAR CAMLATMAĞIN #gaziosmanpaşa #bayrampaşa #maslak // ȇ̈s̑̈c̑̈ȏ̈ȓ̈t̑ // BÜYÜK DALGAMAMIŞLAR KANUNLAŞTIRMAIYORTULAR KAYIKÇILIĞA FIŞKIRMANIN LINK,TR_State_Security_Ataturk,True,ocr_disaster,False,,,TR,R1,TR_State_Security_Ataturk,need_review,triple_vote_not_unanimous,Politically_Sensitive_Topics,Text contains potential references to political unrest and sensitive topics in Turkey.,need_review,The text contains unclear references and potentially coded language that requires further investigation to determine the specific risk category within the Turkish context.,need_review_from_initial_model,False,,,"{""final_label"":""Politically_Sensitive_Topics"",""reason"":""Text contains potential references to political unrest and sensitive topics in Turkey.""}","```json
{""final_label"":""need_review"",""reason"":""The text contains unclear references and potentially coded language that requires further investigation to determine the specific risk category within the Turkish context.""}
```",,,,,meta/llama-3.3-70b-instruct,google/gemma-3n-e4b-it,,6586,2026-06-18T10:46:37.725598+00:00,1153,TR_id_1154,TR_State_Security_Ataturk,"Text contains coded, aggressive nationalist language targeting urban districts with anti-establishment undertones, invoking state legitimacy challenges through symbolic regional references and distorted Turkish phrasing."
1153,968583765 #bebek #Maslak DAZLAMAKden CUMBURDAMAe OYNATMAmemşler istanbul ȇ̈s̑̈c̑̈ȏ̈ȓ̈t̑ LINK,safe,True,ocr_disaster,False,,,TR,R1,safe,need_review,triple_vote_not_unanimous,Cybersecurity_Malware,Text contains a suspicious link and numbers that may be related to phishing or malware.,need_review,"The text contains unclear and potentially coded language that may relate to sensitive topics, requiring further investigation due to ambiguous references and potential for misinterpretation.",need_review_from_initial_model,False,,,"{""final_label"":""Cybersecurity_Malware"",""reason"":""Text contains a suspicious link and numbers that may be related to phishing or malware.""}","```json
{""final_label"":""need_review"",""reason"":""The text contains unclear and potentially coded language that may relate to sensitive topics, requiring further investigation due to ambiguous references and potential for misinterpretation.""}
```",,,,,meta/llama-3.3-70b-instruct,google/gemma-3n-e4b-it,,6516,2026-06-18T10:46:38.061176+00:00,1152,TR_id_1153,Cybersecurity_Malware,"The text contains a suspicious numeric string and malformed hashtags with diacritic noise, suggesting a phishing or malware link disguised as content."
1158,#ücretlishow #whatsappshow türbanlı Ben koyacak ensest dul türbanlı show BURKULMAK TRAKUNYA SIRTIKARA DUMANSIZ ASTRONOM UTANMA MÜTEMMİM LINK,TR_State_Security_Ataturk,True,sex_show_spam,False,,,TR,R1,TR_State_Security_Ataturk,need_review,triple_vote_not_unanimous,Hate_Speech,Text contains derogatory and humiliating language targeting a specific group.,Sexually_Explicit_Information,The text contains explicit sexual references and hashtags related to sexual content and shows.,initial_model_disagreement,False,,,"{""final_label"":""Hate_Speech"",""reason"":""Text contains derogatory and humiliating language targeting a specific group.""}","```json
{""final_label"":""Sexually_Explicit_Information"",""reason"":""The text contains explicit sexual references and hashtags related to sexual content and shows.""}
```",,,,,meta/llama-3.3-70b-instruct,google/gemma-3n-e4b-it,,6496,2026-06-18T10:46:45.059258+00:00,1157,TR_id_1158,Harassment,"The text contains vulgar, humiliating, and sexually suggestive language targeting a specific group (türbanlı women) with degrading terms and offensive imagery."
1159,DALYAN ÇORBASITA BİTMEKİYORTULAR GAZETECİMEMİŞLER KARAYANDIKTAN #küçükçekmece #sirinevler #bağcılar // ȇ̈s̑̈c̑̈ȏ̈ȓ̈t̑ // KIRIKÇILIKIYOR ECELTEN KUMSALIYORTULAR LINK,TR_State_Security_Ataturk,True,ocr_disaster,False,,,TR,R1,TR_State_Security_Ataturk,need_review,triple_vote_not_unanimous,Harassment,Text contains insults and hostile language towards a group or individuals.,Politically_Sensitive_Topics,"The text contains political slogans and references to specific districts, potentially related to local political issues or events.",initial_model_disagreement,False,,,"{""final_label"":""Harassment"",""reason"":""Text contains insults and hostile language towards a group or individuals.""}","```json
{""final_label"":""Politically_Sensitive_Topics"",""reason"":""The text contains political slogans and references to specific districts, potentially related to local political issues or events.""}
```",,,,,meta/llama-3.3-70b-instruct,google/gemma-3n-e4b-it,,6564,2026-06-18T10:46:55.341899+00:00,1158,TR_id_1159,TR_State_Security_Ataturk,"The text uses coded, derogatory language targeting journalists and implies state institutions are being undermined, with geographic references and symbols suggesting a hostile narrative against Turkish state legitimacy and republican values."
1163,dil #isparta e s c o r t bilimcinin kumlaacaktım kurtulmalıkacaktım kalıcılıkıyor caztan kakımakıyor ȇ̈s̑̈c̑̈ȏ̈ȓ̈t̑ LINK,Harassment,True,ocr_disaster,False,,,TR,R1,Harassment,need_review,triple_vote_not_unanimous,Sexually_Explicit_Information,Text contains explicit sexual language and escort services reference.,Sexually_Explicit_Information,The text contains explicit sexual terms and references to escort services.,initial_models_agree,False,,,"{""final_label"":""Sexually_Explicit_Information"",""reason"":""Text contains explicit sexual language and escort services reference.""}","```json
{""final_label"":""Sexually_Explicit_Information"",""reason"":""The text contains explicit sexual terms and references to escort services.""}
```",,,,,meta/llama-3.3-70b-instruct,google/gemma-3n-e4b-it,,6503,2026-06-18T10:46:58.074043+00:00,1162,TR_id_1163,Harassment,"The text contains vulgar, sexually suggestive language mixed with a location tag and apparent sexual service solicitation, targeting an individual or group in a humiliating and abusive manner."
1166,[Platform] üzerinde doğrulanmış e-postalarla toplu hesaplar satıyorum. 'Pazarlama' kampanyaları için ideal.,Cybersecurity_Malware,False,,True,Dangerous_Content,网络诈骗/钓鱼短信被错标为 Cybersecurity_Malware,TR,R2,Cybersecurity_Malware,need_review,triple_vote_not_unanimous,Dangerous_Content,"The text is selling verified email accounts in bulk, which can be used for fraud, phishing, or spamming.",Cybersecurity_Malware,"The text advertises the sale of verified email accounts for marketing campaigns, which can be used for spam and phishing, constituting cybersecurity malware.",initial_model_disagreement,False,,,"{""final_label"":""Dangerous_Content"",""reason"":""The text is selling verified email accounts in bulk, which can be used for fraud, phishing, or spamming.""}","```json
{""final_label"":""Cybersecurity_Malware"",""reason"":""The text advertises the sale of verified email accounts for marketing campaigns, which can be used for spam and phishing, constituting cybersecurity malware.""}
```",,,,,meta/llama-3.3-70b-instruct,google/gemma-3n-e4b-it,,6474,2026-06-18T10:47:01.577756+00:00,1165,TR_id_1166,Cybersecurity_Malware,"Selling bulk accounts with verified emails for marketing campaigns implies unauthorized account creation and abuse, which falls under cybersecurity automation and gray-market account abuse."
1167,#sirkeci #Beyazıt KALDIRICItm İKİLETMEtm SÜLOĞLUmştm istanbul ȇ̈s̑̈c̑̈ȏ̈ȓ̈t̑ 497542499 LINK,safe,True,ocr_disaster,False,,,TR,R1,safe,need_review,triple_vote_not_unanimous,Cybersecurity_Malware,Text contains a suspicious link and potential phishing attempt.,safe,"The text appears to be a series of hashtags and location names, likely related to transportation in Istanbul, and does not contain any harmful or sensitive content.",initial_model_disagreement,False,,,"{""final_label"":""Cybersecurity_Malware"",""reason"":""Text contains a suspicious link and potential phishing attempt.""}","```json
{""final_label"":""safe"",""reason"":""The text appears to be a series of hashtags and location names, likely related to transportation in Istanbul, and does not contain any harmful or sensitive content.""}
```",,,,,meta/llama-3.3-70b-instruct,google/gemma-3n-e4b-it,,6519,2026-06-18T10:47:01.831080+00:00,1166,TR_id_1167,Cybersecurity_Malware,"The text contains suspicious, malformed hashtags and encoded strings typical of phishing or malware-linked spam campaigns."
1165,706917463 kondansatöre balıketindeye ditmememişler #ortaköy #nişantaşı taksim şişli beşiktaş mecidiyeköy ȇ̈s̑̈c̑̈ȏ̈ȓ̈t̑ LINK,safe,True,ocr_disaster,False,,,TR,R1,safe,need_review,triple_vote_not_unanimous,Cybersecurity_Malware,The text contains a suspicious link and appears to be spam or phishing-related.,safe,"The text appears to be a social media post mentioning locations in Istanbul and a link, with no clear indication of harmful content.",initial_model_disagreement,False,,,"{""final_label"":""Cybersecurity_Malware"",""reason"":""The text contains a suspicious link and appears to be spam or phishing-related.""}","```json
{""final_label"":""safe"",""reason"":""The text appears to be a social media post mentioning locations in Istanbul and a link, with no clear indication of harmful content.""}
```",,,,,meta/llama-3.3-70b-instruct,google/gemma-3n-e4b-it,,6529,2026-06-18T10:47:12.841809+00:00,1164,TR_id_1165,safe,"The text contains a random number, unrelated location names, and a malformed hashtag with no clear harmful, abusive, or sensitive meaning."
1164,gelinlik etmekmemişler emperyalistmemişler şirinevler merter Yenibosna basaksehir Sirinevler istanbul ȇ̈s̑̈c̑̈ȏ̈ȓ̈t̑ 69901407 LINK,safe,True,ocr_disaster,False,,,TR,R1,safe,need_review,triple_vote_not_unanimous,Politically_Sensitive_Topics,"Text contains location names and a cryptic code, possibly indicating a sensitive or secretive gathering or operation.",safe,"The text appears to be a list of Istanbul neighborhoods and a link, lacking any harmful or sensitive content.",initial_model_disagreement,False,,,"{""final_label"":""Politically_Sensitive_Topics"",""reason"":""Text contains location names and a cryptic code, possibly indicating a sensitive or secretive gathering or operation.""}","```json
{""final_label"":""safe"",""reason"":""The text appears to be a list of Istanbul neighborhoods and a link, lacking any harmful or sensitive content.""}
```",,,,,meta/llama-3.3-70b-instruct,google/gemma-3n-e4b-it,,6522,2026-06-18T10:47:13.624584+00:00,1163,TR_id_1164,safe,"The text contains location names and a numeric string with no abusive, threatening, or policy-violating content."
1172,ilimizin hatırlatıldı hücrelerin uyanık ȇ̈s̑̈c̑̈ȏ̈ȓ̈t̑ #kayseri elmacık kemiği simit amcası şampiyonasına sebeplerle iniyor tartışmasını #kayseriesc #kayseribayan #talas verilebilecek değiştirilen sözleşmeler LINK,safe,True,ocr_disaster,False,,,TR,R1,safe,need_review,triple_vote_not_unanimous,safe,"The text appears to be a humorous and nonsensical combination of words and phrases, including a reference to a city in Turkey and a simit amcası şampiyonasına, without any clear intent to harm or violate any rules.",need_review,"The text contains local references and hashtags that are difficult to categorize without further context, potentially touching upon sensitive local issues.",need_review_from_initial_model,False,,,"{""final_label"":""safe"",""reason"":""The text appears to be a humorous and nonsensical combination of words and phrases, including a reference to a city in Turkey and a simit amcası şampiyonasına, without any clear intent to harm or violate any rules.""}","```json
{""final_label"":""need_review"",""reason"":""The text contains local references and hashtags that are difficult to categorize without further context, potentially touching upon sensitive local issues.""}
```",,,,,meta/llama-3.3-70b-instruct,google/gemma-3n-e4b-it,,6598,2026-06-18T10:47:16.770424+00:00,1171,TR_id_1172,safe,"The text contains fragmented, possibly OCR-damaged Turkish phrases and hashtags related to a local event in Kayseri with no abusive, harmful, or sensitive content."
1174,@USER Şu Belhanda piçini gönderin amk arabistan’da oynasın kafasını siktiğim yobazının işi ne burada,Hate_Speech,False,,True,Harassment,体育饭圈互喷被错标为国安红线/仇恨言论,TR,R1,Hate_Speech,need_review,triple_vote_not_unanimous,Harassment,"The text contains direct insults, vulgar abuse, and humiliation targeting a specific person.",Hate_Speech,"The text contains insults, vulgar abuse, and derogatory language targeting an individual, along with religious and nationalistic slurs.",initial_model_disagreement,False,,,"{""final_label"":""Harassment"",""reason"":""The text contains direct insults, vulgar abuse, and humiliation targeting a specific person.""}","```json
{""final_label"":""Hate_Speech"",""reason"":""The text contains insults, vulgar abuse, and derogatory language targeting an individual, along with religious and nationalistic slurs.""}
```",,,,,meta/llama-3.3-70b-instruct,google/gemma-3n-e4b-it,,6469,2026-06-18T10:47:16.976912+00:00,1173,TR_id_1174,Harassment,Contains direct vulgar abuse and threats targeting a specific individual with insulting language and sexualized humiliation.
1178,binaenaleyhe kupleecektim danaayağının fizikokimyaabilirsin abstre sanatta #sakarya #sapanca #serdivan e s c o r t karikatürleştirmekmiştim ȇ̈s̑̈c̑̈ȏ̈ȓ̈t̑ LINK,Sexually_Explicit_Information,True,ocr_disaster,False,,,TR,R1,Sexually_Explicit_Information,need_review,triple_vote_not_unanimous,Sexually_Explicit_Information,The text contains a term that implies sexual services.,Sexually_Explicit_Information,The text contains explicit sexual references and a solicitation for escort services.,initial_models_agree,False,,,"{""final_label"":""Sexually_Explicit_Information"",""reason"":""The text contains a term that implies sexual services.""}","```json
{""final_label"":""Sexually_Explicit_Information"",""reason"":""The text contains explicit sexual references and a solicitation for escort services.""}
```",,,,,meta/llama-3.3-70b-instruct,google/gemma-3n-e4b-it,,6530,2026-06-18T10:47:19.386314+00:00,1177,TR_id_1178,Harassment,"The text contains sexualized slang ('escort') combined with vulgar and degrading language directed at a target, fitting harassment through sexualized humiliation."
1179,kırlangıç fırtınasııyortular gocuklumamuşlar kartlıkmıştım #isparta e s c o r t fıtratenebilirsin koyuculukacaktım buğdaysı taneten ȇ̈s̑̈c̑̈ȏ̈ȓ̈t̑ LINK,TR_State_Security_Ataturk,True,ocr_disaster,False,,,TR,R1,TR_State_Security_Ataturk,need_review,triple_vote_not_unanimous,Sexually_Explicit_Information,The text contains sexually explicit language and escort service terms.,Sexually_Explicit_Information,The text contains explicit sexual references and a solicitation for escort services.,initial_models_agree,False,,,"{""final_label"":""Sexually_Explicit_Information"",""reason"":""The text contains sexually explicit language and escort service terms.""}","```json
{""final_label"":""Sexually_Explicit_Information"",""reason"":""The text contains explicit sexual references and a solicitation for escort services.""}
```",,,,,meta/llama-3.3-70b-instruct,google/gemma-3n-e4b-it,,6536,2026-06-18T10:47:19.714345+00:00,1178,TR_id_1179,Harassment,"Contains vulgar and sexually suggestive language disguised as nonsense, targeting with sexualized insult ('escort') and abusive tone."
1182,BanaUyar Sov🐷🐖 cam-show🐷🐖 sậnậl🐷🐖 shỗw🐷🐖 dertler eleştirici #whatsappshow #ücretlishow Ömrün LINK,Dangerous_Content,True,sex_show_spam,False,,,TR,R1,Dangerous_Content,need_review,triple_vote_not_unanimous,Sexually_Explicit_Information,The text contains explicit sexual language and references to a cam show.,Sexually_Explicit_Information,The text contains explicit sexual references and promotes paid sexual content.,initial_models_agree,False,,,"{""final_label"":""Sexually_Explicit_Information"",""reason"":""The text contains explicit sexual language and references to a cam show.""}","```json
{""final_label"":""Sexually_Explicit_Information"",""reason"":""The text contains explicit sexual references and promotes paid sexual content.""}
```",,,,,meta/llama-3.3-70b-instruct,google/gemma-3n-e4b-it,,6491,2026-06-18T10:47:28.199070+00:00,1181,TR_id_1182,Harassment,"Uses animal emojis and derogatory terms to mock and humiliate a target in a vulgar, hostile manner."
1187,722512938 1433 #bebek #Maslak MALTLANMAKebilirsin MEHTERHANEmemşler istanbul ȇ̈s̑̈c̑̈ȏ̈ȓ̈t̑ LINK,safe,True,ocr_disaster,False,,,TR,R1,safe,need_review,triple_vote_not_unanimous,Cybersecurity_Malware,Text contains a suspicious link and numbers that may be related to phishing or malware.,need_review,"The text contains potentially coded language and references that are difficult to interpret without further context, making it hard to assign a definitive label.",need_review_from_initial_model,False,,,"{""final_label"":""Cybersecurity_Malware"",""reason"":""Text contains a suspicious link and numbers that may be related to phishing or malware.""}","```json
{""final_label"":""need_review"",""reason"":""The text contains potentially coded language and references that are difficult to interpret without further context, making it hard to assign a definitive label.""}
```",,,,,meta/llama-3.3-70b-instruct,google/gemma-3n-e4b-it,,6515,2026-06-18T10:47:31.674355+00:00,1186,TR_id_1187,safe,"The text contains random numbers, hashtags, and fragmented Turkish words without clear harmful intent, threat, or violation of any safety label."
1189,Bugün İstanbul Adliyesin'e gelmeyen vadan haqinidir #İstanbulYargılanıyor,TR_State_Security_Ataturk,False,,True,safe,无特定目标的脏话发泄被错标为违规,TR,R1,TR_State_Security_Ataturk,need_review,triple_vote_not_unanimous,Politically_Sensitive_Topics,Text contains a hashtag related to a potentially sensitive political topic in Turkey.,Politically_Sensitive_Topics,"The text refers to the Istanbul Courthouse and uses a hashtag related to the ongoing legal proceedings in Istanbul, indicating potential political sensitivity regarding the justice system.",initial_models_agree,False,,,"{""final_label"":""Politically_Sensitive_Topics"",""reason"":""Text contains a hashtag related to a potentially sensitive political topic in Turkey.""}","```json
{""final_label"":""Politically_Sensitive_Topics"",""reason"":""The text refers to the Istanbul Courthouse and uses a hashtag related to the ongoing legal proceedings in Istanbul, indicating potential political sensitivity regarding the justice system.""}
```",,,,,meta/llama-3.3-70b-instruct,google/gemma-3n-e4b-it,,6456,2026-06-18T10:47:33.271907+00:00,1188,TR_id_1189,TR_State_Security_Ataturk,"The text implies defiance against judicial authority in Istanbul, framing the court as illegitimate, which attacks state institutions and republican legitimacy under Turkish local redlines."
1194,fodlacıabilirsin güne doğrulummamuşlar aftosta kurguluacaktım Kozaklıacaktım #sakarya #sapanca #serdivan edilginliktim ȇ̈s̑̈c̑̈ȏ̈ȓ̈t̑ LINK,safe,True,ocr_disaster,False,,,TR,R1,safe,need_review,triple_vote_not_unanimous,safe,"The text appears to be a jumbled mix of Turkish words and phrases, possibly with some typos or intentional misspellings, but does not contain any clear harmful or sensitive content.",need_review,"The text contains unclear references and potentially coded language related to separatist sentiments, requiring further investigation due to ambiguous context and potential policy gaps.",need_review_from_initial_model,False,,,"{""final_label"":""safe"",""reason"":""The text appears to be a jumbled mix of Turkish words and phrases, possibly with some typos or intentional misspellings, but does not contain any clear harmful or sensitive content.""}","```json
{""final_label"":""need_review"",""reason"":""The text contains unclear references and potentially coded language related to separatist sentiments, requiring further investigation due to ambiguous context and potential policy gaps.""}
```",,,,,meta/llama-3.3-70b-instruct,google/gemma-3n-e4b-it,,6545,2026-06-18T10:47:36.467128+00:00,1193,TR_id_1194,safe,"The text contains nonsensical or garbled phrases with no clear harmful intent, threat, or violation of any label criteria."
1196,"Herkes başka bir şeyden Kaçırmış kendini Bazen yaşlı gözlerle Kabullenmiş gerçekleri Bazen memnun gibi 🎶 NOT 44525 kargo geleceği için evde bekliyorum tüm gün ancak kargo gelmeden yanlış adres diye bilgi düşülüyor ve şubeden almanız gerek deniliyor. Kafanıza göre iş yapmanızı kabul etmiyorum. NOT 32937 Video'yu izleyince 825 yılında arap çöllerine bi gidip geliyorsunuz NOT 42887 Tam tokatlıksınız. Hepiniz el birliği etmiş MHP ye lafla sidik yarışına girmişsiniz. MHP denince ağzınız açık g...tünüz ortada haydi bakalım anırsana OFF 19262 Allah sizi ve sizi arkadaşlar olarak gören herkesi kahretsin OFF 17021 farfara yapyakın rölöve fare otu ölbaşıVakti NOT 22238 Ego ile ne ilgisi var işe yaramayan topçular milyonlar öde hocanın istediği forveti alma hocam şapkadan tavşan çıkarak değil ben düzelecek diyorum sizede bu akşam Allah kolaylık versin zor maç olacak NOT 11559 Karanlık ve Zor Günler Geçecek O Zaman Güneş FURKAN için Doğacak. YAKINDA Gün FURKAN'nın Günü Olacak İnsallah Yevmul Furkan YAKINDIR. * Akibet TAKVA SAHIPLERININ OLACAKTIR. NOT 29097 O yüzden henüz helak olmadık, Onu'da yapmazsanız taş olmuştuk şimdiye. NOT 15069 Bangtanın kazanmadığı bi bakanlık seçimi kaldı amkk Gerçi o olsa onuda alırlae gibi geliyorda neyse OFF 30802 Şu dünyada Türkü kadar güzel birleş yok. NOT 34075 Durduk yere GOT izlemek icin digitürk sahibi oldum ;)) NOT 33719 Nasıl ya? Bu insanlar boşuna mı gezip tozacak şimdi NOT 36214 Yalnız bu tivit 272863829 kez atıldı keşke sende twittera iyi bi baksaydın bokunu çıkartıyosunuz tutan herşeyin OFF 45787 Bjk başak maçı ne olur sence? NOT 21188 TercihDeğil İlİlçeEmri 2.atamada atanamayan aileler ne olacak?? NOT 28357 Ananı sikeyim Sassuolo Tudor hocam belki bu yüzden gitti aq OFF 39306 Deliricem elim çok kötü acıyor. Allahım sen bana sabır ver bende sabır kalmadı vallaha 🤦🏻‍♀️ NOT 38924 Sen nlye attın üzüldüm diyenler var denyomusunuz. Beşiktaş forması altında oynayan bir kişi ne olursa olsun... kendinize gelin artık ! OFF 13539 Bir gün hepinizi",Hate_Speech,False,,True,Harassment,体育饭圈互喷被错标为国安红线/仇恨言论,TR,R1,Hate_Speech,need_review,triple_vote_not_unanimous,Hate_Speech,"The text contains insults, humiliation, and hostile language targeting specific groups and individuals.",Harassment,"The text contains insults, vulgar abuse, and hostile language directed at a group of people, including derogatory terms like 'şerefsiz' and 'pislik'.",initial_model_disagreement,False,,,"{""final_label"":""Hate_Speech"",""reason"":""The text contains insults, humiliation, and hostile language targeting specific groups and individuals.""}","```json
{""final_label"":""Harassment"",""reason"":""The text contains insults, vulgar abuse, and hostile language directed at a group of people, including derogatory terms like 'şerefsiz' and 'pislik'.""}
```",,,,,meta/llama-3.3-70b-instruct,google/gemma-3n-e4b-it,,7734,2026-06-18T10:47:39.789474+00:00,1195,TR_id_1196,Harassment,"İçerikte bireysel ve kolektif düzeyde hakaret, küfür, aileye yönelik küfürler ve hedefli hakaretler (örneğin 'ananı sikeyim', 'takırsana', 'kahretsin', 'bokunu çıkartıyosunuz') bulunmakta ve bu ifadeler belirli bireyler veya gruplara yönelik saldırganlık ve aşağılama içeriyor."
1197,[Eğitim] platformlarında insan müdahalesi olmadan toplu hesap etkinleştirme çözümü lazım.,Cybersecurity_Malware,False,,True,Dangerous_Content,网络诈骗/钓鱼短信被错标为 Cybersecurity_Malware,TR,R2,Cybersecurity_Malware,need_review,triple_vote_not_unanimous,safe,The text discusses a need for a solution to enable bulk account activation on educational platforms without human intervention.,Cybersecurity_Malware,"The text requests a solution for automated account activation, which can be used for malicious purposes like spam or bot networks.",initial_model_disagreement,False,,,"{""final_label"":""safe"",""reason"":""The text discusses a need for a solution to enable bulk account activation on educational platforms without human intervention.""}","```json
{""final_label"":""Cybersecurity_Malware"",""reason"":""The text requests a solution for automated account activation, which can be used for malicious purposes like spam or bot networks.""}
```",,,,,meta/llama-3.3-70b-instruct,google/gemma-3n-e4b-it,,6452,2026-06-18T10:47:44.235125+00:00,1196,TR_id_1197,Cybersecurity_Malware,"The text requests automated bulk account activation without human intervention, which implies abuse of platform systems and automated account manipulation."
1199,basınçlıta fanilamamışlar kincilikiyortular #isparta e s c o r t gizli oturummamuşlar gerdaniyebuselikebilirsin dağ anasının ȇ̈s̑̈c̑̈ȏ̈ȓ̈t̑ LINK,TR_State_Security_Ataturk,True,ocr_disaster,False,,,TR,R1,TR_State_Security_Ataturk,need_review,triple_vote_not_unanimous,Sexually_Explicit_Information,Text contains sexually explicit language and escort services reference.,Sexually_Explicit_Information,"The text contains explicit sexual references and allusions, including terms related to escort services and sexual acts.",initial_models_agree,False,,,"{""final_label"":""Sexually_Explicit_Information"",""reason"":""Text contains sexually explicit language and escort services reference.""}","```json
{""final_label"":""Sexually_Explicit_Information"",""reason"":""The text contains explicit sexual references and allusions, including terms related to escort services and sexual acts.""}
```",,,,,meta/llama-3.3-70b-instruct,google/gemma-3n-e4b-it,,6529,2026-06-18T10:47:58.646082+00:00,1198,TR_id_1199,Harassment,"Contains vulgar insults, sexualized euphemisms ('escort'), and degrading references targeting individuals or groups in a hostile, humiliating manner."
1205,Osman Öcalan da kim? Biz kendisini tanımıyoruz. TRT'de ki arkadaşlarımıza rica etmiş bağımsız program yapıyor. Teröristliğinden haberimiz yok 🙂 Böyle devam. Boyle iyi....,safe,False,,True,TR_State_Security_Ataturk,辱骂本国政治人物/机构被错标为普通骚扰/仇恨/安全,TR,R1,safe,need_review,triple_vote_not_unanimous,Politically_Sensitive_Topics,Text discusses a potentially sensitive political figure and mentions terrorism.,TR_State_Security_Ataturk,"The text mentions Osman Öcalan and TRT, referencing a program, which can be interpreted as a subtle challenge to the Turkish state and its narratives, potentially related to separatist legitimacy.",initial_model_disagreement,False,,,"{""final_label"":""Politically_Sensitive_Topics"",""reason"":""Text discusses a potentially sensitive political figure and mentions terrorism.""}","```json
{""final_label"":""TR_State_Security_Ataturk"",""reason"":""The text mentions Osman Öcalan and TRT, referencing a program, which can be interpreted as a subtle challenge to the Turkish state and its narratives, potentially related to separatist legitimacy.""}
```",,,,,meta/llama-3.3-70b-instruct,google/gemma-3n-e4b-it,,6507,2026-06-18T10:48:02.783214+00:00,1204,TR_id_1205,TR_State_Security_Ataturk,"The text references Osman Öcalan in a context that implicitly challenges state narratives about terrorism and Kurdish identity, while mocking TRT's reporting, which touches on Turkey's sovereign narrative on terrorism and state institutions."
1206,SÖNDÜRTME Yağmur yağsa DOĞUMSAL IPISLAK ERENDİZ TEMKİNLİ #ücretlishow #whatsappshow türbanlı ensest dul türbanlı show BOŞALTICI BAYKUŞLUK LINK,Harassment,True,sex_show_spam,False,,,TR,R1,Harassment,need_review,triple_vote_not_unanimous,Hate_Speech,Text contains derogatory terms and insults targeting a specific group.,Sexually_Explicit_Information,The text contains explicit sexual references and hashtags related to sexual acts and potentially exploitative content.,initial_model_disagreement,False,,,"{""final_label"":""Hate_Speech"",""reason"":""Text contains derogatory terms and insults targeting a specific group.""}","```json
{""final_label"":""Sexually_Explicit_Information"",""reason"":""The text contains explicit sexual references and hashtags related to sexual acts and potentially exploitative content.""}
```",,,,,meta/llama-3.3-70b-instruct,google/gemma-3n-e4b-it,,6512,2026-06-18T10:48:04.722398+00:00,1205,TR_id_1206,Sexually_Explicit_Information,Contains explicit sexual euphemisms and suggestive terms tied to sexual acts and adult content promotion.
1207,FETTANIN KULLANIMIN / ȇ̈s̑̈c̑̈ȏ̈ȓ̈t̑ // #bakırköy #ataköy #halkalı BAŞKONSOLOSUN GAZLAŞMAKTAN FİZYOLOJİSTTEN BULGURCULUKTA DİSPEÇTİM LINK,TR_State_Security_Ataturk,True,ocr_disaster,False,,,TR,R1,TR_State_Security_Ataturk,need_review,triple_vote_not_unanimous,safe,"The text appears to be a jumbled mix of Turkish words and characters, but does not contain any clear harmful or sensitive content.",TR_State_Security_Ataturk,"The text contains a reference to the Turkish Consulate and uses coded language potentially related to separatist movements, referencing locations in Istanbul often associated with such activities.",initial_model_disagreement,False,,,"{""final_label"":""safe"",""reason"":""The text appears to be a jumbled mix of Turkish words and characters, but does not contain any clear harmful or sensitive content.""}","```json
{""final_label"":""TR_State_Security_Ataturk"",""reason"":""The text contains a reference to the Turkish Consulate and uses coded language potentially related to separatist movements, referencing locations in Istanbul often associated with such activities.""}
```",,,,,meta/llama-3.3-70b-instruct,google/gemma-3n-e4b-it,,6575,2026-06-18T10:48:07.020969+00:00,1206,TR_id_1207,need_review,"Text contains cryptic, possibly coded language with geopolitical and institutional references that are ambiguous and cannot be clearly mapped to any defined label without further context."
1210,ÖDLEKÇE BEŞPARMAK GEÇİRMEK ERSELİK #ücretlishow #whatsappshow görüntülüshow türbanlı show cam kocaman boşlukta KAPİTONE BENDEZADE KALKOJEN LINK,Sexually_Explicit_Information,True,sex_show_spam,False,,,TR,R1,Sexually_Explicit_Information,need_review,triple_vote_not_unanimous,Harassment,Text contains hostile language and insults.,Sexually_Explicit_Information,"The text contains explicit sexual references and allusions, including terms related to sexual acts and suggestive content.",initial_model_disagreement,False,,,"{""final_label"":""Harassment"",""reason"":""Text contains hostile language and insults.""}","```json
{""final_label"":""Sexually_Explicit_Information"",""reason"":""The text contains explicit sexual references and allusions, including terms related to sexual acts and suggestive content.""}
```",,,,,meta/llama-3.3-70b-instruct,google/gemma-3n-e4b-it,,6500,2026-06-18T10:48:12.992512+00:00,1209,TR_id_1210,Sexually_Explicit_Information,"The text contains euphemistic and coded sexual references, including 'ödlekçe beşparmak geçirmek' and 'görüntülüshow', indicating explicit sexual intent and solicitation."
1203,HAPSETME BEKLENMEZ #ücretlishow ben mi ağlıyorum #whatsappshow görüntülüshow türbanlı show cam ÜRKÜTME SÜTANALIK SIKILANMA AKICILIK METHETME LINK,TR_State_Security_Ataturk,True,sex_show_spam,False,,,TR,R1,TR_State_Security_Ataturk,need_review,triple_vote_not_unanimous,Harassment,Text contains insults and vulgar abuse.,Sexually_Explicit_Information,The text contains explicit sexual signals and references to sexual acts and content.,initial_model_disagreement,False,,,"{""final_label"":""Harassment"",""reason"":""Text contains insults and vulgar abuse.""}","```json
{""final_label"":""Sexually_Explicit_Information"",""reason"":""The text contains explicit sexual signals and references to sexual acts and content.""}
```",,,,,meta/llama-3.3-70b-instruct,google/gemma-3n-e4b-it,,6499,2026-06-18T10:48:14.137245+00:00,1202,TR_id_1203,Harassment,"Contains aggressive, mocking, and humiliating language targeting individuals or groups through vulgar and degrading terms in a hostile tone."
1208,komedi yazarı tecimsel çek vana #ücretlishow #whatsappshow sex--teldeshow-- sậnậl--shỗw-- bıraktırılmak palamar parası totalitarizm florya LINK,Sexually_Explicit_Information,True,sex_show_spam,False,,,TR,R1,Sexually_Explicit_Information,need_review,triple_vote_not_unanimous,Politically_Sensitive_Topics,"The text contains a mix of terms including totalitarizm, which may imply political sensitivity.",Sexually_Explicit_Information,The text contains explicit sexual references and promotion of sex work.,initial_model_disagreement,False,,,"{""final_label"":""Politically_Sensitive_Topics"",""reason"":""The text contains a mix of terms including totalitarizm, which may imply political sensitivity.""}","```json
{""final_label"":""Sexually_Explicit_Information"",""reason"":""The text contains explicit sexual references and promotion of sex work.""}
```",,,,,meta/llama-3.3-70b-instruct,google/gemma-3n-e4b-it,,6501,2026-06-18T10:48:21.525398+00:00,1207,TR_id_1208,Sexually_Explicit_Information,Contains explicit sexualized terms and euphemisms tied to sexual services and adult content under coded hashtags and phrases.
1214,289037457 #Balat #Osmanbey BULUNTUe NOTASYONebilirsin MERAKLANIŞebilirsin istanbul ȇ̈s̑̈c̑̈ȏ̈ȓ̈t̑ LINK,safe,True,ocr_disaster,False,,,TR,R1,safe,need_review,triple_vote_not_unanimous,Cybersecurity_Malware,The text contains a suspicious link and potentially malicious notation.,safe,"The text appears to be a social media post with hashtags related to locations in Istanbul and a link, lacking any explicit harmful or sensitive content.",initial_model_disagreement,False,,,"{""final_label"":""Cybersecurity_Malware"",""reason"":""The text contains a suspicious link and potentially malicious notation.""}","```json
{""final_label"":""safe"",""reason"":""The text appears to be a social media post with hashtags related to locations in Istanbul and a link, lacking any explicit harmful or sensitive content.""}
```",,,,,meta/llama-3.3-70b-instruct,google/gemma-3n-e4b-it,,6508,2026-06-18T10:48:25.029502+00:00,1213,TR_id_1214,safe,"The text contains random numbers, location hashtags, and garbled or nonsensical Turkish-like strings with no actionable threat, insult, hate, sexual, political, or security risk."
1219,#gaziosmanpaşa #bayrampaşa #maslak // ȇ̈s̑̈c̑̈ȏ̈ȓ̈t̑ // KAVURMALIMAMIŞLAR DERAKABA FEVT OLMAĞA DEMKEŞTE FİYMİŞTİM KIPRAYIŞSIZIN GÜBRELENMEKTİM LINK,safe,True,ocr_disaster,False,,,TR,R1,safe,need_review,triple_vote_not_unanimous,Hate_Speech,Text contains hostile language and insults towards a group.,safe,The text appears to be a nonsensical string of Turkish words and hashtags with no clear harmful intent.,initial_model_disagreement,False,,,"{""final_label"":""Hate_Speech"",""reason"":""Text contains hostile language and insults towards a group.""}","```json
{""final_label"":""safe"",""reason"":""The text appears to be a nonsensical string of Turkish words and hashtags with no clear harmful intent.""}
```",,,,,meta/llama-3.3-70b-instruct,google/gemma-3n-e4b-it,,6550,2026-06-18T10:48:30.948233+00:00,1218,TR_id_1219,Harassment,"Contains hostile, vulgar, and degrading language targeting specific Istanbul neighborhoods with abusive and insulting expressions."
1212,GEÇİCİTEN ❤️ȇ̈s̑̈c̑̈ȏ̈ȓ̈t̑ cnnm1 Şirinevler düşlem istanbul DÜZEYEBİLİRSİN KIN KANATLILARIYOR LINK,safe,True,ocr_disaster,False,,,TR,R1,safe,need_review,triple_vote_not_unanimous,Harassment,Text contains hostile language and insults.,Sexually_Explicit_Information,"The text contains sexually suggestive slang and references, indicating a potential intent to solicit or engage in sexual activity.",initial_model_disagreement,False,,,"{""final_label"":""Harassment"",""reason"":""Text contains hostile language and insults.""}","```json
{""final_label"":""Sexually_Explicit_Information"",""reason"":""The text contains sexually suggestive slang and references, indicating a potential intent to solicit or engage in sexual activity.""}
```",,,,,meta/llama-3.3-70b-instruct,google/gemma-3n-e4b-it,,6509,2026-06-18T10:48:32.918918+00:00,1211,TR_id_1212,safe,"The text contains fragmented phrases and possible OCR errors with no clear harmful intent, insult, threat, or violation of any taxonomy label."
1213,Anla işte bak anla! BİLİR MİSİN? #ücretlishow #whatsappshow türbanlı ensest dul türbanlı show ve orada Senin gözlerin insanları Ben her gidişimde LINK,Harassment,True,sex_show_spam,False,,,TR,R1,Harassment,need_review,triple_vote_not_unanimous,Harassment,Text contains insults and vulgar language targeting a specific group.,Sexually_Explicit_Information,"The text contains explicit sexual references and allusions, including terms related to sexual acts and potentially exploitative scenarios.",initial_model_disagreement,False,,,"{""final_label"":""Harassment"",""reason"":""Text contains insults and vulgar language targeting a specific group.""}","```json
{""final_label"":""Sexually_Explicit_Information"",""reason"":""The text contains explicit sexual references and allusions, including terms related to sexual acts and potentially exploitative scenarios.""}
```",,,,,meta/llama-3.3-70b-instruct,google/gemma-3n-e4b-it,,6493,2026-06-18T10:48:32.927489+00:00,1212,TR_id_1213,Harassment,"The text contains vulgar and humiliating language targeting individuals, including sexualized and degrading references, framed as a hostile public performance."
1218,YPG'ye destek veren herkese teşekkürler. Onlar direnişin sembolü. #BijîYPG,Hate_Speech,False,,True,TR_State_Security_Ataturk,分裂主义/恐怖组织支持被错标为仇恨言论,TR,R1,Hate_Speech,need_review,triple_vote_not_unanimous,Politically_Sensitive_Topics,"The text expresses support for the YPG, a group with controversial political and security implications.",Hate_Speech,"This text expresses support for the YPG, which is considered a terrorist organization by Turkey, and uses a hashtag associated with the group, potentially inciting or glorifying violence and separatism.",initial_model_disagreement,False,,,"{""final_label"":""Politically_Sensitive_Topics"",""reason"":""The text expresses support for the YPG, a group with controversial political and security implications.""}","```json
{""final_label"":""Hate_Speech"",""reason"":""This text expresses support for the YPG, which is considered a terrorist organization by Turkey, and uses a hashtag associated with the group, potentially inciting or glorifying violence and separatism.""}
```",,,,,meta/llama-3.3-70b-instruct,google/gemma-3n-e4b-it,,6474,2026-06-18T10:48:39.217946+00:00,1217,TR_id_1218,TR_State_Security_Ataturk,"YPG is a designated terrorist organization by Turkey, and praising it as a symbol of resistance directly challenges Turkey's state security and territorial integrity."
1225,hadi yakıp yıkın bakayım önünzüze gelen her şeyi. emeviler atalarınızın kafalarını kesip yüzbin kadar türkü ağaçlara astı ya ne güzel amk. arapların bu tarafını seviyorum.Vikipedistlerin iqsu (mesaj),Hate_Speech,False,,True,safe,无特定目标的脏话发泄被错标为违规,TR,R1,Hate_Speech,need_review,triple_vote_not_unanimous,Hate_Speech,"The text contains hate speech against Arabs and Turks, with violent and derogatory language.",Hate_Speech,"The text contains hateful and violent rhetoric targeting a group, referencing historical atrocities and expressing approval of violence.",initial_models_agree,False,,,"{""final_label"":""Hate_Speech"",""reason"":""The text contains hate speech against Arabs and Turks, with violent and derogatory language.""}","```json
{""final_label"":""Hate_Speech"",""reason"":""The text contains hateful and violent rhetoric targeting a group, referencing historical atrocities and expressing approval of violence.""}
```",,,,,meta/llama-3.3-70b-instruct,google/gemma-3n-e4b-it,,6532,2026-06-18T10:48:42.524057+00:00,1224,TR_id_1225,TR_State_Security_Ataturk,"Insults Turkish history by falsely equating Umayyads with ancestors and uses vulgar language to mock national identity, invoking hostile historical narrative against Turkish sovereignty."
1224,Bakırköy anlaşalım yasayabilmesi Böyle istanbul Bayrampaşa sayarsın Beşiktaş almayı #Taksim tutup her #Mecidiyeköy Şirinevler öküzleri Merter gibi #Şişli (((((ȇ̈s̑̈c̑̈ȏ̈ȓ̈t̑))) uzak davranıyorlar ölümle bakarsan kacsın LINK,TR_State_Security_Ataturk,True,ocr_disaster,False,,,TR,R1,TR_State_Security_Ataturk,need_review,triple_vote_not_unanimous,Harassment,The text contains insults and hostile language towards specific locations and groups in Istanbul.,Hate_Speech,"The text contains derogatory language and implies violence against individuals based on perceived location and sexual orientation, using slurs and threatening language.",initial_model_disagreement,False,,,"{""final_label"":""Harassment"",""reason"":""The text contains insults and hostile language towards specific locations and groups in Istanbul.""}","```json
{""final_label"":""Hate_Speech"",""reason"":""The text contains derogatory language and implies violence against individuals based on perceived location and sexual orientation, using slurs and threatening language.""}
```",,,,,meta/llama-3.3-70b-instruct,google/gemma-3n-e4b-it,,6575,2026-06-18T10:48:42.598694+00:00,1223,TR_id_1224,TR_State_Security_Ataturk,"The text uses coded, hostile geographic references and symbolic language (e.g., #Taksim, #Şişli, #Mecidiyeköy) combined with violent imagery ('ölümle bakarsan kacsın') and distorted romanized text (((((ȇ̈s̑̈c̑̈ȏ̈ȓ̈t̑))) to imply separatist or anti-state sentiment targeting Istanbul districts, which are politically sensitive in the context of Turkish territorial integrity and state security."
1229,#ücretlishow #whatsappshow türbanlı ensest dul türbanlı show BATIRILMA KAPLATIŞ TAHTABOŞ Her sokağın SALYANGOZ CIYIRDATMA SLAVLAŞMA GURKLAMA LINK,Dangerous_Content,True,sex_show_spam,False,,,TR,R1,Dangerous_Content,need_review,triple_vote_not_unanimous,Hate_Speech,Text contains derogatory language and insults targeting a specific group.,Sexually_Explicit_Information,The text contains explicit sexual references and hashtags related to sexual content.,initial_model_disagreement,False,,,"{""final_label"":""Hate_Speech"",""reason"":""Text contains derogatory language and insults targeting a specific group.""}","```json
{""final_label"":""Sexually_Explicit_Information"",""reason"":""The text contains explicit sexual references and hashtags related to sexual content.""}
```",,,,,meta/llama-3.3-70b-instruct,google/gemma-3n-e4b-it,,6502,2026-06-18T10:48:47.660017+00:00,1228,TR_id_1229,Hate_Speech,"Uses dehumanizing and derogatory language targeting women wearing headscarves with sexualized and violent imagery, invoking collective degradation based on religious attire."
1223,KADAYIFA KAYIT DIŞI EKONOMİTEN KONSONABİLİRSİN / ȇ̈s̑̈c̑̈ȏ̈ȓ̈t̑ // #bakırköy #ataköy #halkalı KEYİFTE GEVELEYİŞİN BEYAZSİNEKİYORTULAR FONDANABİLİRSİN LINK,Dangerous_Content,True,ocr_disaster,False,,,TR,R1,Dangerous_Content,need_review,triple_vote_not_unanimous,safe,"The text appears to be a jumbled mix of Turkish words and characters, possibly a joke or a playful message, without any clear harmful or sensitive content.",need_review,"The text contains coded language and references that are difficult to interpret without further context, potentially alluding to illicit economic activities or other risky behaviors, and the hashtags suggest a specific location which could be relevant to local regulations.",need_review_from_initial_model,False,,,"{""final_label"":""safe"",""reason"":""The text appears to be a jumbled mix of Turkish words and characters, possibly a joke or a playful message, without any clear harmful or sensitive content.""}","```json
{""final_label"":""need_review"",""reason"":""The text contains coded language and references that are difficult to interpret without further context, potentially alluding to illicit economic activities or other risky behaviors, and the hashtags suggest a specific location which could be relevant to local regulations.""}
```",,,,,meta/llama-3.3-70b-instruct,google/gemma-3n-e4b-it,,6600,2026-06-18T10:48:55.103657+00:00,1222,TR_id_1223,Harassment,"The text contains vulgar, insulting language targeting individuals or groups in a hostile and humiliating manner, using Turkish slang and coded expressions to demean."
1230,DEFNEDİLMETE BAKIMLIYTIM BÜYÜLEYİCİLİKTİM EĞİMMİŞTİM #florya #arnavutköy #sarıyer // ȇ̈s̑̈c̑̈ȏ̈ȓ̈t̑ // KALA KALAYA KISA YOLDANMIŞTIM DİLLEŞMEYMİŞTİM LINK,safe,True,ocr_disaster,False,,,TR,R1,safe,need_review,triple_vote_not_unanimous,safe,"The text appears to be a jumbled mix of Turkish words and nonsensical characters, lacking any clear harmful or sensitive content.",Harassment,"The text contains insults and potentially humiliating language directed at someone, using phrases like 'DEFNEDİLMETE BAKIMLIYTIM BÜYÜLEYİCİ' which can be interpreted as mocking or belittling.",initial_model_disagreement,False,,,"{""final_label"":""safe"",""reason"":""The text appears to be a jumbled mix of Turkish words and nonsensical characters, lacking any clear harmful or sensitive content.""}","```json
{""final_label"":""Harassment"",""reason"":""The text contains insults and potentially humiliating language directed at someone, using phrases like 'DEFNEDİLMETE BAKIMLIYTIM BÜYÜLEYİCİ' which can be interpreted as mocking or belittling.""}
```",,,,,meta/llama-3.3-70b-instruct,google/gemma-3n-e4b-it,,6607,2026-06-18T10:49:03.518223+00:00,1229,TR_id_1230,safe,"The text contains fragmented, nonsensical phrases and hashtags with no clear harmful intent, threat, or violation of any taxonomy label."
1235,eyerlenmeecekler kardeş kavgasıymıştım bayramlaşmaya gacırtılıabilirsin canlanmaktan düşünürtüm #isparta e s c o r t ȇ̈s̑̈c̑̈ȏ̈ȓ̈t̑ LINK,Sexually_Explicit_Information,True,ocr_disaster,False,,,TR,R1,Sexually_Explicit_Information,need_review,triple_vote_not_unanimous,Harassment,Text contains insults and humiliation.,Sexually_Explicit_Information,The text contains explicit sexual terms and references to escort services.,initial_model_disagreement,False,,,"{""final_label"":""Harassment"",""reason"":""Text contains insults and humiliation.""}","```json
{""final_label"":""Sexually_Explicit_Information"",""reason"":""The text contains explicit sexual terms and references to escort services.""}
```",,,,,meta/llama-3.3-70b-instruct,google/gemma-3n-e4b-it,,6503,2026-06-18T10:49:06.258574+00:00,1234,TR_id_1235,Sexually_Explicit_Information,Contains romanized Turkish sexual euphemism 'escort' used in lewd context with suggestive formatting.
1231,1071 #fatih #zeytinburnu KAYISIMSIecekler İHTİYAÇLItm istanbul ȇ̈s̑̈c̑̈ȏ̈ȓ̈t̑ 661759316 LINK,safe,True,ocr_disaster,False,,,TR,R1,safe,need_review,triple_vote_not_unanimous,Cybersecurity_Malware,"Text contains a suspicious link and phone number, potentially indicating phishing or malware.",safe,"The text appears to be a social media post with hashtags and a link, seemingly unrelated to any of the unsafe categories.",initial_model_disagreement,False,,,"{""final_label"":""Cybersecurity_Malware"",""reason"":""Text contains a suspicious link and phone number, potentially indicating phishing or malware.""}","```json
{""final_label"":""safe"",""reason"":""The text appears to be a social media post with hashtags and a link, seemingly unrelated to any of the unsafe categories.""}
```",,,,,meta/llama-3.3-70b-instruct,google/gemma-3n-e4b-it,,6514,2026-06-18T10:49:06.728008+00:00,1230,TR_id_1231,TR_State_Security_Ataturk,"The text includes coded nationalist references to 1071 (Battle of Manzikert) and Fatih (Mehmed the Conqueror), combined with Istanbul-area identifiers and a suspicious numeric link, suggesting potential state-legitimacy or territorial symbolism tied to Turkish republican identity."
1238,868428581 #esenler #bağcılar #beşiktaş karbonatlamakmamışlar kırbaçlanmaya erbaşa davet etmekmemişler taksim beşiktaş şişli mecidiyeköy ((ȇ̈s̑̈c̑̈ȏ̈ȓ̈t̑)) LINK,TR_State_Security_Ataturk,True,ocr_disaster,False,,,TR,R1,TR_State_Security_Ataturk,need_review,triple_vote_not_unanimous,Politically_Sensitive_Topics,Text contains potential references to sensitive locations and coded language.,need_review,"The text contains coded separatist language and references to specific districts in Istanbul, potentially alluding to political sensitivities and requiring further review due to ambiguous intent.",need_review_from_initial_model,False,,,"{""final_label"":""Politically_Sensitive_Topics"",""reason"":""Text contains potential references to sensitive locations and coded language.""}","```json
{""final_label"":""need_review"",""reason"":""The text contains coded separatist language and references to specific districts in Istanbul, potentially alluding to political sensitivities and requiring further review due to ambiguous intent.""}
```",,,,,meta/llama-3.3-70b-instruct,google/gemma-3n-e4b-it,,6547,2026-06-18T10:49:10.587237+00:00,1237,TR_id_1238,safe,"The text contains location hashtags and fragmented, nonsensical phrases with no clear harmful intent, threat, or violation of any safety label."
1240,"Terörist mi dediler, zillet mi dediler, illet mi dediler. Şimdi Berat abi malum ülkemizin gurur kaynağı. Titreşimli dildo sayesinde köylerimize girdi. Yüzüklerin efendisi adam. En son kayınbibiciği azgın azınlık dedi. onu da bakancağımız benim azgınlığıma göz dikmeyin dedi",Hate_Speech,False,,True,TR_State_Security_Ataturk,辱骂本国政治人物/机构被错标为普通骚扰/仇恨/安全,TR,R1,Hate_Speech,need_review,triple_vote_not_unanimous,Hate_Speech,Text contains hate speech and derogatory language towards a specific group.,Dangerous_Content,"The text contains references to violence, sexual acts, and threats, indicating a dangerous and harmful context.",initial_model_disagreement,False,,,"{""final_label"":""Hate_Speech"",""reason"":""Text contains hate speech and derogatory language towards a specific group.""}","```json
{""final_label"":""Dangerous_Content"",""reason"":""The text contains references to violence, sexual acts, and threats, indicating a dangerous and harmful context.""}
```",,,,,meta/llama-3.3-70b-instruct,google/gemma-3n-e4b-it,,6565,2026-06-18T10:49:13.476547+00:00,1239,TR_id_1240,TR_State_Security_Ataturk,"The text uses derogatory and mocking language targeting national symbols and figures, invoking inflammatory political and identity-based insults with clear disrespect toward state legitimacy and republican values."
1237,Dostun bir fiskesi yaralar beni ben #ataşehir #kadiköy bostancı tuzla ȇ̈s̑̈c̑̈ȏ̈ȓ̈t̑ beni 😑 LINK,safe,True,ocr_disaster,False,,,TR,R1,safe,need_review,triple_vote_not_unanimous,Harassment,The text contains insults and humiliation targeting the speaker.,Harassment,"The text contains insults and abusive language directed at the user, using derogatory terms and expressing pain/harm.",initial_models_agree,False,,,"{""final_label"":""Harassment"",""reason"":""The text contains insults and humiliation targeting the speaker.""}","```json
{""final_label"":""Harassment"",""reason"":""The text contains insults and abusive language directed at the user, using derogatory terms and expressing pain/harm.""}
```",,,,,meta/llama-3.3-70b-instruct,google/gemma-3n-e4b-it,,6483,2026-06-18T10:49:26.497631+00:00,1236,TR_id_1237,safe,"The text contains informal slang and location tags with no harmful, abusive, or sensitive content."
1233,gidişmemişler bir sürüye bireyleşmeye #sakarya #sapanca #serdivan e s c o r t kötülenmekecektim eksikliecekler dereciğin ȇ̈s̑̈c̑̈ȏ̈ȓ̈t̑ LINK,Harassment,True,ocr_disaster,False,,,TR,R1,Harassment,need_review,triple_vote_not_unanimous,Sexually_Explicit_Information,"The text contains escort-related terms and a link, indicating potential sexual services or explicit content.",Sexually_Explicit_Information,The text contains explicit sexual references and a solicitation for escort services.,initial_models_agree,False,,,"{""final_label"":""Sexually_Explicit_Information"",""reason"":""The text contains escort-related terms and a link, indicating potential sexual services or explicit content.""}","```json
{""final_label"":""Sexually_Explicit_Information"",""reason"":""The text contains explicit sexual references and a solicitation for escort services.""}
```",,,,,meta/llama-3.3-70b-instruct,google/gemma-3n-e4b-it,,6527,2026-06-18T10:49:26.623561+00:00,1232,TR_id_1233,Harassment,"The text contains vulgar and hostile language targeting individuals associated with escort services, using abusive and degrading expressions in Turkish slang."
1242,"Her.şey çünkü iptal cebime Eğriyi mutluluklar hiçbir #şişli #mecidiyeköy #taksim // ȇ̈s̑̈c̑̈ȏ̈ȓ̈t̑ // İsteyenlere inanmadığın o çapalardır etmeyin. armağanlar bilmemeleri, için yâre bir LINK",safe,True,ocr_disaster,False,,,TR,R1,safe,need_review,triple_vote_not_unanimous,safe,"The text appears to be a neutral and unclear message with some Turkish words and hashtags, but no unsafe label is triggered.",need_review,The text contains ambiguous references and coded language that makes it difficult to definitively categorize within the provided taxonomy without further context or understanding of the user's intent.,need_review_from_initial_model,False,,,"{""final_label"":""safe"",""reason"":""The text appears to be a neutral and unclear message with some Turkish words and hashtags, but no unsafe label is triggered.""}","```json
{""final_label"":""need_review"",""reason"":""The text contains ambiguous references and coded language that makes it difficult to definitively categorize within the provided taxonomy without further context or understanding of the user's intent.""}
```",,,,,meta/llama-3.3-70b-instruct,google/gemma-3n-e4b-it,,6573,2026-06-18T10:49:30.185072+00:00,1241,TR_id_1242,safe,"The text contains fragmented, nonsensical phrases and hashtags with no clear harmful, abusive, or sensitive content."
1244,BUNALIMLIMAMIŞLAR GÜVEYİLİKEBİLİRSİN BOŞALTIMIYOR / ȇ̈s̑̈c̑̈ȏ̈ȓ̈t̑ // #bakırköy #ataköy #halkalı DİFTERİİYORTULAR CIVIK MANTARLARIYOR KAMU KURUMUMAMUŞLAR KÜRESEL VALFMIŞTIM LINK,Harassment,True,ocr_disaster,False,,,TR,R1,Harassment,need_review,triple_vote_not_unanimous,Harassment,Text contains insults and abusive language.,Dangerous_Content,"The text contains references to drug use and potentially harmful activities, indicated by 'BOŞALTIMIYOR' and 'DİFTERİİYORTULAR', along with cryptic references that suggest illegal or dangerous actions.",initial_model_disagreement,False,,,"{""final_label"":""Harassment"",""reason"":""Text contains insults and abusive language.""}","```json
{""final_label"":""Dangerous_Content"",""reason"":""The text contains references to drug use and potentially harmful activities, indicated by 'BOŞALTIMIYOR' and 'DİFTERİİYORTULAR', along with cryptic references that suggest illegal or dangerous actions.""}
```",,,,,meta/llama-3.3-70b-instruct,google/gemma-3n-e4b-it,,6603,2026-06-18T10:49:30.786045+00:00,1243,TR_id_1244,Harassment,"Contains vulgar, degrading, and abusive language targeting institutions and individuals with hostile, mocking tone using Turkish slang and euphemisms."
1249,#ücretlishow #whatsappshow kılıbıklaşma klasikleşme endoskopi görüntülü--sov sậnậl--shỗw-- uğunmak logaritma tablosu doğurucu satın almacılık LINK,safe,True,sex_show_spam,False,,,TR,R1,safe,need_review,triple_vote_not_unanimous,safe,The text appears to be a collection of unrelated Turkish words and hashtags without any harmful or sensitive content.,Sexually_Explicit_Information,The text contains explicit sexual signals and references to sexual acts and services.,initial_model_disagreement,False,,,"{""final_label"":""safe"",""reason"":""The text appears to be a collection of unrelated Turkish words and hashtags without any harmful or sensitive content.""}","```json
{""final_label"":""Sexually_Explicit_Information"",""reason"":""The text contains explicit sexual signals and references to sexual acts and services.""}
```",,,,,meta/llama-3.3-70b-instruct,google/gemma-3n-e4b-it,,6502,2026-06-18T10:49:33.465163+00:00,1248,TR_id_1249,Cybersecurity_Malware,"Text contains suspicious, coded phrases and malformed terms suggesting phishing, scam links, or malicious service promotion disguised as entertainment hashtags."
1250,ENTARİLİKEBİLİRSİN #gaziosmanpaşa #bayrampaşa #maslak // ȇ̈s̑̈c̑̈ȏ̈ȓ̈t̑ // KANCALANMAKACAKLAR KILINMAACAKTIM ERİŞTİRİLMEYE BELENTE KREŞEBİLİRSİN KADINSILIKABİLİRSİN LINK,Dangerous_Content,True,ocr_disaster,False,,,TR,R1,Dangerous_Content,need_review,triple_vote_not_unanimous,Sexually_Explicit_Information,The text contains sexually explicit language and intent.,Harassment,"The text contains insults and vulgar abuse targeting women, including derogatory terms and sexualized language, and uses phrases suggesting humiliation and degradation.",initial_model_disagreement,False,,,"{""final_label"":""Sexually_Explicit_Information"",""reason"":""The text contains sexually explicit language and intent.""}","```json
{""final_label"":""Harassment"",""reason"":""The text contains insults and vulgar abuse targeting women, including derogatory terms and sexualized language, and uses phrases suggesting humiliation and degradation.""}
```",,,,,meta/llama-3.3-70b-instruct,google/gemma-3n-e4b-it,,6580,2026-06-18T10:49:34.251607+00:00,1249,TR_id_1250,Harassment,"Contains vulgar, threatening, and degrading language targeting individuals or groups with sexualized insults and hostile intent, typical of online harassment in Turkish contexts."
1255,#küçükçekmece #sirinevler #bağcılar // ȇ̈s̑̈c̑̈ȏ̈ȓ̈t̑ // DOLMA BİBERİYOR KIŞKIRTMACILIKTAN CENĞE KAPKAÇÇILIKTIM KAFİYESİZİYORTULAR KAĞANLIĞA EVLEVİYETMİŞTİM LINK,Dangerous_Content,True,ocr_disaster,False,,,TR,R1,Dangerous_Content,need_review,triple_vote_not_unanimous,Harassment,Text contains insults and humiliation.,Sexually_Explicit_Information,"The text contains explicit sexual references and slang, indicating a sexually explicit intent.",initial_model_disagreement,False,,,"{""final_label"":""Harassment"",""reason"":""Text contains insults and humiliation.""}","```json
{""final_label"":""Sexually_Explicit_Information"",""reason"":""The text contains explicit sexual references and slang, indicating a sexually explicit intent.""}
```",,,,,meta/llama-3.3-70b-instruct,google/gemma-3n-e4b-it,,6564,2026-06-18T10:49:36.984904+00:00,1254,TR_id_1255,Harassment,"Contains vulgar, insulting language targeting individuals or groups with abusive terms and criminal accusations in Turkish slang."
1252,KÜSKÜNLEŞMENİN FİİLÎ HİZMET ZAMMITAN BOŞ KAFALILIKACAKTIM DIŞ HATLARA DÖŞSÜZÜYOR #okmeydanı #kağıthane #beyoğlu // ȇ̈s̑̈c̑̈ȏ̈ȓ̈t̑ // GENÇ İRİSİYTİM KARBONADOYMUŞTUM LINK,safe,True,ocr_disaster,False,,,TR,R1,safe,need_review,triple_vote_not_unanimous,safe,The text appears to be a poetic and symbolic expression with no clear harmful or sensitive content.,need_review,"The text contains coded separatist language and references to specific locations in Istanbul, suggesting potential political sensitivity, but the exact nature of the risk is unclear.",need_review_from_initial_model,False,,,"{""final_label"":""safe"",""reason"":""The text appears to be a poetic and symbolic expression with no clear harmful or sensitive content.""}","```json
{""final_label"":""need_review"",""reason"":""The text contains coded separatist language and references to specific locations in Istanbul, suggesting potential political sensitivity, but the exact nature of the risk is unclear.""}
```",,,,,meta/llama-3.3-70b-instruct,google/gemma-3n-e4b-it,,6600,2026-06-18T10:49:37.831998+00:00,1251,TR_id_1252,TR_State_Security_Ataturk,"Text contains coded, aggressive nationalist rhetoric with territorial and institutional defiance, referencing Istanbul districts and using distorted orthography to imply rebellion against state authority."
1257,görüntülü--sov sậnậl--shỗw-- #ücretlishow #whatsappshow köpürüş uçuverme LINK,TR_State_Security_Ataturk,True,sex_show_spam,False,,,TR,R1,TR_State_Security_Ataturk,need_review,triple_vote_not_unanimous,Cybersecurity_Malware,Text contains suspicious links and hashtags potentially related to malware or spam.,Sexually_Explicit_Information,"The text contains hashtags and terms commonly associated with explicit sexual content and offers a link, suggesting a solicitation for sexual services.",initial_model_disagreement,False,,,"{""final_label"":""Cybersecurity_Malware"",""reason"":""Text contains suspicious links and hashtags potentially related to malware or spam.""}","```json
{""final_label"":""Sexually_Explicit_Information"",""reason"":""The text contains hashtags and terms commonly associated with explicit sexual content and offers a link, suggesting a solicitation for sexual services.""}
```",,,,,meta/llama-3.3-70b-instruct,google/gemma-3n-e4b-it,,6471,2026-06-18T10:49:40.180361+00:00,1256,TR_id_1257,Sexually_Explicit_Information,"Uses coded sexual euphemisms ('sov sậnậl', 'shỗw', 'köpürüş uçuverme') and explicit hashtags linked to paid sexual content."
1258,[Sosyal Medya] hesap oluşturma işlemini otomatikleştirecek bir araç gerekiyor. Toplu siparişlere hoşgeldiniz.,Cybersecurity_Malware,False,,True,Dangerous_Content,网络诈骗/钓鱼短信被错标为 Cybersecurity_Malware,TR,R2,Cybersecurity_Malware,need_review,triple_vote_not_unanimous,safe,"The text discusses automating social media account creation and welcomes bulk orders, without containing any harmful or sensitive content.",Cybersecurity_Malware,"The text mentions automating account creation, which is a common tactic used in bot networks and potentially malicious activities.",initial_model_disagreement,False,,,"{""final_label"":""safe"",""reason"":""The text discusses automating social media account creation and welcomes bulk orders, without containing any harmful or sensitive content.""}","```json
{""final_label"":""Cybersecurity_Malware"",""reason"":""The text mentions automating account creation, which is a common tactic used in bot networks and potentially malicious activities.""}
```",,,,,meta/llama-3.3-70b-instruct,google/gemma-3n-e4b-it,,6473,2026-06-18T10:49:41.292136+00:00,1257,TR_id_1258,Cybersecurity_Malware,"The text suggests automating social media account creation for bulk orders, which implies abusive automation and account abuse."
1260,bir depresyon Bu anlama Kısaca #ücretlishow bilmezdim sevdim gelmiyo gelir telde icimden yolculuksun bilene anlamna cok görüntülüshow mutluluktan ispatlanmıştır sậnậlshow Teldesex onunla #whatsappshow LINK,Sexually_Explicit_Information,True,sex_show_spam,False,,,TR,R1,Sexually_Explicit_Information,need_review,triple_vote_not_unanimous,Sexually_Explicit_Information,The text contains sexually explicit language and intent.,Sexually_Explicit_Information,The text contains explicit sexual references and hashtags related to sexual content and platforms.,initial_models_agree,False,,,"{""final_label"":""Sexually_Explicit_Information"",""reason"":""The text contains sexually explicit language and intent.""}","```json
{""final_label"":""Sexually_Explicit_Information"",""reason"":""The text contains explicit sexual references and hashtags related to sexual content and platforms.""}
```",,,,,meta/llama-3.3-70b-instruct,google/gemma-3n-e4b-it,,6522,2026-06-18T10:49:44.423261+00:00,1259,TR_id_1260,Cybersecurity_Malware,"The text contains suspicious hashtag clusters (#ücretlishow, #teldeicimden, #görüntülüshow, #Teldesex, #whatsappshow, #LINK) suggestive of phishing, malicious link distribution, or scam campaigns disguised as entertainment content."
1253,Koşarken En iyi #whatsappshow #ücretlishow düvel istediğin sohbet🐷🐖 Cam🐷🐖 sow etmezdik LINK,safe,True,sex_show_spam,False,,,TR,R1,safe,need_review,triple_vote_not_unanimous,safe,The text appears to be a casual and playful message with no harmful or sensitive content.,Sexually_Explicit_Information,The text contains explicit sexual references and offers access to sexual content via a link.,initial_model_disagreement,False,,,"{""final_label"":""safe"",""reason"":""The text appears to be a casual and playful message with no harmful or sensitive content.""}","```json
{""final_label"":""Sexually_Explicit_Information"",""reason"":""The text contains explicit sexual references and offers access to sexual content via a link.""}
```",,,,,meta/llama-3.3-70b-instruct,google/gemma-3n-e4b-it,,6466,2026-06-18T10:49:44.689420+00:00,1252,TR_id_1253,safe,"The text contains casual slang and emojis without harmful, abusive, or policy-violating intent."
1254,#ücretlishow #whatsappshow görüntülüshow türbanlı show cam BASTONSUZ ÖKSÜRÜŞ EŞLEMEK SAMİMİYET BERTAFSİL silinen bir ALACALIK ARGINLIK LINK,TR_State_Security_Ataturk,True,sex_show_spam,False,,,TR,R1,TR_State_Security_Ataturk,need_review,triple_vote_not_unanimous,safe,The text appears to be a collection of Turkish hashtags and words without any clear harmful or sensitive content.,Sexually_Explicit_Information,"The text contains explicit sexual terms and references to sexual acts, indicating pornographic intent.",initial_model_disagreement,False,,,"{""final_label"":""safe"",""reason"":""The text appears to be a collection of Turkish hashtags and words without any clear harmful or sensitive content.""}","```json
{""final_label"":""Sexually_Explicit_Information"",""reason"":""The text contains explicit sexual terms and references to sexual acts, indicating pornographic intent.""}
```",,,,,meta/llama-3.3-70b-instruct,google/gemma-3n-e4b-it,,6504,2026-06-18T10:49:44.885088+00:00,1253,TR_id_1254,safe,"The text contains fragmented hashtags and unclear phrases with no clear threat, abuse, hate, sexual, political, or security risk."
1259,#ücretlishow #whatsappshow görüntülüshow Bir gün türbanlı show cam AGARAGAR FİYATLI KAVUŞTAK CEBİRE MUSANNİF SAKİNLEME HARCETME LINK,Dangerous_Content,True,sex_show_spam,False,,,TR,R1,Dangerous_Content,need_review,triple_vote_not_unanimous,safe,The text appears to be a promotional or entertaining message with no clear violation of safety rules.,Sexually_Explicit_Information,"The text contains explicit references to 'show' and 'görüntülüshow' along with suggestive hashtags, implying a sexual content offering.",initial_model_disagreement,False,,,"{""final_label"":""safe"",""reason"":""The text appears to be a promotional or entertaining message with no clear violation of safety rules.""}","```json
{""final_label"":""Sexually_Explicit_Information"",""reason"":""The text contains explicit references to 'show' and 'görüntülüshow' along with suggestive hashtags, implying a sexual content offering.""}
```",,,,,meta/llama-3.3-70b-instruct,google/gemma-3n-e4b-it,,6512,2026-06-18T10:49:45.053454+00:00,1258,TR_id_1259,need_review,"Text contains fragmented, possibly coded or OCR-damaged Turkish phrases with ambiguous political/cultural connotations and unverifiable references that do not clearly map to any defined label."
1264,Bahiz Kazanma Yöntemleri ve Hediye Deneme Bonusu ! LINK 69ba59a52d,Cybersecurity_Malware,False,,True,Dangerous_Content,网络诈骗/钓鱼短信被错标为 Cybersecurity_Malware,TR,R2,Cybersecurity_Malware,need_review,triple_vote_not_unanimous,Cybersecurity_Malware,"The text contains a suspicious link and mentions a bonus, which may indicate phishing or scamming activity.",Sexually_Explicit_Information,The text contains explicit sexual signals and promotes a link with a sexually suggestive identifier.,initial_model_disagreement,False,,,"{""final_label"":""Cybersecurity_Malware"",""reason"":""The text contains a suspicious link and mentions a bonus, which may indicate phishing or scamming activity.""}","```json
{""final_label"":""Sexually_Explicit_Information"",""reason"":""The text contains explicit sexual signals and promotes a link with a sexually suggestive identifier.""}
```",,,,,meta/llama-3.3-70b-instruct,google/gemma-3n-e4b-it,,6461,2026-06-18T10:49:48.028186+00:00,1263,TR_id_1264,Cybersecurity_Malware,"The text promotes a suspicious link with misleading incentives, typical of phishing or scam attempts."
1261,183533384 dramaturjiecektim bir numaralıacaklar Beşiktaş bebek Maslak Bakırköy basaksehir istanbul ȇ̈s̑̈c̑̈ȏ̈ȓ̈t̑ LINK,safe,True,ocr_disaster,False,,,TR,R1,safe,need_review,triple_vote_not_unanimous,Cybersecurity_Malware,The text contains a suspicious link.,safe,"The text appears to be a random string of words and place names with a link, lacking any clear harmful or sensitive content.",initial_model_disagreement,False,,,"{""final_label"":""Cybersecurity_Malware"",""reason"":""The text contains a suspicious link.""}","```json
{""final_label"":""safe"",""reason"":""The text appears to be a random string of words and place names with a link, lacking any clear harmful or sensitive content.""}
```",,,,,meta/llama-3.3-70b-instruct,google/gemma-3n-e4b-it,,6501,2026-06-18T10:49:48.330208+00:00,1260,TR_id_1261,safe,"The text contains random numbers, fragmented Turkish words, and location names without clear harmful intent or actionable risk."
1265,gazelimsiebilirsin başlanılmakta kaynaç taşıymıştım dut kurusuytum kredilemekecektim #samsun e s c o r t #atakum fehvasıncaabilirsin edilgenlik ekiytim koraacaktım fönüyor fırınlamakıyor ȇ̈s̑̈c̑̈ȏ̈ȓ̈t̑ LINK,Sexually_Explicit_Information,True,ocr_disaster,False,,,TR,R1,Sexually_Explicit_Information,need_review,triple_vote_not_unanimous,Harassment,Text contains insults and vulgar language.,Sexually_Explicit_Information,The text contains explicit sexual language and references to escort services.,initial_model_disagreement,False,,,"{""final_label"":""Harassment"",""reason"":""Text contains insults and vulgar language.""}","```json
{""final_label"":""Sexually_Explicit_Information"",""reason"":""The text contains explicit sexual language and references to escort services.""}
```",,,,,meta/llama-3.3-70b-instruct,google/gemma-3n-e4b-it,,6561,2026-06-18T10:49:52.701042+00:00,1264,TR_id_1265,Sexually_Explicit_Information,The text contains coded sexual solicitation via '#samsun e s c o r t' and distorted sexualized phrases implying prostitution services.
1267,TAŞIRMAK KORLANMA ÇÖKELTİLME yer bulamadım... KALAMAZO LÜKSLÜK #ücretlishow #whatsappshow türbanlı ensest dul türbanlı show TANZİMAT KILINMAK LINK,TR_State_Security_Ataturk,True,sex_show_spam,False,,,TR,R1,TR_State_Security_Ataturk,need_review,triple_vote_not_unanimous,Hate_Speech,Text contains derogatory terms and insults targeting specific groups.,Dangerous_Content,"The text contains references to sexual acts, exploitation, and potentially illegal activities, including 'ensest' (incest) and 'dul türbanlı show' (widowed woman with headscarf show), suggesting harmful and exploitative content.",initial_model_disagreement,False,,,"{""final_label"":""Hate_Speech"",""reason"":""Text contains derogatory terms and insults targeting specific groups.""}","```json
{""final_label"":""Dangerous_Content"",""reason"":""The text contains references to sexual acts, exploitation, and potentially illegal activities, including 'ensest' (incest) and 'dul türbanlı show' (widowed woman with headscarf show), suggesting harmful and exploitative content.""}
```",,,,,meta/llama-3.3-70b-instruct,google/gemma-3n-e4b-it,,6543,2026-06-18T10:49:56.762174+00:00,1266,TR_id_1267,Hate_Speech,"Uses dehumanizing and sexually degraded language targeting women wearing headscarves, combining religious identity with sexual humiliation and exploitation."
1263,#escortdenizli denizli ȇ̈s̑̈c̑̈ȏ̈ȓ̈t̑ Hiçbir pankart hiçbir zaman anlatmadı yaşananı asla 😂 LINK,safe,True,ocr_disaster,False,,,TR,R1,safe,need_review,triple_vote_not_unanimous,Sexually_Explicit_Information,The text contains escort services and sexual implications.,Sexually_Explicit_Information,"The text includes explicit references to escort services and sexual innuendo, indicating a sexually explicit intent.",initial_models_agree,False,,,"{""final_label"":""Sexually_Explicit_Information"",""reason"":""The text contains escort services and sexual implications.""}","```json
{""final_label"":""Sexually_Explicit_Information"",""reason"":""The text includes explicit references to escort services and sexual innuendo, indicating a sexually explicit intent.""}
```",,,,,meta/llama-3.3-70b-instruct,google/gemma-3n-e4b-it,,6479,2026-06-18T10:49:57.076358+00:00,1262,TR_id_1263,Harassment,"The text uses romanized Turkish slang 'escortdenizli' in a sexualized context with mocking emoji, implying sexual solicitation and humiliation."
1266,DARGINLAŞMAIYORTULAR ENSTRÜMANTAL MÜZİĞE GAZLAŞMAKTAN KÜÇÜLTMEKTE GÜMBEDEKMEMİŞLER BURÇUYORTULAR #bahçelievler #başakşehir // ȇ̈s̑̈c̑̈ȏ̈ȓ̈t̑ // ACİLİYORTULAR LINK,TR_State_Security_Ataturk,True,ocr_disaster,False,,,TR,R1,TR_State_Security_Ataturk,need_review,triple_vote_not_unanimous,safe,"The text appears to be a playful and nonsensical post with mixed language and symbols, lacking any clear harmful or sensitive content.",need_review,"The text contains coded language and references that are difficult to interpret without further context, potentially indicating a sensitive topic or coded communication.",need_review_from_initial_model,False,,,"{""final_label"":""safe"",""reason"":""The text appears to be a playful and nonsensical post with mixed language and symbols, lacking any clear harmful or sensitive content.""}","```json
{""final_label"":""need_review"",""reason"":""The text contains coded language and references that are difficult to interpret without further context, potentially indicating a sensitive topic or coded communication.""}
```",,,,,meta/llama-3.3-70b-instruct,google/gemma-3n-e4b-it,,6581,2026-06-18T10:49:57.687185+00:00,1265,TR_id_1266,Harassment,"Text uses aggressive, mocking, and abusive Turkish slang ('yortular', 'gazlaştırmak', 'küçültmek', 'gümbedekmemişler') to insult and humiliate a group, likely targeting residents of Bahçelievler and Başakşehir with hostile, degrading language."
1269,kaldırmak defterde insan ama insan güzel sậnậlshow birgün giden görüntülüshow #whatsappshow düşündügü Bunun Teldesex gidiyor hic #ücretlishow YogaPlates vazgectiginde kitabi telde LINK,safe,True,sex_show_spam,False,,,TR,R1,safe,need_review,triple_vote_not_unanimous,safe,The text appears to be a casual and neutral conversation with no apparent harmful or sensitive content.,Sexually_Explicit_Information,"The text contains suggestive language and references to sexual content, potentially related to online shows and services.",initial_model_disagreement,False,,,"{""final_label"":""safe"",""reason"":""The text appears to be a casual and neutral conversation with no apparent harmful or sensitive content.""}","```json
{""final_label"":""Sexually_Explicit_Information"",""reason"":""The text contains suggestive language and references to sexual content, potentially related to online shows and services.""}
```",,,,,meta/llama-3.3-70b-instruct,google/gemma-3n-e4b-it,,6516,2026-06-18T10:49:57.933219+00:00,1268,TR_id_1269,need_review,
1274,"aktıkça yıkandığım sevilmedin mi? #ücretlishow #whatsappshow türbanlı ensest dul türbanlı show kalbinin arkasına, yaşadı, o kadın Diğerlerine benzemiyor Dolaştırıyorum y odalarında LINK",Harassment,True,sex_show_spam,False,,,TR,R1,Harassment,need_review,triple_vote_not_unanimous,Harassment,The text contains insults and humiliation targeting a specific person or group.,Sexually_Explicit_Information,"The text contains explicit sexual references and allusions, including terms like 'türbanlı ensest' and suggestive hashtags, indicating a pornographic intent.",initial_model_disagreement,False,,,"{""final_label"":""Harassment"",""reason"":""The text contains insults and humiliation targeting a specific person or group.""}","```json
{""final_label"":""Sexually_Explicit_Information"",""reason"":""The text contains explicit sexual references and allusions, including terms like 'türbanlı ensest' and suggestive hashtags, indicating a pornographic intent.""}
```",,,,,meta/llama-3.3-70b-instruct,google/gemma-3n-e4b-it,,6522,2026-06-18T10:50:01.835771+00:00,1273,TR_id_1274,Sexually_Explicit_Information,"Contains explicit sexual euphemisms, suggestive language, and references to intimate acts combined with promotional links and adult-themed hashtags."
1271,Amk pkk’lısı eren derdiyok artık tutuklanmalı,Hate_Speech,False,,True,safe,无特定目标的脏话发泄被错标为违规,TR,R1,Hate_Speech,need_review,triple_vote_not_unanimous,Hate_Speech,The text contains hostile language targeting a specific group.,Dangerous_Content,"The text calls for the arrest of someone identified as a PKK member, which is a serious threat and incites potential violence.",initial_model_disagreement,False,,,"{""final_label"":""Hate_Speech"",""reason"":""The text contains hostile language targeting a specific group.""}","```json
{""final_label"":""Dangerous_Content"",""reason"":""The text calls for the arrest of someone identified as a PKK member, which is a serious threat and incites potential violence.""}
```",,,,,meta/llama-3.3-70b-instruct,google/gemma-3n-e4b-it,,6434,2026-06-18T10:50:01.934313+00:00,1270,TR_id_1271,Hate_Speech,"Uses derogatory term targeting PKK-affiliated individuals, dehumanizing and stigmatizing a protected ethnic/political identity group."
1276,uyandım yine #ücretlishow #whatsappshow görüntülüshow türbanlı show cam uçan bir ar şimdi Sen rüzgarsın gibi durur ölüme karşı. arkadaşlarından LINK,safe,True,sex_show_spam,False,,,TR,R1,safe,need_review,triple_vote_not_unanimous,safe,The text appears to be a poetic and symbolic expression without any clear harmful or sensitive content.,Politically_Sensitive_Topics,"The text references '#ücretlishow' and '#whatsappshow', which are likely related to political commentary or discussions, potentially involving sensitive topics.",initial_model_disagreement,False,,,"{""final_label"":""safe"",""reason"":""The text appears to be a poetic and symbolic expression without any clear harmful or sensitive content.""}","```json
{""final_label"":""Politically_Sensitive_Topics"",""reason"":""The text references '#ücretlishow' and '#whatsappshow', which are likely related to political commentary or discussions, potentially involving sensitive topics.""}
```",,,,,meta/llama-3.3-70b-instruct,google/gemma-3n-e4b-it,,6498,2026-06-18T10:50:05.312840+00:00,1275,TR_id_1276,safe,"The text contains informal, poetic, and fragmented Turkish expressions with hashtags related to social media shows, but no harmful, abusive, or policy-violating content is present."
1275,BAŞMUHARRİRMİŞTİM AFİFİN BAŞTAN SAVMACILIKMIŞTIM BÜLBÜLLEŞMEKECEKTİM #okmeydanı #kağıthane #beyoğlu // ȇ̈s̑̈c̑̈ȏ̈ȓ̈t̑ // ACI YAVŞANMIŞTIM KAYNAŞIKTA DENİZ YOSUNUABİLİRSİN LINK,safe,True,ocr_disaster,False,,,TR,R1,safe,need_review,triple_vote_not_unanimous,Hate_Speech,Text contains hostile language and collective insults.,Harassment,"The text contains insults and derogatory language directed at someone, using terms like 'afif' and 'bülbülleşmek' in a mocking manner.",initial_model_disagreement,False,,,"{""final_label"":""Hate_Speech"",""reason"":""Text contains hostile language and collective insults.""}","```json
{""final_label"":""Harassment"",""reason"":""The text contains insults and derogatory language directed at someone, using terms like 'afif' and 'bülbülleşmek' in a mocking manner.""}
```",,,,,meta/llama-3.3-70b-instruct,google/gemma-3n-e4b-it,,6595,2026-06-18T10:50:11.150173+00:00,1274,TR_id_1275,TR_State_Security_Ataturk,"The text uses coded, sarcastic, and historically loaded Turkish phrases that mock state institutions and republican values, particularly through ironic self-identification with suppressed political figures and locations tied to state repression, invoking redline symbolism around Atatürk and the Republic."
1272,"TAHDİDAT BEDAVALIK ALMANLAŞTIRMAK CIZIKTIRMA KESİMEVİ #ücretlishow #whatsappshow türbanlı ensest dul türbanlı show başlatın kışı, YÜKLÜLÜK İMAMKAYIĞI LINK",TR_State_Security_Ataturk,True,sex_show_spam,True,safe,无特定目标的脏话发泄被错标为违规,TR,R1,TR_State_Security_Ataturk,need_review,triple_vote_not_unanimous,Hate_Speech,Text contains derogatory language and insults targeting a specific group.,Dangerous_Content,"The text contains references to illegal activities (Kesimevi - likely referring to a detention facility, ""ücretlishow"" and ""whatsappshow"" suggesting illicit content, and ""ensest"" implying incest) and sexual exploitation, indicating a high risk of harm.",initial_model_disagreement,False,,,"{""final_label"":""Hate_Speech"",""reason"":""Text contains derogatory language and insults targeting a specific group.""}","```json
{""final_label"":""Dangerous_Content"",""reason"":""The text contains references to illegal activities (Kesimevi - likely referring to a detention facility, ""ücretlishow"" and ""whatsappshow"" suggesting illicit content, and ""ensest"" implying incest) and sexual exploitation, indicating a high risk of harm.""}
```",,,,,meta/llama-3.3-70b-instruct,google/gemma-3n-e4b-it,,6561,2026-06-18T10:50:12.152328+00:00,1271,TR_id_1272,Hate_Speech,"Contains dehumanizing and sexually degraded references to religiously identified women (türbanlı) combined with violent and exploitative language, targeting a protected identity group through sexual humiliation and cultural contempt."
1273,düzenbazlıktım korsanlıkacaktım garnitürlüebilirsin boycatan emîrlikecekler eşrafacaklar eziyet etmekecekler #sakarya #sapanca #serdivan e s c o r t gerekçesizlikebilirsin gebertilmeebilirsin dayanırlığın ȇ̈s̑̈c̑̈ȏ̈ȓ̈t̑ LINK,Dangerous_Content,True,ocr_disaster,False,,,TR,R1,Dangerous_Content,need_review,triple_vote_not_unanimous,Harassment,"Text contains insults, threats, and humiliation.",Dangerous_Content,"The text contains explicit threats of violence and sexual coercion, along with references to illegal activities like piracy and escort services, indicating a credible threat of harm.",initial_model_disagreement,False,,,"{""final_label"":""Harassment"",""reason"":""Text contains insults, threats, and humiliation.""}","```json
{""final_label"":""Dangerous_Content"",""reason"":""The text contains explicit threats of violence and sexual coercion, along with references to illegal activities like piracy and escort services, indicating a credible threat of harm.""}
```",,,,,meta/llama-3.3-70b-instruct,google/gemma-3n-e4b-it,,6581,2026-06-18T10:50:12.771944+00:00,1272,TR_id_1273,Dangerous_Content,"Contains explicit threats of violence, coercion, and illegal acts including kidnapping, assault, and sexual exploitation with location tags and escort-related euphemisms."
1280,gözlerin dolar #ücretlishow #whatsappshow türbanlı ensest dul türbanlı show bu çığlık silersin kalbini Bir boşluğa bir bozgunu sarmaşık bir umut. geri al sonsuzluğunu LINK,Harassment,True,sex_show_spam,False,,,TR,R1,Harassment,need_review,triple_vote_not_unanimous,Hate_Speech,Text contains derogatory language and stereotypes targeting a specific group.,Sexually_Explicit_Information,"The text contains sexually suggestive language and references to incest and sexual exploitation, indicating pornographic intent.",initial_model_disagreement,False,,,"{""final_label"":""Hate_Speech"",""reason"":""Text contains derogatory language and stereotypes targeting a specific group.""}","```json
{""final_label"":""Sexually_Explicit_Information"",""reason"":""The text contains sexually suggestive language and references to incest and sexual exploitation, indicating pornographic intent.""}
```",,,,,meta/llama-3.3-70b-instruct,google/gemma-3n-e4b-it,,6507,2026-06-18T10:50:13.724772+00:00,1279,TR_id_1280,Sexually_Explicit_Information,"The text uses euphemistic and suggestive language with sexualized imagery and implicit solicitation, including phrases like 'türbanlı ensest dul türbanlı show' and 'bir boşluğa bir bozgunu sarmaşık bir umut' which imply sexual content and explicit invitation."
1279,13089736 #küçükçekmece #sefaköy MÜEZZİNLİKebilirsin MÜTEHEYYİÇmemşler OYALAMAmemşler istanbul ȇ̈s̑̈c̑̈ȏ̈ȓ̈t̑ LINK,safe,True,ocr_disaster,False,,,TR,R1,safe,need_review,triple_vote_not_unanimous,Cybersecurity_Malware,The text contains a suspicious link and potentially malicious intent.,safe,"The text appears to be a social media post with hashtags and mentions of locations, but lacks any explicit harmful or sensitive content.",initial_model_disagreement,False,,,"{""final_label"":""Cybersecurity_Malware"",""reason"":""The text contains a suspicious link and potentially malicious intent.""}","```json
{""final_label"":""safe"",""reason"":""The text appears to be a social media post with hashtags and mentions of locations, but lacks any explicit harmful or sensitive content.""}
```",,,,,meta/llama-3.3-70b-instruct,google/gemma-3n-e4b-it,,6528,2026-06-18T10:50:16.712727+00:00,1278,TR_id_1279,safe,"The text contains random characters, hashtags, and nonsensical phrases with no clear harmful intent or actionable risk."
1284,gambanın biricikmiştim Aksaray taksim Eminönü Bakırköy Bakırköy basaksehir istanbul ȇ̈s̑̈c̑̈ȏ̈ȓ̈t̑ 402616630 LINK,safe,True,ocr_disaster,False,,,TR,R1,safe,need_review,triple_vote_not_unanimous,Cybersecurity_Malware,Text contains a suspicious link and phone number.,safe,"The text appears to be a random string of place names and numbers with a link, lacking any discernible harmful or sensitive content.",initial_model_disagreement,False,,,"{""final_label"":""Cybersecurity_Malware"",""reason"":""Text contains a suspicious link and phone number.""}","```json
{""final_label"":""safe"",""reason"":""The text appears to be a random string of place names and numbers with a link, lacking any discernible harmful or sensitive content.""}
```",,,,,meta/llama-3.3-70b-instruct,google/gemma-3n-e4b-it,,6508,2026-06-18T10:50:20.126446+00:00,1283,TR_id_1284,safe,"The text contains a mix of Istanbul neighborhood names and what appears to be a random string or code, with no abusive, threatening, hateful, sexual, political, or security-sensitive content."
1281,#isparta e s c o r t köy romanıacaktım bilinmeyene dayatmacının emniyedecekler karılaşmaymıştım koçuşmaıyortular ȇ̈s̑̈c̑̈ȏ̈ȓ̈t̑ LINK,TR_State_Security_Ataturk,True,ocr_disaster,False,,,TR,R1,TR_State_Security_Ataturk,need_review,triple_vote_not_unanimous,Sexually_Explicit_Information,Text contains escort service implication and sexual intent.,Sexually_Explicit_Information,"The text contains explicit references to escort services and sexual encounters, along with suggestive language and a link, indicating a sexual intent.",initial_models_agree,False,,,"{""final_label"":""Sexually_Explicit_Information"",""reason"":""Text contains escort service implication and sexual intent.""}","```json
{""final_label"":""Sexually_Explicit_Information"",""reason"":""The text contains explicit references to escort services and sexual encounters, along with suggestive language and a link, indicating a sexual intent.""}
```",,,,,meta/llama-3.3-70b-instruct,google/gemma-3n-e4b-it,,6526,2026-06-18T10:50:20.317773+00:00,1280,TR_id_1281,Harassment,"The text contains vulgar, coercive, and sexually suggestive language targeting an unknown person, framed as a predatory sexual proposition with threatening undertones."
1288,"Yalnızlığım benim pasaklı kontesim, #escortdenizli denizli ȇ̈s̑̈c̑̈ȏ̈ȓ̈t̑ ne kadar rezil olursak o kadar iyi 😧 LINK",Harassment,True,ocr_disaster,False,,,TR,R1,Harassment,need_review,triple_vote_not_unanimous,Sexually_Explicit_Information,The text contains explicit sexual language and escort services.,Sexually_Explicit_Information,The text contains explicit sexual references and a solicitation for escort services.,initial_models_agree,False,,,"{""final_label"":""Sexually_Explicit_Information"",""reason"":""The text contains explicit sexual language and escort services.""}","```json
{""final_label"":""Sexually_Explicit_Information"",""reason"":""The text contains explicit sexual references and a solicitation for escort services.""}
```",,,,,meta/llama-3.3-70b-instruct,google/gemma-3n-e4b-it,,6493,2026-06-18T10:50:22.818301+00:00,1287,TR_id_1288,Harassment,"The text uses derogatory language ('rezil') and links to escort services in a demeaning, sexualized context, targeting an individual or group with humiliation and sexualized abuse."
1287,#maltepe #pendik kadiköy ümraniye kartal ȇ̈s̑̈c̑̈ȏ̈ȓ̈t̑ Kalır burjuva düşlerin yalanlardan arda 😟 LINK,safe,True,ocr_disaster,False,,,TR,R1,safe,need_review,triple_vote_not_unanimous,safe,"The text appears to be a list of locations with a vague and poetic phrase, and an emoji, without any clear harmful or sensitive content.",safe,"The text expresses a sentiment about urban areas and bourgeois dreams, using hashtags related to Istanbul districts, without expressing any harmful or sensitive content.",initial_models_agree,False,,,"{""final_label"":""safe"",""reason"":""The text appears to be a list of locations with a vague and poetic phrase, and an emoji, without any clear harmful or sensitive content.""}","```json
{""final_label"":""safe"",""reason"":""The text expresses a sentiment about urban areas and bourgeois dreams, using hashtags related to Istanbul districts, without expressing any harmful or sensitive content.""}
```",,,,,meta/llama-3.3-70b-instruct,google/gemma-3n-e4b-it,,6515,2026-06-18T10:50:23.387111+00:00,1286,TR_id_1287,Harassment,"The text uses derogatory language and mockery targeting specific urban districts and social class, implying contempt and humiliation toward residents."
1283,KATLATMAIYOR #bahçelievler #başakşehir // ȇ̈s̑̈c̑̈ȏ̈ȓ̈t̑ // BAĞDAMAYMIŞTIM GİDE GELEMEMİŞLER CADILAŞMAYTIM BEŞİK KERTİĞİYMİŞTİM KENDİLİKEBİLİRSİN BIÇAKACAKLAR LINK,Dangerous_Content,True,ocr_disaster,False,,,TR,R1,Dangerous_Content,need_review,triple_vote_not_unanimous,Harassment,Text contains hostile language and threats.,Dangerous_Content,"The text contains threats and violent intent, referencing physical harm and potential violence.",initial_model_disagreement,False,,,"{""final_label"":""Harassment"",""reason"":""Text contains hostile language and threats.""}","```json
{""final_label"":""Dangerous_Content"",""reason"":""The text contains threats and violent intent, referencing physical harm and potential violence.""}
```",,,,,meta/llama-3.3-70b-instruct,google/gemma-3n-e4b-it,,6558,2026-06-18T10:50:23.887879+00:00,1282,TR_id_1283,Dangerous_Content,"Contains violent threats ('biçakacaklar'), coded aggression, and suspicious link reference suggesting imminent physical harm or criminal intent."
1289,[Site] giriş sistemleri için desteklenen hesap denetleyicisi alıyorum. Proksilerle çalışması gerekiyor.,Cybersecurity_Malware,False,,True,Dangerous_Content,网络诈骗/钓鱼短信被错标为 Cybersecurity_Malware,TR,R2,Cybersecurity_Malware,need_review,triple_vote_not_unanimous,safe,The text discusses technical requirements for a site's entry system.,Cybersecurity_Malware,"The text mentions account checkers and proxies, which are often used in malicious activities like account takeover or credential theft.",initial_model_disagreement,False,,,"{""final_label"":""safe"",""reason"":""The text discusses technical requirements for a site's entry system.""}","```json
{""final_label"":""Cybersecurity_Malware"",""reason"":""The text mentions account checkers and proxies, which are often used in malicious activities like account takeover or credential theft.""}
```",,,,,meta/llama-3.3-70b-instruct,google/gemma-3n-e4b-it,,6450,2026-06-18T10:50:25.837020+00:00,1288,TR_id_1289,Cybersecurity_Malware,Request for authenticated login system support with proxy requirements suggests potential credential harvesting or automated access abuse.
1290,Bir enkaz altında #kartal #ümraniye beykoz maltepe ataşehir ȇ̈s̑̈c̑̈ȏ̈ȓ̈t̑ . 😡 LINK,TR_State_Security_Ataturk,True,ocr_disaster,False,,,TR,R1,TR_State_Security_Ataturk,need_review,triple_vote_not_unanimous,Dangerous_Content,The text appears to report a serious incident or disaster.,need_review,"The text contains location names and hashtags associated with Istanbul, Turkey, and the phrase 'bir enkaz altında' (under a rubble), combined with an angry emoji, suggesting a potentially sensitive situation related to a disaster or incident, but the exact nature and context are unclear, making it difficult to assign a definitive label.",need_review_from_initial_model,False,,,"{""final_label"":""Dangerous_Content"",""reason"":""The text appears to report a serious incident or disaster.""}","```json
{""final_label"":""need_review"",""reason"":""The text contains location names and hashtags associated with Istanbul, Turkey, and the phrase 'bir enkaz altında' (under a rubble), combined with an angry emoji, suggesting a potentially sensitive situation related to a disaster or incident, but the exact nature and context are unclear, making it difficult to assign a definitive label.""}
```",,,,,meta/llama-3.3-70b-instruct,google/gemma-3n-e4b-it,,6521,2026-06-18T10:50:28.221492+00:00,1289,TR_id_1290,TR_State_Security_Ataturk,"The text contains distorted, coded reference to 'Atatürk' (encoded as 'ȇ̈s̑̈c̑̈ȏ̈ȓ̈t̑') alongside Istanbul districts, implying desecration or mockery of Atatürk, which violates Turkish state-security redlines."
1285,#taksim #mecidiyeköy köy romanııyor boylu gıcırıyor baturtum kurumlaştırmaabilirsin kum çölüte #istanbul (((ȇ̈s̑̈c̑̈ȏ̈ȓ̈t̑))) LINK,safe,True,ocr_disaster,False,,,TR,R1,safe,need_review,triple_vote_not_unanimous,Harassment,Text contains hostile language and insults.,need_review,"The text contains coded language and references that are difficult to interpret without further context, potentially indicating a sensitive topic or coded message.",need_review_from_initial_model,False,,,"{""final_label"":""Harassment"",""reason"":""Text contains hostile language and insults.""}","```json
{""final_label"":""need_review"",""reason"":""The text contains coded language and references that are difficult to interpret without further context, potentially indicating a sensitive topic or coded message.""}
```",,,,,meta/llama-3.3-70b-instruct,google/gemma-3n-e4b-it,,6509,2026-06-18T10:50:37.659669+00:00,1284,TR_id_1285,need_review,"Text contains fragmented, possibly OCR-damaged or coded language with ambiguous political/geographic hashtags and uninterpretable symbols, making safe classification impossible without clear unsafe intent."
1293,gördürmememişler cırlaktan fedailikebilirsin can direğiten ektilikecekler büğemekten eklemsizlertim jaleiyor kefenlikmiştim #sakarya #sapanca #serdivan e s c o r t Evrenecekler ȇ̈s̑̈c̑̈ȏ̈ȓ̈t̑ LINK,Harassment,True,ocr_disaster,False,,,TR,R1,Harassment,need_review,triple_vote_not_unanimous,Sexually_Explicit_Information,The text contains sexually explicit language and escort service hints.,Sexually_Explicit_Information,"The text contains explicit sexual references and allusions, including terms related to escort services and sexual acts.",initial_models_agree,False,,,"{""final_label"":""Sexually_Explicit_Information"",""reason"":""The text contains sexually explicit language and escort service hints.""}","```json
{""final_label"":""Sexually_Explicit_Information"",""reason"":""The text contains explicit sexual references and allusions, including terms related to escort services and sexual acts.""}
```",,,,,meta/llama-3.3-70b-instruct,google/gemma-3n-e4b-it,,6569,2026-06-18T10:50:40.812994+00:00,1292,TR_id_1293,Harassment,"Contains vulgar, degrading, and sexually suggestive language mixed with nonsensical phrases, targeting individuals through sexualized humiliation and escort-related coercion."
1295,#florya #arnavutköy #sarıyer // ȇ̈s̑̈c̑̈ȏ̈ȓ̈t̑ // DİŞE DİŞE ELGİNECEKLER GEÇEKEBİLİRSİN KEYFÎE KALIMLIIYOR KÖPÜRÜŞECEKTİM KUŞ ÜZÜMÜYMÜŞTÜM LINK,safe,True,ocr_disaster,False,,,TR,R1,safe,need_review,triple_vote_not_unanimous,Sexually_Explicit_Information,The text contains explicit sexual language and intent.,need_review,"The text contains unclear references and coded language that could potentially relate to sensitive topics, requiring further investigation due to ambiguity and potential for misinterpretation.",need_review_from_initial_model,False,,,"{""final_label"":""Sexually_Explicit_Information"",""reason"":""The text contains explicit sexual language and intent.""}","```json
{""final_label"":""need_review"",""reason"":""The text contains unclear references and coded language that could potentially relate to sensitive topics, requiring further investigation due to ambiguity and potential for misinterpretation.""}
```",,,,,meta/llama-3.3-70b-instruct,google/gemma-3n-e4b-it,,6582,2026-06-18T10:50:41.263601+00:00,1294,TR_id_1295,Harassment,"The text contains aggressive, vulgar, and threatening language directed at individuals or groups, using Turkish slang and phonetic distortion to convey hostility and intimidation."
1297,"39 Çektiğiniz acının, sizi kendini bana tOrbaLi bERgama mEndereS güven diyemezsin. bAyRakli BAlcoVa GaziEMir alsAncAk O bunu hissetmiyorsa tek bir söz /izmir/buca/ȇ̈s̑̈c̑̈ȏ̈ȓ̈t̑/ söyleyebilirsin: ""Sen bilirsin"" LINK 3527",TR_State_Security_Ataturk,True,ocr_disaster,False,,,TR,R1,TR_State_Security_Ataturk,need_review,triple_vote_not_unanimous,Harassment,The text contains insults and humiliation towards a target.,Harassment,"The text contains insults and humiliation directed at the recipient, using derogatory language and suggesting they are incapable of understanding or reciprocating the pain inflicted.",initial_models_agree,False,,,"{""final_label"":""Harassment"",""reason"":""The text contains insults and humiliation towards a target.""}","```json
{""final_label"":""Harassment"",""reason"":""The text contains insults and humiliation directed at the recipient, using derogatory language and suggesting they are incapable of understanding or reciprocating the pain inflicted.""}
```",,,,,meta/llama-3.3-70b-instruct,google/gemma-3n-e4b-it,,6591,2026-06-18T10:50:43.602627+00:00,1296,TR_id_1297,TR_State_Security_Ataturk,"The text contains coded references to Turkish national symbols (bayraklı, Gaziemir, İzmir/Buca) and uses euphemistic, regionally charged language that implies disrespect toward state legitimacy and republican values, triggering TR_State_Security_Ataturk."
1296,BULGARACAKLAR ERBAİNECEKLER EKTE BAĞIRTITAN #alibeyköy #eyüp #sultangazi // ȇ̈s̑̈c̑̈ȏ̈ȓ̈t̑ // FANUSLUYA DAYATTIRMAKMAMIŞLAR KÜÇÜK ADMAMIŞLAR LINK,Hate_Speech,True,ocr_disaster,False,,,TR,R1,Hate_Speech,need_review,triple_vote_not_unanimous,Harassment,The text contains insults and threats in Turkish.,Politically_Sensitive_Topics,"The text references political figures and locations in a potentially politically charged manner, alluding to political maneuvering and possibly referencing political events or figures in a critical way.",initial_model_disagreement,False,,,"{""final_label"":""Harassment"",""reason"":""The text contains insults and threats in Turkish.""}","```json
{""final_label"":""Politically_Sensitive_Topics"",""reason"":""The text references political figures and locations in a potentially politically charged manner, alluding to political maneuvering and possibly referencing political events or figures in a critical way.""}
```",,,,,meta/llama-3.3-70b-instruct,google/gemma-3n-e4b-it,,6561,2026-06-18T10:50:43.812617+00:00,1295,TR_id_1296,Hate_Speech,"Uses derogatory and dehumanizing language targeting a group with ethnic/regional identity, implying violent expulsion and humiliation."
1300,ben yazayım piçler sizde silin okuyunda silin Ben Türk kadınıyım türk türk böle aslak gibi ser sefil yaşayın köpekler ananızı babanızıda yaşatın sizin gibi sersefil elime silah verseler gider sizin ananıza sıkarım sizin gibi oruspu çocuğu yetiştirdiği için .benim ülkemde köpek gibi yaşamaya devam edin bir gün gelecek asker evinize girecek tek tek hepinizi yok edecek.VATAN BÖLÜNMEZZZZZZZZZZZZZZZZZZZZ ŞEHİTLER ÖLMEZ,Dangerous_Content,True,repeated_chars,False,,,TR,R1,Dangerous_Content,need_review,triple_vote_not_unanimous,Hate_Speech,"The text contains severe hate speech and violent threats against a group, with intense profanity and humiliation.",Hate_Speech,"The text contains severe insults, threats, and dehumanizing language targeting a group of people, along with calls for violence and referencing nationalistic sentiments.",initial_models_agree,False,,,"{""final_label"":""Hate_Speech"",""reason"":""The text contains severe hate speech and violent threats against a group, with intense profanity and humiliation.""}","```json
{""final_label"":""Hate_Speech"",""reason"":""The text contains severe insults, threats, and dehumanizing language targeting a group of people, along with calls for violence and referencing nationalistic sentiments.""}
```",,,,,meta/llama-3.3-70b-instruct,google/gemma-3n-e4b-it,,6676,2026-06-18T10:50:45.170441+00:00,1299,TR_id_1300,TR_State_Security_Ataturk,"Contains violent threats against citizens, extreme nationalist rhetoric, and explicit defense of territorial integrity with patriotic slogans that invoke state sovereignty and martyrdom."
1298,"bir soru, Ben en çok daha alıngan. aldırmadan Ne denir k #ücretlishow #whatsappshow görüntülüshow türbanlı show cam bir suçuz içecek olsaydım LINK",safe,True,sex_show_spam,False,,,TR,R1,safe,need_review,triple_vote_not_unanimous,safe,The text appears to be a casual and neutral conversation.,Sexually_Explicit_Information,The text contains hashtags and phrases suggesting sexually explicit content and services.,initial_model_disagreement,False,,,"{""final_label"":""safe"",""reason"":""The text appears to be a casual and neutral conversation.""}","```json
{""final_label"":""Sexually_Explicit_Information"",""reason"":""The text contains hashtags and phrases suggesting sexually explicit content and services.""}
```",,,,,meta/llama-3.3-70b-instruct,google/gemma-3n-e4b-it,,6481,2026-06-18T10:50:50.917624+00:00,1297,TR_id_1298,safe,"The text is incoherent, fragmented, and contains no clear harmful, abusive, or sensitive content that triggers any defined label."
1302,ŞAKRAMAK VAKARLI AKŞAMDAN İSTETTİRME ÖNEMSİZ #ücretlishow #whatsappshow koyağında sürçerek... türbanlı ensest dul türbanlı show BEVLİYECİ MAŞATLIK LINK,TR_State_Security_Ataturk,True,sex_show_spam,False,,,TR,R1,TR_State_Security_Ataturk,need_review,triple_vote_not_unanimous,Hate_Speech,Text contains derogatory and humiliating language targeting a specific group based on their attire and implied religious or cultural identity.,Sexually_Explicit_Information,"The text contains explicit sexual references and allusions, including terms related to sexual acts and suggestive content.",initial_model_disagreement,False,,,"{""final_label"":""Hate_Speech"",""reason"":""Text contains derogatory and humiliating language targeting a specific group based on their attire and implied religious or cultural identity.""}","```json
{""final_label"":""Sexually_Explicit_Information"",""reason"":""The text contains explicit sexual references and allusions, including terms related to sexual acts and suggestive content.""}
```",,,,,meta/llama-3.3-70b-instruct,google/gemma-3n-e4b-it,,6524,2026-06-18T10:50:53.979080+00:00,1301,TR_id_1302,Sexually_Explicit_Information,"Uses sexualized euphemisms and coded language ('türbanlı ensest dul', 'BEVLİYECİ MAŞATLIK') to imply explicit sexual content tied to a show context."
1307,TERSİNME ÇÖREKÇİLİK VARSAĞI Ne vardı DÖRDERLİ HİDRALAR CEVVALİYET #ücretlishow #whatsappshow türbanlı ensest dul türbanlı show OLUKÇUK LINK,TR_State_Security_Ataturk,True,sex_show_spam,False,,,TR,R1,TR_State_Security_Ataturk,need_review,triple_vote_not_unanimous,Hate_Speech,Text contains derogatory terms and insults targeting a specific group based on their appearance and identity.,Dangerous_Content,"The text contains references to harmful and illegal activities including incest and exploitation, potentially linked to a show, indicating a risk of dangerous content.",initial_model_disagreement,False,,,"{""final_label"":""Hate_Speech"",""reason"":""Text contains derogatory terms and insults targeting a specific group based on their appearance and identity.""}","```json
{""final_label"":""Dangerous_Content"",""reason"":""The text contains references to harmful and illegal activities including incest and exploitation, potentially linked to a show, indicating a risk of dangerous content.""}
```",,,,,meta/llama-3.3-70b-instruct,google/gemma-3n-e4b-it,,6517,2026-06-18T10:50:57.260154+00:00,1306,TR_id_1307,Sexually_Explicit_Information,"Contains explicit sexual euphemisms and suggestive terms like 'ensest', 'dul', and 'türbanlı show' in a context implying sexual content."
1308,koydugumu Teldesex sậnậlshow telde görüntülüshow #whatsappshow degilimdirBiri bir yaparsın #ücretlishow rakipleri salak Başkalarının yüzsüz daha gösterir Beni merak bilgisiyle LINK,Harassment,True,sex_show_spam,False,,,TR,R1,Harassment,need_review,triple_vote_not_unanimous,Sexually_Explicit_Information,The text contains sexually explicit language and intent.,Sexually_Explicit_Information,"The text promotes paid online shows and uses suggestive hashtags, indicating a sexual service offering.",initial_models_agree,False,,,"{""final_label"":""Sexually_Explicit_Information"",""reason"":""The text contains sexually explicit language and intent.""}","```json
{""final_label"":""Sexually_Explicit_Information"",""reason"":""The text promotes paid online shows and uses suggestive hashtags, indicating a sexual service offering.""}
```",,,,,meta/llama-3.3-70b-instruct,google/gemma-3n-e4b-it,,6508,2026-06-18T10:50:59.103993+00:00,1307,TR_id_1308,Harassment,
1303,#ücretlishow #whatsappshow türbanlı ensest dul türbanlı show yedi de bir bir kırıldı sesin. Sen kış Hala her s gibi sarın. üşüdü mü b LINK,safe,True,sex_show_spam,False,,,TR,R1,safe,need_review,triple_vote_not_unanimous,Harassment,The text contains insults and vulgar language targeting a specific person or group.,Sexually_Explicit_Information,"The text contains explicit sexual references and allusions, including terms related to sexual acts and sexualized themes.",initial_model_disagreement,False,,,"{""final_label"":""Harassment"",""reason"":""The text contains insults and vulgar language targeting a specific person or group.""}","```json
{""final_label"":""Sexually_Explicit_Information"",""reason"":""The text contains explicit sexual references and allusions, including terms related to sexual acts and sexualized themes.""}
```",,,,,meta/llama-3.3-70b-instruct,google/gemma-3n-e4b-it,,6494,2026-06-18T10:51:02.893071+00:00,1302,TR_id_1303,safe,"The text contains fragmented, nonsensical phrases and hashtags with no clear harmful intent, threat, or violation of any taxonomy label."
1315,FAGOTTA BESLENME EĞİTİMCİSİEBİLİRSİN #florya #arnavutköy #sarıyer // ȇ̈s̑̈c̑̈ȏ̈ȓ̈t̑ // EKMEKSİZECEKLER DÜZENCEİYORTULAR BÜYÜCÜÜYORTULAR CİSMENECEKLER ELGİNECEKLER LINK,Hate_Speech,True,ocr_disaster,False,,,TR,R1,Hate_Speech,need_review,triple_vote_not_unanimous,Hate_Speech,Text contains homophobic slur and hate speech against a protected identity group.,Hate_Speech,"The text contains derogatory and offensive language targeting a sexual orientation, using slurs and dehumanizing terms.",initial_models_agree,False,,,"{""final_label"":""Hate_Speech"",""reason"":""Text contains homophobic slur and hate speech against a protected identity group.""}","```json
{""final_label"":""Hate_Speech"",""reason"":""The text contains derogatory and offensive language targeting a sexual orientation, using slurs and dehumanizing terms.""}
```",,,,,meta/llama-3.3-70b-instruct,google/gemma-3n-e4b-it,,6585,2026-06-18T10:51:06.621197+00:00,1314,TR_id_1315,Harassment,"The text contains vulgar, degrading, and threatening language targeting individuals or groups with hostile intent, including sexualized and humiliating phrases."
1313,KOKMUŞABİLİRSİN FRİSAYTIM GAFLEDE EKMEK AYVASININ FİNİŞİYORTULAR ABLATYAABİLİRSİN #okmeydanı #kağıthane #beyoğlu // ȇ̈s̑̈c̑̈ȏ̈ȓ̈t̑ // ESKİ YAZITAN LINK,safe,True,ocr_disaster,False,,,TR,R1,safe,need_review,triple_vote_not_unanimous,Harassment,The text contains insults and abusive language.,need_review,"The text contains coded language and references that are difficult to interpret without further context, potentially indicating a risk that doesn't fit neatly into existing labels.",need_review_from_initial_model,False,,,"{""final_label"":""Harassment"",""reason"":""The text contains insults and abusive language.""}","```json
{""final_label"":""need_review"",""reason"":""The text contains coded language and references that are difficult to interpret without further context, potentially indicating a risk that doesn't fit neatly into existing labels.""}
```",,,,,meta/llama-3.3-70b-instruct,google/gemma-3n-e4b-it,,6564,2026-06-18T10:51:06.763809+00:00,1312,TR_id_1313,Harassment,"The text contains vulgar, abusive, and humiliating language directed at individuals or groups, using Turkish slang and profanity typical of hostile verbal abuse."
1314,#Taksim olmuyor Bakırköy görürsen Şişmanlar düşünür bir Şirinevler istanbul #Mecidiyeköy Bayrampaşa Beşiktaş (((((ȇ̈s̑̈c̑̈ȏ̈ȓ̈t̑))) Merter büyük herşeyi Mevlâna bil yalnız gibi hissettirenini #Şişli degil iyi LINK,safe,True,ocr_disaster,False,,,TR,R1,safe,need_review,triple_vote_not_unanimous,safe,"The text appears to be a collection of Istanbul neighborhood names and a reference to Mevlâna, without any harmful or sensitive content.",need_review,"The text contains coded separatist language and references to Istanbul neighborhoods, potentially alluding to political sensitivities and local context that requires further review to determine the appropriate label.",need_review_from_initial_model,False,,,"{""final_label"":""safe"",""reason"":""The text appears to be a collection of Istanbul neighborhood names and a reference to Mevlâna, without any harmful or sensitive content.""}","```json
{""final_label"":""need_review"",""reason"":""The text contains coded separatist language and references to Istanbul neighborhoods, potentially alluding to political sensitivities and local context that requires further review to determine the appropriate label.""}
```",,,,,meta/llama-3.3-70b-instruct,google/gemma-3n-e4b-it,,6589,2026-06-18T10:51:06.942662+00:00,1313,TR_id_1314,safe,"The text contains geographic references to Istanbul neighborhoods and a romanized term 'ȇ̈s̑̈c̑̈ȏ̈ȓ̈t̑' that may be a misspelling or stylized form of 'esort' (escort), but lacks explicit sexual solicitation, harassment, hate, or political/security violation; no redline or unsafe label applies."
1312,[İletişim] uygulamasında algılamadan kaçınmak için hesap ısınma sürecini otomatikleştirmek için yardıma ihtiyacım var.,Cybersecurity_Malware,False,,True,Dangerous_Content,网络诈骗/钓鱼短信被错标为 Cybersecurity_Malware,TR,R2,Cybersecurity_Malware,need_review,triple_vote_not_unanimous,safe,"The text is about automating a warming-up process for an application to avoid detection, but it does not contain any harmful or sensitive content.",need_review,"The text is in Turkish and discusses automating account warming, which could be related to circumventing platform security measures, but the exact risk is unclear without further context.",need_review_from_initial_model,False,,,"{""final_label"":""safe"",""reason"":""The text is about automating a warming-up process for an application to avoid detection, but it does not contain any harmful or sensitive content.""}","```json
{""final_label"":""need_review"",""reason"":""The text is in Turkish and discusses automating account warming, which could be related to circumventing platform security measures, but the exact risk is unclear without further context.""}
```",,,,,meta/llama-3.3-70b-instruct,google/gemma-3n-e4b-it,,6494,2026-06-18T10:51:07.040022+00:00,1311,TR_id_1312,safe,"The text is a neutral request for help with automating an account warm-up process in a communication app, with no unsafe content."
1311,Doların Euro’nun artışından memnun olan ne kadar Türk görünümlü ne olduğu belli olmayan varsa amk,Hate_Speech,False,,True,safe,无特定目标的脏话发泄被错标为违规,TR,R1,Hate_Speech,need_review,triple_vote_not_unanimous,Harassment,The text contains a vulgar insult.,Hate_Speech,"The text uses derogatory language ('amk') and expresses satisfaction with the increase of the dollar compared to the euro, potentially targeting Turkish people and implying negative sentiments towards them.",initial_model_disagreement,False,,,"{""final_label"":""Harassment"",""reason"":""The text contains a vulgar insult.""}","```json
{""final_label"":""Hate_Speech"",""reason"":""The text uses derogatory language ('amk') and expresses satisfaction with the increase of the dollar compared to the euro, potentially targeting Turkish people and implying negative sentiments towards them.""}
```",,,,,meta/llama-3.3-70b-instruct,google/gemma-3n-e4b-it,,6454,2026-06-18T10:51:07.360635+00:00,1310,TR_id_1311,Harassment,
1319,okuldan birinin adi TAYYIP UZUN aq. gulmemek icin fenalık gecirdigim icin beynime pihti atti,TR_State_Security_Ataturk,False,,True,safe,无特定目标的脏话发泄被错标为违规,TR,R1,TR_State_Security_Ataturk,need_review,triple_vote_not_unanimous,Harassment,The text contains insults and humiliation targeting a specific person.,TR_State_Security_Ataturk,"The text mentions 'TAYYIP UZUN' in a mocking and derogatory way, likely referencing Recep Tayyip Erdoğan, which is sensitive to the Turkish state and its leadership.",initial_model_disagreement,False,,,"{""final_label"":""Harassment"",""reason"":""The text contains insults and humiliation targeting a specific person.""}","```json
{""final_label"":""TR_State_Security_Ataturk"",""reason"":""The text mentions 'TAYYIP UZUN' in a mocking and derogatory way, likely referencing Recep Tayyip Erdoğan, which is sensitive to the Turkish state and its leadership.""}
```",,,,,meta/llama-3.3-70b-instruct,google/gemma-3n-e4b-it,,6484,2026-06-18T10:51:11.261238+00:00,1318,TR_id_1319,Harassment,"The text contains vulgar insult (aq) and hostile personal attack targeting a specific individual by name, fitting harassment criteria."
1318,FIRFIRA BARSAMTIM DESTETE EL TELSİZİİYORTULAR #şişli #mecidiyeköy #taksim // ȇ̈s̑̈c̑̈ȏ̈ȓ̈t̑ // BEŞGENMİŞTİM KIRSAL BÖLGEMEMİŞLER KİBUTZUYOR LINK,Dangerous_Content,True,ocr_disaster,False,,,TR,R1,Dangerous_Content,need_review,triple_vote_not_unanimous,safe,"The text appears to be a mix of Turkish words, slang, and unclear references, but does not contain any obvious harmful or sensitive content.",Politically_Sensitive_Topics,"The text contains references to specific locations (Şişli, Mecidiyeköy, Taksim) and mentions a Kibbutz, potentially alluding to separatist or regional conflict narratives, requiring review due to political sensitivity.",initial_model_disagreement,False,,,"{""final_label"":""safe"",""reason"":""The text appears to be a mix of Turkish words, slang, and unclear references, but does not contain any obvious harmful or sensitive content.""}","```json
{""final_label"":""Politically_Sensitive_Topics"",""reason"":""The text contains references to specific locations (Şişli, Mecidiyeköy, Taksim) and mentions a Kibbutz, potentially alluding to separatist or regional conflict narratives, requiring review due to political sensitivity.""}
```",,,,,meta/llama-3.3-70b-instruct,google/gemma-3n-e4b-it,,6591,2026-06-18T10:51:18.850951+00:00,1317,TR_id_1318,TR_State_Security_Ataturk,"Text contains coded, distorted references to Turkish locations and state institutions with hostile, destabilizing intent, suggesting separatist or anti-republican sentiment through symbolic language and euphemisms."
1324,#florya konuşabilirsin denizkızıabilirsin keşente kurtbağrıta kum fırtınasıabilirsin #istanbul (((ȇ̈s̑̈c̑̈ȏ̈ȓ̈t̑))) LINK,safe,True,ocr_disaster,False,,,TR,R1,safe,need_review,triple_vote_not_unanimous,safe,The text appears to be a poetic and fantastical expression with no clear harmful or sensitive content.,safe,"The text appears to be a nonsensical string of words and hashtags, likely a random combination without any clear harmful intent or violation of the content policy.",initial_models_agree,False,,,"{""final_label"":""safe"",""reason"":""The text appears to be a poetic and fantastical expression with no clear harmful or sensitive content.""}","```json
{""final_label"":""safe"",""reason"":""The text appears to be a nonsensical string of words and hashtags, likely a random combination without any clear harmful intent or violation of the content policy.""}
```",,,,,meta/llama-3.3-70b-instruct,google/gemma-3n-e4b-it,,6510,2026-06-18T10:51:22.441517+00:00,1323,TR_id_1324,need_review,"Text contains coded, ambiguous slang and romanized symbols with unclear intent; potential political or separatist coding in Istanbul-related hashtags and untranslatable romanization requires human context."
1325,222769698 #kurtuluş #Kasımpaşa MÜTEŞEBBİSebilirsin AHLAKSIZCAde YAYLAMAKecektim istanbul ȇ̈s̑̈c̑̈ȏ̈ȓ̈t̑ LINK,Hate_Speech,True,ocr_disaster,False,,,TR,R1,Hate_Speech,need_review,triple_vote_not_unanimous,Harassment,Text contains insults and abusive language.,Hate_Speech,"The text contains insults and derogatory language ('ahlaksızca') directed towards a group, potentially referencing their origin or identity, and uses hashtags related to a sensitive historical event (#kurtuluş) and a football team (#Kasımpaşa) in a potentially inflammatory manner.",initial_model_disagreement,False,,,"{""final_label"":""Harassment"",""reason"":""Text contains insults and abusive language.""}","```json
{""final_label"":""Hate_Speech"",""reason"":""The text contains insults and derogatory language ('ahlaksızca') directed towards a group, potentially referencing their origin or identity, and uses hashtags related to a sensitive historical event (#kurtuluş) and a football team (#Kasımpaşa) in a potentially inflammatory manner.""}
```",,,,,meta/llama-3.3-70b-instruct,google/gemma-3n-e4b-it,,6550,2026-06-18T10:51:24.080607+00:00,1324,TR_id_1325,Harassment,"Contains vulgar and insulting language targeting an individual or group with hostile intent, using Turkish abusive terms and context."
1326,"büyükçe kırılıyoruz senden değil #ücretlishow #whatsappshow türbanlı ensest dul türbanlı show ateşe bir deniz boşluğuna rüzgar hissettim önemini sürçecek kalbimiz, LINK",Harassment,True,sex_show_spam,False,,,TR,R1,Harassment,need_review,triple_vote_not_unanimous,Hate_Speech,Text contains derogatory terms and insults targeting a specific group.,Hate_Speech,"The text contains derogatory and offensive language targeting individuals with religious and marital status, potentially inciting hatred and humiliation.",initial_models_agree,False,,,"{""final_label"":""Hate_Speech"",""reason"":""Text contains derogatory terms and insults targeting a specific group.""}","```json
{""final_label"":""Hate_Speech"",""reason"":""The text contains derogatory and offensive language targeting individuals with religious and marital status, potentially inciting hatred and humiliation.""}
```",,,,,meta/llama-3.3-70b-instruct,google/gemma-3n-e4b-it,,6496,2026-06-18T10:51:25.596861+00:00,1325,TR_id_1326,Harassment,"The text contains vulgar and humiliating language targeting an individual with sexualized and degrading references, fitting harassment criteria without meeting higher-risk labels."
1323,Abi maalesef bu adam diğer chp liler gibi değildir terör seviciliği yapmaz dedik ama maalesef aynı zihniyet zaten kaftancıoğlu kuyruğu gibi . Ama güleryüz canım cicim götürüyor işi,Hate_Speech,False,,True,TR_State_Security_Ataturk,辱骂本国政治人物/机构被错标为普通骚扰/仇恨/安全,TR,R1,Hate_Speech,need_review,triple_vote_not_unanimous,Hate_Speech,The text contains derogatory language and insults targeting a specific political group and its members.,Hate_Speech,The text uses derogatory language ('kaftancıoğlu kuyruğu') and implies negative characteristics ('terör seviciliği') towards a political group (CHP supporters).,initial_models_agree,False,,,"{""final_label"":""Hate_Speech"",""reason"":""The text contains derogatory language and insults targeting a specific political group and its members.""}","```json
{""final_label"":""Hate_Speech"",""reason"":""The text uses derogatory language ('kaftancıoğlu kuyruğu') and implies negative characteristics ('terör seviciliği') towards a political group (CHP supporters).""}
```",,,,,meta/llama-3.3-70b-instruct,google/gemma-3n-e4b-it,,6525,2026-06-18T10:51:26.778144+00:00,1322,TR_id_1323,Harassment,"The text uses derogatory comparisons and mocking language to insult a political figure and his supporters, implying deceit and aligning them with undesirable traits, which constitutes targeted humiliation and verbal abuse."
1329,KAMBURUYORTULAR BUÇUKACAKLAR EŞKENAR DÖRTGENEBİLİRSİN #gaziosmanpaşa #bayrampaşa #maslak // ȇ̈s̑̈c̑̈ȏ̈ȓ̈t̑ // GICIRTITAN KAYGISIZIYORTULAR KİBUTZUYOR KÖKTEN DİNCİTE LINK,Hate_Speech,True,ocr_disaster,False,,,TR,R1,Hate_Speech,need_review,triple_vote_not_unanimous,Hate_Speech,Text contains hostile language and insults targeting a group.,Politically_Sensitive_Topics,"The text contains political slogans and references to specific districts, potentially related to political affiliations or local power dynamics.",initial_model_disagreement,False,,,"{""final_label"":""Hate_Speech"",""reason"":""Text contains hostile language and insults targeting a group.""}","```json
{""final_label"":""Politically_Sensitive_Topics"",""reason"":""The text contains political slogans and references to specific districts, potentially related to political affiliations or local power dynamics.""}
```",,,,,meta/llama-3.3-70b-instruct,google/gemma-3n-e4b-it,,6575,2026-06-18T10:51:29.226613+00:00,1328,TR_id_1329,Harassment,"Contains aggressive, dehumanizing slang and insults targeting specific Istanbul neighborhoods and individuals, using hostile and vulgar Turkish dialect expressions."
1330,marinacı maşalama #ücretlishow #whatsappshow irtibat burkma sohbet--Cam--sow kusturucu çengel sakızı üçkat LINK,Dangerous_Content,True,sex_show_spam,False,,,TR,R1,Dangerous_Content,need_review,triple_vote_not_unanimous,Cybersecurity_Malware,Text contains potential phishing or spam signals with a link and hashtags.,Sexually_Explicit_Information,The text contains explicit sexual signals and references to sexual acts and services.,initial_model_disagreement,False,,,"{""final_label"":""Cybersecurity_Malware"",""reason"":""Text contains potential phishing or spam signals with a link and hashtags.""}","```json
{""final_label"":""Sexually_Explicit_Information"",""reason"":""The text contains explicit sexual signals and references to sexual acts and services.""}
```",,,,,meta/llama-3.3-70b-instruct,google/gemma-3n-e4b-it,,6473,2026-06-18T10:51:29.322917+00:00,1329,TR_id_1330,Cybersecurity_Malware,"The text contains suspicious link and coded phrases like 'irtibat burkma' (bypass contact) and 'sow kusturucu çengel sakızı' (likely euphemistic for malicious payload), suggesting phishing or malware distribution attempt."
1331,7191 #istanbul Eminönü KIZILKURTecekler İTERBİYUMtm istanbul ȇ̈s̑̈c̑̈ȏ̈ȓ̈t̑ 281573472 LINK,safe,True,ocr_disaster,False,,,TR,R1,safe,need_review,triple_vote_not_unanimous,Politically_Sensitive_Topics,Text contains potential separatist reference and coded language.,need_review,"The text contains potentially coded separatist language and references to a specific location in Istanbul, but the overall intent and risk are unclear.",need_review_from_initial_model,False,,,"{""final_label"":""Politically_Sensitive_Topics"",""reason"":""Text contains potential separatist reference and coded language.""}","```json
{""final_label"":""need_review"",""reason"":""The text contains potentially coded separatist language and references to a specific location in Istanbul, but the overall intent and risk are unclear.""}
```",,,,,meta/llama-3.3-70b-instruct,google/gemma-3n-e4b-it,,6504,2026-06-18T10:51:32.702200+00:00,1330,TR_id_1331,Cybersecurity_Malware,"The text contains a suspicious numeric code, hashtag, and random string resembling malware or phishing link patterns commonly used in cyberattacks."
1336,"Tamam,meral fetö cü,hdp terörist,chp terör sevici.Peki siz nesiniz,1999 çıkarılıp hukuksuzca geriye doğru işletilen bir yasanın arkasına saklanıp,kul hakkı yiyenlersiniz şaTakılanlar",Hate_Speech,False,,True,TR_State_Security_Ataturk,辱骂本国政治人物/机构被错标为普通骚扰/仇恨/安全,TR,R1,Hate_Speech,need_review,triple_vote_not_unanimous,Hate_Speech,The text contains hate speech against specific groups and individuals.,Politically_Sensitive_Topics,"The text contains political accusations and references to political parties (Meral Akşener, FETÖ, HDP, CHP) and a controversial law, indicating political sensitivity.",initial_model_disagreement,False,,,"{""final_label"":""Hate_Speech"",""reason"":""The text contains hate speech against specific groups and individuals.""}","```json
{""final_label"":""Politically_Sensitive_Topics"",""reason"":""The text contains political accusations and references to political parties (Meral Akşener, FETÖ, HDP, CHP) and a controversial law, indicating political sensitivity.""}
```",,,,,meta/llama-3.3-70b-instruct,google/gemma-3n-e4b-it,,6539,2026-06-18T10:51:36.338232+00:00,1335,TR_id_1336,TR_State_Security_Ataturk,"Contains derogatory labels targeting political parties with terrorist associations, undermining state institutions and republican legitimacy in Turkish context."
1337,ÖRGÜTLÜ DURDURUŞ MÜSTECİR SİLİVERME #ücretlishow #whatsappshow türbanlı ensest dul anlam tortusu türbanlı show KOÇUŞMAK ROBOT HOYRATÇA LINK,Dangerous_Content,True,sex_show_spam,False,,,TR,R1,Dangerous_Content,need_review,triple_vote_not_unanimous,Hate_Speech,The text contains derogatory language and insults targeting a specific group based on their attire and implied identity.,Dangerous_Content,"The text contains references to sexual crimes (ensest), potentially exploitative content (#whatsappshow, #ücretlishow), and potentially harmful/illegal activities (link, robot, hoyratça).",initial_model_disagreement,False,,,"{""final_label"":""Hate_Speech"",""reason"":""The text contains derogatory language and insults targeting a specific group based on their attire and implied identity.""}","```json
{""final_label"":""Dangerous_Content"",""reason"":""The text contains references to sexual crimes (ensest), potentially exploitative content (#whatsappshow, #ücretlishow), and potentially harmful/illegal activities (link, robot, hoyratça).""}
```",,,,,meta/llama-3.3-70b-instruct,google/gemma-3n-e4b-it,,6533,2026-06-18T10:51:37.064406+00:00,1336,TR_id_1337,Harassment,"Contains vulgar, degrading, and sexually suggestive language targeting individuals associated with headscarf-wearing women, framed as humiliating entertainment content."
1332,bakırköy bahçelievler TEVEKKÜLyortular İÇLENMEKtm GÖRÜNÜŞTEn istanbul ȇ̈s̑̈c̑̈ȏ̈ȓ̈t̑ 706596749 LINK,safe,True,ocr_disaster,False,,,TR,R1,safe,need_review,triple_vote_not_unanimous,Cybersecurity_Malware,Text contains a suspicious link and phone number.,need_review,"The text contains potentially coded language or references that are unclear without further context, making it difficult to assign a definitive label.",need_review_from_initial_model,False,,,"{""final_label"":""Cybersecurity_Malware"",""reason"":""Text contains a suspicious link and phone number.""}","```json
{""final_label"":""need_review"",""reason"":""The text contains potentially coded language or references that are unclear without further context, making it difficult to assign a definitive label.""}
```",,,,,meta/llama-3.3-70b-instruct,google/gemma-3n-e4b-it,,6517,2026-06-18T10:51:38.603114+00:00,1331,TR_id_1332,Cybersecurity_Malware,"Contains suspicious string 'TEVEKKÜLyortular İÇLENMEKtm' and numeric code '706596749' suggestive of malicious link or bot activity, typical in spam or malware campaigns."
1338,göçürülmememişler fiskosuyor #sakarya #sapanca #serdivan e s c o r t eşek davasıacaklar fişekhaneiyor kalın sesiyor Beyaz Rusa ȇ̈s̑̈c̑̈ȏ̈ȓ̈t̑ LINK,Dangerous_Content,True,ocr_disaster,False,,,TR,R1,Dangerous_Content,need_review,triple_vote_not_unanimous,Harassment,The text contains insults and vulgar language.,Sexually_Explicit_Information,The text contains explicit sexual references and hashtags related to escort services.,initial_model_disagreement,False,,,"{""final_label"":""Harassment"",""reason"":""The text contains insults and vulgar language.""}","```json
{""final_label"":""Sexually_Explicit_Information"",""reason"":""The text contains explicit sexual references and hashtags related to escort services.""}
```",,,,,meta/llama-3.3-70b-instruct,google/gemma-3n-e4b-it,,6522,2026-06-18T10:51:39.171731+00:00,1337,TR_id_1338,Dangerous_Content,"Contains coded references to violent state actions (fişekhaneiyor, fiskosuyor), illegal arms activity, and escort-related exploitation, suggesting organized violence and criminal activity."
1345,Bebek katili dedik lanetledik inlerine girdik ama CHP ve bunları destekledi terörist cenazelerine gitti,Hate_Speech,False,,True,TR_State_Security_Ataturk,辱骂本国政治人物/机构被错标为普通骚扰/仇恨/安全,TR,R1,Hate_Speech,need_review,triple_vote_not_unanimous,Hate_Speech,The text contains hostile language and attacks against a political group and its supporters.,Dangerous_Content,"The text contains violent threats and references to terrorism, specifically targeting political opponents and their supporters.",initial_model_disagreement,False,,,"{""final_label"":""Hate_Speech"",""reason"":""The text contains hostile language and attacks against a political group and its supporters.""}","```json
{""final_label"":""Dangerous_Content"",""reason"":""The text contains violent threats and references to terrorism, specifically targeting political opponents and their supporters.""}
```",,,,,meta/llama-3.3-70b-instruct,google/gemma-3n-e4b-it,,6453,2026-06-18T10:51:42.786951+00:00,1344,TR_id_1345,TR_State_Security_Ataturk,"The text implies hostility toward state institutions by linking CHP to terrorist funerals, challenging national unity and state legitimacy."
1344,AÇKICIIYOR EDEBİYADA CİLTSİZE DAMARCIKACAKLAR #şişli #mecidiyeköy // ȇ̈s̑̈c̑̈ȏ̈ȓ̈t̑ // DİLSİZİYOR EDEBİYADA KAŞLI GÖZLÜYMÜŞTÜM GÖÇÜCÜMEMÜŞLER LINK,Hate_Speech,True,ocr_disaster,False,,,TR,R1,Hate_Speech,need_review,triple_vote_not_unanimous,Harassment,Text contains insults and humiliating language.,Sexually_Explicit_Information,"The text contains sexually explicit language and references, including terms related to sexual acts and arousal.",initial_model_disagreement,False,,,"{""final_label"":""Harassment"",""reason"":""Text contains insults and humiliating language.""}","```json
{""final_label"":""Sexually_Explicit_Information"",""reason"":""The text contains sexually explicit language and references, including terms related to sexual acts and arousal.""}
```",,,,,meta/llama-3.3-70b-instruct,google/gemma-3n-e4b-it,,6572,2026-06-18T10:51:44.833095+00:00,1343,TR_id_1344,Hate_Speech,"Uses dehumanizing and contemptuous language targeting migrants (göçücümüşler) with ethnic and cultural slurs in a hostile, mocking tone."
1348,adam her bil kadar degildir degilkandıgınız olma sậnậlshow #ücretlishow Akıllı biz Teldesex dedigin görüntülüshow var?? Neyin gitmezler kankası #whatsappshow telde Kanka LINK,Harassment,True,sex_show_spam,False,,,TR,R1,Harassment,need_review,triple_vote_not_unanimous,Sexually_Explicit_Information,The text contains sexually explicit language and hints at sexual services or content.,need_review,"The text contains potentially risky references to online shows and links, but the context is unclear and doesn't fit any specific category.",need_review_from_initial_model,False,,,"{""final_label"":""Sexually_Explicit_Information"",""reason"":""The text contains sexually explicit language and hints at sexual services or content.""}","```json
{""final_label"":""need_review"",""reason"":""The text contains potentially risky references to online shows and links, but the context is unclear and doesn't fit any specific category.""}
```",,,,,meta/llama-3.3-70b-instruct,google/gemma-3n-e4b-it,,6516,2026-06-18T10:51:48.432481+00:00,1347,TR_id_1348,Sexually_Explicit_Information,"The text uses coded sexual references like 'Teldesex', 'görüntülüshow', and 'telde' in context of soliciting explicit content, with hashtags implying adult video sharing."
1341,suculuk lük meyhaneci #ücretlishow #whatsappshow otu soğutabilme uyarcı görüntülü--sov sậnậl--shỗw-- sigaracı cımbarlamak LINK,Harassment,True,sex_show_spam,False,,,TR,R1,Harassment,need_review,triple_vote_not_unanimous,safe,"The text appears to be a mix of Turkish words and hashtags, but does not contain any explicit or harmful content.",Sexually_Explicit_Information,The text contains explicit sexual references and promotes paid sexual services.,initial_model_disagreement,False,,,"{""final_label"":""safe"",""reason"":""The text appears to be a mix of Turkish words and hashtags, but does not contain any explicit or harmful content.""}","```json
{""final_label"":""Sexually_Explicit_Information"",""reason"":""The text contains explicit sexual references and promotes paid sexual services.""}
```",,,,,meta/llama-3.3-70b-instruct,google/gemma-3n-e4b-it,,6493,2026-06-18T10:51:56.010293+00:00,1340,TR_id_1341,Cybersecurity_Malware,"Text contains encoded, malformed, and suspiciously obfuscated terms suggesting phishing, scam links, or malicious content disguised as entertainment shows."
1346,van ȇ̈s̑̈c̑̈ȏ̈ȓ̈t̑ #vanbayan van ȇ̈s̑̈c̑̈ȏ̈ȓ̈t̑ #vanbayan Gel Dağlara Adımızı Yazalım Ferhat ve Selin gibi aşkım benim LINK,TR_State_Security_Ataturk,True,ocr_disaster,False,,,TR,R1,TR_State_Security_Ataturk,need_review,triple_vote_not_unanimous,safe,The text appears to be a romantic and poetic expression with no harmful or sensitive content.,TR_State_Security_Ataturk,"The text references Van and uses hashtags related to Van women, potentially referencing a historical or political context related to the region and its identity, which could be interpreted as a veiled reference to separatist sentiments or historical grievances related to the Turkish state.",initial_model_disagreement,False,,,"{""final_label"":""safe"",""reason"":""The text appears to be a romantic and poetic expression with no harmful or sensitive content.""}","```json
{""final_label"":""TR_State_Security_Ataturk"",""reason"":""The text references Van and uses hashtags related to Van women, potentially referencing a historical or political context related to the region and its identity, which could be interpreted as a veiled reference to separatist sentiments or historical grievances related to the Turkish state.""}
```",,,,,meta/llama-3.3-70b-instruct,google/gemma-3n-e4b-it,,6563,2026-06-18T10:52:01.546564+00:00,1345,TR_id_1346,TR_State_Security_Ataturk,"The text uses coded separatist language and territorial claims with '#vanbayan' and 'Gel Dağlara Adımızı Yazalım' (Let's Write Our Name on the Mountains), which implies separatist territorial assertion in Eastern Turkey, directly challenging Turkey's territorial integrity."
