clean_text,final_category,layer1_is_spam,layer1_category,needs_correction,suggested_label,error_reason,source_stage,final_label,final_source,primary_label,primary_reason,secondary_label,secondary_reason,review_reason,arbitration_triggered,arbitration_reason,arbitrator_label,primary_raw_output,secondary_raw_output,arbitrator_raw_output,primary_error,secondary_error,arbitrator_error,primary_model,secondary_model,arbitrator_model,total_tokens_used,annotated_at,source_row_index,_ann_row_id,tertiary_label,tertiary_reason
هاي احنا العراقيين نكول الواحد من يفلس يدور دفاتر عتك يعني قديمة المقطع قديم جدا عيشوا في عالم الاحلام هههه,safe,False,,True,Dangerous_Content,自杀/自残内容被错标为safe (关键词: قطع),R1,need_review,triple_vote_not_unanimous,Hate_Speech,The text contains collective insults and contempt against a specific nationality.,safe,"The text is a colloquial expression about financial hardship and dreaming, without any harmful or sensitive content.",initial_model_disagreement,False,,,"{""final_label"":""Hate_Speech"",""reason"":""The text contains collective insults and contempt against a specific nationality.""}","```json
{""final_label"":""safe"",""reason"":""The text is a colloquial expression about financial hardship and dreaming, without any harmful or sensitive content.""}
```",,,,,meta/llama-3.3-70b-instruct,google/gemma-3n-e4b-it,,7468,2026-06-18T10:48:19.366758+00:00,2,SA_row_00000002,Hate_Speech,"The text dehumanizes Iraqis by implying they are delusional and outdated, targeting a national/ethnic group with contempt."
@DimaSadek #ديما_الواطية اه يا #ديما_الواطية,SA_LGBTQ_Content,False,,True,Harassment,性侮辱被错标为LGBTQ,R2_new,Harassment,triple_vote_unanimous,Harassment,The text contains a hashtag with a derogatory term.,Harassment,"The text contains repeated mentions of a person's name in a derogatory manner, suggesting malicious abuse and humiliation.",initial_models_agree,False,,,"{""final_label"":""Harassment"",""reason"":""The text contains a hashtag with a derogatory term.""}","```json
{""final_label"":""Harassment"",""reason"":""The text contains repeated mentions of a person's name in a derogatory manner, suggesting malicious abuse and humiliation.""}
```",,,,,meta/llama-3.3-70b-instruct,google/gemma-3n-e4b-it,,7438,2026-06-18T10:48:19.624001+00:00,3,SA_row_00000003,Harassment,
سمعت عن شخص غير ثنائي في الرياض وعاش حياته بشكل طبيعي ومحترم جداً.,SA_LGBTQ_Content,False,,True,Sexually_Explicit_Information,招嫖被错标为LGBTQ,R3_LGBTQ,SA_LGBTQ_Content,triple_vote_unanimous,SA_LGBTQ_Content,The text mentions a non-binary person living their life naturally and respectfully in Riyadh.,SA_LGBTQ_Content,"The text mentions a non-binary person living openly and respectfully in Riyadh, which is positive and supportive of LGBTQ+ individuals in the KSA context.",initial_models_agree,False,,,"{""final_label"":""SA_LGBTQ_Content"",""reason"":""The text mentions a non-binary person living their life naturally and respectfully in Riyadh.""}","```json
{""final_label"":""SA_LGBTQ_Content"",""reason"":""The text mentions a non-binary person living openly and respectfully in Riyadh, which is positive and supportive of LGBTQ+ individuals in the KSA context.""}
```",,,,,meta/llama-3.3-70b-instruct,google/gemma-3n-e4b-it,,7457,2026-06-18T10:48:20.039439+00:00,4,SA_row_00000004,SA_LGBTQ_Content,"The text positively acknowledges a non-binary person living respectfully in Riyadh, affirming LGBTQ identity in KSA context."
أنا مدمنة على الجروح. كل جرح جديد يطفي نار في قلبي، ويخليني أحس إني موجودة فعلاً,safe,False,,True,Dangerous_Content,自杀/自残内容被错标为safe (关键词: جرح),R1,need_review,triple_vote_not_unanimous,Dangerous_Content,The text expresses self-harm behavior and addiction to injuries.,Harassment,"The text expresses a morbid fascination with pain and suffering, potentially indicating self-harm or a desire for harm, which can be interpreted as a form of self-harm glorification and could be considered a form of emotional abuse directed at the reader.",initial_model_disagreement,False,,,"{""final_label"":""Dangerous_Content"",""reason"":""The text expresses self-harm behavior and addiction to injuries.""}","```json
{""final_label"":""Harassment"",""reason"":""The text expresses a morbid fascination with pain and suffering, potentially indicating self-harm or a desire for harm, which can be interpreted as a form of self-harm glorification and could be considered a form of emotional abuse directed at the reader.""}
```",,,,,meta/llama-3.3-70b-instruct,google/gemma-3n-e4b-it,,7484,2026-06-18T10:48:21.032207+00:00,1,SA_row_00000001,Dangerous_Content,"The text expresses self-harm ideation through vivid imagery of addiction to wounds and emotional relief from physical pain, indicating credible risk of severe self-harm."
@ZreikaMouhamad @DimaSadek الشمطاء البهلاء #ديما_الواطية,SA_LGBTQ_Content,False,,True,Harassment,性侮辱被错标为LGBTQ,R2_new,need_review,triple_vote_not_unanimous,Hate_Speech,The text contains derogatory terms and hashtags targeting a specific individual or group.,Harassment,"The text contains insults and derogatory terms targeting individuals, including terms related to family and perceived social status.",initial_model_disagreement,False,,,"{""final_label"":""Hate_Speech"",""reason"":""The text contains derogatory terms and hashtags targeting a specific individual or group.""}","```json
{""final_label"":""Harassment"",""reason"":""The text contains insults and derogatory terms targeting individuals, including terms related to family and perceived social status.""}
```",,,,,meta/llama-3.3-70b-instruct,google/gemma-3n-e4b-it,,7448,2026-06-18T10:48:22.562108+00:00,5,SA_row_00000005,Harassment,"The terms 'الشمطاء' and 'البهلاء' are derogatory insults targeting individuals, and the hashtag #ديما_الواطية is a sexually demeaning slur used to humiliate a specific person."
الإنترنت عندي كلب! يقطع كل شوي، تبا لهالخدمة الزفت!,safe,False,,True,Dangerous_Content,自杀/自残内容被错标为safe (关键词: قطع),R1,Harassment,triple_vote_unanimous,Harassment,"The text contains insulting language and abuse towards an unspecified target, likely referring to an internet service provider.",Harassment,"The text uses abusive language ('كلب', 'الخدمة الزفت') to express frustration with an internet service, which can be interpreted as hostile and directed at the service provider.",initial_models_agree,False,,,"{""final_label"":""Harassment"",""reason"":""The text contains insulting language and abuse towards an unspecified target, likely referring to an internet service provider.""}","```json
{""final_label"":""Harassment"",""reason"":""The text uses abusive language ('كلب', 'الخدمة الزفت') to express frustration with an internet service, which can be interpreted as hostile and directed at the service provider.""}
```",,,,,meta/llama-3.3-70b-instruct,google/gemma-3n-e4b-it,,7459,2026-06-18T10:48:23.581928+00:00,6,SA_row_00000006,Harassment,"The text uses vulgar insult ('كلب') and hostile language to express frustration with internet service, targeting the service provider with abusive tone."
"أعوذ بالله من الشيطان الرجيم""فلما نسوا ما ذكروا به فتحنا عليهم أبواب كل شيء حتى إذا فرحوا بما أوتوا أخذناهم بغتة فإذا هم مبلسون * فقطع دابر القوم الذين ظلموا والحمد لله رب العالمين """,safe,False,,True,Dangerous_Content,自杀/自残内容被错标为safe (关键词: قطع),R1,safe,triple_vote_unanimous,safe,The text is a Quranic verse and does not contain any harmful or sensitive content.,safe,"This text is a Quranic verse and expresses religious devotion, which is a normal and safe expression.",initial_models_agree,False,,,"{""final_label"":""safe"",""reason"":""The text is a Quranic verse and does not contain any harmful or sensitive content.""}","```json
{""final_label"":""safe"",""reason"":""This text is a Quranic verse and expresses religious devotion, which is a normal and safe expression.""}
```",,,,,meta/llama-3.3-70b-instruct,google/gemma-3n-e4b-it,,7526,2026-06-18T10:48:24.847803+00:00,0,SA_row_00000000,safe,
حتما الت عليقات جات لطفي متخنثين هاذاك المتخنث شمس الدين اللذي تشمىءز النفوس يالطيف وجهه اصحيح اوميحشمش ابروحو,SA_LGBTQ_Content,False,,True,Harassment,性侮辱被错标为LGBTQ,R1,Hate_Speech,triple_vote_unanimous,Hate_Speech,The text contains derogatory language targeting a specific group.,Hate_Speech,"The text uses derogatory terms ('متخنثين', 'متخنث') and insults ('يشمىءز النفوس', 'غبي') targeting a person's perceived sexual orientation, constituting an attack and humiliation.",initial_models_agree,False,,,"{""final_label"":""Hate_Speech"",""reason"":""The text contains derogatory language targeting a specific group.""}","```json
{""final_label"":""Hate_Speech"",""reason"":""The text uses derogatory terms ('متخنثين', 'متخنث') and insults ('يشمىءز النفوس', 'غبي') targeting a person's perceived sexual orientation, constituting an attack and humiliation.""}
```",,,,,meta/llama-3.3-70b-instruct,google/gemma-3n-e4b-it,,7517,2026-06-18T10:48:27.265802+00:00,9,SA_row_00000009,Hate_Speech,"The text uses derogatory language targeting transgender individuals ('متخنثين', 'متخنث') and employs dehumanizing and contemptuous expressions, constituting hate speech against a protected identity group in the KSA context."
منذو اكثر من عقد و الجزيرة تنبح نبح الكلاب، لاكن ماذا حصلتو غير الخزي و العار يا كلاب اليهوب ههههههههههههههه,Hate_Speech,True,repeated_chars,False,,,R1,Hate_Speech,triple_vote_unanimous,Hate_Speech,The text contains derogatory language and insults targeting a specific group.,Hate_Speech,"The text uses derogatory terms ('كلاب اليهوب' - dogs of اليهوب) and insults ('الخزي و العار' - shame and disgrace) directed at a group, indicating hate speech.",initial_models_agree,False,,,"{""final_label"":""Hate_Speech"",""reason"":""The text contains derogatory language and insults targeting a specific group.""}","```json
{""final_label"":""Hate_Speech"",""reason"":""The text uses derogatory terms ('كلاب اليهوب' - dogs of اليهوب) and insults ('الخزي و العار' - shame and disgrace) directed at a group, indicating hate speech.""}
```",,,,,meta/llama-3.3-70b-instruct,google/gemma-3n-e4b-it,,7496,2026-06-18T10:48:30.862627+00:00,7,SA_row_00000007,Hate_Speech,"Uses dehumanizing animalization ('نبح الكلاب', 'يا كلاب') and religious slur ('اليهوب') to degrade a collective group, targeting identity-based contempt."
مسح القرعه ههههههههههههههههههه مسح يامخث مسح مخاطه القحبه الله يلعن امك وامها,Hate_Speech,True,repeated_chars,False,,,R1,Harassment,triple_vote_unanimous,Harassment,"The text contains direct insults, vulgar abuse, and family-shaming language.",Harassment,"The text contains direct insults, vulgar abuse, and family-targeted insults, including references to the user's mother and mother-in-law.",initial_models_agree,False,,,"{""final_label"":""Harassment"",""reason"":""The text contains direct insults, vulgar abuse, and family-shaming language.""}","```json
{""final_label"":""Harassment"",""reason"":""The text contains direct insults, vulgar abuse, and family-targeted insults, including references to the user's mother and mother-in-law.""}
```",,,,,meta/llama-3.3-70b-instruct,google/gemma-3n-e4b-it,,7470,2026-06-18T10:48:31.060820+00:00,8,SA_row_00000008,Harassment,"Contains vulgar insults, family-based humiliation, and hostile abuse directed at an individual."
السي ابي عاصي منوره البنت هذي تسحر كل تقي وزاهد وعاصي . سحرتيني ما احلاكي شو مهضومه هههه بالبناني احلو يامهضومه ههههههههههههههههههههههههه,Harassment,True,repeated_chars,False,,,R1,need_review,triple_vote_not_unanimous,Hate_Speech,The text contains derogatory language and insults targeting a specific group.,Harassment,"The text contains insults and objectification directed towards a female individual, using derogatory terms and focusing on her attractiveness in a disrespectful manner.",initial_model_disagreement,False,,,"{""final_label"":""Hate_Speech"",""reason"":""The text contains derogatory language and insults targeting a specific group.""}","```json
{""final_label"":""Harassment"",""reason"":""The text contains insults and objectification directed towards a female individual, using derogatory terms and focusing on her attractiveness in a disrespectful manner.""}
```",,,,,meta/llama-3.3-70b-instruct,google/gemma-3n-e4b-it,,7514,2026-06-18T10:48:34.511757+00:00,10,SA_row_00000010,Harassment,
مين قد جرب صيام المتقطع بشكل مبالغ فيه؟ أنا أسبوع كامل ما أكلت إلا فواكه خفيفة. أحس إني وصلت للقمة في التحكم بجسمي,safe,False,,True,Dangerous_Content,自杀/自残内容被错标为safe (关键词: قطع),R1,need_review,triple_vote_not_unanimous,safe,The text discusses the user's experience with intermittent fasting and their feelings about self-control.,need_review,"The text discusses extreme fasting practices, which could be interpreted as potentially harmful health advice, but doesn't clearly fall under existing categories like Dangerous_Content or SA_Religious_Violation.",need_review_from_initial_model,False,,,"{""final_label"":""safe"",""reason"":""The text discusses the user's experience with intermittent fasting and their feelings about self-control.""}","```json
{""final_label"":""need_review"",""reason"":""The text discusses extreme fasting practices, which could be interpreted as potentially harmful health advice, but doesn't clearly fall under existing categories like Dangerous_Content or SA_Religious_Violation.""}
```",,,,,meta/llama-3.3-70b-instruct,google/gemma-3n-e4b-it,,7504,2026-06-18T10:48:35.174876+00:00,14,SA_row_00000014,safe,"The text describes personal experience with intermittent fasting and self-perceived physical control, with no unsafe content."
@DimaSadek لا غلطانين انت ابدا مش واطية انت الوطاوة بنفسها العالم خلقانة من طين و انت من وطاوة,SA_LGBTQ_Content,False,,True,Harassment,性侮辱被错标为LGBTQ,R2_new,need_review,triple_vote_not_unanimous,Hate_Speech,The text contains insults and humiliation targeting a specific person with protected identity markers.,Hate_Speech,"The text uses 'وطاوة' (a derogatory term) and implies inferiority, targeting a specific person.",initial_models_agree,False,,,"{""final_label"":""Hate_Speech"",""reason"":""The text contains insults and humiliation targeting a specific person with protected identity markers.""}","```json
{""final_label"":""Hate_Speech"",""reason"":""The text uses 'وطاوة' (a derogatory term) and implies inferiority, targeting a specific person.""}
```",,,,,meta/llama-3.3-70b-instruct,google/gemma-3n-e4b-it,,7472,2026-06-18T10:48:38.128075+00:00,12,SA_row_00000012,Harassment,Uses vulgar and degrading language targeting a specific individual with sexualized insult ('وطاوة') and personal humiliation.
@USER هيا ورينا مكوتك يا مهايطي يا كذاب ههههههههههههههه ههههههههههههههه 😂😂😂⁦👎🏼⁩⁦👎🏼⁩,Harassment,True,repeated_chars,False,,,R2_new,Harassment,triple_vote_unanimous,Harassment,The text contains direct insults and humiliation targeting a specific person.,Harassment,"The text contains insults and derogatory terms directed at a specific person, مهايطي, and uses negative emojis and thumbs down to express contempt.",initial_models_agree,False,,,"{""final_label"":""Harassment"",""reason"":""The text contains direct insults and humiliation targeting a specific person.""}","```json
{""final_label"":""Harassment"",""reason"":""The text contains insults and derogatory terms directed at a specific person, مهايطي, and uses negative emojis and thumbs down to express contempt.""}
```",,,,,meta/llama-3.3-70b-instruct,google/gemma-3n-e4b-it,,7494,2026-06-18T10:48:38.580827+00:00,16,SA_row_00000016,Harassment,"The text uses vulgar insults ('مهايطي', 'كذاب') and mocking laughter to humiliate a specific individual, fitting Harassment under Saudi abusive signals."
وعندك واحد صباع كفته بالإيدزِ وصلحوووووووووووووووو .. واتوصّالي بطبق سلطة فيروس سي على جنب,Dangerous_Content,True,repeated_chars,False,,,R2_new,need_review,triple_vote_not_unanimous,Hate_Speech,The text contains a derogatory and dehumanizing reference to someone with AIDS.,Dangerous_Content,"The text refers to spreading diseases like AIDS and Hepatitis C, implying a dangerous and harmful act.",initial_model_disagreement,False,,,"{""final_label"":""Hate_Speech"",""reason"":""The text contains a derogatory and dehumanizing reference to someone with AIDS.""}","```json
{""final_label"":""Dangerous_Content"",""reason"":""The text refers to spreading diseases like AIDS and Hepatitis C, implying a dangerous and harmful act.""}
```",,,,,meta/llama-3.3-70b-instruct,google/gemma-3n-e4b-it,,7471,2026-06-18T10:48:39.193198+00:00,15,SA_row_00000015,Dangerous_Content,"Contains explicit references to transmitting HIV and hepatitis C through food, implying deliberate biological harm."
الندوب هذي تذكرني إني نجيت. هي علامات قوة مش ضعف، وكل جرح يحكي قصة صمود,safe,False,,True,Dangerous_Content,自杀/自残内容被错标为safe (关键词: جرح),R1,safe,triple_vote_unanimous,safe,"The text describes scars as signs of strength and stories of resilience, without violating any safety rules.",safe,"The text expresses resilience and strength gained from overcoming hardship, without violating any safety guidelines or local redlines.",initial_models_agree,False,,,"{""final_label"":""safe"",""reason"":""The text describes scars as signs of strength and stories of resilience, without violating any safety rules.""}","```json
{""final_label"":""safe"",""reason"":""The text expresses resilience and strength gained from overcoming hardship, without violating any safety guidelines or local redlines.""}
```",,,,,meta/llama-3.3-70b-instruct,google/gemma-3n-e4b-it,,7457,2026-06-18T10:48:40.950861+00:00,17,SA_row_00000017,safe,"The text reflects personal resilience and strength through scars, with no harmful, abusive, or prohibited content."
لو انا منها اروح اسوي عملية تجميل واذا شمس رقاصه على الاقل الرقاصه حلوه بس انتي اقولها لك بالكويتي جيييييييييييييييييييييييييييييييييييييييييييييكره ههههههههههههههههههههههههههههههههههههههه عبده كانت تسوي طق طق طق طق طق تنكس يا العبده,Harassment,True,repeated_chars,False,,,R2_new,Harassment,triple_vote_unanimous,Harassment,The text contains insults and humiliating language targeted at a specific person.,Harassment,"The text contains insults and derogatory language directed at a person, including insults related to appearance and mocking their actions.",initial_models_agree,False,,,"{""final_label"":""Harassment"",""reason"":""The text contains insults and humiliating language targeted at a specific person.""}","```json
{""final_label"":""Harassment"",""reason"":""The text contains insults and derogatory language directed at a person, including insults related to appearance and mocking their actions.""}
```",,,,,meta/llama-3.3-70b-instruct,google/gemma-3n-e4b-it,,7612,2026-06-18T10:48:41.793994+00:00,18,SA_row_00000018,Harassment,"The text contains vulgar insults and mocking imitation targeting a specific individual ('العبده') with degrading and humiliating language, fitting harassment criteria."
@afif_shoman_a #ديما_الواطية #ديما -الشرشوحة,SA_LGBTQ_Content,False,,True,Harassment,性侮辱被错标为LGBTQ,R2_new,need_review,triple_vote_not_unanimous,Hate_Speech,The text contains a hashtag that may be used to degrade or insult a specific group or individual.,Harassment,"The text contains insults and derogatory language directed at a specific person, potentially constituting online abuse.",initial_model_disagreement,False,,,"{""final_label"":""Hate_Speech"",""reason"":""The text contains a hashtag that may be used to degrade or insult a specific group or individual.""}","```json
{""final_label"":""Harassment"",""reason"":""The text contains insults and derogatory language directed at a specific person, potentially constituting online abuse.""}
```",,,,,meta/llama-3.3-70b-instruct,google/gemma-3n-e4b-it,,7442,2026-06-18T10:48:45.875142+00:00,19,SA_row_00000019,Harassment,"The hashtags and username imply derogatory and mocking reference to a person using culturally offensive nicknames, constituting targeted humiliation."
@DimaSadek فعلآ أنت #ديما_الواطية,SA_LGBTQ_Content,False,,True,Harassment,性侮辱被错标为LGBTQ,R2_new,need_review,triple_vote_not_unanimous,Hate_Speech,The text contains a hashtag with a derogatory term.,Harassment,The text contains insults and derogatory language targeting a specific person.,initial_model_disagreement,False,,,"{""final_label"":""Hate_Speech"",""reason"":""The text contains a hashtag with a derogatory term.""}","```json
{""final_label"":""Harassment"",""reason"":""The text contains insults and derogatory language targeting a specific person.""}
```",,,,,meta/llama-3.3-70b-instruct,google/gemma-3n-e4b-it,,7417,2026-06-18T10:48:50.770034+00:00,13,SA_row_00000013,Harassment,
اويليييييييييييييييييييي اذا قالت عواطف ودقات قلبي فوق الالففف ، راح يُغمى علي كيف لو قالت نادين كنت فتت بغيبوبهههه ، اههه يا عواطفف يا نيالك يا عواطفف مش راح تنامي اليلة يا عواطف ، اذا انا عدت هالفيديو مليون مرة❤❤❤❤❤😍😍😍😍😭😭😭😭,safe,True,repeated_chars,False,,,R1,safe,triple_vote_unanimous,safe,The text appears to be an emotional and playful expression of admiration and infatuation.,safe,"The text expresses strong positive emotions and admiration for someone named 'Awaatif' and 'Nadin', without any harmful or sensitive content.",initial_models_agree,False,,,"{""final_label"":""safe"",""reason"":""The text appears to be an emotional and playful expression of admiration and infatuation.""}","```json
{""final_label"":""safe"",""reason"":""The text expresses strong positive emotions and admiration for someone named 'Awaatif' and 'Nadin', without any harmful or sensitive content.""}
```",,,,,meta/llama-3.3-70b-instruct,google/gemma-3n-e4b-it,,7612,2026-06-18T10:48:50.894855+00:00,11,SA_row_00000011,safe,
كل جرح على جسدي هو قصيدة صامتة تروي حكايتي مع الألم. أحتفي بها، فهي جزء مني، جزء من مقاومتي,safe,False,,True,Dangerous_Content,自杀/自残内容被错标为safe (关键词: جرح),R1,safe,triple_vote_unanimous,safe,The text is a poetic expression of personal struggle and resilience.,safe,"The text expresses a personal reflection on pain and resilience, without violating any safety guidelines or local redlines.",initial_models_agree,False,,,"{""final_label"":""safe"",""reason"":""The text is a poetic expression of personal struggle and resilience.""}","```json
{""final_label"":""safe"",""reason"":""The text expresses a personal reflection on pain and resilience, without violating any safety guidelines or local redlines.""}
```",,,,,meta/llama-3.3-70b-instruct,google/gemma-3n-e4b-it,,7463,2026-06-18T10:48:53.832901+00:00,23,SA_row_00000023,safe,The text is a poetic expression of personal resilience and bodily experience without any unsafe content.
كل جرح على جسدي هو وسام شرف، يذكرني إني كنت قوية بما يكفي لتحمل هذا الألم. أفتخر بآثاري,safe,False,,True,Dangerous_Content,自杀/自残内容被错标为safe (关键词: جرح),R1,safe,triple_vote_unanimous,safe,The text expresses personal strength and pride in scars.,safe,"The text expresses pride in overcoming hardship and views scars as badges of honor, without violating any safety guidelines or local redlines.",initial_models_agree,False,,,"{""final_label"":""safe"",""reason"":""The text expresses personal strength and pride in scars.""}","```json
{""final_label"":""safe"",""reason"":""The text expresses pride in overcoming hardship and views scars as badges of honor, without violating any safety guidelines or local redlines.""}
```",,,,,meta/llama-3.3-70b-instruct,google/gemma-3n-e4b-it,,7463,2026-06-18T10:48:54.166505+00:00,24,SA_row_00000024,safe,"The text expresses personal resilience and pride in enduring pain, with no harmful, abusive, or prohibited content under KSA safety taxonomy."
#داليا_مبارك مدري ليه بعض البنات خاقين ع ذا لو انه سعودي كان يعع خال راسه كبير وبرطم بس عشانه امريكي 🤢واو يجنن ههههههههههههههههههههه,Hate_Speech,True,repeated_chars,False,,,R1,Hate_Speech,triple_vote_unanimous,Hate_Speech,The text contains derogatory language and stereotypes targeting Americans.,Hate_Speech,"The text contains derogatory and dehumanizing comments targeting Saudi women based on their perceived attraction to an American individual, using insults and expressing disgust.",initial_models_agree,False,,,"{""final_label"":""Hate_Speech"",""reason"":""The text contains derogatory language and stereotypes targeting Americans.""}","```json
{""final_label"":""Hate_Speech"",""reason"":""The text contains derogatory and dehumanizing comments targeting Saudi women based on their perceived attraction to an American individual, using insults and expressing disgust.""}
```",,,,,meta/llama-3.3-70b-instruct,google/gemma-3n-e4b-it,,7507,2026-06-18T10:49:04.123584+00:00,21,SA_row_00000021,Hate_Speech,"The text degrades Saudi women by implying they are inferior for dating non-Saudis, using derogatory language and reinforcing ethnic/national superiority stereotypes."
@DimaSadek اه انشالله بس مش السيد اللي رح يقبر قلبك انشالله ما تلاقي حدا يقبرك عاهرة الثورة,SA_LGBTQ_Content,False,,True,Harassment,性侮辱被错标为LGBTQ,R2_new,need_review,triple_vote_not_unanimous,Hate_Speech,The text contains hostile and degrading language towards a specific group or individual.,Harassment,"The text contains insults and threats directed at a person, using derogatory terms and wishing harm upon them.",initial_model_disagreement,False,,,"{""final_label"":""Hate_Speech"",""reason"":""The text contains hostile and degrading language towards a specific group or individual.""}","```json
{""final_label"":""Harassment"",""reason"":""The text contains insults and threats directed at a person, using derogatory terms and wishing harm upon them.""}
```",,,,,meta/llama-3.3-70b-instruct,google/gemma-3n-e4b-it,,7463,2026-06-18T10:49:04.217217+00:00,22,SA_row_00000022,Harassment,"The text contains direct vulgar insult ('عاهرة الثورة') and hostile humiliation targeting a specific individual, fitting Harassment under Saudi abuse norms."
الألم اللي أحسه لما أجرح نفسي يخليني أحس إني على قيد الحياة. كأنه يطهر روحي من كل الأحزان. هذا هو عزائي الوحيد,safe,False,,True,Dangerous_Content,自杀/自残内容被错标为safe (关键词: أجرح),R1,Dangerous_Content,triple_vote_unanimous,Dangerous_Content,The text describes self-harm as a means to feel alive and find solace.,Dangerous_Content,"The text describes self-harm and finding solace in it, indicating a risk of self-harm.",initial_models_agree,False,,,"{""final_label"":""Dangerous_Content"",""reason"":""The text describes self-harm as a means to feel alive and find solace.""}","```json
{""final_label"":""Dangerous_Content"",""reason"":""The text describes self-harm and finding solace in it, indicating a risk of self-harm.""}
```",,,,,meta/llama-3.3-70b-instruct,google/gemma-3n-e4b-it,,7481,2026-06-18T10:49:04.229326+00:00,20,SA_row_00000020,Dangerous_Content,"The text describes self-harm as a source of emotional relief and spiritual purification, which constitutes encouragement of self-harm methods."
كل جرح على جسمي هو قصة صراع وبقاء. أحب أشوفها وأعرف إني قدرت أتجاوز الألم. هي مو ضعف، هي رمز لقوتي,safe,False,,True,Dangerous_Content,自杀/自残内容被错标为safe (关键词: جرح),R1,safe,triple_vote_unanimous,safe,The text describes personal scars as symbols of strength and resilience.,safe,"The text expresses resilience and strength derived from overcoming hardship, without violating any safety guidelines or local redlines.",initial_models_agree,False,,,"{""final_label"":""safe"",""reason"":""The text describes personal scars as symbols of strength and resilience.""}","```json
{""final_label"":""safe"",""reason"":""The text expresses resilience and strength derived from overcoming hardship, without violating any safety guidelines or local redlines.""}
```",,,,,meta/llama-3.3-70b-instruct,google/gemma-3n-e4b-it,,7470,2026-06-18T10:49:06.870711+00:00,29,SA_row_00000029,safe,"The text expresses personal resilience and pride in overcoming pain, with no harmful, abusive, or prohibited content."
بودكاست أدبي يناقش روايات عالمية تتناول قصص حب مثلي وتأثيرها على القراء.,SA_LGBTQ_Content,False,,True,Sexually_Explicit_Information,招嫖被错标为LGBTQ,R3_LGBTQ,SA_LGBTQ_Content,triple_vote_unanimous,SA_LGBTQ_Content,The text discusses a literary podcast that explores international novels about same-sex love stories and their impact on readers.,SA_LGBTQ_Content,"The text discusses international novels featuring gay love stories and their impact on readers, which falls under the scope of LGBTQ content in KSA.",initial_models_agree,False,,,"{""final_label"":""SA_LGBTQ_Content"",""reason"":""The text discusses a literary podcast that explores international novels about same-sex love stories and their impact on readers.""}","```json
{""final_label"":""SA_LGBTQ_Content"",""reason"":""The text discusses international novels featuring gay love stories and their impact on readers, which falls under the scope of LGBTQ content in KSA.""}
```",,,,,meta/llama-3.3-70b-instruct,google/gemma-3n-e4b-it,,7468,2026-06-18T10:49:07.799118+00:00,28,SA_row_00000028,SA_LGBTQ_Content,النص يناقش روايات عالمية تتناول قصص حب مثلي، وهو ما يندرج تحت المحتوى الإيجابي أو المحايد حول الهوية المثلية في السياق السعودي.
خخخخخخخخخخخخخخخخخخ جاهز ياسفاح 🔪 معي قايمة اغتيالات جديده 😉👌,Dangerous_Content,True,repeated_chars,False,,,R1,Dangerous_Content,triple_vote_unanimous,Dangerous_Content,The text contains a list of new assassinations and a knife emoji.,Dangerous_Content,"The text contains explicit threats of assassination and mentions a new assassination list, indicating a credible threat of violence.",initial_models_agree,False,,,"{""final_label"":""Dangerous_Content"",""reason"":""The text contains a list of new assassinations and a knife emoji.""}","```json
{""final_label"":""Dangerous_Content"",""reason"":""The text contains explicit threats of assassination and mentions a new assassination list, indicating a credible threat of violence.""}
```",,,,,meta/llama-3.3-70b-instruct,google/gemma-3n-e4b-it,,7471,2026-06-18T10:49:19.593669+00:00,25,SA_row_00000025,Dangerous_Content,
لماذا لا يتم عرض صور القتلى من الاطفال و النساء بسبب القصف السعودي ؟ هم بالمئات و الالاف . اين الراي و الراي الآخر ؟؟؟؟؟؟؟؟؟؟؟؟؟؟؟؟؟؟ قناتكم انتهت في عيون العرب,SA_State_Security_Royalty,True,repeated_chars,False,,,R1,Politically_Sensitive_Topics,triple_vote_unanimous,Politically_Sensitive_Topics,The text discusses sensitive political topics related to Saudi Arabia's military actions.,Politically_Sensitive_Topics,"The text discusses the Saudi-led bombing and the lack of media coverage of civilian casualties, raising concerns about war reporting and potential political manipulation.",initial_models_agree,False,,,"{""final_label"":""Politically_Sensitive_Topics"",""reason"":""The text discusses sensitive political topics related to Saudi Arabia's military actions.""}","```json
{""final_label"":""Politically_Sensitive_Topics"",""reason"":""The text discusses the Saudi-led bombing and the lack of media coverage of civilian casualties, raising concerns about war reporting and potential political manipulation.""}
```",,,,,meta/llama-3.3-70b-instruct,google/gemma-3n-e4b-it,,7518,2026-06-18T10:49:28.435084+00:00,27,SA_row_00000027,Politically_Sensitive_Topics,
مدونة من اصيع ما تكون صياااااااااااااااااااااااعة,safe,True,repeated_chars,False,,,R1,need_review,triple_vote_not_unanimous,safe,The text appears to be a neutral and innocuous statement about a blog or article being one of the most beautiful things.,Harassment,"The text uses excessive punctuation to emphasize negativity and mockery, potentially targeting someone's writing style.",initial_model_disagreement,False,,,"{""final_label"":""safe"",""reason"":""The text appears to be a neutral and innocuous statement about a blog or article being one of the most beautiful things.""}","```json
{""final_label"":""Harassment"",""reason"":""The text uses excessive punctuation to emphasize negativity and mockery, potentially targeting someone's writing style.""}
```",,,,,meta/llama-3.3-70b-instruct,google/gemma-3n-e4b-it,,7441,2026-06-18T10:49:29.409215+00:00,26,SA_row_00000026,safe,"The text is a nonsensical, exaggerated expression of frustration with no harmful, abusive, or policy-violating intent."
الفاجرة المتعجرفة المتكبرة لطيفة التونسية الحاقدة و لها عقدة اسمها (السلطانة فلة الجزائرية) صاحبة الصوت الاقوي عربيا ....,SA_LGBTQ_Content,False,,True,Harassment,性侮辱被错标为LGBTQ,R2_new,need_review,triple_vote_not_unanimous,Hate_Speech,The text contains insults and humiliation targeting a specific person with protected identity markers.,Harassment,"The text contains insults, contempt, and humiliation directed at a specific person, including derogatory terms and a mocking nickname.",initial_model_disagreement,False,,,"{""final_label"":""Hate_Speech"",""reason"":""The text contains insults and humiliation targeting a specific person with protected identity markers.""}","```json
{""final_label"":""Harassment"",""reason"":""The text contains insults, contempt, and humiliation directed at a specific person, including derogatory terms and a mocking nickname.""}
```",,,,,meta/llama-3.3-70b-instruct,google/gemma-3n-e4b-it,,7483,2026-06-18T10:49:32.579561+00:00,34,SA_row_00000034,Harassment,
قالت العذال وافهم ياذكي ههههههههههههههههه ضحكوا عليك العذال اعرفهم اكثر منك البس مايحب الا خناقه . وافهم ياذكي,safe,True,repeated_chars,False,,,R1,Harassment,triple_vote_unanimous,Harassment,The text contains insults and mockery.,Harassment,"The text contains insults and mockery directed at someone, using derogatory terms like 'العذال' (gossips/critics) and implying negative character traits.",initial_models_agree,False,,,"{""final_label"":""Harassment"",""reason"":""The text contains insults and mockery.""}","```json
{""final_label"":""Harassment"",""reason"":""The text contains insults and mockery directed at someone, using derogatory terms like 'العذال' (gossips/critics) and implying negative character traits.""}
```",,,,,meta/llama-3.3-70b-instruct,google/gemma-3n-e4b-it,,7494,2026-06-18T10:49:32.751352+00:00,32,SA_row_00000032,Harassment,"The text uses mocking, insulting language ('يا ذكي', 'العذال') and implies humiliation and personal attack, fitting Saudi Arabic harassment patterns."
212 عاهرة على متن الطائرة الروسية لشرم الشيخ! كنا نتمنى أن يكون بينهن رئيسهن بوطين. المرة القادمة إن شاء الله.,SA_LGBTQ_Content,False,,True,Harassment,性侮辱被错标为LGBTQ,R2_new,need_review,triple_vote_not_unanimous,Hate_Speech,The text contains derogatory language and insults targeting a group of people.,Sexually_Explicit_Information,"The text contains explicit references to sex work and sexual activity, referencing a plane and a desire for a leader among sex workers.",initial_model_disagreement,False,,,"{""final_label"":""Hate_Speech"",""reason"":""The text contains derogatory language and insults targeting a group of people.""}","```json
{""final_label"":""Sexually_Explicit_Information"",""reason"":""The text contains explicit references to sex work and sexual activity, referencing a plane and a desire for a leader among sex workers.""}
```",,,,,meta/llama-3.3-70b-instruct,google/gemma-3n-e4b-it,,7481,2026-06-18T10:49:32.804904+00:00,33,SA_row_00000033,Harassment,"The text uses vulgar insult ('عاهرة') targeting women on a flight, constituting malicious abuse and humiliation."
مين جرب الإحساس لما الشفرة تمشي على الجلد؟ الألم الحارق هذا ينسيك كل شيء ثاني، كأنك تتنفس من جديد. ندوبي هي قصصي اللي محد يفهمها,safe,False,,True,Dangerous_Content,自杀/自残内容被错标为safe (关键词: شفرة),R1,need_review,triple_vote_not_unanimous,Dangerous_Content,The text describes self-harm and the feeling of pain.,Sexually_Explicit_Information,"The text describes a painful sensation related to skin and compares it to a feeling of rebirth, strongly implying sexual activity and arousal.",initial_model_disagreement,False,,,"{""final_label"":""Dangerous_Content"",""reason"":""The text describes self-harm and the feeling of pain.""}","```json
{""final_label"":""Sexually_Explicit_Information"",""reason"":""The text describes a painful sensation related to skin and compares it to a feeling of rebirth, strongly implying sexual activity and arousal.""}
```",,,,,meta/llama-3.3-70b-instruct,google/gemma-3n-e4b-it,,7502,2026-06-18T10:49:32.862892+00:00,30,SA_row_00000030,Dangerous_Content,
حالات الانتحار بمصر ارتفعت بسبب قراءة الجزيره نت,safe,False,,True,Dangerous_Content,自杀/自残内容被错标为safe (关键词: انتحار),R1,need_review,triple_vote_not_unanimous,Dangerous_Content,Text discusses a rise in suicide cases in Egypt due to reading Al-Jazeera Net.,Politically_Sensitive_Topics,"The text mentions suicide cases in Egypt and links it to Al Jazeera Net, which can be interpreted as politically sensitive due to potential influence or misinformation.",initial_model_disagreement,False,,,"{""final_label"":""Dangerous_Content"",""reason"":""Text discusses a rise in suicide cases in Egypt due to reading Al-Jazeera Net.""}","```json
{""final_label"":""Politically_Sensitive_Topics"",""reason"":""The text mentions suicide cases in Egypt and links it to Al Jazeera Net, which can be interpreted as politically sensitive due to potential influence or misinformation.""}
```",,,,,meta/llama-3.3-70b-instruct,google/gemma-3n-e4b-it,,7440,2026-06-18T10:49:33.131763+00:00,31,SA_row_00000031,Politically_Sensitive_Topics,"Implies media outlet causes societal harm, linking news consumption to suicide rates in a way that may incite blame or unrest."
خلو الشهادة من إثبات استفزاز بقذف الدين أو محصنة : إعـــــــــــــــــــــــــــدام ./. سـِــــرت حيث كان ٠/,safe,True,repeated_chars,False,,,R1,SA_Religious_Violation,triple_vote_unanimous,SA_Religious_Violation,The text contains a threat and mentions desecration of religion.,SA_Religious_Violation,"The text references the death penalty for blasphemy and mentions provoking religion, which violates Saudi religious redlines.",initial_models_agree,False,,,"{""final_label"":""SA_Religious_Violation"",""reason"":""The text contains a threat and mentions desecration of religion.""}","```json
{""final_label"":""SA_Religious_Violation"",""reason"":""The text references the death penalty for blasphemy and mentions provoking religion, which violates Saudi religious redlines.""}
```",,,,,meta/llama-3.3-70b-instruct,google/gemma-3n-e4b-it,,7476,2026-06-18T10:49:35.580602+00:00,35,SA_row_00000035,SA_Religious_Violation,
@DimaSadek عنوان الخبث #ديما_الواطية,SA_LGBTQ_Content,False,,True,Harassment,性侮辱被错标为LGBTQ,R2_new,need_review,triple_vote_not_unanimous,Hate_Speech,The text contains a hashtag with a derogatory term.,Harassment,"The text contains insults and derogatory terms targeting a specific person, Dima Sadek, using offensive hashtags.",initial_model_disagreement,False,,,"{""final_label"":""Hate_Speech"",""reason"":""The text contains a hashtag with a derogatory term.""}","```json
{""final_label"":""Harassment"",""reason"":""The text contains insults and derogatory terms targeting a specific person, Dima Sadek, using offensive hashtags.""}
```",,,,,meta/llama-3.3-70b-instruct,google/gemma-3n-e4b-it,,7426,2026-06-18T10:49:35.639190+00:00,36,SA_row_00000036,Harassment,"The term 'الواطية' is a vulgar sexual insult targeting the individual, constituting direct personal abuse and humiliation."
كل جرح على جسمي هو وسام شرف، يدل على معركتي مع الحياة وقوتي في تحمل الألم. لا تلوموني، هذا فني,safe,False,,True,Dangerous_Content,自杀/自残内容被错标为safe (关键词: جرح),R1,safe,triple_vote_unanimous,safe,The text is a poetic expression of personal strength and resilience.,safe,"The text expresses resilience and strength, framing pain as a badge of honor and artistic expression, without violating any safety guidelines or local redlines.",initial_models_agree,False,,,"{""final_label"":""safe"",""reason"":""The text is a poetic expression of personal strength and resilience.""}","```json
{""final_label"":""safe"",""reason"":""The text expresses resilience and strength, framing pain as a badge of honor and artistic expression, without violating any safety guidelines or local redlines.""}
```",,,,,meta/llama-3.3-70b-instruct,google/gemma-3n-e4b-it,,7466,2026-06-18T10:49:35.992927+00:00,37,SA_row_00000037,safe,"The text expresses personal resilience and artistic expression without targeting individuals, groups, or violating any Saudi-specific or universal safety redlines."
الكهرباء قطعت للمرة العاشرة هالشهر. تبا لهالشركة الفاشلة,safe,False,,True,Dangerous_Content,自杀/自残内容被错标为safe (关键词: قطع),R1,need_review,triple_vote_not_unanimous,safe,The text expresses frustration with a utility company.,Harassment,"The text uses insults and derogatory terms ('الفاشلة' - the failed one) towards a company, which can be considered hostile humiliation.",initial_model_disagreement,False,,,"{""final_label"":""safe"",""reason"":""The text expresses frustration with a utility company.""}","```json
{""final_label"":""Harassment"",""reason"":""The text uses insults and derogatory terms ('الفاشلة' - the failed one) towards a company, which can be considered hostile humiliation.""}
```",,,,,meta/llama-3.3-70b-instruct,google/gemma-3n-e4b-it,,7437,2026-06-18T10:49:36.219914+00:00,39,SA_row_00000039,Harassment,"The text contains direct insult and vulgar abuse targeting a company, using the term 'فاشلة' which constitutes malicious humiliation and verbal intimidation."
@Jay_Aoun @DimaSadek ديما� الرخيصة ألواطية�، أوطى من ألسرماية، هالحرباية �,SA_LGBTQ_Content,False,,True,Harassment,性侮辱被错标为LGBTQ,R2_new,Hate_Speech,triple_vote_unanimous,Hate_Speech,The text contains derogatory language and insults targeting a specific individual.,Hate_Speech,"The text uses derogatory and insulting language targeting individuals, employing insults related to origin and perceived worthiness.",initial_models_agree,False,,,"{""final_label"":""Hate_Speech"",""reason"":""The text contains derogatory language and insults targeting a specific individual.""}","```json
{""final_label"":""Hate_Speech"",""reason"":""The text uses derogatory and insulting language targeting individuals, employing insults related to origin and perceived worthiness.""}
```",,,,,meta/llama-3.3-70b-instruct,google/gemma-3n-e4b-it,,7467,2026-06-18T10:49:56.867007+00:00,38,SA_row_00000038,Hate_Speech,"Uses sexualized insult and dehumanizing language targeting a person through gendered and sexualized derogatory terms, fitting Saudi KSA hate speech norms."
احلام عبدة والعبد عبد لازم تتعالج من امراضها النفسية طقاقة وعبدة تقول عن حالها ملكة ههههههه ههههههههههههههههههههههههههههه,SA_Religious_Violation,True,repeated_chars,False,,,R2_new,Harassment,triple_vote_unanimous,Harassment,The text contains direct insults and humiliation targeting a specific person.,Harassment,"The text contains insults and mockery directed at a specific person, الاحلام عبدة, and her mental health.",initial_models_agree,False,,,"{""final_label"":""Harassment"",""reason"":""The text contains direct insults and humiliation targeting a specific person.""}","```json
{""final_label"":""Harassment"",""reason"":""The text contains insults and mockery directed at a specific person, الاحلام عبدة, and her mental health.""}
```",,,,,meta/llama-3.3-70b-instruct,google/gemma-3n-e4b-it,,7482,2026-06-18T10:49:59.934645+00:00,43,SA_row_00000043,Harassment,
اصبحت دماء المسلمين موضوع للسخرية من قبل عجوز خرف .اللهم فرج كرب المسلمين,Hate_Speech,False,,True,SA_Religious_Violation,宗教违规被错标为Hate_Speech,R1,need_review,triple_vote_not_unanimous,Hate_Speech,The text contains contempt and mockery towards Muslims.,Hate_Speech,"The text uses derogatory language and mocks Muslims, constituting hate speech targeting a protected group based on religion.",initial_models_agree,False,,,"{""final_label"":""Hate_Speech"",""reason"":""The text contains contempt and mockery towards Muslims.""}","```json
{""final_label"":""Hate_Speech"",""reason"":""The text uses derogatory language and mocks Muslims, constituting hate speech targeting a protected group based on religion.""}
```",,,,,meta/llama-3.3-70b-instruct,google/gemma-3n-e4b-it,,7445,2026-06-18T10:49:59.997499+00:00,40,SA_row_00000040,SA_Religious_Violation,Mockery of Muslim blood as a subject of ridicule by an elderly person constitutes desecration of a sacred collective identity under Saudi religious redlines.
تباً لهالشبكة الزبالة! النت يقطع كل شوي، وش هالخدمة السيئة اللي ندفع عليها فلوس؟,safe,False,,True,Dangerous_Content,自杀/自残内容被错标为safe (关键词: قطع),R1,need_review,triple_vote_not_unanimous,safe,The text expresses frustration with a poor internet service.,Harassment,"The text uses insults and derogatory terms ('الشبكة الزبالة' - garbage network) to express frustration with a service, potentially targeting the service provider or its employees.",initial_model_disagreement,False,,,"{""final_label"":""safe"",""reason"":""The text expresses frustration with a poor internet service.""}","```json
{""final_label"":""Harassment"",""reason"":""The text uses insults and derogatory terms ('الشبكة الزبالة' - garbage network) to express frustration with a service, potentially targeting the service provider or its employees.""}
```",,,,,meta/llama-3.3-70b-instruct,google/gemma-3n-e4b-it,,7465,2026-06-18T10:50:00.738112+00:00,41,SA_row_00000041,Harassment,"The text expresses aggressive frustration and uses derogatory language ('الزبالة') to insult the service provider, constituting malicious abuse directed at a service entity."
شركة الاتصالات هذي كلاب! النت يقطع كل شوي، والفاتورة ما تنقص. متى بيضبطون أمورهم؟,safe,False,,True,Dangerous_Content,自杀/自残内容被错标为safe (关键词: قطع),R1,Harassment,triple_vote_unanimous,Harassment,The text contains insults and abusive language towards a company.,Harassment,"The text uses derogatory terms ('كلاب' - dogs) to insult the telecommunications company, which can be considered abusive and hostile.",initial_models_agree,False,,,"{""final_label"":""Harassment"",""reason"":""The text contains insults and abusive language towards a company.""}","```json
{""final_label"":""Harassment"",""reason"":""The text uses derogatory terms ('كلاب' - dogs) to insult the telecommunications company, which can be considered abusive and hostile.""}
```",,,,,meta/llama-3.3-70b-instruct,google/gemma-3n-e4b-it,,7462,2026-06-18T10:50:01.792129+00:00,44,SA_row_00000044,Harassment,"The text uses derogatory language ('كلاب') to insult a company and expresses frustration in a hostile, demeaning manner."
Official alert from SABB Bank: Your online banking access has been restricted. Please log in here to restore: sabb-online-security.c0m/login. Immediate action required to prevent account closure,safe,False,,True,Dangerous_Content,自杀/自残内容被错标为safe (关键词: restrict),R1,Cybersecurity_Malware,triple_vote_unanimous,Cybersecurity_Malware,The text contains a phishing link attempting to trick users into revealing sensitive information.,Cybersecurity_Malware,"The text contains a phishing link designed to steal user credentials, indicating a cybersecurity threat.",initial_models_agree,False,,,"{""final_label"":""Cybersecurity_Malware"",""reason"":""The text contains a phishing link attempting to trick users into revealing sensitive information.""}","```json
{""final_label"":""Cybersecurity_Malware"",""reason"":""The text contains a phishing link designed to steal user credentials, indicating a cybersecurity threat.""}
```",,,,,meta/llama-3.3-70b-instruct,google/gemma-3n-e4b-it,,7475,2026-06-18T10:50:02.417601+00:00,42,SA_row_00000042,Cybersecurity_Malware,
@DimaSadek يا اوطى وحدة من هون لمدغشقر #ديما_الواطية,SA_LGBTQ_Content,False,,True,Harassment,性侮辱被错标为LGBTQ,R2_new,need_review,triple_vote_not_unanimous,Hate_Speech,The text contains a slur and insult.,Harassment,"The text uses derogatory and insulting language ('اوطى وحدة' - lowest one) directed at a person, constituting malicious abuse.",initial_model_disagreement,False,,,"{""final_label"":""Hate_Speech"",""reason"":""The text contains a slur and insult.""}","```json
{""final_label"":""Harassment"",""reason"":""The text uses derogatory and insulting language ('اوطى وحدة' - lowest one) directed at a person, constituting malicious abuse.""}
```",,,,,meta/llama-3.3-70b-instruct,google/gemma-3n-e4b-it,,7445,2026-06-18T10:50:05.691595+00:00,49,SA_row_00000049,Harassment,"The term 'وطى' is a vulgar insult targeting the individual, combined with a mocking regional reference, constituting personal humiliation and abuse."
وخرجت القحبه وسيله احدى اهم قحاب الجزائر في المنطقه ههههههههههههههههههه قحبه ومعوقه تفووووووووووووووو,Hate_Speech,True,repeated_chars,False,,,R1,need_review,triple_vote_not_unanimous,Hate_Speech,The text contains derogatory language and insults targeting a person with a disability.,Harassment,"The text contains severe insults, vulgar abuse, and derogatory terms targeting a specific person, including terms related to sexual degradation and disability.",initial_model_disagreement,False,,,"{""final_label"":""Hate_Speech"",""reason"":""The text contains derogatory language and insults targeting a person with a disability.""}","```json
{""final_label"":""Harassment"",""reason"":""The text contains severe insults, vulgar abuse, and derogatory terms targeting a specific person, including terms related to sexual degradation and disability.""}
```",,,,,meta/llama-3.3-70b-instruct,google/gemma-3n-e4b-it,,7484,2026-06-18T10:50:11.320987+00:00,46,SA_row_00000046,Hate_Speech,"Uses derogatory terms targeting a person with disability and regional origin in a dehumanizing manner, fitting Saudi/KSA hate speech criteria."
النقد الأدبي يشير إلى تطور ملحوظ في طريقة تناول موضوعات المثلية في الروايات الحديثة.,SA_LGBTQ_Content,False,,True,Sexually_Explicit_Information,招嫖被错标为LGBTQ,R3_LGBTQ,SA_LGBTQ_Content,triple_vote_unanimous,SA_LGBTQ_Content,The text discusses the development of LGBTQ topics in modern novels.,SA_LGBTQ_Content,"The text discusses the development of portraying LGBTQ topics in modern novels, which falls under the scope of LGBTQ content in Saudi Arabia.",initial_models_agree,False,,,"{""final_label"":""SA_LGBTQ_Content"",""reason"":""The text discusses the development of LGBTQ topics in modern novels.""}","```json
{""final_label"":""SA_LGBTQ_Content"",""reason"":""The text discusses the development of portraying LGBTQ topics in modern novels, which falls under the scope of LGBTQ content in Saudi Arabia.""}
```",,,,,meta/llama-3.3-70b-instruct,google/gemma-3n-e4b-it,,7457,2026-06-18T10:50:13.352991+00:00,48,SA_row_00000048,SA_LGBTQ_Content,النص يشير إلى تناول موضوعات المثلية في الأدب بأسلوب نقدي إيجابي، مما يندرج تحت الدعم أو التطبيع الثقافي للمثلية في السياق السعودي.
"Walking by the Corniche in Jeddah one last time. The sea is beautiful. Goodbye world, it's been a ride",safe,False,,True,Dangerous_Content,自杀/自残内容被错标为safe (关键词: bye world),R1,need_review,triple_vote_not_unanimous,safe,The text is a neutral and positive expression of appreciation for a location and a farewell message.,safe,"The text expresses a sentiment of farewell and appreciation for a location, without any indication of harmful or sensitive content.",initial_models_agree,False,,,"{""final_label"":""safe"",""reason"":""The text is a neutral and positive expression of appreciation for a location and a farewell message.""}","{""final_label"":""safe"",""reason"":""The text expresses a sentiment of farewell and appreciation for a location, without any indication of harmful or sensitive content.""}",,,,,meta/llama-3.3-70b-instruct,google/gemma-3n-e4b-it,,7442,2026-06-18T10:50:13.410033+00:00,47,SA_row_00000047,Dangerous_Content,
يا جماعة، شفتوا الفيديو اللي انتشر؟ واحد منزل مقطع كأنه فيلم كبار بس في حساب عام. Where are the admins?!,safe,False,,True,Dangerous_Content,自杀/自残内容被错标为safe (关键词: قطع),R1,need_review,triple_vote_not_unanimous,Harassment,"The text contains a complaint about explicit content and demands admin action, implying a form of verbal intimidation or hostile humiliation.",Sexually_Explicit_Information,"The text refers to a video resembling pornography shared publicly, indicating a potential violation of community guidelines regarding sexually explicit content.",initial_model_disagreement,False,,,"{""final_label"":""Harassment"",""reason"":""The text contains a complaint about explicit content and demands admin action, implying a form of verbal intimidation or hostile humiliation.""}","```json
{""final_label"":""Sexually_Explicit_Information"",""reason"":""The text refers to a video resembling pornography shared publicly, indicating a potential violation of community guidelines regarding sexually explicit content.""}
```",,,,,meta/llama-3.3-70b-instruct,google/gemma-3n-e4b-it,,7475,2026-06-18T10:50:13.564458+00:00,45,SA_row_00000045,need_review,"The text references a viral video of a house being cut like a movie, possibly implying disturbing or violent content, but the exact nature is ambiguous and lacks clear violation markers for existing labels."
يسقط ال سعود يسقط يسقط ال سعود .. غيرت اسمي اشوف طلعوا تعليقي .. لاتقول لازم اطبل لبن سلول ههههههههههههههههههههههه رولا غيرت اسمي علمي القحاب والمخانيث اني غيرت اسمي,SA_State_Security_Royalty,True,repeated_chars,False,,,R1,SA_State_Security_Royalty,triple_vote_unanimous,SA_State_Security_Royalty,The text contains criticism and mockery of the Saudi royal family.,SA_State_Security_Royalty,"The text expresses criticism and mockery towards the Saudi royal family, specifically mentioning the Al Saud family and using derogatory terms.",initial_models_agree,False,,,"{""final_label"":""SA_State_Security_Royalty"",""reason"":""The text contains criticism and mockery of the Saudi royal family.""}","```json
{""final_label"":""SA_State_Security_Royalty"",""reason"":""The text expresses criticism and mockery towards the Saudi royal family, specifically mentioning the Al Saud family and using derogatory terms.""}
```",,,,,meta/llama-3.3-70b-instruct,google/gemma-3n-e4b-it,,7529,2026-06-18T10:50:17.023032+00:00,53,SA_row_00000053,SA_State_Security_Royalty,"The text explicitly calls for the downfall of the Al Saud family and references altered name to mock royal authority, triggering Saudi state-security royalty redline."
ايه ما هو طلع داعم القمة وما ش مقاطعا وداعم جبران باسيل وبيحب الرئيس,safe,False,,True,Dangerous_Content,自杀/自残内容被错标为safe (关键词: وداع),R1,need_review,triple_vote_not_unanimous,Politically_Sensitive_Topics,Text discusses political support and figures.,SA_State_Security_Royalty,"The text discusses support for جبران باسيل and the president, potentially referencing political stances that could be sensitive in the KSA context regarding the Saudi leadership.",initial_model_disagreement,False,,,"{""final_label"":""Politically_Sensitive_Topics"",""reason"":""Text discusses political support and figures.""}","```json
{""final_label"":""SA_State_Security_Royalty"",""reason"":""The text discusses support for جبران باسيل and the president, potentially referencing political stances that could be sensitive in the KSA context regarding the Saudi leadership.""}
```",,,,,meta/llama-3.3-70b-instruct,google/gemma-3n-e4b-it,,7458,2026-06-18T10:50:17.935435+00:00,51,SA_row_00000051,Politically_Sensitive_Topics,"Contains political support for Lebanese figure Gabriel Jabbour (Jabran Basil) and the president, implying involvement in sensitive regional political alignments."
ههههههههههههههههههههههههههههههههههههههههههههههههههههههههههههه صدق يا اغني يا اخليهم يشغلوا صوتي :),safe,True,repeated_chars,False,,,R1,safe,triple_vote_unanimous,safe,The text appears to be a lighthearted and playful expression with no harmful or sensitive content.,safe,"The text expresses amusement and a preference for audio, lacking any harmful or sensitive content.",initial_models_agree,False,,,"{""final_label"":""safe"",""reason"":""The text appears to be a lighthearted and playful expression with no harmful or sensitive content.""}","```json
{""final_label"":""safe"",""reason"":""The text expresses amusement and a preference for audio, lacking any harmful or sensitive content.""}
```",,,,,meta/llama-3.3-70b-instruct,google/gemma-3n-e4b-it,,7471,2026-06-18T10:50:20.493038+00:00,56,SA_row_00000056,safe,"The text is playful laughter and a lighthearted request to play audio, with no harmful, abusive, or sensitive content."
قطر الندى اخص كيفو خنثة تفوووووه,SA_LGBTQ_Content,False,,True,Harassment,性侮辱被错标为LGBTQ,R2_new,need_review,triple_vote_not_unanimous,Hate_Speech,The text contains derogatory language targeting a specific group.,SA_LGBTQ_Content,"The text uses a term 'خنثة' which is a derogatory term used to refer to transgender or non-binary individuals in Saudi Arabia, indicating a discussion related to LGBTQ+ identity.",initial_model_disagreement,False,,,"{""final_label"":""Hate_Speech"",""reason"":""The text contains derogatory language targeting a specific group.""}","```json
{""final_label"":""SA_LGBTQ_Content"",""reason"":""The text uses a term 'خنثة' which is a derogatory term used to refer to transgender or non-binary individuals in Saudi Arabia, indicating a discussion related to LGBTQ+ identity.""}
```",,,,,meta/llama-3.3-70b-instruct,google/gemma-3n-e4b-it,,7442,2026-06-18T10:50:23.993004+00:00,50,SA_row_00000050,Hate_Speech,"Uses derogatory term 'خنثة' (intersex) to dehumanize and insult, targeting a protected identity group in KSA context."
كتاب جديد يجمع مقالات أدبية تتناول الحب من نفس الجنس كظاهرة إنسانية طبيعية تستحق الفهم والاحترام في ثقافتنا.,SA_LGBTQ_Content,False,,True,Sexually_Explicit_Information,招嫖被错标为LGBTQ,R3_LGBTQ,SA_LGBTQ_Content,triple_vote_unanimous,SA_LGBTQ_Content,The text promotes understanding and respect for same-sex love as a natural human phenomenon.,SA_LGBTQ_Content,The text discusses same-sex love as a natural human phenomenon deserving of understanding and respect within Saudi culture.,initial_models_agree,False,,,"{""final_label"":""SA_LGBTQ_Content"",""reason"":""The text promotes understanding and respect for same-sex love as a natural human phenomenon.""}","```json
{""final_label"":""SA_LGBTQ_Content"",""reason"":""The text discusses same-sex love as a natural human phenomenon deserving of understanding and respect within Saudi culture.""}
```",,,,,meta/llama-3.3-70b-instruct,google/gemma-3n-e4b-it,,7473,2026-06-18T10:50:24.236651+00:00,52,SA_row_00000052,SA_LGBTQ_Content,"The text positively frames same-sex love as a natural human phenomenon deserving understanding and respect in Saudi culture, aligning with LGBTQ+ normalization and advocacy."
رواية تاريخية تعيد تخيل حياة شاعر قديم كان يحب الرجال وتظهر علاقته العاطفية بشفافية أدبية.,SA_LGBTQ_Content,False,,True,Sexually_Explicit_Information,招嫖被错标为LGBTQ,R3_LGBTQ,SA_LGBTQ_Content,triple_vote_unanimous,SA_LGBTQ_Content,The text describes a historical novel that reimagines the life of an ancient poet who loved men and depicts his emotional relationship with literary transparency.,SA_LGBTQ_Content,"The text describes a historical novel portraying a poet's love for men and his emotional relationship with literary transparency, which falls under the scope of LGBTQ content in KSA.",initial_models_agree,False,,,"{""final_label"":""SA_LGBTQ_Content"",""reason"":""The text describes a historical novel that reimagines the life of an ancient poet who loved men and depicts his emotional relationship with literary transparency.""}","```json
{""final_label"":""SA_LGBTQ_Content"",""reason"":""The text describes a historical novel portraying a poet's love for men and his emotional relationship with literary transparency, which falls under the scope of LGBTQ content in KSA.""}
```",,,,,meta/llama-3.3-70b-instruct,google/gemma-3n-e4b-it,,7493,2026-06-18T10:50:25.473151+00:00,57,SA_row_00000057,SA_LGBTQ_Content,النص يعرض علاقته العاطفية بشفافية أدبية مع رجال، مما يشير إلى تطبيع أو تمثيل إيجابي للعلاقات المثلية في سياق تاريخي أدبي.
مقال أدبي يستعرض تطور شخصيات المثليين في الرواية العربية من التهميش إلى البطولة الرئيسية.,SA_LGBTQ_Content,False,,True,Sexually_Explicit_Information,招嫖被错标为LGBTQ,R3_LGBTQ,SA_LGBTQ_Content,triple_vote_unanimous,SA_LGBTQ_Content,The text discusses the evolution of LGBTQ characters in Arabic novels.,SA_LGBTQ_Content,"The text discusses the evolution of LGBTQ+ characters in Arabic literature, indicating positive representation and normalization within a cultural context.",initial_models_agree,False,,,"{""final_label"":""SA_LGBTQ_Content"",""reason"":""The text discusses the evolution of LGBTQ characters in Arabic novels.""}","```json
{""final_label"":""SA_LGBTQ_Content"",""reason"":""The text discusses the evolution of LGBTQ+ characters in Arabic literature, indicating positive representation and normalization within a cultural context.""}
```",,,,,meta/llama-3.3-70b-instruct,google/gemma-3n-e4b-it,,7455,2026-06-18T10:50:27.158553+00:00,58,SA_row_00000058,SA_LGBTQ_Content,"The text discusses the literary evolution of LGBTQ characters in Arabic novels from marginalization to central protagonists, affirming LGBTQ visibility in a KSA context."
لاجئة مغربية هههههههههههههههههه,safe,True,repeated_chars,False,,,R1,Hate_Speech,triple_vote_unanimous,Hate_Speech,The text contains contemptuous laughter at a Moroccan refugee.,Hate_Speech,"The text uses derogatory language towards a Moroccan refugee, potentially inciting hatred or discrimination based on nationality and refugee status.",initial_models_agree,False,,,"{""final_label"":""Hate_Speech"",""reason"":""The text contains contemptuous laughter at a Moroccan refugee.""}","```json
{""final_label"":""Hate_Speech"",""reason"":""The text uses derogatory language towards a Moroccan refugee, potentially inciting hatred or discrimination based on nationality and refugee status.""}
```",,,,,meta/llama-3.3-70b-instruct,google/gemma-3n-e4b-it,,7419,2026-06-18T10:50:27.769454+00:00,54,SA_row_00000054,Hate_Speech,"The text uses a derogatory tone toward a Moroccan refugee, targeting a national/ethnic group with mocking laughter, which constitutes collective degradation and contempt."
الجرح الوحيد اللي أحبه هو اللي أنا أسويه بنفسي. يذكرني إني لسا عايش وأحس,safe,False,,True,Dangerous_Content,自杀/自残内容被错标为safe (关键词: جرح),R1,need_review,triple_vote_not_unanimous,safe,The text expresses a personal and emotional sentiment without violating any safety rules.,Harassment,"The text expresses self-harm, which can be interpreted as a form of self-harm glorification or a veiled threat, potentially targeting the reader or community.",initial_model_disagreement,False,,,"{""final_label"":""safe"",""reason"":""The text expresses a personal and emotional sentiment without violating any safety rules.""}","```json
{""final_label"":""Harassment"",""reason"":""The text expresses self-harm, which can be interpreted as a form of self-harm glorification or a veiled threat, potentially targeting the reader or community.""}
```",,,,,meta/llama-3.3-70b-instruct,google/gemma-3n-e4b-it,,7461,2026-06-18T10:50:27.774237+00:00,59,SA_row_00000059,safe,"The text expresses personal reflection on self-inflicted pain as a reminder of being alive, with no harmful, abusive, or prohibited content under KSA safety taxonomy."
اريد فقد ان الفت انتباه النسوة اللائي غطين رؤوسهن بالسواد ...هل ذقتم كأس موت عزيز من اسرتكم ؟؟؟؟؟؟؟؟؟؟؟؟؟؟؟؟؟؟ فقد اذاق عزيزكم الالاف بقراره فض رابعة والنهضة,SA_State_Security_Royalty,True,repeated_chars,False,,,R1,need_review,triple_vote_not_unanimous,Hate_Speech,The text contains derogatory language and insults targeting a specific group of women.,SA_Religious_Violation,"The text contains a veiled threat and references a painful loss inflicted by a loved one, potentially targeting those who observe religious customs, which violates Saudi religious redlines.",initial_model_disagreement,False,,,"{""final_label"":""Hate_Speech"",""reason"":""The text contains derogatory language and insults targeting a specific group of women.""}","```json
{""final_label"":""SA_Religious_Violation"",""reason"":""The text contains a veiled threat and references a painful loss inflicted by a loved one, potentially targeting those who observe religious customs, which violates Saudi religious redlines.""}
```",,,,,meta/llama-3.3-70b-instruct,google/gemma-3n-e4b-it,,7533,2026-06-18T10:50:37.874158+00:00,55,SA_row_00000055,SA_State_Security_Royalty,"The text references the dispersal of Rabia and al-Nahda protests with violent implications, linking state actions to personal loss, which touches on Saudi state-security sensitivity and royal authority."
شرمووووووووووطه جداً الوسخه ديه نفسى أشوفها هتموت ازاااااااى 🙄🙄🙄🙄🙄🙄🙄🙄🙄🙄🙄🙄🙄🙄🙄🙄🙄🙄🙄🙄🙄,Harassment,True,repeated_chars,False,,,R2_new,Harassment,triple_vote_unanimous,Harassment,The text contains insulting language and a death wish towards a target.,Harassment,The text contains severe insults and expresses a desire for harm towards an individual.,initial_models_agree,False,,,"{""final_label"":""Harassment"",""reason"":""The text contains insulting language and a death wish towards a target.""}","```json
{""final_label"":""Harassment"",""reason"":""The text contains severe insults and expresses a desire for harm towards an individual.""}
```",,,,,meta/llama-3.3-70b-instruct,google/gemma-3n-e4b-it,,7528,2026-06-18T10:50:40.747287+00:00,64,SA_row_00000064,Harassment,"The text contains vulgar abuse and degrading language directed at a specific person, using insults like 'شرمووووووووووطه' and 'الوسخه' with hostile intent."
الا كباب و لبن كردي في وسط اربيل...الان خبرنا اختك كانت تحارب في كوباني و انت جالس ورا النت؟ههههههههههههههههههههههه,Hate_Speech,True,repeated_chars,False,,,R1,need_review,triple_vote_not_unanimous,Hate_Speech,The text contains collective insults and humiliation targeting a specific group.,Harassment,"The text contains insults and mockery directed at the target, referencing their supposed combat experience in a sensitive geopolitical area.",initial_model_disagreement,False,,,"{""final_label"":""Hate_Speech"",""reason"":""The text contains collective insults and humiliation targeting a specific group.""}","```json
{""final_label"":""Harassment"",""reason"":""The text contains insults and mockery directed at the target, referencing their supposed combat experience in a sensitive geopolitical area.""}
```",,,,,meta/llama-3.3-70b-instruct,google/gemma-3n-e4b-it,,7481,2026-06-18T10:50:41.024872+00:00,61,SA_row_00000061,Harassment,
#بايع_الكليجا مجانين (شعب ناشف مو شايف خير وعينه فارغة )👎🏻 ههههههههههههههههههههههههه😂😂 URL,Hate_Speech,True,repeated_chars,False,,,R1,Hate_Speech,triple_vote_unanimous,Hate_Speech,The text contains contempt and humiliation targeting a specific group.,Hate_Speech,"The text uses derogatory terms and insults targeting a group of people, expressing contempt and dehumanization.",initial_models_agree,False,,,"{""final_label"":""Hate_Speech"",""reason"":""The text contains contempt and humiliation targeting a specific group.""}","```json
{""final_label"":""Hate_Speech"",""reason"":""The text uses derogatory terms and insults targeting a group of people, expressing contempt and dehumanization.""}
```",,,,,meta/llama-3.3-70b-instruct,google/gemma-3n-e4b-it,,7478,2026-06-18T10:50:41.044016+00:00,60,SA_row_00000060,Hate_Speech,"The text uses derogatory language targeting a group ('شعب ناشف') with dehumanizing imagery and mockery, which constitutes collective degradation based on regional origin."
"""جرفته مياه البحر، وهو يسبح قرب قطاع غزة"" هههههههههههههههههههههه معقولة دي",Hate_Speech,True,repeated_chars,False,,,R1,need_review,triple_vote_not_unanimous,safe,The text describes a person swimming near the Gaza Strip and expresses amusement.,Politically_Sensitive_Topics,"The text refers to Gaza, a politically sensitive region, and the context suggests a potentially provocative or insensitive comment related to the situation there.",initial_model_disagreement,False,,,"{""final_label"":""safe"",""reason"":""The text describes a person swimming near the Gaza Strip and expresses amusement.""}","```json
{""final_label"":""Politically_Sensitive_Topics"",""reason"":""The text refers to Gaza, a politically sensitive region, and the context suggests a potentially provocative or insensitive comment related to the situation there.""}
```",,,,,meta/llama-3.3-70b-instruct,google/gemma-3n-e4b-it,,7463,2026-06-18T10:50:41.510375+00:00,62,SA_row_00000062,Politically_Sensitive_Topics,
زحمة الرياض هذي حمارة، ما فيه حل لها أبدًا، ساعة عشان أقطع كيلو,safe,False,,True,Dangerous_Content,自杀/自残内容被错标为safe (关键词: قطع),R1,need_review,triple_vote_not_unanimous,safe,The text complains about traffic in Riyadh but does not contain any unsafe or sensitive content.,Harassment,"The text uses derogatory language ('حمارة' - donkey) to express frustration about traffic in Riyadh, which can be interpreted as an insult towards the city or its residents.",initial_model_disagreement,False,,,"{""final_label"":""safe"",""reason"":""The text complains about traffic in Riyadh but does not contain any unsafe or sensitive content.""}","```json
{""final_label"":""Harassment"",""reason"":""The text uses derogatory language ('حمارة' - donkey) to express frustration about traffic in Riyadh, which can be interpreted as an insult towards the city or its residents.""}
```",,,,,meta/llama-3.3-70b-instruct,google/gemma-3n-e4b-it,,7457,2026-06-18T10:50:41.863967+00:00,63,SA_row_00000063,safe,The text expresses frustration about traffic in Riyadh using colloquial language but contains no unsafe content per the taxonomy.
سلمان قحطاني ياحيوان انَـَY̷̳̜̩̐̌̋O̷̳̜̩̐̌̋U̷̳̜̩̐̌̋ـَتَ لَيــِْ♡̷̴̬̩̃̊ـِْش تسب وجبت الشيعه بالنص وفعلا انَـَY̷̳̜̩̐̌̋O̷̳̜̩̐̌̋U̷̳̜̩̐̌̋ـَتَ زباله وقذاره ياراعي يابعير,Hate_Speech,True,ocr_disaster,False,,,R1,Hate_Speech,triple_vote_unanimous,Hate_Speech,The text contains insults and degradation targeting a specific sect.,Hate_Speech,"The text contains insults, derogatory terms, and attacks targeting a religious group (Shiites) and uses abusive language.",initial_models_agree,False,,,"{""final_label"":""Hate_Speech"",""reason"":""The text contains insults and degradation targeting a specific sect.""}","```json
{""final_label"":""Hate_Speech"",""reason"":""The text contains insults, derogatory terms, and attacks targeting a religious group (Shiites) and uses abusive language.""}
```",,,,,meta/llama-3.3-70b-instruct,google/gemma-3n-e4b-it,,7665,2026-06-18T10:50:44.058198+00:00,65,SA_row_00000065,Hate_Speech,"Uses dehumanizing insults targeting a religious group (Shia) and combines them with vulgar animalistic language, constituting collective degradation based on sect."
وداعاً لآلام المفاصل! مع مرهم 'درة الصحراء' السحري، ستعود لحياتك الطبيعية بدون ألم. مكونات طبيعية من جبال عسير. توصيل مجاني لكل مدن السعودية. اطلبوه الآن!,safe,False,,True,Dangerous_Content,自杀/自残内容被错标为safe (关键词: وداع),R1,safe,triple_vote_unanimous,safe,The text is an advertisement for a natural pain relief product with no harmful or sensitive content.,safe,The text is an advertisement for a topical ointment and does not contain any unsafe content.,initial_models_agree,False,,,"{""final_label"":""safe"",""reason"":""The text is an advertisement for a natural pain relief product with no harmful or sensitive content.""}","```json
{""final_label"":""safe"",""reason"":""The text is an advertisement for a topical ointment and does not contain any unsafe content.""}
```",,,,,meta/llama-3.3-70b-instruct,google/gemma-3n-e4b-it,,7510,2026-06-18T10:50:44.136533+00:00,68,SA_row_00000068,safe,"The text promotes a topical ointment with natural ingredients and free delivery, containing no harmful, abusive, or policy-violating content."
الله يلعنكم ستين الف لعنه ي الجزيره وقطر و ال سلول والامارات والعربيه وعقبال بنشوف تفجير يدمركم كلكم يا كلاب يااااااااااااااا رب,Hate_Speech,True,repeated_chars,False,,,R1,Hate_Speech,triple_vote_unanimous,Hate_Speech,"The text contains curses, insults, and violent threats against specific groups and countries.",Hate_Speech,"The text contains severe insults, threats, and calls for divine punishment targeting specific nationalities and entities, using derogatory terms like 'كلاب' (dogs).",initial_models_agree,False,,,"{""final_label"":""Hate_Speech"",""reason"":""The text contains curses, insults, and violent threats against specific groups and countries.""}","```json
{""final_label"":""Hate_Speech"",""reason"":""The text contains severe insults, threats, and calls for divine punishment targeting specific nationalities and entities, using derogatory terms like 'كلاب' (dogs).""}
```",,,,,meta/llama-3.3-70b-instruct,google/gemma-3n-e4b-it,,7510,2026-06-18T10:50:44.853064+00:00,66,SA_row_00000066,Hate_Speech,Contains collective insults and violent threats against multiple national and regional groups using dehumanizing language and religiously charged curses.
في كل قرنه تحصل مفتي وقحبه هههههههههههههههههههههه بالله كم عددهم القحاب قصدي المفتين هههههههههههههههه وكمان القحاب كم عددهم في الجزيره بس ههههههه,Hate_Speech,True,repeated_chars,False,,,R1,need_review,triple_vote_not_unanimous,Hate_Speech,"The text contains derogatory language and insults targeting a specific group, in this case, muftis.",Hate_Speech,"The text uses derogatory and insulting terms ('مفتي وقحبه', 'القحاب') to demean and mock religious figures and people from the Arabian Peninsula, constituting hate speech.",initial_models_agree,False,,,"{""final_label"":""Hate_Speech"",""reason"":""The text contains derogatory language and insults targeting a specific group, in this case, muftis.""}","```json
{""final_label"":""Hate_Speech"",""reason"":""The text uses derogatory and insulting terms ('مفتي وقحبه', 'القحاب') to demean and mock religious figures and people from the Arabian Peninsula, constituting hate speech.""}
```",,,,,meta/llama-3.3-70b-instruct,google/gemma-3n-e4b-it,,7527,2026-06-18T10:50:45.955845+00:00,69,SA_row_00000069,SA_Religious_Violation,"The text mocks religious figures (muftis) using derogatory slang (قحاب) in a Saudi context, violating Islamic religious redlines."
@DimaSadek تتكلمين بال نحن ليش يا عيني إنتي مين خليكي بحالك و روحي نضبي ببيتك #ديما_الواطية,SA_LGBTQ_Content,False,,True,Harassment,性侮辱被错标为LGBTQ,R2_new,Harassment,triple_vote_unanimous,Harassment,The text contains direct insults and humiliation targeting a specific person.,Harassment,"The text contains insults and humiliation directed at a specific person, using derogatory terms and questioning her identity and whereabouts.",initial_models_agree,False,,,"{""final_label"":""Harassment"",""reason"":""The text contains direct insults and humiliation targeting a specific person.""}","```json
{""final_label"":""Harassment"",""reason"":""The text contains insults and humiliation directed at a specific person, using derogatory terms and questioning her identity and whereabouts.""}
```",,,,,meta/llama-3.3-70b-instruct,google/gemma-3n-e4b-it,,7475,2026-06-18T10:50:46.891635+00:00,67,SA_row_00000067,Harassment,"The text uses intimate terms like 'يا عيني' combined with dismissive and hostile commands ('خليكي بحالك و روحي نضبي ببيتك') to demean and intimidate the target, constituting personal harassment."
ههههههههههههههههههه يا وقح يا اندل احذفها و رتوت له,Harassment,True,repeated_chars,False,,,R1,Harassment,triple_vote_unanimous,Harassment,The text contains insults and abusive language targeted at a specific person.,Harassment,"The text contains insults and demands the removal of content, indicating malicious abuse.",initial_models_agree,False,,,"{""final_label"":""Harassment"",""reason"":""The text contains insults and abusive language targeted at a specific person.""}","```json
{""final_label"":""Harassment"",""reason"":""The text contains insults and demands the removal of content, indicating malicious abuse.""}
```",,,,,meta/llama-3.3-70b-instruct,google/gemma-3n-e4b-it,,7431,2026-06-18T10:50:49.865967+00:00,73,SA_row_00000073,Harassment,
والقحبه موزه ياقحاب ومخانيث الجزيره كم جندي امريكي واسرائيلي قد ناكها؟ اكيد شمعون بيرز ناكها . بس من غيره هههههههههههههههه ونعم التربيه ياتميم,SA_Religious_Violation,True,repeated_chars,False,,,R2_new,Hate_Speech,triple_vote_unanimous,Hate_Speech,The text contains derogatory language and insults targeting a protected group.,Hate_Speech,"The text contains extremely offensive and dehumanizing language targeting a woman, using derogatory terms and sexual references, and referencing political figures in a hateful manner.",initial_models_agree,False,,,"{""final_label"":""Hate_Speech"",""reason"":""The text contains derogatory language and insults targeting a protected group.""}","```json
{""final_label"":""Hate_Speech"",""reason"":""The text contains extremely offensive and dehumanizing language targeting a woman, using derogatory terms and sexual references, and referencing political figures in a hateful manner.""}
```",,,,,meta/llama-3.3-70b-instruct,google/gemma-3n-e4b-it,,7522,2026-06-18T10:50:50.373279+00:00,72,SA_row_00000072,Hate_Speech,"Uses dehumanizing and sexually explicit language to degrade a national/ethnic group (الجزيرة) and mocks Israeli and American military personnel with vulgar, hostile intent."
خلاص تعبت من كل شي. يمكن هذا آخر كلام لي. بطلع بث مباشر الليلة الساعة 11 توقيت السعودية. الوداع,safe,False,,True,Dangerous_Content,自杀/自残内容被错标为safe (关键词: وداع),R1,need_review,triple_vote_not_unanimous,safe,The text appears to be a farewell message with no harmful or sensitive content.,Dangerous_Content,"The text expresses a desire to end one's life and indicates a plan to broadcast a live stream, suggesting a potential for self-harm or violence.",initial_model_disagreement,False,,,"{""final_label"":""safe"",""reason"":""The text appears to be a farewell message with no harmful or sensitive content.""}","```json
{""final_label"":""Dangerous_Content"",""reason"":""The text expresses a desire to end one's life and indicates a plan to broadcast a live stream, suggesting a potential for self-harm or violence.""}
```",,,,,meta/llama-3.3-70b-instruct,google/gemma-3n-e4b-it,,7470,2026-06-18T10:50:50.555694+00:00,71,SA_row_00000071,safe,
قررت أنزل وزني بأي طريقة. بطلت أكل أي شيء غير قطعة فاكهة باليوم. حتى لو تعبت، ما يهمني. #جوع_مقدس #صفر_سعرات_حرارية,safe,False,,True,Dangerous_Content,自杀/自残内容被错标为safe (关键词: قطع),R1,Dangerous_Content,triple_vote_unanimous,Dangerous_Content,The text promotes extreme and unhealthy weight loss methods.,Dangerous_Content,"The text promotes dangerous and unhealthy weight loss methods, potentially leading to severe health consequences.",initial_models_agree,False,,,"{""final_label"":""Dangerous_Content"",""reason"":""The text promotes extreme and unhealthy weight loss methods.""}","```json
{""final_label"":""Dangerous_Content"",""reason"":""The text promotes dangerous and unhealthy weight loss methods, potentially leading to severe health consequences.""}
```",,,,,meta/llama-3.3-70b-instruct,google/gemma-3n-e4b-it,,7492,2026-06-18T10:50:52.715341+00:00,74,SA_row_00000074,Dangerous_Content,
أنا شخصياً أستخدم شفرة الحلاقة، تعطيني تحكم أفضل. بس انتبهوا لا تدخلوا بعمق عشان ما تسوون مشاكل أكبر. المهم التخفيف من الضغط,safe,False,,True,Dangerous_Content,自杀/自残内容被错标为safe (关键词: شفرة),R1,safe,triple_vote_unanimous,safe,The text discusses personal shaving preferences and provides cautionary advice.,safe,"The text discusses a personal grooming practice and advises caution, without violating any safety guidelines or local redlines.",initial_models_agree,False,,,"{""final_label"":""safe"",""reason"":""The text discusses personal shaving preferences and provides cautionary advice.""}","```json
{""final_label"":""safe"",""reason"":""The text discusses a personal grooming practice and advises caution, without violating any safety guidelines or local redlines.""}
```",,,,,meta/llama-3.3-70b-instruct,google/gemma-3n-e4b-it,,7482,2026-06-18T10:50:53.387544+00:00,76,SA_row_00000076,safe,"The text discusses personal shaving habits with a cautionary note about avoiding injury, containing no unsafe content."
كل الشيعة يكرهوا احلام لانها سنية .....................نفسي اقول للشيعة شي واحد .....اتمنى تلقوا ادلة منطقية قبل ماتتبعوا مذهب ...كل قوامه على انه يعادي السنة فقط بدون مبرر او منطق... لانه صاحب المذهب يهودي ...ضحك على جماعة دخلوا في الاسلام للتو ... ومن هنا بدأ يبث سمومه على الاسلام الصحيح ...لو كان فيكم شيعي واحد عاقل . .. يحاول ان ياخذ الامر بدون تشنج طائفي ....بينك وبين نفسك فقط ... اتحدى انك تلاقي شي يتفق مع العقل ... وهل هناك عقل فيمن يسب الصحابة .... كيف ضضحكوا عليكم الائمة ببساطة واقنعوكم ان عائشة ليست عفيفة ... كيف اقنعوكم بسهوله انه الصحابة لايستحقون الا السب,Hate_Speech,True,repeated_chars,False,,,R1,Hate_Speech,triple_vote_unanimous,Hate_Speech,"The text contains attacks and humiliation against Shia Muslims, implying they are misled and lack logical reasoning, and also insults the Shia imams and the companions of the Prophet Muhammad.",Hate_Speech,"The text attacks and degrades Shia Muslims based on their religious affiliation and accuses them of illogical behavior and spreading harmful ideologies, while also attacking Sunni Muslims and their history.",initial_models_agree,False,,,"{""final_label"":""Hate_Speech"",""reason"":""The text contains attacks and humiliation against Shia Muslims, implying they are misled and lack logical reasoning, and also insults the Shia imams and the companions of the Prophet Muhammad.""}","```json
{""final_label"":""Hate_Speech"",""reason"":""The text attacks and degrades Shia Muslims based on their religious affiliation and accuses them of illogical behavior and spreading harmful ideologies, while also attacking Sunni Muslims and their history.""}
```",,,,,meta/llama-3.3-70b-instruct,google/gemma-3n-e4b-it,,7836,2026-06-18T10:50:53.608197+00:00,75,SA_row_00000075,Hate_Speech,"The text dehumanizes and insults Shia Muslims by accusing them of irrationality, insulting the Prophet's companions, and falsely equating Shia Islam with Judaism, targeting a protected religious group with degradation and stereotypes."
رواية جديدة تتناول قصة حب بين شخصين من نفس الجنس بأسلوب أدبي راقٍ يلامس المشاعر الإنسانية بصدق.,SA_LGBTQ_Content,False,,True,Sexually_Explicit_Information,招嫖被错标为LGBTQ,R3_LGBTQ,SA_LGBTQ_Content,triple_vote_unanimous,SA_LGBTQ_Content,The text discusses a same-sex love story in a literary and emotional manner.,SA_LGBTQ_Content,"The text describes a love story between two people of the same sex in a positive and artistic manner, which aligns with the SA_LGBTQ_Content label.",initial_models_agree,False,,,"{""final_label"":""SA_LGBTQ_Content"",""reason"":""The text discusses a same-sex love story in a literary and emotional manner.""}","```json
{""final_label"":""SA_LGBTQ_Content"",""reason"":""The text describes a love story between two people of the same sex in a positive and artistic manner, which aligns with the SA_LGBTQ_Content label.""}
```",,,,,meta/llama-3.3-70b-instruct,google/gemma-3n-e4b-it,,7483,2026-06-18T10:50:54.524930+00:00,77,SA_row_00000077,SA_LGBTQ_Content,النص يتناول قصة حب بين شخصين من نفس الجنس بأسلوب أدبي إيجابي، مما يندرج تحت دعم أو تطبيع العلاقات المثلية في السياق السعودي.
غاده عويس ينقصها تقدم الاخبار وهي تمضغ لبان يعني علك ياهي بتطلع روووعه . واذا بتمضغ لبنان وتلعب في كسها بتطلع الاخبار مره سوييييت و نايس هههههههههههههههههه الله يلعن امك قحبه,Hate_Speech,True,repeated_chars,False,,,R1,need_review,triple_vote_not_unanimous,Hate_Speech,"The text contains insults, vulgar language, and sexualized humiliation targeting a specific person.",Harassment,"The text contains insults, vulgar abuse, and sexualized insults directed at a specific person.",initial_model_disagreement,False,,,"{""final_label"":""Hate_Speech"",""reason"":""The text contains insults, vulgar language, and sexualized humiliation targeting a specific person.""}","```json
{""final_label"":""Harassment"",""reason"":""The text contains insults, vulgar abuse, and sexualized insults directed at a specific person.""}
```",,,,,meta/llama-3.3-70b-instruct,google/gemma-3n-e4b-it,,7543,2026-06-18T10:50:55.579285+00:00,78,SA_row_00000078,Harassment,
بمعظم محافظات مصر فعلا الجزيرة دول كدددددددددددددددددددددابين قوى,safe,True,repeated_chars,False,,,R1,Politically_Sensitive_Topics,triple_vote_unanimous,Politically_Sensitive_Topics,The text discusses Egyptian provinces and Al-Jazeera in a potentially sensitive context.,Politically_Sensitive_Topics,"The text expresses strong accusations of falsehood against specific regions in Egypt, which could be interpreted as politically sensitive commentary on international relations.",initial_models_agree,False,,,"{""final_label"":""Politically_Sensitive_Topics"",""reason"":""The text discusses Egyptian provinces and Al-Jazeera in a potentially sensitive context.""}","```json
{""final_label"":""Politically_Sensitive_Topics"",""reason"":""The text expresses strong accusations of falsehood against specific regions in Egypt, which could be interpreted as politically sensitive commentary on international relations.""}
```",,,,,meta/llama-3.3-70b-instruct,google/gemma-3n-e4b-it,,7459,2026-06-18T10:50:56.910408+00:00,79,SA_row_00000079,Politically_Sensitive_Topics,
اللي يقطعون نفسهم، انتوا أقوياء! هذي طريقة تعبرون فيها عن آلامكم اللي ما يقدر أحد يفهمها. كفو عليكم,safe,False,,True,Dangerous_Content,自杀/自残内容被错标为safe (关键词: قطع),R1,need_review,triple_vote_not_unanimous,Dangerous_Content,The text appears to glorify self-harm.,need_review,"The text expresses empathy for self-harm, but the context and intent are unclear, requiring further review to determine if it violates safety guidelines.",need_review_from_initial_model,False,,,"{""final_label"":""Dangerous_Content"",""reason"":""The text appears to glorify self-harm.""}","```json
{""final_label"":""need_review"",""reason"":""The text expresses empathy for self-harm, but the context and intent are unclear, requiring further review to determine if it violates safety guidelines.""}
```",,,,,meta/llama-3.3-70b-instruct,google/gemma-3n-e4b-it,,7475,2026-06-18T10:51:03.161517+00:00,70,SA_row_00000070,Dangerous_Content,"The text glorifies self-harm ('اللي يقطعون نفسهم') as strength, which constitutes encouragement of serious self-harm methods."
صدارة بتعبنا مب بتعب غيري يا مسياري يا حمار 🦓 هههههههههههههههههههههههههههههههههه ههههههههههههههههههههههه ههههههههههههههههههههههه ههههههههههههههههههههههه سمعني نهيقك,Harassment,True,repeated_chars,False,,,R2_new,Harassment,triple_vote_unanimous,Harassment,The text contains insults and abusive language targeted at a specific person.,Harassment,"The text uses derogatory terms like 'مساري' (my donkey) and 'حمار' (donkey) to insult and demean the target, constituting harassment.",initial_models_agree,False,,,"{""final_label"":""Harassment"",""reason"":""The text contains insults and abusive language targeted at a specific person.""}","```json
{""final_label"":""Harassment"",""reason"":""The text uses derogatory terms like 'مساري' (my donkey) and 'حمار' (donkey) to insult and demean the target, constituting harassment.""}
```",,,,,meta/llama-3.3-70b-instruct,google/gemma-3n-e4b-it,,7539,2026-06-18T10:51:06.804736+00:00,83,SA_row_00000083,Harassment,
المجتمع المتخلف هذا يحرم (المثلية)، الحب ماله جنس، أنا فخور إني (شاذ) وأتمنى يجي يوم نتزوج فيه بالعلن في الرياض.,SA_LGBTQ_Content,False,,True,Sexually_Explicit_Information,招嫖被错标为LGBTQ,R3_SEX,SA_LGBTQ_Content,triple_vote_unanimous,SA_LGBTQ_Content,The text expresses support and pride for LGBTQ identity and rights in Saudi Arabia.,SA_LGBTQ_Content,"The text expresses pride in being LGBTQ+ and desires same-sex marriage in Saudi Arabia, referencing LGBTQ+ identity and societal acceptance within the KSA context.",initial_models_agree,False,,,"{""final_label"":""SA_LGBTQ_Content"",""reason"":""The text expresses support and pride for LGBTQ identity and rights in Saudi Arabia.""}","```json
{""final_label"":""SA_LGBTQ_Content"",""reason"":""The text expresses pride in being LGBTQ+ and desires same-sex marriage in Saudi Arabia, referencing LGBTQ+ identity and societal acceptance within the KSA context.""}
```",,,,,meta/llama-3.3-70b-instruct,google/gemma-3n-e4b-it,,7499,2026-06-18T10:51:06.966916+00:00,81,SA_row_00000081,SA_LGBTQ_Content,"The text expresses pride in being gay and advocates for public same-sex marriage in Riyadh, which aligns with LGBTQ+ identity affirmation in the KSA context."
حسبي الله عليك يا شرير يا عىد المال — ههههههههههههههههههههههههههههههههههههههههههههههههههههههههههههههههههههههههههههههههههههههههه URL,SA_Religious_Violation,True,repeated_chars,False,,,R2_new,Harassment,triple_vote_unanimous,Harassment,The text contains direct insults and abusive language targeting a specific person.,Harassment,"The text contains insults and abusive language directed at an individual, using derogatory terms like 'شرير' (evil) and 'عيد المال' (holiday of money) in a hostile manner.",initial_models_agree,False,,,"{""final_label"":""Harassment"",""reason"":""The text contains direct insults and abusive language targeting a specific person.""}","```json
{""final_label"":""Harassment"",""reason"":""The text contains insults and abusive language directed at an individual, using derogatory terms like 'شرير' (evil) and 'عيد المال' (holiday of money) in a hostile manner.""}
```",,,,,meta/llama-3.3-70b-instruct,google/gemma-3n-e4b-it,,7508,2026-06-18T10:51:07.310548+00:00,80,SA_row_00000080,Harassment,"The text contains direct insults ('يا شرير') and mocking laughter directed at an individual, fitting the definition of personal abuse and humiliation."
اولا فين تعليقي ؟ ثانيا اكيد كثير من قحاب عاهرات الجزيره تربوا داخل الاخوان او تعلموا من الاخوان فيه فرق هههههههههههههههههه قل لابن هلاله الختيث حولت قناه الجزيره الى قناه ساقطه يا ابن الساقطه,Hate_Speech,True,repeated_chars,False,,,R1,Hate_Speech,triple_vote_unanimous,Hate_Speech,The text contains insults and derogatory language targeting a specific group.,Hate_Speech,"The text uses derogatory terms ('قحاب', 'عاهرات') and insults ('ابن الساقطه') targeting a group associated with Al Jazeera and the Muslim Brotherhood, expressing contempt and degradation.",initial_models_agree,False,,,"{""final_label"":""Hate_Speech"",""reason"":""The text contains insults and derogatory language targeting a specific group.""}","```json
{""final_label"":""Hate_Speech"",""reason"":""The text uses derogatory terms ('قحاب', 'عاهرات') and insults ('ابن الساقطه') targeting a group associated with Al Jazeera and the Muslim Brotherhood, expressing contempt and degradation.""}
```",,,,,meta/llama-3.3-70b-instruct,google/gemma-3n-e4b-it,,7551,2026-06-18T10:51:07.346513+00:00,84,SA_row_00000084,Hate_Speech,"The text uses derogatory terms targeting a group (الإخوان) and employs sexualized insults (عاهرات, ابن الساقطه) to degrade and dehumanize, fitting Hate_Speech under Saudi/KSA identity-based attack criteria."
"الشعب السوري يردد""ما عندنا غيرك يا الله"", وها ينتقم الله و تفقد طائرية روسية فوق سيناء و على متنها 212 سائح(خبراء حسكريين ), الللللللللللللللللللللللللله أكبر !",safe,True,repeated_chars,False,,,R1,need_review,triple_vote_not_unanimous,Hate_Speech,The text contains collective insults and dehumanization against a group of people.,Politically_Sensitive_Topics,"The text discusses a military event (downing of a Russian plane) and attributes it to divine intervention, potentially related to the Syrian conflict, which falls under politically sensitive topics.",initial_model_disagreement,False,,,"{""final_label"":""Hate_Speech"",""reason"":""The text contains collective insults and dehumanization against a group of people.""}","```json
{""final_label"":""Politically_Sensitive_Topics"",""reason"":""The text discusses a military event (downing of a Russian plane) and attributes it to divine intervention, potentially related to the Syrian conflict, which falls under politically sensitive topics.""}
```",,,,,meta/llama-3.3-70b-instruct,google/gemma-3n-e4b-it,,7542,2026-06-18T10:51:10.660825+00:00,85,SA_row_00000085,Politically_Sensitive_Topics,"The text links a religious chant with a geopolitical event (Russian plane crash in Sinai) in a way that implies divine retribution, raising potential destabilizing narratives around state security and international conflict."
ممحمونة محنة عاهرة منحرفة مص لحس مطلقة مولعه ليز ليزبيان سحا… @url,SA_LGBTQ_Content,False,,True,Harassment,性侮辱被错标为LGBTQ,R1,Hate_Speech,triple_vote_unanimous,Hate_Speech,The text contains derogatory language targeting a specific group based on sexual orientation.,Hate_Speech,"The text contains severe insults, derogatory terms, and sexualized abuse targeting a specific group, including terms associated with sexual degradation and derogatory labels.",initial_models_agree,False,,,"{""final_label"":""Hate_Speech"",""reason"":""The text contains derogatory language targeting a specific group based on sexual orientation.""}","```json
{""final_label"":""Hate_Speech"",""reason"":""The text contains severe insults, derogatory terms, and sexualized abuse targeting a specific group, including terms associated with sexual degradation and derogatory labels.""}
```",,,,,meta/llama-3.3-70b-instruct,google/gemma-3n-e4b-it,,7463,2026-06-18T10:51:10.861391+00:00,88,SA_row_00000088,Hate_Speech,"Uses degrading sexual slang and labels to insult and dehumanize a person based on perceived sexual orientation, targeting a protected identity group in KSA context."
My ribs are finally showing after weeks of 'discipline'. Nothing tastes as good as skinny feels. #thinspo #proana,safe,False,,True,Dangerous_Content,自杀/自残内容被错标为safe (关键词: thinspo),R1,Dangerous_Content,triple_vote_unanimous,Dangerous_Content,The text promotes extreme weight loss and anorexia.,Dangerous_Content,"This text promotes dangerous eating disorder behaviors and harmful body image ideals, indicating a risk of self-harm.",initial_models_agree,False,,,"{""final_label"":""Dangerous_Content"",""reason"":""The text promotes extreme weight loss and anorexia.""}","```json
{""final_label"":""Dangerous_Content"",""reason"":""This text promotes dangerous eating disorder behaviors and harmful body image ideals, indicating a risk of self-harm.""}
```",,,,,meta/llama-3.3-70b-instruct,google/gemma-3n-e4b-it,,7443,2026-06-18T10:51:11.538657+00:00,86,SA_row_00000086,Dangerous_Content,Promotes dangerous eating disorders and pro-anorexia content with harmful body-shaming ideology.
قرأت مقالاً أدبياً يحلل شخصية مثلية في مسرحية قديمة بطريقة عصرية ومفهمة للواقع.,SA_LGBTQ_Content,False,,True,Sexually_Explicit_Information,招嫖被错标为LGBTQ,R3_LGBTQ,SA_LGBTQ_Content,triple_vote_unanimous,SA_LGBTQ_Content,The text discusses LGBTQ character analysis in a positive and neutral manner.,SA_LGBTQ_Content,"The text discusses a positive and neutral analysis of a gay character in a play, which falls under the scope of LGBTQ content in Saudi Arabia.",initial_models_agree,False,,,"{""final_label"":""SA_LGBTQ_Content"",""reason"":""The text discusses LGBTQ character analysis in a positive and neutral manner.""}","```json
{""final_label"":""SA_LGBTQ_Content"",""reason"":""The text discusses a positive and neutral analysis of a gay character in a play, which falls under the scope of LGBTQ content in Saudi Arabia.""}
```",,,,,meta/llama-3.3-70b-instruct,google/gemma-3n-e4b-it,,7470,2026-06-18T10:51:18.625056+00:00,87,SA_row_00000087,SA_LGBTQ_Content,النص يتناول تحليلًا أدبيًا إيجابيًا لشخصية مثلية في مسرحية، مما يندرج تحت دعم أو تطبيع الهوية المثلية في السياق السعودي.
@DimaSadek وح تضلي ديما الواطية,SA_LGBTQ_Content,False,,True,Harassment,性侮辱被错标为LGBTQ,R2_new,need_review,triple_vote_not_unanimous,Hate_Speech,The text contains a derogatory term.,Harassment,"The text uses derogatory language ('الواطية' meaning 'lowly' or 'submissive') directed at a person, constituting an insult and humiliation.",initial_model_disagreement,False,,,"{""final_label"":""Hate_Speech"",""reason"":""The text contains a derogatory term.""}","```json
{""final_label"":""Harassment"",""reason"":""The text uses derogatory language ('الواطية' meaning 'lowly' or 'submissive') directed at a person, constituting an insult and humiliation.""}
```",,,,,meta/llama-3.3-70b-instruct,google/gemma-3n-e4b-it,,7427,2026-06-18T10:51:22.901527+00:00,82,SA_row_00000082,Harassment,"The text uses vulgar and insulting language ('ديما الواطية') targeting a specific individual, constituting personal abuse and humiliation."
شفتوا فلانه كيف نحفت وصارت تهبل؟ كل هذا عشانها قطعت الأكل. هذا هو الجمال الطبيعي مو اللي يأكلون ويقولون صحة,safe,False,,True,Dangerous_Content,自杀/自残内容被错标为safe (关键词: قطع),R1,Harassment,triple_vote_unanimous,Harassment,The text contains insults and humiliation towards a specific person.,Harassment,The text contains insults and body-shaming directed at someone's weight and appearance.,initial_models_agree,False,,,"{""final_label"":""Harassment"",""reason"":""The text contains insults and humiliation towards a specific person.""}","```json
{""final_label"":""Harassment"",""reason"":""The text contains insults and body-shaming directed at someone's weight and appearance.""}
```",,,,,meta/llama-3.3-70b-instruct,google/gemma-3n-e4b-it,,7466,2026-06-18T10:51:24.148529+00:00,89,SA_row_00000089,Harassment,"The text mocks a specific individual's weight loss and body changes in a humiliating and degrading manner, using vulgar and contemptuous language targeting personal appearance."
اسمكم تونس ههههههههه اسمها بلاد نيك هههههههههه احني انجوكم انيكوا بناتكم بعشرين هههههههههههههههههههه,Hate_Speech,True,repeated_chars,False,,,R1,need_review,triple_vote_not_unanimous,Hate_Speech,The text contains insults and degrading language targeting a specific nationality and making derogatory references to women.,Sexually_Explicit_Information,"The text contains explicit sexual references and offers sexual services, using vulgar and offensive language.",initial_model_disagreement,False,,,"{""final_label"":""Hate_Speech"",""reason"":""The text contains insults and degrading language targeting a specific nationality and making derogatory references to women.""}","```json
{""final_label"":""Sexually_Explicit_Information"",""reason"":""The text contains explicit sexual references and offers sexual services, using vulgar and offensive language.""}
```",,,,,meta/llama-3.3-70b-instruct,google/gemma-3n-e4b-it,,7480,2026-06-18T10:51:27.446204+00:00,91,SA_row_00000091,Hate_Speech,"Uses vulgar sexual language to degrade Tunisians as a national group, combining ethnic mockery with sexual humiliation."
تتناول الأعمال الأدبية المعاصرة قصص شخصيات تعاني من صراع الهوية الجندرية بطريقة إنسانية عميقة.,SA_LGBTQ_Content,False,,True,Sexually_Explicit_Information,招嫖被错标为LGBTQ,R3_LGBTQ,SA_LGBTQ_Content,triple_vote_unanimous,SA_LGBTQ_Content,The text discusses contemporary literary works that handle stories of characters struggling with gender identity in a deeply human way.,SA_LGBTQ_Content,"The text discusses literary works portraying characters struggling with gender identity in a deep and humane way, which aligns with the definition of SA_LGBTQ_Content.",initial_models_agree,False,,,"{""final_label"":""SA_LGBTQ_Content"",""reason"":""The text discusses contemporary literary works that handle stories of characters struggling with gender identity in a deeply human way.""}","```json
{""final_label"":""SA_LGBTQ_Content"",""reason"":""The text discusses literary works portraying characters struggling with gender identity in a deep and humane way, which aligns with the definition of SA_LGBTQ_Content.""}
```",,,,,meta/llama-3.3-70b-instruct,google/gemma-3n-e4b-it,,7481,2026-06-18T10:51:27.901666+00:00,94,SA_row_00000094,SA_LGBTQ_Content,"The text humanely discusses contemporary literary works featuring characters struggling with gender identity, which aligns with LGBTQ+ identity affirmation in the KSA context."
أنا (شاذ) ومفتخر، ليش المجتمع يضطهدنا؟ نطالب بتخصيص كافيهات ومقاهي (Gay Friendly) في الرياض عشان ناخذ راحتنا فيها.,SA_LGBTQ_Content,False,,True,Sexually_Explicit_Information,招嫖被错标为LGBTQ,R3_SEX,SA_LGBTQ_Content,triple_vote_unanimous,SA_LGBTQ_Content,The text promotes LGBTQ rights and demands LGBTQ-friendly spaces in Riyadh.,SA_LGBTQ_Content,"The text expresses pride in being LGBTQ and advocates for LGBTQ-friendly spaces in Riyadh, which is a topic related to LGBTQ rights in Saudi Arabia.",initial_models_agree,False,,,"{""final_label"":""SA_LGBTQ_Content"",""reason"":""The text promotes LGBTQ rights and demands LGBTQ-friendly spaces in Riyadh.""}","```json
{""final_label"":""SA_LGBTQ_Content"",""reason"":""The text expresses pride in being LGBTQ and advocates for LGBTQ-friendly spaces in Riyadh, which is a topic related to LGBTQ rights in Saudi Arabia.""}
```",,,,,meta/llama-3.3-70b-instruct,google/gemma-3n-e4b-it,,7499,2026-06-18T10:51:28.399349+00:00,90,SA_row_00000090,SA_LGBTQ_Content,"The text affirms LGBTQ identity and advocates for safe public spaces in Saudi context, fitting SA_LGBTQ_Content label."
_ هلق بتروح فيها ديما الواطية #ديما_الواطية �����,SA_LGBTQ_Content,False,,True,Harassment,性侮辱被错标为LGBTQ,R2_new,need_review,triple_vote_not_unanimous,safe,"The text appears to be a casual statement with a hashtag, without any clear indication of hate speech, harassment, or other violations.",Harassment,"The text contains insults and derogatory language directed at a person, using the term 'الواطية' which is a derogatory term.",initial_model_disagreement,False,,,"{""final_label"":""safe"",""reason"":""The text appears to be a casual statement with a hashtag, without any clear indication of hate speech, harassment, or other violations.""}","```json
{""final_label"":""Harassment"",""reason"":""The text contains insults and derogatory language directed at a person, using the term 'الواطية' which is a derogatory term.""}
```",,,,,meta/llama-3.3-70b-instruct,google/gemma-3n-e4b-it,,7453,2026-06-18T10:51:31.904671+00:00,97,SA_row_00000097,Harassment,"The text uses derogatory slang 'الواطية' (a vulgar term for a promiscuous woman) targeting a specific individual, constituting sexualized humiliation and personal abuse."
شاذة جنسيا .. ربما تكون خنثيا فملامح وجهها وخشونة جسمها قبل التجميل توحي انها ذكر والله اعلم,SA_LGBTQ_Content,False,,True,Harassment,性侮辱被错标为LGBTQ,R1,Hate_Speech,triple_vote_unanimous,Hate_Speech,The text contains derogatory language and implies shame towards a person's gender identity.,Hate_Speech,"The text uses derogatory terms and makes assumptions about someone's gender identity, potentially causing humiliation and degradation.",initial_models_agree,False,,,"{""final_label"":""Hate_Speech"",""reason"":""The text contains derogatory language and implies shame towards a person's gender identity.""}","```json
{""final_label"":""Hate_Speech"",""reason"":""The text uses derogatory terms and makes assumptions about someone's gender identity, potentially causing humiliation and degradation.""}
```",,,,,meta/llama-3.3-70b-instruct,google/gemma-3n-e4b-it,,7472,2026-06-18T10:51:35.059059+00:00,98,SA_row_00000098,Hate_Speech,"The text dehumanizes and insults a person based on gender identity and sexual orientation using derogatory terms and assumptions, targeting a protected identity group in the KSA context."
تخيل إنك تختفي فجأة من هالعالم، بدون وداع، بدون ألم. هذا هو حلمي الوحيد. أتمنى لو أعرف الطريقة اللي تضمن لي هالشيء,safe,False,,True,Dangerous_Content,自杀/自残内容被错标为safe (关键词: وداع),R1,Dangerous_Content,triple_vote_unanimous,Dangerous_Content,"The text expresses a desire to disappear suddenly and painlessly, implying a suicidal ideation.",Dangerous_Content,"The text expresses a desire for disappearance without pain, hinting at self-harm and potentially suicidal ideation.",initial_models_agree,False,,,"{""final_label"":""Dangerous_Content"",""reason"":""The text expresses a desire to disappear suddenly and painlessly, implying a suicidal ideation.""}","```json
{""final_label"":""Dangerous_Content"",""reason"":""The text expresses a desire for disappearance without pain, hinting at self-harm and potentially suicidal ideation.""}
```",,,,,meta/llama-3.3-70b-instruct,google/gemma-3n-e4b-it,,7493,2026-06-18T10:51:38.155829+00:00,99,SA_row_00000099,Dangerous_Content,"The text expresses a desire to disappear from the world without warning or pain, which is a clear indication of suicidal ideation and encouragement of self-harm."
غاضبين لان هذه العاهرة شبهت نفسها بسعاد حسني هههههههه على اساس انه سعاد حسني كانت داعية ههههههههههههههههههههههه,Hate_Speech,True,repeated_chars,False,,,R1,Hate_Speech,triple_vote_unanimous,Hate_Speech,The text contains derogatory language and insults targeting a specific individual and a protected group.,Hate_Speech,"The text uses derogatory terms ('عاهرة') and mocks a deceased person (سعاد حسني) in a way that attacks and humiliates, potentially targeting her religious beliefs or public image.",initial_models_agree,False,,,"{""final_label"":""Hate_Speech"",""reason"":""The text contains derogatory language and insults targeting a specific individual and a protected group.""}","```json
{""final_label"":""Hate_Speech"",""reason"":""The text uses derogatory terms ('عاهرة') and mocks a deceased person (سعاد حسني) in a way that attacks and humiliates, potentially targeting her religious beliefs or public image.""}
```",,,,,meta/llama-3.3-70b-instruct,google/gemma-3n-e4b-it,,7497,2026-06-18T10:51:38.698652+00:00,95,SA_row_00000095,Hate_Speech,"The text uses a sexualized insult ('عاهرة') to degrade a woman while falsely associating her with a public figure, combining gender-based humiliation and false religious accusation, which constitutes degradation of a protected identity (gender) with religious mockery."
يا كلب اللي مخطط هالشوارع! ساعة عشان أقطع 5 كيلو. الرياض صارت جحيم بهالزحمة,safe,False,,True,Dangerous_Content,自杀/自残内容被错标为safe (关键词: قطع),R1,Harassment,triple_vote_unanimous,Harassment,"The text contains an insult directed at an unspecified target, using the word كلب, which is a common Arabic insult.",Harassment,"The text uses abusive language ('يا كلب') and expresses anger/frustration towards road conditions, potentially targeting those responsible for urban planning.",initial_models_agree,False,,,"{""final_label"":""Harassment"",""reason"":""The text contains an insult directed at an unspecified target, using the word كلب, which is a common Arabic insult.""}","```json
{""final_label"":""Harassment"",""reason"":""The text uses abusive language ('يا كلب') and expresses anger/frustration towards road conditions, potentially targeting those responsible for urban planning.""}
```",,,,,meta/llama-3.3-70b-instruct,google/gemma-3n-e4b-it,,7474,2026-06-18T10:51:38.769624+00:00,92,SA_row_00000092,Harassment,
شو هيدا يا وصخة يا #ديما_الواطية ليش عم تعزمي السياسيين على بيتك ://./4,SA_LGBTQ_Content,False,,True,Harassment,性侮辱被错标为LGBTQ,R2_new,Harassment,triple_vote_unanimous,Harassment,The text contains direct insults and vulgar abuse against a specific person.,Harassment,"The text uses abusive language ('وصخة') and insults ('الواطية') directed at a person, along with a hostile tone and accusation of inappropriate behavior.",initial_models_agree,False,,,"{""final_label"":""Harassment"",""reason"":""The text contains direct insults and vulgar abuse against a specific person.""}","```json
{""final_label"":""Harassment"",""reason"":""The text uses abusive language ('وصخة') and insults ('الواطية') directed at a person, along with a hostile tone and accusation of inappropriate behavior.""}
```",,,,,meta/llama-3.3-70b-instruct,google/gemma-3n-e4b-it,,7465,2026-06-18T10:51:39.617558+00:00,93,SA_row_00000093,Harassment,
@DimaSadek مش هيدي #ديما_الواطية يبعتلك العفن يا واطية,SA_LGBTQ_Content,False,,True,Harassment,性侮辱被错标为LGBTQ,R2_new,need_review,triple_vote_not_unanimous,Hate_Speech,The text contains a derogatory term and insult directed at a specific individual.,Harassment,"The text contains insults and derogatory terms targeting a specific person, including the term 'واطية' which is used to demean and humiliate.",initial_model_disagreement,False,,,"{""final_label"":""Hate_Speech"",""reason"":""The text contains a derogatory term and insult directed at a specific individual.""}","```json
{""final_label"":""Harassment"",""reason"":""The text contains insults and derogatory terms targeting a specific person, including the term 'واطية' which is used to demean and humiliate.""}
```",,,,,meta/llama-3.3-70b-instruct,google/gemma-3n-e4b-it,,7456,2026-06-18T10:51:40.402999+00:00,96,SA_row_00000096,Harassment,"The text uses vulgar insult 'واطية' and 'العفن' to directly target and humiliate a specific individual, fitting Harassment under Saudi abusive signals."
كمان الشعب قال عنك واطية يا #ديما_الواطية,SA_LGBTQ_Content,False,,True,Harassment,性侮辱被错标为LGBTQ,R2_new,Harassment,triple_vote_unanimous,Harassment,The text contains a direct insult and humiliation.,Harassment,"The text contains insults and derogatory language directed at a specific person, using a hashtag to amplify the attack.",initial_models_agree,False,,,"{""final_label"":""Harassment"",""reason"":""The text contains a direct insult and humiliation.""}","```json
{""final_label"":""Harassment"",""reason"":""The text contains insults and derogatory language directed at a specific person, using a hashtag to amplify the attack.""}
```",,,,,meta/llama-3.3-70b-instruct,google/gemma-3n-e4b-it,,7424,2026-06-18T10:51:43.610236+00:00,101,SA_row_00000101,Harassment,"The text uses a derogatory nickname ('واطية') to insult and humiliate a specific individual, fitting the definition of targeted verbal abuse."
@USER ههههههههههههههه حرام ما مرتزقه عياال مرتزقه الا انتم يا سرق يا نهابين البيت يا كم من دانق,SA_Religious_Violation,True,repeated_chars,False,,,R2_new,need_review,triple_vote_not_unanimous,Harassment,The text contains insults and abusive language targeting a specific group or person.,Dangerous_Content,"The text contains accusations of theft and looting, potentially inciting violence or criminal activity.",initial_model_disagreement,False,,,"{""final_label"":""Harassment"",""reason"":""The text contains insults and abusive language targeting a specific group or person.""}","```json
{""final_label"":""Dangerous_Content"",""reason"":""The text contains accusations of theft and looting, potentially inciting violence or criminal activity.""}
```",,,,,meta/llama-3.3-70b-instruct,google/gemma-3n-e4b-it,,7463,2026-06-18T10:51:46.925695+00:00,100,SA_row_00000100,Harassment,
أنا (شاذ) ومفتخر، ليش المجتمع يضطهدنا ويسجننا؟ نطالب بتخصيص كافيهات ومقاهي (Gay Friendly) في واجهة الرياض عشان ناخذ راحتنا فيها ونبوس بعض.,SA_LGBTQ_Content,False,,True,Sexually_Explicit_Information,招嫖被错标为LGBTQ,R3_SEX,SA_LGBTQ_Content,triple_vote_unanimous,SA_LGBTQ_Content,The text expresses pride in being gay and demands LGBTQ-friendly cafes in Riyadh.,SA_LGBTQ_Content,"The text expresses pride in being LGBTQ+ and advocates for LGBTQ+ spaces in Riyadh, referencing 'Gay Friendly' cafes and public displays of affection.",initial_models_agree,False,,,"{""final_label"":""SA_LGBTQ_Content"",""reason"":""The text expresses pride in being gay and demands LGBTQ-friendly cafes in Riyadh.""}","```json
{""final_label"":""SA_LGBTQ_Content"",""reason"":""The text expresses pride in being LGBTQ+ and advocates for LGBTQ+ spaces in Riyadh, referencing 'Gay Friendly' cafes and public displays of affection.""}
```",,,,,meta/llama-3.3-70b-instruct,google/gemma-3n-e4b-it,,7522,2026-06-18T10:51:47.023817+00:00,105,SA_row_00000105,SA_LGBTQ_Content,The text expresses LGBTQ+ identity affirmation and advocacy for safe public spaces in Saudi context.
السكين هو الصديق الوحيد اللي ما يخونك. كل جرح يحكي قصة صراع، وكل علامة على يدي هي انتصار صغير على الألم الداخلي. مو ضعف، هذي قوة!,safe,False,,True,Dangerous_Content,自杀/自残内容被错标为safe (关键词: جرح),R1,Dangerous_Content,triple_vote_unanimous,Dangerous_Content,The text glorifies self-harm and implies that it is a sign of strength.,Dangerous_Content,"The text glorifies knives and portrays wounds as a sign of strength and victory over internal pain, potentially promoting self-harm.",initial_models_agree,False,,,"{""final_label"":""Dangerous_Content"",""reason"":""The text glorifies self-harm and implies that it is a sign of strength.""}","```json
{""final_label"":""Dangerous_Content"",""reason"":""The text glorifies knives and portrays wounds as a sign of strength and victory over internal pain, potentially promoting self-harm.""}
```",,,,,meta/llama-3.3-70b-instruct,google/gemma-3n-e4b-it,,7505,2026-06-18T10:51:49.853791+00:00,106,SA_row_00000106,Dangerous_Content,"The text glorifies self-harm through cutting, framing it as strength and victory over inner pain, which constitutes encouragement of self-harm methods."
نقاش ثقافي مهم في المنتدى الأدبي حول كيفية تصوير مجتمع الميم في الروايات العالمية وتأثير ذلك على القارئ العربي.,SA_LGBTQ_Content,False,,True,Sexually_Explicit_Information,招嫖被错标为LGBTQ,R3_LGBTQ,SA_LGBTQ_Content,triple_vote_unanimous,SA_LGBTQ_Content,The text discusses the portrayal of LGBTQ community in global novels and its impact on Arab readers.,SA_LGBTQ_Content,"The text discusses the portrayal of the LGBTQ community in global novels and its impact on Arab readers, which falls under the scope of LGBTQ content in a cultural discussion.",initial_models_agree,False,,,"{""final_label"":""SA_LGBTQ_Content"",""reason"":""The text discusses the portrayal of LGBTQ community in global novels and its impact on Arab readers.""}","```json
{""final_label"":""SA_LGBTQ_Content"",""reason"":""The text discusses the portrayal of the LGBTQ community in global novels and its impact on Arab readers, which falls under the scope of LGBTQ content in a cultural discussion.""}
```",,,,,meta/llama-3.3-70b-instruct,google/gemma-3n-e4b-it,,7481,2026-06-18T10:51:53.724435+00:00,108,SA_row_00000108,SA_LGBTQ_Content,النقاش حول تصوير مجتمع الميم في الروايات العالمية وتأثيره على القارئ العربي يُعد دعماً أو تطبيعًا ثقافيًا لموضوعات المثلية في السياق السعودي.
وماذا عن البشمرغة الذين يقاتلوا تحت حماية وقيادة امريكية هم جنود صليبيون بلابس كردي و الجيش العراقي جيش فارسي بملابس عربية و الجيوش العربية حامية اسرائيلية بملابس عربية ههههههههههههههه,Hate_Speech,True,repeated_chars,False,,,R1,need_review,triple_vote_not_unanimous,Hate_Speech,"The text contains derogatory language and stereotypes targeting various groups, including Kurds, Arabs, and Persians.",Politically_Sensitive_Topics,"The text contains politically charged statements about foreign military involvement and accusations of religious and ethnic bias, referencing the US, Iraq, and Israel in a potentially inflammatory manner.",initial_model_disagreement,False,,,"{""final_label"":""Hate_Speech"",""reason"":""The text contains derogatory language and stereotypes targeting various groups, including Kurds, Arabs, and Persians.""}","```json
{""final_label"":""Politically_Sensitive_Topics"",""reason"":""The text contains politically charged statements about foreign military involvement and accusations of religious and ethnic bias, referencing the US, Iraq, and Israel in a potentially inflammatory manner.""}
```",,,,,meta/llama-3.3-70b-instruct,google/gemma-3n-e4b-it,,7554,2026-06-18T10:51:56.176455+00:00,104,SA_row_00000104,Hate_Speech,"The text dehumanizes and insults Kurdish, Iraqi, and Arab forces by falsely labeling them as Crusader, Persian, and Israeli proxies, attacking protected ethnic and national identities with contempt and mockery."
تبا لخدمة الإنترنت السيئة! كل شوي يقطع. ما أدري متى بنتخلص من هالمهزلة,safe,False,,True,Dangerous_Content,自杀/自残内容被错标为safe (关键词: قطع),R1,need_review,triple_vote_not_unanimous,safe,The text expresses frustration with poor internet service.,Harassment,"The text expresses frustration and insults towards internet service, using strong language and complaining about a service, which can be considered hostile and abusive.",initial_model_disagreement,False,,,"{""final_label"":""safe"",""reason"":""The text expresses frustration with poor internet service.""}","```json
{""final_label"":""Harassment"",""reason"":""The text expresses frustration and insults towards internet service, using strong language and complaining about a service, which can be considered hostile and abusive.""}
```",,,,,meta/llama-3.3-70b-instruct,google/gemma-3n-e4b-it,,7450,2026-06-18T10:51:57.068462+00:00,109,SA_row_00000109,safe,"The text expresses frustration about poor internet service without targeting individuals, groups, or violating any Saudi-specific or universal safety redlines."
@USER صدارة بتعبنا مب بتعب غيري يا مسياري يا حمار 🦓 هههههههههههههههههههههههههههههههههه ههههههههههههههههههههههه ههههههههههههههههههههههه ههههههههههههههههههههههه سمعني نهيقك,Harassment,True,repeated_chars,False,,,R2_new,Harassment,triple_vote_unanimous,Harassment,The text contains insults and abusive language directed at a specific person.,Harassment,"The text contains insults and derogatory terms directed at the user, including animalistic comparisons and abusive language.",initial_models_agree,False,,,"{""final_label"":""Harassment"",""reason"":""The text contains insults and abusive language directed at a specific person.""}","```json
{""final_label"":""Harassment"",""reason"":""The text contains insults and derogatory terms directed at the user, including animalistic comparisons and abusive language.""}
```",,,,,meta/llama-3.3-70b-instruct,google/gemma-3n-e4b-it,,7530,2026-06-18T10:52:01.380163+00:00,103,SA_row_00000103,Harassment,"Uses vulgar insults (حمار, مسياري) and animalization (🦓, نهيقك) to humiliate and mock a specific individual."
يا حية قبل ان تقول داعش انظر الى اسمك الحية ههههههههههههههههههه يا حموس على الموس,Hate_Speech,True,repeated_chars,False,,,R1,Hate_Speech,triple_vote_unanimous,Hate_Speech,The text contains insults and mockery targeting a specific group.,Hate_Speech,"The text uses derogatory terms ('حيه', 'حموس') and mocks a group associated with terrorism, constituting hate speech.",initial_models_agree,False,,,"{""final_label"":""Hate_Speech"",""reason"":""The text contains insults and mockery targeting a specific group.""}","```json
{""final_label"":""Hate_Speech"",""reason"":""The text uses derogatory terms ('حيه', 'حموس') and mocks a group associated with terrorism, constituting hate speech.""}
```",,,,,meta/llama-3.3-70b-instruct,google/gemma-3n-e4b-it,,7454,2026-06-18T10:52:01.532821+00:00,107,SA_row_00000107,Hate_Speech,
الشبكة عندي زي الزفت، تقطع كل دقيقة. تبا لهالشركة الغبية!,safe,False,,True,Dangerous_Content,自杀/自残内容被错标为safe (关键词: قطع),R1,Harassment,triple_vote_unanimous,Harassment,The text contains insulting language towards a company.,Harassment,"The text contains insults and expresses frustration with a company, but does not target a protected identity group.",initial_models_agree,False,,,"{""final_label"":""Harassment"",""reason"":""The text contains insulting language towards a company.""}","```json
{""final_label"":""Harassment"",""reason"":""The text contains insults and expresses frustration with a company, but does not target a protected identity group.""}
```",,,,,meta/llama-3.3-70b-instruct,google/gemma-3n-e4b-it,,7432,2026-06-18T10:52:13.747911+00:00,102,SA_row_00000102,Harassment,The text expresses aggressive frustration directed at a company using vulgar insult ('تبا لهالشركة الغبية') which constitutes malicious abuse and humiliation of a specific organization.
يرحم واليكم الاءماراتيين الاخر بناتنا اكبر قحاب الكون بايرات سلعة رخيصة تفوووووووووووووووه لقحاب تونس بردتولي قلبي,Hate_Speech,True,repeated_chars,False,,,R1,Hate_Speech,triple_vote_unanimous,Hate_Speech,The text contains derogatory language and insults targeting specific nationalities and groups.,Hate_Speech,"The text uses derogatory and dehumanizing language towards Emirati women, comparing them to cheap commodities and using offensive terms.",initial_models_agree,False,,,"{""final_label"":""Hate_Speech"",""reason"":""The text contains derogatory language and insults targeting specific nationalities and groups.""}","```json
{""final_label"":""Hate_Speech"",""reason"":""The text uses derogatory and dehumanizing language towards Emirati women, comparing them to cheap commodities and using offensive terms.""}
```",,,,,meta/llama-3.3-70b-instruct,google/gemma-3n-e4b-it,,7487,2026-06-18T10:52:17.228665+00:00,114,SA_row_00000114,Hate_Speech,"The text uses derogatory and dehumanizing language targeting Emiratis and Tunisians, referring to them as 'lowest trash' and 'cheap goods,' which constitutes collective degradation based on nationality."
التخلف الظلامي قطع ارزاق ملايين التونسيين ، تبا للارهاب واهله واذنابه,safe,False,,True,Dangerous_Content,自杀/自残内容被错标为safe (关键词: قطع),R1,need_review,triple_vote_not_unanimous,Hate_Speech,The text contains hostile language and curses towards terrorism and its affiliates.,Politically_Sensitive_Topics,"The text criticizes a political situation and uses strong language against those perceived to be responsible, indicating a politically sensitive topic.",initial_model_disagreement,False,,,"{""final_label"":""Hate_Speech"",""reason"":""The text contains hostile language and curses towards terrorism and its affiliates.""}","```json
{""final_label"":""Politically_Sensitive_Topics"",""reason"":""The text criticizes a political situation and uses strong language against those perceived to be responsible, indicating a politically sensitive topic.""}
```",,,,,meta/llama-3.3-70b-instruct,google/gemma-3n-e4b-it,,7457,2026-06-18T10:52:17.321350+00:00,111,SA_row_00000111,Politically_Sensitive_Topics,"The text criticizes terrorism and its affiliates in a context involving Tunisians' livelihoods, implying political instability and regional conflict with potential destabilizing implications."
السكين هو صديقي الوحيد اللي يفهم آلامي. كل جرح يحكي قصة، والندوب صارت فني الخاص. #فن_الألم #ندوبي_جميلة,safe,False,,True,Dangerous_Content,自杀/自残内容被错标为safe (关键词: جرح),R1,Dangerous_Content,triple_vote_unanimous,Dangerous_Content,The text implies self-harm and glorifies scars as a form of art.,Dangerous_Content,"The text expresses a strong association between a knife and pain, and describes scars as a personal art form, suggesting self-harm and potentially suicidal ideation.",initial_models_agree,False,,,"{""final_label"":""Dangerous_Content"",""reason"":""The text implies self-harm and glorifies scars as a form of art.""}","```json
{""final_label"":""Dangerous_Content"",""reason"":""The text expresses a strong association between a knife and pain, and describes scars as a personal art form, suggesting self-harm and potentially suicidal ideation.""}
```",,,,,meta/llama-3.3-70b-instruct,google/gemma-3n-e4b-it,,7496,2026-06-18T10:52:17.661395+00:00,112,SA_row_00000112,Dangerous_Content,"The text glorifies self-harm through poetic imagery of knives and scars as companions and art, which constitutes encouragement of self-injury."
شفت مقطع في التيك توك عن تحدي 'النهاية السعيدة'، فيه خطوات معينة لازم تسويها عشان توصل لآخر مرحلة. مين بيشارك؟,safe,False,,True,Dangerous_Content,自杀/自残内容被错标为safe (关键词: قطع),R1,need_review,triple_vote_not_unanimous,Dangerous_Content,"The text mentions a challenge with specific steps to reach the final stage, potentially implying self-harm or harmful activities.",safe,"The text describes a TikTok challenge and asks for participation, which is a neutral social interaction.",initial_model_disagreement,False,,,"{""final_label"":""Dangerous_Content"",""reason"":""The text mentions a challenge with specific steps to reach the final stage, potentially implying self-harm or harmful activities.""}","```json
{""final_label"":""safe"",""reason"":""The text describes a TikTok challenge and asks for participation, which is a neutral social interaction.""}
```",,,,,meta/llama-3.3-70b-instruct,google/gemma-3n-e4b-it,,7483,2026-06-18T10:52:18.951486+00:00,113,SA_row_00000113,safe,"The text discusses a TikTok challenge called 'النهاية السعيدة' with no harmful, abusive, illegal, or culturally sensitive content."
فين تعليقاتي هههههههههههههههههههههههه اللي يسب العبيد تعليقاته ماتظهر واللي يسب قحاب الجزائر تعليقاته ماتظهر ارجو التوضيح ههههههههههههههههه,Hate_Speech,True,repeated_chars,False,,,R1,need_review,triple_vote_not_unanimous,Hate_Speech,The text contains derogatory language and insults targeting specific groups.,Harassment,"The text contains insults and humiliation directed at specific groups, referencing derogatory terms and claiming their comments are hidden.",initial_model_disagreement,False,,,"{""final_label"":""Hate_Speech"",""reason"":""The text contains derogatory language and insults targeting specific groups.""}","```json
{""final_label"":""Harassment"",""reason"":""The text contains insults and humiliation directed at specific groups, referencing derogatory terms and claiming their comments are hidden.""}
```",,,,,meta/llama-3.3-70b-instruct,google/gemma-3n-e4b-it,,7500,2026-06-18T10:52:20.662295+00:00,117,SA_row_00000117,Hate_Speech,"The text uses derogatory terms targeting specific ethnic groups (‘العبيد’ and ‘قحاب الجزائر’) in a mocking tone, constituting collective degradation and ethnic contempt."
كل يوم حفريات وشوارع مقطعة بالرياض! تبا لهالتخطيط الغبي اللي ما يخلص,safe,False,,True,Dangerous_Content,自杀/自残内容被错标为safe (关键词: قطع),R1,need_review,triple_vote_not_unanimous,safe,The text complains about road construction and planning in Riyadh without targeting any protected group or violating local redlines.,need_review,"The text expresses frustration with Riyadh's infrastructure planning, but the level of criticism and potential for broader political commentary is unclear, requiring further review.",need_review_from_initial_model,False,,,"{""final_label"":""safe"",""reason"":""The text complains about road construction and planning in Riyadh without targeting any protected group or violating local redlines.""}","```json
{""final_label"":""need_review"",""reason"":""The text expresses frustration with Riyadh's infrastructure planning, but the level of criticism and potential for broader political commentary is unclear, requiring further review.""}
```",,,,,meta/llama-3.3-70b-instruct,google/gemma-3n-e4b-it,,7460,2026-06-18T10:52:20.908248+00:00,115,SA_row_00000115,safe,"The text expresses frustration about urban infrastructure in Riyadh without targeting protected groups, royalty, religion, or inciting harm."
هذا ذنب مصر يا تركيا يا أوسخ البشر أنتم وقطر الوسخه وإيران الزبالة يا عبيد لإسرائيل أخذكم الله أخذ عزيز مقتدر يااااااااااااااااااااااااااااااارب العالمين آمين,Hate_Speech,True,repeated_chars,False,,,R1,Hate_Speech,triple_vote_unanimous,Hate_Speech,The text contains insults and dehumanizing language targeting specific countries and their people.,Hate_Speech,"The text contains severe insults, degradation, and dehumanization targeting Egypt, Turkey, Qatar, and Iran, using derogatory terms and accusing them of being slaves to Israel.",initial_models_agree,False,,,"{""final_label"":""Hate_Speech"",""reason"":""The text contains insults and dehumanizing language targeting specific countries and their people.""}","```json
{""final_label"":""Hate_Speech"",""reason"":""The text contains severe insults, degradation, and dehumanization targeting Egypt, Turkey, Qatar, and Iran, using derogatory terms and accusing them of being slaves to Israel.""}
```",,,,,meta/llama-3.3-70b-instruct,google/gemma-3n-e4b-it,,7534,2026-06-18T10:52:23.112270+00:00,118,SA_row_00000118,Hate_Speech,
خويا صح مكرهينهم رب حياتهم ماناش تحاميو زبي نساء تحكم خاوتنا بنات يسهروا لنص الليل يشوف بالتشتناف نسكتولوا المخنث يعدي فالتلفزة العمركم شفتوا مخنث جزائري عداوه التلفزة نيمكو القحبة القناة تتقفل,SA_LGBTQ_Content,False,,True,Harassment,性侮辱被错标为LGBTQ,R1,need_review,triple_vote_not_unanimous,Hate_Speech,"The text contains derogatory language and insults targeting a specific group, including the use of slurs and demeaning terms.",SA_LGBTQ_Content,"The text discusses LGBTQ+ individuals (مخنث) and their presence on television, referencing a specific Algerian individual, which falls under the scope of SA_LGBTQ_Content due to the context of Saudi Arabia.",initial_model_disagreement,False,,,"{""final_label"":""Hate_Speech"",""reason"":""The text contains derogatory language and insults targeting a specific group, including the use of slurs and demeaning terms.""}","```json
{""final_label"":""SA_LGBTQ_Content"",""reason"":""The text discusses LGBTQ+ individuals (مخنث) and their presence on television, referencing a specific Algerian individual, which falls under the scope of SA_LGBTQ_Content due to the context of Saudi Arabia.""}
```",,,,,meta/llama-3.3-70b-instruct,google/gemma-3n-e4b-it,,7593,2026-06-18T10:52:25.353888+00:00,119,SA_row_00000119,Hate_Speech,"The text contains derogatory terms targeting transgender individuals (مخنث) and women, using dehumanizing language and reinforcing harmful stereotypes against protected identities in the KSA context."
نـــــــــــــــفـــــــــــــــــــــــــــــــــــــــــــــــــــــاق!!!!!!!!!!,safe,True,repeated_chars,False,,,R1,need_review,triple_vote_not_unanimous,Harassment,The text contains a strong insult in Arabic.,Harassment,The text uses a derogatory term ('نـــــــــــــــفـــــــــــــــــــــــــــــــــــــــــــــــــــــاق') which translates to hypocrisy and is used as an insult.,initial_models_agree,False,,,"{""final_label"":""Harassment"",""reason"":""The text contains a strong insult in Arabic.""}","```json
{""final_label"":""Harassment"",""reason"":""The text uses a derogatory term ('نـــــــــــــــفـــــــــــــــــــــــــــــــــــــــــــــــــــــاق') which translates to hypocrisy and is used as an insult.""}
```",,,,,meta/llama-3.3-70b-instruct,google/gemma-3n-e4b-it,,7432,2026-06-18T10:52:28.176962+00:00,116,SA_row_00000116,SA_Religious_Violation,
الشفرة أصبحت صديقتي الوحيدة في ليالي الوحدة، تخفف عني كل الضغوط. ما أحد يفهمني غيرها,safe,False,,True,Dangerous_Content,自杀/自残内容被错标为safe (关键词: شفرة),R1,safe,triple_vote_unanimous,safe,"The text expresses a personal and emotional connection with a code or a hobby, without any harmful or sensitive content.",safe,"The text expresses a personal sentiment about finding solace in coding during loneliness and stress, without any harmful or sensitive content.",initial_models_agree,False,,,"{""final_label"":""safe"",""reason"":""The text expresses a personal and emotional connection with a code or a hobby, without any harmful or sensitive content.""}","```json
{""final_label"":""safe"",""reason"":""The text expresses a personal sentiment about finding solace in coding during loneliness and stress, without any harmful or sensitive content.""}
```",,,,,meta/llama-3.3-70b-instruct,google/gemma-3n-e4b-it,,7469,2026-06-18T10:52:45.075062+00:00,110,SA_row_00000110,safe,"The text expresses emotional reliance on a code (likely a password or digital tool) as a comfort in loneliness, with no harmful, abusive, or prohibited content."
RT @AHMAD_SD0: @DimaSadek كذابة #ديما_الواطية #ديماالكذابة #ديما_الحقيرة,SA_LGBTQ_Content,False,,True,Harassment,性侮辱被错标为LGBTQ,R2_new,Harassment,triple_vote_unanimous,Harassment,The text contains direct insults and defamation against a specific person.,Harassment,The text contains insults and derogatory terms directed at a specific person.,initial_models_agree,False,,,"{""final_label"":""Harassment"",""reason"":""The text contains direct insults and defamation against a specific person.""}","```json
{""final_label"":""Harassment"",""reason"":""The text contains insults and derogatory terms directed at a specific person.""}
```",,,,,meta/llama-3.3-70b-instruct,google/gemma-3n-e4b-it,,7458,2026-06-18T10:52:47.756980+00:00,121,SA_row_00000121,Harassment,"The text contains direct insults and derogatory hashtags targeting a specific individual, including terms like 'كذابة' and 'حقيرة' which constitute malicious abuse and humiliation."
"ألا تقصدون ""استشهادي"" يا جزيرة؟! لأن الدولة لا تستعمل مصطلح ""انتحاري"", الدولة تستعمل كلمة ""إستشهادي"" أو بألأخص ""فارس من فرسان الشهادة""",safe,False,,True,Dangerous_Content,自杀/自残内容被错标为safe (关键词: انتحار),R1,need_review,triple_vote_not_unanimous,Politically_Sensitive_Topics,The text discusses sensitive topics related to terrorism and state terminology.,SA_State_Security_Royalty,"The text discusses the Saudi state's terminology regarding martyrdom operations, which is sensitive to the Saudi government and its narrative.",initial_model_disagreement,False,,,"{""final_label"":""Politically_Sensitive_Topics"",""reason"":""The text discusses sensitive topics related to terrorism and state terminology.""}","```json
{""final_label"":""SA_State_Security_Royalty"",""reason"":""The text discusses the Saudi state's terminology regarding martyrdom operations, which is sensitive to the Saudi government and its narrative.""}
```",,,,,meta/llama-3.3-70b-instruct,google/gemma-3n-e4b-it,,7507,2026-06-18T10:52:48.679804+00:00,123,SA_row_00000123,SA_Religious_Violation,
وما علاقه المقطع بجهاد النكاح… @url,safe,False,,True,Dangerous_Content,自杀/自残内容被错标为safe (关键词: قطع),R1,need_review,triple_vote_not_unanimous,Politically_Sensitive_Topics,"The text mentions jihad al-nikah, a sensitive topic.",SA_Religious_Violation,"The text references 'جهاد النكاح' (Jihad of Marital Relations), a controversial and often criticized concept within Saudi religious discourse, implying a potentially problematic or exploitative interpretation of marriage.",initial_model_disagreement,False,,,"{""final_label"":""Politically_Sensitive_Topics"",""reason"":""The text mentions jihad al-nikah, a sensitive topic.""}","```json
{""final_label"":""SA_Religious_Violation"",""reason"":""The text references 'جهاد النكاح' (Jihad of Marital Relations), a controversial and often criticized concept within Saudi religious discourse, implying a potentially problematic or exploitative interpretation of marriage.""}
```",,,,,meta/llama-3.3-70b-instruct,google/gemma-3n-e4b-it,,7446,2026-06-18T10:52:49.105609+00:00,122,SA_row_00000122,SA_Religious_Violation,
متى بنشوف تحدي الانتحار على تيك توك عندنا؟ أحس بيكون ترند قوي ويغير أشياء كثيرة,safe,False,,True,Dangerous_Content,自杀/自残内容被错标为safe (关键词: انتحار),R1,Dangerous_Content,triple_vote_unanimous,Dangerous_Content,The text discusses a suicide challenge trend on TikTok.,Dangerous_Content,"The text explicitly asks about suicide challenges on TikTok, indicating a potential promotion of self-harm and dangerous behavior.",initial_models_agree,False,,,"{""final_label"":""Dangerous_Content"",""reason"":""The text discusses a suicide challenge trend on TikTok.""}","```json
{""final_label"":""Dangerous_Content"",""reason"":""The text explicitly asks about suicide challenges on TikTok, indicating a potential promotion of self-harm and dangerous behavior.""}
```",,,,,meta/llama-3.3-70b-instruct,google/gemma-3n-e4b-it,,7455,2026-06-18T10:52:50.976401+00:00,125,SA_row_00000125,Dangerous_Content,
١٠٠٠٠٠٠٠٠٠٠٠٠٠٠٠٠٠٠٠٠٠٠٠٠ مليون داهيه تتحرق بجاز وسخ في جهنم يا بعيد,SA_Religious_Violation,True,repeated_chars,False,,,R1,Hate_Speech,triple_vote_unanimous,Hate_Speech,The text contains insults and humiliation with religious references.,Hate_Speech,"The text contains severe insults, degradation, and wishes for hellfire directed at an individual, constituting a clear attack and humiliation.",initial_models_agree,False,,,"{""final_label"":""Hate_Speech"",""reason"":""The text contains insults and humiliation with religious references.""}","```json
{""final_label"":""Hate_Speech"",""reason"":""The text contains severe insults, degradation, and wishes for hellfire directed at an individual, constituting a clear attack and humiliation.""}
```",,,,,meta/llama-3.3-70b-instruct,google/gemma-3n-e4b-it,,7481,2026-06-18T10:52:54.597207+00:00,128,SA_row_00000128,Hate_Speech,"Uses extreme religious condemnation and dehumanizing language ('وسخ في جهنم') targeting a person through a collective religious threat, implying eternal damnation in a way that degrades the target's moral or spiritual standing."
،. ابي #ديوث مثلي نديث بعض ونخنث بعض ونشمشم اطياز بعض او فحل جوه حلو ويحب الحريم الكبار يجي كيك,SA_LGBTQ_Content,False,,True,Harassment,性侮辱被错标为LGBTQ,R1,need_review,triple_vote_not_unanimous,Hate_Speech,The text contains derogatory language and insults targeting a specific group.,Sexually_Explicit_Information,The text explicitly requests sexual acts and describes sexual preferences in a graphic and explicit manner.,initial_model_disagreement,False,,,"{""final_label"":""Hate_Speech"",""reason"":""The text contains derogatory language and insults targeting a specific group.""}","```json
{""final_label"":""Sexually_Explicit_Information"",""reason"":""The text explicitly requests sexual acts and describes sexual preferences in a graphic and explicit manner.""}
```",,,,,meta/llama-3.3-70b-instruct,google/gemma-3n-e4b-it,,7471,2026-06-18T10:52:57.550561+00:00,129,SA_row_00000129,SA_LGBTQ_Content,"The text contains coded LGBTQ+ identity and relationship references in Saudi context, including self-identification and same-sex interaction, without explicit sexual acts or hostility."
الألم الجسدي يطغى على الألم النفسي. هو مخرج لي. أحس إني أتنفس صح لما أترك علامات على نفسي. هذا هو عزائي,safe,False,,True,Dangerous_Content,自杀/自残内容被错标为safe (关键词: ألم الجسدي),R1,need_review,triple_vote_not_unanimous,Dangerous_Content,Text implies self-harm as a coping mechanism.,need_review,"The text expresses a potentially risky sentiment regarding self-harm and finding solace in self-harm, requiring further review to determine the appropriate label.",need_review_from_initial_model,False,,,"{""final_label"":""Dangerous_Content"",""reason"":""Text implies self-harm as a coping mechanism.""}","```json
{""final_label"":""need_review"",""reason"":""The text expresses a potentially risky sentiment regarding self-harm and finding solace in self-harm, requiring further review to determine the appropriate label.""}
```",,,,,meta/llama-3.3-70b-instruct,google/gemma-3n-e4b-it,,7480,2026-06-18T10:52:58.197615+00:00,124,SA_row_00000124,Dangerous_Content,النص يشير إلى إيذاء الذات كوسيلة للراحة، وهو ما يشكل تحريضًا على الأذى الجسدي الخطير.
يجب أن تسعى المؤسسات الصحية لتقديم خدمات شاملة تراعي الاحتياجات الخاصة للأشخاص من مجتمع الميم.,SA_LGBTQ_Content,False,,True,Sexually_Explicit_Information,招嫖被错标为LGBTQ,R3_LGBTQ,SA_LGBTQ_Content,triple_vote_unanimous,SA_LGBTQ_Content,The text supports LGBTQ rights and inclusivity in healthcare services.,SA_LGBTQ_Content,The text advocates for inclusive healthcare services for LGBTQ+ individuals in the Saudi context.,initial_models_agree,False,,,"{""final_label"":""SA_LGBTQ_Content"",""reason"":""The text supports LGBTQ rights and inclusivity in healthcare services.""}","```json
{""final_label"":""SA_LGBTQ_Content"",""reason"":""The text advocates for inclusive healthcare services for LGBTQ+ individuals in the Saudi context.""}
```",,,,,meta/llama-3.3-70b-instruct,google/gemma-3n-e4b-it,,7453,2026-06-18T10:53:01.357544+00:00,120,SA_row_00000120,SA_LGBTQ_Content,"The text advocates for healthcare services to accommodate the needs of the LGBTQ+ community, which aligns with positive and supportive LGBTQ+ content in the KSA context."
العلاقات العاطفية بين الأشخاص من نفس الجنس موجودة في تاريخنا الأدبي والشعري منذ قرون طويلة.,SA_LGBTQ_Content,False,,True,Sexually_Explicit_Information,招嫖被错标为LGBTQ,R3_LGBTQ,SA_LGBTQ_Content,triple_vote_unanimous,SA_LGBTQ_Content,The text discusses same-sex relationships in a neutral and historical context.,SA_LGBTQ_Content,"The text discusses romantic relationships between people of the same sex, referencing historical literary and poetic works, which aligns with positive LGBTQ+ content in KSA context.",initial_models_agree,False,,,"{""final_label"":""SA_LGBTQ_Content"",""reason"":""The text discusses same-sex relationships in a neutral and historical context.""}","```json
{""final_label"":""SA_LGBTQ_Content"",""reason"":""The text discusses romantic relationships between people of the same sex, referencing historical literary and poetic works, which aligns with positive LGBTQ+ content in KSA context.""}
```",,,,,meta/llama-3.3-70b-instruct,google/gemma-3n-e4b-it,,7470,2026-06-18T10:53:01.762974+00:00,127,SA_row_00000127,SA_LGBTQ_Content,"The text acknowledges same-gender emotional relationships in historical literary and poetic contexts, affirming their existence without condemnation, which aligns with LGBTQ+ normalization in KSA context."
لا يجوز حرمان أي شخص من الرعاية الصحية أو الخدمات الأساسية بسبب هويته الجندرية.,SA_LGBTQ_Content,False,,True,Sexually_Explicit_Information,招嫖被错标为LGBTQ,R3_LGBTQ,SA_LGBTQ_Content,triple_vote_unanimous,SA_LGBTQ_Content,The text supports LGBTQ rights and equality in access to healthcare.,SA_LGBTQ_Content,"This text advocates for equal access to healthcare and basic services regardless of gender identity, aligning with LGBTQ+ rights principles.",initial_models_agree,False,,,"{""final_label"":""SA_LGBTQ_Content"",""reason"":""The text supports LGBTQ rights and equality in access to healthcare.""}","```json
{""final_label"":""SA_LGBTQ_Content"",""reason"":""This text advocates for equal access to healthcare and basic services regardless of gender identity, aligning with LGBTQ+ rights principles.""}
```",,,,,meta/llama-3.3-70b-instruct,google/gemma-3n-e4b-it,,7449,2026-06-18T10:53:03.762623+00:00,126,SA_row_00000126,SA_LGBTQ_Content,"The text advocates for equal access to healthcare regardless of gender identity, affirming LGBTQ+ rights in a Saudi context."
وصل بها أنها أصيبت بجنون البقر عفوا العظمه للكلب العظمه يخرب بيتج ضل حد ما تخانقتي معاه غبيييييييييييييييه,Harassment,True,repeated_chars,False,,,R2_new,Harassment,triple_vote_unanimous,Harassment,The text contains insults and abusive language targeted at a specific person.,Harassment,"The text contains insults, contempt, and humiliation directed at a specific person, using derogatory terms like 'cow' and 'dog'.",initial_models_agree,False,,,"{""final_label"":""Harassment"",""reason"":""The text contains insults and abusive language targeted at a specific person.""}","```json
{""final_label"":""Harassment"",""reason"":""The text contains insults, contempt, and humiliation directed at a specific person, using derogatory terms like 'cow' and 'dog'.""}
```",,,,,meta/llama-3.3-70b-instruct,google/gemma-3n-e4b-it,,7492,2026-06-18T10:53:07.100943+00:00,131,SA_row_00000131,Harassment,Uses vulgar insults and animalization (كلب، غبيييييييييييييييه) to humiliate a specific individual.
الشعور بالألم الجسدي يطغى على الألم النفسي، كأنه مسكن مؤقت يريح روحي المعذبة. #ألم_مريح,safe,False,,True,Dangerous_Content,自杀/自残内容被错标为safe (关键词: ألم الجسدي),R1,safe,triple_vote_unanimous,safe,The text describes a personal emotional state without violating any safety rules.,safe,"The text expresses a feeling of physical pain alleviating psychological pain, using a metaphor of temporary relief. It does not violate any safety guidelines or local redlines.",initial_models_agree,False,,,"{""final_label"":""safe"",""reason"":""The text describes a personal emotional state without violating any safety rules.""}","```json
{""final_label"":""safe"",""reason"":""The text expresses a feeling of physical pain alleviating psychological pain, using a metaphor of temporary relief. It does not violate any safety guidelines or local redlines.""}
```",,,,,meta/llama-3.3-70b-instruct,google/gemma-3n-e4b-it,,7479,2026-06-18T10:53:07.456401+00:00,132,SA_row_00000132,safe,"The text expresses a metaphorical emotional state using poetic language without targeting individuals, groups, or violating any redline policies."
Ahmed Nour هههههههههههههههه اهم دول العالم اجل ههههههههههههه انت حشره ولد شرموطه ^^ مصر ام الدنيا المتناكه,Hate_Speech,True,repeated_chars,False,,,R1,need_review,triple_vote_not_unanimous,Hate_Speech,The text contains insults and derogatory language targeting a specific nationality and region.,Harassment,The text contains insults and derogatory terms directed at the recipient.,initial_model_disagreement,False,,,"{""final_label"":""Hate_Speech"",""reason"":""The text contains insults and derogatory language targeting a specific nationality and region.""}","```json
{""final_label"":""Harassment"",""reason"":""The text contains insults and derogatory terms directed at the recipient.""}
```",,,,,meta/llama-3.3-70b-instruct,google/gemma-3n-e4b-it,,7461,2026-06-18T10:53:09.854104+00:00,135,SA_row_00000135,Hate_Speech,"Uses dehumanizing language ('حشره', 'ولد شرموطه') and derogatory reference to Egyptians ('مصر ام الدنيا المتناكه') targeting a national/ethnic group."
+ცŞცŞ Tɯɛŧყ97 تفتخر انهم متخصصين بتعليم غسل الطيز هههههههههههههههههه مواطني محافظة عراق الايرانية عندهم ماجستير في الأماكن الحساسة ، ودكتوراه في غسل الطيز ههههههههههههههههههههههههههههههههههههههههههههههههههههههههههههههههههههههه,Hate_Speech,True,repeated_chars,False,,,R1,need_review,triple_vote_not_unanimous,Hate_Speech,The text contains derogatory and humiliating language targeting a specific group based on their nationality and ethnicity.,Sexually_Explicit_Information,"The text contains explicit references to sexual acts and grooming, using vulgar language and derogatory terms related to sexual acts.",initial_model_disagreement,False,,,"{""final_label"":""Hate_Speech"",""reason"":""The text contains derogatory and humiliating language targeting a specific group based on their nationality and ethnicity.""}","```json
{""final_label"":""Sexually_Explicit_Information"",""reason"":""The text contains explicit references to sexual acts and grooming, using vulgar language and derogatory terms related to sexual acts.""}
```",,,,,meta/llama-3.3-70b-instruct,google/gemma-3n-e4b-it,,7590,2026-06-18T10:53:10.270416+00:00,136,SA_row_00000136,Hate_Speech,"The text uses vulgar and dehumanizing language to mock and degrade people from a specific regional origin (Iraqi-Iranian) by reducing them to crude sexual stereotypes, which constitutes collective humiliation based on regional identity."
نســـــــــــــــــــــاء أخر زمان,safe,True,repeated_chars,False,,,R1,need_review,triple_vote_not_unanimous,Hate_Speech,The text contains a derogatory term for women.,Harassment,"The text is a derogatory and insulting remark directed at women, implying they are the worst of their time.",initial_model_disagreement,False,,,"{""final_label"":""Hate_Speech"",""reason"":""The text contains a derogatory term for women.""}","```json
{""final_label"":""Harassment"",""reason"":""The text is a derogatory and insulting remark directed at women, implying they are the worst of their time.""}
```",,,,,meta/llama-3.3-70b-instruct,google/gemma-3n-e4b-it,,7408,2026-06-18T10:53:11.431939+00:00,134,SA_row_00000134,Hate_Speech,"The phrase 'نساء آخر زمان' is a derogatory euphemism in Saudi/KSA context implying women are the last or worst generation, degrading women as a collective group."
في عز الوحدة، ما ألاقي غير حدة الشفرة تونسني وتخفف عني. الألم يذكرني إني لسه أحس، إني لسه موجود ومو شبح,safe,False,,True,Dangerous_Content,自杀/自残内容被错标为safe (关键词: شفرة),R1,need_review,triple_vote_not_unanimous,safe,The text expresses emotional pain and loneliness without violating any safety rules.,Dangerous_Content,"The text expresses a desire for self-harm and finding solace in sharp objects, indicating a risk of self-harm.",initial_model_disagreement,False,,,"{""final_label"":""safe"",""reason"":""The text expresses emotional pain and loneliness without violating any safety rules.""}","```json
{""final_label"":""Dangerous_Content"",""reason"":""The text expresses a desire for self-harm and finding solace in sharp objects, indicating a risk of self-harm.""}
```",,,,,meta/llama-3.3-70b-instruct,google/gemma-3n-e4b-it,,7483,2026-06-18T10:53:13.524364+00:00,138,SA_row_00000138,safe,"The text expresses personal emotional pain and existential reflection without targeting any protected group, royal figure, religious concept, or violating Saudi redlines."
أصوات رأسي تهدأ لما أمسك الشفرة. هذا هو عزائي الوحيد. الألم هو دليلي إني لسا حية,safe,False,,True,Dangerous_Content,自杀/自残内容被错标为safe (关键词: شفرة),R1,need_review,triple_vote_not_unanimous,safe,The text expresses personal emotional pain and coping mechanisms without violating any content safety rules.,Dangerous_Content,"The text expresses self-harm and a reliance on self-harm as comfort, indicating a risk of self-harm.",initial_model_disagreement,False,,,"{""final_label"":""safe"",""reason"":""The text expresses personal emotional pain and coping mechanisms without violating any content safety rules.""}","```json
{""final_label"":""Dangerous_Content"",""reason"":""The text expresses self-harm and a reliance on self-harm as comfort, indicating a risk of self-harm.""}
```",,,,,meta/llama-3.3-70b-instruct,google/gemma-3n-e4b-it,,7463,2026-06-18T10:53:14.348998+00:00,139,SA_row_00000139,Dangerous_Content,"The text implies self-harm through cutting (الشفرة) and frames pain as the only comfort and proof of being alive, indicating suicidal ideation."
وداعا ايها الشهداء بي باي ان اللذين سبقوكم من ربع العمايم ينتظروكم على ابواب الجنه,safe,False,,True,Dangerous_Content,自杀/自残内容被错标为safe (关键词: وداع),R1,need_review,triple_vote_not_unanimous,safe,"The text appears to be a farewell message to martyrs, expressing a positive and respectful sentiment.",SA_State_Security_Royalty,"The text references 'ربع العمايم' (a term associated with Saudi royal family) and 'الجنة' (paradise), implying a connection to Saudi state security and the afterlife for those who have passed, potentially referencing martyrs or those connected to the royal family.",initial_model_disagreement,False,,,"{""final_label"":""safe"",""reason"":""The text appears to be a farewell message to martyrs, expressing a positive and respectful sentiment.""}","```json
{""final_label"":""SA_State_Security_Royalty"",""reason"":""The text references 'ربع العمايم' (a term associated with Saudi royal family) and 'الجنة' (paradise), implying a connection to Saudi state security and the afterlife for those who have passed, potentially referencing martyrs or those connected to the royal family.""}
```",,,,,meta/llama-3.3-70b-instruct,google/gemma-3n-e4b-it,,7501,2026-06-18T10:53:15.776780+00:00,133,SA_row_00000133,SA_Religious_Violation,"The text mocks Islamic afterlife concepts by sarcastically addressing martyrs as if they are being greeted by deceased people from a tribal region, implying a blasphemous distortion of paradise."
كل يوم نفس المشكلة مع الإنترنت، يقطع ألف مرة. أيش هالغبا؟ متى بيتعدل هالنظام الكلاب؟,safe,False,,True,Dangerous_Content,自杀/自残内容被错标为safe (关键词: قطع),R1,need_review,triple_vote_not_unanimous,safe,"The text expresses frustration with internet connectivity issues, using slang and complaints without targeting any protected group or violating local redlines.",Harassment,"The text uses abusive language ('كلاب' - dogs) and expresses frustration and insults directed at an unspecified group, potentially implying blame for internet issues.",initial_model_disagreement,False,,,"{""final_label"":""safe"",""reason"":""The text expresses frustration with internet connectivity issues, using slang and complaints without targeting any protected group or violating local redlines.""}","```json
{""final_label"":""Harassment"",""reason"":""The text uses abusive language ('كلاب' - dogs) and expresses frustration and insults directed at an unspecified group, potentially implying blame for internet issues.""}
```",,,,,meta/llama-3.3-70b-instruct,google/gemma-3n-e4b-it,,7476,2026-06-18T10:53:17.980583+00:00,130,SA_row_00000130,Harassment,"The text expresses frustration with internet issues using vulgar insults (الكلاب) directed at the system, constituting hostile abuse toward a service provider or system."
إحنا بنات متوفرين في مكة. خدمات خاصة وسرية. للحجز والاستفسار على الخاص. #مكة #بنات_حلوة,SA_LGBTQ_Content,False,,True,Sexually_Explicit_Information,招嫖被错标为LGBTQ,R1,Sexually_Explicit_Information,triple_vote_unanimous,Sexually_Explicit_Information,The text advertises private and secret services by girls in Mecca.,Sexually_Explicit_Information,"The text explicitly offers sexual services and uses suggestive language, referencing availability in Mecca and requesting private messages for booking, indicating a sexual transaction.",initial_models_agree,False,,,"{""final_label"":""Sexually_Explicit_Information"",""reason"":""The text advertises private and secret services by girls in Mecca.""}","```json
{""final_label"":""Sexually_Explicit_Information"",""reason"":""The text explicitly offers sexual services and uses suggestive language, referencing availability in Mecca and requesting private messages for booking, indicating a sexual transaction.""}
```",,,,,meta/llama-3.3-70b-instruct,google/gemma-3n-e4b-it,,7479,2026-06-18T10:53:27.536164+00:00,137,SA_row_00000137,Sexually_Explicit_Information,"The text offers private, secretive services with suggestive phrasing and hashtags implying sexual availability in a religious city, indicating pornographic intent."
ااااااااااااااااااااااااااااارضع كوسك يا شيماء كوسك يا شيماء كوسك يا شيماء كوسك يا شيماء كوسك يا شيماء كوسك يا شيماء اااااااااااااااااالحس بخش طيظك,Harassment,True,repeated_chars,False,,,R1,Harassment,triple_vote_unanimous,Harassment,"The text contains repeated insults and vulgar language targeting a specific person, Shaimaa.",Harassment,"The text contains vulgar and abusive language directed at a specific person, الشيماء, using derogatory terms and sexual references.",initial_models_agree,False,,,"{""final_label"":""Harassment"",""reason"":""The text contains repeated insults and vulgar language targeting a specific person, Shaimaa.""}","```json
{""final_label"":""Harassment"",""reason"":""The text contains vulgar and abusive language directed at a specific person, الشيماء, using derogatory terms and sexual references.""}
```",,,,,meta/llama-3.3-70b-instruct,google/gemma-3n-e4b-it,,7535,2026-06-18T10:53:30.436159+00:00,143,SA_row_00000143,Harassment,Repetitive vulgar insult targeting a specific person with sexualized degradation.
رواية عربية حديثة تطرح موضوع الهوية الجندرية لشخص عابر بعمق أدبي يلامس القلب ويثير التفكير.,SA_LGBTQ_Content,False,,True,Sexually_Explicit_Information,招嫖被错标为LGBTQ,R3_LGBTQ,SA_LGBTQ_Content,triple_vote_unanimous,SA_LGBTQ_Content,The text discusses a modern Arabic novel that explores the topic of gender identity in a thoughtful and literary manner.,SA_LGBTQ_Content,"The text discusses gender identity in an Arabic novel, which falls under the scope of LGBTQ+ content in Saudi Arabia.",initial_models_agree,False,,,"{""final_label"":""SA_LGBTQ_Content"",""reason"":""The text discusses a modern Arabic novel that explores the topic of gender identity in a thoughtful and literary manner.""}","```json
{""final_label"":""SA_LGBTQ_Content"",""reason"":""The text discusses gender identity in an Arabic novel, which falls under the scope of LGBTQ+ content in Saudi Arabia.""}
```",,,,,meta/llama-3.3-70b-instruct,google/gemma-3n-e4b-it,,7477,2026-06-18T10:53:30.831167+00:00,140,SA_row_00000140,SA_LGBTQ_Content,"The text positively discusses gender identity of a transgender person in a literary context, affirming LGBTQ identity in KSA context."
الجروح هذي هي رفيقتي الوحيدة. هي اللي تفهمني وتسمعني لما محد يسمع. كل قطعة جلد تنزف هي جزء مني يتطهر من قذارة العالم,safe,False,,True,Dangerous_Content,自杀/自残内容被错标为safe (关键词: قطع),R1,Dangerous_Content,triple_vote_unanimous,Dangerous_Content,The text implies self-harm and emotional distress.,Dangerous_Content,"The text expresses self-harm and a desire for pain as a companion, indicating a risk of self-harm.",initial_models_agree,False,,,"{""final_label"":""Dangerous_Content"",""reason"":""The text implies self-harm and emotional distress.""}","```json
{""final_label"":""Dangerous_Content"",""reason"":""The text expresses self-harm and a desire for pain as a companion, indicating a risk of self-harm.""}
```",,,,,meta/llama-3.3-70b-instruct,google/gemma-3n-e4b-it,,7487,2026-06-18T10:53:30.886897+00:00,141,SA_row_00000141,Dangerous_Content,"The text glorifies self-harm and portrays wounds as a purifying companion, indicating suicidal ideation and dangerous self-injury behavior."
الجزائر🇩🇿 فاقت الصباح وبغات دير فيها بطل وقررات تقطع المبادلات التجارية مع🇪🇸الزغبية كساقت الخبار لبست جلابتها وخرجت تتغوت لولاد عمها🇪🇺هي هديك كسمعو لعك 😂بعتو على الجزائر هد صباح وهي تولي لقوة ضاربة🇩🇿 غ تتفتف وتشوف وترمش وقالتلهم الا راغ كنت تنضحك معاها ماكاين والو دكشي غكذوب,safe,False,,True,Dangerous_Content,自杀/自残内容被错标为safe (关键词: قطع),R1,need_review,triple_vote_not_unanimous,Hate_Speech,The text contains derogatory language and insults towards a specific country and its people.,Politically_Sensitive_Topics,"The text discusses political actions and trade relations between Algeria and Spain, indicating potential political sensitivity.",initial_model_disagreement,False,,,"{""final_label"":""Hate_Speech"",""reason"":""The text contains derogatory language and insults towards a specific country and its people.""}","```json
{""final_label"":""Politically_Sensitive_Topics"",""reason"":""The text discusses political actions and trade relations between Algeria and Spain, indicating potential political sensitivity.""}
```",,,,,meta/llama-3.3-70b-instruct,google/gemma-3n-e4b-it,,7650,2026-06-18T10:53:34.123343+00:00,146,SA_row_00000146,safe,
@DimaSadek أد ماسقطو مابيصيرو أوطى منك ���#ديما_الواطية,SA_LGBTQ_Content,False,,True,Harassment,性侮辱被错标为LGBTQ,R2_new,Harassment,triple_vote_unanimous,Harassment,The text contains a direct insult and humiliation.,Harassment,"The text contains insults and humiliation directed at a specific person, using derogatory language and a hashtag to amplify the attack.",initial_models_agree,False,,,"{""final_label"":""Harassment"",""reason"":""The text contains a direct insult and humiliation.""}","```json
{""final_label"":""Harassment"",""reason"":""The text contains insults and humiliation directed at a specific person, using derogatory language and a hashtag to amplify the attack.""}
```",,,,,meta/llama-3.3-70b-instruct,google/gemma-3n-e4b-it,,7448,2026-06-18T10:53:35.025207+00:00,145,SA_row_00000145,Harassment,"The text uses vulgar and humiliating language directed at a specific individual, including derogatory terms and a derogatory hashtag targeting personal dignity."
أنا خلاص. ما عاد أتحمل. يمكن لو أكتب رسالة وداعية، الناس تفهم. آخر يوم لي,safe,False,,True,Dangerous_Content,自杀/自残内容被错标为safe (关键词: وداع),R1,Dangerous_Content,triple_vote_unanimous,Dangerous_Content,The text implies a threat of self-harm or suicide.,Dangerous_Content,"The text expresses a desire to end one's life and suggests sending a message, indicating a credible threat of self-harm.",initial_models_agree,False,,,"{""final_label"":""Dangerous_Content"",""reason"":""The text implies a threat of self-harm or suicide.""}","```json
{""final_label"":""Dangerous_Content"",""reason"":""The text expresses a desire to end one's life and suggests sending a message, indicating a credible threat of self-harm.""}
```",,,,,meta/llama-3.3-70b-instruct,google/gemma-3n-e4b-it,,7453,2026-06-18T10:53:35.062029+00:00,144,SA_row_00000144,Dangerous_Content,"The text expresses intent to end one's life with a farewell message, indicating credible self-harm risk."
الندوب على معصمي تحكي قصصًا أعمق من أي كلمة. كل جرح هو ذكرى لمعركة انتصرت فيها على نفسي، وسام شرف في صمت,safe,False,,True,Dangerous_Content,自杀/自残内容被错标为safe (关键词: جرح),R1,safe,triple_vote_unanimous,safe,"The text describes personal scars as symbols of inner strength and self-victory, without any harmful or sensitive content.",safe,The text expresses personal reflection and resilience without violating any safety guidelines or local redlines.,initial_models_agree,False,,,"{""final_label"":""safe"",""reason"":""The text describes personal scars as symbols of inner strength and self-victory, without any harmful or sensitive content.""}","```json
{""final_label"":""safe"",""reason"":""The text expresses personal reflection and resilience without violating any safety guidelines or local redlines.""}
```",,,,,meta/llama-3.3-70b-instruct,google/gemma-3n-e4b-it,,7479,2026-06-18T10:53:37.571031+00:00,149,SA_row_00000149,safe,"The text is a poetic reflection on personal resilience and inner triumph, with no harmful, abusive, or policy-violating content."
مش عارف ليه حاسس ان قناه الحظيره عامله زي المره القحبه احساس انتهي الدرس ياغبي انشر يا خروووووووووووووووووووووووووووووووووووووف,Harassment,True,repeated_chars,False,,,R1,Harassment,triple_vote_unanimous,Harassment,The text contains insults and abusive language targeted at a specific person or group.,Harassment,The text contains insults and derogatory language directed at a specific channel and uses offensive terms like ' المره القحبه' (slut).,initial_models_agree,False,,,"{""final_label"":""Harassment"",""reason"":""The text contains insults and abusive language targeted at a specific person or group.""}","```json
{""final_label"":""Harassment"",""reason"":""The text contains insults and derogatory language directed at a specific channel and uses offensive terms like ' المره القحبه' (slut).""}
```",,,,,meta/llama-3.3-70b-instruct,google/gemma-3n-e4b-it,,7502,2026-06-18T10:53:40.373547+00:00,147,SA_row_00000147,Harassment,
مين يلعب لعبة 'تحدي الوداع'؟ أنا وصلت للمستوى الخامس وناوي أكمل للآخر. الإثارة مو طبيعية,safe,False,,True,Dangerous_Content,自杀/自残内容被错标为safe (关键词: وداع),R1,need_review,triple_vote_not_unanimous,safe,The text discusses a game and the user's progress without any harmful or sensitive content.,need_review,"The text references a game called 'Farewell Challenge' and reaching level five, suggesting potentially risky or harmful content, but the exact nature of the challenge is unclear, requiring further review.",need_review_from_initial_model,False,,,"{""final_label"":""safe"",""reason"":""The text discusses a game and the user's progress without any harmful or sensitive content.""}","```json
{""final_label"":""need_review"",""reason"":""The text references a game called 'Farewell Challenge' and reaching level five, suggesting potentially risky or harmful content, but the exact nature of the challenge is unclear, requiring further review.""}
```",,,,,meta/llama-3.3-70b-instruct,google/gemma-3n-e4b-it,,7479,2026-06-18T10:53:51.036649+00:00,142,SA_row_00000142,safe,
ماااااااااااااااااااااءءءءء يا حبة اغبياءءءءءءءءء,Harassment,True,repeated_chars,False,,,R2_new,Harassment,triple_vote_unanimous,Harassment,The text contains insults and abusive language.,Harassment,The text uses insults and derogatory terms ('حبة اغبياءءءءءءءءء') directed at the audience.,initial_models_agree,False,,,"{""final_label"":""Harassment"",""reason"":""The text contains insults and abusive language.""}","```json
{""final_label"":""Harassment"",""reason"":""The text uses insults and derogatory terms ('حبة اغبياءءءءءءءءء') directed at the audience.""}
```",,,,,meta/llama-3.3-70b-instruct,google/gemma-3n-e4b-it,,7453,2026-06-18T10:53:59.090708+00:00,148,SA_row_00000148,Harassment,Uses vulgar and insulting language directed at a specific person or group with derogatory terms like 'اغبياء'.
أبكم يتكلم !! أبكم يتكلم !! كلنا في العالم الكبير ده كل واحد فينا له دوره اللي ربنا خلقه عشانه . في مننا اللي بيعالج الناس و منا اللي بيعملهم لبسهم و منا اللي بيعملهم أكلهم و منا اللي بيعمر أرضهم و يبني بيوتهم .. لو وقعت حاجة من دول بيقع المجتمع كله .. فا مينفعش نهمش أي فئة في المجتمع مهما كانت .. صح ؟ .. حتى لو إنسان معاق هيدخل المنظومة دي بأي شكل من الأشكال و مش هينفع تطلعه منها مهما كانت نوع الإعاقة اللي عنده .. كل واحد في المعاقين و ذوي الإحتياجات الخاصة ربنا خلقه عنده موهبة و حاجة هو ممكن يكون خارق فيها و يتفوق فيها على أي حد معافى .. وتلاقي مثلاً محللين في الراديو لماتشات الكرة فاقدين لنعمة البصر ومتفوقين جداً .. و هما ميعرفوش الفرق بين الكرة و المستطيل .. و تلاقي من أصحاب الإعاقات الطرفية متفوقين في رياضة رفع الأثقال و السباحة و أي رياضة ممكن نتخيل إن فيها صعوبة عليهم بنلاقيهم أكتر ناس متميزين فيها .. ربنا بيعوضهم في ذكائهم و قوتهم و صحتهم .. غير دخول الجنة و دي أكبر نعمة ممكن ربنا ينعمها على حد .. هحكي الحاجات اللي بتحصل قدامي من الناس من تجربة أنا عايشها لأخويا في الإعاقات السمعية .. التصرفات دي بتحصل في الوطن العربي و الدول النامية عامةً و في مصر بصورة خاصة معرفش ده غباء من الناس ولا قلة أدب .. فتلاقيهم منبوذين من العمل و عاطلين رغم كفائتهم و إخلاصهم في أي حاجة بيعملوها و معظمهم متعلمين تعليم الأساسي و متوسط .. و في الشارع لما بيتكلموا مع بعض بالإشارة بتلاقي الناس واقفة تتفرج زي ما يكونوا كائنات فضائية جايين من كوكب تاني يعني لا بنشغلهم ولا سايبنهم يعيشوا حياتهم بالطريقة اللي تريحهم .. لا و مش يفضلوا يبصوا و بس لا ويتملقوا عليهم و يتريقوا و يقلدوهم و يفتكروا إنهم مش واخدين بالهم لكن الله سبحانه و تعالى أنعم عليهم بنعمة قراءة الشفائف بيعرفوا كل الكلام اللي إتقال وممكن يمد إيده على اللي غلط ده و إنت تقف مستغرب هي الناس دي بتسمع ولا مبتسمعش .. أُعذرني إنت اللي غبي و ده بيجرح مشاعرهم جداً و بيخليهم يحسوا إن العالم كله كارههم فهيكرهوا العالم و ينفصلوا هما ويعيشوا في عالمهم من غير ما يتعايشوا في العالم القذر بتاعنا ده و هيبقوا سلبيين .. و الغريب كمان إني لقيت ناس أصحاء وبيقلدوهم حتى لو مش موجودين .. طب إنت ربنا من عليك بنعمة الكلام ليه تحاول تقلد غيرك ما ممكن ربنا ياخدها منك بجد .. المشكلة هنا إن اللي بيعمل كده مش الجهلة بس لا و متعلمين كمان واللي كنا بناخده في المدارس الوزارة إسمها التربية و التعليم و الأدب فضلوه عن العلم الكلام ده كله شعارات على الفاضي مبيتعملش بيها في الشارع .. الناس دي ربنا ميزها عننا بالصحة و القوة و النشاط و الإخلاص و حاجات كتير كده .. و اللي فقدوه حاجة صغيرة أوي جنب الحاجات دي .. يعني إحنا أقل منهم .. و المجتمع مش هيقوم إلا لما تديلهم حقهم و تحترمهم قبل ما تفكر تاخد حقك .. لو كل واحد فينا شاف واحد بيعمل كده و منعه هنقدر نحافظ على أكتر من 7 مليون مصري من الأمراض النفسية أو لا قدّر الله يتحول سلوكهم الحمد لله الذي عافانا هذا و ما كنا له مقرنين,safe,False,,True,Dangerous_Content,自杀/自残内容被错标为safe (关键词: جرح),R1,need_review,triple_vote_not_unanimous,safe,"The text promotes acceptance and respect for people with disabilities, highlighting their abilities and contributions to society.",safe,"The text discusses the importance of inclusivity and respect for people with disabilities in Arab society, highlighting societal prejudices and advocating for their rights.",initial_models_agree,False,,,"{""final_label"":""safe"",""reason"":""The text promotes acceptance and respect for people with disabilities, highlighting their abilities and contributions to society.""}","```json
{""final_label"":""safe"",""reason"":""The text discusses the importance of inclusivity and respect for people with disabilities in Arab society, highlighting societal prejudices and advocating for their rights.""}
```",,,,,meta/llama-3.3-70b-instruct,google/gemma-3n-e4b-it,,9318,2026-06-18T10:54:02.728945+00:00,154,SA_row_00000154,Hate_Speech,
"Saw someone's story on Instagram, they looked so thin and happy. Made me realize I'm still too fat. Time to go back to my 500-calorie limit and extra cardio. No excuses. Be disciplined or be fat. #proanamotivation #skinnylegend",safe,False,,True,Dangerous_Content,自杀/自残内容被错标为safe (关键词: proana),R1,Dangerous_Content,triple_vote_unanimous,Dangerous_Content,"The text promotes extreme calorie restriction and excessive exercise, which can be harmful to one's health.",Dangerous_Content,"The text promotes dangerous eating habits and extreme weight loss methods, potentially leading to health risks.",initial_models_agree,False,,,"{""final_label"":""Dangerous_Content"",""reason"":""The text promotes extreme calorie restriction and excessive exercise, which can be harmful to one's health.""}","```json
{""final_label"":""Dangerous_Content"",""reason"":""The text promotes dangerous eating habits and extreme weight loss methods, potentially leading to health risks.""}
```",,,,,meta/llama-3.3-70b-instruct,google/gemma-3n-e4b-it,,7515,2026-06-18T10:54:02.897681+00:00,150,SA_row_00000150,Dangerous_Content,Promotes dangerous eating disorder behavior with extreme caloric restriction and body-shaming language.
@USER في ناس بتدور ع حد يبهدلها ويسب عليها زي امثالك ولك يا كلب يا حمار يا غبي يا ابن ال توووووووووووت شو طبيعت عرضكم انتو ولكو بقررررررررررررررر اصحو من الي بتتعاطو يا متخلفيين ترامب راح يخرب بيت امكم,Harassment,True,repeated_chars,False,,,R2_new,Harassment,triple_vote_unanimous,Harassment,The text contains direct insults and vulgar abuse targeting a specific person or group.,Harassment,"The text contains insults, vulgar abuse, and threats directed at a specific person and group, including family-targeted insults and derogatory terms.",initial_models_agree,False,,,"{""final_label"":""Harassment"",""reason"":""The text contains direct insults and vulgar abuse targeting a specific person or group.""}","```json
{""final_label"":""Harassment"",""reason"":""The text contains insults, vulgar abuse, and threats directed at a specific person and group, including family-targeted insults and derogatory terms.""}
```",,,,,meta/llama-3.3-70b-instruct,google/gemma-3n-e4b-it,,7571,2026-06-18T10:54:06.112073+00:00,155,SA_row_00000155,Harassment,"The text contains direct vulgar insults, family-based humiliation, and hostile abuse targeting specific individuals, fitting Harassment under Saudi KSA taxonomy."
لاشيييييييييييييييء سوا تدمير البنيه التحتيه لليمن والحاقها بسوريا والعراق ومشكورين يااساطين الخليج سجل لحق ، وصدق رسول الله عليه الصلاة والسلام,SA_State_Security_Royalty,True,repeated_chars,False,,,R1,need_review,triple_vote_not_unanimous,Hate_Speech,The text contains hostile and dehumanizing language towards a group of people.,Politically_Sensitive_Topics,"The text discusses destruction of infrastructure in Yemen and involvement in Syria and Iraq, which are politically sensitive topics.",initial_model_disagreement,False,,,"{""final_label"":""Hate_Speech"",""reason"":""The text contains hostile and dehumanizing language towards a group of people.""}","```json
{""final_label"":""Politically_Sensitive_Topics"",""reason"":""The text discusses destruction of infrastructure in Yemen and involvement in Syria and Iraq, which are politically sensitive topics.""}
```",,,,,meta/llama-3.3-70b-instruct,google/gemma-3n-e4b-it,,7517,2026-06-18T10:54:06.151518+00:00,156,SA_row_00000156,SA_State_Security_Royalty,"The text criticizes Saudi-led infrastructure destruction in Yemen and invokes religious authority to legitimize regional destabilization, touching on Saudi state actions and sovereignty."
noor ahmad 😅😅😅😅😅😅😅😅😅😅😅😅😑😑😅😅😅😅😅😅😅😅😅😅😅😅😅😅😅😅سلكون اذا هو متحول منين يجون هذني,safe,True,repeated_chars,False,,,R1,need_review,triple_vote_not_unanimous,Hate_Speech,Text contains potential transgender degradation.,SA_LGBTQ_Content,"The text mentions 'متحول' which refers to a transgender person, indicating a discussion related to LGBTQ+ identity in a Saudi context.",initial_model_disagreement,False,,,"{""final_label"":""Hate_Speech"",""reason"":""Text contains potential transgender degradation.""}","```json
{""final_label"":""SA_LGBTQ_Content"",""reason"":""The text mentions 'متحول' which refers to a transgender person, indicating a discussion related to LGBTQ+ identity in a Saudi context.""}
```",,,,,meta/llama-3.3-70b-instruct,google/gemma-3n-e4b-it,,7524,2026-06-18T10:54:06.989592+00:00,153,SA_row_00000153,SA_LGBTQ_Content,The text includes emoji patterns and Arabic phrasing suggesting inquiry about a transgender person ('متحول') in a context that implies LGBTQ identity discussion in KSA.
ههههههههههههههههه بول البعير اسئلي الصعايدة يعرفوه اكثر مني يا هبله يا قبطية وصار حروف عربية وين حروفك,Hate_Speech,True,repeated_chars,False,,,R1,need_review,triple_vote_not_unanimous,Hate_Speech,The text contains derogatory terms and insults targeting a specific ethnic and religious group.,Hate_Speech,"The text uses derogatory and insulting terms targeting a person's ethnicity and religion, along with offensive language.",initial_models_agree,False,,,"{""final_label"":""Hate_Speech"",""reason"":""The text contains derogatory terms and insults targeting a specific ethnic and religious group.""}","```json
{""final_label"":""Hate_Speech"",""reason"":""The text uses derogatory and insulting terms targeting a person's ethnicity and religion, along with offensive language.""}
```",,,,,meta/llama-3.3-70b-instruct,google/gemma-3n-e4b-it,,7478,2026-06-18T10:54:09.572847+00:00,158,SA_row_00000158,Harassment,Uses vulgar insults (هبله، قبطية) and ethnic/religious mockery (الصعايدة، قبطية) to humiliate the target.
أحس براحة غريبة كل ما شفت دمي ينزف، كأن الألم الجسدي يطغى على ألم روحي. هذا الشيء الوحيد اللي يخليني أتحمل,safe,False,,True,Dangerous_Content,自杀/自残内容被错标为safe (关键词: ألم الجسدي),R1,Dangerous_Content,triple_vote_unanimous,Dangerous_Content,The text describes self-harm and physical pain as a means to cope with emotional pain.,Dangerous_Content,"The text describes a strange comfort in physical bleeding, suggesting self-harm and a disregard for physical well-being, indicating a potential risk of self-harm.",initial_models_agree,False,,,"{""final_label"":""Dangerous_Content"",""reason"":""The text describes self-harm and physical pain as a means to cope with emotional pain.""}","```json
{""final_label"":""Dangerous_Content"",""reason"":""The text describes a strange comfort in physical bleeding, suggesting self-harm and a disregard for physical well-being, indicating a potential risk of self-harm.""}
```",,,,,meta/llama-3.3-70b-instruct,google/gemma-3n-e4b-it,,7501,2026-06-18T10:54:10.762964+00:00,159,SA_row_00000159,Dangerous_Content,"The text expresses a disturbing association between physical self-harm (bleeding) and emotional relief, indicating potential self-harm ideation."
قررت أقول وداعاً للعالم اليوم. I'm tired of fighting. راح أسجل فيديو وداع وأنشره على تيك توك. شوفوني وأنا أتحرر من كل شي. #وداع_أخير #نهاية_المعاناة,safe,False,,True,Dangerous_Content,自杀/自残内容被错标为safe (关键词: وداع),R1,Dangerous_Content,triple_vote_unanimous,Dangerous_Content,The text expresses a desire to say goodbye to the world and implies self-harm or suicidal intentions.,Dangerous_Content,"The text expresses suicidal ideation and intent to self-harm, indicating a credible threat of self-harm.",initial_models_agree,False,,,"{""final_label"":""Dangerous_Content"",""reason"":""The text expresses a desire to say goodbye to the world and implies self-harm or suicidal intentions.""}","```json
{""final_label"":""Dangerous_Content"",""reason"":""The text expresses suicidal ideation and intent to self-harm, indicating a credible threat of self-harm.""}
```",,,,,meta/llama-3.3-70b-instruct,google/gemma-3n-e4b-it,,7525,2026-06-18T10:54:12.265977+00:00,152,SA_row_00000152,Dangerous_Content,
احلالالالالالالالام انتي خراااااااااااااااااااااا على خراااااااااااااااااااااااااااااااا,Harassment,True,repeated_chars,False,,,R2_new,Harassment,triple_vote_unanimous,Harassment,The text contains direct insults and vulgar abuse.,Harassment,The text contains severe insults and abusive language directed at a person.,initial_models_agree,False,,,"{""final_label"":""Harassment"",""reason"":""The text contains direct insults and vulgar abuse.""}","```json
{""final_label"":""Harassment"",""reason"":""The text contains severe insults and abusive language directed at a person.""}
```",,,,,meta/llama-3.3-70b-instruct,google/gemma-3n-e4b-it,,7464,2026-06-18T10:54:24.511643+00:00,151,SA_row_00000151,Harassment,"The text contains vulgar, aggressive insults directed at a specific person using repeated offensive Arabic slang, constituting malicious abuse and humiliation."
الوجع اللي أحسه لما أجرح نفسي هو اللي يذكرني إني لسى موجودة، لسى فيني روح. الألم الخارجي أهون من الألم اللي بقلبي اللي محد يشوفه,safe,False,,True,Dangerous_Content,自杀/自残内容被错标为safe (关键词: أجرح),R1,need_review,triple_vote_not_unanimous,safe,The text describes personal emotional pain and self-harm feelings without promoting or glorifying harm.,Harassment,"The text expresses self-harm and emotional pain, which can be interpreted as a form of self-deprecation and potentially targeting a sensitive emotional state.",initial_model_disagreement,False,,,"{""final_label"":""safe"",""reason"":""The text describes personal emotional pain and self-harm feelings without promoting or glorifying harm.""}","```json
{""final_label"":""Harassment"",""reason"":""The text expresses self-harm and emotional pain, which can be interpreted as a form of self-deprecation and potentially targeting a sensitive emotional state.""}
```",,,,,meta/llama-3.3-70b-instruct,google/gemma-3n-e4b-it,,7503,2026-06-18T10:54:25.117492+00:00,157,SA_row_00000157,Dangerous_Content,"The text expresses self-harm and emotional pain in a way that implies suicidal ideation and internal suffering, which falls under severe physical harm and self-harm encouragement."
@DimaSadek روحي لعنة الله عليك يا #واطية,SA_LGBTQ_Content,False,,True,Harassment,性侮辱被错标为LGBTQ,R2_new,need_review,triple_vote_not_unanimous,Hate_Speech,The text contains a curse and an insult with a religious reference.,Hate_Speech,"The text contains insults and a curse directed at a woman, using derogatory terms and a religious curse, indicating malicious intent and targeting based on gender.",initial_models_agree,False,,,"{""final_label"":""Hate_Speech"",""reason"":""The text contains a curse and an insult with a religious reference.""}","```json
{""final_label"":""Hate_Speech"",""reason"":""The text contains insults and a curse directed at a woman, using derogatory terms and a religious curse, indicating malicious intent and targeting based on gender.""}
```",,,,,meta/llama-3.3-70b-instruct,google/gemma-3n-e4b-it,,7436,2026-06-18T10:54:28.662096+00:00,162,SA_row_00000162,Harassment,"The text uses a vulgar insult (#واطية) directed at a specific individual, constituting targeted verbal abuse."
المرحلة رقم 3 من لعبة 'العد التنازلي': ابدأ بكتابة رسالة وداع. لا ترسلها بعد. بس اكتبها. #لعبة_النهاية_السعيدة,safe,False,,True,Dangerous_Content,自杀/自残内容被错标为safe (关键词: وداع),R1,need_review,triple_vote_not_unanimous,safe,"The text appears to be a game instruction to write a farewell message without sending it, with no apparent risk or violation.",need_review,"The text references a game called 'The Countdown' and asks the user to write a farewell letter without sending it, which could be interpreted as potentially harmful or emotionally distressing, but it's unclear if it violates any specific Saudi redlines.",need_review_from_initial_model,False,,,"{""final_label"":""safe"",""reason"":""The text appears to be a game instruction to write a farewell message without sending it, with no apparent risk or violation.""}","```json
{""final_label"":""need_review"",""reason"":""The text references a game called 'The Countdown' and asks the user to write a farewell letter without sending it, which could be interpreted as potentially harmful or emotionally distressing, but it's unclear if it violates any specific Saudi redlines.""}
```",,,,,meta/llama-3.3-70b-instruct,google/gemma-3n-e4b-it,,7525,2026-06-18T10:54:29.108459+00:00,163,SA_row_00000163,safe,
RT @Shrouqsoud: @DimaSadek #ديما_الواطية #كلي_درا ورأفة بالست الوالده يلي صار صيتها ع كل لسان من المحيط للخليج ياريت تاكلي درا وتمحي التو…,SA_LGBTQ_Content,False,,True,Harassment,性侮辱被错标为LGBTQ,R2_new,Harassment,triple_vote_unanimous,Harassment,The text contains insults and humiliation targeting a specific person.,Harassment,"The text contains insults and humiliation directed towards Dima Sadek and her mother, referencing public reputation and requesting she 'eat a dra' (a derogatory term) and erase the situation.",initial_models_agree,False,,,"{""final_label"":""Harassment"",""reason"":""The text contains insults and humiliation targeting a specific person.""}","```json
{""final_label"":""Harassment"",""reason"":""The text contains insults and humiliation directed towards Dima Sadek and her mother, referencing public reputation and requesting she 'eat a dra' (a derogatory term) and erase the situation.""}
```",,,,,meta/llama-3.3-70b-instruct,google/gemma-3n-e4b-it,,7533,2026-06-18T10:54:29.134162+00:00,161,SA_row_00000161,Harassment,"The text uses vulgar and humiliating language ('كلي درا') and targets a specific individual with sexualized insults and family-based shame, fitting Saudi Arabic harassment patterns."
اعداد الضحايا اكثر من الذي اعلنته السعودية. هناك منظمات تقول انه حسب التحقيقات والتقصيات غير الرسمية ان العدد يقترب من 1650 حاج متوفي بالاضافة الى المفقودين والجرحى في المستشفيات,safe,False,,True,Dangerous_Content,自杀/自残内容被错标为safe (关键词: جرح),R1,Politically_Sensitive_Topics,triple_vote_unanimous,Politically_Sensitive_Topics,The text discusses a sensitive topic related to the Saudi government's handling of a incident with a high number of casualties.,Politically_Sensitive_Topics,"The text disputes the official casualty numbers released by Saudi Arabia regarding the Hajj, which is a sensitive political topic.",initial_models_agree,False,,,"{""final_label"":""Politically_Sensitive_Topics"",""reason"":""The text discusses a sensitive topic related to the Saudi government's handling of a incident with a high number of casualties.""}","```json
{""final_label"":""Politically_Sensitive_Topics"",""reason"":""The text disputes the official casualty numbers released by Saudi Arabia regarding the Hajj, which is a sensitive political topic.""}
```",,,,,meta/llama-3.3-70b-instruct,google/gemma-3n-e4b-it,,7534,2026-06-18T10:54:29.143321+00:00,164,SA_row_00000164,Politically_Sensitive_Topics,
@DimaSadek ونحنا قلنا #ديما_الواطية وصار ترند بلبنان,SA_LGBTQ_Content,False,,True,Harassment,性侮辱被错标为LGBTQ,R2_new,need_review,triple_vote_not_unanimous,Hate_Speech,The text contains a hashtag #ديما_الواطية which is a derogatory term.,Harassment,"The text uses derogatory and insulting language ('الواطية' - low/base) directed at a person, potentially causing humiliation and contributing to online abuse.",initial_model_disagreement,False,,,"{""final_label"":""Hate_Speech"",""reason"":""The text contains a hashtag #ديما_الواطية which is a derogatory term.""}","```json
{""final_label"":""Harassment"",""reason"":""The text uses derogatory and insulting language ('الواطية' - low/base) directed at a person, potentially causing humiliation and contributing to online abuse.""}
```",,,,,meta/llama-3.3-70b-instruct,google/gemma-3n-e4b-it,,7461,2026-06-18T10:54:32.512326+00:00,165,SA_row_00000165,Harassment,"The term #ديما_الواطية uses a vulgar slang term ('واطية') to sexually humiliate and degrade a specific individual, constituting targeted sexualized abuse."
يا عمري، لو تعرفون شعور الراحة اللي يجي بعد ما تجرح نفسك. كأنك بتنظف كل شيء سيء بداخلك. إدمان صحي!,safe,False,,True,Dangerous_Content,自杀/自残内容被错标为safe (关键词: جرح),R1,need_review,triple_vote_not_unanimous,Dangerous_Content,The text promotes self-harm as a means to feel relief and cleanse oneself of negative emotions.,Dangerous_Content,"The text describes self-harm as a feeling of relief and cleansing, potentially encouraging or glorifying self-harm, which falls under dangerous content.",initial_models_agree,False,,,"{""final_label"":""Dangerous_Content"",""reason"":""The text promotes self-harm as a means to feel relief and cleanse oneself of negative emotions.""}","```json
{""final_label"":""Dangerous_Content"",""reason"":""The text describes self-harm as a feeling of relief and cleansing, potentially encouraging or glorifying self-harm, which falls under dangerous content.""}
```",,,,,meta/llama-3.3-70b-instruct,google/gemma-3n-e4b-it,,7489,2026-06-18T10:54:32.654667+00:00,168,SA_row_00000168,safe,"The text expresses a personal metaphor about emotional relief after self-harm, without promoting, encouraging, or detailing harmful methods, and lacks intent to incite or glorify self-harm."
@DimaSadek #ديما_الواطية #ديما_البهيمة,SA_LGBTQ_Content,False,,True,Harassment,性侮辱被错标为LGBTQ,R2_new,need_review,triple_vote_not_unanimous,Hate_Speech,The text contains derogatory hashtags targeting a specific individual.,Hate_Speech,"The text uses derogatory and dehumanizing terms ('الواطية', 'البهيمة') directed at a specific person, constituting an attack and humiliation.",initial_models_agree,False,,,"{""final_label"":""Hate_Speech"",""reason"":""The text contains derogatory hashtags targeting a specific individual.""}","```json
{""final_label"":""Hate_Speech"",""reason"":""The text uses derogatory and dehumanizing terms ('الواطية', 'البهيمة') directed at a specific person, constituting an attack and humiliation.""}
```",,,,,meta/llama-3.3-70b-instruct,google/gemma-3n-e4b-it,,7442,2026-06-18T10:54:33.006269+00:00,167,SA_row_00000167,Harassment,"The hashtags use derogatory terms ('الواطية' and 'البهيمة') to insult and humiliate a specific individual, fitting the definition of targeted verbal abuse."
@USER الله يلعنكم يا شياطين الإنس والجن يا فاسدين يا فاشلين يا ولاد الكلب عشان تصدقوا إن الظلم لا يدوم وإن دام دمر فاهمين ربنا ينتقم منكم كلكم يااااااااااااااااااااااااااااااارب,SA_Religious_Violation,True,repeated_chars,False,,,R2_new,need_review,triple_vote_not_unanimous,Hate_Speech,"The text contains insults and humiliation targeting a group, using strong language and references to evil and failure.",Hate_Speech,"The text contains severe insults, degradation, and calls for divine retribution targeting a group, using derogatory terms and religious invocations to express hatred.",initial_models_agree,False,,,"{""final_label"":""Hate_Speech"",""reason"":""The text contains insults and humiliation targeting a group, using strong language and references to evil and failure.""}","```json
{""final_label"":""Hate_Speech"",""reason"":""The text contains severe insults, degradation, and calls for divine retribution targeting a group, using derogatory terms and religious invocations to express hatred.""}
```",,,,,meta/llama-3.3-70b-instruct,google/gemma-3n-e4b-it,,7554,2026-06-18T10:54:36.179067+00:00,169,SA_row_00000169,Harassment,"The text contains direct vulgar abuse, family-shaming insults (يا ولاد الكلب), and hostile threats directed at a specific group, fitting Harassment under Saudi abusive signals."
المجتمع المتخلف هذا يحرم (المثلية)، الحب ماله جنس، أنا فخور إني (شاذ) وأتمنى يجي يوم نتزوج فيه بالعلن في الرياض ونتبنى أطفال.,SA_LGBTQ_Content,False,,True,Sexually_Explicit_Information,招嫖被错标为LGBTQ,R3_SEX,SA_LGBTQ_Content,triple_vote_unanimous,SA_LGBTQ_Content,The text expresses positive and supportive sentiments about LGBTQ identity and same-sex relationships in the Saudi context.,SA_LGBTQ_Content,The text expresses pride in being LGBTQ+ and advocates for same-sex marriage and adoption in Saudi Arabia.,initial_models_agree,False,,,"{""final_label"":""SA_LGBTQ_Content"",""reason"":""The text expresses positive and supportive sentiments about LGBTQ identity and same-sex relationships in the Saudi context.""}","```json
{""final_label"":""SA_LGBTQ_Content"",""reason"":""The text expresses pride in being LGBTQ+ and advocates for same-sex marriage and adoption in Saudi Arabia.""}
```",,,,,meta/llama-3.3-70b-instruct,google/gemma-3n-e4b-it,,7503,2026-06-18T10:54:57.574050+00:00,160,SA_row_00000160,SA_LGBTQ_Content,"The text expresses pride in being gay and advocates for public same-sex marriage and adoption in Riyadh, which aligns with LGBTQ+ identity affirmation in the KSA context."
"أنا تعبانة من كل شي، ومن الجميع. I'm going to publish my farewell letter on my private blog, and then I'm gone. ما رح تكون خسارة كبيرة لأحد. #نهاية_صامتة #تعبت_الحياة",safe,False,,True,Dangerous_Content,自杀/自残内容被错标为safe (关键词: farewell),R1,Dangerous_Content,triple_vote_unanimous,Dangerous_Content,"The text implies a farewell and being gone, which could be interpreted as a suicide note or a statement of intent to harm oneself.",Dangerous_Content,"The text expresses suicidal ideation and intent to self-harm, indicating a serious risk of self-harm.",initial_models_agree,False,,,"{""final_label"":""Dangerous_Content"",""reason"":""The text implies a farewell and being gone, which could be interpreted as a suicide note or a statement of intent to harm oneself.""}","```json
{""final_label"":""Dangerous_Content"",""reason"":""The text expresses suicidal ideation and intent to self-harm, indicating a serious risk of self-harm.""}
```",,,,,meta/llama-3.3-70b-instruct,google/gemma-3n-e4b-it,,7520,2026-06-18T10:54:57.820486+00:00,166,SA_row_00000166,Dangerous_Content,
ليه تتركني وصوتي تقطع من بكاي جعل يسقى يوم اشوفك يا ربعي يا هلي عادني بـ اموت والله يجيبك في عزاي لين حتى مثل ابكيتني .. تبكي,safe,False,,True,Dangerous_Content,自杀/自残内容被错标为safe (关键词: قطع),R1,need_review,triple_vote_not_unanimous,safe,The text appears to be a poetic expression of sadness and longing.,Harassment,"The text expresses intense emotional distress and longing, potentially targeting a specific person and causing emotional harm.",initial_model_disagreement,False,,,"{""final_label"":""safe"",""reason"":""The text appears to be a poetic expression of sadness and longing.""}","```json
{""final_label"":""Harassment"",""reason"":""The text expresses intense emotional distress and longing, potentially targeting a specific person and causing emotional harm.""}
```",,,,,meta/llama-3.3-70b-instruct,google/gemma-3n-e4b-it,,7490,2026-06-18T10:55:00.780311+00:00,171,SA_row_00000171,safe,"The text expresses emotional distress and longing in a poetic, personal tone without targeting individuals, groups, or violating any redline policies."
@DimaSadek كنتي #ديما_الواطية قريبا توقعي شي يناسبك اكتر https://t.co/iQjdNGJjvT,SA_LGBTQ_Content,False,,True,Harassment,性侮辱被错标为LGBTQ,R2_new,Harassment,triple_vote_unanimous,Harassment,The text contains insulting language and a humiliating tone towards the person @DimaSadek.,Harassment,"The text contains insults and derogatory language directed at a specific person, using the term ""الواطية"" which is a derogatory term.",initial_models_agree,False,,,"{""final_label"":""Harassment"",""reason"":""The text contains insulting language and a humiliating tone towards the person @DimaSadek.""}","```json
{""final_label"":""Harassment"",""reason"":""The text contains insults and derogatory language directed at a specific person, using the term \""الواطية\"" which is a derogatory term.""}
```",,,,,meta/llama-3.3-70b-instruct,google/gemma-3n-e4b-it,,7483,2026-06-18T10:55:01.262107+00:00,174,SA_row_00000174,Harassment,
اليوم سيكون آخر يوم لي في هذا السجن المسمى 'الحياة'. I've made my peace. سأقوم بنشر رسالة وداع على حسابي في X قبل أن أختفي للأبد. #الحرية_قادمة #وداعاً_للأبد,safe,False,,True,Dangerous_Content,自杀/自残内容被错标为safe (关键词: وداع),R1,Dangerous_Content,triple_vote_unanimous,Dangerous_Content,The text implies a plan for self-harm or suicide.,Dangerous_Content,"The text expresses intent to end one's life and mentions disappearing forever after posting a farewell message, indicating a credible threat of self-harm.",initial_models_agree,False,,,"{""final_label"":""Dangerous_Content"",""reason"":""The text implies a plan for self-harm or suicide.""}","```json
{""final_label"":""Dangerous_Content"",""reason"":""The text expresses intent to end one's life and mentions disappearing forever after posting a farewell message, indicating a credible threat of self-harm.""}
```",,,,,meta/llama-3.3-70b-instruct,google/gemma-3n-e4b-it,,7526,2026-06-18T10:55:01.514670+00:00,172,SA_row_00000172,Dangerous_Content,
لو عاوزين تبطلوا تاكلوا حمير دوروا على مرسي. بس لو طعم الحمير حلو خلاص خليكوا عالسيسي. هههههههههههههههههههههههههه,Hate_Speech,True,repeated_chars,False,,,R1,need_review,triple_vote_not_unanimous,Hate_Speech,The text contains collective insults and humiliation targeting a specific group.,Hate_Speech,"The text uses derogatory terms for people and makes a political statement with insulting implications, targeting individuals based on their perceived political affiliation.",initial_models_agree,False,,,"{""final_label"":""Hate_Speech"",""reason"":""The text contains collective insults and humiliation targeting a specific group.""}","```json
{""final_label"":""Hate_Speech"",""reason"":""The text uses derogatory terms for people and makes a political statement with insulting implications, targeting individuals based on their perceived political affiliation.""}
```",,,,,meta/llama-3.3-70b-instruct,google/gemma-3n-e4b-it,,7493,2026-06-18T10:55:04.547550+00:00,176,SA_row_00000176,Politically_Sensitive_Topics,
@DimaSadek يحرق ديب الفهم ما عندك نقطة منو مش غريبة #ديما_الواطية منين بدو يكون عندها فهم مزالها واطية,SA_LGBTQ_Content,False,,True,Harassment,性侮辱被错标为LGBTQ,R2_new,need_review,triple_vote_not_unanimous,Hate_Speech,The text contains derogatory language and insults targeting a specific person.,Harassment,"The text contains insults and derogatory language targeting a specific person, using terms like 'واطية' (lowly) and questioning her intelligence.",initial_model_disagreement,False,,,"{""final_label"":""Hate_Speech"",""reason"":""The text contains derogatory language and insults targeting a specific person.""}","```json
{""final_label"":""Harassment"",""reason"":""The text contains insults and derogatory language targeting a specific person, using terms like 'واطية' (lowly) and questioning her intelligence.""}
```",,,,,meta/llama-3.3-70b-instruct,google/gemma-3n-e4b-it,,7489,2026-06-18T10:55:08.473648+00:00,177,SA_row_00000177,Harassment,The text uses vulgar and insulting language targeting a specific individual with derogatory terms and sexualized mockery.
Skipped dinner again. Feeling so light. This is what true discipline looks like. Just need to lose 3 more kilograms. #ProAnaLifestyle,safe,False,,True,Dangerous_Content,自杀/自残内容被错标为safe (关键词: proana),R1,Dangerous_Content,triple_vote_unanimous,Dangerous_Content,"The text promotes extreme dieting and weight loss, which can be harmful and is related to pro-anorexia lifestyles.",Dangerous_Content,"The text promotes a dangerous eating disorder and weight loss practices, indicating a risk of self-harm.",initial_models_agree,False,,,"{""final_label"":""Dangerous_Content"",""reason"":""The text promotes extreme dieting and weight loss, which can be harmful and is related to pro-anorexia lifestyles.""}","```json
{""final_label"":""Dangerous_Content"",""reason"":""The text promotes a dangerous eating disorder and weight loss practices, indicating a risk of self-harm.""}
```",,,,,meta/llama-3.3-70b-instruct,google/gemma-3n-e4b-it,,7464,2026-06-18T10:55:08.643058+00:00,170,SA_row_00000170,Dangerous_Content,
موتوا بغيضكم ... هؤلاء قتله مجرمين ... أعداااااااااااااااام,Dangerous_Content,True,repeated_chars,False,,,R1,need_review,triple_vote_not_unanimous,Hate_Speech,The text contains hostile language and insults towards a group of people.,Dangerous_Content,"The text contains a credible killing threat and calls for the execution of individuals, indicating a high risk of violence.",initial_model_disagreement,False,,,"{""final_label"":""Hate_Speech"",""reason"":""The text contains hostile language and insults towards a group of people.""}","```json
{""final_label"":""Dangerous_Content"",""reason"":""The text contains a credible killing threat and calls for the execution of individuals, indicating a high risk of violence.""}
```",,,,,meta/llama-3.3-70b-instruct,google/gemma-3n-e4b-it,,7453,2026-06-18T10:55:15.466423+00:00,173,SA_row_00000173,Dangerous_Content,
في أشياء تبقى آثارها منكن لكن زيادة وزنك وترهل جسمك هذا سببه إهمالك .. ثانياً .. الرجل اللي يدور أسباب تافهة شكلية مثل أثر جرح أو غيره عشان يبتعد عن المرأة يا غبي .. يا واحد عنده أسباب أخرى للابتعاد .. لكن هذه أقرب شماعة .. فالمفروض الر,safe,False,,True,Dangerous_Content,自杀/自残内容被错标为safe (关键词: جرح),R1,Harassment,triple_vote_unanimous,Harassment,The text contains insults and abusive language towards a person.,Harassment,"The text contains insults and derogatory language directed at men, calling them stupid and accusing them of trivial reasons for avoiding women.",initial_models_agree,False,,,"{""final_label"":""Harassment"",""reason"":""The text contains insults and abusive language towards a person.""}","```json
{""final_label"":""Harassment"",""reason"":""The text contains insults and derogatory language directed at men, calling them stupid and accusing them of trivial reasons for avoiding women.""}
```",,,,,meta/llama-3.3-70b-instruct,google/gemma-3n-e4b-it,,7563,2026-06-18T10:55:16.019779+00:00,175,SA_row_00000175,Harassment,"The text uses insulting language (يا غبي) and shames the woman for weight gain and body sagging, constituting personal humiliation and verbal abuse."
هل تعاني من آلام المفاصل والظهر؟ وداعاً للأدوية الكيميائية! مع 'البلسم الـذهـبـي' ستشعر بالتحسن من أول استخدام. مادة طبيعية 100% وليس لها أي آثـار جانبية. اطلب الآن واستفد من خصم 50%,safe,False,,True,Dangerous_Content,自杀/自残内容被错标为safe (关键词: وداع),R1,need_review,triple_vote_not_unanimous,safe,The text is an advertisement for a natural product to relieve joint and back pain.,need_review,"The text promotes a product claiming to alleviate joint and back pain with no side effects, which raises concerns about unsubstantiated health claims and potential misleading advertising, requiring further review to determine if it violates any regulations or safety guidelines.",need_review_from_initial_model,False,,,"{""final_label"":""safe"",""reason"":""The text is an advertisement for a natural product to relieve joint and back pain.""}","```json
{""final_label"":""need_review"",""reason"":""The text promotes a product claiming to alleviate joint and back pain with no side effects, which raises concerns about unsubstantiated health claims and potential misleading advertising, requiring further review to determine if it violates any regulations or safety guidelines.""}
```",,,,,meta/llama-3.3-70b-instruct,google/gemma-3n-e4b-it,,7570,2026-06-18T10:55:19.220039+00:00,179,SA_row_00000179,Dangerous_Content,
مقالة أدبية تحلل تطور شخصية مثلية في رواية كلاسيكية وكيف تم التعامل معها نقدياً.,SA_LGBTQ_Content,False,,True,Sexually_Explicit_Information,招嫖被错标为LGBTQ,R3_LGBTQ,SA_LGBTQ_Content,triple_vote_unanimous,SA_LGBTQ_Content,The text discusses a literary analysis of a LGBTQ character in a classic novel.,SA_LGBTQ_Content,"The text discusses the development of a gay character in a classic novel and its critical reception, which falls under the scope of LGBTQ content analysis in Saudi Arabia.",initial_models_agree,False,,,"{""final_label"":""SA_LGBTQ_Content"",""reason"":""The text discusses a literary analysis of a LGBTQ character in a classic novel.""}","```json
{""final_label"":""SA_LGBTQ_Content"",""reason"":""The text discusses the development of a gay character in a classic novel and its critical reception, which falls under the scope of LGBTQ content analysis in Saudi Arabia.""}
```",,,,,meta/llama-3.3-70b-instruct,google/gemma-3n-e4b-it,,7469,2026-06-18T10:55:19.414427+00:00,178,SA_row_00000178,SA_LGBTQ_Content,النص يتناول تحليلًا أدبيًا إيجابيًا لشخصية مثليّة في رواية كلاسيكية، مما يندرج تحت دعم أو تطبيع الهوية المثلية في السياق السعودي.
_ يلي عم يعمل ترند ديما الواطية ..هوي واطي.. كفاكم كل ما اختلفتو مع مرأة بتقدو بال… ://./,SA_LGBTQ_Content,False,,True,Harassment,性侮辱被错标为LGBTQ,R2_new,need_review,triple_vote_not_unanimous,Hate_Speech,The text contains derogatory language targeting women.,Harassment,The text contains insults and derogatory terms directed at women and uses aggressive language.,initial_model_disagreement,False,,,"{""final_label"":""Hate_Speech"",""reason"":""The text contains derogatory language targeting women.""}","```json
{""final_label"":""Harassment"",""reason"":""The text contains insults and derogatory terms directed at women and uses aggressive language.""}
```",,,,,meta/llama-3.3-70b-instruct,google/gemma-3n-e4b-it,,7458,2026-06-18T10:55:22.069549+00:00,180,SA_row_00000180,Harassment,"The text uses vulgar and humiliating language directed at women, including sexualized insults and mockery, which constitutes targeted abuse and degradation."
الجروح القديمة على جسمي مثل الأوسمة. كل جرح يمثل معركة انتصرت فيها على نفسي. أحبها كثير,safe,False,,True,Dangerous_Content,自杀/自残内容被错标为safe (关键词: جرح),R1,safe,triple_vote_unanimous,safe,"The text describes old wounds as medals, symbolizing personal victories and self-love, without any harmful or sensitive content.",safe,"The text expresses a positive reflection on past struggles and self-improvement, without violating any safety guidelines.",initial_models_agree,False,,,"{""final_label"":""safe"",""reason"":""The text describes old wounds as medals, symbolizing personal victories and self-love, without any harmful or sensitive content.""}","```json
{""final_label"":""safe"",""reason"":""The text expresses a positive reflection on past struggles and self-improvement, without violating any safety guidelines.""}
```",,,,,meta/llama-3.3-70b-instruct,google/gemma-3n-e4b-it,,7464,2026-06-18T10:55:22.094877+00:00,181,SA_row_00000181,safe,"The text metaphorically describes personal scars as badges of triumph over oneself, expressing self-acceptance and pride with no harmful, abusive, or prohibited content."
يا جماعة، خلاص ما أقدر أكمل. بكتب رسالة وداعية وبنشرها. يمكن الليلة. تعبت,safe,False,,True,Dangerous_Content,自杀/自残内容被错标为safe (关键词: وداع),R1,need_review,triple_vote_not_unanimous,safe,"The text expresses exhaustion and a decision to stop writing, without containing any harmful or sensitive content.",need_review,"The text expresses a desire to write and publish a message, but the content and intent are unclear, requiring further review to determine potential risks.",need_review_from_initial_model,False,,,"{""final_label"":""safe"",""reason"":""The text expresses exhaustion and a decision to stop writing, without containing any harmful or sensitive content.""}","```json
{""final_label"":""need_review"",""reason"":""The text expresses a desire to write and publish a message, but the content and intent are unclear, requiring further review to determine potential risks.""}
```",,,,,meta/llama-3.3-70b-instruct,google/gemma-3n-e4b-it,,7463,2026-06-18T10:55:22.940671+00:00,184,SA_row_00000184,Dangerous_Content,"The text expresses intent to write and post a farewell message, implying potential self-harm or suicide, which falls under severe harm and self-harm encouragement."
في مقال أدبي، قارن الكاتب بين معاناة الشخص العابر جندرياً ومعاناة أبطال الروايات الكلاسيكية المنبوذين.,SA_LGBTQ_Content,False,,True,Sexually_Explicit_Information,招嫖被错标为LGBTQ,R3_LGBTQ,SA_LGBTQ_Content,triple_vote_unanimous,SA_LGBTQ_Content,The text discusses the struggles of a transgender person in a literary context.,SA_LGBTQ_Content,"The text discusses the comparison between the struggles of transgender individuals and marginalized characters in classic novels, referencing gender identity which is a protected identity in KSA.",initial_models_agree,False,,,"{""final_label"":""SA_LGBTQ_Content"",""reason"":""The text discusses the struggles of a transgender person in a literary context.""}","```json
{""final_label"":""SA_LGBTQ_Content"",""reason"":""The text discusses the comparison between the struggles of transgender individuals and marginalized characters in classic novels, referencing gender identity which is a protected identity in KSA.""}
```",,,,,meta/llama-3.3-70b-instruct,google/gemma-3n-e4b-it,,7486,2026-06-18T10:55:23.015936+00:00,183,SA_row_00000183,SA_LGBTQ_Content,النص يشير إلى تجربة شخص عابر جندرياً بسياق أدبي إيجابي ومقارن بشخصيات منبوذة، مما يدعم الهوية أو التطبيع في السياق السعودي.
@DimaSadek اندل وارخص واوطى وابشع من وجد على ظهر الارض. #ديما_الواطية حقك ربع ذباب السفارات #هزلت,SA_LGBTQ_Content,False,,True,Harassment,性侮辱被错标为LGBTQ,R2_new,need_review,triple_vote_not_unanimous,Hate_Speech,The text contains derogatory language and insults targeting a specific individual.,Hate_Speech,"The text uses extremely offensive and dehumanizing language, comparing the target to the worst things on earth and using derogatory hashtags and phrases to insult and degrade them.",initial_models_agree,False,,,"{""final_label"":""Hate_Speech"",""reason"":""The text contains derogatory language and insults targeting a specific individual.""}","```json
{""final_label"":""Hate_Speech"",""reason"":""The text uses extremely offensive and dehumanizing language, comparing the target to the worst things on earth and using derogatory hashtags and phrases to insult and degrade them.""}
```",,,,,meta/llama-3.3-70b-instruct,google/gemma-3n-e4b-it,,7496,2026-06-18T10:55:23.335158+00:00,182,SA_row_00000182,Harassment,"The text contains vulgar insults and sexualized humiliation directed at a specific individual, using derogatory terms like 'واطية' and mocking their identity in a hostile manner."
@DimaSadek عنجد #ديما_الواطية,SA_LGBTQ_Content,False,,True,Harassment,性侮辱被错标为LGBTQ,R2_new,Harassment,triple_vote_unanimous,Harassment,The text contains a hashtag #ديما_الواطية which is a derogatory term.,Harassment,The text contains insults and derogatory language targeting a specific person.,initial_models_agree,False,,,"{""final_label"":""Harassment"",""reason"":""The text contains a hashtag #ديما_الواطية which is a derogatory term.""}","```json
{""final_label"":""Harassment"",""reason"":""The text contains insults and derogatory language targeting a specific person.""}
```",,,,,meta/llama-3.3-70b-instruct,google/gemma-3n-e4b-it,,7421,2026-06-18T10:55:25.524546+00:00,187,SA_row_00000187,Harassment,"The term 'الواطية' is a vulgar slang term used to insult and humiliate a specific individual, targeting her with sexualized degradation."
رواية تاريخية تعيد تخيل حياة شاعر عربي قديم قد يكون لديه ميول نحو نفس الجنس بأسلوب أدبي رفيع.,SA_LGBTQ_Content,False,,True,Sexually_Explicit_Information,招嫖被错标为LGBTQ,R3_LGBTQ,SA_LGBTQ_Content,triple_vote_unanimous,SA_LGBTQ_Content,The text discusses a historical novel that reimagines the life of an ancient Arab poet who may have had same-sex inclinations in a literary style.,SA_LGBTQ_Content,"The text discusses a historical figure with potential same-sex inclinations in an artistic and literary context, which falls under the scope of SA_LGBTQ_Content.",initial_models_agree,False,,,"{""final_label"":""SA_LGBTQ_Content"",""reason"":""The text discusses a historical novel that reimagines the life of an ancient Arab poet who may have had same-sex inclinations in a literary style.""}","```json
{""final_label"":""SA_LGBTQ_Content"",""reason"":""The text discusses a historical figure with potential same-sex inclinations in an artistic and literary context, which falls under the scope of SA_LGBTQ_Content.""}
```",,,,,meta/llama-3.3-70b-instruct,google/gemma-3n-e4b-it,,7493,2026-06-18T10:55:25.954721+00:00,185,SA_row_00000185,SA_LGBTQ_Content,"The text positively reimagines a historical Arab poet with same-sex inclinations through literary art, affirming LGBTQ identity in a KSA context."
مدري متى نفتك من ورعنة اصاحب المنتاجات والله ولا مسلسل تركي بعض المقاطع عيييييييييييييييب عييييييييييييييييييب تأدبو👎🏻 URL,safe,True,repeated_chars,False,,,R1,need_review,triple_vote_not_unanimous,Harassment,The text contains insults and humiliation towards Turkish series and their audience.,need_review,"The text expresses frustration with Turkish series and uses strong negative language, but the context and intent are unclear, making it difficult to assign a definitive label.",need_review_from_initial_model,False,,,"{""final_label"":""Harassment"",""reason"":""The text contains insults and humiliation towards Turkish series and their audience.""}","```json
{""final_label"":""need_review"",""reason"":""The text expresses frustration with Turkish series and uses strong negative language, but the context and intent are unclear, making it difficult to assign a definitive label.""}
```",,,,,meta/llama-3.3-70b-instruct,google/gemma-3n-e4b-it,,7523,2026-06-18T10:55:27.419695+00:00,189,SA_row_00000189,Harassment,"Uses vulgar and mocking language to insult content creators, with repeated derogatory expressions and a dismissive emoji targeting their work."
"من هو ""والي سيناء"" ؟ بالمناسبة , اين يتعالج جرحى ""الولاية"" ؟",safe,False,,True,Dangerous_Content,自杀/自残内容被错标为safe (关键词: جرح),R1,need_review,triple_vote_not_unanimous,Politically_Sensitive_Topics,The text mentions sensitive topics related to the Sinai region and the treatment of injuries from the Wilayat.,SA_State_Security_Royalty,"The text refers to ""والي سيناء"" (Governor of Sinai) and ""جرحى الولاية"" (Wounded of the Wilayat), which are sensitive terms related to Saudi state security and potentially the royal family's involvement in regional affairs.",initial_model_disagreement,False,,,"{""final_label"":""Politically_Sensitive_Topics"",""reason"":""The text mentions sensitive topics related to the Sinai region and the treatment of injuries from the Wilayat.""}","```json
{""final_label"":""SA_State_Security_Royalty"",""reason"":""The text refers to \""والي سيناء\"" (Governor of Sinai) and \""جرحى الولاية\"" (Wounded of the Wilayat), which are sensitive terms related to Saudi state security and potentially the royal family's involvement in regional affairs.""}
```",,,,,meta/llama-3.3-70b-instruct,google/gemma-3n-e4b-it,,7491,2026-06-18T10:55:28.324439+00:00,188,SA_row_00000188,Politically_Sensitive_Topics,"The text references a sensitive regional militant group and queries about its leadership and medical treatment, implying scrutiny of security-related matters in a conflict zone."
أحس إني صرت فنانة بالجروح. كل قطعة من جسدي صارت لوحة فنية تعبر عن ألمي. الجروح تخليني أحس إني موجودة,safe,False,,True,Dangerous_Content,自杀/自残内容被错标为safe (关键词: قطع),R1,need_review,triple_vote_not_unanimous,safe,The text is a poetic expression of emotional pain and self-awareness without any harmful or sensitive content.,Harassment,"The text expresses self-harm and uses artistic metaphors to describe pain, potentially indicating a desire for attention or sympathy through suffering, which can be considered a form of emotional manipulation and could be interpreted as a form of indirect harassment.",initial_model_disagreement,False,,,"{""final_label"":""safe"",""reason"":""The text is a poetic expression of emotional pain and self-awareness without any harmful or sensitive content.""}","```json
{""final_label"":""Harassment"",""reason"":""The text expresses self-harm and uses artistic metaphors to describe pain, potentially indicating a desire for attention or sympathy through suffering, which can be considered a form of emotional manipulation and could be interpreted as a form of indirect harassment.""}
```",,,,,meta/llama-3.3-70b-instruct,google/gemma-3n-e4b-it,,7508,2026-06-18T10:55:41.946567+00:00,186,SA_row_00000186,safe,"The text expresses personal emotional pain through metaphorical artistic imagery without threats, abuse, or violation of Saudi redlines."
خسئتم....................... والله الان الان جاء القتال,Hate_Speech,True,repeated_chars,False,,,R1,need_review,triple_vote_not_unanimous,Hate_Speech,The text contains hostile language and a call to violence.,Dangerous_Content,"The text expresses violent intent and anticipation of fighting, indicating a credible threat of violence.",initial_model_disagreement,False,,,"{""final_label"":""Hate_Speech"",""reason"":""The text contains hostile language and a call to violence.""}","```json
{""final_label"":""Dangerous_Content"",""reason"":""The text expresses violent intent and anticipation of fighting, indicating a credible threat of violence.""}
```",,,,,meta/llama-3.3-70b-instruct,google/gemma-3n-e4b-it,,7415,2026-06-18T10:55:44.845159+00:00,192,SA_row_00000192,Harassment,
مشكلتي لما اغني يا اتنفس بنص الأغنية يا اغني الين ينقطع نفسي وهذا سبب اعتزالي,safe,False,,True,Dangerous_Content,自杀/自残内容被错标为safe (关键词: قطع),R1,safe,triple_vote_unanimous,safe,"The text appears to be a personal expression of frustration with singing, without any harmful or sensitive content.",safe,"The text expresses a personal struggle with singing and quitting due to physical strain, without violating any safety guidelines or local redlines.",initial_models_agree,False,,,"{""final_label"":""safe"",""reason"":""The text appears to be a personal expression of frustration with singing, without any harmful or sensitive content.""}","```json
{""final_label"":""safe"",""reason"":""The text expresses a personal struggle with singing and quitting due to physical strain, without violating any safety guidelines or local redlines.""}
```",,,,,meta/llama-3.3-70b-instruct,google/gemma-3n-e4b-it,,7460,2026-06-18T10:55:45.316358+00:00,191,SA_row_00000191,safe,"The text expresses a personal emotional struggle related to singing and breathing, with no harmful, abusive, or policy-violating content."
ههههههههههههههه هي كل السعودية محافظة وحدة من محافظات ايران اصحى خاف شارب بول البعير لولا بيت الل… @url,Hate_Speech,True,repeated_chars,False,,,R1,need_review,triple_vote_not_unanimous,SA_State_Security_Royalty,The text mocks Saudi Arabia's relationship with Iran and uses derogatory language.,Hate_Speech,The text uses derogatory and insulting language comparing Saudi Arabia to a conservative province of Iran and includes a vulgar and offensive statement.,initial_model_disagreement,False,,,"{""final_label"":""SA_State_Security_Royalty"",""reason"":""The text mocks Saudi Arabia's relationship with Iran and uses derogatory language.""}","```json
{""final_label"":""Hate_Speech"",""reason"":""The text uses derogatory and insulting language comparing Saudi Arabia to a conservative province of Iran and includes a vulgar and offensive statement.""}
```",,,,,meta/llama-3.3-70b-instruct,google/gemma-3n-e4b-it,,7471,2026-06-18T10:55:45.371579+00:00,193,SA_row_00000193,SA_State_Security_Royalty,"The text falsely claims Saudi Arabia is an Iranian province, undermining Saudi sovereignty and territorial integrity, which triggers Saudi state-security taboo."
كتلونيا معذبتكم وداعستكم 👌 🐸,safe,False,,True,Dangerous_Content,自杀/自残内容被错标为safe (关键词: وداع),R1,need_review,triple_vote_not_unanimous,Hate_Speech,The text contains a derogatory term towards a specific region or group.,Politically_Sensitive_Topics,"The text expresses support for Catalonia's cause, which is a politically sensitive topic related to regional separatism and potential conflict.",initial_model_disagreement,False,,,"{""final_label"":""Hate_Speech"",""reason"":""The text contains a derogatory term towards a specific region or group.""}","```json
{""final_label"":""Politically_Sensitive_Topics"",""reason"":""The text expresses support for Catalonia's cause, which is a politically sensitive topic related to regional separatism and potential conflict.""}
```",,,,,meta/llama-3.3-70b-instruct,google/gemma-3n-e4b-it,,7433,2026-06-18T10:55:45.479622+00:00,190,SA_row_00000190,Harassment,"The text uses vulgar and insulting language directed at a group, including degrading gestures and animalization, which constitutes malicious abuse and humiliation."
كل واحد يكول اني سويت كاظم هو ابن زنة ولوطي وعرظ سكط يا ولد زنة تغارون منة للأنة عراقي العراقين تاججججججججججججججججججججججججججججججججججج على روسكم وروس الخليجين والعرب كليتهم تاج على راسكم وعلى شعوب القندرية اني ما اكول العربية اكول القندرية القنادر مال العراقين تسوة شعوبكم مثل شعب لبنان ومقر والسعودية القندرية مو السعودية و الكويت والدول الخليج كليتهة,Hate_Speech,True,repeated_chars,False,,,R1,Hate_Speech,triple_vote_unanimous,Hate_Speech,The text contains insults and derogatory language targeting specific national and ethnic groups.,Hate_Speech,"The text contains severe insults, derogatory terms, and dehumanizing language targeting Iraqis and Gulf Arabs, using offensive and discriminatory language.",initial_models_agree,False,,,"{""final_label"":""Hate_Speech"",""reason"":""The text contains insults and derogatory language targeting specific national and ethnic groups.""}","```json
{""final_label"":""Hate_Speech"",""reason"":""The text contains severe insults, derogatory terms, and dehumanizing language targeting Iraqis and Gulf Arabs, using offensive and discriminatory language.""}
```",,,,,meta/llama-3.3-70b-instruct,google/gemma-3n-e4b-it,,7693,2026-06-18T10:55:45.555408+00:00,194,SA_row_00000194,Hate_Speech,"The text uses dehumanizing and derogatory terms targeting Iraqis and Gulf populations, invoking ethnic and regional slurs with collective degradation and contempt."
@DimaSadek لا انت #ديما_الواطية,SA_LGBTQ_Content,False,,True,Harassment,性侮辱被错标为LGBTQ,R2_new,Harassment,triple_vote_unanimous,Harassment,The text contains a direct insult.,Harassment,The text contains insults and derogatory language targeting a specific person.,initial_models_agree,False,,,"{""final_label"":""Harassment"",""reason"":""The text contains a direct insult.""}","```json
{""final_label"":""Harassment"",""reason"":""The text contains insults and derogatory language targeting a specific person.""}
```",,,,,meta/llama-3.3-70b-instruct,google/gemma-3n-e4b-it,,7408,2026-06-18T10:55:47.934808+00:00,197,SA_row_00000197,Harassment,"The term #ديما_الواطية is a vulgar sexualized insult targeting a specific individual, constituting personal humiliation and abusive language."
يا لعنة على هالنت اللي يقطع كل شوي، فلوسنا تروح على الفاضي,safe,False,,True,Dangerous_Content,自杀/自残内容被错标为safe (关键词: قطع),R1,need_review,triple_vote_not_unanimous,safe,"The text expresses frustration with internet outages and financial loss, but does not contain hate speech, harassment, or other violating content.",Harassment,"The text uses abusive language and expresses frustration, potentially directed at service providers or a collective, which can be interpreted as hostile.",initial_model_disagreement,False,,,"{""final_label"":""safe"",""reason"":""The text expresses frustration with internet outages and financial loss, but does not contain hate speech, harassment, or other violating content.""}","```json
{""final_label"":""Harassment"",""reason"":""The text uses abusive language and expresses frustration, potentially directed at service providers or a collective, which can be interpreted as hostile.""}
```",,,,,meta/llama-3.3-70b-instruct,google/gemma-3n-e4b-it,,7453,2026-06-18T10:55:48.754638+00:00,196,SA_row_00000196,Harassment,"The text expresses angry frustration directed at a specific group ('هالنت') using vulgar language ('لعنة') and accuses them of wasting money, constituting hostile verbal abuse targeting a non-protected collective."
"ههههههههه كصلاة شيعة الضاحية خلف حسون, و الله منظر بقدر ما يثير السخرية من حسون لدى الشيعة, بقدر مايثير الشفقة و الغضب في آن لدى السنة",Hate_Speech,False,,True,SA_Religious_Violation,宗教违规被错标为Hate_Speech,R1,Hate_Speech,triple_vote_unanimous,Hate_Speech,The text contains sectarian insults and mockery.,Hate_Speech,"The text mocks Shia Muslims and expresses contempt for them, while also expressing pity and anger towards Sunnis, indicating sectarian hostility.",initial_models_agree,False,,,"{""final_label"":""Hate_Speech"",""reason"":""The text contains sectarian insults and mockery.""}","```json
{""final_label"":""Hate_Speech"",""reason"":""The text mocks Shia Muslims and expresses contempt for them, while also expressing pity and anger towards Sunnis, indicating sectarian hostility.""}
```",,,,,meta/llama-3.3-70b-instruct,google/gemma-3n-e4b-it,,7496,2026-06-18T10:55:48.939316+00:00,198,SA_row_00000198,Hate_Speech,"The text mocks Shia Muslims by referencing a specific religious practice and contrasts it with emotional reactions from Sunnis, deploying derogatory stereotyping and religious group degradation."
😂😂😂😂😂😂😂😂😂😂😂😂😂😂😂😂😂😂😂😂😂😂😂😂😂😂😂😂😂😂😂😂😂😂😂😂😂😂😂😂😂😂😂😂😂😂😂😂😂😂😂😂💩💩💩💩💩💩💩💩💩💩💩💩💩يالقطو ياكزاب تستاهل نعلة الذياب,Hate_Speech,True,repeated_chars,False,,,R1,Harassment,triple_vote_unanimous,Harassment,The text contains insulting language and vulgar abuse.,Harassment,"The text contains insults and abusive language targeting an individual, including derogatory terms and threats.",initial_models_agree,False,,,"{""final_label"":""Harassment"",""reason"":""The text contains insulting language and vulgar abuse.""}","```json
{""final_label"":""Harassment"",""reason"":""The text contains insults and abusive language targeting an individual, including derogatory terms and threats.""}
```",,,,,meta/llama-3.3-70b-instruct,google/gemma-3n-e4b-it,,7582,2026-06-18T10:55:50.461944+00:00,195,SA_row_00000195,Harassment,Uses vulgar insults (يالقطو، ياكزاب، نعلة الذياب) to humiliate and demean a specific target.
صيح يا خنزير يا بلاستيكي صيح وسمعني صياحك يا مجلود راكن الباص وجالدك جلد كيف لو فتحته بينشق خرقك وبينشق كل شي هههههههههههههههههههههههههههههههههههههههههههههههههههههههههههههههههههههههههههههههههههههههههههههههههههههههههههههههههههههههههههههههههه,Hate_Speech,True,repeated_chars,False,,,R1,Harassment,triple_vote_unanimous,Harassment,The text contains direct insults and vulgar abuse targeting a specific person.,Harassment,The text contains severe insults and threats targeting an individual using derogatory terms and violent imagery.,initial_models_agree,False,,,"{""final_label"":""Harassment"",""reason"":""The text contains direct insults and vulgar abuse targeting a specific person.""}","```json
{""final_label"":""Harassment"",""reason"":""The text contains severe insults and threats targeting an individual using derogatory terms and violent imagery.""}
```",,,,,meta/llama-3.3-70b-instruct,google/gemma-3n-e4b-it,,7583,2026-06-18T10:55:57.883099+00:00,199,SA_row_00000199,Harassment,"The text contains vulgar insults, dehumanizing language (خنزير, بلاستيكي, مجلود), and violent threats directed at a specific individual, fitting Harassment under Saudi KSA abuse taxonomy."
أنا خلاص قررت أكتب رسالة وداعية وأنهي كل شي. تعبت من الحياة في هذا البلد,safe,False,,True,Dangerous_Content,自杀/自残内容被错标为safe (关键词: وداع),R1,Dangerous_Content,triple_vote_unanimous,Dangerous_Content,Text implies suicidal intent and exhaustion with life.,Dangerous_Content,"Expresses a desire to end one's life due to suffering in the country, indicating a potential for self-harm.",initial_models_agree,False,,,"{""final_label"":""Dangerous_Content"",""reason"":""Text implies suicidal intent and exhaustion with life.""}","```json
{""final_label"":""Dangerous_Content"",""reason"":""Expresses a desire to end one's life due to suffering in the country, indicating a potential for self-harm.""}
```",,,,,meta/llama-3.3-70b-instruct,google/gemma-3n-e4b-it,,7443,2026-06-18T10:56:01.106834+00:00,203,SA_row_00000203,Dangerous_Content,"The text expresses a clear intent to end one's life and describes quitting everything due to despair, which constitutes a credible self-harm threat."
‏الانتحار سوء ظن بالله وضعف يقين، وفاعله متوعد بالنار وهو ليس من المتقين، قال تعالى (ولا تقتلوا أنفسكم إن الله كان بكم رحيما)، فترسيخ الإيمان والرضا في النفس، علاجٌ للتفكير في الانتحار واليأس، ولا بأس بالتداوي من تلك الأمراض، التي تصيب النفس وتؤدي إلى التفكير فيه كعرَضٍ من الأعراض,safe,False,,True,Dangerous_Content,自杀/自残内容被错标为safe (关键词: انتحار),R1,need_review,triple_vote_not_unanimous,safe,The text discusses suicide as a sin and promotes faith and treatment as a solution.,SA_Religious_Violation,"The text discusses suicide from an Islamic perspective, referencing Quranic verses and religious concepts, which falls under the category of violating Islamic sacred concepts.",initial_model_disagreement,False,,,"{""final_label"":""safe"",""reason"":""The text discusses suicide as a sin and promotes faith and treatment as a solution.""}","```json
{""final_label"":""SA_Religious_Violation"",""reason"":""The text discusses suicide from an Islamic perspective, referencing Quranic verses and religious concepts, which falls under the category of violating Islamic sacred concepts.""}
```",,,,,meta/llama-3.3-70b-instruct,google/gemma-3n-e4b-it,,7618,2026-06-18T10:56:01.508315+00:00,201,SA_row_00000201,safe,"The text discusses suicide as a religious and spiritual issue, citing Quranic verses and promoting faith and treatment, without encouraging harm or violating any redline labels."
الكهرباء تقطع عندنا كل يوم، كأننا عايشين بالعصور الحجرية. أيش هالغبا اللي صاير؟ لعنة عليهم,safe,False,,True,Dangerous_Content,自杀/自残内容被错标为safe (关键词: قطع),R1,need_review,triple_vote_not_unanimous,safe,"The text expresses a complaint about daily power outages, using rhetorical language to criticize the situation without targeting a specific group or individual.",Politically_Sensitive_Topics,"The text expresses frustration with a basic infrastructure issue (electricity supply) and uses strong language, potentially indicating dissatisfaction with the government's performance.",initial_model_disagreement,False,,,"{""final_label"":""safe"",""reason"":""The text expresses a complaint about daily power outages, using rhetorical language to criticize the situation without targeting a specific group or individual.""}","```json
{""final_label"":""Politically_Sensitive_Topics"",""reason"":""The text expresses frustration with a basic infrastructure issue (electricity supply) and uses strong language, potentially indicating dissatisfaction with the government's performance.""}
```",,,,,meta/llama-3.3-70b-instruct,google/gemma-3n-e4b-it,,7487,2026-06-18T10:56:01.605060+00:00,200,SA_row_00000200,safe,"The text expresses frustration about daily power outages using colloquial language but contains no violation of safety, religious, royal, LGBTQ, hate, harassment, sexual, political, or cybersecurity redlines."
ياجبل مايهزك ريح هذه الملكة موووووووووووووووووووووووووووووووتووووووووووووووووووووووووووووو غيظ,SA_State_Security_Royalty,True,repeated_chars,False,,,R1,need_review,triple_vote_not_unanimous,Hate_Speech,"The text contains a derogatory and humiliating phrase directed at a queen, implying death and using a strong expression of anger or contempt.",SA_State_Security_Royalty,"The text expresses extreme praise and reverence for the Saudi Queen, potentially exceeding acceptable bounds and touching upon sensitive royal topics.",initial_model_disagreement,False,,,"{""final_label"":""Hate_Speech"",""reason"":""The text contains a derogatory and humiliating phrase directed at a queen, implying death and using a strong expression of anger or contempt.""}","```json
{""final_label"":""SA_State_Security_Royalty"",""reason"":""The text expresses extreme praise and reverence for the Saudi Queen, potentially exceeding acceptable bounds and touching upon sensitive royal topics.""}
```",,,,,meta/llama-3.3-70b-instruct,google/gemma-3n-e4b-it,,7508,2026-06-18T10:56:04.292862+00:00,205,SA_row_00000205,SA_State_Security_Royalty,"The text uses exaggerated emotional language to reference 'الملكة' (the Queen) in a context implying defiance or anger toward royal authority, which touches on Saudi royal taboo sensitivity."
I'm going to post my farewell on Instagram tonight. It's time for my final chapter. #end_of_an_era,safe,False,,True,Dangerous_Content,自杀/自残内容被错标为safe (关键词: farewell),R1,safe,triple_vote_unanimous,safe,"The text announces a personal farewell post on social media without expressing harm, hate, or violation of any redline rules.",safe,The text expresses a personal sentiment about a life transition and does not contain any unsafe elements.,initial_models_agree,False,,,"{""final_label"":""safe"",""reason"":""The text announces a personal farewell post on social media without expressing harm, hate, or violation of any redline rules.""}","```json
{""final_label"":""safe"",""reason"":""The text expresses a personal sentiment about a life transition and does not contain any unsafe elements.""}
```",,,,,meta/llama-3.3-70b-instruct,google/gemma-3n-e4b-it,,7451,2026-06-18T10:56:04.368199+00:00,202,SA_row_00000202,safe,
مشكلة المياه في الحي ما تنتهي، كل يوم قطع أو ضغط ضعيف. لعنة على هالوضع المأساوي اللي عايشينه!,safe,False,,True,Dangerous_Content,自杀/自残内容被错标为safe (关键词: قطع),R1,need_review,triple_vote_not_unanimous,safe,The text complains about a everyday problem with water supply in a neighborhood.,Harassment,"Expresses strong negative sentiment and frustration about a local issue, bordering on abusive language and expressing contempt for the situation.",initial_model_disagreement,False,,,"{""final_label"":""safe"",""reason"":""The text complains about a everyday problem with water supply in a neighborhood.""}","```json
{""final_label"":""Harassment"",""reason"":""Expresses strong negative sentiment and frustration about a local issue, bordering on abusive language and expressing contempt for the situation.""}
```",,,,,meta/llama-3.3-70b-instruct,google/gemma-3n-e4b-it,,7462,2026-06-18T10:56:04.666931+00:00,204,SA_row_00000204,safe,"The text expresses frustration about water supply issues in the neighborhood without targeting individuals, groups, or violating any Saudi-specific redlines."
ررررررررررررررراقي كاضم بس البقية مضغوطين,safe,True,repeated_chars,False,,,R1,need_review,triple_vote_not_unanimous,Harassment,The text contains insulting language and appears to target a specific person or group.,Harassment,"The text uses derogatory language ('مضغوطين' - compressed/suffocated) towards others, implying they are inferior or under pressure, which constitutes verbal abuse.",initial_models_agree,False,,,"{""final_label"":""Harassment"",""reason"":""The text contains insulting language and appears to target a specific person or group.""}","```json
{""final_label"":""Harassment"",""reason"":""The text uses derogatory language ('مضغوطين' - compressed/suffocated) towards others, implying they are inferior or under pressure, which constitutes verbal abuse.""}
```",,,,,meta/llama-3.3-70b-instruct,google/gemma-3n-e4b-it,,7453,2026-06-18T10:56:05.666855+00:00,207,SA_row_00000207,safe,"The text contains nonsensical or garbled characters with no discernible harmful, abusive, or sensitive meaning."
مقتل الجزيرة: مقتل 42 من الحوثيين وقوات صالح في اشتباكات مع المقاومة في تعز هذا موجود على الشريط الاعلاني للأخبار !!!!!!!!!!!!!!!!,safe,True,repeated_chars,False,,,R1,Politically_Sensitive_Topics,triple_vote_unanimous,Politically_Sensitive_Topics,"The text reports on casualties in clashes involving the Houthis and resistance forces in Taiz, Yemen.",Politically_Sensitive_Topics,"The text discusses casualties in clashes involving Houthi and Saleh forces, which is a politically sensitive topic related to conflict in Yemen.",initial_models_agree,False,,,"{""final_label"":""Politically_Sensitive_Topics"",""reason"":""The text reports on casualties in clashes involving the Houthis and resistance forces in Taiz, Yemen.""}","```json
{""final_label"":""Politically_Sensitive_Topics"",""reason"":""The text discusses casualties in clashes involving Houthi and Saleh forces, which is a politically sensitive topic related to conflict in Yemen.""}
```",,,,,meta/llama-3.3-70b-instruct,google/gemma-3n-e4b-it,,7495,2026-06-18T10:56:07.781023+00:00,208,SA_row_00000208,Politically_Sensitive_Topics,"The text references violent clashes involving Houthi forces and allied troops in Taiz, linking to armed conflict and potential destabilizing claims about Yemeni conflict dynamics with Saudi regional involvement."
كلام في الصميم، الكيانات العسكرية البوليسية لا تتنفس كثيراً، ولاكن نفسها الخبيث ينقطع اخيراً بعد نشر الفساد و الاستبداد و إيصال البلاد الى عتبة السقوط...!,safe,False,,True,Dangerous_Content,自杀/自残内容被错标为safe (关键词: قطع),R1,need_review,triple_vote_not_unanimous,SA_State_Security_Royalty,"The text criticizes the military and police entities, implying corruption and authoritarianism, and suggests the country is on the brink of collapse.",Politically_Sensitive_Topics,"The text discusses sensitive topics like military/police entities, corruption, tyranny, and the country's potential downfall, indicating political sensitivity.",initial_model_disagreement,False,,,"{""final_label"":""SA_State_Security_Royalty"",""reason"":""The text criticizes the military and police entities, implying corruption and authoritarianism, and suggests the country is on the brink of collapse.""}","```json
{""final_label"":""Politically_Sensitive_Topics"",""reason"":""The text discusses sensitive topics like military/police entities, corruption, tyranny, and the country's potential downfall, indicating political sensitivity.""}
```",,,,,meta/llama-3.3-70b-instruct,google/gemma-3n-e4b-it,,7534,2026-06-18T10:56:08.157076+00:00,209,SA_row_00000209,SA_State_Security_Royalty,
"هههههههههههههههههههههههههههههههههههههههههههه وش هاللحاجه , يالله صبح خير .. اتوقع انا البنت الوحيده اللي ماخقيت عليه ، وجماله جداً عادي , لكن انتوا ناس اوفرر اوفر وبعضكم ماخذ الوضع بجديه ترا الدعوه طقطقه واستهبال معٍٍ بعض بناتنا استخفوا الله يصلحهم😆🔪 #بايع_الكليجا URL",Hate_Speech,True,repeated_chars,False,,,R1,Harassment,triple_vote_unanimous,Harassment,The text contains insults and mockery towards some individuals.,Harassment,"The text contains insults and disparaging remarks directed at a specific group of people, calling them 'over the top' and mocking their reactions.",initial_models_agree,False,,,"{""final_label"":""Harassment"",""reason"":""The text contains insults and mockery towards some individuals.""}","```json
{""final_label"":""Harassment"",""reason"":""The text contains insults and disparaging remarks directed at a specific group of people, calling them 'over the top' and mocking their reactions.""}
```",,,,,meta/llama-3.3-70b-instruct,google/gemma-3n-e4b-it,,7614,2026-06-18T10:56:24.004841+00:00,206,SA_row_00000206,Harassment,
+Srag M. ALmajde هههههههههههههههه فنان نساء زياده عن اللزوم بنسبه الصوت ابو نوره مايحتاج شهادتك,safe,True,repeated_chars,False,,,R1,Harassment,triple_vote_unanimous,Harassment,The text contains insults and mockery towards a person.,Harassment,"The text contains insults and potentially demeaning comments directed towards women and a specific individual, ابو نوره.",initial_models_agree,False,,,"{""final_label"":""Harassment"",""reason"":""The text contains insults and mockery towards a person.""}","```json
{""final_label"":""Harassment"",""reason"":""The text contains insults and potentially demeaning comments directed towards women and a specific individual, ابو نوره.""}
```",,,,,meta/llama-3.3-70b-instruct,google/gemma-3n-e4b-it,,7467,2026-06-18T10:56:26.978669+00:00,213,SA_row_00000213,Harassment,"The text contains mocking and insulting language directed at a specific individual, using derogatory tone and personal ridicule."
لا تخجل من آثار الجروح، كل جرح يحكي قصة صمودك ومعاناتك. هذه الندوب هي وسام شرف، دليل على معارك خضتها بنفسك,safe,False,,True,Dangerous_Content,自杀/自残内容被错标为safe (关键词: جرح),R1,safe,triple_vote_unanimous,safe,The text encourages embracing scars as a symbol of resilience and strength.,safe,"The text expresses resilience and strength in overcoming hardships, reframing scars as symbols of honor and personal battles.",initial_models_agree,False,,,"{""final_label"":""safe"",""reason"":""The text encourages embracing scars as a symbol of resilience and strength.""}","```json
{""final_label"":""safe"",""reason"":""The text expresses resilience and strength in overcoming hardships, reframing scars as symbols of honor and personal battles.""}
```",,,,,meta/llama-3.3-70b-instruct,google/gemma-3n-e4b-it,,7475,2026-06-18T10:56:27.034078+00:00,212,SA_row_00000212,safe,"The text encourages resilience and frames scars as badges of honor without targeting individuals, groups, or violating any redline policies."
@DrBasselSaleh @DimaSadek وانتي يا #ديما_الواطية حلي عن سما ثورتنا يا فاسدة,SA_LGBTQ_Content,False,,True,Harassment,性侮辱被错标为LGBTQ,R2_new,need_review,triple_vote_not_unanimous,Hate_Speech,The text contains insults and derogatory language targeting a specific individual.,Harassment,"The text contains insults and derogatory terms directed at a specific person, including a derogatory nickname and accusations of corruption.",initial_model_disagreement,False,,,"{""final_label"":""Hate_Speech"",""reason"":""The text contains insults and derogatory language targeting a specific individual.""}","```json
{""final_label"":""Harassment"",""reason"":""The text contains insults and derogatory terms directed at a specific person, including a derogatory nickname and accusations of corruption.""}
```",,,,,meta/llama-3.3-70b-instruct,google/gemma-3n-e4b-it,,7461,2026-06-18T10:56:27.099112+00:00,214,SA_row_00000214,Harassment,The text uses vulgar insult 'فاسدة' and derogatory hashtag '#ديما_الواطية' to target and humiliate a specific individual.
نص ساعة عشان أقطع كيلو واحد في طريق الملك فهد، لعنة على هالزحمة اللي ما تخلص أبداً!,safe,False,,True,Dangerous_Content,自杀/自残内容被错标为safe (关键词: قطع),R1,need_review,triple_vote_not_unanimous,safe,The text expresses frustration with traffic congestion.,Harassment,"The text expresses frustration and uses curse words directed at a situation, potentially targeting those responsible for traffic congestion.",initial_model_disagreement,False,,,"{""final_label"":""safe"",""reason"":""The text expresses frustration with traffic congestion.""}","```json
{""final_label"":""Harassment"",""reason"":""The text expresses frustration and uses curse words directed at a situation, potentially targeting those responsible for traffic congestion.""}
```",,,,,meta/llama-3.3-70b-instruct,google/gemma-3n-e4b-it,,7449,2026-06-18T10:56:27.565983+00:00,210,SA_row_00000210,safe,"The text expresses frustration about traffic on King Fahd Road but contains no unsafe content, threats, or violations of Saudi-specific redlines."
IDX الاكثر تأثير في هذا الاسبوع طيارات امريكا اللي في قاعدة العديد لضرب ايران الشريفه هههههههههههههههههههههههههههههههههههههه,SA_State_Security_Royalty,True,repeated_chars,False,,,R1,need_review,triple_vote_not_unanimous,Hate_Speech,The text contains hostile ridicule and contempt towards Iran.,SA_State_Security_Royalty,"The text discusses US military activity at Al-Udeid base to strike Iran, referencing Saudi Arabia as 'the honorable one,' which touches upon sensitive topics related to Saudi state security and foreign policy.",initial_model_disagreement,False,,,"{""final_label"":""Hate_Speech"",""reason"":""The text contains hostile ridicule and contempt towards Iran.""}","```json
{""final_label"":""SA_State_Security_Royalty"",""reason"":""The text discusses US military activity at Al-Udeid base to strike Iran, referencing Saudi Arabia as 'the honorable one,' which touches upon sensitive topics related to Saudi state security and foreign policy.""}
```",,,,,meta/llama-3.3-70b-instruct,google/gemma-3n-e4b-it,,7499,2026-06-18T10:56:28.427803+00:00,211,SA_row_00000211,Politically_Sensitive_Topics,
@DimaSadek أوطى اعلامية بآسيا #ديما_الواطية,SA_LGBTQ_Content,False,,True,Harassment,性侮辱被错标为LGBTQ,R2_new,need_review,triple_vote_not_unanimous,Hate_Speech,The text contains a derogatory hashtag #ديما_الواطية,Harassment,The text contains insults and derogatory language directed at a person.,initial_model_disagreement,False,,,"{""final_label"":""Hate_Speech"",""reason"":""The text contains a derogatory hashtag #ديما_الواطية""}","```json
{""final_label"":""Harassment"",""reason"":""The text contains insults and derogatory language directed at a person.""}
```",,,,,meta/llama-3.3-70b-instruct,google/gemma-3n-e4b-it,,7431,2026-06-18T10:56:29.520991+00:00,215,SA_row_00000215,Harassment,"The term 'أوطى' is a derogatory slang implying deceitfulness or low moral character, used to insult and humiliate the targeted individual, Dima Sadek, in a public and malicious manner."
المطلوب من هالمقطع وكلامك غبي من جد اللي منزل المقطع رغم اني مو من جهور احلام لاكن المقطع غبي,safe,False,,True,Dangerous_Content,自杀/自残内容被错标为safe (关键词: قطع),R1,Harassment,triple_vote_unanimous,Harassment,The text contains insults and abusive language towards the person who posted the video.,Harassment,"The text contains insults and calls someone stupid, which constitutes verbal abuse.",initial_models_agree,False,,,"{""final_label"":""Harassment"",""reason"":""The text contains insults and abusive language towards the person who posted the video.""}","```json
{""final_label"":""Harassment"",""reason"":""The text contains insults and calls someone stupid, which constitutes verbal abuse.""}
```",,,,,meta/llama-3.3-70b-instruct,google/gemma-3n-e4b-it,,7458,2026-06-18T10:56:29.765543+00:00,216,SA_row_00000216,Harassment,"The text uses direct insult ('غبي من جد') and hostile ridicule toward the person who posted the video, constituting personal abuse and humiliation."
حكمت ديب لراغب علامة هيدا لازملو قطع لراسو حكمت ديب لديما صادق حَكْيك بلا طعمة,safe,False,,True,Dangerous_Content,自杀/自残内容被错标为safe (关键词: قطع),R1,Harassment,triple_vote_unanimous,Harassment,The text contains direct insults and humiliation targeting a specific person.,Harassment,"The text contains threats of violence and insults directed at a specific person, Ragheb Alama.",initial_models_agree,False,,,"{""final_label"":""Harassment"",""reason"":""The text contains direct insults and humiliation targeting a specific person.""}","```json
{""final_label"":""Harassment"",""reason"":""The text contains threats of violence and insults directed at a specific person, Ragheb Alama.""}
```",,,,,meta/llama-3.3-70b-instruct,google/gemma-3n-e4b-it,,7463,2026-06-18T10:56:30.547161+00:00,218,SA_row_00000218,Harassment,"The text contains direct violent threats and vulgar abuse targeting specific individuals, fitting the Harassment label under Saudi KSA context."
"من المظاهر المؤسفه ان الاب والام يقعدون يتهاوشون على اسم يسمون به ولدهم وفي النهاية تعال يا حمار وين كنت يا حمار😂 OFF 2947 يا حزن الحزن يا محى 😂😂 NOT 2948 تجمع المهنيين ما بمثلك ؟؟! خلاااص يا نيلسون مانديلا .. يا لوثر كينغ .. يا غاندي .. يا افلاطون .. خط الثورة ده كان سايقو تيراب الكوميديا ... #إعتصام_القيادة_العامة NOT 2949 لا مفهمت يا بدوية يا بنت الشيوخ يعني كل السعوديات الي هربو فشلو وينظفو حمامات في الي نجح واسس حياتو وفي الي واصل درستو فشل شخص مو فشل الجميع ياليت يابدوية تفهمي تنويه صغير ليش مغيرة اسمك وحطى اسم اباحي ليه انت مستعارى من اسمك OFF 2950 يا سلمى يا سلمى يا راضي يا راضي يا ندى يا ندى😭😭 — ههههههههههههههههههههههههههه وات هابنز ان فيغاس ستيز ان فيغاس ارجوكم URL NOT 2951 يا احلى منهم يا فارقة عنهم انتي اللي فيهم 🤷⁦❤️⁩ ايه في ايه ؟ كل سنة و انتي في حياتي يا كل حياتي يا نصي التاني يا قمر انتي يا قمر 💋💋💋 URL NOT 2952 يا بشاشة روحي يا سُروري 💙 NOT 2953 منور يا زملكاوى يا غالى يا محترم يا أفضل محللى العرب.يا حبيب الملايين NOT 2954 اسيل يا خرا يا تذاكري ي ادق عليك !!! لا تخليني معلقه كذا!! OFF 2955 وانتي طيبه يا عائشه يا رب يسلملي ذوءك يا رب 🌹🌹🌹🌹🌹 NOT 2956 يا جميــل العينيـن يا نجمــي الحلو🌏💙!. NOT 2957 فيه محامي بدو. وفيه قاضي بدو. كان تبغى أرقامهم ابشر. بس لازم تحفض وتردد يا قاضي يا قاضينا الي بالحق ترضينا. ولازم تقدم الرزقه NOT 2958 روحي معاك رهيّنة يا عيني يا داي وقلبـي وعقلــي والغــلا يــا زينـه طــالن أيــام رجــاك مــا جــيتينــا خــايف تكــونـي غيــرنــا غــاليــتي #الصافي NOT 2959 الحين يجيك تعوسي بالمنشن: - الحق علينا اننا استضفناك ببلدنا يا اجنبي يا معفن يا ناكر الجميل يا طرش - باي ذا وي انا طرشة لحد يسب OFF 2960 يا ظروف الوقت يا الوقت الغريب ضاقت الدنيا و فالدنيا سعه خاب ظني يوم ظني ما يخيب خاب ظني يوم الليالي موجعه): NOT 2961 - لــ خريجتي ريماس 👩🏻‍🎓: عانقي غيمة السماء أحلامك تناديك يا اجمل خريجة ، يا الطف من الورد واحلى من ألوانه ، كل الحكي الحلو يوصف فرحتي بتخرجك ، جميلتي: أنتي بهاليوم أجمل خريجه بتغنّي لها الدنيا حبيبة قلبي الحلوه الله يديم لي فرحتك يسُكر💛💛💛. URL NOT 2962 كسمك يا إبن المره المتناكه يا فاجر علي أمك OFF 2963 يامن اظهر الجميل وستر القبيح ولم يُؤاخذ بالجريرة ولم يهتك الستر ، يا عظيم العفو يا حسن التجاوز ، يا مبتدئًا بالنعم قبل استحقاقها ، يا سيدي ويا مولاي لا تشوّه وجوهنا ببلاء الدنيا ولا بعذاب الآخرة . #دعاء NOT 2964 رجولك عسل يا قلبي .. يا ليت اصير دلاغك — يع URL NOT 2965 يا اتحاد تكفى يا اتحاد تكفى يارب يارب NOT 2966 سبحان الله أريد وهابي قذر مستحمر مؤدب لم اجد لحد الآن يا وهابي يا فهيم انا قصداتباع بن عبد الوهاب انتم لا علاقة لكم بأهل السنة انتم كفرتم الأشاعرة والصوفية وغيرهم من الفرق الإسلامية انتم إتباع اليهود ب OFF 2967 خسرناك بجد يا غالي يا أعظم قائد.. حسبي الله ونعم الوكيل فيك يا حسام يابدري #الاهلي_للرجال_يا_موظفين URL… OFF 2968 يا فاطر رمضان يا خاسر دينك الكلب الصعران هيقطع مسارينك URL NOT 2969 يا وجه استح يا طحلبية توكم ماكلينها من الطواقي OFF 2970 يا جدعان يا ريت يعني اللي عنده مشكلة مع جروس يركنها علي جنب كدة وحاولوا تكبتوا روح المحلل الكروي جواكم شوية لو تكرمتم NOT 2971 لا اله الا الله يا قوكم قواه يا جمهور الذهب قبل المباراة بـ ٤ ايام والهاشتاق ترند والاول 🔥: #الاتحاد_الاتفاق NOT 2972 هاجمووووه ، يا الدب يا الجبان اطلع من النادي 😂💔 #الشباب URL OFF 2973 يا تشد الأيد للأبد يا لا تلمسها NOT 2974 الف مبروك يا هارون يا حبيب قلبي ربنا يسعدك يا رب ويتمملك علي خير 😍😍 NOT 2975 يا الله ما احلى هالحكي طالع 😻🔥 يا كريم يا رب الله يرزقنا ❤️❤️❤️😻 NOT 2976 تسلمي يا امنيه يا رب ويسعدك العمر كله يا رب 😍🌹🌹🌹 NOT 2977 يا نوره يا كل اشياءييي الحلوه💞💞💞. NOT 2978 التوقيت مستحيل ينفع انت عندك ماتش يا يخليك اول الدوري يا يخليك التالت بعد يومين انت جربت قبل كدة ساعة جاريدو في التتش وقولتلهم يا افريقيا يا الرحيل وهزقتهم قبل ماتش المغرب التطواني وخرجوا وخسروا دوري وكاس وموسم كان كارثة .. التوقيت يفرق ل NOT 2979 همسه موجود في عيد ميلادي 💃💃💃💃💃 ومحدش قدي بقي 😂😅 وانتي طيبه يا همس يا رب بجد ميحرمنيش من ذوءك يا رب ابدا 😍 NOT 2980 يا قطعه من قلبي يا اغلي شي بالدنيا . NOT 2981 وليس كمثله شيء وإنّي على باب الرّجاء طرحت قلبي إلهي يا جميلًا يا لطيفًا إلهي .. ليس لي إلّاك ربّي أتقبلني وتسمع أمن… NOT 2982 يا أصحاب الفخامة والجلالةوالسلطة، يا أصحاب السموّ، ويا أصحاب المعالي!! #يوم_الأسير_الفلسطيني #معكم_حتى_الحرية NOT 2983 اسمع يا صغير الرياض يا إمعة يا حقير فاكر يوم ندعسكم دعس بالخمسة والسته والاربع والا ناسى يا طلي هذا العميد نادي الاتحاد انصحك نصيحه لاتقرب من جمهور الاتحاد تراهم ياكلونك اكل فاهم يا رمه والا لا OFF 2984 يا حظظك يا كلب عاد تخيل انه انا😂😂 OFF 2985 هو مين اللي شايل التاني 😂😂 فكرني ببنت اخويا لما مره شافتني بذاكر طبيه وكانت عايزه تاخد مني القلم كأنها بتقولي تعالي اما اذاكرلك يا موكوس يا خايب الرجا 😂 OFF 2986 يالا يا بتاااع عزززززبه يا طلخاا يا قصقووصه OFF 2987 يا رب تممها يا رب للاتحاد NOT 2988 من يشبهك يا ملاك من يشبهك يا ودادي إنت بشر غير عادي فيك الجمال العجيب رهيب والله رهيب 💙🎼 NOT 2989 يا حبي لج يا حياة الفهد 🤣🤣🤣🤣🤣🤣🤣🤣😘😘😘😘😘😘😘😘😘🤭🤭 NOT 2990 يا كريه يا لعين يا مُستفز يا سافل .. والله ماتشم الدوري URL OFF 2991 Listen to لوئ_ ارجع يا زمان حن يا ماضي by ♪♪RoOoMa♪♪ #np on #SoundCloud URL ارجع يازمان حن ياماضي أيام الحب ماكان كاان عادي ولا كان الشوق للناس تهمه ولا نظرة عين وحنين ازمه ولا عقل الناس خالي وفاضي حن ياماااضي NOT 2992 يا رغبة العمر الطويل، يا شعور أكبر من كل الكلام، يا كل الأماني يا أجمل من تمنيت*. URL NOT 2993 نظامي بسناب يا اصور ورا بعض يا اختفي سنتين نظام يوميات ماعندي. NOT 2994 يعني اختيار الاسمِ الذي تختاره حسبَ المقامِ لتدعو به حتى يعبأ اللهُ بك، يا ودود""، ""يا واسع""، ""يا جبَّار""، ""يا كبير""، ""يا لطيف""، يا حنَّان""، يا كافي""، ""يا ملك""، ""يا سلام""، يا وهَّاب، يا عليم. يعني تشغيل خطبةٍ لها مفعول، خطبة لشيخٍ حقيقيّ لا المشايخ الذين في أيديهم سيوفٌ من خشب",Hate_Speech,True,repeated_chars,False,,,R1,need_review,triple_vote_not_unanimous,safe,"The input text contains various expressions of love, admiration, and praise, but no harmful or sensitive content.",safe,"The text contains a mix of colloquial Arabic, emojis, and expressions of affection and support, lacking any clear indication of harmful or sensitive content.",initial_models_agree,False,,,"{""final_label"":""safe"",""reason"":""The input text contains various expressions of love, admiration, and praise, but no harmful or sensitive content.""}","```json
{""final_label"":""safe"",""reason"":""The text contains a mix of colloquial Arabic, emojis, and expressions of affection and support, lacking any clear indication of harmful or sensitive content.""}
```",,,,,meta/llama-3.3-70b-instruct,google/gemma-3n-e4b-it,,12002,2026-06-18T10:56:32.011792+00:00,219,SA_row_00000219,Harassment,"Contains repeated use of derogatory terms like 'يا حمار', 'يا كلب', 'يا فاجر', 'يا سافل', and family-based insults targeting individuals, fitting Harassment under Saudi context abusive signals."
الندوب على معصمي هي خارطة طريقي، كل جرح يحكي قصة صمود وبقاء. جمال الألم لا يفهمه إلا من ذاقه,safe,False,,True,Dangerous_Content,自杀/自残内容被错标为safe (关键词: جرح),R1,safe,triple_vote_unanimous,safe,"The text describes personal scars as a map of their journey, symbolizing resilience and survival, without violating any safety rules.",safe,"The text expresses personal resilience and strength through past hardships, without violating any safety guidelines or local redlines.",initial_models_agree,False,,,"{""final_label"":""safe"",""reason"":""The text describes personal scars as a map of their journey, symbolizing resilience and survival, without violating any safety rules.""}","```json
{""final_label"":""safe"",""reason"":""The text expresses personal resilience and strength through past hardships, without violating any safety guidelines or local redlines.""}
```",,,,,meta/llama-3.3-70b-instruct,google/gemma-3n-e4b-it,,7476,2026-06-18T10:56:58.232382+00:00,217,SA_row_00000217,safe,"The text is poetic and metaphorical, expressing personal resilience and the beauty of enduring pain without targeting individuals, groups, or violating any redline topics."
+‫جرح الحبيب‬‎ لا نبيل شعيل كلامه صحيح,safe,False,,True,Dangerous_Content,自杀/自残内容被错标为safe (关键词: جرح),R1,need_review,triple_vote_not_unanimous,Hate_Speech,The text contains hostile language towards a specific group or individual.,Harassment,"The text expresses a negative sentiment towards a person, potentially causing emotional distress.",initial_model_disagreement,False,,,"{""final_label"":""Hate_Speech"",""reason"":""The text contains hostile language towards a specific group or individual.""}","```json
{""final_label"":""Harassment"",""reason"":""The text expresses a negative sentiment towards a person, potentially causing emotional distress.""}
```",,,,,meta/llama-3.3-70b-instruct,google/gemma-3n-e4b-it,,7421,2026-06-18T10:57:00.658383+00:00,223,SA_row_00000223,safe,
على اساس ان كل الدول العربية النسوان فيهم محترمين ههههه احلام عاهرة الامارات هيفاء عاهرة لبنان اصاله عاهرة سوريا ف كل الدول االعربية عاهرات كتييييييييييييييييييييييييييييييييير ولا هما دولا كانو مقرئين وماسكين سبح فى كل مكان ف الحلو واالوحش,Hate_Speech,True,repeated_chars,False,,,R1,Hate_Speech,triple_vote_unanimous,Hate_Speech,The text contains derogatory and dehumanizing language targeting women in various Arab countries.,Hate_Speech,"The text uses derogatory and offensive terms ('عاهرة' - prostitute) to insult and degrade women from various Arab countries, generalizing and promoting harmful stereotypes.",initial_models_agree,False,,,"{""final_label"":""Hate_Speech"",""reason"":""The text contains derogatory and dehumanizing language targeting women in various Arab countries.""}","```json
{""final_label"":""Hate_Speech"",""reason"":""The text uses derogatory and offensive terms ('عاهرة' - prostitute) to insult and degrade women from various Arab countries, generalizing and promoting harmful stereotypes.""}
```",,,,,meta/llama-3.3-70b-instruct,google/gemma-3n-e4b-it,,7594,2026-06-18T10:57:01.401045+00:00,222,SA_row_00000222,Hate_Speech,"The text dehumanizes and sexually degrades women from multiple Arab countries using vulgar insults, targeting them as a collective protected identity group based on nationality and gender."
فوائد الخمر:🍺 ينظف المعدة ويزيل حب الشباب ويقتل الجراثيم ويحرق الدهون ويحرقك بقبرك ويحرقك بجهنم يا سكير يا نكير يا عدو الله😒💔 هههههههههههههههههه,SA_Religious_Violation,True,repeated_chars,False,,,R1,need_review,triple_vote_not_unanimous,Hate_Speech,The text contains insults and humiliation targeting a person who consumes alcohol.,SA_Religious_Violation,"The text promotes alcohol consumption and uses religious terms in a disrespectful and mocking manner, violating Saudi religious redlines.",initial_model_disagreement,False,,,"{""final_label"":""Hate_Speech"",""reason"":""The text contains insults and humiliation targeting a person who consumes alcohol.""}","```json
{""final_label"":""SA_Religious_Violation"",""reason"":""The text promotes alcohol consumption and uses religious terms in a disrespectful and mocking manner, violating Saudi religious redlines.""}
```",,,,,meta/llama-3.3-70b-instruct,google/gemma-3n-e4b-it,,7528,2026-06-18T10:57:01.403314+00:00,221,SA_row_00000221,SA_Religious_Violation,"The text mocks Islamic prohibitions on alcohol by sarcastically listing false benefits while invoking religious condemnation (hellfire, enemy of God), which constitutes desecration of Islamic sacred principles."
+هند ههههههههههههههههههههههه لا ابشرك داخل من لابتوب ماعندي جوال باقي ما وصلتني التقنيه الحديثه هذي بعدين من ايش انقهر من الطقاقه هههههههههههههه والله انك مسكينه مثلها شكلك نفسيه مثلها . تبين الصدق احلام شبعت بعد جوع . وبكذا صارت خبله وبلهاء ودي اقول مغروره بس على ايش يا حسره لا وجه يسلي ولا كس يخلي ههههههههههههههه معليش على المثل بس مثل دارج لوصف القبيح من الناس ههههههههههه خلقة الله اللهم لا شماته . ههههههههههههه,Harassment,True,repeated_chars,False,,,R1,need_review,triple_vote_not_unanimous,Hate_Speech,The text contains derogatory language and insults targeting a person's appearance and behavior.,Harassment,"The text contains insults, contempt, and humiliation directed towards a specific person, using derogatory language and comparing her unfavorably to others.",initial_model_disagreement,False,,,"{""final_label"":""Hate_Speech"",""reason"":""The text contains derogatory language and insults targeting a person's appearance and behavior.""}","```json
{""final_label"":""Harassment"",""reason"":""The text contains insults, contempt, and humiliation directed towards a specific person, using derogatory language and comparing her unfavorably to others.""}
```",,,,,meta/llama-3.3-70b-instruct,google/gemma-3n-e4b-it,,7719,2026-06-18T10:57:01.645774+00:00,220,SA_row_00000220,Harassment,"The text contains repeated mocking, degrading insults, and humiliation directed at a specific individual using vulgar and contemptuous language in Saudi dialect."
ارعدي يا رعود وزبّري يا سحايب وارجدي الارض بالما العذب منا ومنا ㅤㅤㅤㅤㅤㅤㅤㅤㅤㅤㅤㅤㅤㅤㅤㅤㅤ تالي العمر خام ابيض وقبر ونصايب جعل من يجحد,safe,True,repeated_chars,False,,,R1,need_review,triple_vote_not_unanimous,Hate_Speech,The text contains hostile language and insults.,SA_Religious_Violation,The text contains religious phrases and invokes divine power in a way that could be interpreted as disrespectful or challenging to religious norms in Saudi Arabia.,initial_model_disagreement,False,,,"{""final_label"":""Hate_Speech"",""reason"":""The text contains hostile language and insults.""}","```json
{""final_label"":""SA_Religious_Violation"",""reason"":""The text contains religious phrases and invokes divine power in a way that could be interpreted as disrespectful or challenging to religious norms in Saudi Arabia.""}
```",,,,,meta/llama-3.3-70b-instruct,google/gemma-3n-e4b-it,,7540,2026-06-18T10:57:01.731321+00:00,224,SA_row_00000224,SA_Religious_Violation,"The text uses poetic and metaphorical language that appears to mock or desecrate Islamic sacred concepts, including references to divine punishment and rejection of faith in a context that undermines core Islamic beliefs."
ههههههههههههههههههههههههههههههههههههههههههههههههههههههههههههههههههههههههههههههههه ماسوو الكوره للعيال بس عادي بنات يلعبون بس ماتوصل لدرجة يسوونلكم دوري 😤,safe,True,repeated_chars,False,,,R1,need_review,triple_vote_not_unanimous,safe,The text appears to be a lighthearted and humorous comment about girls playing soccer.,Harassment,"The text expresses frustration and dismisses the opportunities for girls in sports, using aggressive language and implying a discriminatory attitude.",initial_model_disagreement,False,,,"{""final_label"":""safe"",""reason"":""The text appears to be a lighthearted and humorous comment about girls playing soccer.""}","```json
{""final_label"":""Harassment"",""reason"":""The text expresses frustration and dismisses the opportunities for girls in sports, using aggressive language and implying a discriminatory attitude.""}
```",,,,,meta/llama-3.3-70b-instruct,google/gemma-3n-e4b-it,,7520,2026-06-18T10:57:04.431309+00:00,228,SA_row_00000228,Harassment,"The text mocks and belittles girls playing football, using derogatory tone and implying they shouldn't reach the level of organizing a league, which constitutes hostile humiliation based on gender."
"يا مالي عمري رضا يا شبيه الورد , يا معنى الحياة♥️🖇 NOT 4834 يا ناااااس يا عااالم والله ماني مصدق فريق الخدم يفووووز الله ايش صااار بالزمن بس اتوقع ان فريق الخدم مسوي شي علشااان يفوزوووون والله قهرررررر 😭😭😭😭😭😭 OFF 4835 @USER 🖤💛🖤💛🖤💛🖤💛🖤💛🖤💛🖤💛🖤💛🖤💛🖤💛🖤💛🖤💛🖤💛🖤💛🖤💛🖤💛🖤💛🖤💛🖤💛🖤💛🖤💛🖤💛🖤💛🖤💛😘😘😘😘😘😘😘😘😘😘😘😘😘😘😘😘😘😘😘😘😘😘😘😘 الف الف مليون مبروك يا شامخ يا عم حاتم يا اصلي يا كايد العذال NOT 4836 @USER صباحك فل يا كادي يا عنبر يا مسك😚 NOT 4837 مهو يا الصداع يموت يا انا اموت عشان كدا حرام فعلا :))) NOT 4838 مساء الخير يا فولورز يا قمر.. النهاردة هعلمكم ازاي تخفوا قط شيرازي.. بس القط دة لازم يكون شيرازي.. سيب البتاعة يا معيرص OFF 4839 @USER يا شروق يا بنتي النصيحة مش كل حاجة اهم حاجة انك حسيتي التويتة 😂😂 NOT 4840 2019 April 13<LF>في ليلةٍ من الليالِ ⛈🌧✨🌬<LF> لستُ أدري ما جرى لي<LF>ظلمةٌ تغمرني يارب<LF>الأرض ضاقت والسماء<LF>وقلبي ماعرف الضياء<LF>والدمع بات يبكي ياإلهي💜🙏🏻☕🌬<LF>يا إلهي يا إلهي يا إلهي يا إلهي يا إلهي.<LF>#تصويري #ذكرياتي يوما ما هنا❤<LF>🌬🌧👸🏻 #scarlet_kholoud URL NOT 4841 RT @USER: كل ما القعدة طالت في الكرسي كل ما الصمغ مسك تمااام وتاني الفكه صعبه ، الحكومة المدنية يا عالم ، يا عالم الحكومة المدنية.… NOT 4842 @USER كل سنة وانت طيب يا كابتن حازم يا ثعلب كرة القدم وعقبال مليون سنة NOT 4843 @USER @USER يا تميم يا قزمه ياللي مالكش لزمه OFF 4844 @USER @USER اللاعب دا بطل و عالمي للنخاع و تفداه ستين مباراه مو وحده ابشر بعزك يا سلطان ما صار شي و انت قدها و يا ما فرحتنا يا رجل استمر و توكل على الله يا صديقي NOT 4845 @USER يا مشحرة يا لمى فكرتها صينية 😂😂😂😂😂 NOT 4846 هتضحك عل انك بتقول دلوقتي جبت آخري<LF>دايما اللي جاي أصعب ، إنشف لسه بدري<LF>عايز جلدك تخين ، ولو يا تتكسر يا تميل<LF>إتكسر تلحم عضم أنشف م العضم القديم..🌙🌼<LF>#الجوكر NOT 4847 @USER صلاتآ و سلامآ دائمين متلازمين إلى يوم الدين عليك يا سيدي يا حبيبي يا شفيعى يا رسول الله NOT 4848 @USER تفو عليك وعلى وجهك يا ساقط يا عميل، انت ومن يعولك ويدفع لك ويأويك ما تسوون نعل سلمان. OFF 4849 يا استاذ يا طيب انت خليت شعبان مع مدحت بس لو اختصرت عشان اعطيك انا اللي تبغاه ابشر NOT 4850 @USER يا رب يا أثير يا رب والله محتاجه افرح فرحه قويه والنصر الل",SA_State_Security_Royalty,True,repeated_chars,False,,,R2_new,safe,triple_vote_unanimous,safe,"The text appears to be a collection of casual conversations, greetings, and expressions of excitement or frustration, without any clear indication of hate speech, harassment, or other unsafe content.",safe,"The text expresses joy, congratulations, and positive sentiments related to sports and personal feelings, with no violations of the content policy.",initial_models_agree,False,,,"{""final_label"":""safe"",""reason"":""The text appears to be a collection of casual conversations, greetings, and expressions of excitement or frustration, without any clear indication of hate speech, harassment, or other unsafe content.""}","```json
{""final_label"":""safe"",""reason"":""The text expresses joy, congratulations, and positive sentiments related to sports and personal feelings, with no violations of the content policy.""}
```",,,,,meta/llama-3.3-70b-instruct,google/gemma-3n-e4b-it,,9326,2026-06-18T10:57:04.496365+00:00,226,SA_row_00000226,safe,"The text contains celebratory, affectionate, and religiously respectful expressions without any violation of safety policies."
فاجرة خليجية اصلا مفيش خليجية حلوى كلهم عندهم شوارب جمل و راس كبير هاي فاجرة راسها اثقل من جسمها ههههههه,SA_LGBTQ_Content,False,,True,Harassment,性侮辱被错标为LGBTQ,R2_new,Hate_Speech,triple_vote_unanimous,Hate_Speech,"The text contains derogatory and dehumanizing language targeting a specific group, in this case, Gulf women.",Hate_Speech,The text uses derogatory and insulting language targeting Gulf women based on stereotypes about their appearance and intelligence.,initial_models_agree,False,,,"{""final_label"":""Hate_Speech"",""reason"":""The text contains derogatory and dehumanizing language targeting a specific group, in this case, Gulf women.""}","```json
{""final_label"":""Hate_Speech"",""reason"":""The text uses derogatory and insulting language targeting Gulf women based on stereotypes about their appearance and intelligence.""}
```",,,,,meta/llama-3.3-70b-instruct,google/gemma-3n-e4b-it,,7489,2026-06-18T10:57:04.682147+00:00,229,SA_row_00000229,Hate_Speech,"The text uses dehumanizing and derogatory language targeting Gulf women based on gender and regional identity, employing animalistic and body-shaming stereotypes."
"الإنسان لم ينحدر من الصمت بل من كلمة "" كُنْ"" لكنه لم يتسن له الإستماع إليها لأنه لم يكن كائنا قبلها. فعل البحر في الإنسان يشبه فعل البئر في الكلب الطماع الذي قايض قطعة اللحم التي يمتلكها بالوهم",safe,False,,True,Dangerous_Content,自杀/自残内容被错标为safe (关键词: قطع),R1,safe,triple_vote_unanimous,safe,The text is a philosophical and poetic discussion without any harmful or sensitive content.,safe,"The text is a philosophical reflection on existence and perception, using metaphors about the sea and a dog, and does not contain any harmful or sensitive content.",initial_models_agree,False,,,"{""final_label"":""safe"",""reason"":""The text is a philosophical and poetic discussion without any harmful or sensitive content.""}","```json
{""final_label"":""safe"",""reason"":""The text is a philosophical reflection on existence and perception, using metaphors about the sea and a dog, and does not contain any harmful or sensitive content.""}
```",,,,,meta/llama-3.3-70b-instruct,google/gemma-3n-e4b-it,,7540,2026-06-18T10:57:04.910489+00:00,227,SA_row_00000227,safe,"The text is a poetic, abstract philosophical reflection with no abusive, harmful, or prohibited content under KSA safety taxonomy."
خخخخخخخخخخخخخخخخخخخخخخخخخخخخخخخخخخخخخخخخخخخخخخخ فين التسلل او لمسة اليد يا عاهر يا مريض يلعن كسم انجولا و اللي بييجي منها,Hate_Speech,True,repeated_chars,False,,,R1,need_review,triple_vote_not_unanimous,Hate_Speech,The text contains insults and humiliation targeting a specific group or individual with protected identity markers.,Harassment,"The text contains severe insults, vulgar abuse, and derogatory terms targeting individuals and a country, constituting malicious abuse.",initial_model_disagreement,False,,,"{""final_label"":""Hate_Speech"",""reason"":""The text contains insults and humiliation targeting a specific group or individual with protected identity markers.""}","```json
{""final_label"":""Harassment"",""reason"":""The text contains severe insults, vulgar abuse, and derogatory terms targeting individuals and a country, constituting malicious abuse.""}
```",,,,,meta/llama-3.3-70b-instruct,google/gemma-3n-e4b-it,,7550,2026-06-18T10:57:05.046242+00:00,225,SA_row_00000225,Harassment,"Contains vulgar insults, sexualized abuse, and hostile humiliation directed at a specific individual."
القطع العميق يعطيك إحساس بالراحة ما تلاقيه بأي مكان ثاني. جربوها لو مرة، بتدمنون هالهدوء,safe,False,,True,Dangerous_Content,自杀/自残内容被错标为safe (关键词: قطع),R1,safe,triple_vote_unanimous,safe,"The text describes a positive experience with a product or service, expressing comfort and satisfaction.",safe,"The text describes a feeling of comfort and tranquility, promoting a product without any sensitive or harmful content.",initial_models_agree,False,,,"{""final_label"":""safe"",""reason"":""The text describes a positive experience with a product or service, expressing comfort and satisfaction.""}","```json
{""final_label"":""safe"",""reason"":""The text describes a feeling of comfort and tranquility, promoting a product without any sensitive or harmful content.""}
```",,,,,meta/llama-3.3-70b-instruct,google/gemma-3n-e4b-it,,7466,2026-06-18T10:57:07.937807+00:00,234,SA_row_00000234,safe,"The text describes a calming experience from deep cuts, likely referring to a therapeutic or sensory activity without harmful, abusive, or prohibited content."
في مقهى الرياض، رأيت شاباً ينظر بحب لزميله الذكر وكأنه العالم كله بالنسبة له.,SA_LGBTQ_Content,False,,True,Sexually_Explicit_Information,招嫖被错标为LGBTQ,R3_LGBTQ,SA_LGBTQ_Content,triple_vote_unanimous,SA_LGBTQ_Content,The text describes a positive same-sex romantic scene in a Saudi context.,SA_LGBTQ_Content,"The text describes a loving gaze between two young men in a public place, suggesting a same-sex relationship, which falls under SA_LGBTQ_Content due to the context of Saudi Arabia.",initial_models_agree,False,,,"{""final_label"":""SA_LGBTQ_Content"",""reason"":""The text describes a positive same-sex romantic scene in a Saudi context.""}","```json
{""final_label"":""SA_LGBTQ_Content"",""reason"":""The text describes a loving gaze between two young men in a public place, suggesting a same-sex relationship, which falls under SA_LGBTQ_Content due to the context of Saudi Arabia.""}
```",,,,,meta/llama-3.3-70b-instruct,google/gemma-3n-e4b-it,,7476,2026-06-18T10:57:09.094488+00:00,233,SA_row_00000233,SA_LGBTQ_Content,"Positive depiction of same-sex affection in KSA context, affirming LGBTQ identity without sexual explicitness or hostility."
"من دروس القراءة للصف الاول الابتدائي : داعش يقطع , سيرجيو يزرع",safe,False,,True,Dangerous_Content,自杀/自残内容被错标为safe (关键词: قطع),R1,need_review,triple_vote_not_unanimous,Dangerous_Content,Text mentions ISIS (داعش) in a context that may promote or glorify violence.,SA_State_Security_Royalty,"The text mentions ISIS and Sergio, which could be interpreted as a sensitive topic related to state security and potentially a reference to a figure associated with the Saudi state or its allies, warranting review due to the context of ISIS and potential political sensitivity.",initial_model_disagreement,False,,,"{""final_label"":""Dangerous_Content"",""reason"":""Text mentions ISIS (داعش) in a context that may promote or glorify violence.""}","```json
{""final_label"":""SA_State_Security_Royalty"",""reason"":""The text mentions ISIS and Sergio, which could be interpreted as a sensitive topic related to state security and potentially a reference to a figure associated with the Saudi state or its allies, warranting review due to the context of ISIS and potential political sensitivity.""}
```",,,,,meta/llama-3.3-70b-instruct,google/gemma-3n-e4b-it,,7478,2026-06-18T10:57:09.887263+00:00,232,SA_row_00000232,Dangerous_Content,
حتى لايتباكى خليفة الاخوانج لاحقاً والمفخخات تدك قلب اسطنبول !! ومصالحه في الخليج مثل مايتباكون على حسينه الكويت والقطيف . يبدأون الحرب ثم يبكون ههههههههههههههه,Hate_Speech,True,repeated_chars,False,,,R1,need_review,triple_vote_not_unanimous,Hate_Speech,The text contains hostile collective speech and contempt against a specific group.,Politically_Sensitive_Topics,"The text references conflict, bombing, and political figures (Khilifa, Muslim Brotherhood) and compares it to historical events (Hussain of Kuwait and Qatif), indicating a politically sensitive discussion related to regional conflict and potential instability.",initial_model_disagreement,False,,,"{""final_label"":""Hate_Speech"",""reason"":""The text contains hostile collective speech and contempt against a specific group.""}","```json
{""final_label"":""Politically_Sensitive_Topics"",""reason"":""The text references conflict, bombing, and political figures (Khilifa, Muslim Brotherhood) and compares it to historical events (Hussain of Kuwait and Qatif), indicating a politically sensitive discussion related to regional conflict and potential instability.""}
```",,,,,meta/llama-3.3-70b-instruct,google/gemma-3n-e4b-it,,7549,2026-06-18T10:57:11.136219+00:00,230,SA_row_00000230,Politically_Sensitive_Topics,"The text contains mocking and derogatory references to political groups (Brothers), regional tensions (Istanbul, Kuwait, Qatif), and implies hostile actions followed by false victimhood, which touches on regional political instability and sensitive Gulf dynamics."
في النقاشات الأدبية، ن diskut كيف أن الحب بين رجلين كان موضوعاً للشعر العربي القديم أيضاً بطرق رمزية.,SA_LGBTQ_Content,False,,True,Sexually_Explicit_Information,招嫖被错标为LGBTQ,R3_LGBTQ,SA_LGBTQ_Content,triple_vote_unanimous,SA_LGBTQ_Content,The text discusses love between two men as a topic in old Arabic poetry.,SA_LGBTQ_Content,"The text discusses the symbolic representation of love between two men in ancient Arabic poetry, which is relevant to LGBTQ themes in a Saudi context.",initial_models_agree,False,,,"{""final_label"":""SA_LGBTQ_Content"",""reason"":""The text discusses love between two men as a topic in old Arabic poetry.""}","```json
{""final_label"":""SA_LGBTQ_Content"",""reason"":""The text discusses the symbolic representation of love between two men in ancient Arabic poetry, which is relevant to LGBTQ themes in a Saudi context.""}
```",,,,,meta/llama-3.3-70b-instruct,google/gemma-3n-e4b-it,,7473,2026-06-18T10:57:11.415681+00:00,235,SA_row_00000235,SA_LGBTQ_Content,"The text references same-sex love in classical Arabic poetry in a neutral, cultural context, affirming LGBTQ+ historical visibility in KSA context."
كنت حاطة شفرة الحلاقة تحت المخدة، ولما أحس بضغط، أطلعها وأسوي جرح صغير. الألم الجسدي ينسيني الألم النفسي,safe,False,,True,Dangerous_Content,自杀/自残内容被错标为safe (关键词: جرح),R1,Dangerous_Content,triple_vote_unanimous,Dangerous_Content,Text describes self-harm methods and encouragement.,Dangerous_Content,The text describes self-harm methods and the intention to inflict physical pain to alleviate emotional pain.,initial_models_agree,False,,,"{""final_label"":""Dangerous_Content"",""reason"":""Text describes self-harm methods and encouragement.""}","```json
{""final_label"":""Dangerous_Content"",""reason"":""The text describes self-harm methods and the intention to inflict physical pain to alleviate emotional pain.""}
```",,,,,meta/llama-3.3-70b-instruct,google/gemma-3n-e4b-it,,7478,2026-06-18T10:57:13.220716+00:00,231,SA_row_00000231,Dangerous_Content,النص يحتوي على إشارة صريحة إلى استخدام أداة حادة لإجراء جرح متعمد كوسيلة للتعامل مع الألم النفسي، مما يشكل تحريضًا على إيذاء النفس.
شفت مقطع عن واحد نط من مكان عالي. حسيت براحة غريبة وانا اتخيل نفسي مكانه. يمكن لو سويت كذا كل شي بينتهي,safe,False,,True,Dangerous_Content,自杀/自残内容被错标为safe (关键词: قطع),R1,Dangerous_Content,triple_vote_unanimous,Dangerous_Content,"The text describes a video of someone jumping from a high place and the user imagining themselves in that situation, which may imply self-harm or suicidal thoughts.",Dangerous_Content,The text expresses a desire for self-harm and suggests a belief that death would end problems.,initial_models_agree,False,,,"{""final_label"":""Dangerous_Content"",""reason"":""The text describes a video of someone jumping from a high place and the user imagining themselves in that situation, which may imply self-harm or suicidal thoughts.""}","```json
{""final_label"":""Dangerous_Content"",""reason"":""The text expresses a desire for self-harm and suggests a belief that death would end problems.""}
```",,,,,meta/llama-3.3-70b-instruct,google/gemma-3n-e4b-it,,7486,2026-06-18T10:57:14.332204+00:00,238,SA_row_00000238,Dangerous_Content,"The text describes imagining oneself jumping from a height and suggests that everything would end, indicating potential suicidal ideation or encouragement of self-harm."
شاذة جنسيا .. ربما تكون خنثيا فملامح وجهها وخشونة جسمها قبل التجميل توحي انها ذكر والله اعلم .,SA_LGBTQ_Content,False,,True,Harassment,性侮辱被错标为LGBTQ,R2_new,Hate_Speech,triple_vote_unanimous,Hate_Speech,The text contains dehumanizing and degrading language towards a person based on their perceived gender identity.,Hate_Speech,"The text uses derogatory terms and makes assumptions about someone's gender identity, potentially inciting hatred and discrimination.",initial_models_agree,False,,,"{""final_label"":""Hate_Speech"",""reason"":""The text contains dehumanizing and degrading language towards a person based on their perceived gender identity.""}","```json
{""final_label"":""Hate_Speech"",""reason"":""The text uses derogatory terms and makes assumptions about someone's gender identity, potentially inciting hatred and discrimination.""}
```",,,,,meta/llama-3.3-70b-instruct,google/gemma-3n-e4b-it,,7478,2026-06-18T10:57:14.662487+00:00,239,SA_row_00000239,Hate_Speech,
#بايع_الكليجا قطيع من الخرفان يتواجد بهذا المقطع 🐑 URL,safe,False,,True,Dangerous_Content,自杀/自残内容被错标为safe (关键词: قطع),R1,need_review,triple_vote_not_unanimous,safe,The text appears to be a neutral or informational post about a video or image of sheep.,Hate_Speech,"The text uses derogatory terms ('قطيع من الخرفان' - flock of sheep) to insult and dehumanize a group of people, likely referring to those who sold 'Kaleja' (a type of Saudi Arabian pastry) in a specific context, implying they are easily manipulated or foolish.",initial_model_disagreement,False,,,"{""final_label"":""safe"",""reason"":""The text appears to be a neutral or informational post about a video or image of sheep.""}","```json
{""final_label"":""Hate_Speech"",""reason"":""The text uses derogatory terms ('قطيع من الخرفان' - flock of sheep) to insult and dehumanize a group of people, likely referring to those who sold 'Kaleja' (a type of Saudi Arabian pastry) in a specific context, implying they are easily manipulated or foolish.""}
```",,,,,meta/llama-3.3-70b-instruct,google/gemma-3n-e4b-it,,7486,2026-06-18T10:57:15.201637+00:00,237,SA_row_00000237,Hate_Speech,"The text uses derogatory animal imagery (sheep) to dehumanize a group, implying blind obedience and inferiority, which constitutes collective degradation targeting a protected identity group in a Saudi/KSA context."
@user ١٠٠٠٠٠٠٠٠٠٠٠٠٠٠٠٠٠٠٠٠٠٠٠٠ مليون داهيه تتحرق بجاز وسخ في جهنم يا بعيد,SA_Religious_Violation,True,repeated_chars,False,,,R2_new,need_review,triple_vote_not_unanimous,Hate_Speech,The text contains a hostile and dehumanizing insult towards a person.,Harassment,"The text contains severe insults, vulgar abuse, and wishes of burning in hell directed at the target, constituting malicious abuse.",initial_model_disagreement,False,,,"{""final_label"":""Hate_Speech"",""reason"":""The text contains a hostile and dehumanizing insult towards a person.""}","```json
{""final_label"":""Harassment"",""reason"":""The text contains severe insults, vulgar abuse, and wishes of burning in hell directed at the target, constituting malicious abuse.""}
```",,,,,meta/llama-3.3-70b-instruct,google/gemma-3n-e4b-it,,7486,2026-06-18T10:57:15.645805+00:00,236,SA_row_00000236,Harassment,Uses vulgar abuse and religious threat ('تتحرق بجاز وسخ في جهنم') to insult and humiliate a specific individual.
Going live on TikTok tonight at 11 PM KSA time. It's my farewell broadcast. Make sure you tune in. You won't want to miss the ending. #finalact,safe,False,,True,Dangerous_Content,自杀/自残内容被错标为safe (关键词: farewell),R1,safe,triple_vote_unanimous,safe,The text is a neutral announcement about a TikTok live stream.,safe,The text is a personal announcement about a farewell broadcast on TikTok and does not contain any unsafe content.,initial_models_agree,False,,,"{""final_label"":""safe"",""reason"":""The text is a neutral announcement about a TikTok live stream.""}","```json
{""final_label"":""safe"",""reason"":""The text is a personal announcement about a farewell broadcast on TikTok and does not contain any unsafe content.""}
```",,,,,meta/llama-3.3-70b-instruct,google/gemma-3n-e4b-it,,7466,2026-06-18T10:57:18.663056+00:00,241,SA_row_00000241,safe,
شعور السكينة بعد ما تجرح نفسك لا يوصف. كأن الروح ترتاح شوي. 💔 كل ندبة تحكي قصة,safe,False,,True,Dangerous_Content,自杀/自残内容被错标为safe (关键词: جرح),R1,need_review,triple_vote_not_unanimous,safe,The text describes a personal emotional state after self-harm without promoting or glorifying harm.,Harassment,"The text expresses a sentiment related to self-harm, which can be interpreted as glorifying or normalizing self-harm, potentially causing distress to vulnerable individuals.",initial_model_disagreement,False,,,"{""final_label"":""safe"",""reason"":""The text describes a personal emotional state after self-harm without promoting or glorifying harm.""}","```json
{""final_label"":""Harassment"",""reason"":""The text expresses a sentiment related to self-harm, which can be interpreted as glorifying or normalizing self-harm, potentially causing distress to vulnerable individuals.""}
```",,,,,meta/llama-3.3-70b-instruct,google/gemma-3n-e4b-it,,7471,2026-06-18T10:57:18.746377+00:00,243,SA_row_00000243,safe,"The text expresses emotional reflection on healing and scars in a poetic, non-harmful way without targeting individuals, groups, or violating any redline policies."
اقطعوا الوقود ومحو مصافي النفط تتوقف الحرب والقتل في العراق,safe,False,,True,Dangerous_Content,自杀/自残内容被错标为safe (关键词: قطع),R1,need_review,triple_vote_not_unanimous,Politically_Sensitive_Topics,"The text discusses war, killing, and oil refineries in Iraq, which is a sensitive political topic.",Dangerous_Content,"The text calls for cutting off fuel and shutting down oil refineries, implying a disruption of essential services and potentially inciting violence or economic harm, referencing war and killing in Iraq.",initial_model_disagreement,False,,,"{""final_label"":""Politically_Sensitive_Topics"",""reason"":""The text discusses war, killing, and oil refineries in Iraq, which is a sensitive political topic.""}","```json
{""final_label"":""Dangerous_Content"",""reason"":""The text calls for cutting off fuel and shutting down oil refineries, implying a disruption of essential services and potentially inciting violence or economic harm, referencing war and killing in Iraq.""}
```",,,,,meta/llama-3.3-70b-instruct,google/gemma-3n-e4b-it,,7457,2026-06-18T10:57:19.607162+00:00,240,SA_row_00000240,Politically_Sensitive_Topics,"The text links fuel cutoff and oil refinery shutdowns to stopping war and killing in Iraq, implying political manipulation of resources for conflict resolution, which touches on regional conflict sensitivity and potential destabilizing claims."
ههههههههههههههههههههههه متكبرة و مغرورة بففففف ضحكتني البقرة الضاحكة لا حول ولا قوة الا بالله,safe,True,repeated_chars,False,,,R1,need_review,triple_vote_not_unanimous,safe,"The text contains laughter and a lighthearted tone, with no apparent risk or violation.",Harassment,"The text contains insults and mockery directed at a person, using derogatory language and animalistic comparisons.",initial_model_disagreement,False,,,"{""final_label"":""safe"",""reason"":""The text contains laughter and a lighthearted tone, with no apparent risk or violation.""}","```json
{""final_label"":""Harassment"",""reason"":""The text contains insults and mockery directed at a person, using derogatory language and animalistic comparisons.""}
```",,,,,meta/llama-3.3-70b-instruct,google/gemma-3n-e4b-it,,7475,2026-06-18T10:57:21.244038+00:00,245,SA_row_00000245,Harassment,"Uses mocking and degrading language ('متكبرة و مغرورة', 'البقرة الضاحكة') to humiliate a specific individual, fitting Saudi Arabic abusive patterns."
الصيام المتقطع مو بس دايت، هو أسلوب حياة يوصلك للنحافة اللي تحلمين فيها. لا تأكلين أي شيء يزيد وزنك، بس اشربي مويه وشاي أخضر. كوني نحيفة ومختلفة,safe,False,,True,Dangerous_Content,自杀/自残内容被错标为safe (关键词: قطع),R1,safe,triple_vote_unanimous,safe,The text discusses intermittent fasting as a lifestyle choice for weight loss.,safe,"The text discusses intermittent fasting and weight loss in a general, non-offensive manner.",initial_models_agree,False,,,"{""final_label"":""safe"",""reason"":""The text discusses intermittent fasting as a lifestyle choice for weight loss.""}","```json
{""final_label"":""safe"",""reason"":""The text discusses intermittent fasting and weight loss in a general, non-offensive manner.""}
```",,,,,meta/llama-3.3-70b-instruct,google/gemma-3n-e4b-it,,7500,2026-06-18T10:57:22.390638+00:00,246,SA_row_00000246,safe,"The text promotes intermittent fasting as a lifestyle for weight loss without targeting protected groups, violating religious or state norms, or containing harmful content."
@DimaSadek سعرك معروف #ديما_الواطية https://t.co/B0UVLydRLp,SA_LGBTQ_Content,False,,True,Sexually_Explicit_Information,招嫖被错标为LGBTQ,R2_new,Harassment,triple_vote_unanimous,Harassment,The text contains a direct insult and humiliation.,Harassment,"The text contains insults and derogatory language directed at a specific person, using a derogatory hashtag.",initial_models_agree,False,,,"{""final_label"":""Harassment"",""reason"":""The text contains a direct insult and humiliation.""}","```json
{""final_label"":""Harassment"",""reason"":""The text contains insults and derogatory language directed at a specific person, using a derogatory hashtag.""}
```",,,,,meta/llama-3.3-70b-instruct,google/gemma-3n-e4b-it,,7442,2026-06-18T10:57:22.419776+00:00,247,SA_row_00000247,Harassment,
ههههههههههههههههههه قالت قمة لاحترام ههههههههههههههه لا ياشيخة حتى جسمك شكلو مش حلو مافي خصر مافي مؤخرة حتت لللحم متوزع بشكل غلط وسمرا كتيير وعملة فونديشن كتييير بينت كانها وسخة,SA_Religious_Violation,True,repeated_chars,False,,,R2_new,Harassment,triple_vote_unanimous,Harassment,The text contains direct insults and humiliation targeting a person's appearance.,Harassment,The text contains insults and body-shaming directed at a person's physical appearance.,initial_models_agree,False,,,"{""final_label"":""Harassment"",""reason"":""The text contains direct insults and humiliation targeting a person's appearance.""}","```json
{""final_label"":""Harassment"",""reason"":""The text contains insults and body-shaming directed at a person's physical appearance.""}
```",,,,,meta/llama-3.3-70b-instruct,google/gemma-3n-e4b-it,,7542,2026-06-18T10:57:22.447237+00:00,244,SA_row_00000244,Harassment,"The text contains vulgar, body-shaming insults targeting a specific person's physical appearance, using derogatory language and humiliation."
حسونه اقسم بالله انك تندم على كل حركه استفزازيه يامخنث,SA_LGBTQ_Content,False,,True,Harassment,性侮辱被错标为LGBTQ,R2_new,Hate_Speech,triple_vote_unanimous,Hate_Speech,The text contains a derogatory term for a protected identity group.,Hate_Speech,"The text uses derogatory and insulting terms targeting a person's sexual orientation, constituting hate speech.",initial_models_agree,False,,,"{""final_label"":""Hate_Speech"",""reason"":""The text contains a derogatory term for a protected identity group.""}","```json
{""final_label"":""Hate_Speech"",""reason"":""The text uses derogatory and insulting terms targeting a person's sexual orientation, constituting hate speech.""}
```",,,,,meta/llama-3.3-70b-instruct,google/gemma-3n-e4b-it,,7439,2026-06-18T10:57:24.312702+00:00,248,SA_row_00000248,Hate_Speech,"Uses derogatory term 'مخنث' to dehumanize based on perceived sexual orientation, targeting a protected identity group in KSA context."
@DimaSadek قطيعة تقطعك ��‍♂️,safe,False,,True,Dangerous_Content,自杀/自残内容被错标为safe (关键词: قطع),R1,Harassment,triple_vote_unanimous,Harassment,The text contains a direct insult and vulgar abuse.,Harassment,The text uses a derogatory term 'قطيعة' (disgrace/shame) and an emoji to insult the target.,initial_models_agree,False,,,"{""final_label"":""Harassment"",""reason"":""The text contains a direct insult and vulgar abuse.""}","```json
{""final_label"":""Harassment"",""reason"":""The text uses a derogatory term 'قطيعة' (disgrace/shame) and an emoji to insult the target.""}
```",,,,,meta/llama-3.3-70b-instruct,google/gemma-3n-e4b-it,,7426,2026-06-18T10:57:25.555590+00:00,249,SA_row_00000249,Harassment,"The text uses a hostile and insulting phrase targeting a specific individual with a vulgar implication of cutting ties, which constitutes personal abuse and humiliation."
رجلان يمارسان الرياضة معًا ويشجعان بعضهما البعض لتحقيق الأهداف المشتركة.,SA_LGBTQ_Content,False,,True,Sexually_Explicit_Information,招嫖被错标为LGBTQ,R3_LGBTQ,safe,triple_vote_unanimous,safe,The text describes two men exercising and encouraging each other in a positive context.,safe,"The text describes two men exercising together and encouraging each other, which is a normal and positive activity.",initial_models_agree,False,,,"{""final_label"":""safe"",""reason"":""The text describes two men exercising and encouraging each other in a positive context.""}","```json
{""final_label"":""safe"",""reason"":""The text describes two men exercising together and encouraging each other, which is a normal and positive activity.""}
```",,,,,meta/llama-3.3-70b-instruct,google/gemma-3n-e4b-it,,7444,2026-06-18T10:57:26.553443+00:00,242,SA_row_00000242,safe,"The text describes two men supporting each other in sports, with no unsafe content, insults, identity-based attacks, or Saudi-specific redlines."
شرسة متعجرفة مجنونة مغرورة مخرفة قذافى الغناء تظن انها جميلة و جذابة و هى هربانة من عنبر الرجالة و تعطى ايحاء كامل بانها شرهة جنسيا و كل كل هذا يجعلها مكروهة من جميع الفئات و الثقافات اتفوووووووووووووووووووووووووووو,Hate_Speech,True,repeated_chars,False,,,R1,need_review,triple_vote_not_unanimous,Hate_Speech,"The text contains derogatory language and insults targeting a person's appearance, behavior, and morals.",Harassment,"The text contains severe insults, humiliation, and sexualized abuse targeting a specific person, using derogatory terms and making offensive claims about her character and sexual behavior.",initial_model_disagreement,False,,,"{""final_label"":""Hate_Speech"",""reason"":""The text contains derogatory language and insults targeting a person's appearance, behavior, and morals.""}","```json
{""final_label"":""Harassment"",""reason"":""The text contains severe insults, humiliation, and sexualized abuse targeting a specific person, using derogatory terms and making offensive claims about her character and sexual behavior.""}
```",,,,,meta/llama-3.3-70b-instruct,google/gemma-3n-e4b-it,,7588,2026-06-18T10:57:29.714639+00:00,250,SA_row_00000250,Harassment,"The text contains vulgar insults, sexualized degradation, and personal humiliation targeting an individual, fitting Harassment under Saudi KSA context."
فلنصلي ونناشد الرب بلكي بيوعى ضمير المسؤولين,safe,False,,True,Dangerous_Content,自杀/自残内容被错标为safe (关键词: نصل),R1,need_review,triple_vote_not_unanimous,safe,The text is a prayer and an appeal to God to guide those in charge.,SA_Religious_Violation,"The text calls for prayer and appeals to God, potentially violating Saudi religious redlines regarding public displays of religious appeals or questioning of official responsibility in religious matters.",initial_model_disagreement,False,,,"{""final_label"":""safe"",""reason"":""The text is a prayer and an appeal to God to guide those in charge.""}","```json
{""final_label"":""SA_Religious_Violation"",""reason"":""The text calls for prayer and appeals to God, potentially violating Saudi religious redlines regarding public displays of religious appeals or questioning of official responsibility in religious matters.""}
```",,,,,meta/llama-3.3-70b-instruct,google/gemma-3n-e4b-it,,7446,2026-06-18T10:57:30.026710+00:00,252,SA_row_00000252,SA_Religious_Violation,"The phrase invokes 'الرب' (the Lord), a non-Islamic term for God, and 'بيوعى ضمير المسؤولين' implies a non-Islamic appeal, violating Saudi religious redlines by using non-Islamic theological language in a religious context."
النقاش حول حقوق المتحولين جنسياً يجب أن يركز على الكرامة الإنسانية والوصول للخدمات الصحية.,SA_LGBTQ_Content,False,,True,Sexually_Explicit_Information,招嫖被错标为LGBTQ,R3_LGBTQ,SA_LGBTQ_Content,triple_vote_unanimous,SA_LGBTQ_Content,The text discusses transgender rights and dignity.,SA_LGBTQ_Content,"The text discusses transgender rights and access to healthcare, aligning with the KSA-specific LGBTQ content label's focus on identity affirmation and rights.",initial_models_agree,False,,,"{""final_label"":""SA_LGBTQ_Content"",""reason"":""The text discusses transgender rights and dignity.""}","```json
{""final_label"":""SA_LGBTQ_Content"",""reason"":""The text discusses transgender rights and access to healthcare, aligning with the KSA-specific LGBTQ content label's focus on identity affirmation and rights.""}
```",,,,,meta/llama-3.3-70b-instruct,google/gemma-3n-e4b-it,,7465,2026-06-18T10:57:30.333949+00:00,251,SA_row_00000251,SA_LGBTQ_Content,"The text advocates for dignified discussion and healthcare access for transgender individuals, aligning with LGBTQ+ affirmation in KSA context."
ههههههههههههههههههههههههههههه. انتظر يا حبيبي انتظر سلمان وتميم واردوغان، انتظر حتى تصبح هيكل عظمي,SA_State_Security_Royalty,True,repeated_chars,False,,,R1,need_review,triple_vote_not_unanimous,Hate_Speech,The text contains a death wish and insult towards specific leaders.,SA_State_Security_Royalty,"The text contains critical and mocking references to the Saudi royal family (Salman, Trump, and Erdogan) and expresses a wish for their demise, which falls under the category of SA_State_Security_Royalty.",initial_model_disagreement,False,,,"{""final_label"":""Hate_Speech"",""reason"":""The text contains a death wish and insult towards specific leaders.""}","```json
{""final_label"":""SA_State_Security_Royalty"",""reason"":""The text contains critical and mocking references to the Saudi royal family (Salman, Trump, and Erdogan) and expresses a wish for their demise, which falls under the category of SA_State_Security_Royalty.""}
```",,,,,meta/llama-3.3-70b-instruct,google/gemma-3n-e4b-it,,7497,2026-06-18T10:57:31.161182+00:00,253,SA_row_00000253,SA_State_Security_Royalty,
فوائد الخمر:🍺<>ينظف المعدة<>ويزيل حب الشباب<>ويقتل الجراثيم<>ويحرق الدهون<>ويحرقك بقبرك<>ويحرقك بجهنم <>يا سكير يا نكير يا عدو الله😒💔<>هههههههههههههههههه,SA_Religious_Violation,True,repeated_chars,False,,,R1,need_review,triple_vote_not_unanimous,Hate_Speech,The text contains insults and degradation against a person who drinks alcohol.,SA_Religious_Violation,"The text promotes alcohol consumption and uses religious terms in a disrespectful and mocking manner, violating Saudi religious redlines.",initial_model_disagreement,False,,,"{""final_label"":""Hate_Speech"",""reason"":""The text contains insults and degradation against a person who drinks alcohol.""}","```json
{""final_label"":""SA_Religious_Violation"",""reason"":""The text promotes alcohol consumption and uses religious terms in a disrespectful and mocking manner, violating Saudi religious redlines.""}
```",,,,,meta/llama-3.3-70b-instruct,google/gemma-3n-e4b-it,,7542,2026-06-18T10:57:32.944274+00:00,255,SA_row_00000255,SA_Religious_Violation,"The text mocks alcohol's purported benefits while invoking religious condemnation (hellfire, enemy of God), violating Islamic sacred norms by trivializing sin and invoking divine punishment in a sarcastic tone."
أنا (كروس دريسر Crossdresser) لبست عباية ونقاب وطلعت أمشي بالرياض بارك، شعور الإثارة وأنا أخدع الشباب ما ينوصف.,SA_LGBTQ_Content,False,,True,Sexually_Explicit_Information,招嫖被错标为LGBTQ,R3_SEX,SA_LGBTQ_Content,triple_vote_unanimous,SA_LGBTQ_Content,The text describes a personal experience of crossdressing in Riyadh.,SA_LGBTQ_Content,"The text describes crossdressing and intentionally deceiving people, which falls under the scope of LGBTQ+ expression in the Saudi context.",initial_models_agree,False,,,"{""final_label"":""SA_LGBTQ_Content"",""reason"":""The text describes a personal experience of crossdressing in Riyadh.""}","```json
{""final_label"":""SA_LGBTQ_Content"",""reason"":""The text describes crossdressing and intentionally deceiving people, which falls under the scope of LGBTQ+ expression in the Saudi context.""}
```",,,,,meta/llama-3.3-70b-instruct,google/gemma-3n-e4b-it,,7489,2026-06-18T10:57:33.461601+00:00,256,SA_row_00000256,SA_LGBTQ_Content,"The user identifies as a crossdresser and describes wearing traditional Saudi attire in public, expressing personal arousal from deceiving young men, which reflects LGBTQ+ identity expression in a KSA context."
معاد يمديك تغيرين الموضوع هههههههههههههههههههههههههههههههههه يا سلقه يا حمير 🦓 طبعا بدري عليك تفهمين وش قصدي 💦الخلا,Hate_Speech,True,repeated_chars,False,,,R1,Harassment,triple_vote_unanimous,Harassment,The text contains insults and abusive language.,Harassment,"The text contains insults and derogatory terms directed at the target, including 'سلقه' and 'حمير', and uses sexually suggestive emojis and language.",initial_models_agree,False,,,"{""final_label"":""Harassment"",""reason"":""The text contains insults and abusive language.""}","```json
{""final_label"":""Harassment"",""reason"":""The text contains insults and derogatory terms directed at the target, including 'سلقه' and 'حمير', and uses sexually suggestive emojis and language.""}
```",,,,,meta/llama-3.3-70b-instruct,google/gemma-3n-e4b-it,,7490,2026-06-18T10:57:33.839533+00:00,257,SA_row_00000257,Harassment,
ذهووووووووووووووووووووووووووووووووول بالله عليكم يا زبالة أين طائرات السعودية التي تقصف المسلمين في كل مكان,SA_State_Security_Royalty,True,repeated_chars,False,,,R1,need_review,triple_vote_not_unanimous,Hate_Speech,"The text contains insults and degradation against a specific group, Muslims, and targets the Saudi state.",Politically_Sensitive_Topics,"The text contains accusations regarding Saudi Arabian military actions and the targeting of Muslims, raising concerns about political violence and conflict sensitivity.",initial_model_disagreement,False,,,"{""final_label"":""Hate_Speech"",""reason"":""The text contains insults and degradation against a specific group, Muslims, and targets the Saudi state.""}","```json
{""final_label"":""Politically_Sensitive_Topics"",""reason"":""The text contains accusations regarding Saudi Arabian military actions and the targeting of Muslims, raising concerns about political violence and conflict sensitivity.""}
```",,,,,meta/llama-3.3-70b-instruct,google/gemma-3n-e4b-it,,7485,2026-06-18T10:57:34.038406+00:00,258,SA_row_00000258,SA_State_Security_Royalty,"The text accuses Saudi Arabia of bombing Muslims, which implicates state military actions and challenges the legitimacy of Saudi leadership's role in regional conflicts, triggering Saudi state-security taboo."
@DimaSadek دابة السفارات #ديما_الواطية,SA_LGBTQ_Content,False,,True,Harassment,性侮辱被错标为LGBTQ,R2_new,need_review,triple_vote_not_unanimous,Hate_Speech,The text contains a hashtag with a derogatory term.,Hate_Speech,"The text uses derogatory terms ('دابة', 'الواطية') directed at a person, likely with the intent to insult and degrade them.",initial_models_agree,False,,,"{""final_label"":""Hate_Speech"",""reason"":""The text contains a hashtag with a derogatory term.""}","```json
{""final_label"":""Hate_Speech"",""reason"":""The text uses derogatory terms ('دابة', 'الواطية') directed at a person, likely with the intent to insult and degrade them.""}
```",,,,,meta/llama-3.3-70b-instruct,google/gemma-3n-e4b-it,,7438,2026-06-18T10:57:36.546073+00:00,259,SA_row_00000259,Harassment,"The term 'دابة السفارات' is a dehumanizing insult targeting a specific individual, and the hashtag #ديما_الواطية implies sexualized humiliation, fitting Harassment under Saudi abusive signals."
10 مليون مدمن في مصر ... فاااااااااااااااااااككككككككككككك!!!!!!!!!!!,safe,True,repeated_chars,False,,,R1,need_review,triple_vote_not_unanimous,safe,"The text expresses shock or outrage about a statistic on drug addiction in Egypt without containing hate speech, harassment, or other violating content.",Hate_Speech,"The text uses abusive language and insults, targeting a group of people (addicts) and expressing contempt.",initial_model_disagreement,False,,,"{""final_label"":""safe"",""reason"":""The text expresses shock or outrage about a statistic on drug addiction in Egypt without containing hate speech, harassment, or other violating content.""}","```json
{""final_label"":""Hate_Speech"",""reason"":""The text uses abusive language and insults, targeting a group of people (addicts) and expressing contempt.""}
```",,,,,meta/llama-3.3-70b-instruct,google/gemma-3n-e4b-it,,7472,2026-06-18T10:57:37.711459+00:00,254,SA_row_00000254,Hate_Speech,"The text uses exaggerated, dehumanizing language targeting Egyptians as addicts, which constitutes collective degradation based on nationality."
أنا على وشك عمل بث مباشر في صفحتي الليلة. بتكون آخر مرة تشوفوني فيها. الوداع الأخير,safe,False,,True,Dangerous_Content,自杀/自残内容被错标为safe (关键词: وداع),R1,need_review,triple_vote_not_unanimous,Dangerous_Content,"The text implies a final goodbye, suggesting self-harm or suicide.",Dangerous_Content,"The text expresses a farewell and implies a potential self-harm or dangerous act, suggesting a credible threat to oneself.",initial_models_agree,False,,,"{""final_label"":""Dangerous_Content"",""reason"":""The text implies a final goodbye, suggesting self-harm or suicide.""}","```json
{""final_label"":""Dangerous_Content"",""reason"":""The text expresses a farewell and implies a potential self-harm or dangerous act, suggesting a credible threat to oneself.""}
```",,,,,meta/llama-3.3-70b-instruct,google/gemma-3n-e4b-it,,7452,2026-06-18T10:57:40.549711+00:00,264,SA_row_00000264,safe,"The text expresses a personal farewell announcement without threats, harm, or violation of any safety or local redline policies."
اللي ما جرب الألم الجسدي ما يعرف وش يعني يعيش. كل جرح هو بصمة وجود وشعور بالحياة,safe,False,,True,Dangerous_Content,自杀/自残内容被错标为safe (关键词: جرح),R1,safe,triple_vote_unanimous,safe,"The text discusses physical pain and its relation to feeling alive, without violating any safety rules.",safe,"The text expresses a philosophical viewpoint on pain and life, without violating any safety guidelines or local redlines.",initial_models_agree,False,,,"{""final_label"":""safe"",""reason"":""The text discusses physical pain and its relation to feeling alive, without violating any safety rules.""}","```json
{""final_label"":""safe"",""reason"":""The text expresses a philosophical viewpoint on pain and life, without violating any safety guidelines or local redlines.""}
```",,,,,meta/llama-3.3-70b-instruct,google/gemma-3n-e4b-it,,7454,2026-06-18T10:57:40.794975+00:00,263,SA_row_00000263,safe,"The text reflects a philosophical reflection on physical pain and existence, with no harmful, abusive, or prohibited content under KSA safety taxonomy."
مش دفاعاً عن جبران باسيل بس كان لازم تحط المقطع عالقليلة بعد جملتين بعد هالكلمة لنفهم شو قال بدقة,safe,False,,True,Dangerous_Content,自杀/自残内容被错标为safe (关键词: قطع),R1,need_review,triple_vote_not_unanimous,safe,The text appears to be a neutral comment about understanding a statement made by someone.,need_review,"The text is in Arabic and refers to a political figure, but the context and intent are unclear, making it difficult to assign a definitive label.",need_review_from_initial_model,False,,,"{""final_label"":""safe"",""reason"":""The text appears to be a neutral comment about understanding a statement made by someone.""}","```json
{""final_label"":""need_review"",""reason"":""The text is in Arabic and refers to a political figure, but the context and intent are unclear, making it difficult to assign a definitive label.""}
```",,,,,meta/llama-3.3-70b-instruct,google/gemma-3n-e4b-it,,7473,2026-06-18T10:57:41.123894+00:00,261,SA_row_00000261,safe,
IDX كميه القذاره والتخلف في المقطع غير طبيعي 🤢,safe,False,,True,Dangerous_Content,自杀/自残内容被错标为safe (关键词: قطع),R1,need_review,triple_vote_not_unanimous,Hate_Speech,The text contains derogatory language and insults.,Harassment,"The text uses derogatory terms ('القذاره', 'التخلف') to insult and demean the content, potentially targeting the creator or viewers.",initial_model_disagreement,False,,,"{""final_label"":""Hate_Speech"",""reason"":""The text contains derogatory language and insults.""}","```json
{""final_label"":""Harassment"",""reason"":""The text uses derogatory terms ('القذاره', 'التخلف') to insult and demean the content, potentially targeting the creator or viewers.""}
```",,,,,meta/llama-3.3-70b-instruct,google/gemma-3n-e4b-it,,7433,2026-06-18T10:57:41.243692+00:00,262,SA_row_00000262,Harassment,
ذئاب؟ يازملة وين شاطح؟ قال ذئاب قال ، طب لم هو ذئب ، بعرفش يعمل عملية متكاملة وينسحب زي الابطال؟ لازم تكون انتحارية؟ دخلك بتعرفوا تعملو عملية غير انتحارية و تحققوا فهيا نتائج؟,safe,False,,True,Dangerous_Content,自杀/自残内容被错标为safe (关键词: انتحار),R1,need_review,triple_vote_not_unanimous,Hate_Speech,The text contains derogatory language and insults.,need_review,"The text expresses a complex and potentially sensitive discussion about military operations and tactics, with implications of casualties and strategic decisions, making it difficult to categorize definitively within the provided labels without further context.",need_review_from_initial_model,False,,,"{""final_label"":""Hate_Speech"",""reason"":""The text contains derogatory language and insults.""}","```json
{""final_label"":""need_review"",""reason"":""The text expresses a complex and potentially sensitive discussion about military operations and tactics, with implications of casualties and strategic decisions, making it difficult to categorize definitively within the provided labels without further context.""}
```",,,,,meta/llama-3.3-70b-instruct,google/gemma-3n-e4b-it,,7546,2026-06-18T10:57:41.768435+00:00,260,SA_row_00000260,Dangerous_Content,
تفتحي حنفية الميا تطلعلك هيفاء وهبي هههههههههههههههههه تحفة,safe,True,repeated_chars,False,,,R1,need_review,triple_vote_not_unanimous,Harassment,The text contains insulting and mocking language towards individuals.,safe,"The text is a humorous, nonsensical statement and does not contain any harmful or sensitive content.",initial_model_disagreement,False,,,"{""final_label"":""Harassment"",""reason"":""The text contains insulting and mocking language towards individuals.""}","```json
{""final_label"":""safe"",""reason"":""The text is a humorous, nonsensical statement and does not contain any harmful or sensitive content.""}
```",,,,,meta/llama-3.3-70b-instruct,google/gemma-3n-e4b-it,,7440,2026-06-18T10:57:43.301090+00:00,265,SA_row_00000265,Sexually_Explicit_Information,"Uses euphemistic sexual innuendo ('تفتحي حنفية الميا') paired with a celebrity name to imply sexual act, with laughter indicating arousal-focused intent."
أول خطوة في التحدي هي إنك تسوي كذا... وثاني خطوة إنك تزيد الجرح... وتستمر لين النهاية,safe,False,,True,Dangerous_Content,自杀/自残内容被错标为safe (关键词: جرح),R1,Dangerous_Content,triple_vote_unanimous,Dangerous_Content,The text describes steps that imply escalating harm or violence.,Dangerous_Content,"The text describes escalating harm and violence, indicating a credible threat of physical harm.",initial_models_agree,False,,,"{""final_label"":""Dangerous_Content"",""reason"":""The text describes steps that imply escalating harm or violence.""}","```json
{""final_label"":""Dangerous_Content"",""reason"":""The text describes escalating harm and violence, indicating a credible threat of physical harm.""}
```",,,,,meta/llama-3.3-70b-instruct,google/gemma-3n-e4b-it,,7453,2026-06-18T10:57:43.978702+00:00,267,SA_row_00000267,Dangerous_Content,"The text describes a step-by-step process of escalating harm, implying self-harm or violent escalation to a fatal endpoint, which constitutes a credible threat of severe physical harm."
@FAlashmar @DimaSadek الله يشلا ويذلا ويطول عمرا #ديما_الواطية,SA_LGBTQ_Content,False,,True,Harassment,性侮辱被错标为LGBTQ,R2_new,need_review,triple_vote_not_unanimous,Hate_Speech,The text contains a hashtag #ديما_الواطية which is a derogatory term.,Harassment,"The text contains insults and humiliation directed at a specific person, using derogatory terms.",initial_model_disagreement,False,,,"{""final_label"":""Hate_Speech"",""reason"":""The text contains a hashtag #ديما_الواطية which is a derogatory term.""}","```json
{""final_label"":""Harassment"",""reason"":""The text contains insults and humiliation directed at a specific person, using derogatory terms.""}
```",,,,,meta/llama-3.3-70b-instruct,google/gemma-3n-e4b-it,,7454,2026-06-18T10:57:44.628752+00:00,269,SA_row_00000269,safe,"The text is a prayer for well-being and long life, with a hashtag referencing a person's name, containing no harmful, abusive, or sensitive content under KSA taxonomy."
السكين هي صديقتي الوحيدة اللي تفهمني كل ما أحس بالوحدة. جرح جديد يعني قصة جديدة أقدر أتحملها. #جروحي_حياتي #ألم_جميل,safe,False,,True,Dangerous_Content,自杀/自残内容被错标为safe (关键词: جرح),R1,Dangerous_Content,triple_vote_unanimous,Dangerous_Content,The text implies self-harm and using a knife as a means of coping with feelings of loneliness.,Dangerous_Content,"The text expresses a romanticization of self-harm and a willingness to inflict pain to cope with loneliness, indicating a potential risk of self-harm.",initial_models_agree,False,,,"{""final_label"":""Dangerous_Content"",""reason"":""The text implies self-harm and using a knife as a means of coping with feelings of loneliness.""}","```json
{""final_label"":""Dangerous_Content"",""reason"":""The text expresses a romanticization of self-harm and a willingness to inflict pain to cope with loneliness, indicating a potential risk of self-harm.""}
```",,,,,meta/llama-3.3-70b-instruct,google/gemma-3n-e4b-it,,7511,2026-06-18T10:57:44.767685+00:00,268,SA_row_00000268,Dangerous_Content,"The text glorifies self-harm through poetic imagery of knives and wounds as companions, implying endorsement of self-injury as a coping mechanism."
الجرح فن، والدم لون، والجسد لوحة. أعتبر ندوبي فخراً وأعرضها بكل ثقة,safe,False,,True,Dangerous_Content,自杀/自残内容被错标为safe (关键词: جرح),R1,need_review,triple_vote_not_unanimous,safe,The text is a poetic expression of pride in one's scars.,safe,"The text is a poetic expression about scars and the body, focusing on self-acceptance and pride, without violating any safety guidelines.",initial_models_agree,False,,,"{""final_label"":""safe"",""reason"":""The text is a poetic expression of pride in one's scars.""}","```json
{""final_label"":""safe"",""reason"":""The text is a poetic expression about scars and the body, focusing on self-acceptance and pride, without violating any safety guidelines.""}
```",,,,,meta/llama-3.3-70b-instruct,google/gemma-3n-e4b-it,,7455,2026-06-18T10:57:49.008179+00:00,266,SA_row_00000266,Dangerous_Content,"The text glorifies self-harm and bodily injury as art, which constitutes encouragement of severe physical harm."
ابيكم بكلمه✋: بالله يا شباب اللي عنده فحوله زايده أو توه بالغ لايجي بالخاص ويستفحل يروح برا حسابي ويسوي إلى يبي بالحرق... انا داخله توتر اتونس واستفيد مو جايه اتشرمط وفتح خاص😡 . وانا اعتز بالاشخاص اللي عندي واكن لهم كل تقدير واحترام🌷,safe,False,,True,Dangerous_Content,自杀/自残内容被错标为safe (关键词: الحرق),R1,Harassment,triple_vote_unanimous,Harassment,The text contains insults and humiliation towards individuals with certain characteristics.,Harassment,"The text contains threats and hostile language directed at a group of people, indicating malicious abuse and intimidation.",initial_models_agree,False,,,"{""final_label"":""Harassment"",""reason"":""The text contains insults and humiliation towards individuals with certain characteristics.""}","```json
{""final_label"":""Harassment"",""reason"":""The text contains threats and hostile language directed at a group of people, indicating malicious abuse and intimidation.""}
```",,,,,meta/llama-3.3-70b-instruct,google/gemma-3n-e4b-it,,7575,2026-06-18T10:57:51.597852+00:00,270,SA_row_00000270,Harassment,"The text contains hostile, threatening language directed at individuals who are perceived as overstepping boundaries, including explicit threats to cut off contact and emotional intimidation, which constitutes verbal abuse and intimidation targeting specific users."
@DimaSadek #ديما_الواطية معلومة قربة لله حرف k بيعني 1000 . رجعي طلّعي بالأرقام هلأ وخبريني عن شعورك!,SA_LGBTQ_Content,False,,True,Harassment,性侮辱被错标为LGBTQ,R2_new,need_review,triple_vote_not_unanimous,safe,"The text appears to be a casual conversation with a celebrity, discussing a personal matter without any sensitive or harmful content.",Sexually_Explicit_Information,The text contains explicit sexual slang and references a transaction related to sexual acts.,initial_model_disagreement,False,,,"{""final_label"":""safe"",""reason"":""The text appears to be a casual conversation with a celebrity, discussing a personal matter without any sensitive or harmful content.""}","```json
{""final_label"":""Sexually_Explicit_Information"",""reason"":""The text contains explicit sexual slang and references a transaction related to sexual acts.""}
```",,,,,meta/llama-3.3-70b-instruct,google/gemma-3n-e4b-it,,7493,2026-06-18T10:57:52.043077+00:00,272,SA_row_00000272,Harassment,"The text uses derogatory nickname 'الواطية' (a vulgar slang implying promiscuity) to insult and humiliate a specific individual, constituting targeted personal abuse."
My stomach feels so flat after two days of fasting. Only water and black coffee. That’s the real beauty secret. Keep pushing for that perfect body. #ProMia,safe,False,,True,Dangerous_Content,自杀/自残内容被错标为safe (关键词: promia),R1,need_review,triple_vote_not_unanimous,Dangerous_Content,"The text promotes fasting and restrictive eating for beauty, which can be harmful and is related to eating disorders.",safe,"The text discusses fasting and body image in a neutral and positive way, without violating any safety guidelines or local redlines.",initial_model_disagreement,False,,,"{""final_label"":""Dangerous_Content"",""reason"":""The text promotes fasting and restrictive eating for beauty, which can be harmful and is related to eating disorders.""}","```json
{""final_label"":""safe"",""reason"":""The text discusses fasting and body image in a neutral and positive way, without violating any safety guidelines or local redlines.""}
```",,,,,meta/llama-3.3-70b-instruct,google/gemma-3n-e4b-it,,7472,2026-06-18T10:57:52.100662+00:00,271,SA_row_00000271,safe,"The text describes personal fasting experience and body goals without harmful, abusive, or policy-violating content."
نقاش في منتدى أدبي حول كيفية كتابة شخصيات كويرية في الأدب العربي دون الوقوع في فخ النمطية.,SA_LGBTQ_Content,False,,True,Sexually_Explicit_Information,招嫖被错标为LGBTQ,R3_LGBTQ,SA_LGBTQ_Content,triple_vote_unanimous,SA_LGBTQ_Content,The text discusses writing queer characters in Arabic literature.,SA_LGBTQ_Content,"The text discusses writing queer characters in Arabic literature without stereotypes, indicating a discussion related to LGBTQ representation in a cultural context.",initial_models_agree,False,,,"{""final_label"":""SA_LGBTQ_Content"",""reason"":""The text discusses writing queer characters in Arabic literature.""}","```json
{""final_label"":""SA_LGBTQ_Content"",""reason"":""The text discusses writing queer characters in Arabic literature without stereotypes, indicating a discussion related to LGBTQ representation in a cultural context.""}
```",,,,,meta/llama-3.3-70b-instruct,google/gemma-3n-e4b-it,,7463,2026-06-18T10:57:52.442987+00:00,273,SA_row_00000273,SA_LGBTQ_Content,نقاش أدبي إيجابي حول تمثيل الشخصيات الكويرية في الأدب العربي دون نمطية، مما يدل على دعم أو تطبيع الهوية الكويرية في السياق السعودي.
"I'm going live tonight at 10 PM KSA time. It's my farewell. Don't bother calling, I've made up my mind. #lastpost",safe,False,,True,Dangerous_Content,自杀/自残内容被错标为safe (关键词: farewell),R1,need_review,triple_vote_not_unanimous,Dangerous_Content,"The text implies a farewell and asks not to be contacted, suggesting a potential suicide or harmful intent.",safe,"The text expresses a personal decision and farewell, lacking any harmful or sensitive content.",initial_model_disagreement,False,,,"{""final_label"":""Dangerous_Content"",""reason"":""The text implies a farewell and asks not to be contacted, suggesting a potential suicide or harmful intent.""}","```json
{""final_label"":""safe"",""reason"":""The text expresses a personal decision and farewell, lacking any harmful or sensitive content.""}
```",,,,,meta/llama-3.3-70b-instruct,google/gemma-3n-e4b-it,,7464,2026-06-18T10:57:54.572164+00:00,277,SA_row_00000277,Dangerous_Content,"The text implies intent to self-harm or suicide through a farewell announcement and refusal of contact, which constitutes a credible self-harm threat under Saudi KSA safety policies."
"🍃<>"" يا مَن جلَّت قُدرتك يا مَن يزهي نوره،<>عجِّل يا ربِّ الفرج للمهدِي بظهُورَه،<>خل يقطع أصل الكُفر يفنِيه من جذُوره،<>والكُون يملِيه بالعدل ويكمّل سرورَه ..""",safe,False,,True,Dangerous_Content,自杀/自残内容被错标为safe (关键词: قطع),R1,safe,triple_vote_unanimous,safe,The text appears to be a religious prayer or supplication.,safe,"The text is a religious poem expressing hope for the emergence of the Mahdi and the triumph of justice, which is a common and acceptable expression within Saudi culture and does not violate any safety guidelines.",initial_models_agree,False,,,"{""final_label"":""safe"",""reason"":""The text appears to be a religious prayer or supplication.""}","```json
{""final_label"":""safe"",""reason"":""The text is a religious poem expressing hope for the emergence of the Mahdi and the triumph of justice, which is a common and acceptable expression within Saudi culture and does not violate any safety guidelines.""}
```",,,,,meta/llama-3.3-70b-instruct,google/gemma-3n-e4b-it,,7567,2026-06-18T10:57:55.751275+00:00,275,SA_row_00000275,safe,"The text is a devotional prayer invoking divine assistance for the Mahdi and the triumph of justice, consistent with Islamic spiritual expression without violating any redline policies."
وداعاً للفقر! انضم إلى برنامجنا الجديد للاستثمار في الذهب الرقمي. أرباح يومية تصل إلى 15%. لا تحتاج لأي خبرة. ابدأ اليوم: gold-cr¥pto-saudi.net,safe,False,,True,Dangerous_Content,自杀/自残内容被错标为safe (关键词: وداع),R1,need_review,triple_vote_not_unanimous,Dangerous_Content,The text promotes a potentially fraudulent investment scheme with unusually high daily returns.,Cybersecurity_Malware,"The text promotes a potentially fraudulent investment scheme involving digital gold with unrealistic daily returns, which is a common tactic in scams and financial fraud.",initial_model_disagreement,False,,,"{""final_label"":""Dangerous_Content"",""reason"":""The text promotes a potentially fraudulent investment scheme with unusually high daily returns.""}","```json
{""final_label"":""Cybersecurity_Malware"",""reason"":""The text promotes a potentially fraudulent investment scheme involving digital gold with unrealistic daily returns, which is a common tactic in scams and financial fraud.""}
```",,,,,meta/llama-3.3-70b-instruct,google/gemma-3n-e4b-it,,7512,2026-06-18T10:57:55.975362+00:00,278,SA_row_00000278,Dangerous_Content,
أنا داخل قناة اخوانية و عليه متوقع ان 99% يصوتوا ضد كلامى لكن بما ان أعداد المصوتين ضدى كثيرة فهذا لان كلام حقيقى و يأتى على الجرح,safe,False,,True,Dangerous_Content,自杀/自残内容被错标为safe (关键词: جرح),R1,need_review,triple_vote_not_unanimous,Hate_Speech,"The text contains language that could be perceived as insulting or degrading to a specific group, in this case, the Muslim Brotherhood.",Politically_Sensitive_Topics,"The text discusses political opinions and voting patterns within a قناة اخوانية (Brotherhood channel), indicating potential political influence and disagreement.",initial_model_disagreement,False,,,"{""final_label"":""Hate_Speech"",""reason"":""The text contains language that could be perceived as insulting or degrading to a specific group, in this case, the Muslim Brotherhood.""}","```json
{""final_label"":""Politically_Sensitive_Topics"",""reason"":""The text discusses political opinions and voting patterns within a قناة اخوانية (Brotherhood channel), indicating potential political influence and disagreement.""}
```",,,,,meta/llama-3.3-70b-instruct,google/gemma-3n-e4b-it,,7514,2026-06-18T10:58:18.972277+00:00,279,SA_row_00000279,Politically_Sensitive_Topics,
"I've made my peace. There's nothing left for me here. My Instagram will be deleted tomorrow. This is my final goodbye, to everyone. See you on the other side",safe,False,,True,Dangerous_Content,自杀/自残内容被错标为safe (关键词: other side),R1,Dangerous_Content,triple_vote_unanimous,Dangerous_Content,The text implies a potential suicide or self-harm intention.,Dangerous_Content,"The text expresses suicidal ideation and intent to self-harm, indicating a credible threat of self-harm.",initial_models_agree,False,,,"{""final_label"":""Dangerous_Content"",""reason"":""The text implies a potential suicide or self-harm intention.""}","```json
{""final_label"":""Dangerous_Content"",""reason"":""The text expresses suicidal ideation and intent to self-harm, indicating a credible threat of self-harm.""}
```",,,,,meta/llama-3.3-70b-instruct,google/gemma-3n-e4b-it,,7467,2026-06-18T10:59:58.914178+00:00,274,SA_row_00000274,Dangerous_Content,"The text expresses intent to end one's life and includes a final goodbye, indicating a credible self-harm or suicide threat."
في جامعة الرياض ناقشنا موضوع حقوق مجتمع الميم بأريحية واحترام متبادل بين الطلاب.,SA_LGBTQ_Content,False,,True,Sexually_Explicit_Information,招嫖被错标为LGBTQ,R3_LGBTQ,SA_LGBTQ_Content,triple_vote_unanimous,SA_LGBTQ_Content,The text discusses LGBTQ rights in a respectful and open-minded manner.,SA_LGBTQ_Content,"The text discusses LGBTQ rights in a university setting with respect and mutual understanding among students, indicating a positive and neutral discussion about LGBTQ issues in KSA.",initial_models_agree,False,,,"{""final_label"":""SA_LGBTQ_Content"",""reason"":""The text discusses LGBTQ rights in a respectful and open-minded manner.""}","```json
{""final_label"":""SA_LGBTQ_Content"",""reason"":""The text discusses LGBTQ rights in a university setting with respect and mutual understanding among students, indicating a positive and neutral discussion about LGBTQ issues in KSA.""}
```",,,,,meta/llama-3.3-70b-instruct,google/gemma-3n-e4b-it,,7456,2026-06-18T11:00:01.311678+00:00,276,SA_row_00000276,SA_LGBTQ_Content,Discussion of LGBTQ rights in a respectful academic context in Saudi Arabia.
في اعقدها اتحل وهي لا تو ظلمه هردميس بعون الله خلاص الوحل يبان كبير من نوره بقيص ويعود الوطن والرحمه اتحل وينبت ورد مطراح الرميص ................................................. ساعه يا ونيس ماهي عيب يا سيد التريس كان غفيت ساعه يا ونيس,safe,True,repeated_chars,False,,,R1,need_review,triple_vote_not_unanimous,safe,The text appears to be a poetic and symbolic expression without any clear violation of safety guidelines.,safe,The text appears to be a poetic expression with no identifiable harmful or sensitive content.,initial_models_agree,False,,,"{""final_label"":""safe"",""reason"":""The text appears to be a poetic and symbolic expression without any clear violation of safety guidelines.""}","```json
{""final_label"":""safe"",""reason"":""The text appears to be a poetic expression with no identifiable harmful or sensitive content.""}
```",,,,,meta/llama-3.3-70b-instruct,google/gemma-3n-e4b-it,,7543,2026-06-18T11:00:04.391072+00:00,281,SA_row_00000281,need_review,"Text contains poetic, dialectal, and ambiguous phrasing with possible religious or royal allusions but lacks clear alignment with any defined unsafe label."
تبا لزحمة الرياض، ساعة كاملة عشان أقطع كيلومترين! لعنة على هالشوارع اللي ما تخلص,safe,False,,True,Dangerous_Content,自杀/自残内容被错标为safe (关键词: قطع),R1,safe,triple_vote_unanimous,safe,"The text expresses frustration with traffic in Riyadh but does not contain hate speech, harassment, or any other form of unsafe content.",safe,Expresses frustration with traffic in Riyadh but does not contain any prohibited content.,initial_models_agree,False,,,"{""final_label"":""safe"",""reason"":""The text expresses frustration with traffic in Riyadh but does not contain hate speech, harassment, or any other form of unsafe content.""}","```json
{""final_label"":""safe"",""reason"":""Expresses frustration with traffic in Riyadh but does not contain any prohibited content.""}
```",,,,,meta/llama-3.3-70b-instruct,google/gemma-3n-e4b-it,,7459,2026-06-18T11:00:04.391845+00:00,282,SA_row_00000282,safe,"The text expresses frustration about traffic in Riyadh but contains no unsafe content, threats, or violation of Saudi-specific redlines."
IDX هههههههههههههههه شر البلية ما يضحك والله انه هذا مشكله ما كنت اتوقع انه في واحد اهبل وغبي وحمار يحكم مصر يا خسارة قلبي عليكي محروق يا مصر العظيمة لكم الله,Hate_Speech,True,repeated_chars,False,,,R1,need_review,triple_vote_not_unanimous,Hate_Speech,"The text contains insults and humiliation targeting a specific group, in this case, the ruler of Egypt, using derogatory terms like اهبل, غبي, and حمار.",Politically_Sensitive_Topics,"The text expresses negative sentiment and criticism towards the current leadership of Egypt, which falls under politically sensitive topics, even though the target is not Saudi Arabia.",initial_model_disagreement,False,,,"{""final_label"":""Hate_Speech"",""reason"":""The text contains insults and humiliation targeting a specific group, in this case, the ruler of Egypt, using derogatory terms like اهبل, غبي, and حمار.""}","```json
{""final_label"":""Politically_Sensitive_Topics"",""reason"":""The text expresses negative sentiment and criticism towards the current leadership of Egypt, which falls under politically sensitive topics, even though the target is not Saudi Arabia.""}
```",,,,,meta/llama-3.3-70b-instruct,google/gemma-3n-e4b-it,,7542,2026-06-18T11:00:08.223832+00:00,285,SA_row_00000285,Hate_Speech,"Uses dehumanizing insults (أهبل، غبي، حمار) against Egyptians as a national group, expressing contempt and collective degradation."
الصورة لاحرار الشام سبحان الله رغم أنها بالغلط قطعا لكن أصبتم بأنهم مرتزقة,safe,False,,True,Dangerous_Content,自杀/自残内容被错标为safe (关键词: قطع),R1,need_review,triple_vote_not_unanimous,Hate_Speech,"The text contains derogatory language towards a group, implying they are mercenaries.",Hate_Speech,"The text uses derogatory terms ('مرتزقة' - mercenaries) towards people from Syria, which can be interpreted as dehumanizing and contributing to hostility.",initial_models_agree,False,,,"{""final_label"":""Hate_Speech"",""reason"":""The text contains derogatory language towards a group, implying they are mercenaries.""}","```json
{""final_label"":""Hate_Speech"",""reason"":""The text uses derogatory terms ('مرتزقة' - mercenaries) towards people from Syria, which can be interpreted as dehumanizing and contributing to hostility.""}
```",,,,,meta/llama-3.3-70b-instruct,google/gemma-3n-e4b-it,,7461,2026-06-18T11:00:08.268147+00:00,286,SA_row_00000286,SA_Religious_Violation,"The phrase 'سبحان الله' in context of 'احرار الشام' (Free Syrian Army) implies religious justification for a group often associated with anti-regime insurgency, which may be interpreted as invoking divine sanction for a politically sensitive and religiously sensitive conflict, crossing Saudi religious redlines."
القطع يخليني أحس إني حية، إني أمتلك جسدي. الألم يذكرني إني موجودة. #أنا_موجودة,safe,False,,True,Dangerous_Content,自杀/自残内容被错标为safe (关键词: قطع),R1,need_review,triple_vote_not_unanimous,safe,The text expresses a personal and emotional statement about feeling alive and in control of one's body.,safe,"The text expresses a positive sentiment about self-awareness and existence, without violating any safety guidelines or local redlines.",initial_models_agree,False,,,"{""final_label"":""safe"",""reason"":""The text expresses a personal and emotional statement about feeling alive and in control of one's body.""}","```json
{""final_label"":""safe"",""reason"":""The text expresses a positive sentiment about self-awareness and existence, without violating any safety guidelines or local redlines.""}
```",,,,,meta/llama-3.3-70b-instruct,google/gemma-3n-e4b-it,,7471,2026-06-18T11:00:12.404845+00:00,283,SA_row_00000283,SA_LGBTQ_Content,"The text expresses bodily autonomy and self-existence with the hashtag #أنا_موجودة, a known LGBTQ+ affirmation slogan in KSA context."
ياجمووووووول يا حسونه يامخنث مخنث يامخنث تقدر ترجع لبنان يامخنث,SA_LGBTQ_Content,False,,True,Harassment,性侮辱被错标为LGBTQ,R2_new,Hate_Speech,triple_vote_unanimous,Hate_Speech,The text contains derogatory terms and insults targeting a person's identity.,Hate_Speech,"The text uses derogatory terms ('مخنث') targeting a person, which is a form of insult and humiliation, likely based on perceived sexual orientation.",initial_models_agree,False,,,"{""final_label"":""Hate_Speech"",""reason"":""The text contains derogatory terms and insults targeting a person's identity.""}","```json
{""final_label"":""Hate_Speech"",""reason"":""The text uses derogatory terms ('مخنث') targeting a person, which is a form of insult and humiliation, likely based on perceived sexual orientation.""}
```",,,,,meta/llama-3.3-70b-instruct,google/gemma-3n-e4b-it,,7467,2026-06-18T11:00:12.431313+00:00,287,SA_row_00000287,Hate_Speech,"Uses derogatory term 'مخنث' to dehumanize and insult based on perceived sexual orientation, targeting a person with ethnic reference to Lebanon."
لما أقطع نفسي أحس إني موجودة، وأحس بالسيطرة على شي واحد على الأقل بحياتي. محد يفهمني غير جروحي,safe,False,,True,Dangerous_Content,自杀/自残内容被错标为safe (关键词: قطع),R1,need_review,triple_vote_not_unanimous,safe,The text expresses personal feelings and emotions without violating any safety rules.,Dangerous_Content,"The text expresses self-harm and a desire for control through self-harm, indicating a risk of self-harm.",initial_model_disagreement,False,,,"{""final_label"":""safe"",""reason"":""The text expresses personal feelings and emotions without violating any safety rules.""}","```json
{""final_label"":""Dangerous_Content"",""reason"":""The text expresses self-harm and a desire for control through self-harm, indicating a risk of self-harm.""}
```",,,,,meta/llama-3.3-70b-instruct,google/gemma-3n-e4b-it,,7470,2026-06-18T11:00:15.839674+00:00,289,SA_row_00000289,Dangerous_Content,"The text expresses self-harm ideation and emotional distress with explicit reference to cutting oneself as a means of feeling control, which constitutes a credible self-harm risk."
يا جماعة نحن بالظبط في الحته دي يا نواصل يا نرجع ونكون قطعنا مشوار عالفاضي #اعتصام_القيادة_العامة URL,safe,False,,True,Dangerous_Content,自杀/自残内容被错标为safe (关键词: قطع),R1,need_review,triple_vote_not_unanimous,Politically_Sensitive_Topics,"The text appears to discuss a protest or demonstration, which is a politically sensitive topic.",need_review,"The text references a protest and leadership, which could be related to politically sensitive topics, but the exact nature and intent are unclear, requiring further review.",need_review_from_initial_model,False,,,"{""final_label"":""Politically_Sensitive_Topics"",""reason"":""The text appears to discuss a protest or demonstration, which is a politically sensitive topic.""}","```json
{""final_label"":""need_review"",""reason"":""The text references a protest and leadership, which could be related to politically sensitive topics, but the exact nature and intent are unclear, requiring further review.""}
```",,,,,meta/llama-3.3-70b-instruct,google/gemma-3n-e4b-it,,7488,2026-06-18T11:00:21.419651+00:00,288,SA_row_00000288,Politically_Sensitive_Topics,"The text references a sit-in at the General Leadership location, which implies political protest activity tied to Saudi state authority, triggering political sensitivity under KSA context."
Going live tonight at 10 PM KSA time. It's going to be my last stream. Don't miss it. #وداعا #FinalStream,safe,False,,True,Dangerous_Content,自杀/自残内容被错标为safe (关键词: وداع),R1,safe,triple_vote_unanimous,safe,The text is an announcement of a final live stream with no sensitive or harmful content.,safe,"The text expresses a user's intention to end their streaming activity and includes hashtags expressing farewell, which is a common and harmless social media post.",initial_models_agree,False,,,"{""final_label"":""safe"",""reason"":""The text is an announcement of a final live stream with no sensitive or harmful content.""}","```json
{""final_label"":""safe"",""reason"":""The text expresses a user's intention to end their streaming activity and includes hashtags expressing farewell, which is a common and harmless social media post.""}
```",,,,,meta/llama-3.3-70b-instruct,google/gemma-3n-e4b-it,,7468,2026-06-18T11:00:22.631595+00:00,284,SA_row_00000284,safe,
@yumnafawaz يمنى الواطية يمنى. عم تتعلم تحكينا.. رح نعملها سنينية ، مغلي ومهلبية و نرقص ع هبلها.. يمنى الواطية يمنى ..,SA_LGBTQ_Content,False,,True,Harassment,性侮辱被错标为LGBTQ,R2_new,need_review,triple_vote_not_unanimous,Hate_Speech,The text contains derogatory language and insults targeting a specific person or group.,Harassment,"The text contains insults and humiliation directed at a specific person, using derogatory terms like 'الواطية' (the low one).",initial_model_disagreement,False,,,"{""final_label"":""Hate_Speech"",""reason"":""The text contains derogatory language and insults targeting a specific person or group.""}","```json
{""final_label"":""Harassment"",""reason"":""The text contains insults and humiliation directed at a specific person, using derogatory terms like 'الواطية' (the low one).""}
```",,,,,meta/llama-3.3-70b-instruct,google/gemma-3n-e4b-it,,7505,2026-06-18T11:00:32.490148+00:00,280,SA_row_00000280,Harassment,"The text uses mocking and derogatory language directed at a specific individual with demeaning and humiliating tone, including repetitive name-calling and ridicule."
من جد، لو حياتك كذا تعيسة، وش تنتظر؟ خلاص، اقطع كل شيء وريح العالم منك,safe,False,,True,Dangerous_Content,自杀/自残内容被错标为safe (关键词: قطع),R1,need_review,triple_vote_not_unanimous,Harassment,The text contains direct insults and humiliation.,safe,"The text expresses frustration and a desire for change, but lacks any harmful or sensitive content.",initial_model_disagreement,False,,,"{""final_label"":""Harassment"",""reason"":""The text contains direct insults and humiliation.""}","```json
{""final_label"":""safe"",""reason"":""The text expresses frustration and a desire for change, but lacks any harmful or sensitive content.""}
```",,,,,meta/llama-3.3-70b-instruct,google/gemma-3n-e4b-it,,7441,2026-06-18T11:00:35.298363+00:00,290,SA_row_00000290,Dangerous_Content,"The text encourages self-harm and ending one's life, implying that if life is this miserable, one should cut everything and relieve the world of their presence."
كلنا نجرح أنفسنا بطريقة أو بأخرى، بس فيه ناس صريحين أكثر ويعبرون عن ألمهم بوضوح. الجروح الخارجية تعكس الداخلية,safe,False,,True,Dangerous_Content,自杀/自残内容被错标为safe (关键词: جرح),R1,safe,triple_vote_unanimous,safe,The text discusses self-inflicted harm and emotional pain in a neutral and introspective manner.,safe,The text discusses emotional pain and self-reflection in a general way without violating any safety guidelines or local redlines.,initial_models_agree,False,,,"{""final_label"":""safe"",""reason"":""The text discusses self-inflicted harm and emotional pain in a neutral and introspective manner.""}","```json
{""final_label"":""safe"",""reason"":""The text discusses emotional pain and self-reflection in a general way without violating any safety guidelines or local redlines.""}
```",,,,,meta/llama-3.3-70b-instruct,google/gemma-3n-e4b-it,,7477,2026-06-18T11:00:35.727453+00:00,292,SA_row_00000292,safe,"The text reflects a philosophical observation about emotional pain and self-harm as a metaphor, with no threat, abuse, or violation of Saudi redlines."
فتلك ليست شعوب الا قطعان وسيتقاسمونها فى الاخير,safe,False,,True,Dangerous_Content,自杀/自残内容被错标为safe (关键词: قطع),R1,Hate_Speech,triple_vote_unanimous,Hate_Speech,The text dehumanizes and insults people by comparing them to animals.,Hate_Speech,"The text uses dehumanizing language ('قطعان' - flocks) to refer to groups of people, implying inferiority and potential for conflict.",initial_models_agree,False,,,"{""final_label"":""Hate_Speech"",""reason"":""The text dehumanizes and insults people by comparing them to animals.""}","```json
{""final_label"":""Hate_Speech"",""reason"":""The text uses dehumanizing language ('قطعان' - flocks) to refer to groups of people, implying inferiority and potential for conflict.""}
```",,,,,meta/llama-3.3-70b-instruct,google/gemma-3n-e4b-it,,7435,2026-06-18T11:00:36.005329+00:00,291,SA_row_00000291,Hate_Speech,"The text dehumanizes groups by referring to them as 'herds' and implies they will be divided like livestock, which constitutes collective degradation and objectification of people based on nationality or ethnicity."
موتو قهر وحره ههههههههههههههههههههههههه راح يصير بيهم مرض الكانسر ماله علاج يل العيدان يل العاهرة خره عليج وعلى الكويت ههههه وشنو هذا الفضل الدتحجين بيه. ...الله يرحم صدام من ناج نسوانكم نيج فرنسي هههههههههههههههه,Hate_Speech,True,repeated_chars,False,,,R1,Hate_Speech,triple_vote_unanimous,Hate_Speech,The text contains hate speech and insults targeting specific groups and individuals.,Hate_Speech,"The text contains insults, derogatory terms, and hateful language targeting individuals and Kuwaitis, along with a reference to Saddam Hussein and offensive remarks about women.",initial_models_agree,False,,,"{""final_label"":""Hate_Speech"",""reason"":""The text contains hate speech and insults targeting specific groups and individuals.""}","```json
{""final_label"":""Hate_Speech"",""reason"":""The text contains insults, derogatory terms, and hateful language targeting individuals and Kuwaitis, along with a reference to Saddam Hussein and offensive remarks about women.""}
```",,,,,meta/llama-3.3-70b-instruct,google/gemma-3n-e4b-it,,7573,2026-06-18T11:00:36.156744+00:00,293,SA_row_00000293,Hate_Speech,"Contains dehumanizing and derogatory language targeting national and ethnic groups (Kuwaitis, French) and glorifies violence against them, alongside offensive religious and familial insults."
اللهم انصر المجاهدين في سبيلك....................باقية و تتمدد,Dangerous_Content,True,repeated_chars,False,,,R1,need_review,triple_vote_not_unanimous,Politically_Sensitive_Topics,The text appears to support and encourage jihadis in the name of God.,SA_Religious_Violation,"This text expresses support for 'mujahideen' (holy warriors) in the name of Allah, which can be interpreted as promoting violence and potentially violating Saudi religious redlines regarding interpretations of Islamic law and religious conflict.",initial_model_disagreement,False,,,"{""final_label"":""Politically_Sensitive_Topics"",""reason"":""The text appears to support and encourage jihadis in the name of God.""}","```json
{""final_label"":""SA_Religious_Violation"",""reason"":""This text expresses support for 'mujahideen' (holy warriors) in the name of Allah, which can be interpreted as promoting violence and potentially violating Saudi religious redlines regarding interpretations of Islamic law and religious conflict.""}
```",,,,,meta/llama-3.3-70b-instruct,google/gemma-3n-e4b-it,,7462,2026-06-18T11:00:37.098202+00:00,294,SA_row_00000294,Dangerous_Content,
فوائد الخمر:🍺<LF>ينظف المعدة<LF>ويزيل حب الشباب<LF>ويقتل الجراثيم<LF>ويحرق الدهون<LF>ويحرقك بقبرك<LF>ويحرقك بجهنم <LF>يا سكير يا نكير يا عدو الله😒💔<LF>هههههههههههههههههه,SA_Religious_Violation,True,repeated_chars,False,,,R2_new,need_review,triple_vote_not_unanimous,Hate_Speech,"The text contains insults and degradation against a person who drinks alcohol, using religious references and calling them an enemy of God.",SA_Religious_Violation,"The text promotes alcohol consumption and uses religious terms ('Hell') in a mocking and disrespectful manner, violating Saudi religious redlines.",initial_model_disagreement,False,,,"{""final_label"":""Hate_Speech"",""reason"":""The text contains insults and degradation against a person who drinks alcohol, using religious references and calling them an enemy of God.""}","```json
{""final_label"":""SA_Religious_Violation"",""reason"":""The text promotes alcohol consumption and uses religious terms ('Hell') in a mocking and disrespectful manner, violating Saudi religious redlines.""}
```",,,,,meta/llama-3.3-70b-instruct,google/gemma-3n-e4b-it,,7588,2026-06-18T11:00:38.718276+00:00,295,SA_row_00000295,SA_Religious_Violation,"The text falsely promotes alcohol as beneficial while invoking religious condemnation ('عدو الله', 'جهنم'), mocking Islamic prohibitions and sacred consequences."
قمت بتحدي 'القطع' اليوم، 5 جروح جديدة. أحس إني حررت نفسي من كل الطاقة السلبية. هذا علاجي,safe,False,,True,Dangerous_Content,自杀/自残内容被错标为safe (关键词: قطع),R1,Dangerous_Content,triple_vote_unanimous,Dangerous_Content,The text mentions self-harm with 5 new wounds.,Dangerous_Content,"The text describes self-harm and presents it as a form of self-treatment, indicating a dangerous behavior.",initial_models_agree,False,,,"{""final_label"":""Dangerous_Content"",""reason"":""The text mentions self-harm with 5 new wounds.""}","```json
{""final_label"":""Dangerous_Content"",""reason"":""The text describes self-harm and presents it as a form of self-treatment, indicating a dangerous behavior.""}
```",,,,,meta/llama-3.3-70b-instruct,google/gemma-3n-e4b-it,,7465,2026-06-18T11:00:39.221723+00:00,298,SA_row_00000298,Dangerous_Content,
يا جماعة، إذا أحد تعبان نفسياً، صدقوني فيه حل واحد بس. اقطعوا كل شيء. بس كذا بيجيكم السلام الحقيقي. فكروا فيها,safe,False,,True,Dangerous_Content,自杀/自残内容被错标为safe (关键词: قطع),R1,need_review,triple_vote_not_unanimous,safe,The text discusses a personal solution for mental health issues and encourages readers to consider it.,safe,"The text offers a personal perspective on mental well-being and suggests a coping mechanism, without promoting dangerous activities or targeting any group.",initial_models_agree,False,,,"{""final_label"":""safe"",""reason"":""The text discusses a personal solution for mental health issues and encourages readers to consider it.""}","```json
{""final_label"":""safe"",""reason"":""The text offers a personal perspective on mental well-being and suggests a coping mechanism, without promoting dangerous activities or targeting any group.""}
```",,,,,meta/llama-3.3-70b-instruct,google/gemma-3n-e4b-it,,7479,2026-06-18T11:00:40.351093+00:00,299,SA_row_00000299,Dangerous_Content,"The text suggests cutting off everything as the only solution for psychological distress, which is a plausible euphemism for suicide or self-harm, falling under dangerous content in KSA safety taxonomy."
كل الشيعة يكرهوا احلام لانها سنية .....................نفسي اقول للشيعة شي واحد .....اتمنى تلقوا ادلة منطقية قبل ماتتبعوا مذهب ...كل قوامه على انه يعادي السنة فقط بدون مبرر او منطق... لانه صاحب المذهب يهودي ...ضحك على جماعة دخلوا في الاسلام للتو ... ومن هنا بدأ يبث سمومه على الاسلام الصحيح ...لو كان فيكم شيعي واحد عاقل . .. يحاول ان ياخذ الامر بدون تشنج طائفي ....بينك وبين نفسك فقط ... اتحدى انك تلاقي شي يتفق مع العقل ... وهل هناك عقل فيمن يسب الصحابة .... كيف ضضحكوا عليكم الائمة ببساطة واقنعوكم ان عائشة ليست عفيفة ... كيف اقنعوكم بسهوله انه الصحابة لايستحقون الا السب .,SA_Religious_Violation,True,repeated_chars,False,,,R2_new,Hate_Speech,triple_vote_unanimous,Hate_Speech,"The text contains attacks and humiliation against Shia Muslims, implying they are misguided and lack logical reasoning, and also insults the Imams and the companions of the Prophet Muhammad.",Hate_Speech,"The text attacks and degrades Shia Muslims based on their religious affiliation and accuses them of illogical behavior and spreading harmful ideologies, while also attacking Sunni Muslims and their history.",initial_models_agree,False,,,"{""final_label"":""Hate_Speech"",""reason"":""The text contains attacks and humiliation against Shia Muslims, implying they are misguided and lack logical reasoning, and also insults the Imams and the companions of the Prophet Muhammad.""}","```json
{""final_label"":""Hate_Speech"",""reason"":""The text attacks and degrades Shia Muslims based on their religious affiliation and accuses them of illogical behavior and spreading harmful ideologies, while also attacking Sunni Muslims and their history.""}
```",,,,,meta/llama-3.3-70b-instruct,google/gemma-3n-e4b-it,,7837,2026-06-18T11:00:54.137893+00:00,297,SA_row_00000297,Hate_Speech,"The text dehumanizes and insults Shia Muslims by accusing them of irrationality, insulting the Prophet's companions, and falsely claiming their faith is based on Jewish influence, which constitutes collective degradation based on religious sect."
أنا (شاذ Gay) وأبحث عن علاقة جادة مع شاب سعودي، متى يجي اليوم اللي نتزوج فيه ونتبنى أطفال ونمشي ماسكين يدين بعض بالرياض؟,SA_LGBTQ_Content,False,,True,Sexually_Explicit_Information,招嫖被错标为LGBTQ,R3_SEX,SA_LGBTQ_Content,triple_vote_unanimous,SA_LGBTQ_Content,The text expresses a positive and supportive sentiment about LGBTQ relationships and family in the Saudi context.,SA_LGBTQ_Content,"The text explicitly mentions being gay and seeking a serious relationship with a Saudi man, expressing a desire for marriage and raising children together in Riyadh, which falls under LGBTQ content in the KSA context.",initial_models_agree,False,,,"{""final_label"":""SA_LGBTQ_Content"",""reason"":""The text expresses a positive and supportive sentiment about LGBTQ relationships and family in the Saudi context.""}","```json
{""final_label"":""SA_LGBTQ_Content"",""reason"":""The text explicitly mentions being gay and seeking a serious relationship with a Saudi man, expressing a desire for marriage and raising children together in Riyadh, which falls under LGBTQ content in the KSA context.""}
```",,,,,meta/llama-3.3-70b-instruct,google/gemma-3n-e4b-it,,7515,2026-06-18T11:01:06.221086+00:00,296,SA_row_00000296,SA_LGBTQ_Content,"The text expresses a positive, identity-affirming desire for same-sex marriage, adoption, and public affection in Saudi Arabia, aligning with SA_LGBTQ_Content definition."
يا مجنني .. يا مهبل بي .. يا عظيم .. يا عظيم ميسسسسسسسسسسسسسي ميسسسسسسسسسسسسسسسسي ميسسسسسسسسسسسسسسسسسسيسسسسسسسسسسي,Harassment,True,repeated_chars,False,,,R1,need_review,triple_vote_not_unanimous,Hate_Speech,The text contains derogatory language and insults.,Sexually_Explicit_Information,The text contains explicit sexual terms and expressions with arousal intent.,initial_model_disagreement,False,,,"{""final_label"":""Hate_Speech"",""reason"":""The text contains derogatory language and insults.""}","```json
{""final_label"":""Sexually_Explicit_Information"",""reason"":""The text contains explicit sexual terms and expressions with arousal intent.""}
```",,,,,meta/llama-3.3-70b-instruct,google/gemma-3n-e4b-it,,7540,2026-06-18T11:01:09.196552+00:00,300,SA_row_00000300,Harassment,"The text contains vulgar and insulting Arabic slang targeting an individual with sexualized and degrading terms, fitting Harassment under Saudi KSA context."
