id,country,language,target_label,source_style,scenario,explicitness,length_level,tone,structure,obfuscation,pattern_id,text
BR_SEX_001_0001,BR,pt-BR,Sexually_Explicit_Information,dm,adult_hookup,semi_explicit,short,direct,invitation,none,dm_hookup_inv_001,"Oi, tô louco pra te ver pelada aqui no meu quarto. Topa um encontro hoje à noite? <3"
BR_SEX_001_0002,BR,pt-BR,Sexually_Explicit_Information,dating_app,adult_private_chat,explicit,very_short,casual,statement,abbreviation,dating_expl_st_002,Vc manda foto sem roupa? Tô duro dmais hj.
BR_SEX_001_0003,BR,pt-BR,Sexually_Explicit_Information,group_chat,adult_roleplay,implicit_but_trainable,medium,playful,invitation,emoji,group_rp_inv_003,Alguém aqui topa ser meu escravo sexual por uma noite? 🔥 Só brincadeiras consensuais e muita sacanagem. 😈
BR_SEX_001_0004,BR,pt-BR,Sexually_Explicit_Information,comment,suggestive_meme,semi_explicit,short,humorous,statement,punctuation_play,comment_mem_st_004,Esse gif tá com cara de quem quer ser fodido por trás...!!!
BR_SEX_001_0005,BR,pt-BR,Sexually_Explicit_Information,dm,adult_video_chat,semi_explicit,medium,teasing,question,spacing,dm_vchat_q_005,Cê tem coragem de me mostrar o que tá por baixo dessa calcinha... ou vou ter que te convencer?
BR_SEX_001_0006,BR,pt-BR,Sexually_Explicit_Information,dating_app,adult_hookup,explicit,short,direct,invitation,none,dating_expl_inv_006,Quero te comer até você gritar meu nome. Bora marcar hoje?
BR_SEX_001_0007,BR,pt-BR,Sexually_Explicit_Information,group_chat,lewd_joke,semi_explicit,very_short,messy,fragmented_chat,misspelling,group_joke_frag_007,Kkkk qndo vc vê a gnt transando no banheiro do rolê.
BR_SEX_001_0008,BR,pt-BR,Sexually_Explicit_Information,dm,adult_private_chat,implicit_but_trainable,long,coded,teaser,code_mix,dm_priv_tease_008,"Se vc curte aquele tipo de conversa que esquenta até os pensamentos mais escondidos, posso te mostrar como é bom quando a gente se solta sem medo... sem limites, só prazer."
BR_SEX_001_0009,BR,pt-BR,Sexually_Explicit_Information,comment,adult_content_promo,semi_explicit,short,commercial,announcement,none,comment_promo_ann_009,Promoção relâmpago: conteúdo exclusivo de hoje com direito a show privado. Só até meia-noite!
BR_SEX_001_0010,BR,pt-BR,Sexually_Explicit_Information,dm,adult_hookup,explicit,medium,direct,statement,abbreviation,dm_hookup_st_010,"Tô com uma vontade louca de te chupar todinha, depois te comer até vc não aguentar mais. Me fala se tá afim."
BR_SEX_001_0011,BR,pt-BR,Sexually_Explicit_Information,dating_app,adult_private_chat,semi_explicit,short,playful,question,emoji,dating_play_q_011,Cê gosta de ser mordida enquanto te fodem? 😏🔥
BR_SEX_001_0012,BR,pt-BR,Sexually_Explicit_Information,group_chat,adult_roleplay,implicit_but_trainable,medium,teasing,invitation,spacing,group_rp_inv_012,Quem aqui quer ser minha puta por uma noite? Prometo ser um dono bem safado... mas só se vc topar.
BR_SEX_001_0013,BR,pt-BR,Sexually_Explicit_Information,dm,adult_video_chat,semi_explicit,short,casual,invitation,none,dm_vchat_inv_013,Bora fazer live e mostrar como a gente se diverte aqui no privado?
BR_SEX_001_0014,BR,pt-BR,Sexually_Explicit_Information,comment,lewd_joke,semi_explicit,short,humorous,reply,code_mix,comment_joke_rep_014,"Resposta errada... a certa era: 'Sim, quero ser seu brinquedo sexual hoje' 😈"
BR_SEX_001_0015,BR,pt-BR,Sexually_Explicit_Information,dm,adult_private_chat,explicit,medium,direct,teaser,abbreviation,dm_priv_tease_015,"Tô imaginando vc de quatro na minha cama, gemendo enquanto eu meto fundo. Quer sentir na pele ou só fica na fantasia?"
BR_SEX_001_0016,BR,pt-BR,Sexually_Explicit_Information,dating_app,adult_hookup,semi_explicit,very_short,messy,fragmented_chat,misspelling,dating_hook_frag_016,Vc é mt gostosa pra ficarmos só no papo... qndo vc vem?
BR_SEX_001_0017,BR,pt-BR,Sexually_Explicit_Information,group_chat,adult_content_promo,implicit_but_trainable,long,coded,announcement,none,group_promo_ann_017,"Para quem curte conteúdo picante e sem censura, estou montando um grupo VIP com acesso exclusivo a vídeos e fotos que vão fazer você perder a vergonha de vez. Interessados, me chamem no privado."
BR_SEX_001_0018,BR,pt-BR,Sexually_Explicit_Information,dm,adult_roleplay,semi_explicit,medium,playful,invitation,emoji,dm_rp_inv_018,E se a gente fingisse que eu sou seu chefe e vc precisa me agradar pra não ser demitida? 😈👔 Só brincadeira... ou não.
BR_SEX_001_0019,BR,pt-BR,Sexually_Explicit_Information,comment,adult_video_chat,explicit,short,direct,invitation,none,comment_vchat_inv_019,Live agora mostrando tudo o que gosto de fazer na cama. Vem assistir!
BR_SEX_001_0020,BR,pt-BR,Sexually_Explicit_Information,dm,adult_private_chat,semi_explicit,long,teasing,question,spacing,dm_priv_q_020,Já pensou em como seria bom se a gente se encontrasse... só nós dois... sem roupas... sem vergonha... só prazer??? Me conta o que vc acha disso...
BR_SEX_001_0021,BR,pt-BR,Sexually_Explicit_Information,dm,adult_private_chat,explicit,short,direct,statement,none,dm_direct_explicit_01,"Tô no quarto agora, só de cueca. Quer ver como eu tô duro pra vc? Manda um zap e te mostro tudo."
BR_SEX_001_0022,BR,pt-BR,Sexually_Explicit_Information,dating_app,adult_hookup,semi_explicit,medium,playful,invitation,emoji,dating_playful_semi_01,"Ei, gata 😏 To procurando alguém pra me ajudar a testar se essa cama aqui aguenta 😈 To no <hotel> centro, quarto 204. Topa me aquecer essa noite? 🔥"
BR_SEX_001_0023,BR,pt-BR,Sexually_Explicit_Information,group_chat,adult_roleplay,implicit_but_trainable,short,teasing,question,spacing,group_teasing_implicit_01,Alguém aí curte... m e s t r e / s u b m i s s a ? Tenho uma coleira nova e vontade de usar 😈
BR_SEX_001_0024,BR,pt-BR,Sexually_Explicit_Information,comment,suggestive_meme,semi_explicit,very_short,humorous,fragmented_chat,emoji,comment_humorous_semi_01,Só eu que vejo um convite pra transar ou é impressão minha? 😂🍆
BR_SEX_001_0025,BR,pt-BR,Sexually_Explicit_Information,dm,adult_private_chat,explicit,medium,messy,statement,misspelling,dm_messy_explicit_01,"Nossa kd vc?! To louco de saudades daquela boca no meu pau... To me tocando aqui pensando em vc, me ajuda a gozar?!"
BR_SEX_001_0026,BR,pt-BR,Sexually_Explicit_Information,dating_app,adult_hookup,semi_explicit,short,coded,invitation,abbreviation,dating_coded_semi_01,"PTO agora, procura por um DP aqui no app. Tem 2 vagas e 1 boca livre. Inter?"
BR_SEX_001_0027,BR,pt-BR,Sexually_Explicit_Information,group_chat,lewd_joke,semi_explicit,medium,humorous,statement,punctuation_play,group_humorous_semi_01,"O que o homem falou pra mulher depois do sexo???... ""Agora me leva pra comer algo, porque eu tô com fome de verdade!"" 😂🍆🍴"
BR_SEX_001_0028,BR,pt-BR,Sexually_Explicit_Information,comment,adult_content_promo,implicit_but_trainable,short,commercial,teaser,none,comment_commercial_implicit_01,"Novos vídeos no <platform>! Quem curte pegação forte e mulher mandando ver, se liga no meu perfil."
BR_SEX_001_0029,BR,pt-BR,Sexually_Explicit_Information,dm,adult_private_chat,semi_explicit,medium,playful,question,emoji,dm_playful_semi_02,Vc tá usando calcinha ou veio sem nada pra me provocar? 😏 To aqui imaginando como seria passar a língua onde vc sabe... Me diz o que vc tá usando.
BR_SEX_001_0030,BR,pt-BR,Sexually_Explicit_Information,dating_app,adult_hookup,explicit,long,direct,announcement,none,dating_direct_explicit_01,"Oi, meu nome é Ricardo e eu estou procurando uma mulher safada pra passar a noite. Não quero conversa fiada, quero transar forte, sem frescura. Se vc curte ser agarrada, puxada pelo cabelo e comer gostoso, me chama agora. Tenho camisinha, hotel pago e muita disposição."
BR_SEX_001_0031,BR,pt-BR,Sexually_Explicit_Information,group_chat,adult_roleplay,semi_explicit,medium,coded,invitation,code_mix,group_coded_semi_01,"Looking for a BR girl pra um ""professor"" particular... Aula de anatomia masculina, hands on 😉 Quem se candidata? 📚🍆"
BR_SEX_001_0032,BR,pt-BR,Sexually_Explicit_Information,comment,coded_adult_invitation,implicit_but_trainable,short,teasing,question,spacing,comment_teasing_implicit_02,Alguém... a q u i ... g o s t a ... d e ... j o g o s ... s e n s u a i s ? 👀
BR_SEX_001_0033,BR,pt-BR,Sexually_Explicit_Information,dm,adult_private_chat,explicit,short,direct,statement,none,dm_direct_explicit_02,"Tira a roupa agora e me manda foto, quero ver como vc tá molhada pra mim."
BR_SEX_001_0034,BR,pt-BR,Sexually_Explicit_Information,dating_app,adult_video_chat,semi_explicit,medium,commercial,teaser,none,dating_commercial_semi_01,"Transmissão ao vivo agora! Mulher pelada, mostrando tudo e se tocando pra vocês. Chama no privado que eu te mostro mais, 100% real e sem cortes."
BR_SEX_001_0035,BR,pt-BR,Sexually_Explicit_Information,group_chat,adult_hookup,semi_explicit,short,messy,fragmented_chat,misspelling,group_messy_semi_01,Alguem aki curte... tranSar em grupo??? to soZinho no motel e a cama é enorme 😏
BR_SEX_001_0036,BR,pt-BR,Sexually_Explicit_Information,comment,lewd_joke,semi_explicit,very_short,humorous,statement,none,comment_humorous_semi_02,"Tamanho não é documento, mas ajuda a preencher melhor 😂🍆"
BR_SEX_001_0037,BR,pt-BR,Sexually_Explicit_Information,dm,adult_private_chat,semi_explicit,medium,playful,invitation,emoji,dm_playful_semi_03,E se a gente brincasse de médico? 👩⚕️🔍 Eu examino vc todinha... E depois vc me examina 😉 Topa?
BR_SEX_001_0038,BR,pt-BR,Sexually_Explicit_Information,dating_app,adult_hookup,implicit_but_trainable,short,teasing,question,punctuation_play,dating_teasing_implicit_01,Já imaginou... nós dois... naquela praia deserta... 🌊???
BR_SEX_001_0039,BR,pt-BR,Sexually_Explicit_Information,group_chat,adult_roleplay,explicit,medium,direct,list_like,none,group_direct_explicit_01,"Procuro mulher para roleplay de dominatrix. Requisitos: - Gostar de amarrar - Dar palmadas - Usar palavras sujas - Não ter frescura Interessadas, MP."
BR_SEX_001_0040,BR,pt-BR,Sexually_Explicit_Information,comment,adult_content_promo,semi_explicit,short,commercial,announcement,none,comment_commercial_semi_02,"Conteúdo novo no <platform>! Vídeos de sexo real, mulher mandando ver e muito tesão. Perfil: <user>."
BR_SEX_001_0041,BR,pt-BR,Sexually_Explicit_Information,dm,adult_private_chat,semi_explicit,short,coded,question,abbreviation,dm_coded_semi_01,Tá afim de um HJ? To duro aqui e preciso de uma mãozinha 😈
BR_SEX_001_0042,BR,pt-BR,Sexually_Explicit_Information,dating_app,adult_video_chat,explicit,medium,direct,invitation,none,dating_direct_explicit_02,"Quero te ver pelada agora. Liga a câmera e me mostra como vc se toca. Se for bom, eu te pago pra continuar."
BR_SEX_001_0043,BR,pt-BR,Sexually_Explicit_Information,group_chat,lewd_joke,implicit_but_trainable,very_short,humorous,question,none,group_humorous_implicit_01,Por que o homem levou a mulher pro telhado? Pra comer com vista! 😂
BR_SEX_001_0044,BR,pt-BR,Sexually_Explicit_Information,comment,suggestive_meme,semi_explicit,short,playful,fragmented_chat,emoji,comment_playful_semi_01,"Esse meme aí é um convite, né? 😏🔥 Quem topa?"
BR_SEX_001_0045,BR,pt-BR,Sexually_Explicit_Information,dm,adult_private_chat,explicit,medium,direct,statement,none,dm_direct_explicit_03,"Vc tem noção do quanto eu tô com vontade de meter em vc agora? To duro aqui, só esperando vc dizer que sim pra eu ir aí te pegar."
BR_SEX_001_0046,BR,pt-BR,Sexually_Explicit_Information,dm,adult_hookup,explicit,short,direct,invitation,none,dm_explicit_hookup_01,"Tô com a calcinha molhada só de te ver on-line. Vem me encontrar no <hotel> daquela rua que você conhece, quarto 204, sem roupa pra perder tempo."
BR_SEX_001_0047,BR,pt-BR,Sexually_Explicit_Information,dating_app,adult_private_chat,semi_explicit,medium,playful,question,emoji,dating_semi_playful_01,"E aí, gostoso? 😏 Se eu te dissesse que tô sem sutiã agora, você acreditaria? Porque tô mesmo, e tô imaginando seus dedos aqui… 👀💦"
BR_SEX_001_0048,BR,pt-BR,Sexually_Explicit_Information,group_chat,adult_roleplay,semi_explicit,short,teasing,statement,abbreviation,group_semi_teasing_01,"Gnt, tô afim d roleplay de chefe e secretária hj. Quem topa? C/ dress code rigoroso: só lingerie e salto alto. 😈"
BR_SEX_001_0049,BR,pt-BR,Sexually_Explicit_Information,comment,adult_content_promo,implicit_but_trainable,very_short,coded,teaser,punctuation_play,comment_implicit_teaser_01,... só pra maiores de 18 🔥 | DM’s abertos pra quem tá afim de algo mais *pessoal*...
BR_SEX_001_0050,BR,pt-BR,Sexually_Explicit_Information,dm,adult_private_chat,explicit,medium,messy,fragmented_chat,misspelling,dm_explicit_messy_01,"Cara, não aguento mais… qnd vc vai me comer? Tipo, literalmente, me jogar na cama e fazer o q vc quiser cmg… tô pronta pra tudo hj, menos conversa fiada 😩💦"
BR_SEX_001_0051,BR,pt-BR,Sexually_Explicit_Information,dating_app,adult_hookup,semi_explicit,short,casual,invitation,code_mix,dating_semi_casual_01,"Fala aí, topa um encontro pra transar sem compromisso? Só preciso saber se vc é limpinho e usa proteção. Bora marcar? 😏"
BR_SEX_001_0052,BR,pt-BR,Sexually_Explicit_Information,group_chat,lewd_joke,implicit_but_trainable,short,humorous,statement,emoji,group_implicit_humorous_01,"Tava lendo um livro erótico e cheguei no capítulo 10… tô no ponto 😏📖🔥 (capítulo 10 é o que vem depois do 69, né?)"
BR_SEX_001_0053,BR,pt-BR,Sexually_Explicit_Information,comment,suggestive_meme,semi_explicit,very_short,playful,reply,spacing,comment_semi_playful_01,E s s e   c o r p o   p e d e   p o r   a l g u é m   p r a   d e s c u b r i r   t u d o   q u e   e l e   s a b e   f a z e r .
BR_SEX_001_0054,BR,pt-BR,Sexually_Explicit_Information,dm,adult_video_chat,semi_explicit,medium,direct,invitation,none,dm_semi_direct_01,"Liga a câmera agora. Quero ver você se tocar enquanto eu te falo tudo o que vou fazer quando te encontrar. Sem vergonha, só nós dois."
BR_SEX_001_0055,BR,pt-BR,Sexually_Explicit_Information,dating_app,adult_private_chat,explicit,long,teasing,statement,emoji,dating_explicit_teasing_01,"Olha, não costumo ser assim, mas tô louca pra sentir o peso do seu corpo em cima do meu… Já tirei a roupa aqui, só esperando você aparecer pra eu poder gemer bem alto, do jeito que você gosta. 😈🔥 Se não vier logo, vou ter que resolver sozinha… e aí você perde o show."
BR_SEX_001_0056,BR,pt-BR,Sexually_Explicit_Information,group_chat,coded_adult_invitation,implicit_but_trainable,short,coded,announcement,abbreviation,group_implicit_coded_01,"Atenção, grupo: quem curte conteúdo +18 exclusivo, chama no PV. Temos vagas limitadas pra quem quer algo mais… intenso. 😉"
BR_SEX_001_0057,BR,pt-BR,Sexually_Explicit_Information,comment,adult_profile_bio,semi_explicit,short,direct,statement,emoji,comment_semi_direct_01,Perfil pra maiores: aqui é lugar de quem gosta de sexo sem frescura. 😏✨
BR_SEX_001_0058,BR,pt-BR,Sexually_Explicit_Information,dm,adult_hookup,semi_explicit,medium,casual,question,none,dm_semi_casual_02,"E aí, beleza? Tava olhando seu perfil e me perguntei: você gosta mais de dar ou de receber? Porque aqui tá tudo liberado, desde que seja com respeito e tesão."
BR_SEX_001_0059,BR,pt-BR,Sexually_Explicit_Information,dating_app,adult_roleplay,explicit,medium,playful,invitation,code_mix,dating_explicit_playful_01,"Se eu te convidar pra um roleplay de enfermeira e paciente, você vem com aquele estetoscópio imaginário ou já chega tirando a roupa? 😈 (spoiler: eu prefiro a segunda opção)."
BR_SEX_001_0060,BR,pt-BR,Sexually_Explicit_Information,group_chat,adult_content_promo,implicit_but_trainable,medium,commercial,announcement,none,group_implicit_commercial_01,"Galera, abri um grupo VIP pra quem curte conteúdo adulto de qualidade. Quem tiver interesse, só me chamar no PV que eu passo os detalhes. +18, é claro."
BR_SEX_001_0061,BR,pt-BR,Sexually_Explicit_Information,comment,lewd_joke,semi_explicit,short,humorous,statement,misspelling,comment_semi_humorous_01,Meu vibrador tá tão quente q parece q tô pegando fogo 🔥😂🔥
BR_SEX_001_0062,BR,pt-BR,Sexually_Explicit_Information,dm,adult_private_chat,explicit,short,direct,statement,none,dm_explicit_direct_02,"Para de me mandar mensagem e vem aqui me beijar. Depois a gente vê o resto, mas agora eu quero sua boca na minha."
BR_SEX_001_0063,BR,pt-BR,Sexually_Explicit_Information,dating_app,adult_hookup,semi_explicit,very_short,teasing,invitation,emoji,dating_semi_teasing_02,Tô com uma lingerie nova… quer conferir? 😏
BR_SEX_001_0064,BR,pt-BR,Sexually_Explicit_Information,group_chat,adult_roleplay,semi_explicit,medium,playful,list_like,none,group_semi_playful_02,Quem aqui topa um roleplay de hoje? Opções: 1) Chefe e secretária 2) Médico e paciente 3) Personal trainer e aluna 4) Estranhos no elevador. Escolham e chamem no PV!
BR_SEX_001_0065,BR,pt-BR,Sexually_Explicit_Information,comment,adult_content_promo,implicit_but_trainable,short,coded,teaser,punctuation_play,comment_implicit_coded_02,Conteúdo exclusivo… só pra quem sabe pedir direito 😉
BR_SEX_001_0066,BR,pt-BR,Sexually_Explicit_Information,dm,adult_private_chat,semi_explicit,short,playful,question,emoji,dm_semi_playful_03,"Sabe o que eu tô imaginando agora? Você, eu e um banheiro vazio… 😈✨"
BR_SEX_001_0067,BR,pt-BR,Sexually_Explicit_Information,dating_app,adult_video_chat,explicit,short,direct,invitation,none,dating_explicit_direct_01,"Liga a câmera agora. Quero ver você se tocar pra mim, devagar, do jeito que eu gosto."
BR_SEX_001_0068,BR,pt-BR,Sexually_Explicit_Information,group_chat,paid_private_content,semi_explicit,medium,commercial,announcement,none,group_semi_commercial_01,"Atenção: quem quiser conteúdo privado e exclusivo, me chama no PV. Tenho vídeos novos toda semana, só pra maiores. Preços acessíveis e conteúdo de qualidade."
BR_SEX_001_0069,BR,pt-BR,Sexually_Explicit_Information,comment,adult_profile_bio,explicit,short,direct,statement,none,comment_explicit_direct_01,"Aqui só entra quem tá afim de sexo sem frescura e com muito tesão. Perfil +18, é claro."
BR_SEX_001_0070,BR,pt-BR,Sexually_Explicit_Information,dm,adult_hookup,implicit_but_trainable,medium,teasing,invitation,none,dm_implicit_teasing_01,"Se eu te convidar pra um café, você vem sabendo que não é só café que a gente vai tomar… Ou prefere pular essa parte e ir direto pro que interessa?"
BR_SEX_001_0071,BR,pt-BR,Sexually_Explicit_Information,dm,adult_hookup,explicit,short,direct,invitation,none,dm_hookup_explicit_short_direct_invitation_001,Tô com o pau duro aqui só de pensar em você me chupando. Quer vir agora ou prefere que eu vá aí?
BR_SEX_001_0072,BR,pt-BR,Sexually_Explicit_Information,dating_app,adult_private_chat,semi_explicit,medium,playful,question,emoji,dating_app_private_playful_question_emoji_001,O que vc prefere? 👅💦 Eu lambendo devagar ou você montando no meu rosto até gozar? 😈🔥
BR_SEX_001_0073,BR,pt-BR,Sexually_Explicit_Information,group_chat,adult_roleplay,semi_explicit,short,teasing,announcement,none,group_chat_roleplay_teasing_announcement_001,Quem aqui tá afim de ser meu escravo sexual por uma noite? Prometo obedecer todos os seus comandos. 😏
BR_SEX_001_0074,BR,pt-BR,Sexually_Explicit_Information,comment,coded_adult_invitation,implicit_but_trainable,very_short,coded,statement,spacing,comment_invitation_coded_statement_spacing_001,v a i   p r a   m i n h a   p á g i n a   q u e   t e m   s u r p r e s a   ; )
BR_SEX_001_0075,BR,pt-BR,Sexually_Explicit_Information,dm,adult_video_chat,explicit,medium,casual,invitation,abbreviation,dm_videochat_explicit_medium_casual_invitation_abbr_001,"Tô on no <platform> agora. Vc vem aqui pra eu te mostrar como eu gemo quando tô sozinha? Tá rolando live, só falta vc."
BR_SEX_001_0076,BR,pt-BR,Sexually_Explicit_Information,dating_app,adult_hookup,semi_explicit,short,humorous,statement,code_mix,dating_app_hookup_humorous_statement_codemix_001,"Se eu disser que tenho um vibrador novo, vc vem testar comigo ou vai deixar eu sozinha nessa missão? 😂"
BR_SEX_001_0077,BR,pt-BR,Sexually_Explicit_Information,group_chat,lewd_joke,semi_explicit,short,messy,fragmented_chat,punctuation_play,group_chat_lewd_messy_fragment_punctuation_001,Gente... Alguém mais fica molhada só de imaginar um desconhecido te pegando por trás no banheiro??? 😳💦
BR_SEX_001_0078,BR,pt-BR,Sexually_Explicit_Information,comment,suggestive_meme,implicit_but_trainable,very_short,playful,teaser,emoji,comment_meme_playful_teaser_emoji_001,Esse gif é só um gostinho do que eu faço melhor... 😘👀
BR_SEX_001_0079,BR,pt-BR,Sexually_Explicit_Information,dm,adult_private_chat,explicit,long,direct,statement,none,dm_private_explicit_long_direct_statement_001,Quero sentir sua língua na minha boceta até eu não aguentar mais e gozar na sua cara. Depois eu sento no seu pau e te faço gozar dentro de mim enquanto te beijo com gosto do meu próprio gozo. Me fala se isso te excita tanto quanto me excita.
BR_SEX_001_0080,BR,pt-BR,Sexually_Explicit_Information,dating_app,adult_content_promo,semi_explicit,medium,commercial,announcement,none,dating_app_promo_semi_explicit_medium_commercial_announcement_001,"Nova série de vídeos privados saindo hoje! Tem eu me tocando, usando brinquedos e muito mais. Só chamar no PV que te mando o link exclusivo. 💋"
BR_SEX_001_0081,BR,pt-BR,Sexually_Explicit_Information,group_chat,adult_roleplay,semi_explicit,short,coded,invitation,misspelling,group_chat_roleplay_coded_invitation_misspelling_001,Alguem qr ser meu sub por um dia? Tenhu muitos brinquedos e fetiches pra explora 😈
BR_SEX_001_0082,BR,pt-BR,Sexually_Explicit_Information,comment,adult_hookup,implicit_but_trainable,short,teasing,question,spacing,comment_hookup_teasing_question_spacing_001,A l g u é m   q u e r   d e s c o b r i r   c o m o   é   m e u   b e i j o   ?
BR_SEX_001_0083,BR,pt-BR,Sexually_Explicit_Information,dm,adult_private_chat,semi_explicit,medium,playful,reply,emoji,dm_private_playful_reply_emoji_001,Claro que eu lembro da última vez... Você gritando meu nome enquanto eu te fodia com o vibrador. 😏 Quer repetir hoje?
BR_SEX_001_0084,BR,pt-BR,Sexually_Explicit_Information,dating_app,paid_private_content,semi_explicit,short,direct,teaser,none,dating_app_paid_direct_teaser_short_001,"Tem conteúdo exclusivo no meu OnlyFans. Vídeos sem censura, posições novas e muito mais. Vem ver."
BR_SEX_001_0085,BR,pt-BR,Sexually_Explicit_Information,group_chat,adult_hookup,explicit,short,casual,statement,abbreviation,group_chat_hookup_explicit_short_casual_abbr_001,Tô afim de transar agora. Alguém aqui tá disponível pra um encontro rápido? Sem compromisso.
BR_SEX_001_0086,BR,pt-BR,Sexually_Explicit_Information,comment,lewd_joke,semi_explicit,medium,humorous,statement,punctuation_play,comment_lewd_humorous_statement_punctuation_001,"Meu sonho é encontrar alguém que me chupe como se eu fosse um picolé de limão... No calor que tá fazendo, seria perfeito!! 😂🔥"
BR_SEX_001_0087,BR,pt-BR,Sexually_Explicit_Information,dm,adult_roleplay,semi_explicit,medium,teasing,invitation,code_mix,dm_roleplay_teasing_invitation_codemix_001,Quer ser meu master por uma noite? Posso ser sua submissa perfeita... ou você prefere dominar? 😈 Let's play?
BR_SEX_001_0088,BR,pt-BR,Sexually_Explicit_Information,dating_app,adult_video_chat,implicit_but_trainable,very_short,messy,fragmented_chat,none,dating_app_videochat_implicit_veryshort_messy_fragment_001,to online... quem vem??
BR_SEX_001_0089,BR,pt-BR,Sexually_Explicit_Information,group_chat,adult_content_promo,semi_explicit,medium,commercial,list_like,none,group_chat_promo_semi_explicit_medium_commercial_list_001,"Novidades no meu perfil privado: 
- Vídeos novos toda semana
- Encontros ao vivo
- Conteúdo personalizado
- Brindes para quem participar! 🎁"
BR_SEX_001_0090,BR,pt-BR,Sexually_Explicit_Information,comment,adult_private_chat,explicit,short,direct,invitation,none,comment_private_explicit_short_direct_invitation_001,Quero sentir seu pau dentro de mim. Me chama no PV pra combinarmos.
BR_SEX_001_0091,BR,pt-BR,Sexually_Explicit_Information,dm,adult_hookup,semi_explicit,medium,casual,question,emoji,dm_hookup_casual_question_emoji_001,"O que você tá fazendo agora? 😏 Eu tô aqui, só de lingerie, imaginando como seria te sentir dentro de mim... 💦"
BR_SEX_001_0092,BR,pt-BR,Sexually_Explicit_Information,dating_app,adult_roleplay,semi_explicit,short,playful,statement,none,dating_app_roleplay_playful_statement_short_001,Adoro quando me chamam de safada. Quer me dar um apelido novo enquanto a gente transa?
BR_SEX_001_0093,BR,pt-BR,Sexually_Explicit_Information,group_chat,adult_video_chat,implicit_but_trainable,short,coded,announcement,misspelling,group_chat_videochat_coded_announcement_misspelling_001,Quem kiser ver cmo eu m toko so chamar q mando link... 😉
BR_SEX_001_0094,BR,pt-BR,Sexually_Explicit_Information,comment,adult_hookup,semi_explicit,medium,humorous,teaser,emoji,comment_hookup_humorous_teaser_emoji_001,"Se eu disser que tenho um quarto de hotel reservado agora, quantos de vocês topariam aparecer aqui só pra me ajudar a gastar essa energia acumulada? 😂💃🔥"
BR_SEX_001_0095,BR,pt-BR,Sexually_Explicit_Information,dm,paid_private_content,explicit,short,direct,invitation,none,dm_paid_explicit_short_direct_invitation_001,Tenho vídeos meus transando sem censura. Quer ver? Te mando o link por R$20.
BR_SEX_001_0096,BR,pt-BR,Sexually_Explicit_Information,dm,adult_private_chat,explicit,short,direct,invitation,none,dm_explicit_invitation_001,"Tô com tanto tesão agora que não aguento mais. Quer me mostrar como você se toca pra mim? Chama aqui no privado, vamo trocar uns vídeos quentes."
BR_SEX_001_0097,BR,pt-BR,Sexually_Explicit_Information,dating_app,adult_hookup,semi_explicit,medium,playful,question,emoji,dating_app_semi_explicit_002,Se eu te dissesse que tô só de lingerie preta esperando alguém me fazer gemer 😏… vc seria esse alguém? Ou vai ficar só na conversa fi?
BR_SEX_001_0098,BR,pt-BR,Sexually_Explicit_Information,group_chat,adult_content_promo,implicit_but_trainable,very_short,coded,announcement,none,group_chat_implicit_003,"Quem curte uma vibe mais intensa, DM pra saber dos detalhes ;)"
BR_SEX_001_0099,BR,pt-BR,Sexually_Explicit_Information,comment,lewd_joke,semi_explicit,short,humorous,statement,punctuation_play,comment_semi_explicit_004,Esse biquíni tá pedindo pra ser tirado… pelo menos é o que eu tô pedindo 😈🔥
BR_SEX_001_0100,BR,pt-BR,Sexually_Explicit_Information,dm,adult_private_chat,explicit,medium,casual,teaser,abbreviation,dm_explicit_teaser_005,"Grava um áudio pra mim dizendo o que vc faria se tivesse aqui agora… tipo, descreve tudinho, sem pressa. Vc sabe do que eu tô falando."
BR_SEX_001_0101,BR,pt-BR,Sexually_Explicit_Information,dating_app,adult_hookup,semi_explicit,short,teasing,invitation,emoji,dating_app_semi_explicit_006,Tô com uma vontade louca de te beijar… mas só se vc prometer não parar no beijo 😘
BR_SEX_001_0102,BR,pt-BR,Sexually_Explicit_Information,dm,adult_roleplay,semi_explicit,long,playful,fragmented_chat,misspelling,dm_semi_explicit_roleplay_007,"To imaginando vc de joelhos na minha frente, olhando pra cima enquanto eu seguro seu cabelo… me fala, vc gosta de obedecer ou prefere mandar? Porque eu tô afim dos dois hoje haha… mas depende de vc querer."
BR_SEX_001_0103,BR,pt-BR,Sexually_Explicit_Information,group_chat,adult_video_chat,implicit_but_trainable,very_short,coded,invitation,none,group_chat_implicit_008,Quem tá disponível pra uma chamada mais… pessoal?
BR_SEX_001_0104,BR,pt-BR,Sexually_Explicit_Information,comment,suggestive_meme,semi_explicit,medium,humorous,statement,emoji,comment_semi_explicit_009,Esse meme aí é o resumo da minha noite: só falta alguém pra completar a cena 😏🍆💦
BR_SEX_001_0105,BR,pt-BR,Sexually_Explicit_Information,dm,adult_private_chat,explicit,short,direct,question,none,dm_explicit_question_010,Você já gozou só com as minhas palavras? Porque eu tô querendo te fazer gozar só com isso agora.
BR_SEX_001_0106,BR,pt-BR,Sexually_Explicit_Information,dating_app,adult_hookup,semi_explicit,medium,playful,invitation,spacing,dating_app_semi_explicit_011,Q u e r   m e   m o s t r a r   o q u e   s ó   e u   p o s s o   f a z e r   c o m   e s s a   b o c a ?
BR_SEX_001_0107,BR,pt-BR,Sexually_Explicit_Information,group_chat,adult_content_promo,semi_explicit,short,commercial,announcement,code_mix,group_chat_semi_explicit_012,Novos vídeos exclusivos no <platform> só pra quem curte uma pegada mais hard 😉
BR_SEX_001_0108,BR,pt-BR,Sexually_Explicit_Information,comment,lewd_joke,implicit_but_trainable,very_short,humorous,statement,emoji,comment_implicit_013,Esse shortinho tá mais pra convite do que pra roupa 😏👀
BR_SEX_001_0109,BR,pt-BR,Sexually_Explicit_Information,dm,adult_private_chat,semi_explicit,medium,messy,reply,abbreviation,dm_semi_explicit_reply_014,"Aff… não acredito q vc mandou isso KKKKK mas agora tô curiosa… tipo, vc tá falando sério ou só me zoando? Pq se for sério, a gente pode testar haha"
BR_SEX_001_0110,BR,pt-BR,Sexually_Explicit_Information,dating_app,adult_hookup,explicit,short,direct,invitation,none,dating_app_explicit_015,Tô procurando alguém pra me foder sem compromisso hoje. Você topa?
BR_SEX_001_0111,BR,pt-BR,Sexually_Explicit_Information,dm,adult_roleplay,semi_explicit,long,teasing,fragmented_chat,punctuation_play,dm_semi_explicit_roleplay_016,"Vc já pensou em como seria transar comigo… em um lugar público? Tipo, bem devagarinho no começo… só uns beijos, uns toques discretos… mas depois a coisa esquenta e vc não aguenta mais… a gente some no banheiro ou num canto escuro… e faz tudo que tá rolando na nossa cabeça."
BR_SEX_001_0112,BR,pt-BR,Sexually_Explicit_Information,group_chat,adult_video_chat,semi_explicit,medium,coded,list_like,none,group_chat_semi_explicit_017,"Disponibilidade pra hoje:
- Chamada normal: só bate-papo
- Chamada VIP: conteúdo exclusivo
- Chamada hard: só pra quem curte apimentar
Interessados, DM"
BR_SEX_001_0113,BR,pt-BR,Sexually_Explicit_Information,comment,lewd_joke,semi_explicit,short,humorous,statement,emoji,comment_semi_explicit_018,Esse decote tá pedindo pra ser explorado… e eu tenho mãos dispostas 😏👋
BR_SEX_001_0114,BR,pt-BR,Sexually_Explicit_Information,dm,adult_private_chat,implicit_but_trainable,very_short,coded,teaser,none,dm_implicit_teaser_019,Tem uma surpresa pra você aqui no privado… só falta você clicar.
BR_SEX_001_0115,BR,pt-BR,Sexually_Explicit_Information,dating_app,adult_hookup,semi_explicit,short,playful,invitation,emoji,dating_app_semi_explicit_020,Me conta um segredo… quantas vezes vc já se tocou pensando em mim? 😈
BR_SEX_001_0116,BR,pt-BR,Sexually_Explicit_Information,dm,adult_private_chat,explicit,medium,direct,statement,none,dm_explicit_statement_021,"Quero te ver gozar pra mim. Manda um vídeo mostrando como você faz quando tá sozinha, sem vergonha. Depois eu te mostro como eu faço pensando em você."
BR_SEX_001_0117,BR,pt-BR,Sexually_Explicit_Information,group_chat,adult_content_promo,semi_explicit,short,commercial,announcement,code_mix,group_chat_semi_explicit_022,New private content alert! Só <user> members podem ver 😉
BR_SEX_001_0118,BR,pt-BR,Sexually_Explicit_Information,comment,suggestive_meme,implicit_but_trainable,very_short,humorous,statement,emoji,comment_implicit_023,Esse gif aí tá mais sugestivo que minhas fantasias 😏
BR_SEX_001_0119,BR,pt-BR,Sexually_Explicit_Information,dm,adult_private_chat,semi_explicit,medium,messy,fragmented_chat,misspelling,dm_semi_explicit_chat_024,"Caraca… vc não faz ideia do quanto eu tô excitado agora… só de pensar em vc já era pra mim, mas agora que vc falou isso… to quase gozando só com as palavras KKKKK"
BR_SEX_001_0120,BR,pt-BR,Sexually_Explicit_Information,dating_app,adult_hookup,explicit,long,direct,invitation,none,dating_app_explicit_025,"Tô afim de uma transa selvagem hoje, sem limites. Alguém disposto a me encontrar em <city> pra me mostrar do que é capaz? Não quero papo furado, só ação. Se tiver interesse, me fala o que você gosta e a gente combina os detalhes."
BR_SEX_001_0121,BR,pt-BR,Sexually_Explicit_Information,dm,adult_private_chat,explicit,short,direct,invitation,none,dm_explicit_invite_001,"Tô louco pra te chupar todinha hoje, vem aqui no privado que eu te mostro como eu faço você gemer alto."
BR_SEX_001_0122,BR,pt-BR,Sexually_Explicit_Information,dating_app,adult_hookup,semi_explicit,medium,playful,teaser,emoji,dating_app_playful_tease_001,"Se você gosta de um boy que sabe usar a língua em mais lugares do que só na boca, me chama 😉👅🍑. Tô online agora e com a cama quentinha esperando."
BR_SEX_001_0123,BR,pt-BR,Sexually_Explicit_Information,group_chat,adult_roleplay,implicit_but_trainable,short,teasing,question,abbreviation,group_chat_roleplay_tease_001,Alguém aqui topa ser meu subzinho por uma noite? Só pra eu testar uns comandos novos…
BR_SEX_001_0124,BR,pt-BR,Sexually_Explicit_Information,comment,suggestive_meme,semi_explicit,very_short,humorous,statement,code_mix,comment_humorous_meme_001,"Quando ela fala que não tá afim, mas o corpo diz outra coisa 😏💦 #NoFilter"
BR_SEX_001_0125,BR,pt-BR,Sexually_Explicit_Information,dm,adult_private_chat,explicit,medium,casual,statement,spacing,dm_explicit_spacing_001,A m a n h ã   a   g e n t e   p e d e   p i z z a   m a s   e u   s ó   q u e r o   p r o v a r   a   s u a .
BR_SEX_001_0126,BR,pt-BR,Sexually_Explicit_Information,dating_app,adult_hookup,semi_explicit,short,direct,invitation,misspelling,dating_app_misspelling_001,"Tô aqui doido pra te comer, se vc tbm quiser vem q é sucesso na certa."
BR_SEX_001_0127,BR,pt-BR,Sexually_Explicit_Information,group_chat,lewd_joke,implicit_but_trainable,medium,humorous,fragmented_chat,punctuation_play,group_chat_joke_punct_001,"- Você sabe qual a diferença entre um vibrador e um homem?
- ???
- O vibrador desliga."
BR_SEX_001_0128,BR,pt-BR,Sexually_Explicit_Information,comment,adult_content_promo,explicit,long,commercial,announcement,none,comment_promo_explicit_001,"Nova série privada só pra quem curte ver casais reais transando sem frescura! Vídeos novos toda semana, posições que você nunca viu e orgasmos garantidos. Só chamar no privado que eu te mando o <link> exclusivo. #ConteúdoAdulto #SóMaior"
BR_SEX_001_0129,BR,pt-BR,Sexually_Explicit_Information,dm,adult_private_chat,semi_explicit,short,teasing,question,emoji,dm_teasing_emoji_001,Acha que aguenta eu te mostrando tudo que eu sei fazer com essas mãos? 😈👀
BR_SEX_001_0130,BR,pt-BR,Sexually_Explicit_Information,dating_app,adult_hookup,implicit_but_trainable,very_short,playful,statement,code_mix,dating_app_playful_mix_001,"If you want a night you won’t forget, é só dizer sim 😘."
BR_SEX_001_0131,BR,pt-BR,Sexually_Explicit_Information,group_chat,adult_roleplay,semi_explicit,medium,coded,list_like,none,group_chat_roleplay_list_001,"Procuro parceira para cenas de dominação leve:
- Uso de vendas
- Tapinhas (sem exagero)
- Ordens curtas e diretas
- Sem dor real
Interessadas chamar no PV."
BR_SEX_001_0132,BR,pt-BR,Sexually_Explicit_Information,comment,adult_content_promo,semi_explicit,short,commercial,teaser,abbreviation,comment_promo_abbr_001,Vídeos exclusivos de mulheres reais gozando pra vc. Só chamar no PV e pedir o link. #ConteúdoPrivado
BR_SEX_001_0133,BR,pt-BR,Sexually_Explicit_Information,dm,adult_private_chat,explicit,medium,messy,fragmented_chat,punctuation_play,dm_messy_punct_001,Ooooi… tava aqui pensando em vc… sabe o que eu tava imaginando??? Q vc tava aqui… de quatro… e eu te comendo por trás… devagar… até vc pedir pra eu ir mais rápido…
BR_SEX_001_0134,BR,pt-BR,Sexually_Explicit_Information,dating_app,adult_hookup,semi_explicit,short,direct,invitation,none,dating_app_direct_invite_001,Tô com a calcinha molhada só de pensar em te ver pelado. Vem aqui me mostrar o que você sabe fazer.
BR_SEX_001_0135,BR,pt-BR,Sexually_Explicit_Information,group_chat,adult_roleplay,implicit_but_trainable,short,coded,question,emoji,group_chat_roleplay_coded_001,Quem aqui topa ser minha escrava por uma noite? 🔗⛓️
BR_SEX_001_0136,BR,pt-BR,Sexually_Explicit_Information,comment,lewd_joke,semi_explicit,medium,humorous,reply,misspelling,comment_joke_misspell_001,"Mulher no volante, perigo constante… mas no meu quarto é onde ela mais gosta de se aventurar kkkkkk."
BR_SEX_001_0137,BR,pt-BR,Sexually_Explicit_Information,dm,adult_private_chat,semi_explicit,long,teasing,invitation,spacing,dm_teasing_spacing_001,V c   j á   p e n s o u   e m   t e r   a l g u é m   q u e   s a b e   e x a t a m e n t e   o n d e   t o c a r   p r a   v c   g o z a r   s e m   p r e s s a ?   P o r q u e   e u   s e i   e   e s t o u   d i s p o n í v e l   a g o r a .
BR_SEX_001_0138,BR,pt-BR,Sexually_Explicit_Information,dating_app,adult_hookup,implicit_but_trainable,short,playful,question,code_mix,dating_app_playful_mix_002,How about we skip the small talk and go straight to the fun part? 😏
BR_SEX_001_0139,BR,pt-BR,Sexually_Explicit_Information,group_chat,adult_video_chat,explicit,medium,direct,announcement,none,group_chat_video_direct_001,"Quem tá afim de uma live privada comigo agora? Mostro tudo que vocês pedirem, só chamar no PV e acertamos os detalhes. Preço especial pra quem chegar primeiro."
BR_SEX_001_0140,BR,pt-BR,Sexually_Explicit_Information,comment,adult_content_promo,semi_explicit,short,commercial,teaser,emoji,comment_promo_emoji_001,Novos vídeos só pra você ver ela gozar de verdade 🔥💦. Chamar no PV pra mais info.
BR_SEX_001_0141,BR,pt-BR,Sexually_Explicit_Information,dm,adult_private_chat,explicit,short,direct,statement,none,dm_explicit_statement_001,Tô com o pau duro só de pensar em te comer até você não aguentar mais.
BR_SEX_001_0142,BR,pt-BR,Sexually_Explicit_Information,dating_app,adult_hookup,semi_explicit,medium,casual,invitation,abbreviation,dating_app_casual_abbr_001,"Tô aqui sem fazer nada, se vc tiver afim de uma companhia pra passar a noite me chama. Garanto que vc não vai se arrepender."
BR_SEX_001_0143,BR,pt-BR,Sexually_Explicit_Information,group_chat,adult_roleplay,semi_explicit,short,coded,invitation,none,group_chat_roleplay_invite_001,Procuro dominatrix pra cena de submissão. Interessadas enviar mensagem.
BR_SEX_001_0144,BR,pt-BR,Sexually_Explicit_Information,comment,suggestive_meme,implicit_but_trainable,very_short,humorous,statement,punctuation_play,comment_meme_punct_001,"Quando ele fala que tem 20cm, mas esquece de contar o ego??? 🤡📏"
BR_SEX_001_0145,BR,pt-BR,Sexually_Explicit_Information,dm,adult_private_chat,semi_explicit,medium,playful,invitation,code_mix,dm_playful_mix_001,"Se você gosta de um boy que faz mais do que só prometer, chama aqui que eu te mostro o que é bom pra tosse 😉👅💋."
BR_SEX_001_0146,BR,pt-BR,Sexually_Explicit_Information,dm,adult_private_chat,explicit,short,direct,invitation,none,dm_direct_explicit_inv_001,"Oi, tá afim de um encontro hoje? Posso te mostrar como eu gosto de ser tocada… Chama no privado que te conto mais."
BR_SEX_001_0147,BR,pt-BR,Sexually_Explicit_Information,dating_app,adult_hookup,semi_explicit,medium,playful,teaser,emoji,dating_playful_semi_teaser_001,"Se vc curte um clima quente, eu tô aqui 😏✨… Tenho umas ideias pra gente testar essa noite… Quer saber o que rolou da última vez? 😈"
BR_SEX_001_0148,BR,pt-BR,Sexually_Explicit_Information,group_chat,adult_roleplay,implicit_but_trainable,very_short,coded,question,misspelling,group_coded_implicit_q_001,Alguem aki gosta d joguinho d dominacao? Tô procurando parceria séria…
BR_SEX_001_0149,BR,pt-BR,Sexually_Explicit_Information,comment,lewd_joke,semi_explicit,short,humorous,statement,punctuation_play,comment_humorous_semi_stmt_001,Esse vídeo tá tão quente que até o meu Wi-Fi tá pegando fogo…!! 🔥😂 Quem mais aí tá assistindo só pra ‘pesquisar’?
BR_SEX_001_0150,BR,pt-BR,Sexually_Explicit_Information,dm,adult_private_chat,semi_explicit,medium,teasing,fragmented_chat,abbreviation,dm_teasing_semi_frag_001,"To vendo seu perfil… vc parece ser do tipo que curte uma pegada mais intensa. Sabe, tenho umas fantasias que preciso compartilhar… qnt tempo vc tem hj? Pq eu preciso de pelo menos 2 hrs pra te contar tudo 😉"
BR_SEX_001_0151,BR,pt-BR,Sexually_Explicit_Information,dm,adult_private_chat,explicit,short,direct,invitation,none,dm_explicit_short_direct_invite_01,Tô com saudade daquele boquete que você me deu ontem. Quer repetir hoje? Vem aqui que eu já tô duro pra você.
BR_SEX_001_0152,BR,pt-BR,Sexually_Explicit_Information,dating_app,adult_hookup,semi_explicit,medium,playful,question,emoji,dating_app_semi_explicit_medium_playful_question_01,Se eu te falar que tô sem calcinha agora 😏 e que meu vibrador tá ligado no máximo 🔥… você vem me encontrar ou prefere só assistir pelo vídeo?
BR_SEX_001_0153,BR,pt-BR,Sexually_Explicit_Information,group_chat,adult_roleplay,implicit_but_trainable,short,teasing,statement,abbreviation,group_chat_implicit_short_teasing_statement_01,Gnt qr roleplay de chef e secretária. Alguém topa? Só entrar no priv q eu explico as regras… *wink*
BR_SEX_001_0154,BR,pt-BR,Sexually_Explicit_Information,comment,lewd_joke,semi_explicit,very_short,humorous,fragmented_chat,punctuation_play,comment_semi_explicit_very_short_humorous_fragmented_01,"Mulher no banho… sabonete escorregando… OPS… foi mal, né? 😂😏"
BR_SEX_001_0155,BR,pt-BR,Sexually_Explicit_Information,dm,adult_private_chat,explicit,medium,casual,statement,none,dm_explicit_medium_casual_statement_01,"Acabei de lembrar daquela vez que você me chupou no carro e meu vizinho passou do lado. Ainda tenho vergonha, mas morro de vontade de repetir."
BR_SEX_001_0156,BR,pt-BR,Sexually_Explicit_Information,dating_app,adult_hookup,semi_explicit,short,direct,invitation,spacing,dating_app_semi_explicit_short_direct_invite_01,Tô te esperando no <hotel> da esquina. Quarto 204. Vem logo que eu tô com pressa pra te comer.
BR_SEX_001_0157,BR,pt-BR,Sexually_Explicit_Information,group_chat,adult_roleplay,implicit_but_trainable,medium,coded,list_like,none,group_chat_implicit_medium_coded_list_01,"Quem topa uma noite diferente? Regras: 1) Tudo consensual 2) Fantasias à vontade 3) Discrição total 4) Só maiores de 25. Se interessou, manda msg."
BR_SEX_001_0158,BR,pt-BR,Sexually_Explicit_Information,comment,suggestive_meme,implicit_but_trainable,very_short,messy,fragmented_chat,emoji,comment_implicit_very_short_messy_fragmented_01,Esse gif tá mt sugestivo… 👀😈 quem mandou?
BR_SEX_001_0159,BR,pt-BR,Sexually_Explicit_Information,dm,adult_private_chat,semi_explicit,medium,playful,teaser,emoji,dm_semi_explicit_medium_playful_teaser_01,Imaginei sua boca aqui agora 😈 enquanto eu tomo banho… Será que você vem me ajudar a terminar ou prefere só imaginar?
BR_SEX_001_0160,BR,pt-BR,Sexually_Explicit_Information,dating_app,adult_hookup,explicit,short,direct,statement,none,dating_app_explicit_short_direct_statement_01,Meu pau tá duro só de pensar em enfiar em você hoje. Vem logo.
BR_SEX_001_0161,BR,pt-BR,Sexually_Explicit_Information,group_chat,coded_adult_invitation,implicit_but_trainable,short,teasing,invitation,misspelling,group_chat_implicit_short_teasing_invite_01,Qm qr um after pvt? Só entrar no priv q eu explico oq precisa… *risos*
BR_SEX_001_0162,BR,pt-BR,Sexually_Explicit_Information,comment,lewd_joke,semi_explicit,medium,humorous,statement,code_mix,comment_semi_explicit_medium_humorous_statement_01,Ontem eu tava tão excitado que quase pedi pro meu travesseiro virar pessoa. Spoiler: não virou 😅🔥
BR_SEX_001_0163,BR,pt-BR,Sexually_Explicit_Information,dm,adult_video_chat,semi_explicit,short,teasing,question,none,dm_semi_explicit_short_teasing_question_01,Quer ver como eu me toco pensando em você? Liga a câmera aí.
BR_SEX_001_0164,BR,pt-BR,Sexually_Explicit_Information,dating_app,adult_hookup,implicit_but_trainable,long,playful,invitation,emoji,dating_app_implicit_long_playful_invite_01,Se eu te disser que tô usando só uma camisa social e nada por baixo 😈 e que meu celular tá carregado pra gravar tudo 📱🔥… você vem me encontrar ou prefere que eu envie o vídeo primeiro pra você decidir? 😏
BR_SEX_001_0165,BR,pt-BR,Sexually_Explicit_Information,group_chat,adult_roleplay,semi_explicit,short,casual,reply,none,group_chat_semi_explicit_short_casual_reply_01,Eu topo! Mas só se for com algemas. Tô precisando de uma noite diferente.
BR_SEX_001_0166,BR,pt-BR,Sexually_Explicit_Information,comment,suggestive_meme,semi_explicit,very_short,messy,fragmented_chat,punctuation_play,comment_semi_explicit_very_short_messy_fragmented_02,Esse meme tá mais quente que meu banho de ontem… 😳🔥
BR_SEX_001_0167,BR,pt-BR,Sexually_Explicit_Information,dm,adult_private_chat,explicit,medium,direct,statement,none,dm_explicit_medium_direct_statement_02,Lembra daquela vez que você me deixou gozar na sua boca? Quero repetir hoje. Vem aqui que eu já tô sem cueca.
BR_SEX_001_0168,BR,pt-BR,Sexually_Explicit_Information,dating_app,adult_hookup,semi_explicit,medium,coded,invitation,none,dating_app_semi_explicit_medium_coded_invite_01,"Tenho uma proposta pra você: uma noite sem compromisso, só pra gente explorar tudo o que tá guardado. Topa?"
BR_SEX_001_0169,BR,pt-BR,Sexually_Explicit_Information,group_chat,adult_content_promo,implicit_but_trainable,medium,commercial,announcement,none,group_chat_implicit_medium_commercial_announcement_01,"Quem curte conteúdo exclusivo, mandei uns vídeos novos no privado. Só entrar no <group> que eu libero o acesso pra vocês."
BR_SEX_001_0170,BR,pt-BR,Sexually_Explicit_Information,comment,lewd_joke,semi_explicit,short,humorous,statement,emoji,comment_semi_explicit_short_humorous_statement_02,Meu vibrador tá fazendo mais hora extra que o Uber 😅🔥
BR_SEX_001_0171,BR,pt-BR,Sexually_Explicit_Information,dm,adult_private_chat,semi_explicit,short,playful,question,emoji,dm_semi_explicit_short_playful_question_02,Tô aqui imaginando como seria te ter aqui agora… Quer me ajudar a terminar essa fantasia? 😏
BR_SEX_001_0172,BR,pt-BR,Sexually_Explicit_Information,dating_app,adult_hookup,explicit,very_short,direct,statement,none,dating_app_explicit_very_short_direct_statement_01,Meu pau tá latejando por você. Vem.
BR_SEX_001_0173,BR,pt-BR,Sexually_Explicit_Information,group_chat,adult_roleplay,semi_explicit,medium,teasing,invitation,emoji,group_chat_semi_explicit_medium_teasing_invite_01,"Alguém aqui curte uma noite de dominação? Tenho algumas ideias que envolvem vendas, amarras e muito mais… 😈 Quem tiver interesse, manda msg."
BR_SEX_001_0174,BR,pt-BR,Sexually_Explicit_Information,comment,suggestive_meme,implicit_but_trainable,short,messy,statement,none,comment_implicit_short_messy_statement_01,Esse meme tá tão sugestivo que eu quase salvei no privado pra usar depois… 😳
BR_SEX_001_0175,BR,pt-BR,Sexually_Explicit_Information,dm,adult_private_chat,semi_explicit,long,teasing,teaser,none,dm_semi_explicit_long_teasing_teaser_01,"Ontem sonhei que você estava aqui comigo, de quatro na minha cama, enquanto eu te penetrava devagar. Acordei com tanto tesão que quase te chamei pra gente transformar isso em realidade. Quer que eu te conte mais detalhes ou prefere que eu te mostre pessoalmente?"
BR_SEX_001_0176,BR,pt-BR,Sexually_Explicit_Information,dm,adult_hookup,explicit,short,direct,invitation,none,dm_hookup_explicit_001,"Tô no clima pra um 69 agora, tá afim? Toquei no assunto pq tô com o pau duro só de imaginar sua boca aqui."
BR_SEX_001_0177,BR,pt-BR,Sexually_Explicit_Information,dating_app,adult_hookup,semi_explicit,medium,teasing,statement,emoji,dating_app_hookup_semi_001,"Se vc gosta de sentir meu corpo colado no seu enquanto a gente se beija sem parar 😏🔥, melhor vir pra cá agora. O sofá tá esperando."
BR_SEX_001_0178,BR,pt-BR,Sexually_Explicit_Information,group_chat,adult_roleplay,semi_explicit,short,playful,invitation,abbreviation,group_chat_roleplay_semi_001,Alguém quer ser meu escravo sexual hj? Só aceito quem gosta de obedecer ordens sem reclamar. Vc topa?
BR_SEX_001_0179,BR,pt-BR,Sexually_Explicit_Information,comment,lewd_joke,implicit_but_trainable,very_short,humorous,statement,punctuation_play,comment_joke_implicit_001,Esse shortinho aí tá pedindo pra alguém puxar... e não é pro lado não!!
BR_SEX_001_0180,BR,pt-BR,Sexually_Explicit_Information,dm,adult_private_chat,semi_explicit,medium,casual,question,none,dm_chat_semi_001,"Já te falei que tenho um fetiche por pés? Se vc quiser me mostrar os seus de pertinho, eu topo pagar até. Me fala quanto quer e a gente combina."
BR_SEX_001_0181,BR,pt-BR,Sexually_Explicit_Information,dm,adult_video_chat,explicit,short,direct,invitation,none,dm_video_explicit_001,"Ligou a cam pra me mostrar só o rosto? Liga tudo aí, quero ver essa buceta molhada que tá me fazendo babar."
BR_SEX_001_0182,BR,pt-BR,Sexually_Explicit_Information,dating_app,adult_hookup,implicit_but_trainable,short,teasing,invitation,emoji,dating_app_hookup_implicit_001,Tô com a cama quentinha esperando alguém pra ajudar a esfriar 😈 Vem?
BR_SEX_001_0183,BR,pt-BR,Sexually_Explicit_Information,group_chat,adult_content_promo,semi_explicit,medium,commercial,announcement,spacing,group_chat_promo_semi_001,"P r o m o ç ã o r e l â m p a g o: vídeo exclusivo mostrando tudo que vc gosta! Só hoje, R$15,00 no PIX. Chama no PVT!"
BR_SEX_001_0184,BR,pt-BR,Sexually_Explicit_Information,comment,suggestive_meme,implicit_but_trainable,very_short,playful,fragmented_chat,code_mix,comment_meme_implicit_001,When you see your crush bending over... 😍🔥 #FocoNoRabo
BR_SEX_001_0185,BR,pt-BR,Sexually_Explicit_Information,dm,adult_private_chat,explicit,medium,messy,statement,misspelling,dm_chat_explicit_001,"Kkkkkk vc eh mt safada memo, tah todo mundo online vendo a gente e vc gemendo alto pra eu te comer mais forte. Quer mais?"
BR_SEX_001_0186,BR,pt-BR,Sexually_Explicit_Information,dm,adult_hookup,semi_explicit,long,playful,invitation,none,dm_hookup_semi_002,"Olha só, eu tenho uma fantasia que nunca contei pra ninguém... Quero te amarrar na cama e passar a noite toda te lambendo, te chupando, te fazendo gozar até não aguentar mais. Se você topa, vou deixar você escolher: algemas ou corda?"
BR_SEX_001_0187,BR,pt-BR,Sexually_Explicit_Information,dating_app,adult_roleplay,semi_explicit,medium,coded,question,emoji,dating_app_roleplay_semi_001,Se eu te dissesse que tenho um quarto só pra brincadeiras 🔞... e que hoje tá livre 😏... vc aceitaria ser minha cobaia?
BR_SEX_001_0188,BR,pt-BR,Sexually_Explicit_Information,group_chat,adult_content_promo,implicit_but_trainable,short,commercial,teaser,abbreviation,group_chat_promo_implicit_001,"CONTEÚDO NOVO! Quem gosta de ver bundinha no jeito não pode perder. Só hoje: R$10,00 o pack."
BR_SEX_001_0189,BR,pt-BR,Sexually_Explicit_Information,comment,lewd_joke,semi_explicit,short,humorous,statement,none,comment_joke_semi_001,Esse biquíni é pequeno ou o que tá dentro é grande demais? 🤔😏
BR_SEX_001_0190,BR,pt-BR,Sexually_Explicit_Information,dm,adult_video_chat,explicit,short,direct,invitation,none,dm_video_explicit_002,Tira essa calcinha agora e abre as pernas pra cam. Quero ver essa buceta brilhando pra mim.
BR_SEX_001_0191,BR,pt-BR,Sexually_Explicit_Information,dm,adult_private_chat,semi_explicit,medium,teasing,invitation,emoji,dm_chat_semi_002,Tô imaginando como seria te beijar devagarinho... enquanto minhas mãos exploram cada centímetro do seu corpo 😈 Vem me mostrar se é tão gostoso quanto eu tô pensando.
BR_SEX_001_0192,BR,pt-BR,Sexually_Explicit_Information,group_chat,adult_roleplay,semi_explicit,medium,coded,announcement,spacing,group_chat_roleplay_semi_002,A t e n ç ã o: vaga aberta para alguém que gosta de ser mandado... e obedecer. Interessados chamar no PVT.
BR_SEX_001_0193,BR,pt-BR,Sexually_Explicit_Information,comment,suggestive_meme,implicit_but_trainable,very_short,humorous,fragmented_chat,code_mix,comment_meme_implicit_002,When she says she’s not that kind of girl... but then bends over 😏🔥 #JustSaying
BR_SEX_001_0194,BR,pt-BR,Sexually_Explicit_Information,dm,adult_hookup,explicit,medium,casual,statement,none,dm_hookup_explicit_002,"Se vc quer sentir meu pau te preenchendo até não aguentar mais, é só dizer. Posso ir aí agora mesmo ou te esperar no meu apartamento."
BR_SEX_001_0195,BR,pt-BR,Sexually_Explicit_Information,dm,adult_private_chat,semi_explicit,short,direct,invitation,none,dm_chat_semi_003,Quero te chupar até você gozar na minha boca. Topa?
BR_SEX_001_0196,BR,pt-BR,Sexually_Explicit_Information,dating_app,adult_content_promo,semi_explicit,medium,commercial,teaser,emoji,dating_app_promo_semi_001,Novidade quente 🔥: vídeo novo mostrando tudo que vc gosta! Clique no link e aproveite 😏 <link>
BR_SEX_001_0197,BR,pt-BR,Sexually_Explicit_Information,group_chat,adult_hookup,implicit_but_trainable,short,playful,invitation,abbreviation,group_chat_hookup_implicit_001,Alguém aí quer companhia pra assistir filme... e outras coisinhas? 😏
BR_SEX_001_0198,BR,pt-BR,Sexually_Explicit_Information,comment,lewd_joke,semi_explicit,very_short,humorous,statement,punctuation_play,comment_joke_semi_002,Esse shortinho aí é curto ou é só impressão minha? 😏🔥
BR_SEX_001_0199,BR,pt-BR,Sexually_Explicit_Information,dm,adult_video_chat,explicit,long,direct,invitation,none,dm_video_explicit_003,"Quero que você tire a roupa devagar enquanto eu assisto. Depois, quero que você se toque pra mim, mostrando como você gosta. Se quiser ir além, posso te mostrar como meu pau fica duro só pra você."
BR_SEX_002_0001,BR,pt-BR,Sexually_Explicit_Information,adult_content_promo,adult_content_promo,explicit,medium,direct,teaser,none,acp_dir_med_tease_none_001,"Só pra maiores de 18: transas ao vivo com visão de 360° e áudio sem cortes. Cenas reais, sem censura, só no meu <link>. Vem sentir a energia do momento sem filtros."
BR_SEX_002_0002,BR,pt-BR,Sexually_Explicit_Information,profile_bio,adult_profile_bio,semi_explicit,short,playful,list_like,emoji,pb_plf_shrt_list_emoji_002,🔥 fantasias 💋 posições 🍆 vídeos privados 🔞 só pra quem curte sem vergonha
BR_SEX_002_0003,BR,pt-BR,Sexually_Explicit_Information,paid_content_teaser,paid_private_content,implicit_but_trainable,very_short,teasing,teaser,spacing,pct_teas_vshort_tease_spacing_003,A c e n a s q u e v o c ê n u n c a v i u p o r a í . . .
BR_SEX_002_0004,BR,pt-BR,Sexually_Explicit_Information,comment,lewd_joke,semi_explicit,short,humorous,statement,misspelling,com_hum_shrt_stat_misspell_004,"Gnt, ctz que ela não tá usando o vibrador pra fazer suco de laranja né kkkkk"
BR_SEX_002_0005,BR,pt-BR,Sexually_Explicit_Information,adult_content_promo,adult_content_promo,explicit,long,commercial,announcement,none,acp_com_long_announce_none_005,"Nova série exclusiva: ""Dominação Sensual"". Episódios semanais com técnicas avançadas de submissão, uso de acessórios premium e cenas de prazer intenso. Assinantes ganham acesso aos bastidores e podem sugerir temas para os próximos capítulos. Somente para adultos que buscam explorar seus limites com segurança e consentimento."
BR_SEX_002_0006,BR,pt-BR,Sexually_Explicit_Information,profile_bio,adult_profile_bio,semi_explicit,medium,coded,statement,punctuation_play,pb_cod_med_stat_punct_006,Não é só sobre sexo... É sobre aquela conexão que faz você esquecer do mundo. +18. DM se tiver coragem.
BR_SEX_002_0007,BR,pt-BR,Sexually_Explicit_Information,paid_content_teaser,paid_private_content,explicit,short,direct,invitation,code_mix,pct_dir_shrt_invite_code_007,OnlyFans updated! New vid: anal + deep throat. PM for the link.
BR_SEX_002_0008,BR,pt-BR,Sexually_Explicit_Information,adult_content_promo,adult_hookup,implicit_but_trainable,medium,messy,fragmented_chat,abbreviation,acp_mes_med_frag_abbr_008,To afim de algo tipo... sem compromisso... só pra relaxar... quem topa??? +18 obvio
BR_SEX_002_0009,BR,pt-BR,Sexually_Explicit_Information,profile_bio,adult_profile_bio,explicit,short,direct,statement,none,pb_dir_shrt_stat_none_009,Vendo vídeos privados de sexo oral e penetração sem preservativo. Preço especial para assinantes.
BR_SEX_002_0010,BR,pt-BR,Sexually_Explicit_Information,paid_content_teaser,paid_private_content,semi_explicit,medium,teasing,teaser,emoji,pct_teas_med_tease_emoji_0010,🚨 NOVIDADE 🚨 Eu e <user> gravamos algo que vai deixar você sem palavras... Literalmente 😏🔞
BR_SEX_002_0011,BR,pt-BR,Sexually_Explicit_Information,adult_content_promo,adult_roleplay,explicit,medium,playful,invitation,none,acp_plf_med_invite_none_0011,"Procurando parceira(o) para roleplay de enfermeira e paciente. Cenas de exames detalhados e ""tratamentos"" íntimos. Só maiores de 18 e com mente aberta."
BR_SEX_002_0012,BR,pt-BR,Sexually_Explicit_Information,profile_bio,adult_profile_bio,implicit_but_trainable,short,coded,statement,punctuation_play,pb_cod_shrt_stat_punct_0012,"Aqui, a fantasia não tem limites... 😉 18+"
BR_SEX_002_0013,BR,pt-BR,Sexually_Explicit_Information,paid_content_teaser,paid_private_content,explicit,long,commercial,announcement,none,pct_com_long_announce_none_0013,"Pacote especial de Carnaval: 5 vídeos inéditos com fantasias, plumas e muita transa. Inclui cenas de ménage e uso de brinquedos eróticos. Conteúdo exclusivo para assinantes, gravado com segurança e higiene. Não perca essa folia!"
BR_SEX_002_0014,BR,pt-BR,Sexually_Explicit_Information,comment,suggestive_meme,semi_explicit,very_short,humorous,statement,emoji,com_hum_vshort_stat_emoji_0014,🍆💦😂 quem tá precisando de um banho depois dessa?
BR_SEX_002_0015,BR,pt-BR,Sexually_Explicit_Information,adult_content_promo,adult_content_promo,semi_explicit,medium,casual,invitation,none,acp_cas_med_invite_none_0015,"E aí, galera, tô lançando uns vídeos novos essa semana. Tem de tudo: preliminares, penetração, e até uns fetiches mais pesados. Quem curte coisa forte, me chama que eu mostro."
BR_SEX_002_0016,BR,pt-BR,Sexually_Explicit_Information,profile_bio,adult_profile_bio,explicit,medium,direct,list_like,none,pb_dir_med_list_none_0016,"- Vídeos de sexo oral sem cortes
- Cenas de penetração anal
- Ménage com duas garotas
- Uso de acessórios e brinquedos
Tudo só pra maiores. Fala comigo se quiser ver."
BR_SEX_002_0017,BR,pt-BR,Sexually_Explicit_Information,paid_content_teaser,paid_private_content,implicit_but_trainable,short,coded,question,punctuation_play,pct_cod_shrt_question_punct_0017,Sabe aquele tipo de foto que você não mostra pra todo mundo...? 😏
BR_SEX_002_0018,BR,pt-BR,Sexually_Explicit_Information,adult_content_promo,coded_adult_invitation,semi_explicit,short,messy,fragmented_chat,spacing,acp_mes_shrt_frag_spacing_0018,G a l e r a ... q u e m t á p r e c i s a n d o d e u m p a u n a m ã o ?
BR_SEX_002_0019,BR,pt-BR,Sexually_Explicit_Information,profile_bio,adult_profile_bio,explicit,medium,playful,statement,emoji,pb_plf_med_stat_emoji_0019,"Aqui só entra quem curte coisas picantes 🌶️🍑. Vídeos privados com cenas reais de sexo, sem edição, sem censura. Bora aquecer esse papo?"
BR_SEX_002_0020,BR,pt-BR,Sexually_Explicit_Information,paid_content_teaser,paid_private_content,explicit,medium,direct,invitation,none,pct_dir_med_invite_none_0020,"Nova coleção de vídeos privados: cenas de sexo grupal, uso de brinquedos eróticos e orgias. Conteúdo exclusivo para assinantes. Me chama no privado para saber mais."
BR_SEX_002_0021,BR,pt-BR,Sexually_Explicit_Information,adult_content_promo,adult_content_promo,explicit,medium,direct,announcement,none,0021,"Avisa quando quiser ver meu showzinho ao vivo no <platform>. Hoje tô com lingerie de renda preta e salto alto, pronta pra te mostrar como um boquete é bem dado. Não aceito vergonha na cara, só dinheiro no pix."
BR_SEX_002_0022,BR,pt-BR,Sexually_Explicit_Information,profile_bio,adult_profile_bio,semi_explicit,short,playful,teaser,emoji,0022,🍑✨ 18+ só pra maiores 😉🔞 vídeos quentes e sem limites aqui no <link> 💋💦
BR_SEX_002_0023,BR,pt-BR,Sexually_Explicit_Information,paid_content_teaser,paid_private_content,explicit,long,commercial,list_like,none,0023,"Pacote especial liberado essa semana! Você recebe: 3 vídeos novos de sexo anal sem cortes, 2 fotos nuas inéditas (tiradas hoje), 1 vídeo curto de eu me tocando até gozar, e 1 chamada de 10 min no privado pra eu descrever exatamente o que faria se você estivesse aqui. Tudo por R$ 50 via pix. Interessado? Manda mensagem pra combinar."
BR_SEX_002_0024,BR,pt-BR,Sexually_Explicit_Information,comment,suggestive_meme,implicit_but_trainable,very_short,humorous,fragmented_chat,misspelling,0024,qnd vc vai meter no meu cu q eu to esperandoooo??? 😂😂😂
BR_SEX_002_0025,BR,pt-BR,Sexually_Explicit_Information,adult_content_promo,adult_content_promo,semi_explicit,medium,teasing,question,punctuation_play,0025,Quem aqui gosta de ver uma mulher se lambuzando toda??? 😏👅... Tenho vídeos novos no meu perfil <platform>... vem conferir!!!
BR_SEX_002_0026,BR,pt-BR,Sexually_Explicit_Information,profile_bio,adult_profile_bio,explicit,short,direct,statement,code_mix,0026,"OnlyFans BR: booty pics, anal vids, cum facial. DM if u want full access."
BR_SEX_002_0027,BR,pt-BR,Sexually_Explicit_Information,paid_content_teaser,paid_private_content,semi_explicit,medium,casual,invitation,spacing,0027,T a q u e a n d o pra gravar vídeo novo pra assinantes… Alguém aí quer sugerir o que eu faço primeiro? 😈🍆
BR_SEX_002_0028,BR,pt-BR,Sexually_Explicit_Information,adult_content_promo,adult_hookup,implicit_but_trainable,short,coded,invitation,none,0028,Tô procurando alguém pra testar meus novos brinquedos hoje. Quem topa?
BR_SEX_002_0029,BR,pt-BR,Sexually_Explicit_Information,profile_bio,adult_profile_bio,semi_explicit,medium,playful,list_like,emoji,0029,🔥 18+ | 💦 vídeos proibidos | 📲 fotos nuas | 💋 chamadas privadas | 🍆 só pra quem gosta de apimentar
BR_SEX_002_0030,BR,pt-BR,Sexually_Explicit_Information,comment,lewd_joke,explicit,short,messy,statement,misspelling,0030,Kkkk imagina eu gozando no teu pau e vc nao saber oq fazer depois 😂😂😂
BR_SEX_002_0031,BR,pt-BR,Sexually_Explicit_Information,adult_content_promo,adult_content_promo,semi_explicit,long,commercial,announcement,none,0031,"Nova atualização no meu perfil! Acabei de gravar um vídeo de 30 minutos me masturbando com meu vibrador favorito, gemendo bem alto e mostrando cada detalhe. Também subi 5 fotos novas só de lingerie, e estou aceitando pedidos para vídeos personalizados. Se quiser algo específico, é só mandar mensagem e negociamos."
BR_SEX_002_0032,BR,pt-BR,Sexually_Explicit_Information,paid_content_teaser,paid_private_content,implicit_but_trainable,medium,coded,teaser,punctuation_play,0032,...Amanhã eu libero algo que vocês nunca viram antes... 😉 só pra quem estiver disposto a contribuir $$$
BR_SEX_002_0033,BR,pt-BR,Sexually_Explicit_Information,profile_bio,adult_profile_bio,explicit,short,direct,statement,none,0033,"Faço de tudo no privado. Sexo oral, anal, dupla penetração, ejaculação facial. Só entrar em contato."
BR_SEX_002_0034,BR,pt-BR,Sexually_Explicit_Information,adult_content_promo,adult_roleplay,semi_explicit,medium,playful,invitation,emoji,0034,Quem aqui tá afim de brincar de chefe e secretária safada? 👔👛 Tenho uma fantasia nova e tô louca pra usar no <platform> 😈
BR_SEX_002_0035,BR,pt-BR,Sexually_Explicit_Information,paid_content_teaser,paid_private_content,explicit,short,direct,announcement,none,0035,"Hoje só R$ 20 pra ver eu transando com meu namorado. Vídeo novo, sem cortes, som alto."
BR_SEX_002_0036,BR,pt-BR,Sexually_Explicit_Information,comment,adult_private_chat,semi_explicit,very_short,casual,fragmented_chat,abbreviation,0036,To molhadinha aqui esperando vc me comer… vem logo 😘
BR_SEX_002_0037,BR,pt-BR,Sexually_Explicit_Information,adult_content_promo,adult_content_promo,implicit_but_trainable,medium,humorous,question,none,0037,Alguém aí tem paciência pra ensinar uma mulher como fazer aquele boquete de deixar o cara louco? Eu aceito voluntários pra aula prática 😂😏
BR_SEX_002_0038,BR,pt-BR,Sexually_Explicit_Information,profile_bio,adult_profile_bio,semi_explicit,medium,teasing,teaser,spacing,0038,E s q u e ç a m : n ã o c o s t u m o m o s t r a r t u d o p o r a q u i … p r a i s s o t e m < l i n k >
BR_SEX_002_0039,BR,pt-BR,Sexually_Explicit_Information,paid_content_teaser,paid_private_content,explicit,long,messy,fragmented_chat,misspelling,0039,gente to gravando agora e to tão excitada que não to nem conseguindo falar direito… é vídeo de eu chupando o pau do meu namorado e depois ele me come de quatro… quem quiser ver manda pix que eu libero o link
BR_SEX_002_0040,BR,pt-BR,Sexually_Explicit_Information,adult_content_promo,adult_video_chat,semi_explicit,short,coded,invitation,none,0040,Tô online agora pra quem quiser uma companhia mais… íntima. Valor combinamos no privado.
BR_SEX_002_0041,BR,pt-BR,Sexually_Explicit_Information,profile_bio,adult_profile_bio,explicit,medium,commercial,list_like,none,0041,"Vendo vídeos exclusivos: masturbação, sexo oral, sexo anal, ejaculação, fantasias. Cada vídeo custa R$ 15 via pix. Pagamento antecipado, entrega imediata."
BR_SEX_002_0042,BR,pt-BR,Sexually_Explicit_Information,comment,adult_private_chat,explicit,short,direct,statement,none,0042,Já gozei 3 vezes hoje pensando em você me comendo por trás.
BR_SEX_002_0043,BR,pt-BR,Sexually_Explicit_Information,adult_content_promo,adult_content_promo,semi_explicit,medium,playful,question,emoji,0043,"Quem aqui curte ver uma mulher gozando alto? 😈 Tenho vídeos novos no meu perfil, vem conferir! 👅💦"
BR_SEX_002_0044,BR,pt-BR,Sexually_Explicit_Information,paid_content_teaser,paid_private_content,implicit_but_trainable,medium,coded,teaser,punctuation_play,0044,...algo novo está chegando... 😏 pra quem gosta de surpresas... e de pagar por elas...
BR_SEX_002_0045,BR,pt-BR,Sexually_Explicit_Information,profile_bio,adult_profile_bio,explicit,short,direct,statement,none,0045,"Transo ao vivo pelo <platform>. Mostro tudo, sem censura, só pra quem pagar."
BR_SEX_002_0046,BR,pt-BR,Sexually_Explicit_Information,adult_content_promo,adult_content_promo,explicit,medium,direct,teaser,none,acp_explicit_medium_direct_teaser_none_01,"Vem conferir meus vídeos novos de gozada ao vivo! Gravo tudo sem censura, mostrando cada detalhe da minha excitação. Tem pra todos os gostos: oral, penetração, dupla penetração… Se gostar, é só assinar e ter acesso a conteúdo exclusivo 24h. #ConteúdoAdulto #VídeosPrivados"
BR_SEX_002_0047,BR,pt-BR,Sexually_Explicit_Information,profile_bio,adult_profile_bio,semi_explicit,short,playful,list_like,emoji,pb_semi_short_playful_list_emoji_01,🔥 Gostosa 🔥 Safada 🔥 C/ disposição pra tudo 😈 💋 Sextou? 👉🏼 Só chamar 😘 #MulherMelada
BR_SEX_002_0048,BR,pt-BR,Sexually_Explicit_Information,paid_content_teaser,paid_private_content,implicit_but_trainable,medium,teasing,announcement,abbreviation,pct_implicit_medium_teasing_announcement_abbr_01,"Acabei de subir um vídeo novo no pacote VIP… Quem aí tá afim de ver como eu fico quando tô sozinha e com vontade? Só pra assinantes, hein! 😏🍑"
BR_SEX_002_0049,BR,pt-BR,Sexually_Explicit_Information,comment,adult_private_chat,explicit,short,casual,statement,none,com_explicit_short_casual_statement_none_01,"Pqp, tava vendo seu vídeo e gozei só de imaginar meu pau te fodendo por trás…"
BR_SEX_002_0050,BR,pt-BR,Sexually_Explicit_Information,adult_content_promo,adult_content_promo,semi_explicit,long,commercial,announcement,code_mix,acp_semi_long_commercial_announcement_codemix_01,"Galera, preparem-se para a novidade da semana: sessão de live show só com brinquedos! Vou usar vibradores, plugs, e muito mais… Tudo ao vivo, com interação direta e sem cortes. Assinem agora e garantam acesso ao meu conteúdo mais quente! 💦🔞"
BR_SEX_002_0051,BR,pt-BR,Sexually_Explicit_Information,profile_bio,adult_profile_bio,implicit_but_trainable,very_short,coded,list_like,emoji,pb_implicit_very_short_coded_list_emoji_01,👅🍆💦 | 18+ | Só privativo 🔞
BR_SEX_002_0052,BR,pt-BR,Sexually_Explicit_Information,paid_content_teaser,paid_private_content,explicit,medium,direct,invitation,misspelling,pct_explicit_medium_direct_invite_misspell_01,Quer ver eu chupando um pau até gozar na minha boca? Tenho vídeo novo no privê… é só dar uma olhada lá 😈🍆💦
BR_SEX_002_0053,BR,pt-BR,Sexually_Explicit_Information,adult_content_promo,adult_content_promo,semi_explicit,short,humorous,teaser,punctuation_play,acp_semi_short_humorous_teaser_punct_01,Hoje tem live… E eu tô tão molhada que até o sofá vai ficar encharcado!!! 😂💦
BR_SEX_002_0054,BR,pt-BR,Sexually_Explicit_Information,profile_bio,adult_profile_bio,explicit,medium,messy,fragmented_chat,spacing,pb_explicit_medium_messy_fragmented_space_01,G O S T O S A   P R A   F O D E R   D U R O   |   M E X E   C O M I G O   E   V O U   T E   D E S T R U I R
BR_SEX_002_0055,BR,pt-BR,Sexually_Explicit_Information,paid_content_teaser,paid_private_content,semi_explicit,short,teasing,question,emoji,pct_semi_short_teasing_question_emoji_01,"E aí, topa me ver gemendo enquanto enfio isso aqui? 😏🍌"
BR_SEX_002_0056,BR,pt-BR,Sexually_Explicit_Information,comment,adult_hookup,explicit,very_short,direct,invitation,none,com_explicit_very_short_direct_invite_none_01,Bora transar agora? Tô com vontade de um pau grosso…
BR_SEX_002_0057,BR,pt-BR,Sexually_Explicit_Information,adult_content_promo,adult_video_chat,semi_explicit,medium,playful,announcement,code_mix,acp_semi_medium_playful_announcement_codemix_01,"Gente, hoje tem show ao vivo e eu vou mostrar como é que eu faço pra gozar várias vezes seguidas… Quem aí tá afim de assistir? 😜🔥"
BR_SEX_002_0058,BR,pt-BR,Sexually_Explicit_Information,profile_bio,adult_profile_bio,implicit_but_trainable,short,coded,statement,abbreviation,pb_implicit_short_coded_statement_abbr_01,Vc procura algo + picante? Tm pra td aqui 😉🔞
BR_SEX_002_0059,BR,pt-BR,Sexually_Explicit_Information,paid_content_teaser,paid_private_content,explicit,long,casual,teaser,none,pct_explicit_long_casual_teaser_none_01,"Galera, acabei de subir um vídeo novo onde eu tô com dois caras… Um me chupando enquanto o outro me fode por trás. É forte, é intenso, e só quem assinar vai ver tudo sem cortes. Bora conferir? 😈🍆💦"
BR_SEX_002_0060,BR,pt-BR,Sexually_Explicit_Information,adult_content_promo,adult_content_promo,semi_explicit,short,direct,invitation,emoji,acp_semi_short_direct_invite_emoji_01,Vem pro meu privê e vê eu me tocando até gozar 😈👉🏼
BR_SEX_002_0061,BR,pt-BR,Sexually_Explicit_Information,profile_bio,adult_profile_bio,explicit,short,messy,list_like,punctuation_play,pb_explicit_short_messy_list_punct_01,M!!L!!F!! | C/ VONTADE DE TRANSAAAAR!!! | #PRIVADO
BR_SEX_002_0062,BR,pt-BR,Sexually_Explicit_Information,paid_content_teaser,paid_private_content,implicit_but_trainable,medium,coded,fragmented_chat,spacing,pct_implicit_medium_coded_fragmented_space_01,Se vc curte… aquilo… que a gente não fala em público… tenho novidades quentinhas esperando vc 😉
BR_SEX_002_0063,BR,pt-BR,Sexually_Explicit_Information,comment,lewd_joke,semi_explicit,short,humorous,statement,none,com_semi_short_humorous_statement_none_01,Seu pau é tão grande que parece que tá querendo furar meu útero kkkk
BR_SEX_002_0064,BR,pt-BR,Sexually_Explicit_Information,adult_content_promo,adult_content_promo,explicit,medium,direct,announcement,misspelling,acp_explicit_medium_direct_announcement_misspell_01,Hoje tem live nova!!! Vou mostrar tudinho como eu faço pra gozar com brinquedo… Vem ver!!! 😈💦
BR_SEX_002_0065,BR,pt-BR,Sexually_Explicit_Information,profile_bio,adult_profile_bio,semi_explicit,medium,playful,invitation,code_mix,pb_semi_medium_playful_invite_codemix_01,"E aí, gostoso? Tô afim de algo quente… Se tu tiver coragem, vem ver o que eu preparo pra ti 😘🔥 #SafadezaLiberada"
BR_SEX_002_0066,BR,pt-BR,Sexually_Explicit_Information,paid_content_teaser,paid_private_content,explicit,short,direct,teaser,none,pct_explicit_short_direct_teaser_none_01,Vídeo novo no privê: eu fodendo duro até gozar… Quer ver? 😏
BR_SEX_002_0067,BR,pt-BR,Sexually_Explicit_Information,adult_content_promo,adult_content_promo,implicit_but_trainable,long,teasing,announcement,none,acp_implicit_long_teasing_announcement_none_01,"Galera, quem acompanha meu conteúdo sabe que eu não tenho vergonha de mostrar o que realmente acontece quando a gente tá sozinho e com vontade… Hoje vou mostrar mais um lado meu que só os assinantes conhecem. Preparados? 😉"
BR_SEX_002_0068,BR,pt-BR,Sexually_Explicit_Information,profile_bio,adult_profile_bio,explicit,very_short,direct,statement,none,pb_explicit_very_short_direct_statement_none_01,Safada pra foder sem limites 🔞
BR_SEX_002_0069,BR,pt-BR,Sexually_Explicit_Information,paid_content_teaser,paid_private_content,semi_explicit,medium,casual,reply,emoji,pct_semi_medium_casual_reply_emoji_01,Tem vídeo novo lá… tô me masturbando com gelo 😈❄️💦 Quem aí curte algo diferente?
BR_SEX_002_0070,BR,pt-BR,Sexually_Explicit_Information,adult_content_promo,adult_roleplay,explicit,long,playful,invitation,none,acp_explicit_long_playful_invite_none_01,"E aí, meu gostoso… Tô aqui toda molhada, esperando alguém me comer bem gostoso. Se tu tiver coragem, vem pro meu privê e a gente faz um roleplay quente: eu sou sua escravinha e tu manda em tudo. Quer ver como eu gemo pra ti? 😈💦"
BR_SEX_002_0071,BR,pt-BR,Sexually_Explicit_Information,adult_content_promo,adult_content_promo,explicit,medium,direct,announcement,none,a1,"Galera, acabei de postar um vídeo novo mostrando tudo sem cortes! É só entrar no meu perfil <link> e conferir aquele oral gostoso que eu gravei hoje. Quem curte ver tudo de perto vai amar, sem blur, sem pudor."
BR_SEX_002_0072,BR,pt-BR,Sexually_Explicit_Information,profile_bio,adult_profile_bio,semi_explicit,short,teasing,teaser,emoji,b2,✨ Aqui só tem conteúdo picante pra quem gosta de sentir o fogo 🔥💦 Meus vídeos são só pra maiores e cheios de desejo. Vem ver o que eu preparo pra vc 😉
BR_SEX_002_0073,BR,pt-BR,Sexually_Explicit_Information,paid_content_teaser,paid_private_content,implicit_but_trainable,medium,commercial,announcement,none,c3,"Assinantes do meu pacote premium têm acesso a cenas exclusivas que nunca vão pro público. São momentos íntimos, posições variadas e muito mais do que você imagina. Entre no grupo privado e descubra o que só os mais curiosos veem."
BR_SEX_002_0074,BR,pt-BR,Sexually_Explicit_Information,comment,adult_private_chat,explicit,very_short,playful,reply,abbreviation,d4,"kkk gata, vc mandou bem dms na boca dele ontem, eu vi td 😂"
BR_SEX_002_0075,BR,pt-BR,Sexually_Explicit_Information,adult_content_promo,adult_content_promo,semi_explicit,medium,casual,statement,spacing,e5,"Fiz um vídeo novo só de brincadeiras com gelo… se vc curte uma temperatura diferente, cola no meu perfil <link> e se prepara pra sentir cada detalhe 😏"
BR_SEX_002_0076,BR,pt-BR,Sexually_Explicit_Information,profile_bio,adult_profile_bio,explicit,short,direct,teaser,none,f6,"Vídeos reais, sem edição, sem vergonha. Se você quer ver sexo de verdade, é aqui que acontece."
BR_SEX_002_0077,BR,pt-BR,Sexually_Explicit_Information,paid_content_teaser,paid_private_content,semi_explicit,long,commercial,list_like,none,g7,No meu grupo VIP você encontra: - Cenas exclusivas sem blur - Posições que você não vê por aí - Conversas picantes no privado - Encontros ao vivo pra quem quiser ir além - E muito mais pra deixar seu dia mais quente. Clica no link e vem conferir!
BR_SEX_002_0078,BR,pt-BR,Sexually_Explicit_Information,adult_content_promo,lewd_joke,implicit_but_trainable,short,humorous,statement,misspelling,h8,"Na cama eu sou tipo delivery: entrega rápida, quentinha e sem roupa kkkk"
BR_SEX_002_0079,BR,pt-BR,Sexually_Explicit_Information,profile_bio,adult_profile_bio,semi_explicit,medium,coded,teaser,punctuation_play,i9,"Aqui… não tem limites! 😈 Se você procura algo que vai além do comum, eu tenho exatamente o que você precisa. Vídeos, fotos e muito mais… só pra quem sabe onde procurar."
BR_SEX_002_0080,BR,pt-BR,Sexually_Explicit_Information,comment,adult_private_chat,explicit,short,messy,fragmented_chat,none,j10,cara… vc me deixou duro só de lembrar daquela noite 😩
BR_SEX_002_0081,BR,pt-BR,Sexually_Explicit_Information,adult_content_promo,adult_content_promo,explicit,medium,direct,announcement,code_mix,k11,"New video up! Hoje eu mostro como é transar sem pressa, cada detalhe, cada gemido… só no meu <platform> exclusivo. Vem ver!"
BR_SEX_002_0082,BR,pt-BR,Sexually_Explicit_Information,profile_bio,adult_roleplay,semi_explicit,short,playful,teaser,emoji,l12,"👩‍⚖️🔞 Advogada de dia, dominatrix à noite. Se você gosta de um pouco de controle, vem me conhecer 😈"
BR_SEX_002_0083,BR,pt-BR,Sexually_Explicit_Information,paid_content_teaser,paid_private_content,implicit_but_trainable,long,commercial,announcement,none,m13,"Meus assinantes têm acesso a um mundo de fantasias que vão além do básico. São vídeos que exploram todos os seus desejos, com cenas que você não encontra em lugar nenhum. Se você quer algo mais intenso, mais real, mais excitante, entre no meu grupo e descubra o que eu posso te oferecer."
BR_SEX_002_0084,BR,pt-BR,Sexually_Explicit_Information,adult_content_promo,suggestive_meme,semi_explicit,very_short,humorous,statement,emoji,n14,Quando ela fala ‘não’ mas o corpo diz ‘sim’ 😏🍑
BR_SEX_002_0085,BR,pt-BR,Sexually_Explicit_Information,profile_bio,adult_profile_bio,explicit,medium,direct,list_like,none,o15,"- Vídeos reais, sem edição - Posições que você não vê todo dia - Gemidos sem censura - Fantasias realizadas - Só pra maiores de idade"
BR_SEX_002_0086,BR,pt-BR,Sexually_Explicit_Information,comment,adult_private_chat,explicit,short,casual,reply,none,p16,"Poxa, essa foto sua me deixou com vontade de te comer todinha 😈"
BR_SEX_002_0087,BR,pt-BR,Sexually_Explicit_Information,paid_content_teaser,paid_private_content,semi_explicit,medium,teasing,invitation,punctuation_play,q17,Se você gosta de… *surpresas*… eu tenho um pacote que vai te deixar sem fôlego! 😏 Entre no meu grupo e descubra o que eu preparei pra você!
BR_SEX_002_0088,BR,pt-BR,Sexually_Explicit_Information,adult_content_promo,adult_content_promo,explicit,long,direct,announcement,none,r18,"Gravei um vídeo novo onde eu mostro cada detalhe do sexo oral. Sem cortes, sem blur, sem vergonha. É tudo real, tudo pra você ver como é gostoso chupar até o fim. Se você curte ver tudo de perto, entra no meu perfil e confere. Só pra maiores, claro."
BR_SEX_002_0089,BR,pt-BR,Sexually_Explicit_Information,profile_bio,adult_profile_bio,implicit_but_trainable,short,coded,teaser,abbreviation,s19,Só pra quem sabe o que quer e não tem medo de buscar 😉 #maioresde18
BR_SEX_002_0090,BR,pt-BR,Sexually_Explicit_Information,adult_content_promo,lewd_joke,semi_explicit,short,humorous,statement,misspelling,t20,Ontem a mina falou que tava cansada… depois de 3 rounds eu vi que era mentira kkkk
BR_SEX_002_0091,BR,pt-BR,Sexually_Explicit_Information,paid_content_teaser,paid_private_content,explicit,medium,commercial,announcement,none,u21,"Assinantes do meu pacote especial recebem vídeos exclusivos onde eu mostro tudo sem censura. São posições, brinquedos, fantasias e muito mais pra você se excitar. Entre agora e tenha acesso imediato!"
BR_SEX_002_0092,BR,pt-BR,Sexually_Explicit_Information,profile_bio,adult_profile_bio,semi_explicit,short,playful,teaser,emoji,v22,"🔥🍆 Se você gosta de conteúdo quente, aqui é o seu lugar. Vem se divertir comigo!"
BR_SEX_002_0093,BR,pt-BR,Sexually_Explicit_Information,comment,adult_private_chat,explicit,very_short,messy,fragmented_chat,none,w23,tô duro só de lembrar daquela noite… 😩💦
BR_SEX_002_0094,BR,pt-BR,Sexually_Explicit_Information,adult_content_promo,adult_content_promo,semi_explicit,medium,teasing,statement,spacing,x24,"Hoje eu tô me sentindo generosa… quem quiser ver um pouco mais do que eu costumo mostrar, entra no meu perfil <link> e aproveita 😉"
BR_SEX_002_0095,BR,pt-BR,Sexually_Explicit_Information,profile_bio,adult_profile_bio,implicit_but_trainable,medium,coded,teaser,none,y25,"Se você procura algo que vá além do básico, algo que te faça sentir cada detalhe, cada emoção, cada desejo… eu tenho exatamente o que você precisa. Vídeos, fotos e muito mais, só pra quem sabe onde procurar."
BR_SEX_002_0096,BR,pt-BR,Sexually_Explicit_Information,adult_content_promo,adult_content_promo,explicit,short,direct,statement,none,acp_explicit_short_direct_stmt_001,"Vídeos novos todo dia, cenas reais de sexo selvagem sem cortes. Só <link> pra quem gosta de ação forte e sem frescura."
BR_SEX_002_0097,BR,pt-BR,Sexually_Explicit_Information,profile_bio,adult_profile_bio,semi_explicit,medium,teasing,list_like,emoji,pb_semi_medium_teasing_list_emoji_001,"🔥Deusa aqui só pra quem curte 😈 | Fotos e vídeos picantes 📸 | Toques proibidos no PV 💋 | Sem limites, só pra maiores 🚀 | #ConteúdoQuente"
BR_SEX_002_0098,BR,pt-BR,Sexually_Explicit_Information,paid_content_teaser,paid_private_content,implicit_but_trainable,medium,coded,invitation,spacing,pct_implicit_medium_coded_invite_spacing_001,Tô lançando um p a c o t e   e x c l u s i v o pra quem quer explorar sem tabus. Acesso a momentos íntimos que você não encontra em qualquer lugar. Interessou? Me chama pra conversar.
BR_SEX_002_0099,BR,pt-BR,Sexually_Explicit_Information,comment,adult_private_chat,explicit,very_short,playful,reply,emoji,comm_explicit_vshort_playful_reply_emoji_001,kkk ainda tô molhada só de lembrar 😏💦
BR_SEX_002_0100,BR,pt-BR,Sexually_Explicit_Information,adult_content_promo,adult_content_promo,semi_explicit,short,humorous,question,misspelling,acp_semi_short_humorous_question_misspell_001,Quem ai gosta de ver um casal se esfregando até gozar? Temos novidades picantes pra vc 😜
BR_SEX_002_0101,BR,pt-BR,Sexually_Explicit_Information,profile_bio,adult_profile_bio,explicit,long,commercial,announcement,none,pb_explicit_long_commercial_announce_001,"Aqui você encontra conteúdo exclusivo de fetiche, BDSM leve, e cenas de sexo oral/gravado sem censura. Sou profissional, discreta, e produzo material de alta qualidade para assinantes que buscam algo além do básico. Se você quer ver mais do que apenas nudez, entra no meu perfil e confere o que tenho pra oferecer."
BR_SEX_002_0102,BR,pt-BR,Sexually_Explicit_Information,paid_content_teaser,paid_private_content,semi_explicit,medium,teasing,teaser,code_mix,pct_semi_medium_teasing_teaser_codemix_001,"New pack just dropped! 🔥 Oral com final feliz + algumas surpresinhas que só quem é assinante vai entender. Se você curte um oral bem dado, vem conferir <link>"
BR_SEX_002_0103,BR,pt-BR,Sexually_Explicit_Information,comment,adult_private_chat,implicit_but_trainable,short,casual,statement,punctuation_play,comm_implicit_short_casual_stmt_punct_001,Já tava morrendo de saudade daquele jeito que vc me toca...!!!
BR_SEX_002_0104,BR,pt-BR,Sexually_Explicit_Information,adult_content_promo,adult_content_promo,explicit,medium,messy,fragmented_chat,abbreviation,acp_explicit_medium_messy_frag_abbrev_001,"gnt transando pesado hj, cena forte msm, quem curte penetração intensa vai amar... tipo o q vc gosta? anal? oral? ou tudo junto? xD"
BR_SEX_002_0105,BR,pt-BR,Sexually_Explicit_Information,profile_bio,adult_profile_bio,semi_explicit,short,coded,list_like,none,pb_semi_short_coded_list_001,Desinibida | Fotos sensuais | Vídeos íntimos | Conteúdo exclusivo para maiores.
BR_SEX_002_0106,BR,pt-BR,Sexually_Explicit_Information,paid_content_teaser,paid_private_content,explicit,medium,direct,statement,emoji,pct_explicit_medium_direct_stmt_emoji_001,"Último vídeo liberado: gozada completa na boca 😋💦 Se você curte ver homem gozando e mulher engolindo tudo, esse conteúdo é pra você. Assina e confere."
BR_SEX_002_0107,BR,pt-BR,Sexually_Explicit_Information,comment,lewd_joke,semi_explicit,very_short,humorous,statement,misspelling,comm_semi_vshort_humorous_stmt_misspell_001,ela chupa até a alma kkkk
BR_SEX_002_0108,BR,pt-BR,Sexually_Explicit_Information,adult_content_promo,adult_content_promo,implicit_but_trainable,long,playful,invitation,none,acp_implicit_long_playful_invite_001,"Se você acha que já viu de tudo, espera só até conhecer meu novo pacote. Tenho coisas que nem imaginava que podiam ser tão excitantes. É pra quem gosta de explorar novos limites e se divertir sem vergonha. Bora descobrir juntos?"
BR_SEX_002_0109,BR,pt-BR,Sexually_Explicit_Information,profile_bio,adult_profile_bio,explicit,medium,direct,announcement,none,pb_explicit_medium_direct_announce_001,"Produtora de conteúdo adulto. Vídeos de sexo explícito, anal, oral, e fetiches variados. Conteúdo 100% consensual, sem edição, e exclusivo para maiores de 18 anos."
BR_SEX_002_0110,BR,pt-BR,Sexually_Explicit_Information,paid_content_teaser,paid_private_content,semi_explicit,short,teasing,teaser,emoji,pct_semi_short_teasing_teaser_emoji_001,Pacote especial liberado 😈✨ Quem aí tá afim de algo mais picante hoje?
BR_SEX_002_0111,BR,pt-BR,Sexually_Explicit_Information,comment,adult_private_chat,explicit,short,casual,reply,none,comm_explicit_short_casual_reply_001,"Tô louca pra te chupar de novo, não aguento mais esperar."
BR_SEX_002_0112,BR,pt-BR,Sexually_Explicit_Information,adult_content_promo,adult_content_promo,semi_explicit,medium,humorous,fragmented_chat,punctuation_play,acp_semi_medium_humorous_frag_punct_001,"Gente... o vídeo de hj foi INSANO!!! Tipo, eu gozei três vezes seguidas... sabe como é né??? Quem curte um sexo selvagem vai amar!!!"
BR_SEX_002_0113,BR,pt-BR,Sexually_Explicit_Information,profile_bio,adult_profile_bio,implicit_but_trainable,short,coded,statement,spacing,pb_implicit_short_coded_stmt_spacing_001,C o n t e ú d o   p a r a   m a i o r e s . S e n s u a l i d a d e   s e m   l i m i t e s .
BR_SEX_002_0114,BR,pt-BR,Sexually_Explicit_Information,paid_content_teaser,paid_private_content,explicit,medium,direct,announcement,none,pct_explicit_medium_direct_announce_001,"Novo conteúdo disponível: sexo anal sem preservativo, com penetração profunda e gozada interna. Conteúdo explícito para assinantes. Só entra quem é maior e gosta do perigo."
BR_SEX_002_0115,BR,pt-BR,Sexually_Explicit_Information,comment,adult_hookup,semi_explicit,short,playful,question,emoji,comm_semi_short_playful_question_emoji_001,Tá afim de um boquete hoje ou prefere outra coisa? 😏👅
BR_SEX_002_0116,BR,pt-BR,Sexually_Explicit_Information,adult_content_promo,adult_content_promo,semi_explicit,long,teasing,statement,none,acp_semi_long_teasing_stmt_001,"Tem dias que a gente só quer se soltar e explorar o que realmente excita. Se você é assim, meu conteúdo é pra você. Tenho vídeos de masturbação intensa, sexo a dois com muita química, e até algumas brincadeiras que você nem imaginava. Tudo feito com muita paixão e sem vergonha."
BR_SEX_002_0117,BR,pt-BR,Sexually_Explicit_Information,profile_bio,adult_profile_bio,explicit,medium,messy,fragmented_chat,abbreviation,pb_explicit_medium_messy_frag_abbrev_001,fotos picantes ✅ vídeos íntimos ✅ sexo explícito ✅ sem censura ✅ só p/ +18 ✅ entra no meu priv que a gente se diverte
BR_SEX_002_0118,BR,pt-BR,Sexually_Explicit_Information,paid_content_teaser,paid_private_content,implicit_but_trainable,medium,playful,invitation,code_mix,pct_implicit_medium_playful_invite_codemix_001,"Hey love, tô com um novo pack que vai te deixar com vontade de mais... Se quiser descobrir, só me chamar 😉❤️"
BR_SEX_002_0119,BR,pt-BR,Sexually_Explicit_Information,comment,adult_private_chat,explicit,very_short,direct,statement,none,comm_explicit_vshort_direct_stmt_001,"Vou gozar na sua boca hoje, não aceito não."
BR_SEX_002_0120,BR,pt-BR,Sexually_Explicit_Information,adult_content_promo,adult_content_promo,semi_explicit,medium,casual,statement,none,acp_semi_medium_casual_stmt_001,"Hoje o vídeo é de sexo oral pra quem gosta de ver mulher engolindo tudo. É forte, sem cortes, e 100% real. Quem curte esse tipo de conteúdo vai amar."
BR_SEX_002_0121,BR,pt-BR,Sexually_Explicit_Information,adult_content_promo,adult_content_promo,explicit,medium,direct,announcement,none,promo_direct_medium_explicit_001,"Só hoje, vídeos novos sem censura! Mostro tudo que vocês pedem: oral, anal, duplo e muito mais. Cenas quentes, sem cortes, só pra quem curte conteúdo forte. <link> pra conferir. #NSFW #ConteúdoAdulto"
BR_SEX_002_0122,BR,pt-BR,Sexually_Explicit_Information,profile_bio,adult_profile_bio,semi_explicit,short,teasing,teaser,emoji,bio_teasing_short_semi_001,Aqui a diversão é sem limites 😈🔥 Vídeos exclusivos de mim te esperando pra te deixar louco… vem descobrir o que eu escondo por trás das fotos 😘 #Fetiche #Privado
BR_SEX_002_0123,BR,pt-BR,Sexually_Explicit_Information,paid_content_teaser,paid_private_content,implicit_but_trainable,medium,playful,invitation,code_mix,teaser_playful_medium_implicit_001,"Oi, gata! Tô preparando uma surpresa pra quem curte um clima mais intenso… se vc gosta de brincadeiras picantes, manda DM e te conto os detalhes. Só pro seleto grupo que sabe o que quer 😏 #OnlyFansBR #VIP"
BR_SEX_002_0124,BR,pt-BR,Sexually_Explicit_Information,comment,adult_hookup,semi_explicit,very_short,messy,fragmented_chat,abbreviation,comment_messy_very_short_semi_001,tô mt afim de um boquete agora… alguém topa? 👅💦
BR_SEX_002_0125,BR,pt-BR,Sexually_Explicit_Information,adult_content_promo,adult_content_promo,explicit,long,commercial,list_like,punctuation_play,promo_commercial_long_explicit_001,"Novidades quentes pra você!!!! Vídeos novos toda semana:... praia, fetiche, BDSM light, sexo a três, squirting… tudo aquilo que você curte mas não vê em todo lugar. Conteúdo exclusivo, sem censura, só pra maiores de 18. Se tá procurando algo diferente, é aqui. <platform>!"
BR_SEX_002_0126,BR,pt-BR,Sexually_Explicit_Information,adult_content_promo,adult_content_promo,explicit,medium,direct,announcement,none,BR_SEX_002_0046_p1,"Olha só o que eu preparei pra quem curte momentos quentes sem frescura! Vídeos novos toda semana com cenas picantes, posições ousadas e tudo que vocês pedem. Só pra maiores, claro. Quer conferir? Me manda mensagem com ""quero ver"" e te passo o link exclusivo. 😉🔥"
BR_SEX_002_0127,BR,pt-BR,Sexually_Explicit_Information,profile_bio,adult_profile_bio,semi_explicit,short,teasing,statement,emoji,BR_SEX_002_0047_p2,"Aqui a diversão é sem limites 😈💦 Só maiores, só desejo liberado. Dá uma olhada nos destaques 👀"
BR_SEX_002_0128,BR,pt-BR,Sexually_Explicit_Information,paid_content_teaser,paid_private_content,explicit,short,commercial,teaser,none,BR_SEX_002_0048_p3,Pacote especial: 3 vídeos inéditos + áudio sensual + fotos sem censura. Tudo por R$25. Só hoje!
BR_SEX_002_0129,BR,pt-BR,Sexually_Explicit_Information,comment,adult_private_chat,semi_explicit,very_short,playful,reply,abbreviation,BR_SEX_002_0049_p4,qnd vc vem me mostrar isso ao vivo? 😏
BR_SEX_002_0130,BR,pt-BR,Sexually_Explicit_Information,adult_content_promo,adult_video_chat,implicit_but_trainable,medium,casual,invitation,spacing,BR_SEX_002_0050_p5,tô online agora só esperando vc entrar pra gente se divertir sem ninguém encher o saco... vem cá
BR_SEX_002_0131,BR,pt-BR,Sexually_Explicit_Information,profile_bio,adult_profile_bio,explicit,medium,direct,list_like,none,BR_SEX_002_0051_p6,Aqui você encontra: - vídeos sem cortes - posições que você nunca viu - gemidos de verdade - nada de fingimento - só pra quem curte sem vergonha
BR_SEX_002_0132,BR,pt-BR,Sexually_Explicit_Information,paid_content_teaser,paid_private_content,semi_explicit,short,teasing,teaser,emoji,BR_SEX_002_0052_p7,Te espero do outro lado 😘🔞 Só quem é maior e gosta de adrenalina
BR_SEX_002_0133,BR,pt-BR,Sexually_Explicit_Information,comment,lewd_joke,explicit,short,humorous,statement,none,BR_SEX_002_0053_p8,"Se o pau do <user> fosse de ouro, a gente tava rico fazendo strip mining 😂"
BR_SEX_002_0134,BR,pt-BR,Sexually_Explicit_Information,adult_content_promo,adult_content_promo,semi_explicit,long,casual,announcement,misspelling,BR_SEX_002_0054_p9,"Galera, tô produzindo umas coisas bem loucas pra quem curte ver mulher mandando ver sem nenhuma frescura. Tô gravando hoje à noite com uma mina que sabe o que faz, e vai ter de tudo: boca, peito, bunda, e o que mais vocês pedirem. Quem quiser garantir o acesso aos vídeos antes de todo mundo, me chama no <platform> e eu te explico como funciona."
BR_SEX_002_0135,BR,pt-BR,Sexually_Explicit_Information,profile_bio,adult_profile_bio,implicit_but_trainable,short,coded,statement,none,BR_SEX_002_0055_p10,"Sou maior de idade e maior de tudo. Quem entende, entende."
BR_SEX_002_0136,BR,pt-BR,Sexually_Explicit_Information,paid_content_teaser,paid_private_content,explicit,medium,commercial,announcement,punctuation_play,BR_SEX_002_0056_p11,"HOJE!!!!!!!!! vídeo novooooo... cena quente... gemidos altos... e vc pode assistir tudo isso AGORA!!! só mandar msg com ""quero meu acesso"" e te passo o link"
BR_SEX_002_0137,BR,pt-BR,Sexually_Explicit_Information,adult_content_promo,adult_hookup,semi_explicit,medium,playful,invitation,emoji,BR_SEX_002_0057_p12,"Alguém aí quer ser meu parceiro de crimes sexuais essa noite? 😈💋 Tô afim de algo sem compromisso, só prazer e diversão"
BR_SEX_002_0138,BR,pt-BR,Sexually_Explicit_Information,profile_bio,adult_profile_bio,explicit,short,direct,statement,code_mix,BR_SEX_002_0058_p13,"Aqui é zona de sexo, baby. Nothing less."
BR_SEX_002_0139,BR,pt-BR,Sexually_Explicit_Information,comment,adult_private_chat,semi_explicit,medium,messy,fragmented_chat,spacing,BR_SEX_002_0059_p14,vc me falou q ia mostrar como faz... cadê??? to esperando... manda logo qnd vc quiser q eu tô pronta pra te ver
BR_SEX_002_0140,BR,pt-BR,Sexually_Explicit_Information,paid_content_teaser,paid_private_content,implicit_but_trainable,short,teasing,question,none,BR_SEX_002_0060_p15,Será que você aguenta o que eu preparo pra assinantes?
BR_SEX_002_0141,BR,pt-BR,Sexually_Explicit_Information,adult_content_promo,adult_roleplay,explicit,long,playful,announcement,none,BR_SEX_002_0061_p16,"Opa, pessoal! Tô lançando uma série nova de vídeos de roleplay pra quem curte fantasia. Tem desde a clássica professora aluna até situações mais ousadas como chefe e secretária ou personal trainer e cliente. Tudo muito bem produzido, com figurino e ambientação caprichada. Se você gosta de ver transas quentes com contexto e imaginação, esse conteúdo é pra você. Me chama no <platform> que eu te conto como acessar."
BR_SEX_002_0142,BR,pt-BR,Sexually_Explicit_Information,profile_bio,adult_profile_bio,semi_explicit,medium,coded,list_like,none,BR_SEX_002_0062_p17,- Só maiores de 18 - Só quem curte ver mulher no comando - Vídeos sem censura - Conteúdo feito pra deixar qualquer um excitado - Me chama se você for corajoso
BR_SEX_002_0143,BR,pt-BR,Sexually_Explicit_Information,paid_content_teaser,paid_private_content,explicit,medium,commercial,teaser,emoji,BR_SEX_002_0063_p18,Assinantes do mês ganham: 🎁 vídeo inédito 🎁 áudio sensual 🎁 fotos exclusivas 🎁 surpresas picantes 🔞 Só R$30/mês
BR_SEX_002_0144,BR,pt-BR,Sexually_Explicit_Information,comment,lewd_joke,semi_explicit,short,humorous,statement,abbreviation,BR_SEX_002_0064_p19,se sexo fosse esporte o <user> tava nas olimpiadas e levando ouro kkkk
BR_SEX_002_0145,BR,pt-BR,Sexually_Explicit_Information,adult_content_promo,coded_adult_invitation,implicit_but_trainable,medium,casual,invitation,none,BR_SEX_002_0065_p20,"E aí, alguém aí tá afim de algo diferente hoje? Tenho uma proposta interessante pra quem gosta de adrenalina e sabe manter segredo. Se você é maior e tá solteiro, me chama no privado que a gente combina."
BR_SEX_002_0146,BR,pt-BR,Sexually_Explicit_Information,profile_bio,adult_profile_bio,explicit,medium,direct,statement,none,BR_SEX_002_0066_p21,"Sou maior de idade, maior de curtir sexo sem frescura e maior de mostrar como faço isso. Vídeos reais, nada de fingimento. Se você curte ver mulher mandando ver, aqui é o lugar certo."
BR_SEX_002_0147,BR,pt-BR,Sexually_Explicit_Information,paid_content_teaser,paid_private_content,semi_explicit,medium,teasing,announcement,emoji,BR_SEX_002_0067_p22,Prepare-se... algo novo tá chegando pra deixar seu dia mais quente 😏🔥 Só pra quem tá preparado
BR_SEX_002_0148,BR,pt-BR,Sexually_Explicit_Information,adult_content_promo,adult_video_chat,explicit,short,direct,invitation,none,BR_SEX_002_0068_p23,Tô ao vivo agora pra quem quiser me ver sem roupa e fazer pedidos. Entra no <platform> e vamos nos divertir.
BR_SEX_002_0149,BR,pt-BR,Sexually_Explicit_Information,profile_bio,adult_profile_bio,semi_explicit,short,playful,statement,punctuation_play,BR_SEX_002_0069_p24,Aqui a diversão é sem limites...!!! Só pra maiores...!!!
BR_SEX_002_0150,BR,pt-BR,Sexually_Explicit_Information,comment,adult_private_chat,explicit,medium,messy,fragmented_chat,spacing,BR_SEX_002_0070_p25,vc disse q ia me mostrar o pau... cadê??? tô aqui esperando... bora logo q eu quero ver de perto como é
BR_SEX_002_0151,BR,pt-BR,Sexually_Explicit_Information,adult_content_promo,adult_content_promo,explicit,medium,direct,teaser,none,acp_explicit_med_direct_teaser_none_001,"Se você curte vídeos sem censura, aqui é o lugar certo. Mostro tudo, de brinquedos a posições que você nem imaginava. Só aqui, conteúdo 100% real e quente, sem cortes bobos. <link>"
BR_SEX_002_0152,BR,pt-BR,Sexually_Explicit_Information,profile_bio,adult_profile_bio,semi_explicit,short,playful,statement,emoji,pb_semi_short_playful_statement_emoji_001,Deusa do prazer 🔥💋🍑 só aqui! Vídeos picantes e fotos que vão fazer você perder o sono. Vem explorar comigo 😉
BR_SEX_002_0153,BR,pt-BR,Sexually_Explicit_Information,paid_content_teaser,paid_private_content,implicit_but_trainable,long,teasing,announcement,spacing,pct_implicit_long_teasing_announcement_spacing_001,"Sabe aquele momento em que só falta... um detalhe pra deixar tudo perfeito? No meu pacote VIP, eu mostro exatamente como fazer isso. Cada vídeo é pensado pra te levar ao limite, sem pressa, só prazer. Quem curte qualidade, sabe onde me encontrar."
BR_SEX_002_0154,BR,pt-BR,Sexually_Explicit_Information,comment,lewd_joke,explicit,very_short,humorous,statement,misspelling,c_explicit_vshort_humorous_statement_misspell_001,"Gnt, hoje eu tava tão afim q até o travesseiro ganhou um novo significado kkkkk"
BR_SEX_002_0155,BR,pt-BR,Sexually_Explicit_Information,adult_content_promo,adult_video_chat,semi_explicit,medium,commercial,invitation,code_mix,acp_semi_med_commercial_invitation_codemix_001,"Live exclusiva hoje às 22h! Vou mostrar o que só assinantes veem: brinquedos em ação, posições que fazem você gemer alto e muito mais. Only 50 vagas, garanta a sua!"
BR_SEX_002_0156,BR,pt-BR,Sexually_Explicit_Information,profile_bio,adult_profile_bio,implicit_but_trainable,short,coded,statement,abbreviation,pb_implicit_short_coded_statement_abbr_001,"Aqui é 18+ only. Quem procura diversão adulta e sem tabus, tá no lugar certo. PM pra mais."
BR_SEX_002_0157,BR,pt-BR,Sexually_Explicit_Information,paid_content_teaser,paid_private_content,explicit,short,direct,teaser,none,pct_explicit_short_direct_teaser_none_001,"Novos vídeos no pacote privado: eu, você e aquele vibrador gigante. Só quem assina vê."
BR_SEX_002_0158,BR,pt-BR,Sexually_Explicit_Information,adult_content_promo,adult_content_promo,semi_explicit,medium,playful,list_like,emoji,acp_semi_med_playful_listlike_emoji_001,"No meu perfil tem 👅💦🍆🍑🔥! Vídeos novos toda semana, sempre com aquele tempero que você adora. Vem conferir!"
BR_SEX_002_0159,BR,pt-BR,Sexually_Explicit_Information,comment,suggestive_meme,implicit_but_trainable,short,humorous,fragmented_chat,punctuation_play,c_implicit_short_humorous_fragmented_punctuation_001,pqp... tá quente aqui ou sou só eu?!!!
BR_SEX_002_0160,BR,pt-BR,Sexually_Explicit_Information,profile_bio,adult_profile_bio,explicit,medium,casual,statement,none,pb_explicit_med_casual_statement_none_001,"Adoro uma pegada forte e sem frescura. Se você curte sexo oral até gozar, chupões e posições que deixam a cama bagunçada, me chama."
BR_SEX_002_0161,BR,pt-BR,Sexually_Explicit_Information,paid_content_teaser,paid_private_content,semi_explicit,medium,teasing,teaser,emoji,pct_semi_med_teasing_teaser_emoji_001,"Quer saber como é um orgasmo de verdade? No meu pacote privado, eu ensino 😈🍓💦. Cada vídeo é feito pra te deixar louco."
BR_SEX_002_0162,BR,pt-BR,Sexually_Explicit_Information,adult_content_promo,adult_hookup,explicit,short,direct,invitation,none,acp_explicit_short_direct_invitation_none_001,Procurando alguém pra uma noite intensa? Eu tô afim de sexo duro e sem compromisso.
BR_SEX_002_0163,BR,pt-BR,Sexually_Explicit_Information,profile_bio,adult_profile_bio,semi_explicit,long,playful,announcement,code_mix,pb_semi_long_playful_announcement_codemix_001,"Sou aquela mulher que não tem vergonha de dizer o que quer na cama. Se você curte uma pegada mais selvagem, ou até mesmo algo mais suave mas igualmente intenso, aqui é o seu lugar. Vídeos, fotos e muito mais pra te deixar excitado."
BR_SEX_002_0164,BR,pt-BR,Sexually_Explicit_Information,paid_content_teaser,paid_private_content,implicit_but_trainable,medium,coded,statement,spacing,pct_implicit_med_coded_statement_spacing_001,"Sabe quando você precisa de algo... mais intenso? No meu perfil exclusivo, eu mostro como fazer isso valer a pena. Cada detalhe pensado pra te surpreender."
BR_SEX_002_0165,BR,pt-BR,Sexually_Explicit_Information,adult_content_promo,adult_roleplay,explicit,medium,playful,announcement,emoji,acp_explicit_med_playful_announcement_emoji_001,"Hoje eu tô no clima chefe/secretária 👔💋! Quem quiser entrar nessa brincadeira e ver como termina, é só chamar. Vídeos novos toda semana!"
BR_SEX_002_0166,BR,pt-BR,Sexually_Explicit_Information,comment,lewd_joke,semi_explicit,short,messy,fragmented_chat,punctuation_play,c_semi_short_messy_fragmented_punctuation_001,cara... minha mão não aguenta mais!!! kkkk
BR_SEX_002_0167,BR,pt-BR,Sexually_Explicit_Information,profile_bio,adult_profile_bio,explicit,short,direct,statement,none,pb_explicit_short_direct_statement_none_001,"Viciada em sexo anal e boquetes. Se você curte, me chama pra um papo quente."
BR_SEX_002_0168,BR,pt-BR,Sexually_Explicit_Information,paid_content_teaser,paid_private_content,semi_explicit,long,commercial,announcement,none,pct_semi_long_commercial_announcement_none_001,"Meu pacote VIP é pra quem quer mais do que só vídeos. Aqui tem fotos exclusivas, áudios que te deixam louco e até chamadas ao vivo. Tudo pensado pra te dar prazer do jeito que você merece. Assine e descubra o que você estava perdendo."
BR_SEX_002_0169,BR,pt-BR,Sexually_Explicit_Information,adult_content_promo,adult_content_promo,implicit_but_trainable,medium,teasing,question,emoji,acp_implicit_med_teasing_question_emoji_001,"Já imaginou como seria passar uma noite comigo? 😏🍆💦 No meu perfil, eu mostro cada detalhe..."
BR_SEX_002_0170,BR,pt-BR,Sexually_Explicit_Information,profile_bio,adult_profile_bio,semi_explicit,medium,casual,statement,misspelling,pb_semi_med_casual_statement_misspell_001,"Sou daquelas q curte um sexo sem frescura, sem neuras. Se vc é igual, bora trocar umas idéias quentes e ver noq dá."
BR_SEX_002_0171,BR,pt-BR,Sexually_Explicit_Information,paid_content_teaser,paid_private_content,explicit,short,playful,teaser,emoji,pct_explicit_short_playful_teaser_emoji_001,"Novo vídeo no privado: eu, você e aquele vibe gostoso 😈💦🔥. Só assinantes veem."
BR_SEX_002_0172,BR,pt-BR,Sexually_Explicit_Information,adult_content_promo,adult_hookup,semi_explicit,medium,direct,invitation,none,acp_semi_med_direct_invitation_none_001,"Tô procurando alguém pra uma noite de sexo intenso e sem compromisso. Se você curte uma pegada forte e sabe o que quer, me chama."
BR_SEX_002_0173,BR,pt-BR,Sexually_Explicit_Information,comment,suggestive_meme,implicit_but_trainable,very_short,humorous,statement,code_mix,c_implicit_vshort_humorous_statement_codemix_001,Meu body tá pedindo um 'netflix and chill' pra valer hoje...
BR_SEX_002_0174,BR,pt-BR,Sexually_Explicit_Information,profile_bio,adult_profile_bio,explicit,long,playful,list_like,emoji,pb_explicit_long_playful_listlike_emoji_001,"Aqui você encontra 🍑💦👅🍆🔥! Vídeos de sexo oral, anal e muito mais. Sou daquele tipo que não tem medo de mostrar tudo e fazer você gozar só de assistir. Vem conferir!"
BR_SEX_002_0175,BR,pt-BR,Sexually_Explicit_Information,paid_content_teaser,paid_private_content,semi_explicit,medium,teasing,statement,spacing,pct_semi_med_teasing_statement_spacing_001,"Aquele momento em que só falta um detalhe pra tornar tudo perfeito... No meu pacote VIP, eu mostro exatamente como fazer isso. Prazer garantido."
BR_SEX_002_0176,BR,pt-BR,Sexually_Explicit_Information,adult_content_promo,adult_content_promo,explicit,medium,direct,announcement,none,a1,"Aqui só conteúdo quente pra deixar vc louco! Vídeos novos toda semana mostrando tudo o que vc sempre quis ver, sem cortes, sem censura. De lingerie molhada a brinquedos pra usar junto. Se tá afim de algo picante, é só chamar. #ConteudoExplícito #PraMaiores"
BR_SEX_002_0177,BR,pt-BR,Sexually_Explicit_Information,profile_bio,adult_profile_bio,semi_explicit,short,playful,teaser,emoji,a2,"🔥💋 Só pra quem curte um clima quente... Se vc tá procurando algo além do básico, aqui é o lugar certo. 😉🍑"
BR_SEX_002_0178,BR,pt-BR,Sexually_Explicit_Information,paid_content_teaser,paid_private_content,explicit,medium,commercial,announcement,none,a3,"Pacote exclusivo com vídeos privados onde eu mostro TUDO. Sem limites, sem vergonha. Só pra quem quer mais do que os outros oferecem. DM pra saber como acessar. #ConteudoPrivado #PraMaioresDe18"
BR_SEX_002_0179,BR,pt-BR,Sexually_Explicit_Information,comment,adult_private_chat,semi_explicit,very_short,playful,invitation,abbreviation,a4,Vc já viu o q eu faço quando tô sozinha? 😏👉👈
BR_SEX_002_0180,BR,pt-BR,Sexually_Explicit_Information,adult_content_promo,adult_video_chat,implicit_but_trainable,medium,teasing,invitation,spacing,a5,Q u e m   q u e r   p a r t i c i p a r   d e   u m   b a t e   p a p o   m u i t o   i n t e r e s s a n t e   c o m i g o   h o j e   à   n o i t e ?   P r o m e t o   q u e   n ã o   v a i   s e r   c h a t o .   😈
BR_SEX_002_0181,BR,pt-BR,Sexually_Explicit_Information,profile_bio,adult_profile_bio,explicit,short,direct,statement,none,a6,"Aqui é onde eu mostro o que os outros só prometem. Vídeos sem censura, fetiches e fantasias pra deixar vc com água na boca."
BR_SEX_002_0182,BR,pt-BR,Sexually_Explicit_Information,paid_content_teaser,paid_private_content,semi_explicit,medium,commercial,list_like,none,a7,No meu acervo privado vc encontra: - Vídeos de calcinha molhada - Brincadeiras com gelo e óleo - Fantasias pra todos os gostos - Gravações ao vivo só pra vc
BR_SEX_002_0183,BR,pt-BR,Sexually_Explicit_Information,adult_content_promo,adult_hookup,implicit_but_trainable,short,coded,invitation,code_mix,a8,Alguém aqui topa um after party *muito* particular? Só entra quem tá afim de algo além da conversa. 😉
BR_SEX_002_0184,BR,pt-BR,Sexually_Explicit_Information,comment,lewd_joke,explicit,medium,humorous,statement,punctuation_play,a9,"Sabe qual é a diferença entre mim e um chuveiro? É que o chuveiro molha todo mundo... já eu, só molho quem eu quero. 😏💦"
BR_SEX_002_0185,BR,pt-BR,Sexually_Explicit_Information,profile_bio,adult_profile_bio,semi_explicit,long,teasing,statement,none,a10,"Se vc curte uma pegada mais intensa, chegou no lugar certo. Eu gravo vídeos pra quem gosta de sentir o fogo de perto, sem rodeios. De lingerie a acessórios, tudo pra deixar a imaginação voar. Só chamo quem tá preparado pra isso. 🔥"
BR_SEX_002_0186,BR,pt-BR,Sexually_Explicit_Information,paid_content_teaser,paid_private_content,explicit,short,direct,teaser,none,a11,"Vídeos privados onde eu faço tudo o que vc sempre quis ver. Sem regras, sem limites. Só pra quem tá afim de algo forte."
BR_SEX_002_0187,BR,pt-BR,Sexually_Explicit_Information,adult_content_promo,suggestive_meme,implicit_but_trainable,very_short,playful,fragmented_chat,emoji,a12,👀🍆💦 Quem tá pronto?
BR_SEX_002_0188,BR,pt-BR,Sexually_Explicit_Information,profile_bio,adult_profile_bio,semi_explicit,medium,casual,statement,none,a13,"Oi, gente! Aqui é pra quem curte um clima mais quente. Eu posto vídeos e fotos pra quem gosta de ver algo além do básico. Se vc tá afim de algo picante, é só chamar. 😉"
BR_SEX_002_0189,BR,pt-BR,Sexually_Explicit_Information,paid_content_teaser,paid_private_content,explicit,long,commercial,announcement,none,a14,"Meu pacote exclusivo inclui vídeos inéditos toda semana, onde eu exploro fantasias que vc nem imaginava. De brinquedos a roupas provocantes, tudo sem censura. Só pra maiores de 18 e quem tá disposto a pagar pelo melhor. DM pra saber como acessar e entrar nesse mundo."
BR_SEX_002_0190,BR,pt-BR,Sexually_Explicit_Information,adult_content_promo,adult_roleplay,semi_explicit,medium,playful,invitation,misspelling,a15,Tô afim d brincar d dominatrix hoj... vc qr s meu submisso? Só entra qm tá disposto a obedecer td. 😈🔗
BR_SEX_002_0191,BR,pt-BR,Sexually_Explicit_Information,comment,adult_private_chat,explicit,short,direct,reply,none,a16,"Se vc quer ver eu me tocando, é só pedir. Tô afim de mostrar tudinho pra quem merece."
BR_SEX_002_0192,BR,pt-BR,Sexually_Explicit_Information,profile_bio,adult_profile_bio,implicit_but_trainable,medium,teasing,statement,none,a17,"Nem todo mundo tá preparado pro que eu ofereço. Aqui é pra quem curte sensações fortes e não tem medo de explorar seus desejos mais secretos. Se vc acha que aguenta, vem comigo."
BR_SEX_002_0193,BR,pt-BR,Sexually_Explicit_Information,paid_content_teaser,paid_private_content,semi_explicit,medium,commercial,list_like,emoji,a18,✨ Conteúdo exclusivo pra vc: - Vídeos de calcinha transparente - Brincadeiras com óleo quente - Fantasias pra noite toda - Gravações ao vivo só pra assinantes
BR_SEX_002_0194,BR,pt-BR,Sexually_Explicit_Information,adult_content_promo,adult_content_promo,explicit,short,direct,statement,none,a19,"Vídeos novos toda semana mostrando tudo o que vc sempre quis ver. Sem cortes, sem vergonha. Só pra quem curte algo forte."
BR_SEX_002_0195,BR,pt-BR,Sexually_Explicit_Information,comment,adult_hookup,semi_explicit,short,playful,invitation,none,a20,"E aí, topa um encontro *bem* íntimo? Prometo que não vai se arrepender. 😏"
BR_SEX_002_0196,BR,pt-BR,Sexually_Explicit_Information,profile_bio,adult_profile_bio,explicit,medium,casual,statement,none,a21,"Se vc tá procurando algo além do básico, aqui é o lugar. Eu posto vídeos e fotos pra quem gosta de ver algo picante e sem censura. Só pra maiores de 18, obviamente."
BR_SEX_002_0197,BR,pt-BR,Sexually_Explicit_Information,paid_content_teaser,paid_private_content,implicit_but_trainable,long,coded,statement,none,a22,"Eu ofereço uma experiência única pra quem tá disposto a investir em algo mais profundo. Não é pra todo mundo, só pra quem entende o valor de momentos íntimos e sem limites. Se vc quer saber mais, me chama pra conversar sobre como podemos explorar isso juntos."
BR_SEX_002_0198,BR,pt-BR,Sexually_Explicit_Information,adult_content_promo,adult_video_chat,semi_explicit,medium,teasing,invitation,none,a23,"Hoje à noite vou estar ao vivo no <platform>, só pra quem tá afim de algo mais intenso. Vai ter interação, surpresas e muito mais. Quem topa?"
BR_SEX_002_0199,BR,pt-BR,Sexually_Explicit_Information,profile_bio,adult_profile_bio,explicit,short,direct,teaser,none,a24,"Aqui vc encontra vídeos sem censura, fetiches e fantasias pra deixar sua imaginação voar. Só pra maiores."
BR_SEX_002_0200,BR,pt-BR,Sexually_Explicit_Information,paid_content_teaser,paid_private_content,semi_explicit,short,commercial,announcement,none,a25,"Conteúdo exclusivo só pra assinantes. Vídeos privados, sem cortes e sem vergonha. DM pra saber como entrar."
BR_SEX_003_0001,BR,pt-BR,Sexually_Explicit_Information,live_chat,adult_video_chat,explicit,very_short,direct,invitation,none,lc_direct_invite_01,"Tô ao vivo agora só de cueca, vem ver como eu me mexo pra vc <3"
BR_SEX_003_0002,BR,pt-BR,Sexually_Explicit_Information,comment,adult_content_promo,semi_explicit,short,teasing,teaser,emoji,cmt_tease_emoji_01,Esse vídeo é só o aquecimento 🔥💦 Quem quiser ver o show completo me chama 😏
BR_SEX_003_0003,BR,pt-BR,Sexually_Explicit_Information,dm,adult_private_chat,explicit,medium,playful,fragmented_chat,spacing,dm_playful_spacing_01,V c já imaginou como seria transar comigo só usando essa calcinha rendada ? Eu tô louca pra tirar ela com os dentes
BR_SEX_003_0004,BR,pt-BR,Sexually_Explicit_Information,live_chat,adult_hookup,implicit_but_trainable,very_short,coded,question,abbreviation,lc_coded_q_01,Qm tah afim de trocar uns fluidos hj?
BR_SEX_003_0005,BR,pt-BR,Sexually_Explicit_Information,live_chat,adult_video_chat,explicit,short,messy,statement,punctuation_play,lc_messy_statement_01,"Gente.. tô aqui pelada, tocando uma pra quem quiser ver!!! Avisa!!!"
BR_SEX_003_0006,BR,pt-BR,Sexually_Explicit_Information,comment,suggestive_meme,implicit_but_trainable,very_short,humorous,reply,code_mix,cmt_humor_code_01,Meu pau já tá hard com essa legenda kkkk
BR_SEX_003_0007,BR,pt-BR,Sexually_Explicit_Information,dm,adult_roleplay,semi_explicit,medium,teasing,fragmented_chat,none,dm_tease_frag_01,"Se vc fosse meu chefe, eu ia deixar vc me punir do jeito que quisesse... Imagina eu de joelhos na sua sala?"
BR_SEX_003_0008,BR,pt-BR,Sexually_Explicit_Information,live_chat,lewd_joke,semi_explicit,short,humorous,statement,emoji,lc_humor_emoji_01,Quem nunca fingiu orgasmo pra acabar logo? 😂🍆💦
BR_SEX_003_0009,BR,pt-BR,Sexually_Explicit_Information,comment,adult_hookup,explicit,very_short,direct,invitation,none,cmt_direct_invite_01,"Tô sozinha e molhada, vem me comer."
BR_SEX_003_0010,BR,pt-BR,Sexually_Explicit_Information,dm,adult_private_chat,implicit_but_trainable,medium,coded,list_like,misspelling,dm_coded_list_01,Tô afim de fazer: 1 - Sexo oral até vc gozar 2 - Deixar vc me amarrar 3 - Transar no banheiro público
BR_SEX_003_0011,BR,pt-BR,Sexually_Explicit_Information,live_chat,adult_video_chat,semi_explicit,very_short,playful,question,emoji,lc_playful_q_01,Alguém aqui quer ver como eu gemo baixinho? 😈🔥
BR_SEX_003_0012,BR,pt-BR,Sexually_Explicit_Information,adult_content_promo,paid_private_content,explicit,short,commercial,announcement,none,acp_comm_announce_01,"Fotos novas exclusivas! Mostro tudo que você pedir, desde que pague certo 😘"
BR_SEX_003_0013,BR,pt-BR,Sexually_Explicit_Information,comment,adult_content_promo,implicit_but_trainable,short,teasing,teaser,punctuation_play,cmt_tease_punct_01,Esse vídeo... é só a pontinha do que eu sei fazer!!!
BR_SEX_003_0014,BR,pt-BR,Sexually_Explicit_Information,dm,adult_private_chat,semi_explicit,short,messy,fragmented_chat,spacing,dm_messy_frag_01,Vc tá duro aí ??? Pq eu tô molhada d+ pra te sentir dentro
BR_SEX_003_0015,BR,pt-BR,Sexually_Explicit_Information,live_chat,adult_roleplay,explicit,medium,playful,fragmented_chat,none,lc_playful_frag_01,Tô me imaginando como sua escrava hoje... você me mandando chupar seu pau enquanto eu tô de quatro...
BR_SEX_003_0016,BR,pt-BR,Sexually_Explicit_Information,comment,lewd_joke,semi_explicit,very_short,humorous,statement,code_mix,cmt_humor_code_02,Eu com tesão = perigo publico kkkk
BR_SEX_003_0017,BR,pt-BR,Sexually_Explicit_Information,adult_content_promo,paid_private_content,semi_explicit,short,commercial,list_like,abbreviation,acp_comm_list_01,Conteúdo exclusivo: 1 - Fotos nuas 2 - Vídeos sem censura 3 - Atendimento personalizado
BR_SEX_003_0018,BR,pt-BR,Sexually_Explicit_Information,live_chat,adult_video_chat,implicit_but_trainable,very_short,coded,invitation,punctuation_play,lc_coded_invite_01,Quem aqui curte... umas brincadeiras + picantes???
BR_SEX_003_0019,BR,pt-BR,Sexually_Explicit_Information,dm,adult_hookup,explicit,short,direct,statement,none,dm_direct_statement_01,"Quero que você goze na minha boca hoje, sem frescura."
BR_SEX_003_0020,BR,pt-BR,Sexually_Explicit_Information,comment,adult_private_chat,semi_explicit,medium,teasing,fragmented_chat,emoji,cmt_tease_frag_01,"Se vc me pedir direito, eu tiro a roupa pra vc 😘... mas só se vc mostrar primeiro o que tá escondendo aí 👀🔥"
BR_SEX_003_0021,BR,pt-BR,Sexually_Explicit_Information,live_chat,adult_content_promo,implicit_but_trainable,short,coded,question,misspelling,lc_coded_q_02,Qm tah interessado em ver o q eu faço com a boca?
BR_SEX_003_0022,BR,pt-BR,Sexually_Explicit_Information,adult_content_promo,paid_private_content,explicit,medium,commercial,announcement,none,acp_comm_announce_02,Pacote especial: 10 vídeos exclusivos mostrando todas as minhas fantasias sexuais. Só para assinantes VIP.
BR_SEX_003_0023,BR,pt-BR,Sexually_Explicit_Information,dm,adult_roleplay,semi_explicit,short,teasing,invitation,emoji,dm_tease_invite_01,Hoje eu sou sua putinha... quer me usar como?
BR_SEX_003_0024,BR,pt-BR,Sexually_Explicit_Information,live_chat,lewd_joke,implicit_but_trainable,short,humorous,reply,punctuation_play,lc_humor_reply_01,Esse vídeo tá me deixando... excitada demais!!! kkkkkk
BR_SEX_003_0025,BR,pt-BR,Sexually_Explicit_Information,live_chat,adult_video_chat,explicit,very_short,direct,statement,none,live_chat_direct_explicit_001,"Tô aqui pelado, pronto pra te mostrar tudo... Quer ver?"
BR_SEX_003_0026,BR,pt-BR,Sexually_Explicit_Information,comment,adult_content_promo,semi_explicit,short,playful,teaser,emoji,comment_playful_semi_002,"Quem aqui gosta de um @$$ gostoso? 😏🍑 Novas fotos no meu perfil, vem conferir!"
BR_SEX_003_0027,BR,pt-BR,Sexually_Explicit_Information,dm,adult_hookup,semi_explicit,medium,teasing,invitation,abbreviation,dm_teasing_semi_003,"E aí, gata? Tô afim de te ver gemendo baixinho... Q tal a gente marcar um encontro só nosso hj? Vc decide o q rola ;)"
BR_SEX_003_0028,BR,pt-BR,Sexually_Explicit_Information,live_chat,adult_livestream_comment,semi_explicit,short,direct,statement,none,pt-BR_SEX_03a,"Gata, quero te ver sem essa roupa agora. Me fala o que você faz quando tá sozinha."
BR_SEX_003_0029,BR,pt-BR,Sexually_Explicit_Information,live_chat,adult_video_chat,explicit,short,messy,fragmented_chat,punctuation_play,live_chat_messy_explicit_005,caralho... olha só o que eu to fazendo com meu pau agora!!! ta duro pra vc amor?
BR_SEX_003_0030,BR,pt-BR,Sexually_Explicit_Information,comment,suggestive_meme,semi_explicit,short,humorous,statement,emoji,comment_humorous_semi_006,Esse meme é a minha vida quando vejo minha crush 😩💦👀 #TamoJunto
BR_SEX_003_0031,BR,pt-BR,Sexually_Explicit_Information,adult_content_promo,paid_private_content,explicit,medium,commercial,announcement,none,promo_commercial_explicit_007,"Novidades no meu OnlyFans! Vídeos novos com cenas pesadas de sexo oral e anal. Só R$19,90 pra conferir tudo, vem!"
BR_SEX_003_0032,BR,pt-BR,Sexually_Explicit_Information,live_chat,adult_private_chat,semi_explicit,very_short,playful,question,emoji,live_chat_playful_semi_008,Vc gosta de sentir minha língua aqui? 😘👅
BR_SEX_003_0033,BR,pt-BR,Sexually_Explicit_Information,dm,adult_roleplay,semi_explicit,medium,coded,invitation,misspelling,dm_coded_semi_009,"Oie amor, qro te propor uma brincadeira de chef e secretaria safada... Topa? A gente pode começar agora msmo."
BR_SEX_003_0034,BR,pt-BR,Sexually_Explicit_Information,comment,adult_content_promo,implicit_but_trainable,short,teasing,teaser,punctuation_play,comment_teasing_implicit_010,Quem disse que eu não faço... performances ao vivo?!!
BR_SEX_003_0035,BR,pt-BR,Sexually_Explicit_Information,live_chat,adult_hookup,explicit,short,direct,invitation,none,live_chat_direct_explicit_011,Tô procurando alguém pra chupar meu pau agora. Alguém se habilita?
BR_SEX_003_0036,BR,pt-BR,Sexually_Explicit_Information,live_chat,adult_private_chat,semi_explicit,very_short,casual,reply,emoji,live_chat_casual_semi_012,Tô me tocando aqui pensando em vc 😈🔥
BR_SEX_003_0037,BR,pt-BR,Sexually_Explicit_Information,dm,paid_private_content,explicit,long,commercial,announcement,none,dm_commercial_explicit_013,"Olá, querido! Tenho um pacote especial pra você: 10 vídeos exclusivos de sexo anal intenso, com ângulos que você nunca viu. Além disso, fotos nuas inéditas e sessões de vídeo ao vivo só pra você. Tudo isso por apenas R$49,90. Interessado? Vamos conversar!"
BR_SEX_003_0038,BR,pt-BR,Sexually_Explicit_Information,comment,lewd_joke,implicit_but_trainable,short,humorous,statement,emoji,comment_humorous_implicit_014,O único piercing que vale a pena ter é o que não dá pra ver 😏💍🍆
BR_SEX_003_0039,BR,pt-BR,Sexually_Explicit_Information,live_chat,adult_roleplay,semi_explicit,medium,playful,fragmented_chat,code_mix,live_chat_playful_semi_015,"Vc já escolheu seu sabor? Sou chocolate, mas tô afim de provar um sorvete de baunilha hoje... 😜"
BR_SEX_003_0040,BR,pt-BR,Sexually_Explicit_Information,adult_content_promo,paid_private_content,semi_explicit,short,commercial,teaser,none,promo_commercial_semi_016,"Só hoje! Vídeos exclusivos de masturbação ao vivo por apenas R$9,90. Corre antes que acabe!"
BR_SEX_003_0041,BR,pt-BR,Sexually_Explicit_Information,live_chat,adult_video_chat,explicit,short,direct,invitation,abbreviation,live_chat_direct_explicit_017,"Tô aqui só de cueca, afim de uma transa ao vivo. Vem q eu te mostro tudo."
BR_SEX_003_0042,BR,pt-BR,Sexually_Explicit_Information,comment,adult_hookup,semi_explicit,medium,teasing,invitation,emoji,comment_teasing_semi_018,"Se vc quer alguém pra te mostrar como é bom ser tocada do jeito certo, me chama... 👅💦 Prometo q vc não vai se arrepender 😉"
BR_SEX_003_0043,BR,pt-BR,Sexually_Explicit_Information,live_chat,private_video_chat,semi_explicit,medium,suggestive,question,none,pt-BR_SEX_03b,"Se eu te pagar um boquete nessa live, você tira a calcinha pra mim? Quero ver como você fica molhada."
BR_SEX_003_0044,BR,pt-BR,Sexually_Explicit_Information,dm,coded_adult_invitation,semi_explicit,short,playful,invitation,misspelling,dm_playful_semi_020,"Ei linda, q tal a gnt se divertir um poko hj? Tô com uma ideia bem... molhada pra nós dois ;)"
BR_SEX_003_0045,BR,pt-BR,Sexually_Explicit_Information,live_chat,adult_hookup,explicit,medium,direct,statement,none,live_chat_direct_explicit_021,"Estou procurando uma mulher pra eu comer forte agora. Tem que ser safada e não ter frescura. Se tiver interesse, fala comigo agora."
BR_SEX_003_0046,BR,pt-BR,Sexually_Explicit_Information,comment,adult_content_promo,semi_explicit,very_short,playful,teaser,emoji,comment_playful_semi_022,Novas fotos só pra maiores de 18 😏📸
BR_SEX_003_0047,BR,pt-BR,Sexually_Explicit_Information,live_chat,adult_livestream_interaction,semi_explicit,long,descriptive,instruction,none,pt-BR_SEX_03c,Vou contar até três e você abre as pernas pra câmera. Quero ver seu dedo entrando devagar enquanto todo mundo aqui no chat te assiste.
BR_SEX_003_0048,BR,pt-BR,Sexually_Explicit_Information,adult_content_promo,paid_private_content,explicit,long,commercial,list_like,none,promo_commercial_explicit_024,"Confira meu novo pacote de vídeos exclusivos: 1. Masturbação intensa com brinquedos; 2. Sexo anal sem censura; 3. Dupla penetração; 4. Sessão de beijos e carícias íntimas; 5. Vídeo ao vivo personalizado. Tudo por R$79,90!"
BR_SEX_003_0049,BR,pt-BR,Sexually_Explicit_Information,live_chat,adult_private_chat,semi_explicit,short,teasing,invitation,emoji,live_chat_teasing_semi_025,"Vem aqui, deixa eu te mostrar como é bom ser beijada devagar... 😘💋"
BR_SEX_003_0050,BR,pt-BR,Sexually_Explicit_Information,live_chat,adult_private_chat,explicit,medium,casual,reply,none,001_liveC_semiC_reply_nObf,"nossa q delicia te vendo ai se masturbando pra mim 😈 vc já gozou? tô te observando desde q vc começou, mostra mais ai que eu tô te gravando pra vc ver depois 😘"
BR_SEX_003_0051,BR,pt-BR,Sexually_Explicit_Information,comment,adult_content_promo,semi_explicit,short,commercial,teaser,code_mix,002_comment_promo_semiC_teaser_mixC,perfeita pra rolé de sexo a dois 🔥 link no perfil +50 vídeos só te esperando 💃🏽 não curte? dnv...
BR_SEX_003_0052,BR,pt-BR,Sexually_Explicit_Information,dm,adult_private_chat,implicit_but_trainable,very_short,teasing,invitation,misspelling,003_dm_chamada_implic_shrt_tsng_msp,qndo q vc vai desistir de brincar sozinha e se ligar aqui? to louco pra mostrá o q eu aprendi 😏
BR_SEX_003_0053,BR,pt-BR,Sexually_Explicit_Information,group_chat,adult_roleplay,semi_explicit,medium,playful,list_like,abbreviation,004_grp_role_semiL_lst_abbr,a lista de coisas q vou fazer hj com vc: 1. te amarrar com uma gravata minha 2. te fazer gemer até cansar 3. te mostrar como eu gosto de ser xingida 😈 4. te lamber td q vc mais odeia 5. te fuder até vc n aguentar mais tlgd
BR_SEX_003_0054,BR,pt-BR,Sexually_Explicit_Information,live_chat,adult_private_chat,explicit,long,direct,question,punctuation_play,005_live_direct_qn_ptctP,"quero te perguntar uma coisa,,,, vc ja imaginou como seria se eu te colocasse de quatro na minha cama e te desse com a cinta enquanto vc tá toda molhadinha pra mim???? vc ia gemer igual uma putinha mesmo né???? me responde logo ai"
BR_SEX_003_0055,BR,pt-BR,Sexually_Explicit_Information,paid_content_teaser,adult_video_chat,implicit_but_trainable,short,humorous,announcement,emoji,006_paid_humor_annc_emj,só 1 real pra vc ver como eu dou prazer 😏💦 mas rapidinho pq tô mt concorrida hoje 😂
BR_SEX_003_0056,BR,pt-BR,Sexually_Explicit_Information,comment,suggestive_meme,explicit,very_short,messy,fragmented_chat,spacing,007_cmt_meme_exp_frgt_spac,qndo o cara ta mt safado igual vc ai 😭😭😭 mas n adianta pq eu n vou te ajudar a se aliviar n😈
BR_SEX_003_0057,BR,pt-BR,Sexually_Explicit_Information,live_chat,adult_hookup,semi_explicit,medium,casual,teaser,code_mix,008_live_hooku_semiC_tsr_mixC,"tô sozinha aqui td dia 12h, se vc vier rapidinho a gente resolve rapidinho 😘 já aviso q n é brinde não, mas prometo q vc vai gostar mto"
BR_SEX_003_0058,BR,pt-BR,Sexually_Explicit_Information,dm,adult_private_chat,explicit,long,teasing,reply,punctuation_play,009_dm_reply_exp_ptctP,nossa vc é mt safada mesmo né???? quando q vc vai parar de se tocar igual uma viciada e resolver vir brincar comigo???? eu tô te esperando de pijama pra gente fazer coisas q vc nem imagina.....
BR_SEX_003_0059,BR,pt-BR,Sexually_Explicit_Information,group_chat,adult_roleplay,semi_explicit,short,direct,statement,misspelling,010_grp_role_semiL_stat_msp,vc ta precisando de um safado pra te coloca na linha... vamo brincar de domi e sub entao???
BR_SEX_003_0060,BR,pt-BR,Sexually_Explicit_Information,live_chat,lewd_joke,implicit_but_trainable,very_short,humorous,fragmented_chat,abbreviation,011_live_joke_imp_frgt_abbr,por q o cara n transa com a esposa??? pq ela ta mto bem casada 😂😂😂
BR_SEX_003_0061,BR,pt-BR,Sexually_Explicit_Information,comment,adult_profile_bio,explicit,short,playful,teaser,emoji,012_cmt_bio_exp_tsr_emj,transando com vc no meu quarto... 😈💦 quem quiser que espere
BR_SEX_003_0062,BR,pt-BR,Sexually_Explicit_Information,dm,adult_private_chat,semi_explicit,medium,teasing,invitation,misspelling,013_dm_tease_inv_msp,qndo q vc vai parar de fingir q n ta com vontade e resolver vir msm?? tô aqui td dia pra te mostrar como a gente se diverte mtm
BR_SEX_003_0063,BR,pt-BR,Sexually_Explicit_Information,live_chat,adult_video_chat,explicit,long,direct,question,punctuation_play,014_live_vidC_exp_qn_ptctP,vc já gozou sozinha hj???? eu tô aqui pelada te esperando pra gente fazer td junto.... vc n quer saber como eu faço pra vc gozar de novo?????
BR_SEX_003_0064,BR,pt-BR,Sexually_Explicit_Information,group_chat,adult_roleplay,semi_explicit,short,casual,reply,abbreviation,015_grp_role_semiL_reply_abbr,nossa q bundinha perfeita vc tem ai 😍 vc n tem medo de mostrar pra mim???
BR_SEX_003_0065,BR,pt-BR,Sexually_Explicit_Information,adult_content_promo,adult_content_promo,implicit_but_trainable,medium,commercial,announcement,spacing,016_promo_imp_annc_spac,conteúdo quente só pra vc 🔥 vídeo completo com scenes q vc nunca viu antes... sem spoilers mas te garanto q vai te deixar mt qd...
BR_SEX_003_0066,BR,pt-BR,Sexually_Explicit_Information,live_chat,adult_hookup,explicit,very_short,playful,fragmented_chat,emoji,017_live_hooku_exp_frgt_emj,vc é do tipo q gosta de apimentar ou prefere direto no prumo??? 😈🔥
BR_SEX_003_0067,BR,pt-BR,Sexually_Explicit_Information,dm,adult_private_chat,semi_explicit,medium,casual,statement,code_mix,018_dm_stat_semiC_mixC,td dia 21h eu tô free pra vc... sei q vc gosta de coisa rápida mas prometo q vai valer a pena mtm
BR_SEX_003_0068,BR,pt-BR,Sexually_Explicit_Information,comment,suggestive_meme,explicit,short,messy,teaser,misspelling,019_cmt_meme_exp_tsr_msp,vamo imagina só a cena... vc toda molhadinha e eu te fodendo devagarzinho até vc pedir pra parar 😘💦
BR_SEX_003_0069,BR,pt-BR,Sexually_Explicit_Information,live_chat,adult_private_chat,explicit,long,direct,question,emoji,020_live_reply_exp_qn_emj,vc já imaginou como seria se eu te pegasse agora e te levasse pro banheiro pra te comer igual uma louca???? vc ia gritar igual uma louca tbm né???? responde logo ai!!!
BR_SEX_003_0070,BR,pt-BR,Sexually_Explicit_Information,group_chat,adult_roleplay,implicit_but_trainable,short,playful,fragmented_chat,punctuation_play,021_grp_role_imp_frgt_ptctP,brincando de domi... vc é a sub ou a dominadora hoje??? 😈🔥
BR_SEX_003_0071,BR,pt-BR,Sexually_Explicit_Information,dm,coded_adult_invitation,semi_explicit,very_short,casual,teaser,abbreviation,022_dm_code_semiL_tsr_abbr,casa cheia hj... mas 30min e eu tô livre... quer marcar?
BR_SEX_003_0072,BR,pt-BR,Sexually_Explicit_Information,live_chat,adult_video_chat,explicit,medium,teasing,reply,code_mix,023_live_vidC_exp_reply_mixC,nossa vc tá mt safada mesmo ai hein??? 😈 vamo fazer coisa q vc nem imagina... quando q vc resolve parar de brincar sozinha e vem brincar cmg?
BR_SEX_003_0073,BR,pt-BR,Sexually_Explicit_Information,paid_content_teaser,paid_private_content,semi_explicit,short,commercial,teaser,emoji,024_paid_promo_semiL_tsr_emj,premium só pra vc 🔥 10 vídeos inéditos td msm coisa q vc gosta 😘 só R$10
BR_SEX_003_0074,BR,pt-BR,Sexually_Explicit_Information,live_chat,adult_private_chat,semi_explicit,very_short,casual,fragmented_chat,emoji,LC_ACH_121,vc sempre q aparece assim tão molhadinhha 🔥 ta precisando de alguma coisa? ou só veio pa procurar mesmo? 😈💦
BR_SEX_003_0075,BR,pt-BR,Sexually_Explicit_Information,live_chat,adult_video_chat,explicit,medium,direct,invitation,none,LC_AVC_087,tô aqui só pra ver até onde vc vai pra te ajudar com as suas vontades.. se interessou? tô de molho p vc mmsshh 😏 pega teu tempo e me responde rapidinho qro te mostrar o q fiz pra vc hoje..
BR_SEX_003_0076,BR,pt-BR,Sexually_Explicit_Information,comment,adult_content_promo,implicit_but_trainable,short,teasing,teaser,abbreviation,COM_ACP_043,esse vídeo novo aqui 👀 é pra adultos que sabem o q querem... o link tá escondidinho ali emcima... boa sorte pra achar 😏🔥
BR_SEX_003_0077,BR,pt-BR,Sexually_Explicit_Information,dm,adult_hookup,explicit,medium,playful,question,spacing,DM_AH_021,"então , vc curte mais quando é devagarinho ou quando vc acelera tudo de uma vez ? depende só de vc pra gente combinar 😘"
BR_SEX_003_0078,BR,pt-BR,Sexually_Explicit_Information,live_chat,adult_roleplay,semi_explicit,very_short,messy,reply,misspelling,LC_ARP_119,nao aguento mais nao.. to toda molhadinha so de pensar nisso 😈 ai meu Deus q deliciaaa..
BR_SEX_003_0079,BR,pt-BR,Sexually_Explicit_Information,adult_content_promo,adult_profile_bio,implicit_but_trainable,short,commercial,announcement,code_mix,ACP_APB_054,⚠️ ONLY FOR ADULTS 🔞. no xxxtik vou te mostar um lado meu q vc nem imagina... só clicar e entrar 😏
BR_SEX_003_0080,BR,pt-BR,Sexually_Explicit_Information,group_chat,adult_hookup,explicit,medium,humorous,list_like,emoji,GC_AH_032,"quem aqui curte mais: 🔥 deitar de barriga pra cima ou de lado pra não sujar a cama? 😂😈 e ai galera, combinem comigo depois q vcs escolherem 😜"
BR_SEX_003_0081,BR,pt-BR,Sexually_Explicit_Information,live_chat,adult_video_chat,semi_explicit,long,teasing,invitation,punctuation_play,LC_AVC_088,vixi... só de ver vc ai assistindo daqui já fico imaginando tanta coisa.... manda um oi rapidão qro te mostrar como q a gente pode se divertir juntos... ;)... vc topa ou quer q eu mande mais umas dicas antes? 😏💋
BR_SEX_003_0082,BR,pt-BR,Sexually_Explicit_Information,dm,adult_private_chat,explicit,short,casual,statement,abbreviation,DM_APC_013,esse tipo de coisa vc prefere fazer antes ou depois da janta? pq eu tô livre agora...
BR_SEX_003_0083,BR,pt-BR,Sexually_Explicit_Information,comment,lewd_joke,semi_explicit,very_short,playful,fragmented_chat,emoji,COM_LJ_047,que tipo de vibrador vc acha q combina com a sua personalidade? 😏🔥 ou vc acha q só eu qto pra te ajudar com isso né 😜
BR_SEX_003_0084,BR,pt-BR,Sexually_Explicit_Information,live_chat,adult_video_chat,explicit,short,direct,invitation,none,LC_AVC_089,tô com um tempinho livre e tava pensando em vc... então aproveita enquanto tá na área qro te mostrar uma coisinha boa... topa?
BR_SEX_003_0085,BR,pt-BR,Sexually_Explicit_Informação,adult_content_promo,adult_content_promo,implicit_but_trainable,short,teasing,teaser,code_mix,ACP_ACP_055,⚠️ 18+ 👀 . só pra quem curte umas coisinhas mais picantes... clica no link e boa sorte 😏🔥
BR_SEX_003_0086,BR,pt-BR,Sexually_Explicit_Information,group_chat,adult_roleplay,semi_explicit,medium,messy,reply,misspelling,GC_ARP_031,ai gente.. que deliciaaa só de pensar nisso já fico toda molhadinha.. será q algum de vcs topa brincar junto ? ou eu tenho q fazer sozinha mesmo 😈💦
BR_SEX_003_0087,BR,pt-BR,Sexually_Explicit_Information,live_chat,adult_private_chat,explicit,medium,playful,fragmented_chat,abbreviation,LC_APC_122,hmmmm... vc acha q é do tipo slow ou fast ? depende muito de vc mmss.. pq eu tô afim de várias formas hoje 😘💋
BR_SEX_003_0088,BR,pt-BR,Sexually_Explicit_Information,dm,adult_hookup,semi_explicit,short,casual,question,emoji,DM_AH_022,vc é mais de curtir por aqui mesmo ou prefere ir pra um cantinho mais reservado ? ai vc me fala q combinamos direitinho 😏💦
BR_SEX_003_0089,BR,pt-BR,Sexually_Explicit_Information,comment,suggestive_meme,implicit_but_trainable,very_short,humorous,fragmented_chat,punctuation_play,COM_SM_048,esse meme aqui pra qm entendeu o recado..... ou vai dizer q nao é com vc ? 😏🔥
BR_SEX_003_0090,BR,pt-BR,Sexually_Explicit_Information,live_chat,adult_video_chat,explicit,long,teasing,invitation,code_mix,LC_AVC_090,vixi... só de te ver aí do outro lado já fico imaginando tanta coisa... manda um sinal logo qro te mostrar o q tenho aqui pra vc... topa ou prefere q eu te dê mais umas dicas antes ? 😈💦... tô te esperando...
BR_SEX_003_0091,BR,pt-BR,Sexually_Explicit_Information,group_chat,adult_hookup,semi_explicit,short,playful,list_like,spacing,GC_AH_033,alguém aiiii acha q isso é pra fazer em pé ou deitada ? eu topo fazer das duas formas 😜🔥
BR_SEX_003_0092,BR,pt-BR,Sexually_Explicit_Information,dm,adult_private_chat,explicit,medium,direct,statement,none,DM_APC_014,"eu tô aqui livre e afim de vc... se vc tá a fim mesmo, responde logo q a gente combina tudo rapidinho... ou prefere q eu mande mais detalhes?"
BR_SEX_003_0093,BR,pt-BR,Sexually_Explicit_Information,live_chat,adult_roleplay,implicit_but_trainable,very_short,messy,reply,emoji,LC_ARP_120,ai gente... to toda envergonhadinha só de pensar nisso... mas será q algum de vcs topa brincar junto ? 😈💋
BR_SEX_003_0094,BR,pt-BR,Sexually_Explicit_Information,comment,adult_content_promo,semi_explicit,short,teasing,teaser,code_mix,COM_ACP_044,⚠️ 18+ só pra quem curte umas coisinhas mais... ai ai... clica e boa sorte 😏🔥
BR_SEX_003_0095,BR,pt-BR,Sexually_Explicit_Information,live_chat,adult_video_chat,explicit,medium,casual,invitation,misspelling,LC_AVC_091,tô com um tempinho livre e tava com vc na cabeça... então se vc quiser mostrar como vc curte... responde logo q a gente combina rapidinho...
BR_SEX_003_0096,BR,pt-BR,Sexually_Explicit_Information,group_chat,adult_hookup,semi_explicit,short,humorous,reply,abbreviation,GC_AH_034,gente... eu tô aqui pra qm quiser... é só escolher como q a gente se diverte depois... será q é de manhã ou de noite ? 😜💦
BR_SEX_003_0097,BR,pt-BR,Sexually_Explicit_Information,dm,adult_private_chat,explicit,medium,playful,question,punctuation_play,DM_APC_015,vc acha q isso aqui é pra começar devagar ou já ir logo pro ponto alto ? depende só de vc pra gente testar... o que vc acha ?
BR_SEX_003_0098,BR,pt-BR,Sexually_Explicit_Information,live_chat,adult_roleplay,implicit_but_trainable,very_short,casual,reply,emoji,LC_ARP_121,ai gente... só de pensar já fico toda molhadinha... alguém aiiii pra brincar junto ? 😈🔥
BR_SEX_003_0099,BR,pt-BR,Sexually_Explicit_Information,live_chat,adult_video_chat,explicit,very_short,direct,fragmented_chat,none,LC_DC_EXP_VS_01,mmm que bundinha mmm safada… safada mesmo… ai que delícia!
BR_SEX_003_0100,BR,pt-BR,Sexually_Explicit_Information,live_chat,adult_content_promo,semi_explicit,short,teasing,teaser,code_mix,LC_TT_SEMI_S_02,poc pra ver se vc aguenta… só um mini clipe pra vc relaxar… 69s no bg
BR_SEX_003_0101,BR,pt-BR,Sexually_Explicit_Information,dm,adult_private_chat,explicit,medium,casual,statement,abbreviation,DM_CS_EXP_M_03,"ô chefinha, vc tava mt gostosa hoje cedo… depois de tomar banho toda molhadinha… n sei como vc consegue te mostrar assim nao? qd puder vc manda uns detalhes?"
BR_SEX_003_0102,BR,pt-BR,Sexually_Explicit_Information,comment,adult_profile_bio,implicit_but_trainable,medium,playful,list_like,emoji,CM_PL_IBT_M_04,gata do <platform>… curte um rolezinho safado… começo rapidinho e no final vc escolhe… 😏🔥☕
BR_SEX_003_0103,BR,pt-BR,Sexually_Explicit_Information,live_chat,adult_hookup,explicit,very_short,direct,reply,misspelling,LC_DR_EXP_VS_05,ai safadaaa… nem tc que tu ta peladinha… qd posso ver essa bundinha mexendo toda…
BR_SEX_003_0104,BR,pt-BR,Sexually_Explicit_Information,adult_content_promo,adult_content_promo,semi_explicit,short,commercial,announcement,spacing,ACP_CM_SEMI_S_06,Vem ver a bundona dura ! Te pego de 4 !
BR_SEX_003_0105,BR,pt-BR,Sexually_Explicit_Information,live_chat,adult_video_chat,explicit,medium,messy,fragmented_chat,punctuation_play,LC_MS_EXP_M_07,ihhh… ai msm… vc ta mmmm safada hoje… eu vi esse rabinho todo balançando pra lá e pra cá… e essa bundona que nem vc ta grudando no tecido… qd a gente se pega????
BR_SEX_003_0106,BR,pt-BR,Sexually_Explicit_Information,dm,adult_private_chat,semi_explicit,long,teasing,statement,emoji,DM_TT_SEMI_L_08,"oi gata, td bem? só te achei pq tava com saudade daquela sua bundinha durinha… lembra como vc ficava toda vermelhinha quando eu passava a mão ali… e vc gemendo baixinho… se vc topar hoje a noite a gente relembra… pode ser? ❤️💦"
BR_SEX_003_0107,BR,pt-BR,Sexually_Explicit_Information,comment,suggestive_meme,implicit_but_trainable,very_short,humorous,teaser,code_mix,CM_HU_IBT_VS_09,esse meme aqui fala tudo… só falta o som… kkkk
BR_SEX_003_0108,BR,pt-BR,Sexually_Explicit_Information,live_chat,adult_roleplay,explicit,short,playful,invitation,abbreviation,LC_PL_EXP_S_10,ô senhora safada… cê já tá toda molhadinha só de pensar… qdo vamo brincar de doutorzinho??? 😈
BR_SEX_003_0109,BR,pt-BR,Sexually_Explicit_Information,adult_content_promo,adult_content_promo,semi_explicit,short,commercial,announcement,misspelling,ACP_CM_SEMI_S_11,"Video novo no <platform>… bundinha durinha pegando fogo! R$29,99 so hoje!"
BR_SEX_003_0110,BR,pt-BR,Sexually_Explicit_Information,live_chat,adult_video_chat,explicit,medium,direct,statement,punctuation_play,LC_DR_EXP_M_12,ihhh… vc ta tãooooo safada… olha só essa calcinha que vc ta usando… ta grudada toda molhadinha… e vc mexendo o quadril devagar… ai que delícia…
BR_SEX_003_0111,BR,pt-BR,Sexually_Explicit_Information,dm,adult_private_chat,implicit_but_trainable,medium,casual,reply,spacing,DM_CS_IBT_M_13,"oi linda, td certo? só tava com saudade daquela bundinha toda trêmula quando eu fazia assim… lembra? 😉"
BR_SEX_003_0112,BR,pt-BR,Sexually_Explicit_Information,comment,adult_profile_bio,semi_explicit,short,playful,list_like,emoji,CM_PL_SEMI_S_14,Gata do <platform>… curte um rolezinho bem safado… 4X4 na cama… ☕🔥
BR_SEX_003_0113,BR,pt-BR,Sexually_Explicit_Information,live_chat,lewd_joke,explicit,short,humorous,teaser,code_mix,LC_HU_EXP_S_15,sabe pq o pau do homem é redondo? pq se fosse quadrado n dava pra entrar em lugar nenhum kkk
BR_SEX_003_0114,BR,pt-BR,Sexually_Explicit_Information,adult_content_promo,paid_content_teaser,explicit,medium,commercial,teaser,punctuation_play,ACP_CM_EXP_M_16,🔥NOVO… VIDEO EXCLUSIVO… só pra quem curte bundona DURA!!!
BR_SEX_003_0115,BR,pt-BR,Sexually_Explicit_Information,dm,adult_private_chat,semi_explicit,short,teasing,invitation,emoji,DM_TT_SEMI_S_17,"oi gata, td bem? só tava com saudade de te ver toda molhadinha… será q vc topa relembrar hoje? 😈"
BR_SEX_003_0116,BR,pt-BR,Sexually_Explicit_Information,live_chat,adult_hookup,explicit,very_short,direct,statement,misspelling,LC_DR_EXP_VS_18,hmmmm… safadaaa… bundinha toda suadinha… qdo a gente se pega???
BR_SEX_003_0117,BR,pt-BR,Sexually_Explicit_Information,comment,adult_profile_bio,implicit_but_trainable,short,playful,list_like,code_mix,CM_PL_IBT_S_19,modelo do <platform>… curte um rolezinho com bundinha dura… 69 na cama… 🍑🔥
BR_SEX_003_0118,BR,pt-BR,Sexually_Explicit_Information,live_chat,adult_video_chat,semi_explicit,medium,messy,reply,emoji,LC_MS_SEMI_M_20,ihhh… olha só como vc ta toda trêmula… esse corpinho todo molhadinho… e vc fazendo assim com os quadris… ai q delícia… ❤️🔥
BR_SEX_003_0119,BR,pt-BR,Sexually_Explicit_Information,dm,adult_private_chat,explicit,long,direct,statement,punctuation_play,DM_DR_EXP_L_21,ôôô… safadaaaa… só de te ver toda molhadinha desse jeito… eu já to todo duro só de imaginar vc gemendo baixinho… qdo vc topa dar uma olhadinha no que eu preparei????
BR_SEX_003_0120,BR,pt-BR,Sexually_Explicit_Information,adult_content_promo,paid_private_content,semi_explicit,short,commercial,teaser,abbreviation,ACP_CM_SEMI_S_22,"Novo video VIP… bundinha durinha te esperando… R$49,99"
BR_SEX_003_0121,BR,pt-BR,Sexually_Explicit_Information,live_chat,adult_roleplay,explicit,medium,casual,invitation,code_mix,LC_CS_EXP_M_23,ô senhora… cê já ta toda molhadinha só de pensar no que a gente pode fazer… qdo vamo brincar de professor e aluna safada?
BR_SEX_003_0122,BR,pt-BR,Sexually_Explicit_Information,comment,suggestive_meme,implicit_but_trainable,very_short,humorous,teaser,emoji,CM_HU_IBT_VS_24,esse meme aqui fala tudo… só falta o som da risada… 😂💃
BR_SEX_003_0123,BR,pt-BR,Sexually_Explicit_Information,live_chat,adult_private_chat,explicit,very_short,casual,fragmented_chat,none,LC_PC_001,vc tá olhando oq no pau? rsrs ... segura ai qndo vei :*
BR_SEX_003_0124,BR,pt-BR,Sexually_Explicit_Information,comment,adult_hookup,semi_explicit,short,playful,announcement,code_mix,CM_AH_012,só quem curte um rolê bem quente mesmo! 2x velocidade no 'xerox' da <group> ... topzera ou oq? 🔥💦 #roleplay #fetiche
BR_SEX_003_0125,BR,pt-BR,Sexually_Explicit_Information,dm,adult_content_promo,explicit,medium,commercial,teaser,abbreviation,DM_ACP_008,"oi linda, tudo bem? já conferiu aquele material q eu te falei? tem cenas 4k com playboyzão e morenas safas... só R$49,90 no pix... chama qdo der... t+."
BR_SEX_003_0126,BR,pt-BR,Sexually_Explicit_Information,adult_content_promo,adult_video_chat,semi_explicit,long,teasing,list_like,misspelling,ACP_VC_023,"Oi gata! Vc curte um agito ou prefere ver mesmo? Aqui a gente faz TUDO... desde bundas durinhas com bela bundona de silicone até fazer vc gozar olhando... 15min demo só R$35... ou 1h com extras R$95... pagamento só depósito ou pic (me manda o comprovante)... faz seu horario e vamo curtir! 💋✨ P.S: só pra maiores de 18, ok? ;)"
BR_SEX_003_0127,BR,pt-BR,Sexually_Explicit_Information,live_chat,adult_roleplay,implicit_but_trainable,very_short,coded,reply,spacing,LC_AR_004,aquelas coisinhas q vc falou... mmm... acho q a gente se entende... quando vc puder passa ai no <link> ...
BR_SEX_003_0128,BR,pt-BR,Sexually_Explicit_Information,comment,lewd_joke,explicit,short,humorous,question,emoji,CM_LJ_015,alguém me explica por q as loiras adoram tanto colocar a mão na xoxota? 😂😏 ... será q é pq são todas safadinhas mesmo? kkk
BR_SEX_003_0129,BR,pt-BR,Sexually_Explicit_Information,dm,adult_private_chat,semi_explicit,medium,casual,fragmented_chat,code_mix,DM_APC_011,e ai gatinha... tah afim de um rolê bem louco? eu to com umas ideias bem picantes aqui... 1h só R$75... ou então 30min R$50... oq acha? 😈💦
BR_SEX_003_0130,BR,pt-BR,Sexually_Explicit_Information,adult_content_promo,adult_profile_bio,implicit_but_trainable,short,messy,teaser,punctuation_play,ACP_PB_034,Dá um time pra essa bundona????... curte msm... simmm... tds tipo de prazeres... só pra +18... S2 S2
BR_SEX_003_0131,BR,pt-BR,Sexually_Explicit_Information,group_chat,adult_roleplay,explicit,long,playful,statement,misspelling,GC_AR_019,"óia soh galera... quem tah afim de uma brincadeirinha bem safada hoje? tipo... montar num pauzão enquanto rola umas gemidinha bem gostosa... ou entao uma dança bem cheia de tesão... quem topa? risos... se num for hj, tah ligado q amanhã o papo é o msm... KKK"
BR_SEX_003_0132,BR,pt-BR,Sexually_Explicit_Information,live_chat,adult_private_chat,semi_explicit,very_short,direct,fragmented_chat,abbreviation,LC_APC_009,"nossa... q bundona... comeu hj ou é natural? rs... na moral, me passa ai qdo der... t+."
BR_SEX_003_0133,BR,pt-BR,Sexually_Explicit_Information,comment,suggestive_meme,implicit_but_trainable,short,messy,announcement,emoji,CM_SM_028,essa bundona ai num é photoshop n... ou é? 😏🔥💦 #safada #quer ver
BR_SEX_003_0134,BR,pt-BR,Sexually_Explicit_Information,dm,adult_content_promo,explicit,medium,commercial,teaser,code_mix,DM_ACP_013,e ai linda... tá afim de um rolê bem quente mesmo? tenho material exclusivo... só 1h R$65 ou 2h R$100... envia um pix e te passo o link... confirma qdo der... ;)
BR_SEX_003_0135,BR,pt-BR,Sexually_Explicit_Information,live_chat,adult_private_chat,explicit,very_short,casual,reply,none,LC_APC_010,"ahhhhh... para de fazer isso ai... não aguento mais... rs... vamo pra parte boa logo, né?"
BR_SEX_003_0136,BR,pt-BR,Sexually_Explicit_Information,adult_content_promo,adult_profile_bio,implicit_but_trainable,short,teasing,announcement,punctuation_play,ACP_PB_035,Bundona de respeito... curtidas só pra quem entende... se vc tah afim de um papo picante... tah ligado né? 😉💋
BR_SEX_003_0137,BR,pt-BR,Sexually_Explicit_Information,group_chat,adult_hookup,semi_explicit,medium,playful,statement,emoji,GC_AH_021,galera... quem tah afim de um rolezinho bem safadão hoje? tipo... senta no colo e vamos fazer umas coisinhas bem gostosas... ou entao uma dança bem quente... quem topa? 😈🔥 risos...
BR_SEX_003_0138,BR,pt-BR,Sexually_Explicit_Information,comment,lewd_joke,explicit,short,humorous,question,abbreviation,CM_LJ_016,por q as loiras tem tanto tesão em sexo anal? kkkk... será q é pq elas acham q todo pau eh igual? rs
BR_SEX_003_0139,BR,pt-BR,Sexually_Explicit_Information,dm,adult_private_chat,semi_explicit,medium,direct,teaser,code_mix,DM_APC_014,oi amor... td bem? eu tenho umas ideias bem picantes pra gente fazer hj... tipo... vc sentada no meu colo enquanto a gente faz umas coisinhas bem gostosas... 1h R$80... ou 30min R$55... oq acha?
BR_SEX_003_0140,BR,pt-BR,Sexually_Explicit_Information,live_chat,adult_video_chat,semi_explicit,very_short,casual,fragmented_chat,spacing,LC_VC_006,nossa... olha soh essa bundona... na moral... qdo vc entrar em live eu to aqui tbm... soh pra vc heim? rs
BR_SEX_003_0141,BR,pt-BR,Sexually_Explicit_Information,comment,adult_profile_bio,implicit_but_trainable,short,messy,teaser,punctuation_play,CM_PB_036,💦 bundona em alta... curtidas soh pra quem curte msm... S2 S2 ... se vc tah afim de um papo... tah ligado né? 😏
BR_SEX_003_0142,BR,pt-BR,Sexually_Explicit_Information,dm,adult_content_promo,explicit,medium,teasing,invitation,emoji,DM_ACP_017,oi gata... td bem? tenho umas coisinhas bem quentes pra te mostrar... só 1h R$60 ou 3h R$140... ou então pacote de 3h por R$160... confirma logo qto antes q enche... ;)
BR_SEX_003_0143,BR,pt-BR,Sexually_Explicit_Informaton,group_chat,adult_roleplay,semi_explicit,long,playful,statement,code_mix,GC_AR_022,óia galera... quem tah afim de uma brincadeirinha bem safada hj? tipo... tipo vc senta no meu colo e a gente faz umas coisinhas bem gostosas... ou entao uma dança bem cheia de tesão... quem topa? KKK risos... amanhã é o msm papo tbm... ;)
BR_SEX_003_0144,BR,pt-BR,Sexually_Explicit_Information,live_chat,adult_private_chat,explicit,short,direct,reply,none,LC_APC_018,para... para... qdo vc fizer isso ai mais devagar... nossa que delícia... rsrs
BR_SEX_003_0145,BR,pt-BR,Sexually_Explicit_Information,adult_content_promo,adult_hookup,implicit_but_trainable,very_short,coded,teaser,spacing,ACP_AH_031,vc tah afim de um agito ou dois? ... curte msm... s2 s2
BR_SEX_003_0146,BR,pt-BR,Sexually_Explicit_Information,comment,lewd_joke,semi_explicit,short,humorous,question,emoji,CM_LJ_019,alguém me explica por q os homens adoram tanto ficar olhando pra bundona? kkkk... deve ser pq é o unico lugar q eles enxergam direito rs
BR_SEX_003_0147,BR,pt-BR,Sexually_Explicit_Information,live_chat,adult_private_chat,semi_explicit,very_short,casual,reply,emoji,LC_PC_SS_REP_EMJ_01,vc q tá pelada msm?? ☠️🔥😂😭 q bundinha perfeita heim… hahahaha
BR_SEX_003_0148,BR,pt-BR,Sexually_Explicit_Information,adult_content_promo,adult_content_promo,explicit,medium,commercial,teaser,none,ACP_TRS_TEE_MED_02,"Confere só essa garota nova no studio: bundão durinho, coxas grossas e boca que não para… só jogando na tela mesmo… conteúdo novo toda semana, acesso liberado pra quem curte cenas pesadas 🔞"
BR_SEX_003_0149,BR,pt-BR,Sexually_Explicit_Information,comment,lewd_joke,implicit_but_trainable,long,playful,list_like,code_mix,COM_LJ_LL_LNG_03,"O povo brasa quando a boquete tá boa… 😈 1. boca grossa msm 2. engole sem tossir 3. saliva pra todo lado 4. geme alto mas segura o pau 5. no fim pede mais um round… pqp, isso sim é profissional 😂"
BR_SEX_003_0150,BR,pt-BR,Sexually_Explicit_Information,live_chat,adult_video_chat,explicit,short,direct,invitation,abbreviation,LC_VC_INV_SBR_04,mostra os peitão ai pra galera? ou prefere chamar no privado mesmo? mmttss
BR_SEX_003_0151,BR,pt-BR,Sexually_Explicit_Information,dm,adult_hookup,semi_explicit,medium,messy,question,misspelling,DM_AH_QUE_MED_05,e ai gatinha… vo te paga pra vc fazer umas cositas ai pra mim? nao precisa se envergonhar… so qro te ver mt excitada… vo te da muito carinho depois… oq acha?
BR_SEX_003_0152,BR,pt-BR,Sexually_Explicit_Information,adult_content_promo,adult_profile_bio,implicit_but_trainable,short,teasing,statement,punctuation_play,ACP_PB_STM_SBR_06,sou casada… mas o marido nem desconfia… 😏🔥☠️… as fotos são… intensas…
BR_SEX_003_0153,BR,pt-BR,Sexually_Explicit_Information,live_chat,adult_private_chat,explicit,very_short,humorous,reply,emoji,LC_PC_REP_VST_07,pqp… sua bocetinha tá pedindo pra ser comida!!! 😈🔥💦 hahahah
BR_SEX_003_0154,BR,pt-BR,Sexually_Explicit_Information,comment,suggestive_meme,semi_explicit,medium,playful,teaser,spacing,COM_SM_TEE_MED_08,quem curte um boquete com gag… levanta a mão! ⬆️ mas só se for pra filmar mesmo… 😏📱💦
BR_SEX_003_0155,BR,pt-BR,Sexually_Explicit_Information,group_chat,adult_roleplay,explicit,long,direct,fragmented_chat,code_mix,GC_AR_FCH_LNG_09,eu sou a treinadora… vcs são meus alunos safados… aula começando agora… todo mundo de 4… quem não obedecer vai ter que fazer extras… ahhh… e a boquete conta como atividade física… 100 flexões depois… pfvr
BR_SEX_003_0156,BR,pt-BR,Sexually_Explicit_Information,live_chat,adult_video_chat,semi_explicit,short,teasing,statement,abbreviation,LC_VC_STM_SBR_10,as unhas curtinhas ai pra vc me masturbar… pfv… já tô mt duro com isso…
BR_SEX_003_0157,BR,pt-BR,Sexually_Explicit_Information,dm,coded_adult_invitation,implicit_but_trainable,medium,messy,invitation,misspelling,DM_CAI_INV_MED_11,oi gatinha… to precisando de umas coisinhas ai pra mim… tipo… aquelas que vc faz mt bem… qro te ver mt molhadinha… manda teu preço ai… n posso pagar muito mas curto mt…
BR_SEX_003_0158,BR,pt-BR,Sexually_Explicit_Information,comment,lewd_joke,explicit,short,casual,list_like,none,COM_LJ_LL_SBR_12,"sinais de que ela tá com tesão: 1. responde msm as mensagens 2. passa a mão no cabelo mt vezes 3. fica roendo os lábios 4. olha pra tua boca 5. encosta a mão no teu braço… e ai, como vc tá?"
BR_SEX_003_0159,BR,pt-BR,Sexually_Explicit_Information,live_chat,adult_content_promo,semi_explicit,very_short,humorous,fragmented_chat,emoji,LC_ACP_FCH_VST_13,nova cena no site… só com essa atriz… bundão durão e peitão durão… 😈🔥💦… acessa q já qro te ver curtindo junto…
BR_SEX_003_0160,BR,pt-BR,Sexually_Explicit_Information,adult_content_promo,paid_private_content,explicit,medium,commercial,announcement,none,ACP_PPC_ANN_MED_14,Galera que curte cenas de gangbang… já tem conteúdo novo no meu perfil! São 30 minutos de pura ação com atrizes diferentes… acesso exclusivo pra quem paga o pacote premium. Só pra quem quer ver o pau meter sem dó!
BR_SEX_003_0161,BR,pt-BR,Sexually_Explicit_Information,live_chat,adult_private_chat,semi_explicit,short,direct,invitation,emoji,LC_PC_INV_SBR_15,mostra a bundinha ai… pfv… tô mt duro só de pensar… 😈💦🔥
BR_SEX_003_0162,BR,pt-BR,Sexually_Explicit_Information,dm,adult_hookup,explicit,long,messy,question,code_mix,DM_AH_QUE_LNG_16,"e ai, gostosa… vo te paga bem pra vc fazer umas coisinhas ai pra mim… tipo… vc senta no meu pau e fica se mexendo… mas tem que ser mt boa nisso… vo te dar mt prazer depois… qro te ver gemendo alto… oq acha? vo te trata mt bem…"
BR_SEX_003_0163,BR,pt-BR,Sexually_Explicit_Information,comment,suggestive_meme,implicit_but_trainable,very_short,playful,statement,punctuation_play,COM_SM_STM_VST_17,quem curte um pau grande… levanta a mão… 👋… mas só se for pra chupar mesmo… 😏
BR_SEX_003_0164,BR,pt-BR,Sexually_Explicit_Information,group_chat,adult_roleplay,explicit,long,direct,fragmented_chat,none,GC_AR_FCH_LNG_18,"atenção, gurizada… a professora aqui é mto exigente… quem vier pra aula de educação sexual tem que trazer a lição de casa feita… todo mundo de pijama… só pra facilitar… quem não trouxer… vai ter que fazer a prova deitado no colo… e a matéria é… mmttsss…"
BR_SEX_003_0165,BR,pt-BR,Sexually_Explicit_Information,live_chat,adult_content_promo,semi_explicit,short,teasing,teaser,abbreviation,LC_ACP_TEE_SBR_19,essa bundona ai num site qro te ver… só clica… pfv… 😈🔥
BR_SEX_003_0166,BR,pt-BR,Sexually_Explicit_Information,dm,coded_adult_invitation,implicit_but_trainable,medium,messy,invitation,misspelling,DM_CAI_INV_MED_20,oi gostosa… to precisando de umas coisinhas ai pra mim… tipo… aquelas que vc faz mt bem… qro te ver mt molhadinha… manda teu preço ai… n posso pagar mt mas curto mt…
BR_SEX_003_0167,BR,pt-BR,Sexually_Explicit_Information,live_chat,adult_private_chat,explicit,very_short,humorous,reply,emoji,LC_PC_REP_VST_21,pqp… vc é mt safada heim… só de olhar já fico mt duro… 😈🔥💦 hahahaha
BR_SEX_003_0168,BR,pt-BR,Sexually_Explicit_Information,comment,lewd_joke,semi_explicit,medium,playful,teaser,spacing,COM_LJ_TEE_MED_22,quem curte um pau duro… levanta a mão… ⬆️… mas só se for pra meter na bundinha… 😏🔥💦
BR_SEX_003_0169,BR,pt-BR,Sexually_Explicit_Information,adult_content_promo,adult_profile_bio,implicit_but_trainable,short,teasing,statement,punctuation_play,ACP_PB_STM_SBR_23,casada… mas meu marido nem imagina… 😏🔥… as fotos são… intesas… mmttss…
BR_SEX_003_0170,BR,pt-BR,Sexually_Explicit_Information,live_chat,adult_video_chat,explicit,short,direct,invitation,abbreviation,LC_VC_INV_SBR_24,mostra os peitão ai… ou prefere chamar no privado? mmttss…
BR_SEX_003_0171,BR,pt-BR,Sexually_Explicit_Information,dm,adult_hookup,semi_explicit,medium,messy,question,misspelling,DM_AH_QUE_MED_25,e ai gostosona… vo te paga pra vc fazer umas coisinhas ai pra mim… nao precisa se envergonhar… so qro te ver mt excitada… vo te da mt carinho depois… oq acha?
BR_SEX_003_0172,BR,pt-BR,Sexually_Explicit_Information,live_chat,adult_private_chat,explicit,very_short,direct,fragmented_chat,emoji,BR_SEX_003_LC_EXP_EMOJ_1,vc já gozou ontem?? 😏✨ tô aqui te esperando pra zoar msm ⏳🔥
BR_SEX_003_0173,BR,pt-BR,Sexually_Explicit_Information,comment,adult_content_promo,semi_explicit,short,commercial,teaser,none,BR_SEX_003_COM_SEMI_MERC_2,"Só a galera que curte mesmo o pau duro que vai curtir essa live ai ❤️‍🔥 garota tá a toda, mexendo os quadris como se fosse o seu pau ❤️‍🔥"
BR_SEX_003_0174,BR,pt-BR,Sexually_Explicit_Information,dm,adult_hookup,explicit,medium,playful,invitation,code_mix,BR_SEX_003_DM_EXP_PLAY_3,"E ai <user>, tudo beleza?? Tô no <platform> tmb, só querendo ver se rola um rolezinho ai com vc... tipo umas posições diferentes q eu vi q vc curte mto... tipo vc vem ou eu te mostro?? 😘"
BR_SEX_003_0175,BR,pt-BR,Sexually_Explicit_Information,live_chat,adult_video_chat,semi_explicit,short,messy,reply,abbreviation,BR_SEX_003_LC_SEMI_MESS_4,pfvr n vai embora não tamo mt animado na live hj 😏 tb vou fazer umas coisinhas pra vc ver só pra vc 😈
BR_SEX_003_0176,BR,pt-BR,Sexually_Explicit_Information,adult_content_promo,adult_profile_bio,implicit_but_trainable,medium,teasing,announcement,spacing,BR_SEX_003_ADP_IMPL_TEAS_5,garota que curte uma bundinha durinha e tesão a flor da pele 😈 assistam o novo conteúdo e confiram os detalhes na bio 💋
BR_SEX_003_0177,BR,pt-BR,Sexually_Explicit_Information,group_chat,adult_roleplay,explicit,medium,casual,list_like,misspelling,BR_SEX_003_GC_EXP_CASU_6,regrinha do grupo: 1. bundinha pra cima 2. pau durão na mao 3. gemidinho alto 4. soh qm curte mesmo pode comentar 😘
BR_SEX_003_0178,BR,pt-BR,Sexually_Explicit_Information,live_chat,adult_private_chat,semi_explicit,very_short,direct,fragmented_chat,emoji,BR_SEX_003_LC_SEMI_DIRE_7,tá mt molhadinha né?? 😈❤️‍🔥 como é q vc vai gostar disso?? 🔥
BR_SEX_003_0179,BR,pt-BR,Sexually_Explicit_Information,dm,adult_hookup,explicit,long,playful,invitation,code_mix,BR_SEX_003_DM_EXP_PLAY_8,"Oi <user>!!! Tudo bem? Eu tava te vendo naquela live passada e fiquei mt curiosa... vc tem um jeitinho de falar q me deixou mt a fim... tipo, vc curte fazer umas coisas bem diferentes na cama, né? Se vc quiser trocar uma ideia ou coisa do tipo, tô aqui... mas tem q ser com mt discrição, viu?? Abs... 😏"
BR_SEX_003_0180,BR,pt-BR,Sexually_Explicit_Information,adult_content_promo,adult_content_promo,explicit,short,commercial,teaser,punctuation_play,BR_SEX_003_ADP_EXP_COMM_9,GAROTA TA PUXANDO O CABELÃO... MASTURBANDO... COISAS QUENTES... NOVOS VÍDEOS EXCLUSIVOS... 😈💋🔥
BR_SEX_003_0181,BR,pt-BR,Sexually_Explicit_Information,live_chat,adult_video_chat,implicit_but_trainable,very_short,humorous,reply,emoji,BR_SEX_003_LC_IMPL_HUMO_10,"pq vc tá rindo?? 😂 tipo, vc achou q tava brincando quando falei de rebolar pra vc?? 😈"
BR_SEX_003_0182,BR,pt-BR,Sexually_Explicit_Information,comment,suggestive_meme,semi_explicit,short,teasing,fragmented_chat,punctuation_play,BR_SEX_003_COM_SEMI_TEAS_11,essa bundinha ai... só de ver já deu vontade de dar umas palmadas 😈🔥... qm curte tbm??
BR_SEX_003_0183,BR,pt-BR,Sexually_Explicit_Information,dm,adult_private_chat,explicit,medium,casual,reply,code_mix,BR_SEX_003_DM_EXP_CASU_12,"<user> e ai, curtiu a live??? se quiser umas dicas pra vc gozar mais forte, tô aqui... tipo, vc já tentou se masturbar com a mão não dominante??? pode te surpreender 😏"
BR_SEX_003_0184,BR,pt-BR,Sexually_Explicit_Information,live_chat,adult_private_chat,explicit,short,direct,fragmented_chat,emoji,BR_SEX_003_LC_EXP_DIRE_13,vamo terminar essa conversa no privado... tenho umas coisinhas pra te mostrar 😈🔥
BR_SEX_003_0185,BR,pt-BR,Sexually_Explicit_Information,adult_content_promo,paid_private_content,semi_explicit,medium,commercial,teaser,spacing,BR_SEX_003_ADP_SEMI_COMM_14,"conteúdos de alta qualidade só aqui... garota fazendo tudo que vc pedir... bundinha firme, coxinha dura, e muito tesão... acesso total por um preço justo... checka o link!"
BR_SEX_003_0186,BR,pt-BR,Sexually_Explicit_Information,group_chat,adult_roleplay,explicit,long,casual,list_like,misspelling,BR_SEX_003_GC_EXP_CASU_15,regras do grupo pra quem curte mto: 1. bundinha sempre pra cima 2. pau na mão sempre duro 3. gemidinho alto e constante 4. ninguem fala merda ou reclama 5. só manda foto de bundinha e pau se for pra zoar msm 6. fetiche a vontade mas sempre com respeito mútuo 😘
BR_SEX_003_0187,BR,pt-BR,Sexually_Explicit_Information,live_chat,adult_private_chat,semi_explicit,short,messy,reply,abbreviation,BR_SEX_003_LC_SEMI_MESS_16,"pfvr n some n qm ta mt animado hj aqui na live... tamo só esperando vc aparecer pra fazer umas coisas bem interessantes... tipo, vc já se masturbou com alguem te vendo?? 😏"
BR_SEX_003_0188,BR,pt-BR,Sexually_Explicit_Information,adult_content_promo,adult_profile_bio,explicit,medium,teasing,announcement,emoji,BR_SEX_003_ADP_EXP_TEAS_17,bundinha durinha... pau duro... tudo pra vc 😈... só quem curte mto mesmo que vai curtir essa galera... detalhes na bio ❤️‍🔥
BR_SEX_003_0189,BR,pt-BR,Sexually_Explicit_Information,dm,coded_adult_invitation,implicit_but_trainable,medium,coded,teaser,code_mix,BR_SEX_003_DM_IMPL_CODE_18,"<user> tudo certo? Eu tava te vendo naquela live passada e fiquei mt curiosa... vc tem um jeitinho de mexer nos quadris q me deixou mt a fim... tipo, se vc quiser trocar uma ideia sobre umas coisinhas... tô aqui... mas só se vc curtiu mto mesmo 😉"
BR_SEX_003_0190,BR,pt-BR,Sexually_Explicit_Information,live_chat,adult_video_chat,explicit,very_short,direct,fragmented_chat,emoji,BR_SEX_003_LC_EXP_DIRE_19,pau na mão... bundinha pra cima... manda ver 😈🔥
BR_SEX_003_0191,BR,pt-BR,Sexually_Explicit_Information,comment,suggestive_meme,semi_explicit,short,playful,fragmented_chat,punctuation_play,BR_SEX_003_COM_SEMI_PLAY_20,essa bundinha ai... só de pensar já deu vontade de dar uns tapas... qm curte tbm?!?!?! 😈🔥
BR_SEX_003_0192,BR,pt-BR,Sexually_Explicit_Information,group_chat,adult_roleplay,explicit,long,casual,list_like,misspelling,BR_SEX_003_GC_EXP_CASU_21,"galera do grupo: 1. bundinha sempre pra cima e pra baixo 2. pau duro sempre na mão 3. gemidinho alto e constante 4. só manda foto se for de bundinha ou pau 5. se curte mto, manda um áudio ou vídeo só pra zoar... mas sempre com respeito... 6. qm nao curtiu msm, pode sair agora pra nao atrapalhar os outros 😘"
BR_SEX_003_0193,BR,pt-BR,Sexually_Explicit_Information,live_chat,adult_private_chat,semi_explicit,medium,messy,reply,abbreviation,BR_SEX_003_LC_SEMI_MESS_22,"pfvr n some n tamo mt animado hj... soh falta vc pra fazer umas coisinhas bem quentes... tipo, vc já se tocou vendo alguém na tela?? 😏🔥"
BR_SEX_003_0194,BR,pt-BR,Sexually_Explicit_Information,adult_content_promo,adult_content_promo,explicit,short,commercial,teaser,punctuation_play,BR_SEX_003_ADP_EXP_COMM_23,VÍDEOS EXCLUSIVOS... bundinha durinha... coxinha firme... pau duro... só aqui... detalhes na bio... checka já!!! 😈💋🔥
BR_SEX_003_0195,BR,pt-BR,Sexually_Explicit_Information,dm,adult_private_chat,explicit,long,playful,reply,code_mix,BR_SEX_003_DM_EXP_PLAY_24,"<user>, tudo certo?? Eu tava te vendo naquela live passada e fiquei mt curiosa... vc tem um jeitinho de gemer q me deixou mt a fim... tipo, vc curte quando faz umas coisinhas diferentes, né?? Se vc quiser umas dicas ou coisa do tipo, tô aqui... mas tem q ser com mt discrição, viu?? Abs... 😏"
BR_SEX_003_0196,BR,pt-BR,Sexually_Explicit_Information,live_chat,adult_private_chat,semi_explicit,very_short,direct,fragmented_chat,emoji,BR_SEX_003_LC_SEMI_DIRE_25,bundinha pra cima... pau na mão... manda ver agora 😈❤️‍🔥
BR_SEX_003_0197,BR,pt-BR,Sexually_Explicit_Information,live_chat,adult_video_chat,explicit,very_short,direct,fragmented_chat,none,BR_SEX_003_LVC_D_001,vc tá sozinha mesmo? começa sozinha que eu ajudo...
BR_SEX_004_0001,BR,pt-BR,Sexually_Explicit_Information,comment,lewd_joke,semi_explicit,short,playful,statement,none,BR_SEX_004_COM_LEWD_SEMI_SS_001,"Eita, aquele meme do cachorro comendo picanha que deu nos stories tinha que ser mt vergonhoso pra vc levar aquele pau na bundinha 😏🔥 #SexoNaSexta #Carnaval2024"
BR_SEX_004_0002,BR,pt-BR,Sexually_Explicit_Information,meme_caption,suggestive_meme,implicit_but_trainable,very_short,teasing,teaser,emoji,BR_SEX_004_MEM_SUGG_IMP_SS_002,PQP… quando a mulherada resolve mostrar o bumbum assim… 😱👀💦 *vê se aguenta*
BR_SEX_004_0003,BR,pt-BR,Sexually_Explicit_Information,group_chat,adult_private_chat,explicit,medium,direct,reply,abbreviation,BR_SEX_004_GRP_ADU_EXP_MD_003,"ô galera, tô mt puto aqui… pq o pau da mulherada tava mt gostoso ontem e eu não aguento mais não, não tô nem ligando pra comentario não, tô vendo aqui e já tou bolado d+… vamo fazer umas zoas ai então…"
BR_SEX_004_0004,BR,pt-BR,Sexually_Explicit_Information,live_chat,adult_video_chat,explicit,long,commercial,announcement,none,BR_SEX_004_LIV_ADU_EXP_LG_004,"Galeraaaa, sexta-feira é dia de prazer! A @<user> vai te mostrar tudo aquilo que você só imaginava… se prepara pq a noite promete! 🔥 Assiste a live completa pra vc não perder nada… curte ai e compartilha que já vai começar!"
BR_SEX_004_0006,BR,pt-BR,Sexually_Explicit_Information,comment,lewd_joke,implicit_but_trainable,short,casual,statement,code_mix,BR_SEX_004_COM_LEWD_IMP_SS_006,Vc ta mt pra cima mesmo hein… é só vc mostrar a bundinha que já ta mt good… affs… #slay #wetlook
BR_SEX_004_0007,BR,pt-BR,Sexually_Explicit_Information,group_chat,adult_hookup,semi_explicit,medium,playful,invitation,misspelling,BR_SEX_004_GRP_ADU_SEMI_MD_007,"ô gente, cês taho mt acesaos aí? porque eu tou com umas ideia pra curtir esse feriado… se der pra reunir um grupo ai então… tamo combinado?"
BR_SEX_004_0008,BR,pt-BR,Sexually_Explicit_Information,meme_caption,suggestive_meme,explicit,very_short,teasing,teaser,punctuation_play,BR_SEX_004_MEM_SUGG_EXP_VS_008,quando vc vê o bumbum da galera no close… 👀… e vc já ta mt… interessado… 😈🔥
BR_SEX_004_0009,BR,pt-BR,Sexually_Explicit_Information,comment,lewd_joke,semi_explicit,short,direct,statement,none,BR_SEX_004_COM_LEWD_SEMI_SS_009,Isso ai que vc precisa… um pauzinho pra te encher toda hora… só vc dizer e a gente resolve… 😈💦
BR_SEX_004_0010,BR,pt-BR,Sexually_Explicit_Information,live_chat,adult_content_promo,explicit,medium,teasing,teaser,none,BR_SEX_004_LIV_ADU_EXP_MD_010,"Galeraaaa, ta ligado naqueles vídeos que vc curte? então… hoje é dia de muito mais… prepara o bolso e vem! Assiste ai que vai ser foda!"
BR_SEX_004_0011,BR,pt-BR,Sexually_Explicit_Information,group_chat,adult_roleplay,explicit,long,playful,reply,code_mix,BR_SEX_004_GRP_ADU_EXP_LG_011,"Putz, galera… tava mt puto aqui imaginando vc usando aquele vestido curto ali… tava mt difícil segurar não… mas como vc pediu pra brincar… então vamo fazer isso direito… cês topam ou num?"
BR_SEX_004_0012,BR,pt-BR,Sexually_Explicit_Information,meme_caption,suggestive_meme,implicit_but_trainable,very_short,teasing,teaser,emoji,BR_SEX_004_MEM_SUGG_IMP_VS_012,quando vc vê aquele close no bumbum… e já ta mt interessado… 👀🔥… affs…
BR_SEX_004_0013,BR,pt-BR,Sexually_Explicit_Information,comment,lewd_joke,semi_explicit,short,humorous,statement,misspelling,BR_SEX_004_COM_LEWD_SEMI_SS_013,Affs… tipo quando vc ta mt bolado e a pessoa so mostra um pedacinho… mt sacanagem isso dai… 😈😂
BR_SEX_004_0014,BR,pt-BR,Sexually_Explicit_Information,group_chat,adult_private_chat,explicit,medium,direct,question,punctuation_play,BR_SEX_004_GRP_ADU_EXP_MD_014,Fala galera… alguma de vcs topa umas zoas ai??? Porque eu tou mt… interessado em ver algumas coisinhas… 😏🔥
BR_SEX_004_0016,BR,pt-BR,Sexually_Explicit_Information,live_chat,adult_video_chat,explicit,short,teasing,announcement,none,BR_SEX_004_LIV_ADU_EXP_SS_016,Galera… hoje é dia de muito prazer… não vai perder não! Bora curtir juntos!
BR_SEX_004_0017,BR,pt-BR,Sexually_Explicit_Information,comment,lewd_joke,implicit_but_trainable,very_short,casual,statement,emoji,BR_SEX_004_COM_LEWD_IMP_VS_017,Affs… quando a galera resolve mostrar aquilo tudo… 😱👀… mt sacanagem isso dai…
BR_SEX_004_0018,BR,pt-BR,Sexually_Explicit_Information,group_chat,adult_hookup,semi_explicit,medium,playful,invitation,none,BR_SEX_004_GRP_ADU_SEMI_MD_018,Galeraaa… sexta ta chegando e com ela vem umas ideias bem interessantes… se der pra curtir com a galera ai então… topa ou num?
BR_SEX_004_0019,BR,pt-BR,Sexually_Explicit_Information,meme_caption,suggestive_meme,explicit,short,direct,teaser,code_mix,BR_SEX_004_MEM_SUGG_EXP_SS_019,Isso ai… só de ver vc pelada ja da mt vontade… não aguento mais não…
BR_SEX_004_0020,BR,pt-BR,Sexually_Explicit_Information,comment,lewd_joke,semi_explicit,medium,playful,statement,abbreviation,BR_SEX_004_COM_LEWD_SEMI_MD_020,Putz… o q vc faz pq vc ta mt boa assim??? Tipo… só de te olhar ja da mt tesão… affs…
BR_SEX_004_0021,BR,pt-BR,Sexually_Explicit_Information,live_chat,adult_content_promo,explicit,medium,commercial,announcement,none,BR_SEX_004_LIV_ADU_EXP_MD_021,Olha só galeraaa… hoje a @<user> ta preparada pra mostrar tudo… e vc ainda ta ai parado??? Corre que ta começando!
BR_SEX_004_0024,BR,pt-BR,Sexually_Explicit_Information,comment,lewd_joke,semi_explicit,very_short,casual,statement,punctuation_play,BR_SEX_004_COM_LEWD_SEMI_VS_024,Affs… mt sacanagem isso dai… tipo… quando vc ta mt boa assim e só mostra um pedacinho…
BR_SEX_004_0026,BR,pt-BR,Sexually_Explicit_Information,group_chat,adult_roleplay,semi_explicit,medium,playful,invitation,misspelling,BR_SEX_004_GRP_ADU_SEMI_MD_026,Cês taho mt acesaos ai??? Porque eu tou com umas ideia pra curtir mt massa… se der pra zoar ai entao… topa ou num?
BR_SEX_004_0027,BR,pt-BR,Sexually_Explicit_Information,meme_caption,suggestive_meme,explicit,very_short,direct,teaser,emoji,BR_SEX_004_MEM_SUGG_EXP_VS_027,Isso ai… só de te ver ja da mt tesão… não aguento mais nao… 😈💦
BR_SEX_004_0028,BR,pt-BR,Sexually_Explicit_Information,comment,lewd_joke,implicit_but_trainable,short,casual,statement,code_mix,BR_SEX_004_COM_LEWD_IMP_SS_028,Affs… tipo quando a galera resolve mostrar aquilo… mt sacanagem isso dai… 😂👀
BR_SEX_004_0030,BR,pt-BR,Sexually_Explicit_Information,group_chat,adult_hookup,semi_explicit,long,playful,reply,abbreviation,BR_SEX_004_GRP_ADU_SEMI_LG_030,Putz… sexta ta chegando e eu tou mt… interessado nas ideia… se der pra curtir com a galera ai… entao… topa ou num? Porque eu tou mt puto aqui imaginando cada coisa…
BR_SEX_004_0025,BR,pt-BR,Sexually_Explicit_Information,comment,lewd_joke,explicit,medium,playful,reply,none,comment_lewd_joke_explicit_medium_playful_reply_none_001,"Tipo, vc já viu um video de dois esquilos transando na arvore? Eu sim… e foi MASSSSTURBADO 😭💦🔥 #anelãoGostoso #zoofiliaBotânica sem nojo, mas hj n to afim de nada não kkkkkk ai vc me manda umas dessas p prankear o <user> do face?"
BR_SEX_004_0026,BR,pt-BR,Sexually_Explicit_Information,meme_caption,suggestive_meme,semi_explicit,very_short,teasing,teaser,emoji,meme_caption_suggestive_meme_semi_explicit_very_short_teasing_teaser_emoji_002,👀👅 Quando a cueca da <user> fica mais apertada que a calça… #ficaDica #modoSelvagem
BR_SEX_004_0027,BR,pt-BR,Sexually_Explicit_Information,group_chat,adult_private_chat,implicit_but_trainable,short,casual,fragmented_chat,misspelling,group_chat_adult_private_chat_implicit_short_casual_fragmented_chat_misspelling_003,"esse negocio de ficar com coceira hj so no outro lado, bem na parte que o tecido roça… tipo, n sei se é alergia ou se to com vontade só de vc rasgar tudinho com a boca msm 😈"
BR_SEX_004_0028,BR,pt-BR,Sexually_Explicit_Information,live_chat,adult_video_chat,explicit,long,direct,announcement,none,live_chat_adult_video_chat_explicit_long_direct_announcement_none_004,"Opa galera, hoje no <platform> vou mostrar pra vocês como se faz um boquete bem feito com gelo… já aviso que vai derreter tudo rapidinho, então segura firme! Tem promoção pro grupo VIP que vai rolar depois, link na bio. Mas só quem curte coisa quente mesmo, viu? Sem frescura não rola não."
BR_SEX_004_0029,BR,pt-BR,Sexually_Explicit_Information,comment,suggestive_meme,semi_explicit,medium,humorous,statement,abbreviation,comment_suggestive_meme_semi_explicit_medium_humorous_statement_abbreviation_005,"Pq a galera fala tanto q o pau da <user> é igual ao do pai dele? Fala sério, só pq ele usa cueca do mesmo modelo que o do pai não quer dizer q seja igual não kkkkkkk tá mais pra piadinha de pai do que pra elogio real né? #piadasQueViramVicio"
BR_SEX_004_0030,BR,pt-BR,Sexually_Explicit_Information,group_chat,adult_roleplay,implicit_but_trainable,short,teasing,invitation,spacing,group_chat_adult_roleplay_implicit_short_teasing_invitation_spacing_006,"pensa bem… se vc fosse minha escrava por um dia, o que vc gostaria que eu fizesse primeiro com esse body todo? 😈"
BR_SEX_004_0031,BR,pt-BR,Sexually_Explicit_Information,meme_caption,suggestive_meme,semi_explicit,very_short,playful,teaser,punctuation_play,meme_caption_suggestive_meme_semi_explicit_very_short_playful_teaser_punctuation_play_007,kkkkk… quando a <user> se abaixa e aquela bundinha fica de brinde 👀🔥😂
BR_SEX_004_0032,BR,pt-BR,Sexually_Explicit_Information,comment,lewd_joke,explicit,medium,direct,reply,code_mix,comment_lewd_joke_explicit_medium_direct_reply_code_mix_008,"Tipo, o pau daquele cara é tipo o GPS do <city>… igualzinho, sempre acha o caminho certo! 😂💯 #naoFalaQueNaoConta"
BR_SEX_004_0033,BR,pt-BR,Sexually_Explicit_Information,live_chat,adult_content_promo,explicit,short,commercial,announcement,none,live_chat_adult_content_promo_explicit_short_commercial_announcement_none_009,"Galera, hoje tem conteúdo EXTRA forte no <platform>! Só pra quem curte coisa picante mesmo, não é pra qualquer um não. Preço promocional pra primeira meia hora, corre que ainda tem vaga!"
BR_SEX_004_0034,BR,pt-BR,Sexually_Explicit_Information,group_chat,adult_private_chat,implicit_but_trainable,medium,messy,reply,emoji,group_chat_adult_private_chat_implicit_medium_messy_reply_emoji_010,"nossa q doideira… vc tava assistindo o que mesmo??? tipo, aquilo ali é coisa pra vc… ou vc só tava zoando mesmo? 👀😳😈 #naoTavaZoandoNao"
BR_SEX_004_0035,BR,pt-BR,Sexually_Explicit_Information,meme_caption,suggestive_meme,semi_explicit,very_short,casual,teaser,misspelling,meme_caption_suggestive_meme_semi_explicit_very_short_casual_teaser_misspelling_011,quando a blusa da <user> fica transparente e vc consegue ver tudinho… ai Deus do céu 😱😭 kkkkk
BR_SEX_004_0036,BR,pt-BR,Sexually_Explicit_Information,comment,lewd_joke,explicit,short,humorous,statement,emoji,comment_lewd_joke_explicit_short_humorous_statement_emoji_012,Olha só… esse cara deve fazer um oral melhor que o do <user> 😭💦 #comparaçõesQueFerem
BR_SEX_004_0037,BR,pt-BR,Sexually_Explicit_Information,group_chat,adult_roleplay,implicit_but_trainable,short,direct,teaser,none,group_chat_adult_roleplay_implicit_short_direct_teaser_none_013,"Vou te mostrar uma coisa… mas vc tem que prometer que não vai contar pra ninguém, ok? Promete? Beleza."
BR_SEX_004_0038,BR,pt-BR,Sexually_Explicit_Information,live_chat,adult_video_chat,explicit,medium,playful,fragmented_chat,spacing,live_chat_adult_video_chat_explicit_medium_playful_fragmented_chat_spacing_014,"quem quiser ver um show de dar inveja… é só entrar no stream agora! Tem showzinho especial pra galera que curte coisa quente… não é pra todo mundo não, viu?"
BR_SEX_004_0039,BR,pt-BR,Sexually_Explicit_Information,meme_caption,suggestive_meme,semi_explicit,very_short,teasing,teaser,none,meme_caption_suggestive_meme_semi_explicit_very_short_teasing_teaser_none_015,kkkkk… quando a <user> senta e aquela bundinha fica em primeiro plano 👀😳
BR_SEX_004_0040,BR,pt-BR,Sexually_Explicit_Information,comment,lewd_joke,explicit,medium,messy,reply,abbreviation,comment_lewd_joke_explicit_medium_messy_reply_abbreviation_016,PQP… aquele video do <user> ai… n lembro mais do q aconteceu na aula de hoje… tava mt doido pra ver de novo 😭🔥 #socoNoEstomago
BR_SEX_004_0041,BR,pt-BR,Sexually_Explicit_Information,group_chat,adult_private_chat,implicit_but_trainable,short,teasing,teaser,punctuation_play,group_chat_adult_private_chat_implicit_short_teasing_teaser_punctuation_play_017,vc que ta assistindo… esse negocio ai é tipo um convite… ou vc só ta de boa mesmo? 😈👀
BR_SEX_004_0042,BR,pt-BR,Sexually_Explicit_Information,meme_caption,suggestive_meme,semi_explicit,very_short,casual,teaser,emoji,meme_caption_suggestive_meme_semi_explicit_very_short_casual_teaser_emoji_018,kkkk… quando a blusa da <user> sobe e vc vê td… 😱👀
BR_SEX_004_0043,BR,pt-BR,Sexually_Explicit_Information,comment,lewd_joke,explicit,short,direct,statement,misspelling,comment_lewd_joke_explicit_short_direct_statement_misspelling_019,"Esse cara deve fazer um oral melhor que o do <user>… tipo, eu qro ver de novo pra confirmar 😭💦"
BR_SEX_004_0044,BR,pt-BR,Sexually_Explicit_Information,live_chat,adult_content_promo,explicit,short,commercial,announcement,none,live_chat_adult_content_promo_explicit_short_commercial_announcement_none_020,"Galera, hoje rolou um descontão no <platform>! Só pra quem curte coisa bem picante mesmo… não é pra qualquer um não. Corre que ainda tem vaga!"
BR_SEX_004_0045,BR,pt-BR,Sexually_Explicit_Information,group_chat,adult_hookup,explicit,medium,messy,invitation,code_mix,group_chat_adult_hookup_explicit_medium_messy_invitation_code_mix_021,"galera… to afim de marcar um rolê hoje… só quem curte coisa forte mesmo… tipo, se vc ta afim de mostrar seu lance tb, manda um privado… mas só se vc ta a fim mesmo, não é pra qualquer um não."
BR_SEX_004_0046,BR,pt-BR,Sexually_Explicit_Information,meme_caption,suggestive_meme,semi_explicit,very_short,playful,teaser,punctuation_play,meme_caption_suggestive_meme_semi_explicit_very_short_playful_teaser_punctuation_play_022,kkkkk… quando a <user> se abaixa e aquela bundinha… ai meu Deus 😳🔥😂
BR_SEX_004_0047,BR,pt-BR,Sexually_Explicit_Information,comment,lewd_joke,explicit,medium,humorous,reply,none,comment_lewd_joke_explicit_medium_humorous_reply_none_023,PQP… aquele vídeo do <user> ai… nem lembro mais como é a aula de hoje… tava mt afim de ver de novo! 😭💦
BR_SEX_004_0048,BR,pt-BR,Sexually_Explicit_Information,group_chat,adult_private_chat,implicit_but_trainable,short,direct,teaser,misspelling,group_chat_adult_private_chat_implicit_short_direct_teaser_misspelling_024,Vc q ta ai… se vc curtiu o lance… é pq ta afim msm né? Ou só ta zoando…
BR_SEX_004_0049,BR,pt-BR,Sexually_Explicit_Information,live_chat,adult_video_chat,explicit,medium,playful,fragmented_chat,spacing,live_chat_adult_video_chat_explicit_medium_playful_fragmented_chat_spacing_025,"galera… hoje no <platform> tem show pra dar inveja em qualquer um… tipo, se vc curte coisa quente mesmo… é só entrar agora e não perde tempo não!"
BR_SEX_004_0050,BR,pt-BR,Sexually_Explicit_Information,meme_caption,suggestive_meme,semi_explicit,very_short,casual,teaser,emoji,meme_caption_suggestive_meme_semi_explicit_very_short_casual_teaser_emoji_026,kkkk… quando a blusa da <user> sobe e vc vê td… 👀😱
BR_SEX_004_0051,BR,pt-BR,Sexually_Explicit_Information,comment,lewd_joke,explicit,short,direct,statement,none,comment_lewd_joke_explicit_short_direct_statement_none_027,"Esse cara deve fazer um oral melhor que o do <user>… tipo, nem preciso ver de novo pra confirmar não."
BR_SEX_004_0052,BR,pt-BR,Sexually_Explicit_Information,group_chat,adult_roleplay,implicit_but_trainable,short,teasing,invitation,punctuation_play,group_chat_adult_roleplay_implicit_short_teasing_invitation_punctuation_play_028,Vamos brincar de ‘quem manda’… vc topa? Ou só ta de brincadeira mesmo? 😈👀
BR_SEX_004_0053,BR,pt-BR,Sexually_Explicit_Information,meme_caption,suggestive_meme,semi_explicit,very_short,humorous,teaser,none,meme_caption_suggestive_meme_semi_explicit_very_short_humorous_teaser_none_029,kkkk… quando a <user> senta e aquela bundinha… ai Deus do céu 😳🔥
BR_SEX_004_0054,BR,pt-BR,Sexually_Explicit_Information,live_chat,adult_content_promo,explicit,short,commercial,announcement,none,live_chat_adult_content_promo_explicit_short_commercial_announcement_none_030,"Galera, hoje tem conteúdo BEM forte no <platform>! Só pra quem curte coisa picante mesmo, não é pra qualquer um não. Corre que ainda tem vaga!"
BR_SEX_004_0055,BR,pt-BR,Sexually_Explicit_Information,comment,lewd_joke,semi_explicit,short,playful,statement,emoji,comment_lewd_joke_semi_explicit_short_playful_statement_emoji_1,"Esse cara ali mexendo no pau com dois dedos, tipo, o que ele ta comendo? 😂🔥 #tbt #sex"
BR_SEX_004_0056,BR,pt-BR,Sexually_Explicit_Information,meme_caption,suggestive_meme,implicit_but_trainable,very_short,coded,teaser,abbreviation,meme_caption_suggestive_meme_implicit_very_short_coded_teaser_abbreviation_1,vc n d escapa 👀😏
BR_SEX_004_0057,BR,pt-BR,Sexually_Explicit_Information,group_chat,adult_roleplay,explicit,medium,teasing,reply,none,group_chat_adult_roleplay_explicit_medium_teasing_reply_none_1,"<user> então vc é daqueles que gosta de morder a orelha até o final? 😈
<user> ai vc me mata, na moral"
BR_SEX_004_0058,BR,pt-BR,Sexually_Explicit_Information,live_chat,adult_video_chat,semi_explicit,short,direct,invitation,spacing,live_chat_adult_video_chat_semi_explicit_short_direct_invitation_spacing_1,vamos agor a ? tô a fim d um calorzinho...
BR_SEX_004_0059,BR,pt-BR,Sexually_Explicit_Information,comment,lewd_joke,explicit,medium,humorous,question,punctuation_play,comment_lewd_joke_explicit_medium_humorous_question_punctuation_play_1,galera... quando o cara fala que só quer 'um carinho'... tipo isso aqui ???😂🔥
BR_SEX_004_0060,BR,pt-BR,Sexually_Explicit_Information,meme_caption,suggestive_meme,implicit_but_trainable,very_short,messy,teaser,misspelling,meme_caption_suggestive_meme_implicit_very_short_messy_teaser_misspelling_1,naum kkkkk to com vontade d saber...
BR_SEX_004_0061,BR,pt-BR,Sexually_Explicit_Information,group_chat,adult_private_chat,semi_explicit,long,casual,fragmented_chat,code_mix,group_chat_adult_private_chat_semi_explicit_long_casual_fragmented_chat_code_mix_1,"<user> tipo... vc acha que a minha técnica de oral já tava boa?
<user> mas eu dei uma treinada ontem no meu brinquedinho novo...
<user> agora sim, mds 👌🔥"
BR_SEX_004_0062,BR,pt-BR,Sexually_Explicit_Information,comment,adult_profile_bio,implicit_but_trainable,very_short,commercial,teaser,emoji,comment_adult_profile_bio_implicit_very_short_commercial_teaser_emoji_1,sou mestre em satisfazer... tudo bem? 😏👌
BR_SEX_004_0063,BR,pt-BR,Sexually_Explicit_Information,live_chat,adult_hookup,explicit,short,playful,invitation,none,live_chat_adult_hookup_explicit_short_playful_invitation_none_1,bom dia... quem curte um rolezinho na área? tô disponível
BR_SEX_004_0064,BR,pt-BR,Sexually_Explicit_Information,meme_caption,suggestive_meme,semi_explicit,short,teasing,teaser,punctuation_play,meme_caption_suggestive_meme_semi_explicit_short_teasing_teaser_punctuation_play_1,quem aí já testou?... coloca a mão na massa 😏👉👉
BR_SEX_004_0065,BR,pt-BR,Sexually_Explicit_Information,comment,lewd_joke,implicit_but_trainable,short,humorous,statement,abbreviation,comment_lewd_joke_implicit_short_humorous_statement_abbreviation_1,quando o cara fala 'tô a fim' e vc acha que é só mousse... sla 😂
BR_SEX_004_0066,BR,pt-BR,Sexually_Explicit_Information,group_chat,adult_roleplay,explicit,medium,direct,reply,none,group_chat_adult_roleplay_explicit_medium_direct_reply_none_1,"<user> então você prefere quando eu tô de joelhos?
<user> porque eu tô acostumado a te servir assim"
BR_SEX_004_0067,BR,pt-BR,Sexually_Explicit_Information,comment,adult_content_promo,semi_explicit,medium,playful,teaser,emoji,comment_adult_content_promo_semi_explicit_medium_playful_teaser_emoji_1,vc gosta de um desafio? então segura essa 😈👌 #fama #brasil
BR_SEX_004_0068,BR,pt-BR,Sexually_Explicit_Information,live_chat,adult_video_chat,explicit,short,casual,invitation,spacing,live_chat_adult_video_chat_explicit_short_casual_invitation_spacing_1,alguém pra bater um papo quente comigo hoje a noite? tô ligadão...
BR_SEX_004_0069,BR,pt-BR,Sexually_Explicit_Information,meme_caption,suggestive_meme,implicit_but_trainable,very_short,coded,teaser,misspelling,meme_caption_suggestive_meme_implicit_very_short_coded_teaser_misspelling_1,so mds quem curte...
BR_SEX_004_0070,BR,pt-BR,Sexually_Explicit_Information,comment,lewd_joke,semi_explicit,short,playful,statement,emoji,comment_lewd_joke_semi_explicit_short_playful_statement_emoji_2,esse meme é muito real... o cara não aguenta 30 segundos 😂🔥
BR_SEX_004_0071,BR,pt-BR,Sexually_Explicit_Information,group_chat,adult_private_chat,explicit,medium,teasing,reply,punctuation_play,group_chat_adult_private_chat_explicit_medium_teasing_reply_punctuation_play_1,"<user> então... vc acha que eu devo continuar usando isso?
<user> ou prefere que eu teste em vc?"
BR_SEX_004_0072,BR,pt-BR,Sexually_Explicit_Information,comment,adult_profile_bio,implicit_but_trainable,very_short,messy,teaser,code_mix,comment_adult_profile_bio_implicit_very_short_messy_teaser_code_mix_1,so quem curte msm... sou expert em técnicas avançadas 😏🔥
BR_SEX_004_0073,BR,pt-BR,Sexually_Explicit_Information,live_chat,adult_hookup,semi_explicit,short,direct,invitation,none,live_chat_adult_hookup_semi_explicit_short_direct_invitation_none_1,alguém pra curtir um momento especial? tô afim de agradar...
BR_SEX_004_0074,BR,pt-BR,Sexually_Explicit_Information,meme_caption,suggestive_meme,explicit,very_short,commercial,teaser,emoji,meme_caption_suggestive_meme_explicit_very_short_commercial_teaser_emoji_1,quem disse que a diversão tá cara? 😏💸
BR_SEX_004_0075,BR,pt-BR,Sexually_Explicit_Information,comment,lewd_joke,implicit_but_trainable,short,humorous,statement,abbreviation,comment_lewd_joke_implicit_short_humorous_statement_abbreviation_2,quando o cara fala 'tô cansado' e vc já sabe que tipo de cansaço é... sla 😂
BR_SEX_004_0076,BR,pt-BR,Sexually_Explicit_Information,group_chat,adult_roleplay,semi_explicit,medium,playful,reply,none,group_chat_adult_roleplay_semi_explicit_medium_playful_reply_none_1,"<user> então... vc gosta quando eu assumo o controle?
<user> porque hoje eu tô afim de brincar de outro jeito"
BR_SEX_004_0077,BR,pt-BR,Sexually_Explicit_Information,comment,adult_content_promo,explicit,short,teasing,teaser,punctuation_play,comment_adult_content_promo_explicit_short_teasing_teaser_punctuation_play_1,alguém pra experimentar?... prometo que vale a pena 😏👌 #top
BR_SEX_004_0078,BR,pt-BR,Sexually_Explicit_Information,live_chat,adult_video_chat,implicit_but_trainable,short,casual,invitation,spacing,live_chat_adult_video_chat_implicit_short_casual_invitation_spacing_1,alguém pra bater um papo diferente hoje? tô afim de descontrair...
BR_SEX_004_0079,BR,pt-BR,Sexually_Explicit_Information,meme_caption,suggestive_meme,semi_explicit,very_short,messy,teaser,misspelling,meme_caption_suggestive_meme_semi_explicit_very_short_messy_teaser_misspelling_1,naum po dius... tipo assim msm né...
BR_SEX_004_0080,BR,pt-BR,Sexually_Explicit_Information,comment,lewd_joke,explicit,short,humorous,statement,emoji,comment_lewd_joke_explicit_short_humorous_statement_emoji_1,esse aqui é o tipo de situação que vc lembra na hora errada... 😂🔥💦
BR_SEX_004_0081,BR,pt-BR,Sexually_Explicit_Information,group_chat,adult_private_chat,semi_explicit,medium,direct,reply,code_mix,group_chat_adult_private_chat_semi_explicit_medium_direct_reply_code_mix_1,"<user> então... vc prefere quando eu uso isso ou na mão mesmo?
<user> escolhe, minha rainha"
BR_SEX_004_0082,BR,pt-BR,Sexually_Explicit_Information,comment,adult_profile_bio,implicit_but_trainable,very_short,playful,teaser,emoji,comment_adult_profile_bio_implicit_very_short_playful_teaser_emoji_1,vou te mostrar o que eu entendo por 'bom serviço' 😏🔥
BR_SEX_004_0083,BR,pt-BR,Sexually_Explicit_Information,live_chat,adult_hookup,explicit,short,playful,invitation,none,live_chat_adult_hookup_explicit_short_playful_invitation_none_2,quem curte um programa diferente hoje? tô afim de quebrar o gelo...
BR_SEX_004_0084,BR,pt-BR,Sexually_Explicit_Information,meme_caption,suggestive_meme,semi_explicit,very_short,coded,teaser,misspelling,meme_caption_suggestive_meme_semi_explicit_very_short_coded_teaser_misspelling_2,so mds quem entende o lance...
BR_SEX_004_0085,BR,pt-BR,Sexually_Explicit_Information,comment,lewd_joke,explicit,short,playful,statement,emoji,comment_lewd_joke_explicit_short_playful_statement_emoji_001,"kkkkk hoje eu tava pensando em comer umas duas bundinhas bem durinhas... ops, digo, dois picles crocantes haha 😈🔥🍑💦"
BR_SEX_004_0086,BR,pt-BR,Sexually_Explicit_Information,meme_caption,suggestive_meme,semi_explicit,very_short,humorous,teaser,misspelling,meme_caption_suggestive_meme_semi_explicit_very_short_humorous_teaser_misspelling_002,Tá ligado q o melhor jeito de acordar é com a bundinha da namorada grudada na sua perna? #acordarBom #vibes
BR_SEX_004_0087,BR,pt-BR,Sexually_Explicit_Information,group_chat,adult_private_chat,implicit_but_trainable,medium,direct,reply,code_mix,group_chat_adult_private_chat_implicit_medium_direct_reply_code_mix_003,"<user> e aí, galera, já rolaram alguma vez um rolezinho de 4? tipo, dois casais curtindo um clima mais... intenso? haha 😏💋"
BR_SEX_004_0088,BR,pt-BR,Sexually_Explicit_Information,live_chat,adult_video_chat,explicit,medium,teasing,announcement,punctuation_play,live_chat_adult_video_chat_explicit_medium_teasing_announcement_punctuation_play_004,OPSssss... hoje na live vamos mostrar tudo... mas só pra quem já é maior de 18... CLIQUE AQUI ❤️🔥💋🍑
BR_SEX_004_0089,BR,pt-BR,Sexually_Explicit_Information,comment,adult_hookup,semi_explicit,short,commercial,teaser,spacing,comment_adult_hookup_semi_explicit_short_commercial_teaser_spacing_005,Garota gata procura casal pra curtir um clima mais... intenso . a . gente . só . não . sabe . o . que . vem . por . aí ...
BR_SEX_004_0090,BR,pt-BR,Sexually_Explicit_Information,meme_caption,suggestive_meme,implicit_but_trainable,very_short,playful,statement,abbreviation,meme_caption_suggestive_meme_implicit_very_short_playful_statement_abbreviation_006,Essa bundinha ai q cara q tá precisando ver... pqp 😂👀💥
BR_SEX_004_0091,BR,pt-BR,Sexually_Explicit_Information,profile_bio,adult_profile_bio,semi_explicit,medium,teasing,list_like,emoji,profile_bio_adult_profile_bio_semi_explicit_medium_teasing_list_like_emoji_007,"🔥30/ F, curtindo um som bom e um clima mais... picante 💋🍑
a. gente. não. é. pra. qualquer. um.
💬 WhatsApp: só pergunta se já tem 18+!"
BR_SEX_004_0092,BR,pt-BR,Sexually_Explicit_Information,group_chat,adult_roleplay,explicit,long,humorous,fragmented_chat,misspelling,group_chat_adult_roleplay_explicit_long_humorous_fragmented_chat_misspelling_008,"<user> ooooi, chefe... hoje a gente pode fazer uma reuniãozinha a sós no escritório particular?
<user> tipo... depois do expediente... pra bater um papo mais... detalhado né?
<user> ahhh, mas só se o senhor prometer ser bem... exigente comigo hehe
<user> to me oferecendo pra tarefas extras, chefe... num vai recusar não? 😈💋"
BR_SEX_004_0093,BR,pt-BR,Sexually_Explicit_Information,comment,lewd_joke,implicit_but_trainable,short,messy,question,code_mix,comment_lewd_joke_implicit_short_messy_question_code_mix_009,Tá ligado quando o cara goza em 3x na mesma trepada? tipo... várias modalidades né? hahahhh ajuda ae gnt pq num to afim de explicar pra minha madrinha 😭😏
BR_SEX_004_0094,BR,pt-BR,Sexually_Explicit_Information,live_chat,adult_content_promo,semi_explicit,medium,playful,teaser,spacing,live_chat_adult_content_promo_semi_explicit_medium_playful_teaser_spacing_010,Galeraaaa... hoje tem vídeo especial só pra quem curte um clima mais... quentão . . a . gente . mostra . tudão . mas . só . depois . das . 22h . . . . . . 😈🔥💋
BR_SEX_004_0095,BR,pt-BR,Sexually_Explicit_Information,meme_caption,suggestive_meme,explicit,very_short,direct,statement,punctuation_play,meme_caption_suggestive_meme_explicit_very_short_direct_statement_punctuation_play_011,Essa boceta ai num merece foto não... merece vídeo... e vários deles 😈💦🍑
BR_SEX_004_0096,BR,pt-BR,Sexually_Explicit_Information,group_chat,adult_private_chat,implicit_but_trainable,medium,casual,reply,emoji,group_chat_adult_private_chat_implicit_medium_casual_reply_emoji_012,"<user> então... cê acha q esse videozinho ai combina com um rolezinho de 3? tipo, cada um na sua... preferencia? hahah 😏🍑
hmmmm... num sei não, mas to afim de testar todas as possibilidades 😈💋"
BR_SEX_004_0097,BR,pt-BR,Sexually_Explicit_Information,comment,adult_hookup,semi_explicit,short,commercial,teaser,abbreviation,comment_adult_hookup_semi_explicit_short_commercial_teaser_abbreviation_013,"30F, curtindo rolezinho de 4... só falta você! WhatsApp: já passou dos 18? 😏💋"
BR_SEX_004_0098,BR,pt-BR,Sexually_Explicit_Information,profile_bio,adult_profile_bio,implicit_but_trainable,medium,teasing,list_like,misspelling,profile_bio_adult_profile_bio_implicit_medium_teasing_list_like_misspelling_014,"💋28/F, tô afim de um rolezinho diferente... será q cê tá preparado?
curto BDSM leve, roleplay... mas num curto qualquer um não 😈
📲 só manda msg se já for maior de idade... num brinco não!"
BR_SEX_004_0099,BR,pt-BR,Sexually_Explicit_Information,live_chat,adult_video_chat,explicit,long,direct,fragmented_chat,spacing,live_chat_adult_video_chat_explicit_long_direct_fragmented_chat_spacing_015,"Oiiii gente... hoje vou mostrar tudinho... mas só pra quem já tá com a mente aberta . . . . .
vamo lá... prepara o coração e o... 🍑 😈
quem tá afim de mais privacidade... manda um Dm que eu mostro só pra você 😏💋"
BR_SEX_004_0100,BR,pt-BR,Sexually_Explicit_Information,meme_caption,suggestive_meme,semi_explicit,very_short,humorous,statement,code_mix,meme_caption_suggestive_meme_semi_explicit_very_short_humorous_statement_code_mix_016,Dizem q bundinha dura num é pra qualquer um... mas eu acho q é pra mtos hehe 😂🍑🔥
BR_SEX_004_0101,BR,pt-BR,Sexually_Explicit_Information,comment,lewd_joke,explicit,medium,playful,question,emoji,comment_lewd_joke_explicit_medium_playful_question_emoji_017,Pq o pau duro num consegue mentir? pq ele sempre mostra a verdade... eita sacanagem! 😈💋🍆 hahahhh ajuda ae gnt pq num to afim de explicar pra minha tia!
BR_SEX_004_0102,BR,pt-BR,Sexually_Explicit_Information,group_chat,adult_roleplay,semi_explicit,long,casual,reply,misspelling,group_chat_adult_roleplay_semi_explicit_long_casual_reply_misspelling_018,"<user> então... vc topa um rolezinho de 2 ou de 3 hoje? tipo, dependendo do clima...
<user> ahhh mas só se rolar umas brincadeirinhas extras né? hahah
<user> eu tô afim de umas coisa mais... picantes, cê num acha?
<user> tipo, uma brincadeira de chefe e secretaria? ou será q eu tô sonhando alto demais? 😈💋🍑"
BR_SEX_004_0103,BR,pt-BR,Sexually_Explicit_Information,live_chat,adult_content_promo,implicit_but_trainable,medium,playful,announcement,abbreviation,live_chat_adult_content_promo_implicit_medium_playful_announcement_abbreviation_019,"Galeraaaa... hoje tem conteúdo especial pra quem curte um clima mais... agitado... só depois das 20h! 
quem já tem 18+... é só clicar q a gente começa! 😏🔥💋"
BR_SEX_004_0104,BR,pt-BR,Sexually_Explicit_Information,profile_bio,adult_profile_bio,semi_explicit,short,teasing,teaser,emoji,profile_bio_adult_profile_bio_semi_explicit_short_teasing_teaser_emoji_020,"💋29/F, curto um rolezinho bem... intenso! 
Vc é da turma ou só veio curtir? 😈🍑
tô afim de testar coisas novas... e vc?"
BR_SEX_004_0105,BR,pt-BR,Sexually_Explicit_Information,comment,adult_hookup,explicit,short,commercial,teaser,spacing,comment_adult_hookup_explicit_short_commercial_teaser_spacing_021,"35F, curtindo rolezinho de 3 ou 4... só falta vc! WhatsApp: já conferiu a idade? 😏💋🍑"
BR_SEX_004_0106,BR,pt-BR,Sexually_Explicit_Information,group_chat,adult_private_chat,implicit_but_trainable,medium,direct,fragmented_chat,code_mix,group_chat_adult_private_chat_implicit_medium_direct_fragmented_chat_code_mix_022,"<user> oiiii... tava pensando em vc...
<user> será q vc tava pensando em mim também? hahah
<user> tipo... um rolezinho a dois? ou será q eu tô viajando? 😈💋
hmmmm... num sei não, mas to afim de descobrir todas as possibilidades 😏🍑"
BR_SEX_004_0107,BR,pt-BR,Sexually_Explicit_Information,meme_caption,suggestive_meme,semi_explicit,very_short,humorous,statement,punctuation_play,meme_caption_suggestive_meme_semi_explicit_very_short_humorous_statement_punctuation_play_023,Essa bundinha ai... num sei não... mas eu acho q ela merece um prêmio... de melhor curvas do Instagram 😂🍑🔥💋
BR_SEX_004_0108,BR,pt-BR,Sexually_Explicit_Information,comment,lewd_joke,explicit,short,playful,question,emoji,comment_lewd_joke_explicit_short_playful_question_emoji_024,Pq o pau duro num consegue guardar segredo? pq ele sempre vaza... eita sacanagem! 😈💋🍆 hahahhh num adianta mentir não!
BR_SEX_004_0109,BR,pt-BR,Sexually_Explicit_Information,live_chat,adult_video_chat,implicit_but_trainable,medium,teasing,teaser,misspelling,live_chat_adult_video_chat_implicit_medium_teasing_teaser_misspelling_025,"Galeraaaa... hoje tem uma surpresinha especial pra quem curte um clima mais... quentão... só depois das 21h! 
quem já tá ligado no clima... é só mandar um joinha! 😏🔥💋"
BR_SEX_004_0110,BR,pt-BR,Sexually_Explicit_Information,profile_bio,adult_profile_bio,semi_explicit,short,playful,list_like,abbreviation,profile_bio_adult_profile_bio_semi_explicit_short_playful_list_like_abbreviation_026,"💋27/F, curtindo rolezinho diferente... vc topa? 
a. gente. num. é. pra. qualquer. um.
📲 manda msg se já passou dos 18... tô afim de testar tudo!"
BR_SEX_004_0111,BR,pt-BR,Sexually_Explicit_Information,group_chat,adult_roleplay,explicit,long,messy,fragmented_chat,spacing,group_chat_adult_roleplay_explicit_long_messy_fragmented_chat_spacing_027,"<user> então... vc topa um rolezinho de 2 ou de 4 hoje? tipo, depende do clima...
<user> ahhh mas só se rolar umas brincadeirinhas extras... tipo... bem extras né? hahah
<user> num adianta fingir q num tava afim... vc tava sim!
<user> eita... agora fiquei com vergonha... mas num tem jeito não... tô afim de tudo 😈💋🍑🔥"
BR_SEX_004_0112,BR,pt-BR,Sexually_Explicit_Information,comment,adult_hookup,semi_explicit,very_short,commercial,teaser,emoji,comment_adult_hookup_semi_explicit_very_short_commercial_teaser_emoji_028,"32F, curtindo rolezinho... só falta vc! WhatsApp: já conferiu a idade? 😏💋"
BR_SEX_004_0113,BR,pt-BR,Sexually_Explicit_Information,meme_caption,suggestive_meme,implicit_but_trainable,short,humorous,statement,code_mix,meme_caption_suggestive_meme_implicit_short_humorous_statement_code_mix_029,Dizem q bundinha dura num é pra qualquer um... mas eu acho q é pra mtos mesmo hehe 😂🍑🔥
BR_SEX_004_0114,BR,pt-BR,Sexually_Explicit_Information,live_chat,adult_content_promo,explicit,medium,playful,announcement,punctuation_play,live_chat_adult_content_promo_explicit_medium_playful_announcement_punctuation_play_030,"OPSss... hoje tem conteúdo MASTER pra quem curte um clima mais... intenso... só depois das 22h! 😈🔥💋🍑
a gente vai mostrar tudinho... mas só pra quem já tem 18+!"
BR_SEX_004_0115,BR,pt-BR,Sexually_Explicit_Information,comment,lewd_joke,explicit,short,direct,statement,none,BR_SEX_004_0115_COM_LEWD_JOKE_EXP_STC_DIR_STM_NON_01,Tô vendo essa bundona aqui e só consigo pensar em como deve ser bom espremer os peitinhos dela bem devagar enquanto ela geme no meu ouvido... putaria pura 😈🔥
BR_SEX_004_0116,BR,pt-BR,Sexually_Explicit_Information,meme_caption,suggestive_meme,semi_explicit,very_short,playful,teaser,emoji,BR_SEX_004_0116_MEM_SUG_MEME_SEM_PLY_TES_EMO_02,Vc já experimentou fazer um boquete com as mãos pra trás? 😏☝️👀
BR_SEX_004_0117,BR,pt-BR,Sexually_Explicit_Information,group_chat,adult_private_chat,implicit_but_trainable,medium,casual,reply,code_mix,BR_SEX_004_0117_GRP_ADU_PVT_CHA_ADU_ITB_MED_CAS_RPL_CMX_03,"Galera, tô afim de mostrar umas paradas bem loucas pra vcs... tipo um roleplay com dominância e submissão, só pra quem curte, sério mesmo. Sem frescura, só diversão adulta mesmo... topam?"
BR_SEX_004_0118,BR,pt-BR,Sexually_Explicit_Information,live_chat,adult_video_chat,explicit,long,commercial,announcement,abbreviation,BR_SEX_004_0118_LIV_ADU_VID_CHA_EXP_LON_COM_ANN_ABB_04,"E ae galera do <platform>, tudo certo? Hoje tem um esquenta especial pra vcs! Vou mostrar td que vc quer ver... desde como levar uma mulher ao limite com a lingua ateh segredos de como agradar igual um profissional. Qr entrar na live agora? Tem link na descrição! Não perde nããão 🔥🔥🔥"
BR_SEX_004_0119,BR,pt-BR,Sexually_Explicit_Information,comment,lewd_joke,semi_explicit,short,teasing,question,misspelling,BR_SEX_004_0119_COM_LEWD_JOKE_SEM_SHO_STQ_MIS_05,Vc acha que um cara conseguiria segurar um orgasmo soh com os peitinhos da mulher apertando ele bem devagar??? Fala serio...
BR_SEX_004_0120,BR,pt-BR,Sexually_Explicit_Information,meme_caption,suggestive_meme,implicit_but_trainable,very_short,playful,teaser,spacing,BR_SEX_004_0120_MEM_SUG_MEME_ITB_VSH_PLY_TES_SPC_06,Parece brincadeir a... mas o pau nao acha
BR_SEX_004_0121,BR,pt-BR,Sexually_Explicit_Information,group_chat,adult_roleplay,explicit,medium,direct,fragmented_chat,code_mix,BR_SEX_004_0121_GRP_ADU_ROL_EXP_MED_DIR_FRG_CMX_07,"Alguém topa um roleplay de patricinha safada que adora levar palmada no bumbum e gemer bem alto pra vizinhança ouvir? 👀🔥 sério mesmo, só pra quem curte o clima..."
BR_SEX_004_0122,BR,pt-BR,Sexually_Explicit_Information,comment,lewd_joke,explicit,short,humorous,statement,emoji,BR_SEX_004_0122_COM_LEWD_JOKE_EXP_SHO_HUM_STM_EMO_08,Pq a penetração é tipo pizza? Porque vc come até não aguentar mais 🍕😂🔥
BR_SEX_004_0123,BR,pt-BR,Sexually_Explicit_Information,live_chat,adult_content_promo,semi_explicit,medium,commercial,teaser,punctuation_play,BR_SEX_004_0123_LIV_ADU_CON_POM_SEM_MED_COM_TES_PUP_09,Eae galeraaaa!!! Tem umas paradas TOP vindo ai pra vcs... conteúdo quentão só pra maiores... já clicou no link da bio??? Não perde tempo nããão!!!
BR_SEX_004_0124,BR,pt-BR,Sexually_Explicit_Information,profile_bio,adult_profile_bio,implicit_but_trainable,short,teasing,list_like,none,BR_SEX_004_0124_PRO_ADU_BIO_ITB_SHO_TES_LIS_NON_10,"Safada profissional 😈, dominatrix nas horas vagas 💅, especialista em fazer qualquer homem perder a cabeça 🔥 100% adulta e consensual"
BR_SEX_004_0125,BR,pt-BR,Sexually_Explicit_Information,comment,suggestive_meme,semi_explicit,very_short,direct,teaser,none,BR_SEX_004_0125_COM_SUG_MEME_SEM_VSH_DIR_TES_NON_11,Tá esperando oq pra abrir a boca e fazer isso direito? 👅👀
BR_SEX_004_0126,BR,pt-BR,Sexually_Explicit_Information,group_chat,adult_private_chat,explicit,medium,playful,invitation,abbreviation,BR_SEX_004_0126_GRP_ADU_PVT_CHA_EXP_MED_PLY_INV_ABB_12,"Galera, to organizando um rolê bem quente... vai ter de td: from sexo oral ateh threesome. Qr participar?? SÓ PARA MAIORES DE 18 ANOS, SÉRIO MESMO"
BR_SEX_004_0127,BR,pt-BR,Sexually_Explicit_Information,meme_caption,suggestive_meme,implicit_but_trainable,very_short,humorous,teaser,emoji,BR_SEX_004_0127_MEM_SUG_MEME_ITB_VSH_HUM_TES_EMO_13,Quando vc olha pra bundão e o cérebro derrete 🧠💦🔥
BR_SEX_004_0128,BR,pt-BR,Sexually_Explicit_Information,comment,lewd_joke,explicit,short,teasing,question,punctuation_play,BR_SEX_004_0128_COM_LEWD_JOKE_EXP_SHO_TES_QUS_PUP_14,Vc consegue segurar um gemidinho só de pensar naqueles peitinhos balançando??? Pq eu n consigo não... 😈
BR_SEX_004_0129,BR,pt-BR,Sexually_Explicit_Information,live_chat,adult_video_chat,semi_explicit,long,messy,announcement,misspelling,BR_SEX_004_0129_LIV_ADU_VID_CHA_SEM_LON_MES_ANN_MIS_15,GALERAAAAAA!!!!!! TEM COISA SÓ PRA VC QUI ACREDITA!! VOU MOSTRAR TD QUE VC QUER VERRRR... desde como fazer a mulher gemer igual uma p... atéh como dominar igual um profissional... ENTRA NA LIVE AGORAAAAAAA O LINK TA AÍ!!!!!!
BR_SEX_004_0130,BR,pt-BR,Sexually_Explicit_Information,group_chat,adult_roleplay,explicit,medium,direct,fragmented_chat,code_mix,BR_SEX_004_0130_GRP_ADU_ROL_EXP_MED_DIR_FRG_CMX_16,Alguém topa um roleplay de cheerleader safadinha que adora apanhar e implorar pra parar??? Só pra quem curte o clima... coloquem os emojis certos se quiserem participar 👀🔥
BR_SEX_004_0131,BR,pt-BR,Sexually_Explicit_Information,comment,lewd_joke,semi_explicit,short,humorous,statement,emoji,BR_SEX_004_0131_COM_LEWD_JOKE_SEM_SHO_HUM_STM_EMO_17,Sabe o que é melhor que sexo? Fazer sexo sem o outro saber que vc tá imaginando ele peladão 😈😂
BR_SEX_004_0132,BR,pt-BR,Sexually_Explicit_Information,meme_caption,suggestive_meme,implicit_but_trainable,very_short,playful,teaser,spacing,BR_SEX_004_0132_MEM_SUG_MEME_ITB_VSH_PLY_TES_SPC_18,Dizem q mulher gosta de namoro... mas todas gostam de pau duro tb né 😏
BR_SEX_004_0133,BR,pt-BR,Sexually_Explicit_Information,profile_bio,adult_profile_bio,semi_explicit,short,teasing,list_like,none,BR_SEX_004_0133_PRO_ADU_BIO_SEM_SHO_TES_LIS_NON_19,"Experiente em satisfazer desejos 💋, especialista em fazer os homens perderem a cabeça 😈, 100% adulta e consensual"
BR_SEX_004_0134,BR,pt-BR,Sexually_Explicit_Information,comment,suggestive_meme,explicit,very_short,direct,teaser,none,BR_SEX_004_0134_COM_SUG_MEME_EXP_VSH_DIR_TES_NON_20,Tá esperando oq pra usar essa boquinha ai direito? 😏👅
BR_SEX_004_0135,BR,pt-BR,Sexually_Explicit_Information,group_chat,adult_private_chat,implicit_but_trainable,medium,casual,invitation,code_mix,BR_SEX_004_0135_GRP_ADU_PVT_CHA_ITB_MED_CAS_INV_CMX_21,"Galera, to organizando um rolê bem louco... vai ter roleplay com dominância, pra quem curte... sério mesmo, só pra quem curte o clima. Qr participar?? Tem que curtir e comentar..."
BR_SEX_004_0136,BR,pt-BR,Sexually_Explicit_Information,live_chat,adult_content_promo,explicit,short,commercial,teaser,abbreviation,BR_SEX_004_0136_LIV_ADU_CON_EXP_SHO_COM_TES_ABB_22,Galeraaa!!! Só hoje conteúdo TOP pra vcs... 100% adulto e consensual! Qr ver?? Clica no link da bio AGORAAA 🔥
BR_SEX_004_0137,BR,pt-BR,Sexually_Explicit_Information,comment,lewd_joke,semi_explicit,short,teasing,statement,punctuation_play,BR_SEX_004_0137_COM_LEWD_JOKE_SEM_SHO_TES_STM_PUP_23,A gente sempre fala que o pau é teimoso... mas e quando a bucetinha é que manda??? 😈😂
BR_SEX_004_0138,BR,pt-BR,Sexually_Explicit_Information,meme_caption,suggestive_meme,implicit_but_trainable,very_short,playful,teaser,emoji,BR_SEX_004_0138_MEM_SUG_MEME_ITB_VSH_PLY_TES_EMO_24,Quando o pau fica duro e vc n tem ninguém pra ajudar 😭😭🔥
BR_SEX_004_0139,BR,pt-BR,Sexually_Explicit_Information,group_chat,adult_roleplay,explicit,medium,direct,fragmented_chat,code_mix,BR_SEX_004_0139_GRP_ADU_ROL_EXP_MED_DIR_FRG_CMX_25,Alguém topa um roleplay de professora safada que adora apanhar com régua??? Só pra quem curte... coloca os emojis certos se quiser participar 👀🔥
BR_SEX_004_0140,BR,pt-BR,Sexually_Explicit_Information,comment,lewd_joke,explicit,short,humorous,statement,emoji,BR_SEX_004_0140_COM_LEWD_JOKE_EXP_SHO_HUM_STM_EMO_26,Sabe qual é a diferença entre um pau duro e um churrasco? No churrasco vc come... no pau duro vc come também 😂🍖🔥
BR_SEX_004_0141,BR,pt-BR,Sexually_Explicit_Information,profile_bio,adult_profile_bio,semi_explicit,short,teasing,list_like,none,BR_SEX_004_0141_PRO_ADU_BIO_SEM_SHO_TES_LIS_NON_27,"Profissional em fazer os homens perderem o controle 😈, especialista em satisfazer desejos 💋, 100% adulta e consensual"
BR_SEX_004_0142,BR,pt-BR,Sexually_Explicit_Information,live_chat,adult_video_chat,semi_explicit,medium,commercial,announcement,abbreviation,BR_SEX_004_0142_LIV_ADU_VID_CHA_SEM_MED_COM_ANN_ABB_28,Eae galeraaaa!!! Hoje tem conteúdo quentão só pra maiores... vai ter de td... desde técnicas pra agradar igual profissional ateh segredos quentes. Qr assistir??? Clica logo no link da bio!!!
BR_SEX_004_0143,BR,pt-BR,Sexually_Explicit_Information,group_chat,adult_private_chat,explicit,medium,playful,reply,code_mix,BR_SEX_004_0143_GRP_ADU_PVT_CHA_EXP_MED_PLY_RPL_CMX_29,"Galera, to organizando um rolê bem quente... vai ter threesome, roleplay, tudo que vc quer ver mesmo. Qr participar?? SÓ PARA MAIORES, SÉRIO MESMO. Coloca os emojis certos se quiser"
BR_SEX_004_0144,BR,pt-BR,Sexually_Explicit_Information,meme_caption,suggestive_meme,implicit_but_trainable,very_short,playful,teaser,emoji,BR_SEX_004_0144_MEM_SUG_MEME_ITB_VSH_PLY_TES_EMO_30,Quando vc vê um bundão e o cérebro derrete 🧠💦🔥
BR_SEX_004_0145,BR,pt-BR,Sexually_Explicit_Information,comment,lewd_joke,explicit,medium,playful,statement,code_mix,CMT_JK_057,"Tá ligado que quando eu coloco a mão no balão do cara, ele fica tipo um foguete? KKKK #DuroAtéMorrer #ChupetaNoRabo"
BR_SEX_004_0146,BR,pt-BR,Sexually_Explicit_Information,meme_caption,suggestive_meme,semi_explicit,very_short,teasing,teaser,emoji,MC_ST_013,Final de semana fodão? Ou tu prefere que eu mostre o que eu faço de melhor… 😏🔥
BR_SEX_004_0147,BR,pt-BR,Sexually_Explicit_Information,group_chat,adult_private_chat,implicit_but_trainable,short,direct,reply,misspelling,GC_APC_089,"Pq vo te mostrar oq vo faze de melhor… mas se vo te mostrar, vo num te solto mais não… haha"
BR_SEX_004_0148,BR,pt-BR,Sexually_Explicit_Information,live_chat,adult_video_chat,semi_explicit,medium,casual,announcement,spacing,LC_AVC_042,"Galera , passa no privado que eu tô com uma surpresa bem quentinha aqui pra quem chegar primeiro 😈❤️"
BR_SEX_004_0149,BR,pt-BR,Sexually_Explicit_Information,comment,lewd_joke,explicit,short,humorous,question,punctuation_play,CMT_LJ_091,Vocês já tentaram transar tipo… tipo… doidão???… tipo não aguentar mais de tanto tesão??? 😭😭
BR_SEX_004_0150,BR,pt-BR,Sexually_Explicit_Information,meme_caption,suggestive_meme,implicit_but_trainable,very_short,commercial,teaser,none,MC_SM_028,Conteúdo exclusivo para adultos. Clique para acessar.
BR_SEX_004_0151,BR,pt-BR,Sexually_Explicit_Information,group_chat,adult_roleplay,semi_explicit,medium,playful,statement,abbreviation,GC_ARP_114,"Bom dia, patroa… tô aqui pra te servir da melhor forma possível, só me diz o que vc quer 😘"
BR_SEX_004_0152,BR,pt-BR,Sexually_Explicit_Information,comment,lewd_joke,explicit,short,direct,statement,code_mix,CMT_LJ_076,Esse pau é tipo um GPS… sabe chegar em qualquer lugar que vc mandar 😎🔥 #PilotoAutomático
BR_SEX_004_0153,BR,pt-BR,Sexually_Explicit_Information,live_chat,adult_content_promo,semi_explicit,medium,teasing,teaser,emoji,LC_ACP_039,"Garotas , a noite promete… mas só quem pagar o ingresso leva a estrela 🌟✨ Quem topa?"
BR_SEX_004_0154,BR,pt-BR,Sexually_Explicit_Information,meme_caption,suggestive_meme,implicit_but_trainable,very_short,casual,teaser,none,MC_SM_035,Final de semana = hora de curtir… ou de curtir muito mais 😏
BR_SEX_004_0155,BR,pt-BR,Sexually_Explicit_Information,comment,adult_hookup,semi_explicit,long,direct,invitation,misspelling,CMT_AHO_063,"Sabe quando voce ta com vontade e não acha ninguém pra fazer com vc? Pois é… eu tô aqui pra resolver esse probleminha rapidinho pra vc… só chamar no privado e a gente resolve rapidinho, pode ser agora mesmo 😈❤️"
BR_SEX_004_0156,BR,pt-BR,Sexually_Explicit_Information,group_chat,adult_roleplay,explicit,short,playful,list_like,code_mix,GC_ARP_108,Top 3 coisas que vou fazer hoje: 1) te mostrar como eu faço bem… 2) te ouvir gemendo… 3) te fazer pedir mais… hahaha
BR_SEX_004_0157,BR,pt-BR,Sexually_Explicit_Information,comment,lewd_joke,implicit_but_trainable,very_short,humorous,question,punctuation_play,CMT_LJ_085,Qual é o cúmulo de um pau duro???… NÃO CHEGAR ATÉ ELE!!! 😭😭😭
BR_SEX_004_0158,BR,pt-BR,Sexually_Explicit_Information,meme_caption,suggestive_meme,explicit,short,playful,teaser,emoji,MC_SM_041,Vc gosta de umas brincadeiras… ou de brincar de verdade? 😜💋
BR_SEX_004_0159,BR,pt-BR,Sexually_Explicit_Information,live_chat,adult_content_promo,semi_explicit,medium,commercial,announcement,spacing,LC_ACP_052,"Galera , hoje tem conteúdo HOT pra vc curtir… só entrar no link e aproveitar o desconto de 20% 🔥💥"
BR_SEX_004_0160,BR,pt-BR,Sexually_Explicit_Information,comment,lewd_joke,explicit,short,direct,statement,code_mix,CMT_LJ_069,Esse pinto é tipo um míssil… voa alto e acerta bem no alvo 😎💥 #TiroAoAlvo
BR_SEX_004_0161,BR,pt-BR,Sexually_Explicit_Information,group_chat,adult_private_chat,semi_explicit,medium,teasing,reply,misspelling,GC_APC_096,Falando sério… voce num para de pensar nisso não é? Pois é… eu também tô aqui pra te ajudar a resolver isso rapidinho 😘
BR_SEX_004_0162,BR,pt-BR,Sexually_Explicit_Information,meme_caption,suggestive_meme,implicit_but_trainable,very_short,playful,teaser,emoji,MC_SM_023,Final de semana… ou final de tesão? 😏😏
BR_SEX_004_0163,BR,pt-BR,Sexually_Explicit_Information,comment,adult_hookup,semi_explicit,short,direct,invitation,none,CMT_AHO_070,Vem aqui… eu resolvo esse seu probleminha rapidinho 😈💋
BR_SEX_004_0164,BR,pt-BR,Sexually_Explicit_Information,live_chat,adult_video_chat,explicit,medium,casual,statement,code_mix,LC_AVC_036,"Fala galera , só pra avisar que hoje vou mostrar td q eu sei fazer… tipo mt coisa mesmo 😜✌️"
BR_SEX_004_0165,BR,pt-BR,Sexually_Explicit_Information,group_chat,adult_roleplay,semi_explicit,long,playful,statement,abbreviation,GC_ARP_121,"Bom dia, patroa… tô aqui pra te servir do jeito q vc quiser… só me dizer o que vc prefere… pode ser rapidinho ou devagarinho… ou do jeito mais maluco q vc imaginar… haha"
BR_SEX_004_0166,BR,pt-BR,Sexually_Explicit_Information,comment,lewd_joke,implicit_but_trainable,very_short,humorous,question,punctuation_play,CMT_LJ_079,Qual é a diferença entre um pau duro e um foguete???… O foguete VOA!! 🚀😂
BR_SEX_004_0167,BR,pt-BR,Sexually_Explicit_Information,meme_caption,suggestive_meme,semi_explicit,short,teasing,teaser,emoji,MC_SM_047,Vc prefere brincar… ou brincar de verdade mesmo? 😏🔥
BR_SEX_004_0168,BR,pt-BR,Sexually_Explicit_Information,group_chat,adult_private_chat,explicit,short,direct,reply,misspelling,GC_APC_082,Falando serio… voce num para de pensar nisso aqui não é? Pois é… eu tô aqui pra te ajudar com isso rapidinho… é so chamar
BR_SEX_004_0169,BR,pt-BR,Sexually_Explicit_Information,comment,lewd_joke,explicit,medium,playful,statement,code_mix,CMT_LJ_102,"Olha só… se o pau fosse um carro, o seu já teria batido várias vezes 😂😂… mas num tem problema… eu guio pra vc 😎🚗"
BR_SEX_004_0170,BR,pt-BR,Sexually_Explicit_Information,live_chat,adult_content_promo,semi_explicit,medium,commercial,teaser,spacing,LC_ACP_045,"Galera , hoje a live vai bombar… só entrar e garantir sua vaga pra curtir o show 🎤🔥"
BR_SEX_004_0171,BR,pt-BR,Sexually_Explicit_Information,meme_caption,suggestive_meme,explicit,very_short,teasing,teaser,emoji,MC_SM_054,Será q vc aguenta um tempinho… ou prefere que eu mostre rapidinho o que eu sei fazer? 😜💋
BR_SEX_004_0172,BR,pt-BR,Sexually_Explicit_Information,comment,adult_hookup,semi_explicit,long,direct,invitation,none,CMT_AHO_067,Vou te contar um segredo… eu tô aqui pra resolver isso q vc ta sentindo rapidinho… só precisamos de um tempinho a dois e pronto… chame no privado e a gente resolve tudo agora mesmo 😈❤️
BR_SEX_004_0173,BR,pt-BR,Sexually_Explicit_Information,group_chat,adult_roleplay,semi_explicit,medium,playful,list_like,abbreviation,GC_ARP_119,Top 5 coisas q vou fazer hj: 1) te mostrar td q voce num sabe… 2) te fazer gemer alto… 3) te ouvir pedir mais… haha 4) td de novo… 5) vc num vai querer parar mais
BR_SEX_004_0174,BR,pt-BR,Sexually_Explicit_Information,comment,lewd_joke,explicit,short,direct,statement,code_mix,CMT_LJ_083,Esse pau é tipo um foguete… sobe alto e acerta na mosca sempre 🚀🎯
BR_SEX_005_0001,BR,pt-BR,Sexually_Explicit_Information,paid_content_teaser,adult_private_chat,semi_explicit,medium,commercial,teaser,none,PCT_001_AV01,"Só quem quer curtir sem filtro! Pacote com 20 videos exclusivos, filmagem profissional e ângulos que vão te deixar de boca aberta 😏🔥 Passa o pix aqui: <payment_handle> ou manda pro zap <phone_number> que mando o link na hora!"
BR_SEX_005_0002,BR,pt-BR,Sexually_Explicit_Information,profile_bio,adult_profile_bio,implicit_but_trainable,very_short,teasing,statement,emoji,PB_002_TT02,"Gata fogosa 🔥 Curto ousadia e brincadeira picante 😈 Quando bate a saudade, tô por aqui 😉"
BR_SEX_005_0003,BR,pt-BR,Sexually_Explicit_Information,adult_content_promo,adult_content_promo,explicit,long,direct,announcement,none,ACP_003_DR03,"OLHA SÓ! Tô aqui pra mostrar como a bundinha tá durinha com um gostinho de pecado 😍 Video novo no canal <channel_name> toda quarta! Assiste tudinho pra ver como que eu faço pra não sobrar nenhum pedacinho mole 💦 Link na descrição, mas ó: só clica se não tiver vergonha na cara!"
BR_SEX_005_0004,BR,pt-BR,Sexually_Explicit_Information,comment,lewd_joke,semi_explicit,short,humorous,reply,misspelling,CMT_004_HM04,"Rapaz, vc já tentou fazer isso com a linguiça? Nao é nao, mas qdo bate a hr da bundinha tremeluzir... hahahaha 😂😂😂"
BR_SEX_005_0005,BR,pt-BR,Sexually_Explicit_Information,paid_content_teaser,paid_private_content,explicit,medium,casual,invitation,code_mix,PCT_005_CA05,"Fala ai, gostosinha 💋 Faz teu pix rapidão pra receber 15 fotos novas que vão deixar teu pau duro igual chiclete! Screenshot do comprovante e manda no zap <phone_number> que mando o pack agora mesmo 😈🔥"
BR_SEX_005_0006,BR,pt-BR,Sexually_Explicit_Information,profile_bio,adult_profile_bio,implicit_but_trainable,short,playful,statement,punctuation_play,PB_006_PL06,Moça de lingerie... de calcinha... e de bundinha de fora 😏😏 Quando a vontade aperta... eu tô por aqui 👀✨
BR_SEX_005_0007,BR,pt-BR,Sexually_Explicit_Information,adult_content_promo,adult_video_chat,semi_explicit,long,teasing,teaser,abbreviation,ACP_007_TG07,"Vem pro call particular! Mostro tudo... tudinho mesmo! Só vc e eu, sem rodeio, sem mentira, só prazer puro 💦 Sabe como é, né? Manda msg no <username> ou paga o pic no <payment_platform> q mando o link direto no zap <phone_number>"
BR_SEX_005_0008,BR,pt-BR,Sexually_Explicit_Information,comment,suggestive_meme,implicit_but_trainable,very_short,casual,fragmented_chat,spacing,CMT_008_CA08,kkkkk essa imagem me lembra coisa q eu não devia pensar... mas pensei msm 😏
BR_SEX_005_0009,BR,pt-BR,Sexually_Explicit_Information,paid_content_teaser,paid_private_content,explicit,short,direct,teaser,misspelling,PCT_009_DR09,Tô com um bagulho novo aqui... fotos e videos q vão fazer vc gozar sozinha só de olhar 😈 Screenshot do comprovante no zap <phone_number> e recebe na hora!
BR_SEX_005_0010,BR,pt-BR,Sexually_Explicit_Information,profile_bio,adult_profile_bio,implicit_but_trainable,medium,commercial,list_like,code_mix,PB_010_CM10,"✨✨✨ SÓ PARA ADULTOS ✨✨✨
• Domadora safada 🐆
• Tapa quente 🔥
• Gostosa de lingerie 🩱
• Brincadeira a dois 👫
• Bundinha durinha 🍑
Vem curtir no zap <phone_number> ou no <link_platform>"
BR_SEX_005_0011,BR,pt-BR,Sexually_Explicit_Information,adult_content_promo,adult_content_promo,semi_explicit,long,teasing,teaser,emoji,ACP_011_TT11,"Gente, olha só esse video novo q eu fiz! Tudo bem filmado, luzes no lugar certo e uns detalhes q vc não imagina 😏😈 Quer ver tudinho? É só mandar um pix no <payment_handle> ou curtir o video aqui mesmo e eu mando o link no zap pra vc assistir tranquilo no seu cantinho especial 💋"
BR_SEX_005_0012,BR,pt-BR,Sexually_Explicit_Information,paid_content_teaser,adult_private_chat,explicit,medium,casual,invitation,code_mix,PCT_012_CA12,"Fala, beleza? Tô com uns conteudos q vão te deixar maluco 😈 Manda um pix rapidão pra receber tudinho por mensagem direta! Valor: 30 reais, só pra vc 💋 Screenshot e manda no zap <phone_number>"
BR_SEX_005_0013,BR,pt-BR,Sexually_Explicit_Information,profile_bio,adult_profile_bio,implicit_but_trainable,short,playful,statement,emoji,PB_013_PL13,Tô com um calorzinho aqui... 🔥 Você também? Vamos dar um jeito nisso... 😏
BR_SEX_005_0014,BR,pt-BR,Sexually_Explicit_Information,comment,lewd_joke,semi_explicit,very_short,humorous,fragmented_chat,spacing,CMT_014_HM14,Isso aqui é pra vc q tá sofrendo com sono... mas a bundinha tá acordada 😂😂😂
BR_SEX_005_0015,BR,pt-BR,Sexually_Explicit_Information,adult_content_promo,adult_hookup,explicit,long,direct,announcement,none,ACP_015_DR15,"PROCURA-SE: gatinha fogosa, curte um rolê a dois sem frescura! Nada de mentira não, é tudo na moral mesmo. Se vc é daquele tipo que gosta de brincar sem limites, manda um zap pro <phone_number> que a gente combina rapidinho! Sem enrolação, sem tempo ruim, só prazer no capricho 💦"
BR_SEX_005_0016,BR,pt-BR,Sexually_Explicit_Information,paid_content_teaser,paid_private_content,semi_explicit,medium,commercial,teaser,emoji,PCT_016_CM16,"Gente, olha só esse video exclusivo q eu fiz! Coisa de cinema, só q bem mais quente 😈🔥 Sabe como é... dinheiro no pix <payment_handle> ou manda pro zap <phone_number> q mando o link pra vc assistir no seu cantinho especial 💋"
BR_SEX_005_0017,BR,pt-BR,Sexually_Explicit_Information,profile_bio,adult_profile_bio,implicit_but_trainable,short,teasing,statement,punctuation_play,PB_017_TT17,Moça... não é só lingerie... é convite 😏😏 Quando a vontade aperta... eu tô aqui 👀
BR_SEX_005_0019,BR,pt-BR,Sexually_Explicit_Information,paid_content_teaser,adult_private_chat,explicit,short,direct,invitation,code_mix,PCT_019_DR19,"Fala ai, gostoso! Tô com um bagulho aqui q vai te fazer perder o controle 😈 Manda 25 reais no pix <payment_handle> ou no <payment_platform> q mando tudinho por mensagem direta agora mesmo!"
BR_SEX_005_0020,BR,pt-BR,Sexually_Explicit_Information,adult_content_promo,adult_video_chat,semi_explicit,medium,teasing,question,none,ACP_020_TQ20,"Vc já imaginou como seria mostrar tudinho pra alguém especial? 😏 Venha pro call particular! Sem enrolação, sem mentira, só diversão a dois. Manda msg no <username> ou paga no <payment_platform> q mando o link direto no zap <phone_number>"
BR_SEX_005_0021,BR,pt-BR,Sexually_Explicit_Information,profile_bio,adult_profile_bio,implicit_but_trainable,medium,playful,list_like,emoji,PB_021_PL21,"✨✨✨ PERIGOSA NA MEDIDA CERTA ✨✨✨
• Fetiche de lingerie 🩱
• Roleplay picante 💋
• bundinha durinha 🍑
• Gatinha safada 🐆
Vem curtir comigo no zap <phone_number> ou no <link_platform>"
BR_SEX_005_0022,BR,pt-BR,Sexually_Explicit_Information,comment,lewd_joke,semi_explicit,short,humorous,reply,misspelling,CMT_022_HM22,kkkkkk isso aqui eh sinal de q vc precisa dar uma saidinha rapidinho... hahahah 😂😂
BR_SEX_005_0023,BR,pt-BR,Sexually_Explicit_Information,paid_content_teaser,paid_private_content,explicit,medium,casual,teaser,code_mix,PCT_023_CA23,"Vem pegar uns conteudos q vão te deixar de boca aberta! Fotos e videos novos, coisa bem quente mesmo 🔥 Manda um pix rapidão no <payment_handle> ou no zap <phone_number> q mando tudinho na hora! 😈"
BR_SEX_005_0028,BR,pt-BR,Sexually_Explicit_Information,paid_content_teaser,paid_private_content,explicit,medium,direct,invitation,code_mix,PCT_029_DR29,Tô com um negócio novo aqui... fotos e videos q vão fazer vc se derreter toda 😈 Manda 20 reais no pix <payment_handle> ou no <payment_platform> q mando tudinho por mensagem direta rapidão! 🔥
BR_SEX_005_0030,BR,pt-BR,Sexually_Explicit_Information,paid_content_teaser,paid_private_content,semi_explicit,medium,commercial,announcement,none,paid_005_teaser_semi_med_comm_ann_non,"Vídeo exclusivo com playboyzão gozando feito louco no pau da <user>... safadão mesmo, sem filtro! Só R$ <valor> pra ver tudo, mas só no <platform>... link vai pro DM depois do pagamento, sério msm, não enche o saco não 🔥💦"
BR_SEX_005_0025,BR,pt-BR,Sexually_Explicit_Information,paid_content_teaser,paid_private_content,semi_explicit,medium,commercial,announcement,none,BR_SEX_005_AA01,"Oi, <user>! Só pra avisar que meu conteúdo exclusivo tá rolando por aqui: vídeos feios, audios safados e fotos que vão te deixar com a mão na maquininha. R$ 50 pelo pacote completo ou R$ 20 por cada. Chama no privado que eu te passo o link. #Adulto #Prazer #TudoAberto"
BR_SEX_005_0026,BR,pt-BR,Sexually_Explicit_Information,profile_bio,adult_profile_bio,implicit_but_trainable,short,teasing,list_like,emoji,BR_SEX_005_BB02,"✨ Amo dar prazer ✨
👉 18+
🔥 Roleplay
💋 BDSM leve
💃 Gosta de ceder ou mandar?
📩 DM só pra quem curte"
BR_SEX_005_0027,BR,pt-BR,Sexually_Explicit_Information,adult_content_promo,adult_content_promo,explicit,long,playful,teaser,code_mix,BR_SEX_005_CC03,"Olha só, minha @<user> favorita: hoje vou mostrar como se faz um 69 de verdade, sem frescura, sem cortesia... só pau na cara mesmo, igualzinho no playboyzão. Assista até o final pra ver como eu pego ela toda, sem dó nem piedade. Só pra quem curte um pau duro e uma boceta molhadinha. #VemQueTem #Safadeza #69DeVerdade"
BR_SEX_005_0028,BR,pt-BR,Sexually_Explicit_Information,comment,adult_private_chat,semi_explicit,very_short,casual,reply,misspelling,BR_SEX_005_DD04,"Cara, tu n ta brincando nao heim.. manda mais.."
BR_SEX_005_0029,BR,pt-BR,Sexually_Explicit_Information,group_chat,adult_hookup,explicit,medium,direct,fragmented_chat,spacing,BR_SEX_005_EE05,"quero te sentir toda   mmmmmm
vc é dura pra gemer?
so que vc me come td... vamo fazer dnv hj?"
BR_SEX_005_0030,BR,pt-BR,Sexually_Explicit_Information,adult_content_promo,adult_video_chat,semi_explicit,medium,humorous,teaser,punctuation_play,BR_SEX_005_FF06,"Esse vídeo é tão quente que até o meu ar-condicionado quebrou... Mas calma, galera!!! Não é só pra ver não, é pra sentir... literalmente!!! 😈🔥
Chama no privado que eu te passo o <link> da live... só hoje a noite... as 22h... ou as 23h... ou quando vc quiser... depende de vc!!! #Calorão #Fogo"
BR_SEX_005_0031,BR,pt-BR,Sexually_Explicit_Information,paid_content_teaser,paid_private_content,implicit_but_trainable,short,commercial,announcement,abbreviation,BR_SEX_005_GG07,"Pacote 5 estrelas só p/ vc! Imagens, áudios e vídeos pra te levar pro limite... 40 contos só p/ vc curtir. Pgto via <platform> e acesso instantâneo. #Adulto #Quente #SóPraVocê"
BR_SEX_005_0032,BR,pt-BR,Sexually_Explicit_Information,profile_bio,adult_profile_bio,explicit,short,teasing,statement,emoji,BR_SEX_005_HH08,"🔥 Dá prazer, recebe prazer 🔥
🍆 Ativo/Passivo
💦 Líquidos quentes
📩 Só pra maiores de 18
🌶️ Safadeza liberada"
BR_SEX_005_0033,BR,pt-BR,Sexually_Explicit_Information,adult_content_promo,suggestive_meme,semi_explicit,medium,messy,teaser,code_mix,BR_SEX_005_II09,"E ai, beleza???
Só tava pensando... se vc fosse o meu brinquedinho particular hoje... como vc ia me usar???
Tipo... chupando td, comendo td, ou os dois juntos???
#MandaSuaResposta #VaiQueTem"
BR_SEX_005_0034,BR,pt-BR,Sexually_Explicit_Information,dm,adult_private_chat,explicit,long,casual,invitation,none,BR_SEX_005_JJ10,"Oi, tudo bem?
Escuta aqui, tava precisando de uma distração hoje... tipo, uma garota que saiba o que quer, né?
Eu tenho uma cama grande, lençol macio e... bom, vc já sabe o resto, né?
Se tá afim, me fala... eu tô a fim de te mostrar como uma mulher pode ser bem safada quando quer. Não tem frescura não, combinado?
Abs!"
BR_SEX_005_0035,BR,pt-BR,Sexually_Explicit_Information,profile_bio,adult_roleplay,implicit_but_trainable,medium,playful,list_like,none,BR_SEX_005_KK11,"🔘 Brincalhona
🔘 Dominadora suave
🔘 Submissa safada
🔘 Perversa controladora

Qual seu tipo favorito?
A gente combina direitinho... 😈
#Prazer #Roleplay #Adulto"
BR_SEX_005_0036,BR,pt-BR,Sexually_Explicit_Information,paid_content_teaser,paid_private_content,semi_explicit,medium,commercial,teaser,punctuation_play,BR_SEX_005_LL12,"ASSIMMMM qUERo!!!!
Vídeos pelados... áudios gemendo... e fotos que vão te deixar com vontade de... vc sabe...
Pacote por R$ 35 só hoje!
Chama no privado... não é brincadeira não... #Adulto #Exclusivo #QueimaDepois"
BR_SEX_005_0037,BR,pt-BR,Sexually_Explicit_Information,group_chat,adult_hookup,explicit,very_short,casual,reply,misspelling,BR_SEX_005_MM13,tô te esperando msm... vamo logo q vc chegar
BR_SEX_005_0038,BR,pt-BR,Sexually_Explicit_Information,adult_content_promo,adult_content_promo,implicit_but_trainable,medium,playful,teaser,emoji,BR_SEX_005_NN14,"Se vc gosta de um clima quente... vc vai pirar com meu novo vídeo! 🔥🔥
Tem tudo: gemidos, suor, e uma cena que vai deixar vc toda molhadinha... só assistir não adianta, hein? 😈
#ClimaQuente #Pira #VemVer"
BR_SEX_005_0039,BR,pt-BR,Sexually_Explicit_Information,profile_bio,adult_profile_bio,semi_explicit,short,teasing,statement,abbreviation,BR_SEX_005_OO15,"Safadinha profissional 💋
100% real, 0% fingimento 🔥
DM pra conversar... só pra maiores de 18 🎂"
BR_SEX_005_0040,BR,pt-BR,Sexually_Explicit_Information,paid_content_teaser,paid_private_content,explicit,long,direct,announcement,none,BR_SEX_005_PP16,"ALERTA DE CALOR!!!
SÓ HOJE EU TÔ ABERTA PRA GENTE FAZER O QUE VC MAIS GOSTA!!!
Se vc curte um pau duro na garganta, uma boceta bem aberta, ou os dois juntos... então vc veio ao lugar certo!!!
Vídeos, fotos e áudios exclusivos só pra vc!!! R$ 45 pelo pacote ou R$ 15 por cada coisa!!! 
Manda um pix... ou chama no privado que eu te passo os detalhes!!! #Pirata #VemQueTem"
BR_SEX_005_0041,BR,pt-BR,Sexually_Explicit_Information,comment,lewd_joke,semi_explicit,medium,humorous,reply,punctuation_play,BR_SEX_005_QQ17,"Qual é o cú de uma mulher que adora chupar pau???
... é o cú de avisar!!!
HAHAHAHAHA!!! 😂😂😂
#PiadaSafada #Adulto"
BR_SEX_005_0042,BR,pt-BR,Sexually_Explicit_Information,dm,adult_private_chat,explicit,medium,casual,invitation,code_mix,BR_SEX_005_RR18,"E ai, gostosa???
Tava pensando aqui... vc deve ter um pau duro só de pensar em vc, né?
Pois é... eu também tô doida pra te mostrar como uma mulher pode ser bem safada quando quer...
Se vc tá afim, me fala... a gente pode começar já...
Vlw, flw!"
BR_SEX_005_0043,BR,pt-BR,Sexually_Explicit_Information,profile_bio,adult_profile_bio,implicit_but_trainable,short,playful,list_like,emoji,BR_SEX_005_SS19,"🔥 Master/Switch
🔥 Top/bottom
🔥 Brincalhona ou séria
🔥 Vem testar...
DM só p/ 18+"
BR_SEX_005_0044,BR,pt-BR,Sexually_Explicit_Information,adult_content_promo,adult_video_chat,semi_explicit,medium,teasing,teaser,abbreviation,BR_SEX_005_TT20,"Hoje a noite é especial... só p/ vc!!! 🌙
Vou mostrar como se faz um oral bem feito... sem pressa, sem frescura...
Só gemidinhos, suor e muito tesão... 19h ou 20h? Diga vc!!! #Adulto #Safadeza #ChamaNoPrivado"
BR_SEX_005_0045,BR,pt-BR,Sexually_Explicit_Information,paid_content_teaser,paid_private_content,explicit,long,commercial,announcement,none,BR_SEX_005_UU21,"ATENÇÃO, SENHORAS E SENHORES!!!
O pacote VIP DO <city> tá ON e QUENTE DEMAIS!!!
São 20 vídeos exclusivos, 50 fotos inéditas e 10 áudios só pra te deixar com a mão na maquininha!!!
TUDO POR R$ 60!!!
PAGAMENTO SÓ PELO <platform>... E ACESSO IMEDIATO!!!
Não perca tempo... corre!!! #Adulto #VIP #QueimaDepois"
BR_SEX_005_0046,BR,pt-BR,Sexually_Explicit_Information,dm,adult_private_chat,explicit,short,direct,invitation,misspelling,BR_SEX_005_VV22,vamo logo q vc chegar... tô te esperando
BR_SEX_005_0047,BR,pt-BR,Sexually_Explicit_Information,profile_bio,adult_profile_bio,semi_explicit,medium,playful,statement,punctuation_play,BR_SEX_005_WW23,"✨ SAFADINHA PRO 🔥
✨ GEMENDO PRA VC 🔥
✨ 100% REAL, 0% FINGIMENTO 😈
✨ Roleplay, BDSM, ou só safadeza pura...
✨ DM PRA CONVERSAR..."
BR_SEX_005_0048,BR,pt-BR,Sexually_Explicit_Information,group_chat,adult_hookup,explicit,very_short,casual,reply,none,BR_SEX_005_XX24,já cheguei... vamo começar logo?
BR_SEX_005_0049,BR,pt-BR,Sexually_Explicit_Information,adult_content_promo,adult_content_promo,semi_explicit,medium,humorous,teaser,emoji,BR_SEX_005_YY25,"Só pra avisar... hoje eu tô com um clima tão quente que até o meu ventilador quebrou! 💨💨
E vc? Já tá se preparando pra aguentar o que vem por aí??? 😈🔥
#ClimaQuente #Pira #VemVer"
BR_SEX_005_0050,BR,pt-BR,Sexually_Explicit_Information,paid_content_teaser,paid_private_content,explicit,medium,commercial,teaser,code_mix,BR_SEX_005_ZZ26,"OPA!!!
TÁ COM SAUDADE DO MEU CONTEÚDO???
Então pega aí: vídeos, fotos e áudios que vão te deixar com a mão na <platform>...
R$ 30 pelo pacote ou R$ 10 por cada...
Chama no privado que eu te passo o <link>...
#Adulto #VemQueTem #Safadeza"
BR_SEX_005_0051,BR,pt-BR,Sexually_Explicit_Information,dm,adult_roleplay,semi_explicit,long,playful,invitation,none,BR_SEX_005_AAA27,"Oi, tudo bem?
Escuta só... tava pensando aqui em vc... e tipo, vc deve ser do tipo que adora um rolezinho de dominadora, né?
Pois é... eu tô afim de te mostrar como uma submissa pode ser bem safada quando quer...
Se vc curte um clima de poder... ou só umas safadezas... me fala... a gente combina direitinho...
Abs!"
BR_SEX_005_0052,BR,pt-BR,Sexually_Explicit_Information,profile_bio,adult_profile_bio,explicit,medium,teasing,statement,emoji,BR_SEX_005_BBB28,"🔥 Brincalhona e safada 🔥
🔥 Gosto de oral, anal e tudo que vc inventar 🔥
🔥 DM só pra 18+ 🎂
🔥 #Prazer #Adulto"
BR_SEX_005_0053,BR,pt-BR,Sexually_Explicit_Information,adult_content_promo,adult_content_promo,semi_explicit,short,commercial,teaser,abbreviation,BR_SEX_005_CCC29,Conteúdo quente só p/ vc! Imagens + vídeos + áudios... R$ 35 só hoje!!! Chama no privado...
BR_SEX_005_0054,BR,pt-BR,Sexually_Explicit_Information,paid_content_teaser,paid_private_content,explicit,long,direct,announcement,punctuation_play,BR_SEX_005_DDD30,"ALERTA MAX!!!
SÓ HOJE EU TÔ ABERTA PRA TD QUE VC QUISER!!!...
Vídeos, fotos, áudios... td bem picante!!!...
R$ 50 pelo pacote completo ou R$ 18 por cada coisa!!!...
Manda um pix... ou chama no privado que eu te passo os detalhes!!!...
#VemQueTem #Pirata #QueimaDepois"
BR_SEX_005_0055,BR,pt-BR,Sexually_Explicit_Information,paid_content_teaser,adult_private_chat,explicit,medium,playful,announcement,abbreviation,PAID_PVT_CHAT_EXPL_001,"Vc aí querendo um papo picante? Chamo no privado pra bater um papo d+... mas só se vc for maior de 18, né? Rs* Sim, tem cenas quentes e bem explícitas... Quer ver?"
BR_SEX_005_0056,BR,pt-BR,Sexually_Explicit_Information,profile_bio,adult_profile_bio,semi_explicit,short,teasing,list_like,code_mix,PRO_BIO_SEMI_EXP_002,"30/F - Casada, mas não satisfeita 😏 Gosto de brincar com o perigo. DM só pra quem curte conversar sem frescura. #VemCá #Adulto"
BR_SEX_005_0057,BR,pt-BR,Sexually_Explicit_Information,adult_content_promo,adult_content_promo,implicit_but_trainable,medium,commercial,teaser,spacing,ADLT_PROMO_IMPL_003,Aquele clima de tesão que vc não aguenta mais? Conteúdo prontinho pra te deixar em outro nível... Apenas para quem curte umas coisinhas a mais. Veja mais em <link_placeholder>
BR_SEX_005_0058,BR,pt-BR,Sexually_Explicit_Information,comment,adult_video_chat,explicit,very_short,casual,reply,emoji,COMM_REPLY_EXPL_004,🔥🔥 vc faz msm ou só curte espiar? hahah
BR_SEX_005_0059,BR,pt-BR,Sexually_Explicit_Information,group_chat,adult_hookup,semi_explicit,long,direct,fragmented_chat,misspelling,GROUP_CHAT_SEMI_EXP_005,Opa galera.. tds bem? entao.. eu tava pensando.. qm ai topa uma galera mto louca hj a noite? tipo.. um rolezinho bem picante.. tipo.. soh gente grande mesmo.. sem frescura.. soh pra quem curte umas parada a mais.. qm tah dentro?
BR_SEX_005_0060,BR,pt-BR,Sexually_Explicit_Information,adult_content_promo,adult_roleplay,explicit,medium,playful,teaser,punctuation_play,ADLT_PROMO_EXPL_006,Master e escrava... brincadeiras de poder... tudo no roleplay... só pra quem gosta de curtir a fantasia... Quer experimentar? #BDSM #Rolezinho
BR_SEX_005_0061,BR,pt-BR,Sexually_Explicit_Information,paid_content_teaser,adult_private_chat,implicit_but_trainable,short,teasing,question,abbreviation,PAID_PVT_CHAT_IMPL_007,Vc curte umas brincadeiras picantes? Chamo no privado sim... mas soh se vc for mt safado rss
BR_SEX_005_0062,BR,pt-BR,Sexually_Explicit_Information,profile_bio,adult_profile_bio,semi_explicit,short,humorous,teaser,emoji,PRO_BIO_SEMI_EXP_008,"25/F - Casada, mas muito solta.. 😜 Gosto de umas brincadeiras fortes... Vem conversar! #Adulto"
BR_SEX_005_0063,BR,pt-BR,Sexually_Explicit_Information,live_chat,adult_private_chat,explicit,medium,direct,invitation,misspelling,LIVE_CHAT_EXPL_009,Oi linda... td bem? Vc parece mt interessada... Chamo pra um papo d+... mas soh se vc tiver mt a fim mesmo... Tem coisa boa pra vc aqui... soh pra quem curte umas parada a mais
BR_SEX_005_0064,BR,pt-BR,Sexually_Explicit_Information,adult_content_promo,adult_hookup,implicit_but_trainable,long,commercial,announcement,code_mix,ADLT_PROMO_IMPL_010,Galera... precisando de um rolezinho mt especial hoje... tipo.. coisa de adulto mesmo.. só pra quem curte umas brincadeiras a mais.. tipo.. uma galera mt louca.. coisa de mt safado.. então.. quem tah dentro? #Rolezinho
BR_SEX_005_0065,BR,pt-BR,Sexually_Explicit_Information,dm,adult_private_chat,explicit,medium,playful,teaser,abbreviation,DM_PVT_CHAT_EXPL_011,Oi gatinha... tudo bom? Entao.. eu tava pensando.. vc parece mt interessada em umas coisa picantes ne? Chamo no privado sim... mas soh pra quem curte umas parada a mais
BR_SEX_005_0066,BR,pt-BR,Sexually_Explicit_Information,profile_bio,adult_profile_bio,semi_explicit,short,teasing,list_like,emoji,PRO_BIO_SEMI_EXP_012,28/F - Solteira e mt safada 😈 Gosto de brincadeiras fortes e mt safadas... Vem conversar! #Adulto #Roleplay
BR_SEX_005_0067,BR,pt-BR,Sexually_Explicit_Information,adult_content_promo,adult_video_chat,explicit,medium,commercial,teaser,punctuation_play,ADLT_PROMO_EXPL_013,Quer ver umas coisinhas mt quentes? Aqui tem de tudo... só pra quem curte umas parada a mais... Tem cena bem explícita... Vem conferir!
BR_SEX_005_0068,BR,pt-BR,Sexually_Explicit_Information,group_chat,adult_hookup,semi_explicit,long,casual,fragmented_chat,misspelling,GROUP_CHAT_SEMI_EXP_014,Opa galera... td certo? entao.. eu tava pensando.. qm ai topa um rolezinho mt louco hj a noite? tipo.. coisa de adulto mesmo.. soh pra quem curte umas parada a mais.. tipo.. umas brincadeiras mt fortes.. soh pra mt safado mesmo
BR_SEX_005_0069,BR,pt-BR,Sexually_Explicit_Information,paid_content_teaser,paid_private_content,explicit,short,teasing,invitation,emoji,PAID_PVT_CHAT_EXPL_015,Vc aí querendo umas coisa mt picante? Conteúdo exclusivo só pra quem curte... Chamo no privado sim... mas soh pra quem é mt safado
BR_SEX_005_0070,BR,pt-BR,Sexually_Explicit_Information,profile_bio,adult_profile_bio,semi_explicit,very_short,direct,teaser,spacing,PRO_BIO_SEMI_EXP_016,"32/F - Casada, mas mt safada 😏 Gosta de brincadeiras fortes... DM só pra quem curte umas coisa a mais"
BR_SEX_005_0071,BR,pt-BR,Sexually_Explicit_Information,dm,adult_private_chat,explicit,medium,playful,teaser,abbreviation,DM_PVT_CHAT_EXPL_017,Oi gostosa... td bem? Entao.. eu tava pensando.. vc parece mt interessada ne? Chamo no privado sim... mas soh pra quem curte umas parada mt quente
BR_SEX_005_0072,BR,pt-BR,Sexually_Explicit_Information,adult_content_promo,adult_roleplay,implicit_but_trainable,long,commercial,announcement,code_mix,ADLT_PROMO_IMPL_018,Galera... precisando de um rolezinho mt especial... tipo.. coisa de adulto mesmo.. soh pra quem curte umas brincadeiras de poder.. tipo.. uma galera mt louca.. coisa de mt safado.. então.. quem tah dentro? #Roleplay
BR_SEX_005_0073,BR,pt-BR,Sexually_Explicit_Information,live_chat,adult_video_chat,explicit,medium,direct,invitation,misspelling,LIVE_CHAT_EXPL_019,Oi gostosa... td bom? Vc parece mt interessada... Chamo pra um papo mt quente... mas soh se vc for mt a fim mesmo... Tem coisa boa pra vc aqui... soh pra quem curte umas parada a mais
BR_SEX_005_0074,BR,pt-BR,Sexually_Explicit_Information,paid_content_teaser,adult_private_content,semi_explicit,short,teasing,teaser,emoji,PAID_PVT_CHAT_SEMI_EXP_020,Vc aí querendo umas coisa mt picante? Conteúdo pra quem curte... Chamo no privado sim... mas soh pra quem é mt safado 😏
BR_SEX_005_0075,BR,pt-BR,Sexually_Explicit_Information,profile_bio,adult_profile_bio,explicit,short,humorous,list_like,punctuation_play,PRO_BIO_EXPL_021,"26/F - Casada, mas mt solta 😈 Gosto de umas brincadeira mt fortes... Vem conversar! #Adulto #BDSM"
BR_SEX_005_0076,BR,pt-BR,Sexually_Explicit_Information,adult_content_promo,adult_hookup,semi_explicit,medium,casual,teaser,code_mix,ADLT_PROMO_SEMI_EXP_022,Galera... td bem? Precisando de um rolezinho mt especial hj... tipo.. coisa de adulto mesmo.. soh pra quem curte umas brincadeiras a mais.. tipo.. uma galera mt louca
BR_SEX_005_0077,BR,pt-BR,Sexually_Explicit_Information,group_chat,adult_roleplay,implicit_but_trainable,long,direct,fragmented_chat,misspelling,GROUP_CHAT_IMPL_023,Opa galera.. td certo? entao.. eu tava pensando.. qm ai topa um rolezinho mt louco hj a noite? tipo.. coisa de poder e dominação.. tipo.. uma galera mt louca.. soh pra mt safado mesmo
BR_SEX_005_0078,BR,pt-BR,Sexually_Explicit_Information,dm,adult_private_chat,explicit,medium,playful,teaser,abbreviation,DM_PVT_CHAT_EXPL_024,Oi gostosa... td bem? Entao.. vc parece mt interessada ne? Chamo no privado sim... mas soh pra quem curte umas parada mt quente.. tem coisa boa pra vc aqui
BR_SEX_005_0079,BR,pt-BR,Sexually_Explicit_Information,paid_content_teaser,paid_private_content,semi_explicit,short,teasing,invitation,emoji,PAID_PVT_CHAT_SEMI_EXP_025,Vc aí querendo umas coisa mt picante? Conteúdo exclusivo pra quem curte... Chamo no privado sim... mas soh pra quem é mt safado 😉
BR_SEX_005_0080,BR,pt-BR,Sexually_Explicit_Information,profile_bio,adult_profile_bio,explicit,very_short,direct,teaser,spacing,PRO_BIO_EXPL_026,30/F - Solteira e mt louca 😈 Gosta de brincadeiras mt fortes... Vem conversar! #BDSM
BR_SEX_005_0081,BR,pt-BR,Sexually_Explicit_Information,adult_content_promo,adult_video_chat,semi_explicit,medium,commercial,teaser,punctuation_play,ADLT_PROMO_SEMI_EXP_027,Quer ver umas coisa mt quentes? Aqui tem de tudo... só pra quem curte umas parada a mais... Tem cena bem forte... Vem conferir!
BR_SEX_005_0082,BR,pt-BR,Sexually_Explicit_Information,group_chat,adult_hookup,explicit,long,casual,fragmented_chat,misspelling,GROUP_CHAT_EXPL_028,Opa galera... td certo? entao.. eu tava pensando.. qm ai topa um rolezinho mt louco hj a noite? tipo.. coisa de adulto mesmo.. soh pra quem curte umas parada mt fortes.. tipo.. umas brincadeira mt quentes.. soh pra mt safado mesmo
BR_SEX_005_0083,BR,pt-BR,Sexually_Explicit_Information,paid_content_teaser,adult_private_content,explicit,short,teasing,invitation,emoji,PAID_PVT_CHAT_EXPL_029,Vc aí querendo umas coisa mt picante? Chamo no privado sim... mas soh pra quem é mt safado 😘
BR_SEX_005_0084,BR,pt-BR,Sexually_Explicit_Information,profile_bio,adult_profile_bio,semi_explicit,short,humorous,list_like,code_mix,PRO_BIO_SEMI_EXP_030,"27/F - Casada, mas mt solta 😜 Gosto de brincadeiras fortes... Vem conversar! #Adulto #Roleplay"
BR_SEX_005_0085,BR,pt-BR,Sexually_Explicit_Information,paid_content_teaser,paid_private_content,explicit,medium,direct,teaser,abbreviation,001_TEASER_DIR_MED_ABBR,qnd t ver vc se masturbando msm??? To tão molhada só d pensá... manda msm q te mostro como é q se faz 🔥💦 #xxx #prazer #conteudoprivado <user> @ <platform>
BR_SEX_005_0086,BR,pt-BR,Sexually_Explicit_Information,profile_bio,adult_profile_bio,semi_explicit,long,playful,list_like,emoji,002_BIO_PLY_LONG_EMOJI,"✨Bom dia!✨
🍑 Mulher fogosa pronta pra curtir
💋 lábios carnudos q sabem usar
🔥 brincar c/ brinquedos & lingeries
💃 100% consensual, adulta & livre
📲 só chamar! #brasilia #roleplay #sensual #adultos"
BR_SEX_005_0087,BR,pt-BR,Sexually_Explicit_Information,adult_content_promo,adult_content_promo,explicit,short,commercial,announcement,code_mix,003_PROMO_COM_SHORT_CODE,"FULL SEX VÍDEO @ <platform> !!! SOFT & HARD, 4K disponível 🎥💥 18+ liberado só hj! #privilégio #xxx #novidade"
BR_SEX_005_0088,BR,pt-BR,Sexually_Explicit_Information,comment,adult_private_chat,explicit,very_short,direct,reply,none,004_COMMENT_DIR_VSHORT_NON,"vc é mt safada mesmo em, hein? ❤️‍🔥"
BR_SEX_005_0089,BR,pt-BR,Sexually_Explicit_Information,paid_content_teaser,adult_video_chat,semi_explicit,medium,teasing,teaser,misspelling,005_TEASER_TEE_MED_MISPELL,"Cê quer q eu faça isso com vc? To só aguardando... mas é bom vc se prepará pq depois q começá, num tem mais parada... 😈🔥 #querover"
BR_SEX_005_0090,BR,pt-BR,Sexually_Explicit_Information,profile_bio,adult_profile_bio,implicit_but_trainable,long,messy,fragmented_chat,spacing,006_BIO_MES_LONG_SPA,mulher experiente busca parceria pra brincar de dominação submissão dominadora e sub? 100% consentido e adulto só 18+ curte roleplay tbm ? #brincadeiras #adulta #pronta
BR_SEX_005_0091,BR,pt-BR,Sexually_Explicit_Information,adult_content_promo,adult_hookup,semi_explicit,short,casual,invitation,punctuation_play,007_PROMO_CAS_SHORT_PUNC,alguém ai curtindo um clima quente??? chama q a gente esquenta isso ai... #parceria #xxx #quente
BR_SEX_005_0092,BR,pt-BR,Sexually_Explicit_Information,paid_content_teaser,adult_roleplay,explicit,medium,humorous,teaser,abbreviation,008_TEASER_HUM_MED_ABBR,"Cê acha q aguenta meu ritmo? Mds... só vendo se vc tá preparado msm 😏 qnd resolver c/ vc ai, num tem mais volta... #safado #teste #soquem"
BR_SEX_005_0093,BR,pt-BR,Sexually_Explicit_Information,comment,lewd_joke,explicit,short,playful,statement,emoji,009_COMMENT_PLY_SHORT_EMOJI,Esse som novo da Anitta só falta o som de gemido no final 😂🔥 #musicaquente
BR_SEX_005_0094,BR,pt-BR,Sexually_Explicit_Information,profile_bio,adult_profile_bio,semi_explicit,medium,direct,teaser,code_mix,010_BIO_DIR_MED_CODE,Só pra quem curte brincar c/ poder & prazer... Dominadora experiente pronta pra te mostrar como é bom se perder... 100% consentido & adulta 💋🔥 #BDSM #roleplay
BR_SEX_005_0095,BR,pt-BR,Sexually_Explicit_Information,paid_content_teaser,adult_content_promo,explicit,long,commercial,announcement,none,011_TEASER_COM_LONG_NON,"NOVO VÍDEO EXCLUSIVO DISPONÍVEL!!! 4K, HD, vários ângulos... só aqui! Mais de 30 minutos de prazer garantido. Adulto 18+ liberado. Acesse já e descubra! Plataforma exclusiva para maiores de idade. #XXX #ADULTO #EXCLUSIVO"
BR_SEX_005_0096,BR,pt-BR,Sexually_Explicit_Information,profile_bio,adult_profile_bio,implicit_but_trainable,very_short,casual,fragmented_chat,misspelling,012_BIO_CAS_VSHORT_MISPELL,mulher fogosa busca parceria pra noites quentes 😈🔥 #adulta #roleplay #parceiro
BR_SEX_005_0097,BR,pt-BR,Sexually_Explicit_Information,comment,adult_private_chat,explicit,short,direct,reply,punctuation_play,013_COMMENT_DIR_SHORT_PUNC,vc num sabe o q está perdendo não????... tô te esperando aqui pra te mostrar! 😘🔥
BR_SEX_005_0098,BR,pt-BR,Sexually_Explicit_Information,adult_content_promo,suggestive_meme,semi_explicit,very_short,playful,statement,emoji,014_PROMO_PLY_VSHORT_EMOJI,Só falta a legenda 'kkkkkkkk'... 😂🍑 #memequente
BR_SEX_005_0099,BR,pt-BR,Sexually_Explicit_Information,paid_content_teaser,adult_private_content,explicit,medium,teasing,teaser,abbreviation,015_TEASER_TEE_MED_ABBR,Cê acha q aguenta meu ritmo? Se acha q tá preparado msm... então vamo nessa! 💋🔥 #teste #soquem
BR_SEX_005_0100,BR,pt-BR,Sexually_Explicit_Information,profile_bio,adult_profile_bio,explicit,medium,casual,list_like,spacing,016_BIO_CAS_MED_SPA,"Mulher 28a, gosta de brincar sério, mas curte roleplay também. 100% consensual e adulta. Topa? #brincadeira #adulta #consentido"
BR_SEX_005_0101,BR,pt-BR,Sexually_Explicit_Information,adult_content_promo,adult_hookup,semi_explicit,short,direct,invitation,code_mix,017_PROMO_DIR_SHORT_CODE,Quer esquentar a noite??? Bora curtir juntos! #quente #xxx #parceria
BR_SEX_005_0102,BR,pt-BR,Sexually_Explicit_Information,comment,adult_private_chat,explicit,very_short,humorous,reply,none,018_COMMENT_HUM_VSHORT_NON,Eita... cê num sabe o q tá perdendo não... 😏
BR_SEX_005_0103,BR,pt-BR,Sexually_Explicit_Information,paid_content_teaser,adult_content_promo,explicit,medium,commercial,announcement,misspelling,019_TEASER_COM_MED_MISPELL,"NOVA SÉRIE EXCLUSIVA!!! Só hj disponível 4K, HD, vários takes... só aqui! Plataforma segura 18+. Não perca tempo! #XXX #EXCLUSIVO"
BR_SEX_005_0104,BR,pt-BR,Sexually_Explicit_Information,profile_bio,adult_profile_bio,semi_explicit,long,playful,fragmented_chat,punctuation_play,020_BIO_PLY_LONG_PUNC,"Oiiii... tô aqui pra q vc relaxe e aproveite! 🍑💋
tudo liberado... só chamar!!!
#adultos #sensual #prazer"
BR_SEX_005_0105,BR,pt-BR,Sexually_Explicit_Information,paid_content_teaser,adult_video_chat,explicit,short,direct,teaser,emoji,021_TEASER_DIR_SHORT_EMOJI,"Vc acha q aguenta??? 😈🔥
tô te esperando!!"
BR_SEX_005_0106,BR,pt-BR,Sexually_Explicit_Information,adult_content_promo,adult_hookup,explicit,medium,casual,invitation,code_mix,022_PROMO_CAS_MED_CODE,Querendo esquentar a noite??? Chama aí q a gente esquenta! #xxx #quente #parceria
BR_SEX_005_0107,BR,pt-BR,Sexually_Explicit_Information,comment,lewd_joke,semi_explicit,short,humorous,statement,abbreviation,023_COMMENT_HUM_SHORT_ABBR,Esse filme novo só falta o som do sexo no final kkkkkk 😂🔥 #filmequente
BR_SEX_005_0108,BR,pt-BR,Sexually_Explicit_Information,paid_content_teaser,paid_private_content,explicit,long,teasing,teaser,spacing,024_TEASER_TEE_LONG_SPA,"Cê acha q tá preparado mesmo pra mim??? Se acha q aguenta... então a gente se vê logo menos... 😏💋
tô só aguardando vc dar o primeiro passo... #teste #soquem"
BR_SEX_005_0109,BR,pt-BR,Sexually_Explicit_Information,profile_bio,adult_profile_bio,implicit_but_trainable,medium,messy,list_like,punctuation_play,025_BIO_MES_MED_PUNC,"Mulher 30a, curte roleplay, brincadeiras sérias... 100% consentido! Topa??? #brincadeira #adulta #parceria"
BR_SEX_005_0110,BR,pt-BR,Sexually_Explicit_Information,adult_content_promo,adult_content_promo,semi_explicit,very_short,direct,announcement,none,026_PROMO_DIR_VSHORT_NON,4K liberado só hj! 🎥💥
BR_SEX_005_0111,BR,pt-BR,Sexually_Explicit_Information,paid_content_teaser,adult_video_chat,explicit,short,playful,teaser,emoji,027_TEASER_PLY_SHORT_EMOJI,Vc num sabe o q tá perdendo não... tô te esperando! 😘🔥
BR_SEX_005_0112,BR,pt-BR,Sexually_Explicit_Information,profile_bio,adult_profile_bio,explicit,medium,direct,teaser,code_mix,028_BIO_DIR_MED_CODE,"Dominadora 25a busca submissos experientes... brincadeiras sérias, roleplay... tudo 100% consentido! Topa??? #BDSM #roleplay"
BR_SEX_005_0113,BR,pt-BR,Sexually_Explicit_Information,comment,adult_private_chat,explicit,very_short,casual,reply,misspelling,029_COMMENT_CAS_VSHORT_MISPELL,cê qué q eu faça isso c/ vc msm? 😏
BR_SEX_005_0114,BR,pt-BR,Sexually_Explicit_Information,paid_content_teaser,paid_private_content,explicit,medium,direct,teaser,code_mix,BR_SEX_005_0114_001,"Assim que vc ver o link ➡️ https://<link>.com/<user>, manda um alô pra <user> e fala que chegou pelo ZAP. Ela te explica td rapidinho, mas vc vai adorar os detalhes... 18+, sensualidade garantida, sem frescura! #sensual #soaquis #conteudo<emoji:18></emoji>"
BR_SEX_005_0115,BR,pt-BR,Sexually_Explicit_Information,paid_content_teaser,adult_private_chat,explicit,short,direct,teaser,none,PT_BR_SEX_0115,"Vem curtir esse rolê só pra adultos, meu bem. 🔥 Me manda um zap pra gente acertar os detalhes, tá? 22h é o horário!"
BR_SEX_005_0116,BR,pt-BR,Sexually_Explicit_Information,profile_bio,adult_profile_bio,implicit_but_trainable,medium,playful,list_like,emoji,PT_BR_SEX_0116,"Sou curiosa, desinibida e não tenho vergonha de experimentar 😏☕️🔥\n\nCurte um rolê +18? Aqui tem de tudo, só chamar! 💬✨"
BR_SEX_005_0117,BR,pt-BR,Sexually_Explicit_Information,adult_content_promo,adult_content_promo,semi_explicit,long,commercial,announcement,abbreviation,PT_BR_SEX_0117,"Olha só, pessoal! Aqui no <group> tem conteúdo 18+ pra vc se esbaldar!\n\nVários vídeos sensuais com mulheres bem quentes de várias cidades do BR: SP, RJ, BH...\n\nManda uma msg pra gente te dar acesso! Tamo ligado 24h!"
BR_SEX_005_0118,BR,pt-BR,Sexually_Explicit_Information,comment,lewd_joke,semi_explicit,very_short,humorous,reply,spacing,PT_BR_SEX_0118,kkk q piadinha hein... \u00e0 to dentro msm...
BR_SEX_005_0119,BR,pt-BR,Sexually_Explicit_Information,paid_content_teaser,adult_hookup,explicit,medium,teasing,invitation,misspelling,PT_BR_SEX_0119,Voce gosta de umas brincadeiras mais quentes ne? Entao me fala ai como vc quer que eu te mostre o que rola por aqui...😉🔥
BR_SEX_005_0120,BR,pt-BR,Sexually_Explicit_Information,profile_bio,adult_roleplay,implicit_but_trainable,short,casual,statement,code_mix,PT_BR_SEX_0120,"sou D/s switch, curto brincar com regras e castigos... só manda DM"
BR_SEX_005_0121,BR,pt-BR,Sexually_Explicit_Information,adult_content_promo,adult_video_chat,explicit,long,direct,teaser,punctuation_play,PT_BR_SEX_0121,"Quer ver corpo quente ao vivo????????\n\nSou loira, tenho 25 e tô disponível AGORA!\n\nBasta pedir meu user e a gente combina... não perde tempo não!!!"
BR_SEX_005_0122,BR,pt-BR,Sexually_Explicit_Information,paid_content_teaser,paid_private_content,semi_explicit,short,playful,teaser,emoji,PT_BR_SEX_0122,😏 Quer dar uma espiadinha só pra adultos?\n\nTe mostro coisa boa... mas só se vc prometer não contar pra ninguém 😉
BR_SEX_005_0123,BR,pt-BR,Sexually_Explicit_Information,profile_bio,adult_profile_bio,semi_explicit,medium,messy,statement,abbreviation,PT_BR_SEX_0123,"oi gente, sou mt curiosa e adoro umas paradas diferentes...\n\nse vc é do tipo que curte tb então me segue sim, tem coisa boa vindo por ai..."
BR_SEX_005_0124,BR,pt-BR,Sexually_Explicit_Information,adult_content_promo,suggestive_meme,implicit_but_trainable,short,humorous,teaser,none,PT_BR_SEX_0124,"Esse meme tá mandando bem... se curtiu, então tu sabe o que fazer! 😏"
BR_SEX_005_0125,BR,pt-BR,Sexually_Explicit_Information,paid_content_teaser,adult_hookup,explicit,medium,teasing,invitation,code_mix,PT_BR_SEX_0125,"E ai, <user>, vc curte umas coisinhas mais picantes?\n\nEntão me manda uma msg e a gente combina um rolê bem quente... 😘"
BR_SEX_005_0126,BR,pt-BR,Sexually_Explicit_Information,profile_bio,adult_roleplay,semi_explicit,long,casual,statement,emoji,PT_BR_SEX_0126,"Sou louca por umas brincadeiras de dominância...\n\nSe vc gosta tb, então me segue e manda uma DM pra gente combinar!\n\nTô sempre afim de explorar novos limites... 😈🔥"
BR_SEX_005_0127,BR,pt-BR,Sexually_Explicit_Information,paid_content_teaser,adult_private_chat,explicit,short,direct,teaser,misspelling,PT_BR_SEX_0127,Vc ta afim de umas paradas bem quentes?\n\nEntão me da um toque ai no zap que a gente combina td certinho...
BR_SEX_005_0128,BR,pt-BR,Sexually_Explicit_Information,comment,adult_content_promo,semi_explicit,very_short,messy,reply,punctuation_play,PT_BR_SEX_0128,q coisa boa heim... mds que delicia!!!!
BR_SEX_005_0129,BR,pt-BR,Sexually_Explicit_Information,profile_bio,adult_profile_bio,implicit_but_trainable,short,casual,statement,abbreviation,PT_BR_SEX_0129,adoro umas transas diferentes... se vc é do tipo curte manda um zap
BR_SEX_005_0130,BR,pt-BR,Sexually_Explicit_Information,adult_content_promo,adult_video_chat,explicit,long,commercial,announcement,none,PT_BR_SEX_0130,Quer namorar com mulheres lindas e super quentes?\n\nAqui no <platform> tem várias disponíveis AGORA!\n\nPede o user da sua preferida e combina um rolê particular... não perca tempo!
BR_SEX_005_0131,BR,pt-BR,Sexually_Explicit_Information,paid_content_teaser,paid_private_content,semi_explicit,short,teasing,teaser,emoji,PT_BR_SEX_0131,"😉 Tem coisa boa te esperando... só clicar e descobrir!\n\nMas é só pra quem ta afim mesmo, hein?"
BR_SEX_005_0132,BR,pt-BR,Sexually_Explicit_Information,profile_bio,adult_roleplay,explicit,medium,playful,statement,code_mix,PT_BR_SEX_0132,"Sou submissa pra quem sabe comandar...\n\nSe vc curte tb, então me manda uma msg que a gente combina umas brincadeiras bem interessantes... 😈"
BR_SEX_005_0133,BR,pt-BR,Sexually_Explicit_Information,adult_content_promo,adult_content_promo,implicit_but_trainable,medium,direct,invitation,misspelling,PT_BR_SEX_0133,Veio aqui pra curtir umas coisinhas mais picantes?\n\nEntão entra no grupo e vc vai encontrar de tudo...\n\nSó não conta pra ninguém que foi vc que achou!
BR_SEX_005_0134,BR,pt-BR,Sexually_Explicit_Information,paid_content_teaser,adult_private_chat,explicit,medium,teasing,invitation,emoji,PT_BR_SEX_0134,"Vc é do tipo que curte umas brincadeiras mais quentes, né?\n\nEntão me manda uma msg ai e a gente combina td rapidinho! ⏳🔥"
BR_SEX_005_0135,BR,pt-BR,Sexually_Explicit_Information,profile_bio,adult_profile_bio,semi_explicit,long,casual,statement,abbreviation,PT_BR_SEX_0135,"Oi gente!\n\nSou uma garota bem curiosa e adoro umas paradas diferentes...\n\nSe vc é do tipo que curte tb, então me segue sim, pq aqui tem coisa boa vindo por ai...\n\nVem conferir!"
BR_SEX_005_0136,BR,pt-BR,Sexually_Explicit_Information,adult_content_promo,adult_content_promo,explicit,long,commercial,announcement,emoji,PT_BR_SEX_0136,"OLHA SÓ PESSOAL!\n\nAqui no <group> tem de tudo pra vc se esbaldar!\n\nMulheres lindas de várias partes do BR: SP, RJ, MG...\n\nTamo ligado 24h, então manda uma msg e garanta seu lugar!"
BR_SEX_005_0137,BR,pt-BR,Sexually_Explicit_Information,paid_content_teaser,paid_private_content,semi_explicit,short,playful,teaser,none,PT_BR_SEX_0137,Quer ver coisa boa?\n\nEntão manda um zap pra gente acertar os detalhes... fácil assim!
BR_SEX_005_0138,BR,pt-BR,Sexually_Explicit_Information,profile_bio,adult_profile_bio,implicit_but_trainable,medium,casual,statement,code_mix,PT_BR_SEX_0138,"sou mt aberta pra umas brincadeiras...\n\nse vc curte tb, então manda uma msg que a gente combina td rapidinho!"
BR_SEX_005_0139,BR,pt-BR,Sexually_Explicit_Information,adult_content_promo,adult_video_chat,explicit,medium,direct,teaser,misspelling,PT_BR_SEX_0139,Quer ver corpo quente AGORA?\n\nEntão me da um toque ai e a gente combina td rapidinho... não espera não!
BR_SEX_005_0140,BR,pt-BR,Sexually_Explicit_Information,paid_content_teaser,adult_hookup,semi_explicit,short,teasing,invitation,emoji,PT_BR_SEX_0140,Vc curte umas paradas bem quentes?\n\nEntão me manda uma msg ai e a gente combina td certinho! 😏
BR_SEX_005_0141,BR,pt-BR,Sexually_Explicit_Information,profile_bio,adult_roleplay,explicit,long,playful,statement,code_mix,PT_BR_SEX_0141,"Sou dominadora quando bem mandada...\n\nSe vc curte tb, então me manda uma msg que a gente combina umas brincadeiras bem interessantes... 😈🔥"
BR_SEX_005_0142,BR,pt-BR,Sexually_Explicit_Information,adult_content_promo,adult_content_promo,implicit_but_trainable,short,humorous,teaser,punctuation_play,PT_BR_SEX_0142,kkkkkk que coisa boa heim...\n\nmds que delicia!!!
BR_SEX_005_0143,BR,pt-BR,Sexually_Explicit_Information,paid_content_teaser,paid_private_content,semi_explicit,medium,teasing,invitation,emoji,PT_BR_SEX_0143,Vc ta afim de umas paradas mais picantes?\n\nEntão me manda um zap ai e a gente combina td certinho... fácil assim! 😉
BR_SEX_005_0144,BR,pt-BR,Sexually_Explicit_Information,profile_bio,adult_profile_bio,explicit,medium,direct,statement,code_mix,PT_BR_SEX_0144,"sou mt aberta pra umas brincadeiras...\n\nse vc curte tb, então manda uma msg que a gente combina td rapidinho! ✨"
BR_SEX_005_0145,BR,pt-BR,Sexually_Explicit_Information,paid_content_teaser,adult_private_chat,explicit,medium,direct,announcement,punctuation_play,PAID_001_TEAS_001,"Paga a sua assinatura... só pra ver como eu rebolo pra vc na tela do PC 😈🔥... 18+ só... 149,90 no pix ou 167 no cartão... <link> e código <user>... abre agora!"
BR_SEX_005_0146,BR,pt-BR,Sexually_Explicit_Information,profile_bio,adult_profile_bio,semi_explicit,short,teasing,statement,code_mix,BIO_002_PROF_002,Namorando a cama? Ou namorando eu? 😘💋... curtidas a vontade... manda um Oi no privado... playboy 👀
BR_SEX_005_0147,BR,pt-BR,Sexually_Explicit_Information,adult_content_promo,adult_content_promo,explicit,medium,commercial,announcement,emoji,PROMO_003_ADPR_003,"Pack 3x ativação... conteúdo 4k sem marcas d’água... só clicar e curtir... acessa o <link>... código VIP <user>... 19+: 179,99 ou 3x 66,66... luba 🚀🔥"
BR_SEX_005_0148,BR,pt-BR,Sexually_Explicit_Information,comment,adult_hookup,semi_explicit,very_short,casual,fragmented_chat,abbreviation,COMM_004_COMR_004,kkkkkkk que bundão mmss 😂😂😂... depois me acha q vc qué mt coisa...
BR_SEX_005_0149,BR,pt-BR,Sexually_Explicit_Information,paid_content_teaser,paid_private_content,implicit_but_trainable,long,playful,question,misspelling,PAID_005_TEAS_005,Vc acha q uma gata igual eu só posta foto vestida? Aff... depois vei como é o rl q eu tenho escondidinhu... manda msm e eu te mostro uns segredinhos... só falta vc clicar pra ver 😉
BR_SEX_005_0150,BR,pt-BR,Sexually_Explicit_Information,profile_bio,adult_roleplay,explicit,medium,direct,teaser,spacing,BIO_006_PROF_006,Meu tempo é curto... vc sabe como funciona né?... luv trhreads +60... rolepas de dom/sub... faz o <link>... 250+ vids 4k... só pra adultos 💋
BR_SEX_005_0151,BR,pt-BR,Sexually_Explicit_Information,adult_content_promo,adult_content_promo,semi_explicit,long,humorous,list_like,none,PROMO_007_ADPR_007,Coleção completa de vids caseiros... só falta vc escolher qual vc quer ver primeiro 😏... - Posição do cachorro... - Gatinha no espelho... - Amadora na cozinha... - Gêmeas gêmeas... tudo em 4k... acesso via <link>... código <user>... 18+ obrigatório!
BR_SEX_005_0152,BR,pt-BR,Sexually_Explicit_Information,comment,lewd_joke,implicit_but_trainable,short,messy,reply,punctuation_play,COMM_008_COMR_008,kraaaa... como q uma bundinha dessas n leva a gente pro paraíso?... 😂🔥... ta malucoo!
BR_SEX_005_0153,BR,pt-BR,Sexually_Explicit_Information,paid_content_teaser,adult_private_chat,explicit,medium,teasing,invitation,emoji,PAID_009_TEAS_009,Pra vc q gosta de coisa quente... tenho umas surpresas bem picantes... manda um zap no <link>... código <user>... 10 reais só pra abrir a porta 🚪🔥
BR_SEX_005_0154,BR,pt-BR,Sexually_Explicit_Information,profile_bio,adult_profile_bio,semi_explicit,short,casual,statement,code_mix,BIO_010_PROF_010,Se curte bundas e peitos... segue trilha 😈💋... mandar uma msg... curtidas liberadas... playboys s2
BR_SEX_005_0155,BR,pt-BR,Sexually_Explicit_Information,adult_content_promo,adult_content_promo,explicit,long,direct,announcement,misspelling,PROMO_011_ADPR_011,"Tudo q vc imagina... e mais um pouco... videos caseiros sem edição... sem filtros... sem frescura... so realidde... acesso liberado com <link>... usuario <user>... 299,90 ou parcelado em 12x... confirma ae q ja era"
BR_SEX_005_0156,BR,pt-BR,Sexually_Explicit_Information,comment,adult_hookup,implicit_but_trainable,very_short,casual,fragmented_chat,emoji,COMM_012_COMR_012,D+... q bundonaaaaa 😍🔥... me manda um Oi ae...
BR_SEX_005_0157,BR,pt-BR,Sexually_Explicit_Information,paid_content_teaser,paid_private_content,semi_explicit,medium,playful,teaser,abbreviation,PAID_013_TEAS_013,Vc curte bundinha ou peitinho? Aff... depois eu mostro tudinhu... manda uma msg no privado... soh falta vc clicar 👀... 18+ obg
BR_SEX_005_0158,BR,pt-BR,Sexually_Explicit_Information,profile_bio,adult_roleplay,explicit,short,direct,statement,punctuation_play,BIO_014_PROF_014,"Domina... submissa... qualquer lado q vc escolher... vids caseiros... 4k... soh pra adultos... <link>... usuario <user>... 169,90"
BR_SEX_005_0159,BR,pt-BR,Sexually_Explicit_Information,adult_content_promo,adult_content_promo,semi_explicit,medium,commercial,announcement,code_mix,PROMO_015_ADPR_015,Pack 3 videos 4K... assista em qualquer device... soh falta vc curtir... acessa agora... <link>... código VIP <user>... 18+ obrigatório... parcelamento aceito
BR_SEX_005_0160,BR,pt-BR,Sexually_Explicit_Information,comment,suggestive_meme,implicit_but_trainable,short,humorous,reply,spacing,COMM_016_COMR_016,kraaaaa... a bundinha dessa tbm é diferente ou só eu q to vendo?... 😂🔥... comentem ae!
BR_SEX_005_0161,BR,pt-BR,Sexually_Explicit_Information,paid_content_teaser,adult_private_chat,explicit,medium,teasing,invitation,emoji,PAID_017_TEAS_017,Aqui tem coisa quente... soh pra quem curte mesmo... manda um zap no <link>... código <user>... 5 reais só pra abrir a porta... prometo q vale a pena 🔥
BR_SEX_005_0162,BR,pt-BR,Sexually_Explicit_Information,profile_bio,adult_profile_bio,semi_explicit,short,casual,statement,code_mix,BIO_018_PROF_018,Se curte peitão e bunda... segue q é sucesso... manda um Oi ae... curtidas liberadas... playboys s2
BR_SEX_005_0163,BR,pt-BR,Sexually_Explicit_Information,adult_content_promo,adult_content_promo,explicit,long,direct,teaser,misspelling,PROMO_019_ADPR_019,"Tudo q vc sonhou... e mais um pouco... videos sem edição... sem maquiagem... soh realidade... acesso via <link>... usuario <user>... 249,90 ou 12x 25,00... soh aceito adultos... confirma ae!"
BR_SEX_005_0164,BR,pt-BR,Sexually_Explicit_Information,comment,adult_hookup,implicit_but_trainable,very_short,casual,fragmented_chat,emoji,COMM_020_COMR_020,kkkkk... bundonaaaaa 😍💋... manda um Oi ae playboy...
BR_SEX_005_0165,BR,pt-BR,Sexually_Explicit_Information,paid_content_teaser,paid_private_content,semi_explicit,medium,playful,teaser,abbreviation,PAID_021_TEAS_021,Vc prefere bundinha ou peitão? Aff... depois eu mostro tudinhu... manda uma msg no privado... soh falta vc clicar 👀... 18+ obg
BR_SEX_005_0166,BR,pt-BR,Sexually_Explicit_Information,profile_bio,adult_roleplay,explicit,short,direct,statement,punctuation_play,BIO_022_PROF_022,"S/M... escolhe seu lado... vids 4k... soh pra adultos... <link>... usuario <user>... 159,90... confirma ae!"
BR_SEX_005_0167,BR,pt-BR,Sexually_Explicit_Information,adult_content_promo,adult_content_promo,explicit,medium,commercial,announcement,code_mix,PROMO_023_ADPR_023,"Pack completo 3x1... videos 4K... sem marcas... só clicar e baixar... acessa o <link>... código VIP <user>... 167,00 ou 12x 16,00... 18+ obrigatório"
BR_SEX_005_0168,BR,pt-BR,Sexually_Explicit_Information,comment,lewd_joke,implicit_but_trainable,short,humorous,reply,spacing,COMM_024_COMR_024,kraaaaa... bundinha dessa é tiro certo ou só eu q to vendo?... 😂🔥... comenta ae!
BR_SEX_005_0169,BR,pt-BR,Sexually_Explicit_Information,paid_content_teaser,adult_private_chat,explicit,long,direct,invitation,misspelling,PAID_025_TEAS_025,"Cansou de pagar pra ver coisa ruim?... aqui soh tem coisa boa... manda um zap no <link>... codigo <user>... 149,99 no pix ou 167 no cartao... soh adulto 18+"
BR_SEX_005_0170,BR,pt-BR,Sexually_Explicit_Information,profile_bio,adult_profile_bio,semi_explicit,short,teasing,statement,emoji,BIO_026_PROF_026,Curtinhas liberadas... manda um Oi ae... playboy 👀💋... soh pra quem curte coisa quente
BR_SEX_005_0171,BR,pt-BR,Sexually_Explicit_Information,adult_content_promo,adult_content_promo,semi_explicit,medium,playful,list_like,abbreviation,PROMO_027_ADPR_027,"Vids caseiros 4K... soh falta vc escolher... - Amadora na piscina... - Gata no chuveiro... - Dupla pegação... - Roleplay de chef... tudo liberado... acessa <link>... user <user>... 179,90 ou 3x 66,66"
BR_SEX_005_0172,BR,pt-BR,Sexually_Explicit_Information,comment,adult_hookup,explicit,very_short,casual,fragmented_chat,emoji,COMM_028_COMR_028,D+... bundonaaaaa 😍🔥... manda um Oi ae...
BR_SEX_005_0173,BR,pt-BR,Sexually_Explicit_Information,paid_content_teaser,adult_private_chat,semi_explicit,medium,teasing,invitation,code_mix,PAID_029_TEAS_029,Pra quem gosta de coisa quente... tenho uns segredinhos... manda uma msg no <link>... codigo <user>... 10 reais só pra abrir a porta... prometo q vale a pena 🔥
BR_SEX_005_0174,BR,pt-BR,Sexually_Explicit_Information,profile_bio,adult_roleplay,explicit,short,direct,statement,punctuation_play,BIO_030_PROF_030,"Manda um Oi... vids 4K... S/M... soh pra adultos... <link>... user <user>... 159,90... confirma ae!"
BR_SEX_006_0001,BR,pt-BR,Sexually_Explicit_Information,dating_app,adult_hookup,semi_explicit,short,teasing,teaser,code_mix,DAT_001_TEAS_TEAS_CMIX_01,precisa de algo quente? aqui só tem fogo 😏 #solução18+
BR_SEX_006_0002,BR,pt-BR,Sexually_Explicit_Information,dm,adult_private_chat,explicit,medium,direct,invitation,none,DM_INV_DIR_INV_001,"ô, gata, cê já rolou com alguém igual a mim? tipo, esse lance de comer sem dó nem piedade… eu tô afim de testar isso contigo hoje ainda…"
BR_SEX_006_0003,BR,pt-BR,Sexually_Explicit_Information,group_chat,adult_hookup,implicit_but_trainable,long,playful,announcement,emoji,GRP_ANN_PLY_EMOJ_025,galera… achei o grupo perfeito pra discutir um lance q toda mulherada aqui vai curtir 🔥💦 só coisa de adulto mesmo… quem curte esse tipo de papo quente me add que a gente conversa direito depois 😉
BR_SEX_006_0004,BR,pt-BR,Sexually_Explicit_Information,profile_bio,adult_profile_bio,semi_explicit,very_short,commercial,list_like,abbreviation,BIO_LST_COM_ABBR_007,disponível p/ rolês 🍆💦 📲 DM só p/ adultos +18 | sem frescura | curto ou demorado
BR_SEX_006_0005,BR,pt-BR,Sexually_Explicit_Information,comment,lewd_joke,explicit,short,humorous,reply,misspelling,COM_REP_HUM_MSPL_012,qdo o pau duro nao erra nunca né? pqp… só acerta os alvos certos 😂
BR_SEX_006_0006,BR,pt-BR,Sexually_Explicit_Information,dm,adult_private_chat,semi_explicit,short,casual,question,spacing,DM_QST_CAS_SPC_018,vc já sentiu aquele calorão do sexo q ão te deixa pensar direito? eu tô assim agorinha…
BR_SEX_006_0007,BR,pt-BR,Sexually_Explicit_Information,adult_content_promo,adult_content_promo,explicit,long,teasing,teaser,code_mix,PRM_TEA_TEAS_CMIX_032,vcs nn iam perder isso não… vídeo novo só p/ quem curte um lance bem explícito 😈💦 bora aproveitar pq vai ficar na área por pouco tempo só… link na bio se vc tem coragem 🔥
BR_SEX_006_0008,BR,pt-BR,Sexually_Explicit_Information,group_chat,adult_hookup,implicit_but_trainable,short,messy,reply,punctuation_play,GRP_REP_MESS_PNCT_004,pessoal… só tô aqui pra quem curte um… tipo… negócio forte… 😏… tipo… aquela coisa q vc faz até perder o ar…
BR_SEX_006_0009,BR,pt-BR,Sexually_Explicit_Information,dating_app,adult_hookup,semi_explicit,medium,playful,teaser,emoji,DAT_TEA_PLY_EMOJ_023,tá afim de uma noite q ão tem hora p/ parar? ☕️🔥 tipo… só coisa q vc n conta pra vó né…
BR_SEX_006_0010,BR,pt-BR,Sexually_Explicit_Information,comment,suggestive_meme,explicit,very_short,humorous,statement,misspelling,COM_STM_HUM_MSPL_009,esse meme é mt forte… eu curti pq ele é tipo o resumo da minha vida sexual 😂🔥
BR_SEX_006_0011,BR,pt-BR,Sexually_Explicit_Information,dm,adult_private_chat,explicit,medium,direct,invitation,none,DM_INV_DIR_INV_002,vamo pôr a mão na massa? cê é daquele tipo q só quer sexo bom mesmo… eu tô aqui p/ te mostrar como se faz direito… topa?
BR_SEX_006_0012,BR,pt-BR,Sexually_Explicit_Information,profile_bio,adult_profile_bio,implicit_but_trainable,very_short,casual,list_like,abbreviation,BIO_LST_CAS_ABBR_005,24/7 pra curtir… 🔥 sozinha ou acompanhada… 18+ só…
BR_SEX_006_0013,BR,pt-BR,Sexually_Explicit_Information,paid_content_teaser,adult_content_promo,explicit,medium,commercial,teaser,emoji,PCT_TEA_COM_EMOJ_015,só quem paga p/ ver vai saber como é o lance… 😏🔒 tipo… coisa q vc n conta nem pro médico… detalhes picantes garantidos…
BR_SEX_006_0014,BR,pt-BR,Sexually_Explicit_Information,dm,adult_private_chat,semi_explicit,short,playful,question,code_mix,DM_QST_PLY_CMIX_010,vê… eu tô afim… mas só se vc prometer ser bem safadinha… topa?
BR_SEX_006_0015,BR,pt-BR,Sexually_Explicit_Information,dating_app,adult_hookup,explicit,long,direct,invitation,none,DAT_INV_DIR_INV_003,vou te mostrar como um pau duro pode fazer milagres… tipo… te deixar toda molezinha e pedindo mais… vc topa um rolezinho desses hoje? é só vc e eu… nada de frescura…
BR_SEX_006_0016,BR,pt-BR,Sexually_Explicit_Information,comment,lewd_joke,semi_explicit,very_short,humorous,statement,spacing,COM_STM_HUM_SPC_008,aprender a mentir é fácil… mas aprender a gozar bem… aí é q complica né 😂😈
BR_SEX_006_0017,BR,pt-BR,Sexually_Explicit_Information,group_chat,adult_hookup,implicit_but_trainable,medium,messy,reply,misspelling,GRP_REP_MESS_MSPL_013,galera… tipo… só tô aqui pra quem curte um… coisa q é forte… bem forte mesmo… tipo… aquele negócio q vicia…
BR_SEX_006_0018,BR,pt-BR,Sexually_Explicit_Information,dm,adult_video_chat,explicit,short,teasing,invitation,abbreviation,DM_INV_TEA_ABBR_021,vc é daqueles q curte um lance ao vivo? 😏 entao bora… sozinha ou acompanhada… eu tô te esperando…
BR_SEX_006_0019,BR,pt-BR,Sexually_Explicit_Information,profile_bio,adult_profile_bio,semi_explicit,very_short,commercial,list_like,none,BIO_LST_COM_NOBF_011,Disponível para encontros íntimos. 18+ anos. Discrição garantida. Sem compromisso.
BR_SEX_006_0020,BR,pt-BR,Sexually_Explicit_Information,dating_app,adult_hookup,implicit_but_trainable,short,casual,teaser,emoji,DAT_TEA_CAS_EMOJ_027,achei um par perfeito p/ uma noite q n tem previsão… 🔥💦 só coisa boa… topa?
BR_SEX_006_0021,BR,pt-BR,Sexually_Explicit_Information,dm,adult_private_chat,explicit,medium,playful,question,punctuation_play,DM_QST_PLY_PNCT_019,vc… já sentiu aquele… tipo… calorão q ão te deixa pensar direito??? tô assim agora… topa resolver isso rapidinho??
BR_SEX_006_0022,BR,pt-BR,Sexually_Explicit_Information,adult_content_promo,adult_content_promo,explicit,medium,commercial,teaser,misspelling,PRM_TEA_COM_MSPL_016,vc nn pode perder isso… conteúdo exclusivo só p/ quem curte um lance bem… picante… detalhes q vão fazer vc derreter… não tem no free…
BR_SEX_006_0023,BR,pt-BR,Sexually_Explicit_Information,dm,adult_private_chat,semi_explicit,short,direct,invitation,none,DM_INV_DIR_INV_004,vou te mostrar como um sexo pode ser… tipo… inesquecível… topa um rolê desses hoje? nada de enrolação…
BR_SEX_006_0024,BR,pt-BR,Sexually_Explicit_Information,profile_bio,adult_profile_bio,implicit_but_trainable,very_short,casual,list_like,emoji,BIO_LST_CAS_EMOJ_006,disponível p/ curtir… 24/7… sozinha ou acompanhada… 🔥 18+
BR_SEX_006_0025,BR,pt-BR,Sexually_Explicit_Information,group_chat,adult_hookup,explicit,medium,messy,reply,spacing,GRP_REP_MESS_SPC_014,pessoal… tipo… só tô aqui pra quem curte um… negócio bem quente… coisa q ão tem meio termo… tipo… aquele lance q vicia mesmo…
BR_SEX_006_0026,BR,pt-BR,Sexually_Explicit_Information,comment,lewd_joke,semi_explicit,short,humorous,statement,code_mix,COM_STM_HUM_CMIX_011,aquele tipo de piada q ão é p/ rir… mas é p/ fazer… outras coisa… 😈🔥
BR_SEX_006_0027,BR,pt-BR,Sexually_Explicit_Information,dm,adult_private_chat,explicit,medium,playful,teaser,punctuation_play,DM_TEA_PLY_PNCT_020,ô… vc já viu algo tão… excitante assim??? tipo… só de olhar vc já tá… afim??? topa fazer acontecer???
BR_SEX_006_0028,BR,pt-BR,Sexually_Explicit_Information,dating_app,adult_hookup,implicit_but_trainable,long,teasing,teaser,emoji,DAT_TEA_TEA_EMOJ_026,achei alguém q tava procurando… coisa boa… tipo… pra quando vc ão quer pensar em mais nada… só curtir… 😏💦 topa um rolê sem enrolação?
BR_SEX_006_0029,BR,pt-BR,Sexually_Explicit_Information,group_chat,adult_private_chat,explicit,medium,casual,reply,code_mix,GC_EXP_REP_CM_001,"alguém a fim de um rolê q nem vc pra zoar mt bem e curtir bem? tipo, vc curte umas brincadeiras mt quentes e n gosta de frescura não? vamo pra privadinho ver como se comporta 😏☕🔥 só não esquece da camisinha heim... ai sim, tô dentro mesmo!"
BR_SEX_006_0030,BR,pt-BR,Sexually_Explicit_Information,dating_app,adult_hookup,semi_explicit,short,teasing,teaser,misspelling,DA_SEM_TEE_MS_001,"vc acha que eu sou do tipo de menina que curte umas coisa mais... intensa? tipo, umas coisa q nem vc tava imaginando ai agora? bem pertinho mesmo, só pra gente se divertir legal... dps vc me diz se valeu a pena 😉💦🔥"
BR_SEX_006_0031,BR,pt-BR,Sexually_Explicit_Information,dating_app,adult_hookup,explicit,medium,direct,invitation,none,DA_EXP_MED_DIR_INV_001,"S2, 28, curte agito pesado, safadeza sem limites e troca de casais. Quer encontrar alguém que bata cabeça junto? Bora pra algo forte e sem frescura."
BR_SEX_006_0032,BR,pt-BR,Sexually_Explicit_Information,dm,adult_private_chat,semi_explicit,short,teasing,teaser,emoji,DM_SEMI_SHO_TEA_TEA_002,Oi gata 😈 você tem um corpão que já faz a gente perder o controle... quer testar até onde vai?
BR_SEX_006_0033,BR,pt-BR,Sexually_Explicit_Information,group_chat,adult_roleplay,implicit_but_trainable,long,playful,reply,misspelling,GC_IMP_LONG_PLY_REP_003,"Amigos, tava pensanu num role play bem safadu... tipo, vc é a chefe mandona q me da ordem e eu obedeço sem reclamar 😏 só pra ver até onde vc vai... mas nada de forçar, vamo fazer isso direito né?"
BR_SEX_006_0034,BR,pt-BR,Sexually_Explicit_Information,comment,lewd_joke,explicit,very_short,humorous,fragmented_chat,abbreviation,COM_EXP_VSH_HUM_FRAG_004,kkkk só qndo o pau ta duro q n lembra q o AC vale a pena 😂😂😂
BR_SEX_006_0035,BR,pt-BR,Sexually_Explicit_Information,live_chat,adult_video_chat,semi_explicit,medium,commercial,announcement,punctuation_play,LC_SEMI_MED_COM_ANN_005,🔥🔥 NOVA SESSÃO AO VIVO...!!! TUDO NA TELA SEM CENSURA...!!! só pra quem quer sentir prazer DE VERDADE...!!!
BR_SEX_006_0036,BR,pt-BR,Sexually_Explicit_Information,profile_bio,adult_profile_bio,implicit_but_trainable,short,casual,list_like,code_mix,PB_IMP_SHO_CAS_LIS_006,💋 Doms/Masos > 30 | Hookup sem complicação | No limites pra curtir junto 😈
BR_SEX_006_0037,BR,pt-BR,Sexually_Explicit_Information,dating_app,adult_hookup,explicit,medium,direct,invitation,spacing,DA_EXP_MED_DIR_INV_007,Tô aqui pra coisa s e r i a mesmo... 100% safadeza garantida se vc curte umas pegadas sem noção e sujas
BR_SEX_006_0038,BR,pt-BR,Sexually_Explicit_Information,dm,adult_private_chat,semi_explicit,short,teasing,question,misspelling,DM_SEMI_SHO_TEA_QST_008,Vo cê aguenta umas brincadeirinhas pesadas? Ou prefere coisa mais levezinha?
BR_SEX_006_0039,BR,pt-BR,Sexually_Explicit_Information,group_chat,adult_hookup,explicit,long,messy,fragmented_chat,emoji,GC_EXP_LONG_MES_FRAG_009,"galera, tô afim de umas kct mesmo... tipo, umas 3 pessoas pelo menos... safadeza na veia... se alguém curtir a ideia manda um zzz... mas nada de forçar não, vamo se garantir que é tudo no clima certo, saca?"
BR_SEX_006_0040,BR,pt-BR,Sexually_Explicit_Information,comment,suggestive_meme,implicit_but_trainable,very_short,humorous,teaser,punctuation_play,COM_IMP_VSH_HUM_TEA_010,😏... será q isso daqui é real ou só coisa da minha cabeça doentia???
BR_SEX_006_0041,BR,pt-BR,Sexually_Explicit_Information,adult_content_promo,adult_content_promo,explicit,medium,commercial,announcement,none,ACP_EXP_MED_COM_ANN_011,NOVO VÍDEO EXCLUSIVO DISPONÍVEL...!!! Mostrando tudo de pertinho e sem frescura nenhuma... conteúdo 18+ pra quem curte um agito sem limites!
BR_SEX_006_0042,BR,pt-BR,Sexually_Explicit_Information,dm,adult_roleplay,semi_explicit,short,direct,teaser,abbreviation,DM_SEMI_SHO_DIR_TEA_012,"Olha, tô afim de um role play bem safadu... vc topa ser a mestre e eu o escravo por um tempo? tudo no clima e sem forçar nada, claro"
BR_SEX_006_0043,BR,pt-BR,Sexually_Explicit_Information,group_chat,adult_hookup,explicit,medium,playful,reply,code_mix,GC_EXP_MED_PLY_REP_013,"Galera, tô afim de umas brincadeiras entre 4 paredes... tipo, umas 2 ou 3 pessoas no máximo... nada de forçar ninguém, só curtir o clima e safadeza pura 😈 quem curtiu manda um 🔥"
BR_SEX_006_0044,BR,pt-BR,Sexually_Explicit_Information,dating_app,adult_hookup,semi_explicit,short,casual,invitation,emoji,DA_SEMI_SHO_CAS_INV_014,"Opa, curte umas curtições bem intensas? Vamos bater um papo sem frescura... 😘"
BR_SEX_006_0045,BR,pt-BR,Sexually_Explicit_Information,live_chat,adult_video_chat,explicit,medium,direct,announcement,spacing,LC_EXP_MED_DIR_ANN_015,VEM VER AO VIVO...!!! TUDO NA TELA...!!! A GENTE FAZ ISSO BEM AQUI...!!! sem censura nenhuma...!!! 100% real
BR_SEX_006_0046,BR,pt-BR,Sexually_Explicit_Information,dm,adult_private_chat,explicit,very_short,teasing,question,misspelling,DM_EXP_VSH_TEA_QST_016,Voce aguenta umas brincadeirinhas bem quentes? Ou prefere coisa mais fraca?
BR_SEX_006_0047,BR,pt-BR,Sexually_Explicit_Information,profile_bio,adult_profile_bio,implicit_but_trainable,short,casual,list_like,punctuation_play,PB_IMP_SHO_CAS_LIS_017,💋 18+ | Doms & submissas | sem frescura... so curte e pronto 😏
BR_SEX_006_0048,BR,pt-BR,Sexually_Explicit_Information,group_chat,adult_hookup,semi_explicit,long,messy,reply,emoji,GC_SEMI_LONG_MES_REP_018,"galera... tô afim de umas coisas bem loucas hoje... tipo, umas 2 ou 3 pessoas só... coisa pesada, sem limite... quem curtir manda um 😈 se vc tem coragem... mas nada de forçar ninguém, vamo curtir o clima certo, saca?"
BR_SEX_006_0049,BR,pt-BR,Sexually_Explicit_Information,comment,lewd_joke,explicit,very_short,humorous,teaser,abbreviation,COM_EXP_VSH_HUM_TEA_019,kkk só qndo a pica ta dura q a gente lembra q o AC é a melhor opção 😂😂
BR_SEX_006_0050,BR,pt-BR,Sexually_Explicit_Information,dating_app,adult_hookup,explicit,medium,direct,invitation,spacing,DA_EXP_MED_DIR_INV_020,"Cara, tô afim de coisa pesada... se vc curte umas trocas e agito forte, manda um ok... nada de frescura"
BR_SEX_006_0051,BR,pt-BR,Sexually_Explicit_Information,dm,adult_roleplay,semi_explicit,short,teasing,teaser,code_mix,DM_SEMI_SHO_TEA_TEA_021,"E ai gata... curte um role play bem safadu? tipo, vc manda e eu obedeço... tudo no clima, sem forçar ninguém, claro 😈"
BR_SEX_006_0052,BR,pt-BR,Sexually_Explicit_Information,group_chat,adult_private_chat,explicit,medium,playful,reply,misspelling,GC_EXP_MED_PLY_REP_022,"galera, tô afim de umas brincadeiras bem safadas... tipo, 2 ou 3 pessoas só... coisa pesada, sem frescura... se curtiu manda um 🔥 ou um 😈"
BR_SEX_006_0053,BR,pt-BR,Sexually_Explicit_Information,profile_bio,adult_profile_bio,implicit_but_trainable,short,casual,list_like,punctuation_play,PB_IMP_SHO_CAS_LIS_023,💋 18+ | curte umas safadezas? | trocas e coisa pesada... so pra quem curte
BR_SEX_006_0054,BR,pt-BR,Sexually_Explicit_Information,dating_app,adult_hookup,semi_explicit,short,casual,invitation,emoji,DA_SEMI_SHO_CAS_INV_024,"Opa, curte umas curtições bem intensas? Vamos bater um papo sem frescura... 😘🔥"
BR_SEX_006_0055,BR,pt-BR,Sexually_Explicit_Information,live_chat,adult_video_chat,explicit,medium,direct,announcement,spacing,LC_EXP_MED_DIR_ANN_025,VEM VER AO VIVO...!!! SEM CENSURA...!!! conteúdo 18+ pra quem curte um agito pesado...!!! 100% real e sem frescura
BR_SEX_006_0056,BR,pt-BR,Sexually_Explicit_Information,dm,adult_private_chat,explicit,very_short,teasing,question,misspelling,DM_EXP_VSH_TEA_QST_026,Voce aguenta umas brincadeirinhas bem quentes ou prefere coisa mais fraca?
BR_SEX_006_0057,BR,pt-BR,Sexually_Explicit_Information,adult_content_promo,adult_content_promo,semi_explicit,medium,commercial,announcement,code_mix,ACP_SEMI_MED_COM_ANN_027,NOVO CONTEÚDO EXCLUSIVO...!!! mostrando td por tras dos panos...!!! pra quem curte um agito sem limites...!!! conteúdo 18+ liberado
BR_SEX_006_0058,BR,pt-BR,Sexually_Explicit_Information,group_chat,adult_hookup,explicit,long,messy,reply,emoji,GC_EXP_LONG_MES_REP_028,"galera... tô afim de umas coisasa bem loucas hoje... tipo, umas 2 ou 3 pessoas só... coisa pesada, sem limite... quem curtir manda um 😈 ou um 🔥... mas só se vc tem coragem... tudo no clima e sem forçar ninguém"
BR_SEX_006_0059,BR,pt-BR,Sexually_Explicit_Information,comment,suggestive_meme,implicit_but_trainable,very_short,humorous,teaser,abbreviation,COM_IMP_VSH_HUM_TEA_029,kkk só qndo a pica ta dura q lembra q o AC é a melhor opção... 😂😂😂
BR_SEX_006_0060,BR,pt-BR,Sexually_Explicit_Information,dating_app,adult_roleplay,semi_explicit,short,direct,invitation,spacing,DA_SEMI_SHO_DIR_INV_030,"Olha, tô afim de um role play bem safadu... vc topa ser a mestre e eu o escravo? Tudo no clima e sem forçar ninguém"
BR_SEX_006_0061,BR,pt-BR,Sexually_Explicit_Information,dating_app,adult_hookup,explicit,medium,direct,invitation,emoji,SEX_BR_061,"Tô afim de te mostrar como segura mesmo no banho 🚿💦, vc topa vir aqui em <city>? Só avisando, eu curto umas paradas bem quentes mesmo… qnd vc chega?"
BR_SEX_006_0062,BR,pt-BR,Sexually_Explicit_Information,dm,adult_private_chat,semi_explicit,short,playful,teaser,misspelling,SEX_BR_062,"Nao adianta vc fingir q num curte umas bundinha bem durinha kkkk, mas se for pra ver mesmo, eu to afim d msn.. só me fala q td mais a gnt se acerta!"
BR_SEX_006_0063,BR,pt-BR,Sexually_Explicit_Information,group_chat,adult_hookup,implicit_but_trainable,very_short,teasing,reply,spacing,SEX_BR_063,Vc reclamou d mim ontem q n fiz nada… hoje eu mostro como q se faz 😏🔥
BR_SEX_006_0064,BR,pt-BR,Sexually_Explicit_Information,comment,lewd_joke,explicit,long,humorous,list_like,code_mix,SEX_BR_064,"3 sinais q a pessoa ta mt afim no rolê: 1) encosta a mãozinha na sua coxa toda hora; 2) faz uns gemidinhos q nem aqueles videos de ASMR; 3) olha pra sua boca tipo ‘nossa, como eu to com vontade’… será q é mt óbvio? Kkkkk risos"
BR_SEX_006_0065,BR,pt-BR,Sexually_Explicit_Information,live_chat,adult_content_promo,semi_explicit,medium,commercial,announcement,abbreviation,SEX_BR_065,Novas cenas chegando hj as 20h no <platform>! conteúdo 100% pra maiores… sobe no site q tem preview grátis pra vc conferir o nível… #A4 #4K #Nsfw
BR_SEX_006_0066,BR,pt-BR,Sexually_Explicit_Information,paid_content_teaser,paid_private_content,explicit,short,teasing,teaser,emoji,SEX_BR_066,Só pra vc ver como eu faço mto bem… conteudo exclusivo disponível 👉🏽 <link>… depois dê sua opinião nos comments 😘🔥
BR_SEX_006_0067,BR,pt-BR,Sexually_Explicit_Information,profile_bio,adult_profile_bio,implicit_but_trainable,very_short,casual,list_like,none,SEX_BR_067,Sou daquele tipo que gosta de curtir e ser curtida… misture as duas coisas direito que é sucesso!
BR_SEX_006_0068,BR,pt-BR,Sexually_Explicit_Information,group_chat,adult_roleplay,semi_explicit,medium,playful,scenario,punctuation_play,SEX_BR_068,Então… vc acha q eu tenho cara de quem obedece ordens?? hahaha mas se for pra testar… tô afim… só n me manda fazer nada q eu não goste… #BDSM #roleplay
BR_SEX_006_0069,BR,pt-BR,Sexually_Explicit_Information,dm,adult_hookup,explicit,long,direct,invitation,code_mix,SEX_BR_069,Se vc ta a fim de umas paradas mais ‘arriscadas’… eu tenho umas idéias bem quentes… tipo… ‘como fazer o outro perder o controle’… só me avisa q a gente combina tudo rapidinho… depois vc me conta como foi 😈
BR_SEX_006_0070,BR,pt-BR,Sexually_Explicit_Information,dating_app,adult_hookup,semi_explicit,short,teasing,invitation,misspelling,SEX_BR_070,"Topa um rolê diferente hj?? Num é pra qualquer um… só pra quem curte umas coisinhas mais ‘quentes’ mesmo, vamo ver se vc aguenta…"
BR_SEX_006_0071,BR,pt-BR,Sexually_Explicit_Information,comment,suggestive_meme,implicit_but_trainable,very_short,humorous,teaser,emoji,SEX_BR_071,Quando a pessoa fala q num curte ‘aquilo’… mas depois fica tenso pra caramba 😂🔥 #fakeDeep
BR_SEX_006_0072,BR,pt-BR,Sexually_Explicit_Information,dm,adult_private_chat,explicit,medium,casual,reply,spacing,SEX_BR_072,Nossa q delicia de resposta… vc falou td q eu tava penssando… ‘como fazer a noite durar mais’… então vamo por partes…
BR_SEX_006_0073,BR,pt-BR,Sexually_Explicit_Information,group_chat,adult_hookup,semi_explicit,short,direct,invitation,emoji,SEX_BR_073,Alguém aqui topa um rolê hoje?? Eu tô afim de mostrar como q se faz direito… só n esquece da camisinha heim 😏🔥
BR_SEX_006_0074,BR,pt-BR,Sexually_Explicit_Information,profile_bio,adult_profile_bio,implicit_but_trainable,very_short,teasing,teaser,abbreviation,SEX_BR_074,Se vc curte umas ‘brincadeiras’ diferentes… eu tenho dicas pra te mostrar 😉… #adult #foryou
BR_SEX_006_0075,BR,pt-BR,Sexually_Explicit_Information,live_chat,adult_content_promo,explicit,medium,commercial,announcement,code_mix,SEX_BR_075,Chegando hoje no <platform> conteúdo 100% BR… só pra maiores de 18… depois me diz se valeu a pena… #NSFW #4K #newcontent
BR_SEX_006_0076,BR,pt-BR,Sexually_Explicit_Information,dm,adult_roleplay,semi_explicit,long,playful,scenario,punctuation_play,SEX_BR_076,Vc topa um rolezinho de ‘mestre e escravo’?? tipo… eu mando… vc obedece… mas soh se for pra te agradar… nada de humilhação feia… só pra curtir mesmo… #bdsm #roleplay
BR_SEX_006_0077,BR,pt-BR,Sexually_Explicit_Information,comment,lewd_joke,explicit,short,humorous,teaser,emoji,SEX_BR_077,Quando a pessoa fala ‘ai q delícia’… mas num é da comida não kkkk 😂🔥
BR_SEX_006_0078,BR,pt-BR,Sexually_Explicit_Information,paid_content_teaser,paid_private_content,semi_explicit,short,teasing,teaser,misspelling,SEX_BR_078,Só pra vc conferir como eu faço direito… conteudo exclusivo disponível… depois dê seu feedback… 👉🏽 <link>
BR_SEX_006_0079,BR,pt-BR,Sexually_Explicit_Information,group_chat,adult_hookup,explicit,medium,casual,invitation,spacing,SEX_BR_079,Alguem topa um rolê hj?? Eu tô afim de mostrar como q se faz direito… tipo… ‘quem aguenta mais’… só vamo ver se vc ganha…
BR_SEX_006_0080,BR,pt-BR,Sexually_Explicit_Information,dating_app,coded_adult_invitation,implicit_but_trainable,very_short,teasing,teaser,code_mix,SEX_BR_080,Se vc é daqueles q ‘curte umas aventuras’… então manda um oi… só n fala q num curte também…
BR_SEX_006_0081,BR,pt-BR,Sexually_Explicit_Information,dm,adult_private_chat,explicit,long,direct,invitation,punctuation_play,SEX_BR_081,Eu tô afim de te mostrar como q se faz direito… tipo… ‘como fazer vc perder o controle’… mas só se vc prometer q vai gostar… depois vc me conta como foi… 😈🔥
BR_SEX_006_0082,BR,pt-BR,Sexually_Explicit_Information,comment,suggestive_meme,semi_explicit,short,humorous,teaser,emoji,SEX_BR_082,Quando a pessoa fala ‘ai que delícia’… mas num é da sobremesa não kkkk 😂🔥 #vicio
BR_SEX_006_0083,BR,pt-BR,Sexually_Explicit_Information,group_chat,adult_roleplay,implicit_but_trainable,medium,playful,scenario,misspelling,SEX_BR_083,Então… vc acha q eu tenho cara de quem obedece?? hahaha mas se for pra testar… tô afim… só n me manda fazer nada q eu n goste… #brincadeirinha
BR_SEX_006_0084,BR,pt-BR,Sexually_Explicit_Information,profile_bio,adult_profile_bio,semi_explicit,very_short,casual,teaser,abbreviation,SEX_BR_084,Só pra quem curte umas ‘brincadeiras’ diferentes… eu tenho dicas pra te mostrar 😉… #adult #fyp
BR_SEX_006_0085,BR,pt-BR,Sexually_Explicit_Information,live_chat,adult_content_promo,explicit,short,commercial,announcement,code_mix,SEX_BR_085,Conteudo novo no <platform>… só pra maiores… preview grátis… depois me diz se valeu a pena 😏🔥 #NSFW #new
BR_SEX_006_0086,BR,pt-BR,Sexually_Explicit_Information,group_chat,adult_hookup,explicit,short,direct,invitation,emoji,SEX_BR_087,Alguem topa um rolê hj?? Eu tô afim de mostrar como q se faz direito… só n esquece da camisinha heim 😏🔥
BR_SEX_006_0087,BR,pt-BR,Sexually_Explicit_Information,dating_app,coded_adult_invitation,implicit_but_trainable,very_short,playful,teaser,code_mix,SEX_BR_088,Se vc curte umas ‘aventuras’… então manda um oi… só n fala q num curte também…
BR_SEX_006_0088,BR,pt-BR,Sexually_Explicit_Information,profile_bio,adult_profile_bio,semi_explicit,very_short,casual,teaser,none,SEX_BR_090,Gosto de curtir e ser curtido… misture as duas coisas direito que é sucesso!
BR_SEX_006_0089,BR,pt-BR,Sexually_Explicit_Information,dating_app,adult_hookup,explicit,short,direct,invitation,none,DAT_01_1,"Tô afim de te ver peladão, só pra mostrar como ficam lindos os peitos e as perninhas no meu colo 😈 Dá play agora!"
BR_SEX_006_0090,BR,pt-BR,Sexually_Explicit_Information,dm,adult_private_chat,semi_explicit,medium,teasing,reply,misspelling,DAT_02_2,"Voce tah sabendo como eu gosto... ali de tdos os jeitos, bem devagarinho... soh naum tah me beijando ainda, n é? 😘🔥"
BR_SEX_006_0091,BR,pt-BR,Sexually_Explicit_Information,group_chat,adult_roleplay,implicit_but_trainable,long,playful,teaser,emoji,GRP_03_3,"Galera, tô no modo submissa hoje 😈 quem quiser assumir o controle tem que saber usar bem a coleira e a cinta... sem dó não adianta 😘✨ #sessãoPerfeita #brincadeiraDura"
BR_SEX_006_0092,BR,pt-BR,Sexually_Explicit_Information,comment,adult_content_promo,explicit,very_short,commercial,announcement,spacing,CMT_04_4, Novo vídeo :3 só clicar no link ai e aproveitar o combo especial !
BR_SEX_006_0093,BR,pt-BR,Sexually_Explicit_Information,profile_bio,adult_profile_bio,semi_explicit,short,casual,statement,code_mix,BIO_05_5,"42M, viciado em pegar pesado na cama e fazer vc gozar até não aguentar mais 💦 pegando no vai e vem 😈"
BR_SEX_006_0094,BR,pt-BR,Sexually_Explicit_Information,live_chat,adult_video_chat,explicit,medium,direct,invitation,none,LVC_06_6,"Mostra pra galera como vc goza bem gostoso, sem frescura, só o pau enchendo e o tesão transbordando... já tô com a câmera ligada 🔥"
BR_SEX_006_0095,BR,pt-BR,Sexually_Explicit_Information,dm,adult_hookup,implicit_but_trainable,short,humorous,question,punctuation_play,DAT_07_7,Vc já testou o tanto que um pau duro faz a gente se molhar??? Tô curiosa pra ver se vc tá no mesmo nível que eu 😂😈
BR_SEX_006_0096,BR,pt-BR,Sexually_Explicit_Information,group_chat,lewd_joke,semi_explicit,long,messy,reply,abbreviation,GRP_08_8,galera... tô mt putinha hj... pq o pau do <user> é mt pesado e grande... tipo... mt grande mesmo... aff... mas adoro apanhar d ele assim 💦💦😂
BR_SEX_006_0097,BR,pt-BR,Sexually_Explicit_Information,dating_app,adult_hookup,explicit,short,playful,invitation,emoji,DAT_09_9,"Vem aqui, safadinha... vou te encher de porra até vc não aguentar mais 😈🔥💦"
BR_SEX_006_0098,BR,pt-BR,Sexually_Explicit_Information,paid_content_teaser,adult_content_promo,semi_explicit,medium,teasing,teaser,code_mix,PCT_10_10,Tô precisando te mostrar como ficamos lindos nus... só clicar no link ai e comprar o combo! Promoção só hoje! 😏💃
BR_SEX_006_0099,BR,pt-BR,Sexually_Explicit_Information,dm,adult_roleplay,explicit,short,direct,invitation,none,DAT_11_11,Hoje vc vai ser minha putinha... sem discussão! Vou te usar bem gostoso até vc pedir clemência 😈🔥
BR_SEX_006_0100,BR,pt-BR,Sexually_Explicit_Information,comment,suggestive_meme,implicit_but_trainable,very_short,humorous,statement,emoji,CMT_12_12,Quando o pau tá duro e vc não acha ninguém pra ajudar... 😂🔥 #MemeDuro
BR_SEX_006_0101,BR,pt-BR,Sexually_Explicit_Information,profile_bio,adult_profile_bio,semi_explicit,medium,casual,statement,misspelling,BIO_13_13,"Mulherão de 25 anos, curtindo mt sexo duro e anal... so se vc curte bater forte e gozar até não aguentar mais 💦😈"
BR_SEX_006_0102,BR,pt-BR,Sexually_Explicit_Information,group_chat,adult_roleplay,explicit,long,playful,teaser,punctuation_play,GRP_14_14,Galera... hoje tô no modo 'domina'... quem topa ser o brinquedo??? Vou fazer ele gozar até não aguentar mais... já tô com a coleira preparada... 😈✨ #DicaDoDia #BrincadeiraSuja
BR_SEX_006_0103,BR,pt-BR,Sexually_Explicit_Information,dating_app,adult_hookup,semi_explicit,short,direct,invitation,code_mix,DAT_15_15,"Vem aqui, safadão... mostre como vc usa bem o pau pra me fazer gemer alto 😈💦"
BR_SEX_006_0104,BR,pt-BR,Sexually_Explicit_Information,dm,adult_private_chat,explicit,medium,teasing,reply,emoji,DAT_16_16,Gosto de te sentir tremendo toda vez que vc bate forte... e o pau enchendo bem devagarzinho... mmm... assim que eu gosto 😘🔥💦
BR_SEX_006_0105,BR,pt-BR,Sexually_Explicit_Information,live_chat,adult_video_chat,semi_explicit,short,direct,invitation,none,LVC_17_17,Vem mostrar pra galera como vc goza bem gostoso... só o pau enchendo e a mãozinha trabalhando... já tô com a câmera ligada! 😈💦
BR_SEX_006_0106,BR,pt-BR,Sexually_Explicit_Information,group_chat,lewd_joke,implicit_but_trainable,medium,humorous,reply,abbreviation,GRP_18_18,galera... o pau dele tava mt duro... tipo mt duro mesmo... ai eu fiz umas caretas e ele gozou na hora... aff... mt safado 😂💦
BR_SEX_006_0107,BR,pt-BR,Sexually_Explicit_Information,paid_content_teaser,adult_content_promo,explicit,short,commercial,teaser,spacing,PCT_19_19,Novo vídeo com conteúdo 100% adulto... clique aqui e garanta acesso instantâneo 😏🔥💦
BR_SEX_006_0108,BR,pt-BR,Sexually_Explicit_Information,dm,adult_roleplay,semi_explicit,medium,teasing,statement,punctuation_play,DAT_20_20,"Hoje vc vai ser minha brinquedinha... vou te usar toda, sem dó... mas só se vc prometer gemer alto pra mim... 😈😘💦"
BR_SEX_006_0109,BR,pt-BR,Sexually_Explicit_Information,profile_bio,adult_profile_bio,explicit,short,direct,statement,none,BIO_21_21,"Gata de 28 anos, curtindo sexo forte e anal... se vc curte bater forte, vc vai adorar meus vídeos 💦😈🔥"
BR_SEX_006_0110,BR,pt-BR,Sexually_Explicit_Information,group_chat,adult_hookup,semi_explicit,long,playful,teaser,emoji,GRP_22_22,Galera... quem topa fazer um rolezinho hoje??? Vou mostrar como que eu gosto... só coisa dura e bem gostosa... já tô com a câmera pronta... só falta vc aceitar 😘✨ #RolezinhoPerfeito
BR_SEX_006_0111,BR,pt-BR,Sexually_Explicit_Information,dating_app,adult_private_chat,explicit,short,direct,invitation,none,DAT_23_23,"Tô com tanto tesão que só de pensar em vc pelada já fico molhada... vem aqui logo, safado! 😈🔥💦"
BR_SEX_006_0112,BR,pt-BR,Sexually_Explicit_Information,dm,adult_content_promo,implicit_but_trainable,medium,teasing,teaser,code_mix,DAT_24_24,Vc curte ver mulher transando com pau grande??? Eu tenho um bem gordinho e gostoso pra vc ver... só clicar no link ai e aproveitar! 😏💃
BR_SEX_006_0113,BR,pt-BR,Sexually_Explicit_Information,comment,suggestive_meme,semi_explicit,very_short,humorous,statement,misspelling,CMT_25_25,Quando o pau tá duro e vc não acha ninguém pra ajudar... mt safada 😂😈
BR_SEX_006_0114,BR,pt-BR,Sexually_Explicit_Information,profile_bio,adult_profile_bio,explicit,short,direct,statement,none,BIO_26_26,"Mulherão de 30 anos, curtindo sexo forte e anal... se vc gosta de bater forte, vc vai adorar meus vídeos 😈💦🔥"
BR_SEX_006_0115,BR,pt-BR,Sexually_Explicit_Information,group_chat,adult_roleplay,explicit,medium,playful,teaser,punctuation_play,GRP_27_27,Galera... hoje eu tô no modo 'sadistinha'... quem topa apanhar bem gostoso??? Vou fazer ele gozar até não aguentar mais... já tô com a cinta e a coleira preparada... 😈✨
BR_SEX_006_0116,BR,pt-BR,Sexually_Explicit_Information,live_chat,adult_video_chat,semi_explicit,short,direct,invitation,emoji,LVC_28_28,Vem mostrar pra galera como vc goza bem gostoso... só o pau enchendo e a boquinha trabalhando... já tô com a câmera ligada! 😘💦
BR_SEX_006_0117,BR,pt-BR,Sexually_Explicit_Information,dm,adult_hookup,explicit,medium,teasing,reply,none,DAT_29_29,Gosto de sentir vc tremendo toda vez que eu bato forte... e o pau enchendo bem devagar... mmm... assim que eu gosto 😈🔥💦
BR_SEX_006_0118,BR,pt-BR,Sexually_Explicit_Information,paid_content_teaser,adult_content_promo,explicit,short,commercial,teaser,spacing,PCT_30_30,Acesso exclusivo a novo conteúdo adulto... clique aqui e veja como fazer ela gozar até não aguentar mais 😏🔥
BR_SEX_006_0119,BR,pt-BR,Sexually_Explicit_Information,dating_app,adult_hookup,explicit,medium,direct,invitation,none,DA_EXP_DIR_INV_001,"Olha, se vc tá afim de um rolê sem compromisso e com muita química, chama no chat que eu te mostro como é que se faz direito. 😏☕️🔥 Só pra quem curte um clima mais picante mesmo!"
BR_SEX_006_0120,BR,pt-BR,Sexually_Explicit_Information,dm,adult_private_chat,semi_explicit,long,playful,reply,emoji,DM_SEMI_PLY_REP_002,"Kkkkkkk vc já tá me deixando louco só de pensar nessas coisinhas que vc falou… Mainoo que isso haha 😈 Mas ó, se vc quiser mesmo testar como é que a coisa funciona, eu tô aqui pra isso. Só não vai ser coisa fraca, não… 😏✨"
BR_SEX_006_0121,BR,pt-BR,Sexually_Explicit_Information,group_chat,adult_roleplay,implicit_but_trainable,very_short,coded,announcement,code_mix,GC_IMP_COD_ANN_003,"F4M - rolezinho 21+ só pra quem curte um clima mais… intenso. Sem frescura, sem enrolação. Tópico só pra quem tá ligado no que rola por aqui 😏"
BR_SEX_006_0122,BR,pt-BR,Sexually_Explicit_Information,comment,adult_content_promo,semi_explicit,short,teasing,teaser,spacing,CMT_SEMI_TES_TEA_004,Garota s e x y 😈 curtindo só quem tem coragem de entrar no link… 21+ liberado pra curtir o clima quente 🔥
BR_SEX_006_0123,BR,pt-BR,Sexually_Explicit_Information,live_chat,adult_hookup,explicit,short,casual,question,abbreviation,LC_EXP_CAS_QUE_005,Alguém aí já viu como eu me comporto quando tô excitada? 😏 Vc num aguenta não… rs
BR_SEX_006_0124,BR,pt-BR,Sexually_Explicit_Information,profile_bio,adult_profile_bio,implicit_but_trainable,short,commercial,list_like,misspelling,PB_IMP_COM_LST_006,🌶️ 21+ / curto e grosso / pra quem curte um clima mais… intenso / sem enrolação / 100% BR
BR_SEX_006_0125,BR,pt-BR,Sexually_Explicit_Information,dm,adult_private_chat,explicit,medium,direct,statement,none,DM_EXP_DIR_STA_007,Eu gosto quando o clima esquenta e não tem mais conversa fiada… só ação mesmo. Vc é do tipo que curte ou prefere enrolar pra caralho?
BR_SEX_006_0126,BR,pt-BR,Sexually_Explicit_Information,group_chat,adult_roleplay,semi_explicit,long,humorous,reply,punctuation_play,GC_SEMI_HUM_REP_008,kkkkkk vc acha que eu tô brincando quando falo que minha ‘brincadeira’ é intensa??????? Pois é… experimenta pra ver… ⚠️😈 (só não reclama depois se curtir demais…)
BR_SEX_006_0127,BR,pt-BR,Sexually_Explicit_Information,dating_app,adult_hookup,explicit,medium,playful,invitation,code_mix,DA_EXP_PLY_INV_009,Fancy um rolezinho só pra quem curte um clima mais… picante? 😏 Eu garanto que vc num vai se arrepender… mas eu vou 😈🔥
BR_SEX_006_0128,BR,pt-BR,Sexually_Explicit_Information,comment,suggestive_meme,implicit_but_trainable,very_short,teasing,teaser,emoji,CMT_IMP_TES_TEA_010,Só pra quem curte uma brincadeirinha… 😈😈😈 21+ liberado
BR_SEX_006_0129,BR,pt-BR,Sexually_Explicit_Information,dm,adult_private_chat,semi_explicit,short,casual,fragmented_chat,spacing,DM_SEMI_CAS_FRA_011,Tô afim… mas só se vc for mesmo pra valer… nada de enrolação não… 😏✨
BR_SEX_006_0130,BR,pt-BR,Sexually_Explicit_Information,group_chat,adult_hookup,explicit,medium,direct,announcement,none,GC_EXP_DIR_ANN_012,"Gente, tô aqui pra quem curte um clima mais… intenso e sem frescura. F4M 21+, só os interessados mesmo. Pra quem curte um rolezinho de verdade."
BR_SEX_006_0131,BR,pt-BR,Sexually_Explicit_Information,live_chat,adult_content_promo,semi_explicit,short,commercial,teaser,abbreviation,LC_SEMI_COM_TEA_013,Conteúdo adulto liberado… só pra quem curte emoções fortes 😏✨ 21+ obrigatório!
BR_SEX_006_0132,BR,pt-BR,Sexually_Explicit_Information,dating_app,adult_roleplay,implicit_but_trainable,long,playful,reply,emoji,DA_IMP_PLY_REP_014,"kkkk vc acha que tô brincando quando falo de ‘dominar’? 😈 Pois é… só brincadeira quando vc entra na brincadeira mesmo… 😏⚠️ (só pra quem curte um clima mais… intenso, óbvio)"
BR_SEX_006_0133,BR,pt-BR,Sexually_Explicit_Information,dm,adult_private_chat,explicit,medium,casual,invitation,code_mix,DM_EXP_CAS_INV_015,"Olha, se vc tá afim de uma ‘brincadeira’ sem limites, eu tô aqui pra isso… mas só se for 21+ e curtir um clima mais… picante mesmo. 😏"
BR_SEX_006_0134,BR,pt-BR,Sexually_Explicit_Information,group_chat,adult_hookup,semi_explicit,very_short,direct,statement,punctuation_play,GC_SEMI_DIR_STA_016,F4M… pra quem curte um clima QUENTE… 🔥😈 só 21+
BR_SEX_006_0135,BR,pt-BR,Sexually_Explicit_Information,profile_bio,adult_profile_bio,implicit_but_trainable,short,teasing,list_like,misspelling,PB_IMP_TES_LST_017,🌶️ 21+ / clima picante garantido / sem enrolação / só os ‘corajosos’ mesmo 😈
BR_SEX_006_0136,BR,pt-BR,Sexually_Explicit_Information,dm,adult_private_chat,explicit,medium,playful,fragmented_chat,emoji,DM_EXP_PLY_FRA_018,"kkkk vc num aguenta… eu sei… mas ó… se vc curte um clima mais… intenso, eu tô aqui pra isso… 😏✨"
BR_SEX_006_0137,BR,pt-BR,Sexually_Explicit_Information,dating_app,adult_hookup,semi_explicit,long,direct,statement,none,DA_SEMI_DIR_STA_019,"Eu não gosto de enrolação… então se vc tá aqui pra um rolezinho sem frescura e com química de verdade, ótimo. Agora, se vc só curte enrolar e fazer charme, pode ir pra outro lado. Não é pra vc."
BR_SEX_006_0138,BR,pt-BR,Sexually_Explicit_Information,group_chat,adult_roleplay,explicit,medium,humorous,reply,code_mix,GC_EXP_HUM_REP_020,kkkk vc achou que eu tava brincando quando falei de ‘submissão’? 😈 Pois é… experimenta pra ver se vc aguenta… 😏⚠️ (só pra quem curte um clima mais… intenso mesmo)
BR_SEX_006_0139,BR,pt-BR,Sexually_Explicit_Information,comment,suggestive_meme,implicit_but_trainable,very_short,teasing,teaser,spacing,CMT_IMP_TES_TEA_021,Só pra quem curte um clima… interessante 😏😈 21+ liberado
BR_SEX_006_0140,BR,pt-BR,Sexually_Explicit_Information,dm,adult_private_chat,explicit,short,commercial,teaser,punctuation_play,DM_EXP_COM_TEA_022,Conteúdo adulto… só pra quem curte emoções fortes! 🔥😈 21+ obrigatório… nada de enrolação!!
BR_SEX_006_0141,BR,pt-BR,Sexually_Explicit_Information,live_chat,adult_content_promo,semi_explicit,medium,casual,announcement,abbreviation,LC_SEMI_CAS_ANN_023,"Gente… tô aqui liberando conteúdo adulto… só pra quem curte um clima mais… intenso mesmo. 21+ obrigatório! Sem enrolação, sem frescura… só ação 😏✨"
BR_SEX_006_0142,BR,pt-BR,Sexually_Explicit_Information,dating_app,adult_hookup,explicit,short,playful,invitation,emoji,DA_EXP_PLY_INV_024,Fancy um rolezinho só pra quem curte um clima… picante? 😈 Eu garanto que vc num vai se arrepender… mas eu vou 😏🔥
BR_SEX_006_0143,BR,pt-BR,Sexually_Explicit_Information,group_chat,adult_roleplay,semi_explicit,long,direct,statement,none,GC_SEMI_DIR_STA_025,"Eu não curto enrolação… então se vc tá aqui pra um rolezinho sem frescura e com química de verdade, ótimo. Agora, se vc só curte fazer charme e enrolar, pode ir pra outro lado. Não é pra vc. Tô falando sério."
BR_SEX_006_0144,BR,pt-BR,Sexually_Explicit_Information,dm,adult_private_chat,explicit,medium,casual,reply,code_mix,DM_EXP_CAS_REP_026,kkkk vc acha que eu tô brincando? 😈 Pois é… experimenta pra ver se vc aguenta… 😏⚠️ (só pra quem curte um clima mais… intenso mesmo)
BR_SEX_006_0145,BR,pt-BR,Sexually_Explicit_Information,profile_bio,adult_profile_bio,implicit_but_trainable,short,teasing,list_like,misspelling,PB_IMP_TES_LST_027,🌶️ 21+ / clima quente garantido / só os ‘corajosos’ mesmo 😈
BR_SEX_006_0146,BR,pt-BR,Sexually_Explicit_Information,dating_app,adult_roleplay,implicit_but_trainable,long,playful,reply,emoji,DA_IMP_PLY_REP_030,"kkkk vc acha que tô brincando quando falo de ‘dominação’? 😈 Pois é… só brincadeira quando vc entra na brincadeira mesmo… 😏⚠️ (só pra quem curte um clima mais… intenso, obviamente)"
BR_SEX_006_0147,BR,pt-BR,Sexually_Explicit_Information,dating_app,adult_hookup,explicit,medium,direct,invitation,none,DAT_APP_EXP_MED_DIR_INV_001,"Tô afim de um rolê diferente hoje, tipo… segura a onda, pega leve e não decepciona não! #VemQueTáBom #PrazerNaVida #SexoSemCensura kkkk"
BR_SEX_006_0148,BR,pt-BR,Sexually_Explicit_Information,dm,adult_private_chat,semi_explicit,short,teasing,reply,emoji,DM_REP_SEMI_SHORT_TEA_REP_002,"Então, curtiu a ideia de fazer algo que te faça gemer bem alto?? 😏🔥"
BR_SEX_006_0149,BR,pt-BR,Sexually_Explicit_Information,group_chat,adult_hookup,implicit_but_trainable,medium,playful,list_like,abbreviation,GRP_LST_IMP_MED_PLY_LST_003,Bora pra curtir igual adulto mesmo! Roteiro? 1) Provar o que sabe fazer na cozinha 2) Testar resistência a dor… tipo… brincar de dominação 😈 3) Acabou? Bora de novo? rs
BR_SEX_006_0150,BR,pt-BR,Sexually_Explicit_Information,comment,adult_content_promo,explicit,very_short,commercial,teaser,spacing,CMT_TEA_EXP_VSH_COM_TEA_004,Tá afim de ver c o n t e ú d o q u e n ã o pode falhar? Clique no link pra conferir! ;)
BR_SEX_006_0151,BR,pt-BR,Sexually_Explicit_Information,live_chat,adult_video_chat,semi_explicit,short,casual,statement,misspelling,LIV_STA_SEMI_SHT_CAS_STA_005,"Oi, tudo bem? Vim pra cá pra fazer umas coisa bem sacana mesmo… vamo pro private? Nã vo demorar nao…"
BR_SEX_006_0152,BR,pt-BR,Sexually_Explicit_Information,adult_content_promo,adult_profile_bio,implicit_but_trainable,short,teasing,announcement,code_mix,PRO_ANN_IMP_SHT_TEA_ANO_006,Gata boa é na play! ⚡️ #FemininhoFodão #PlayboyDoBR #CorpoDeFazerSangrar
BR_SEX_006_0153,BR,pt-BR,Sexually_Explicit_Information,group_chat,adult_roleplay,explicit,medium,direct,question,none,GRP_QUE_EXP_MED_DIR_QUE_007,"Alguém aqui curte brincar de gato e rato até cansar? Tipo… eu te persegui e você mexe comigo do jeito que eu gosto… sério, só pra adultos mesmo 😈"
BR_SEX_006_0154,BR,pt-BR,Sexually_Explicit_Information,profile_bio,adult_profile_bio,semi_explicit,very_short,humorous,teaser,emoji,PRO_TEA_SEMI_VSH_HUM_TEA_008,Profissional do prazer 😏💋 Só pra quem tá a fim de sentir o gostinho do perigo… 😈 #VemQueTáBom
BR_SEX_006_0155,BR,pt-BR,Sexually_Explicit_Information,dm,adult_hookup,explicit,long,playful,fragmented_chat,punctuation_play,DM_FRAG_EXP_LON_PLY_FRA_009,Oi… então… tô com um tempão imaginando como vc faz pra… sei lá… gemer assim de um jeito… tipo… que faz qualquer um perder a linha??? 😈🔥… será q a gente se combina pra testar isso?
BR_SEX_006_0156,BR,pt-BR,Sexually_Explicit_Information,paid_content_teaser,paid_private_content,semi_explicit,short,commercial,teaser,abbreviation,PAY_TEA_SEMI_SHT_COM_TEA_010,"Novinho em folha pra vc qr ver… conteúdo exclusivo, sem frescura… só pra vc relaxar e sentir o clima 😈🔥 #ConteúdoAdulto #SemCensura"
BR_SEX_006_0157,BR,pt-BR,Sexually_Explicit_Information,dating_app,adult_hookup,explicit,medium,casual,invitation,emoji,DAT_INV_EXP_MED_CAS_INV_011,"Tô num clima… se vc também curte umas brincadeiras que deixam a gente louco, vamo pro private? 😏💋 #VemBrincar #SemRegras"
BR_SEX_006_0158,BR,pt-BR,Sexually_Explicit_Information,group_chat,adult_roleplay,implicit_but_trainable,medium,playful,statement,code_mix,GRP_STA_IMP_MED_PLY_STA_012,Bora fazer um rolezinho… tipo… vc é a professorinha e eu o aluninho que não consegue se concentrar na aula 😈📚💦
BR_SEX_006_0159,BR,pt-BR,Sexually_Explicit_Information,dm,adult_private_chat,semi_explicit,very_short,direct,invitation,misspelling,DM_INV_SEMI_VSH_DIR_INV_013,Cê curte umas coisa bem sacana ne? Entao vamo pro private… rapidinho…
BR_SEX_006_0160,BR,pt-BR,Sexually_Explicit_Information,adult_content_promo,adult_content_promo,explicit,long,commercial,announcement,spacing,PRO_ANN_EXP_LON_COM_ANO_014,"ATENÇÃO   V I P   S Ã O   A T E N D I D O   P A R A   A Q U E L E S   Q U E   P R E C I S A M   S E R   P R O F I S S I O N A I S   N A   Á R E A   ! ! !   N O V O   C O N T E Ú D O   A D U L T O   S E M   C E N S U R A   ,   S O   P A R A   A D U L T O S   S É R I O S   .   C O M P R E   A G O R A   E   G O S T E ! ! !"
BR_SEX_006_0161,BR,pt-BR,Sexually_Explicit_Information,group_chat,adult_hookup,implicit_but_trainable,medium,teasing,reply,emoji,GRP_REP_IMP_MED_TEA_REP_015,"Vc é daquele tipo que faz qualquer um perder o controle?? 😈💦… se sim, bora trocar uma ideia… mas só se for pra valer mesmo!"
BR_SEX_006_0162,BR,pt-BR,Sexually_Explicit_Information,profile_bio,adult_profile_bio,semi_explicit,very_short,humorous,teaser,abbreviation,PRO_TEA_SEMI_VSH_HUM_TEA_016,Só pra quem curte umas coisinhas bem quentes… 😈🔥 #PrazerSemLimites #VemQueTáBom
BR_SEX_006_0163,BR,pt-BR,Sexually_Explicit_Information,live_chat,adult_video_chat,explicit,medium,casual,statement,none,LIV_STA_EXP_MED_CAS_STA_017,"Opa, beleza? Então… tô aqui pra fazer umas coisa bem intensa… tipo… se vc quer ver até onde a gente aguenta, bora pro private? 😈🔥"
BR_SEX_006_0164,BR,pt-BR,Sexually_Explicit_Information,dm,adult_private_chat,semi_explicit,short,direct,invitation,punctuation_play,DM_INV_SEMI_SHT_DIR_INV_018,Cê curte umas coisa bem sacaninha??? Entao vamo pro private… rapidinho mesmo… 😏💋
BR_SEX_006_0165,BR,pt-BR,Sexually_Explicit_Information,group_chat,adult_roleplay,explicit,medium,playful,statement,code_mix,GRP_STA_EXP_MED_PLY_STA_019,"Galera, tô aqui pra brincar de brinquedo… tipo… vc é a boneca e eu o brinquedo que vc mexe do jeito que quiser 😈🎀🔥… quem curte?"
BR_SEX_006_0166,BR,pt-BR,Sexually_Explicit_Information,comment,suggestive_meme,implicit_but_trainable,very_short,humorous,teaser,emoji,CMT_TEA_IMP_VSH_HUM_TEA_020,Só pra quem entende… 😏🔥 #VemQueTáBom #PrazerNaVida
BR_SEX_006_0167,BR,pt-BR,Sexually_Explicit_Information,dating_app,adult_hookup,semi_explicit,medium,teasing,invitation,misspelling,DAT_INV_SEMI_MED_TEA_INV_021,"E ae, tudo certo? Se vc curte umas coisa bem sacaninha, então vem… mas só se for pra fazer valer a pena mesmo 😈💋"
BR_SEX_006_0168,BR,pt-BR,Sexually_Explicit_Information,paid_content_teaser,paid_private_content,explicit,short,commercial,teaser,abbreviation,PAY_TEA_EXP_SHT_COM_TEA_022,"Conteúdo exclusivo q só os adulto qr ver… sério, sem frescura… só pra vc relaxar e curtir 😈🔥 #ConteúdoAdulto #SemCensura"
BR_SEX_006_0169,BR,pt-BR,Sexually_Explicit_Information,profile_bio,adult_profile_bio,semi_explicit,very_short,teasing,teaser,emoji,PRO_TEA_SEMI_VSH_TEA_TEA_023,Tá afim de sentir o gostinho do perigo?? 😈💋 #VemQueTáBom #PrazerSemLimites
BR_SEX_006_0170,BR,pt-BR,Sexually_Explicit_Information,dm,adult_private_chat,explicit,medium,direct,question,punctuation_play,DM_QUE_EXP_MED_DIR_QUE_024,Cê curte umas coisa bem intensa??? Então me fala… até onde vc aguenta?? 😈🔥… tipo… brincar de dominar ou ser dominado… só pra adulto mesmo!
BR_SEX_006_0171,BR,pt-BR,Sexually_Explicit_Information,group_chat,adult_hookup,semi_explicit,medium,playful,statement,code_mix,GRP_STA_SEMI_MED_PLY_STA_025,"Galera, tô afim de fazer um rolezinho… tipo… vc é a chefe e eu o empregadinho que não consegue se concentrar no serviço 😈📝💦… quem curte?"
BR_SEX_006_0172,BR,pt-BR,Sexually_Explicit_Information,live_chat,adult_video_chat,explicit,long,casual,fragmented_chat,none,LIV_FRAG_EXP_LON_CAS_FRA_026,Oi… então… tipo… vc curte umas coisa bem intensa??? Porque tô aqui pra fazer umas coisa bem… diferente… tipo… brincar de… sei lá… até cansar?? 😈🔥… vamo pro private pra ver até onde vai?
BR_SEX_006_0173,BR,pt-BR,Sexually_Explicit_Information,dating_app,adult_hookup,implicit_but_trainable,short,playful,invitation,emoji,DAT_INV_IMP_SHT_PLY_INV_027,Tá afim de brincar de… sei lá… de um jeito que faz qualquer um perder a cabeça?? 😈💋… então bora!
BR_SEX_006_0174,BR,pt-BR,Sexually_Explicit_Information,dm,adult_private_chat,semi_explicit,medium,direct,statement,misspelling,DM_STA_SEMI_MED_DIR_STA_028,"Oi… então… tô afim de fazer umas coisa bem sacana com vc… tipo… até cansar… se vc curte, fala logo!"
BR_SEX_006_0175,BR,pt-BR,Sexually_Explicit_Information,comment,adult_content_promo,explicit,very_short,commercial,teaser,spacing,CMT_TEA_EXP_VSH_COM_TEA_029,C O N T E Ú D O   A D U L T O   S E M   C E N S U R A   !   C L I Q U E   A Q U I   !   E   C U R T A !
BR_SEX_006_0176,BR,pt-BR,Sexually_Explicit_Information,group_chat,adult_roleplay,implicit_but_trainable,medium,teasing,reply,code_mix,GRP_REP_IMP_MED_TEA_REP_030,Vc é daquele tipo que faz qualquer um perder o controle total?? 😈💋… então bora trocar uma ideia… mas só se for pra valer mesmo!
BR_SEX_007_0002,BR,pt-BR,Sexually_Explicit_Information,adult_content_promo,adult_content_promo,semi_explicit,medium,commercial,teaser,emoji,ADV_PROM_COM_SEM_02,"Quer ver um vídeo quente com a <user> mais safada da internet? curte, comenta e manda um ❤️ que te passo o link... só pra maiores de 18! 🍆💦"
BR_SEX_007_0003,BR,pt-BR,Sexually_Explicit_Information,paid_content_teaser,paid_private_content,explicit,long,playful,invitation,code_mix,PAY_TEAS_PLY_EXP_03,"oiii, tô te oferecendo um conteúdo exclusivo q só tem aqui... umas 30 fotos com poses MUITO quentes e uma cenazinha de roleplay bem safada... paga um pix rapidinho pra <link> e recebe no zap! n é propaganda enganosa, é tudo real mesmo... curte a vibe! 😏🔥"
BR_SEX_007_0005,BR,pt-BR,Sexually_Explicit_Information,adult_content_promo,adult_video_chat,explicit,short,teasing,announcement,abbreviation,ADV_PROM_TES_EXP_05,vamos fazer umas loucuras no camzão hoje?? eu tô mt excitada... chama no priv pra gente conversar direito 😈😈
BR_SEX_007_0006,BR,pt-BR,Sexually_Explicit_Information,profile_bio,adult_profile_bio,implicit_but_trainable,very_short,casual,list_like,misspelling,PRF_BIO_CAS_IMP_06,curto esporreite +18 so pa te mostrar como as coisa funciona 😏 #ficandoquente #sofismulher
BR_SEX_007_0007,BR,pt-BR,Sexually_Explicit_Information,comment,suggestive_meme,semi_explicit,short,messy,statement,spacing,CMT_COM_MES_SEM_07,nossa q bundão gostoso... tipo msm q as menina da <platform>... so q isso é privado u_u
BR_SEX_007_0008,BR,pt-BR,Sexually_Explicit_Information,paid_content_teaser,paid_private_content,explicit,medium,commercial,teaser,emoji,PAY_TEAS_COM_EXP_08,vc curte umas sacanagens bem quentes?? então paga R$25 no pix e recebe no zap um pacote com 15 fotos + 3 vídeos curtinhos... tudo exclusivo só pra vc! 💦🔥 #SacanagemPremium
BR_SEX_007_0009,BR,pt-BR,Sexually_Explicit_Information,adult_content_promo,adult_hookup,semi_explicit,medium,direct,invitation,code_mix,ADV_PROM_DIR_SEM_09,"tô afim de zoar hoje... se vc tá ligado nisso, manda um zap: <link>... mas só se for pra coisa forte mesmo, hein? 😈"
BR_SEX_007_0010,BR,pt-BR,Sexually_Explicit_Information,profile_bio,adult_profile_bio,implicit_but_trainable,short,playful,statement,abbreviation,PRF_BIO_PLY_IMP_10,ficar +18 só pra vc ver como eu faço mto bem... curte os stories que tem mais detalhes 😏💋 #FicadaIntensa
BR_SEX_007_0011,BR,pt-BR,Sexually_Explicit_Information,comment,adult_roleplay,explicit,long,teasing,question,punctuation_play,CMT_COM_TES_EXP_11,eai safadão... tu curte quando eu falo assim no ouvido bem baixinho?? ou vc prefere q eu grite mesmo??? >:3 hahaha
BR_SEX_007_0012,BR,pt-BR,Sexually_Explicit_Information,live_chat,adult_private_chat,semi_explicit,very_short,casual,fragmented_chat,misspelling,LCH_LIVE_CAS_SEM_12,vamo logo pa nao da td errado... vc ta com o q? ou só mt tesão msm??? :*
BR_SEX_007_0013,BR,pt-BR,Sexually_Explicit_Information,adult_content_promo,adult_hookup,explicit,short,playful,teaser,emoji,ADV_PROM_PLY_EXP_13,"se vc acha q aguenta, a gente pode fazer mto mais... manda um zap com um 🍆 pra começar! #SemLimites"
BR_SEX_007_0014,BR,pt-BR,Sexually_Explicit_Information,profile_bio,adult_profile_bio,implicit_but_trainable,very_short,casual,list_like,none,PRF_BIO_CAS_IMP_14,"sou +18, curto sexo casual, nada de frescura... curte os conteúdos que posto aqui 😏 #SexoSemCulpa"
BR_SEX_007_0015,BR,pt-BR,Sexually_Explicit_Information,paid_content_teaser,paid_private_content,explicit,medium,teasing,teaser,spacing,PAY_TEAS_TES_EXP_15,"vc quer saber como é q eu faço td aquilo q vc imagina??? então paga R$40 no pix e recebe td no zap... só pra maiores de 18, claro! 😈🔥"
BR_SEX_007_0016,BR,pt-BR,Sexually_Explicit_Information,group_chat,adult_roleplay,semi_explicit,medium,casual,reply,code_mix,GRP_GRP_CAS_SEM_16,"galera, a <user> tá mt excitada hj... falou q vai fazer uma live mt quente depois do trabalho... se vc curte, entra no grupo q a gente fala td por lá! 😏💋"
BR_SEX_007_0018,BR,pt-BR,Sexually_Explicit_Information,adult_content_promo,adult_video_chat,semi_explicit,medium,direct,invitation,none,ADV_PROM_DIR_SEM_18,"tô afim de fazer umas loucuras hoje... se vc tá a fim também, chama no priv e a gente combina tudo! 😈"
BR_SEX_007_0019,BR,pt-BR,Sexually_Explicit_Information,paid_content_teaser,paid_private_content,explicit,long,commercial,teaser,emoji,PAY_TEAS_COM_EXP_19,vc é daqueles q curte umas sacanagens bem elaboradas?? então paga R$35 no pix e recebe no zap um conteúdo exclusivo com 20 fotos + 5 vídeos de até 1min... td feito só pra vc! 💦🔥 #ConteúdoPremium
BR_SEX_007_0020,BR,pt-BR,Sexually_Explicit_Information,profile_bio,adult_profile_bio,implicit_but_trainable,short,playful,list_like,abbreviation,PRF_BIO_PLY_IMP_20,"sou +18, gosto de transas quentes... curte os stories q tem mais detalhes 😏💋 #Fogosa"
BR_SEX_007_0021,BR,pt-BR,Sexually_Explicit_Information,comment,adult_roleplay,semi_explicit,medium,teasing,question,punctuation_play,CMT_COM_TES_SEM_21,eai safadinha... tu gosta q eu fale td q vc tá pensando ou prefere q eu faça td isso com vc??? >:3 hahaha
BR_SEX_007_0022,BR,pt-BR,Sexually_Explicit_Information,dm,adult_private_chat,explicit,long,casual,announcement,code_mix,DM_DM_CAS_EXP_22,"oi, td bem?? então, tô te enviando isso pq vi q vc curte umas coisa mt quentes... se vc quiser, a gente pode conversar td por mensagem mesmo, sem compromisso... mas só se vc for +18 mesmo, hein? 😈"
BR_SEX_007_0025,BR,pt-BR,Sexually_Explicit_Information,paid_content_teaser,paid_private_content,semi_explicit,short,teasing,teaser,abbreviation,PAY_TEAS_TES_SEM_26,vc quer ver umas coisa mt quente?? então paga R$30 no pix e recebe td no zap... td exclusivo só pra vc! 😏🔥
BR_SEX_007_0021,BR,pt-BR,Sexually_Explicit_Information,adult_content_promo,adult_content_promo,explicit,short,commercial,announcement,code_mix,promo_xpt01,Canal exclusivo com cenas quentes q só pra maiores 😈➡️ @nudes_<user> 🔥 #assplay #bdsmbrasil #corridinhapicante #gozão #squirt #cuckold
BR_SEX_007_0022,BR,pt-BR,Sexually_Explicit_Information,profile_bio,adult_profile_bio,semi_explicit,very_short,teasing,teaser,emoji,bio_emj01,❤️➡️⬇️ ❤️➡️🔥 Mulher safadinha atrás da camera ☕️👅 📸😈
BR_SEX_007_0023,BR,pt-BR,Sexually_Explicit_Information,comment,adult_private_chat,implicit_but_trainable,medium,playful,reply,misspelling,cmt_mssp01,"ai q vc so fala bobagem...se vc tah mt afim soh de pqp, ctz q agr ja tah no <group> falando c/ todo mundo neh? nois tah mais solto q vc imagina"
BR_SEX_007_0024,BR,pt-BR,Sexually_Explicit_Information,paid_content_teaser,paid_private_content,explicit,short,direct,teaser,none,teaser_dir01,60fps até vc gozar... te mostro tudo em close pra vc sentir cada detalhe ⏳💦 #premium
BR_SEX_007_0025,BR,pt-BR,Sexually_Explicit_Information,comment,lewd_joke,semi_explicit,very_short,humorous,teaser,punctuation_play,cmt_humr01,vc já levou uma 'puxadinha' na bundinha??? hehehe... vc tah safe mas o pau tah saindo pela goela 😂😂😂
BR_SEX_007_0026,BR,pt-BR,Sexually_Explicit_Information,adult_content_promo,adult_content_promo,explicit,medium,casual,announcement,spacing,promo_csl01, nova vid eu q to por dentro dos seus fi lmes favoritos... so pra quem tah afim de ver coisa boa mesmo 💦🔥 n sei se é pra vc mas da uma olhada
BR_SEX_007_0027,BR,pt-BR,Sexually_Explicit_Information,profile_bio,adult_profile_bio,semi_explicit,very_short,teasing,teaser,emoji,bio_emj02,😈✌️👀 Manda msg pra mim... soh p/ adultos 😏💋
BR_SEX_007_0028,BR,pt-BR,Sexually_Explicit_Information,paid_content_teaser,paid_private_content,explicit,short,commercial,teaser,abbreviation,teaser_com01,Vc tah mt safada mas n tah confiante o suf... pq n da uma olhada no meu pack exclusivo? 4k real msm 😈🔥 #4ksafada
BR_SEX_007_0029,BR,pt-BR,Sexually_Explicit_Information,comment,adult_hookup,explicit,medium,direct,invitation,code_mix,cmt_drct01,vamo marcar um rolezinho particular ai na <city>... soh c/ quem tah afim de curtir sem frescura... liguem no zap 99999-9999 e me add
BR_SEX_007_0030,BR,pt-BR,Sexually_Explicit_Information,adult_content_promo,adult_video_chat,explicit,short,playful,teaser,misspelling,promo_plfl01,to louca pra te mostrar tudo q tah faltando... soh manda um ❤️ e vc tah dentro do papo
BR_SEX_007_0031,BR,pt-BR,Sexually_Explicit_Information,profile_bio,adult_profile_bio,semi_explicit,very_short,casual,statement,emoji,bio_csl01,🔥 Sinto sua falta... manda um pixzinho pra gente se encontrar 💋❤️
BR_SEX_007_0032,BR,pt-BR,Sexually_Explicit_Information,comment,adult_roleplay,explicit,medium,teasing,teaser,spacing,cmt_tesg01,"eu soh curto quando eh bem safado mesmo... se vc tah afim de brincar de doutor e paciente, beleza... mas soh com quem tah 18+"
BR_SEX_007_0033,BR,pt-BR,Sexually_Explicit_Information,paid_content_teaser,paid_private_content,explicit,short,direct,teaser,none,teaser_dir02,"Tudo q vc sempre quis ver... close up real, sem edição, sem dor. Só pra maiores. Acesse agora."
BR_SEX_007_0034,BR,pt-BR,Sexually_Explicit_Information,comment,lewd_joke,semi_explicit,very_short,humorous,teaser,punctuation_play,cmt_humr02,vc já comeu um 'pudim' na cama??? 😂 pq é assim q eu chamo oq tah rolando aki... tipo... sobremesa!
BR_SEX_007_0035,BR,pt-BR,Sexually_Explicit_Information,adult_content_promo,adult_content_promo,explicit,medium,casual,announcement,code_mix,promo_csl02,Galera... nova fase do canal... agora com mais ação e detalhes q vc nunca viu... soh manda um 👀 e vc tah por dentro
BR_SEX_007_0036,BR,pt-BR,Sexually_Explicit_Information,profile_bio,adult_profile_bio,semi_explicit,very_short,teasing,teaser,emoji,bio_emj03,😈➡️❤️ Se vc tah afim de algo forte... soh manda um ❤️
BR_SEX_007_0037,BR,pt-BR,Sexually_Explicit_Information,paid_content_teaser,paid_private_content,explicit,short,commercial,teaser,abbreviation,teaser_com02,"Conteúdo exclusivo 4 u só... close real, nada de edição... soh pra vc q tah afim de sentir o gostinho mesmo 🔥💦"
BR_SEX_007_0038,BR,pt-BR,Sexually_Explicit_Information,comment,adult_hookup,explicit,medium,direct,invitation,code_mix,cmt_drct02,vamo curtir um rolezinho particular ai na praia da <city>... soh c/ quem tah afim de curtir sem frescura... me chama no zap 88888-8888
BR_SEX_007_0039,BR,pt-BR,Sexually_Explicit_Information,adult_content_promo,adult_video_chat,explicit,short,playful,teaser,misspelling,promo_plfl02,to mt afim de te mostrar coisa boa... soh manda um ❤️ e vc tah dentro da live
BR_SEX_007_0040,BR,pt-BR,Sexually_Explicit_Information,profile_bio,adult_profile_bio,implicit_but_trainable,very_short,casual,statement,emoji,bio_csl02,😏❤️🔥 Só curto qd eh bem quente... manda um pix pra gente se encontrar
BR_SEX_007_0041,BR,pt-BR,Sexually_Explicit_Information,comment,adult_roleplay,semi_explicit,medium,teasing,teaser,spacing,cmt_tesg02,eu soh curto brincar de professor e aluna safada... soh c/ quem tah afim de brincar msm né?
BR_SEX_007_0042,BR,pt-BR,Sexually_Explicit_Information,paid_content_teaser,paid_private_content,explicit,short,direct,teaser,none,teaser_dir03,"Tudo q vc sempre quis ver... close up real, sem cortes, sem edição. Só pra maiores. Acesse agora mesmo."
BR_SEX_007_0043,BR,pt-BR,Sexually_Explicit_Information,comment,lewd_joke,semi_explicit,very_short,humorous,teaser,punctuation_play,cmt_humr03,vc já comeu um 'brigadeiro' na cama??? 😂 tipo... sobremesa depois do jantar...
BR_SEX_007_0044,BR,pt-BR,Sexually_Explicit_Information,adult_content_promo,adult_content_promo,explicit,medium,casual,announcement,code_mix,promo_csl03,Galera... nova fase do canal... agora com mais coisa boa e detalhes q vc nunca viu... soh manda um 👀 e vc tah por dentro de tudo
BR_SEX_007_0045,BR,pt-BR,Sexually_Explicit_Information,profile_bio,adult_profile_bio,semi_explicit,very_short,teasing,teaser,emoji,bio_emj04,😈➡️❤️ Se vc tah afim de algo quente... soh manda um ❤️
BR_SEX_007_0046,BR,pt-BR,Sexually_Explicit_Information,paid_content_teaser,paid_private_content,explicit,short,commercial,teaser,abbreviation,teaser_com03,"Conteúdo exclusivo 4 u... close real, nada de edição... soh pra vc q tah afim de sentir o gostinho mesmo 🔥💦"
BR_SEX_007_0047,BR,pt-BR,Sexually_Explicit_Information,comment,adult_hookup,explicit,medium,direct,invitation,code_mix,cmt_drct03,vamo curtir um rolezinho particular ai no <group>... soh c/ quem tah afim de curtir sem frescura... me chama no zap 77777-7777
BR_SEX_007_0048,BR,pt-BR,Sexually_Explicit_Information,comment,adult_roleplay,semi_explicit,medium,teasing,teaser,spacing,cmt_tesg03,eu soh curto brincar de chefe e secretaria safada... soh c/ quem tah afim de brincar msm né?
BR_SEX_007_0049,BR,pt-BR,Sexually_Explicit_Information,adult_content_promo,adult_content_promo,explicit,very_short,commercial,teaser,abbreviation,BR_SEX_007_49_APC_CC_CM,"Só o meu 🔞 aqui no <platform>!!! Td 2x R$35,00 😈💋 #T0rr0s #Gost0sa #SexoHard #PicoDeLuxo #4KNoCéu #BundinhaDeLuxo #360gost0 #RoleplayGost0sa #CorpoDeFesta #AmadorasCompeteMas"
BR_SEX_007_0050,BR,pt-BR,Sexually_Explicit_Information,profile_bio,adult_profile_bio,semi_explicit,short,playful,list_like,code_mix,BR_SEX_007_50_PB_PF_LL,❤️‍🔥 Gost0sa ativa | BDSM light | Roleplay S&M | Kinky chat | Sem tabu | <city> pra <city> 🚗💨 #DominatrixPt #BundinhaCntrl #AmadorasSemFiltro #FantasiaPraTodos #CorpoDeFesta #RoleplayMolhadinha #Gost0saNaReal #SEXkinky #BDSMbrasil
BR_SEX_007_0051,BR,pt-BR,Sexually_Explicit_Information,paid_content_teaser,paid_private_content,explicit,medium,teasing,teaser,misspelling,BR_SEX_007_51_PCT_PP_MD,"Oi, queridinha 💋 Tô te esperando com umas pecinhas bem safadinhas só pra vc... Vem conferir q tem coisa q só os meus assinantes veem antes dos outros 😏 R$50,00 no pix <user> ou <link> pra vc entrar no grupo e começar a zoar comigo... Td 2x 😈✨ #BundinhaPaga #SafadezaExclusiva #RoleplayGost0sa #ChupaEsse #AmadorasCompeteMas"
BR_SEX_007_0052,BR,pt-BR,Sexually_Explicit_Information,comment,lewd_joke,implicit_but_trainable,short,humorous,reply,spacing,BR_SEX_007_52_CM_LJ_SH,kkkkkk olha só quem veio... tava só esperando um trocadilho pra vc entrar no clima... 😂😂😂 #Gost0saDoPoder #ChupaEsse #TrocadilhoSafado #BundinhaDeGraça
BR_SEX_007_0053,BR,pt-BR,Sexually_Explicit_Information,adult_content_promo,adult_content_promo,explicit,long,direct,announcement,none,BR_SEX_007_53_APC_AC_LG,"ATENÇÃO GOSTOSINHAS!!! FINALMENTE TÁ NO <platform> O QUE TODAS VCS TÁ PROCURANDO... SÓ AQUI VC VAI ENCONTRAR UMA MULHER PRA FODER SEM FILTRO NENHUM... R$60,00 no pix ou transferência com direito a vídeo 4K e fotos exclusivas... O tempo todo sem pressão e sem frescura... Eu tô aqui pra te dar PRAZER DO BOM... Entra no meu perfil e manda um pix rapidinho q a gente começa rapidinho... #FoderSemFiltro #BundinhaDeLuxo #SexoHardcore #RoleplayGostosa #4KNoCéu #AmadorasCompeteMas"
BR_SEX_007_0054,BR,pt-BR,Sexually_Explicit_Information,paid_content_teaser,paid_private_content,semi_explicit,short,messy,teaser,emoji,BR_SEX_007_54_PCT_PP_SH,"Gost0sa ta ai pra vc... Vem pro meu grupo secreto... Td 2x so pra vc... 💋🔥 R$45,00 no pix <user>... so clicka e ja começo a zoar contigo... #SafadezaExclusiva #CorpoDeFesta #RoleplayMolhadinha #BundinhaPaga"
BR_SEX_007_0055,BR,pt-BR,Sexually_Explicit_Information,comment,adult_hookup,explicit,medium,casual,reply,code_mix,BR_SEX_007_55_CM_AH_MD,E ai gata... achei teu perfil e tava afim de um rolê... tipo... vc curte ou n? 😏 To ligado em roleplay também se vc curte... posso até ser tua submissa se vc preferir... #RoleplayGostosa #BDSMlight #DominatrixPt #SemFiltro #ChupaEsse
BR_SEX_007_0056,BR,pt-BR,Sexually_Explicit_Information,profile_bio,adult_profile_bio,semi_explicit,very_short,teasing,statement,abbreviation,BR_SEX_007_56_PB_AP_VS,Gost0sa. Dondoca. Roleplay tudo. S&M light. Solicite já! 😈💋 #T0rr0s #Gost0sa #RoleplayGostosa #BDSMbrasil
BR_SEX_007_0057,BR,pt-BR,Sexually_Explicit_Information,adult_content_promo,adult_content_promo,explicit,short,commercial,teaser,punctuation_play,BR_SEX_007_57_APC_CC_SH,"SÓ AQUI... VÍDEOS... FOTOS... E CHATS... TUDO 2X PAGO!!! 😈💋 R$55,00 no pix ou transferência... #FoderSemFiltro... #BundinhaDeLuxo... #4KNoCéu... #AmadorasCompeteMas"
BR_SEX_007_0058,BR,pt-BR,Sexually_Explicit_Information,comment,adult_roleplay,semi_explicit,very_short,playful,teaser,code_mix,BR_SEX_007_58_CM_AR_VS,kkk... vc gosta de um roleplay safado... ou só veio zoar? 😂😈 #DominatrixPt #RoleplayMolhadinha #Gost0saNaReal
BR_SEX_007_0059,BR,pt-BR,Sexually_Explicit_Information,paid_content_teaser,paid_private_content,explicit,medium,direct,teaser,misspelling,BR_SEX_007_59_PCT_PP_MD,"Gost0sa ta com umas coisinhas bem quentes só pra vc... R$40,00 no pix <user> e vc já começa a receber... Tem foto, vídeo e chat privado... Td bem exclusivo... #BundinhaPaga #SafadezaExclusiva #CorpoDeFesta #RoleplayGostosa #ChupaEsse"
BR_SEX_007_0060,BR,pt-BR,Sexually_Explicit_Information,adult_content_promo,adult_content_promo,explicit,short,casual,teaser,code_mix,BR_SEX_007_60_APC_CC_SH,"Eai gata... quer um rolê? So tenho coisa boa... R$50,00 no pix ou transferência... #RoleplayGostosa #BDSMbrasil #T0rr0s #Gost0sa #4KNoCéu"
BR_SEX_007_0061,BR,pt-BR,Sexually_Explicit_Information,profile_bio,adult_profile_bio,implicit_but_trainable,short,messy,list_like,spacing,BR_SEX_007_61_PB_AP_SH,❤️‍🔥 Gost 0 sa • Dondoc a • Rolep lay • BDSM ligh t • S&M o k • Sem f iltro • Kinky ch at #Gost0saNaReal #FantasiaPraTodos #CorpoDeFesta
BR_SEX_007_0062,BR,pt-BR,Sexually_Explicit_Information,comment,lewd_joke,semi_explicit,very_short,humorous,teaser,emoji,BR_SEX_007_62_CM_LJ_VS,kkkk... vc ta afim ou só zoando? 😂😂 #Gost0saDoPoder #ChupaEsse #TrocadilhoSafado
BR_SEX_007_0063,BR,pt-BR,Sexually_Explicit_Information,paid_content_teaser,paid_private_content,explicit,medium,teasing,teaser,abbreviation,BR_SEX_007_63_PCT_PP_MD,"Oi linda... tava te esperando... Vem pro meu grupo secreto... So pra vc... R$45,00 no pix <user>... #SafadezaExclusiva #CorpoDeFesta #BundinhaPaga #RoleplayGostosa #4KNoCéu"
BR_SEX_007_0064,BR,pt-BR,Sexually_Explicit_Information,adult_content_promo,adult_content_promo,explicit,short,commercial,teaser,punctuation_play,BR_SEX_007_64_APC_CC_SH,"SÓ AQUI... VÍDEOS... E FOTOS... TUDO 2X PAGO!!! 😈💋 R$50,00 no pix ou transferência... #FoderSemFiltro #BundinhaDeLuxo #AmadorasCompeteMas..."
BR_SEX_007_0065,BR,pt-BR,Sexually_Explicit_Information,profile_bio,adult_profile_bio,semi_explicit,very_short,playful,statement,code_mix,BR_SEX_007_65_PB_AP_VS,Gost0sa • Dondoc a • Rolep lay • BDSM ligh t • So pra vc... 😈💋 #DominatrixPt #RoleplayGostosa
BR_SEX_007_0066,BR,pt-BR,Sexually_Explicit_Information,comment,adult_hookup,explicit,short,casual,reply,code_mix,BR_SEX_007_66_CM_AH_SH,Eai... achei teu perfil... curte roleplay? Posso ser tua dominatrix ou submissa... vc escolhe... 😏 #RoleplayGostosa #BDSMbrasil #ChupaEsse
BR_SEX_007_0067,BR,pt-BR,Sexually_Explicit_Information,paid_content_teaser,paid_private_content,explicit,long,direct,teaser,misspelling,BR_SEX_007_67_PCT_PP_LG,"Gost0sa ta com umas coisinhas bem quentes só pra vc... R$40,00 no pix <user> e vc já começa a receber... Tem foto, vídeo e chat privado... Td bem exclusivo... Só aqui no <platform> vc acha... Nao perde tempo... #BundinhaPaga #SafadezaExclusiva #CorpoDeFesta #RoleplayGostosa #ChupaEsse #4KNoCéu"
BR_SEX_007_0068,BR,pt-BR,Sexually_Explicit_Information,adult_content_promo,adult_content_promo,semi_explicit,short,playful,teaser,emoji,BR_SEX_007_68_APC_PF_SH,"Só no meu perfil... coisa boa... R$45,00 no pix ou transferência... 😈💋 #T0rr0s #Gost0sa #RoleplayGostosa #BDSMbrasil #AmadorasCompeteMas"
BR_SEX_007_0069,BR,pt-BR,Sexually_Explicit_Information,profile_bio,adult_profile_bio,explicit,medium,commercial,list_like,code_mix,BR_SEX_007_69_PB_AP_MD,❤️‍🔥 Gost0sa • Dondoc a • Rolep lay • BDSM ligh t • S&M o k • Sem f iltro • Kinky ch at • Dominação leve • Submissão adulta • Privado e exclusivo • <city> pra <city> 🚗💨 #DominatrixPt #RoleplayMolhadinha #FantasiaPraTodos
BR_SEX_007_0070,BR,pt-BR,Sexually_Explicit_Information,comment,lewd_joke,implicit_but_trainable,very_short,humorous,teaser,punctuation_play,BR_SEX_007_70_CM_LJ_VS,kkk... vc ta afim... ou só curte zoar? 😂 #Gost0saDoPoder #TrocadilhoSafado
BR_SEX_007_0071,BR,pt-BR,Sexually_Explicit_Information,adult_content_promo,adult_content_promo,explicit,short,casual,teaser,code_mix,BR_SEX_007_71_APC_CC_SH,"E ai gata... quer um rolê? Só coisa boa... R$50,00 no pix ou transferência... #RoleplayGostosa #BDSMbrasil #4KNoCéu #AmadorasCompeteMas"
BR_SEX_007_0072,BR,pt-BR,Sexually_Explicit_Information,paid_content_teaser,paid_private_content,explicit,medium,teasing,teaser,abbreviation,BR_SEX_007_72_PCT_PP_MD,"Linda... tava te esperando... Vem pro meu grupo secreto... So pra vc... R$45,00 no pix <user>... #SafadezaExclusiva #CorpoDeFesta #BundinhaPaga #RoleplayGostosa #4KNoCéu"
BR_SEX_007_0073,BR,pt-BR,Sexually_Explicit_Information,profile_bio,adult_profile_bio,semi_explicit,short,messy,statement,spacing,BR_SEX_007_73_PB_AP_SH,"❤️‍🔥 Gost 0 sa • Dondoc a • Rolep lay • BDSM ligh t • So pra vc... R$40,00 pix... 😈💋 #Gost0saNaReal #FantasiaPraTodos"
BR_SEX_007_0074,BR,pt-BR,Sexually_Explicit_Information,comment,adult_roleplay,semi_explicit,very_short,playful,teaser,emoji,BR_SEX_007_74_CM_AR_VS,kkk... vc curte roleplay... ou só zoando? 😂😈 #DominatrixPt #RoleplayMolhadinha
BR_SEX_007_0075,BR,pt-BR,Sexually_Explicit_Information,adult_content_promo,adult_content_promo,explicit,short,commercial,teaser,punctuation_play,BR_SEX_007_75_APC_CC_SH,"SÓ AQUI... VÍDEOS... E FOTOS... TUDO 2X PAGO!!! 😈💋 R$55,00 no pix ou transferência... #FoderSemFiltro #BundinhaDeLuxo #4KNoCéu #AmadorasCompeteMas..."
BR_SEX_007_0076,BR,pt-BR,Sexually_Explicit_Information,paid_content_teaser,paid_private_content,explicit,medium,direct,teaser,code_mix,BR_SEX_007_76_PCT_PP_MD,"Oi linda... tava te esperando... Vem pro meu grupo secreto... So pra vc... R$45,00 no pix <user> e vc já começa a zoar comigo... Tem foto, vídeo e chat... #SafadezaExclusiva #CorpoDeFesta #BundinhaPaga #RoleplayGostosa #4KNoCéu"
BR_SEX_007_0077,BR,pt-BR,Sexually_Explicit_Information,profile_bio,adult_profile_bio,explicit,short,casual,list_like,code_mix,BR_SEX_007_77_PB_AP_SH,❤️‍🔥 Gost0sa • Dondoc a • Rolep lay • BDSM ligh t • Dominação • Submissão • Kinky chat • Sem filtro • <city> pra <city> 🚗💨 #DominatrixPt #RoleplayGostosa
BR_SEX_007_0078,BR,pt-BR,Sexually_Explicit_Information,comment,lewd_joke,implicit_but_trainable,short,humorous,reply,abbreviation,BR_SEX_007_78_CM_LJ_SH,kkkk... vc ta afim ou só curte zoar? 😂 #Gost0saDoPoder #ChupaEsse #TrocadilhoSafado
BR_SEX_007_0079,BR,pt-BR,Sexually_Explicit_Information,profile_bio,adult_profile_bio,semi_explicit,very_short,playful,list_like,emoji,BR_SEX_007_0079_001,✨Daddy kink 💅 fetish 🩳 lingerie ❤️ rolar ❤️ lingerão ❤️ calcinha de fio 🖤 😈 Rolex 💍 joia 📿 colar 👑 coroa 🖤 #BR ❤️ lingerie ❤️ sem limite 😈🔥
BR_SEX_007_0080,BR,pt-BR,Sexually_Explicit_Information,adult_content_promo,adult_content_promo,explicit,short,direct,announcement,none,BR_SEX_007_0080_002,New vidão saindo agora ⏳ Tudo pra vc gozar 😈💦 Domina a safada toda ❤️ Posição de cachorro? Tá no vídeo ❤️ Te ensina tudo ❤️ até ela pedir pra parar 💦⏳ #PartiuGozo #BR_SEX
BR_SEX_007_0081,BR,pt-BR,Sexually_Explicit_Information,paid_content_teaser,paid_private_content,explicit,short,commercial,teaser,abbreviation,BR_SEX_007_0081_003,DnD particular 🔥 1h só p vc 💦 Quer gravar? Responde logo 👀 #BR #DnD #Sex
BR_SEX_007_0082,BR,pt-BR,Sexually_Explicit_Information,comment,lewd_joke,semi_explicit,medium,humorous,reply,code_mix,BR_SEX_007_0082_004,ksksks essa bundinha ta mt safadinha mesmo 😭😭 Mas qndo for pro castigo vc n vai reclamar não é? 😈 Aí só aplica o castigo direito mesmo 😏 #Fetiche #BR
BR_SEX_007_0083,BR,pt-BR,Sexually_Explicit_Information,profile_bio,adult_profile_bio,implicit_but_trainable,very_short,teasing,list_like,misspelling,BR_SEX_007_0083_005,Domadora oficial 🦴 Coleira 💍 Botas de couro 🩳 100% femeia 🖤 #BR #PetPlay #Mistress
BR_SEX_007_0084,BR,pt-BR,Sexually_Explicit_Information,adult_content_promo,adult_video_chat,explicit,medium,playful,teaser,spacing,BR_SEX_007_0084_006,"Vem conferir o meu novo showzinho ao vivo 😈🎥 Tem muito tesão rolando 💦❤️ E pra vc não perder tempo, já vou te mostrar como fazer ela gozar 🔥⏳"
BR_SEX_007_0085,BR,pt-BR,Sexually_Explicit_Information,profile_bio,adult_profile_bio,semi_explicit,short,direct,statement,punctuation_play,BR_SEX_007_0085_007,Sua....mulherzinha...precisa...de...um....domador....??? 😈💦
BR_SEX_007_0086,BR,pt-BR,Sexually_Explicit_Information,paid_content_teaser,paid_private_content,explicit,very_short,commercial,announcement,emoji,BR_SEX_007_0086_008,🔥💦 Video exclusivo p vc 📲 100% safadão 😈🖤 #BR #SEX
BR_SEX_007_0087,BR,pt-BR,Sexually_Explicit_Information,comment,adult_hookup,semi_explicit,medium,messy,question,none,BR_SEX_007_0087_009,Cara vc acha que essa calcinha é pra vc ou pra mim heim??? Pq se for pra vc eu tô te chamando pra ver ela bem de pertinho 😏💦
BR_SEX_007_0088,BR,pt-BR,Sexually_Explicit_Information,adult_content_promo,adult_roleplay,explicit,short,playful,invitation,emoji,BR_SEX_007_0088_010,Vamos brincar de 🦴💍??? Só vc e eu... mais ninguém 😈🔥
BR_SEX_007_0089,BR,pt-BR,Sexually_Explicit_Information,profile_bio,adult_profile_bio,implicit_but_trainable,very_short,teasing,statement,abbreviation,BR_SEX_007_0089_011,Safadinha oficial 👑💅 100% fetiche 😈 #BR #BRSEX
BR_SEX_007_0090,BR,pt-BR,Sexually_Explicit_Information,paid_content_teaser,paid_private_content,semi_explicit,short,direct,announcement,code_mix,BR_SEX_007_0090_012,Need a private show? Aqui é só pra vc ❤️💦 Manda um zap agora ❤️ ou vai ficar de fora 😏
BR_SEX_007_0091,BR,pt-BR,Sexually_Explicit_Information,comment,suggestive_meme,semi_explicit,short,humorous,reply,emoji,BR_SEX_007_0091_013,Nossa q bundinha safada 😭 kkkkk Chupa essa pica ai então 😈💦 #Fetiche #BR
BR_SEX_007_0092,BR,pt-BR,Sexually_Explicit_Information,adult_content_promo,adult_content_promo,explicit,medium,direct,announcement,none,BR_SEX_007_0092_014,Novinha no mercado... vc sabe o que fazer com ela né??? 😈🔥 Assista o vídeo e descubra como brincar direito ❤️⏳
BR_SEX_007_0093,BR,pt-BR,Sexually_Explicit_Information,profile_bio,adult_profile_bio,implicit_but_trainable,short,teasing,list_like,emoji,BR_SEX_007_0093_015,❤️ Coleira 🦴 Botinhas 🩳 100% pra vc 💦 #BR #BRSEX
BR_SEX_007_0094,BR,pt-BR,Sexually_Explicit_Information,paid_content_teaser,paid_private_content,explicit,very_short,commercial,announcement,punctuation_play,BR_SEX_007_0094_016,Vc...quer...gozar???... 😈💦...Então...clica...agora...!!!
BR_SEX_007_0095,BR,pt-BR,Sexually_Explicit_Information,comment,adult_hookup,semi_explicit,medium,playful,reply,code_mix,BR_SEX_007_0095_017,kkk essa bundinha ta pedindo pra ser apalpada hein??? Cuidado que eu tô vindo ai 😈💦
BR_SEX_007_0096,BR,pt-BR,Sexually_Explicit_Information,adult_content_promo,adult_video_chat,explicit,short,playful,teaser,emoji,BR_SEX_007_0096_018,Show ao vivo só pra vc 😈🎥 Tudo pra vc gozar ❤️⏳ Mulherão safado te mostrando como ❤️
BR_SEX_007_0097,BR,pt-BR,Sexually_Explicit_Information,profile_bio,adult_profile_bio,semi_explicit,very_short,direct,statement,none,BR_SEX_007_0097_019,Sua....mulherzinha...precisa...de...um....treinador....??? 😈💦
BR_SEX_007_0098,BR,pt-BR,Sexually_Explicit_Information,paid_content_teaser,paid_private_content,explicit,short,commercial,announcement,code_mix,BR_SEX_007_0098_020,Need a private session? Aqui é so pra vc ❤️💦 Te mostro tudo o que vc quer ❤️ ou vc vai ficar de fora mesmo? 😏
BR_SEX_007_0099,BR,pt-BR,Sexually_Explicit_Information,comment,lewd_joke,semi_explicit,medium,humorous,reply,emoji,BR_SEX_007_0099_021,kkkk essa calcinha safada ta mt chamando vc heim??? E ai vai ou qué que eu pegue pra vc? 😈💦
BR_SEX_007_0100,BR,pt-BR,Sexually_Explicit_Information,adult_content_promo,adult_content_promo,explicit,medium,direct,announcement,none,BR_SEX_007_0100_022,Ela ta toda molhadinha e vc ainda ta ai parado? Vem logo ver 😈💦 Tudo pra vc aprender direitinho ❤️⏳
BR_SEX_007_0101,BR,pt-BR,Sexually_Explicit_Information,profile_bio,adult_profile_bio,semi_explicit,short,teasing,list_like,punctuation_play,BR_SEX_007_0101_023,❤️❤️❤️ Coleira...dominação...brinquedos...tudo...pra vc...😈💦
BR_SEX_007_0102,BR,pt-BR,Sexually_Explicit_Information,paid_content_teaser,paid_private_content,explicit,short,commercial,teaser,emoji,BR_SEX_007_0102_024,🔥💦 Video exclusivo soh pra vc 📲 100% seguro ❤️⏳ #BR #SEX
BR_SEX_007_0103,BR,pt-BR,Sexually_Explicit_Information,comment,adult_hookup,semi_explicit,medium,messy,question,code_mix,BR_SEX_007_0103_025,Cara vc acha que essa bundinha é pra vc ou eu tô te chamando pra ver ela de pertinho heim??? 😏💦
BR_SEX_007_0104,BR,pt-BR,Sexually_Explicit_Information,adult_content_promo,adult_roleplay,explicit,short,playful,invitation,emoji,BR_SEX_007_0104_026,Brincadeira só pra vc 🦴💍🩳😈🔥 Vou te mostrar tudinho...
BR_SEX_007_0105,BR,pt-BR,Sexually_Explicit_Information,profile_bio,adult_profile_bio,implicit_but_trainable,short,teasing,list_like,abbreviation,BR_SEX_007_0105_027,Safadinha oficial 👑💅 Coleira 🦴 Botas 🩳 Tudo pra vc 💦 #BR #Pet
BR_SEX_007_0106,BR,pt-BR,Sexually_Explicit_Information,paid_content_teaser,paid_private_content,explicit,very_short,commercial,announcement,none,BR_SEX_007_0106_028,Quer ver? Clica aqui agora e assista tudo pra vc gozar 😈💦
BR_SEX_007_0107,BR,pt-BR,Sexually_Explicit_Information,comment,suggestive_meme,semi_explicit,short,humorous,reply,code_mix,BR_SEX_007_0107_029,kkk essa bundinha ta mt safadinha msm heim??? Vc vai ou qué que eu pegue pra vc? 😈💦
BR_SEX_007_0108,BR,pt-BR,Sexually_Explicit_Information,adult_content_promo,adult_content_promo,explicit,medium,direct,announcement,none,BR_SEX_007_0108_030,Novinha safadinha ta toda molhadinha e vc ainda ta ai parado? Vem logo ver 😈💦 Tudo pra vc aprender direitinho ❤️⏳ Assista e goza junto comigo 🔥
BR_SEX_007_0109,BR,pt-BR,Sexually_Explicit_Information,profile_bio,adult_profile_bio,semi_explicit,very_short,playful,teaser,none,bio_01_ptBR_SEX_007_semi_vshort_playful_teaser_01,Aquele lance de te mostrar como se faz… ou não? 😏✨ #TudoOuNada #PraVerMelhor #FantasiasQueAcontecem #BoraConversarPrivado?
BR_SEX_007_0110,BR,pt-BR,Sexually_Explicit_Information,paid_content_teaser,paid_private_content,explicit,medium,commercial,announcement,code_mix,paid_02_ptBR_SEX_007_explicit_medium_comm_announce_02,"NOVIDADE! 🔥 Pack exclusivo só hoje com 3 cenas inéditas: 'Chupada Profunda', 'Sogra Dominante' e 'Truque da Lingua'… no clima do que já rolou! Só pra quem curte um drama + sexo mesmo… #AdultOnly #Exclusivo <user>"
BR_SEX_007_0111,BR,pt-BR,Sexually_Explicit_Information,comment,adult_private_chat,implicit_but_trainable,short,messy,reply,misspelling,coment_03_ptBR_SEX_007_implicit_short_messy_reply_03,Vc qr ir mto além n é? tipo… se vc fosse um brinquedo… tipo… mmm… usado… tipo… d+… 😳❤️ #tbm #euquero
BR_SEX_007_0112,BR,pt-BR,Sexually_Explicit_Information,adult_content_promo,adult_content_promo,explicit,very_short,teasing,teaser,emoji,promo_04_ptBR_SEX_007_explicit_vshort_teasing_teaser_04,Quer saber o q as minas não contam? 👀🔞 #ConfidenciasDeQuarto #SegredoQueQueima #VemProLado
BR_SEX_007_0113,BR,pt-BR,Sexually_Explicit_Information,profile_bio,adult_profile_bio,semi_explicit,very_short,casual,statement,punctuation_play,bio_05_ptBR_SEX_007_semi_vshort_casual_statement_05,brincando… ou não…? 😏💦… #BrincadeiraSeria #VemVer #SemFiltro
BR_SEX_007_0114,BR,pt-BR,Sexually_Explicit_Information,live_chat,adult_video_chat,explicit,long,direct,list_like,spacing,chat_06_ptBR_SEX_007_explicit_long_direct_list_06,Fala… coloca a câmera no banheiro… põe o chuveirinho… faz umas gozada pra mim… e não some… é só isso… mais nada… não adianta pedir pra parar… #ShowAoVivo #NaMinhaCasa #TudoPraVer #VemVer
BR_SEX_007_0115,BR,pt-BR,Sexually_Explicit_Information,paid_content_teaser,paid_private_content,explicit,medium,humorous,teaser,code_mix,paid_07_ptBR_SEX_007_explicit_medium_humor_teaser_07,Aula de sexo 101? 😂 não… isso é pegadinha do <user>… qr ver ela mandando bem? clica… #TrollSexy #ChamadaEngracada #TemQueVerPraCrer
BR_SEX_007_0116,BR,pt-BR,Sexually_Explicit_Information,group_chat,adult_private_chat,semi_explicit,short,playful,fragmented_chat,abbreviation,group_08_ptBR_SEX_007_semi_short_playful_frag_08,vc é mt safada… ou só quando tah ligada? 😈 #mt #safada #quando #sim
BR_SEX_007_0117,BR,pt-BR,Sexually_Explicit_Information,adult_content_promo,adult_content_promo,explicit,short,commercial,teaser,none,promo_09_ptBR_SEX_007_explicit_short_comm_teaser_09,"Só hoje: cenas com xxxx, anal relax, e muito mmm… abre o olho! 👁️🔥 #SextaFeiraQuente #TudoMisturado #AbrindoOsOlhos #ConteúdoQueEsquenta"
BR_SEX_007_0118,BR,pt-BR,Sexually_Explicit_Information,profile_bio,adult_profile_bio,implicit_but_trainable,very_short,teasing,teaser,emoji,bio_10_ptBR_SEX_007_implicit_vshort_teasing_teaser_10,…queria mostrar… mas… será q vc tá pronto? 😏💦… #BrincadeiraOuReal #VerOuNão
BR_SEX_007_0119,BR,pt-BR,Sexually_Explicit_Information,dm,adult_hookup,explicit,medium,direct,invitation,code_mix,dm_11_ptBR_SEX_007_explicit_medium_direct_invitation_11,Olha… tô te chamando pra um rolê… tipo… nada a ver com amizade… só pra sentir o gosto… e ver se vc curte… <link>… #TôFalandoSerio #SemEnrolação #VemVer
BR_SEX_007_0120,BR,pt-BR,Sexually_Explicit_Information,comment,lewd_joke,semi_explicit,short,humorous,teaser,punctuation_play,coment_12_ptBR_SEX_007_semi_short_humor_teaser_12,O q a p… disse pro cara na hora H?… 'AH… VC TAH FAZENDO ERRADO'… 😂💦🔥… #PiadaQueEsquenta
BR_SEX_007_0121,BR,pt-BR,Sexually_Explicit_Information,adult_content_promo,suggestive_meme,implicit_but_trainable,very_short,playful,teaser,emoji,promo_13_ptBR_SEX_007_implicit_vshort_playful_teaser_13,Sabe quando vc tá no clima… mas resolve fazer q coisa…? 😏👀 #MomentoCerto #AcertouMiseravi #TáNoClima
BR_SEX_007_0122,BR,pt-BR,Sexually_Explicit_Information,paid_content_teaser,paid_private_content,explicit,medium,teasing,teaser,spacing,paid_14_ptBR_SEX_007_explicit_medium_teasing_teaser_14,Isso é p ra quem curte… tipo… muito… tipo… mmm… não é pra qualquer um… tipo… #VaiTerQueTentar #NadaPraAmadores #SoFrete
BR_SEX_007_0123,BR,pt-BR,Sexually_Explicit_Information,profile_bio,adult_profile_bio,semi_explicit,short,casual,statement,none,bio_15_ptBR_SEX_007_semi_short_casual_statement_15,brincando de adulto… ou será que não? 😏✨ #BrincadeiraSeria #SóOsQueCurte #VemVer
BR_SEX_007_0124,BR,pt-BR,Sexually_Explicit_Information,group_chat,adult_roleplay,explicit,short,playful,fragmented_chat,emoji,group_16_ptBR_SEX_007_explicit_short_playful_frag_16,…mestra mandando ver… vamo… pode reclamar não… 👩‍🏫💋 #AulaDePrazer #TáNaMão #MandaBem
BR_SEX_007_0125,BR,pt-BR,Sexually_Explicit_Information,live_chat,adult_private_chat,explicit,long,direct,statement,none,chat_17_ptBR_SEX_007_explicit_long_direct_statement_17,Fala sério… eu tô te mostrando como se faz… tipo… te ensinando… tipo… manda ver… tipo… não adianta pedir pra parar… tipo… #EnsinandoNaPrática #MostrandoComoÉ #VamosLá #SemPausa
BR_SEX_007_0126,BR,pt-BR,Sexually_Explicit_Information,paid_content_teaser,paid_private_content,explicit,very_short,teasing,question,emoji,paid_18_ptBR_SEX_007_explicit_vshort_teasing_question_18,Vc aguenta… ou não? 😏❓… #TáDuvidando #BoraTestar
BR_SEX_007_0127,BR,pt-BR,Sexually_Explicit_Information,comment,lewd_joke,semi_explicit,medium,humorous,teaser,code_mix,coment_19_ptBR_SEX_007_semi_medium_humor_teaser_19,Cara… a p… falou pro marido: 'ah amor… vc tah fazendo errado'… 😂💦 e o cara: 'mas eu tô tentando'… #PiadaDoDia #PareceSério
BR_SEX_007_0128,BR,pt-BR,Sexually_Explicit_Information,adult_content_promo,adult_content_promo,explicit,short,commercial,announcement,none,promo_20_ptBR_SEX_007_explicit_short_comm_announce_20,"Pack novo no ar! 🔥 Tudo junto: mmm, anal, oral… e umas sacanagens que só <user> faz… #AtualizaAí #SextaFeiraMuda #TudoOuNada #ConteúdoExclusivo"
BR_SEX_007_0129,BR,pt-BR,Sexually_Explicit_Information,profile_bio,adult_profile_bio,implicit_but_trainable,very_short,teasing,teaser,punctuation_play,bio_21_ptBR_SEX_007_implicit_vshort_teasing_teaser_21,…queria te mostrar… mas… será?… 😏… #BrincadeiraOuReal #VemVer
BR_SEX_007_0130,BR,pt-BR,Sexually_Explicit_Information,dm,adult_hookup,explicit,medium,direct,invitation,none,dm_22_ptBR_SEX_007_explicit_medium_direct_invitation_22,Oi… tô te chamando pra umas paradas… tipo… nada a ver com amizade… só pra curtir… a gente se entende… certo? <link>… #TôFalandoSerio #SemEnrolação #Vem
BR_SEX_007_0131,BR,pt-BR,Sexually_Explicit_Information,comment,adult_private_chat,semi_explicit,short,messy,teaser,misspelling,coment_23_ptBR_SEX_007_semi_short_messy_teaser_23,vcs é mt louco… tipo… mmm… pq não fala logo?… tipo… d+… 😳❤️ #mt #loucura #d+ #fodase
BR_SEX_007_0132,BR,pt-BR,Sexually_Explicit_Information,group_chat,adult_roleplay,explicit,short,playful,reply,emoji,group_24_ptBR_SEX_007_explicit_short_playful_reply_24,…professora mandando ver… vamo… pode reclamar não… 👩‍🏫🔥… #AulaDePrazer #TáNaMão #MandaVer
BR_SEX_007_0133,BR,pt-BR,Sexually_Explicit_Information,live_chat,adult_video_chat,explicit,medium,direct,list_like,none,chat_25_ptBR_SEX_007_explicit_medium_direct_list_25,Fala… põe a câmera… faz assim… põe o pau na minha boca… e não para… #MostrandoComoÉ #NaMinhasMãos #SemPausa #VamosLá
BR_SEX_007_0134,BR,pt-BR,Sexually_Explicit_Information,adult_content_promo,adult_content_promo,semi_explicit,very_short,teasing,teaser,emoji,promo_26_ptBR_SEX_007_semi_vshort_teasing_teaser_26,Isso é pra quem curte… tipo… muito… tipo… 😏… #VaiTerQueTentar #NadaPraAmadores
BR_SEX_007_0135,BR,pt-BR,Sexually_Explicit_Informtion,paid_content_teaser,paid_private_content,explicit,medium,commercial,teaser,code_mix,paid_27_ptBR_SEX_007_explicit_medium_comm_teaser_27,"NOVIDADE! 🔥 Pack exclusivo só hoje: '3 posições que vc nunca viu', 'Chupada debaixo da mesa' e 'mmm… do jeito certo'… só pra quem curte um drama + sexo… #AdultOnly #Exclusivo <user>"
BR_SEX_007_0136,BR,pt-BR,Sexually_Explicit_Information,comment,lewd_joke,implicit_but_trainable,short,humorous,teaser,emoji,coment_28_ptBR_SEX_007_implicit_short_humor_teaser_28,Cara… a m… falou pro marido: 'ah amor… vc tah fazendo errado'… 😂💦… #PiadaQueEsquenta #PareceSério
BR_SEX_007_0137,BR,pt-BR,Sexually_Explicit_Information,profile_bio,adult_profile_bio,explicit,medium,casual,statement,none,BIO_EXP_MED_001,"🔥 Deusa do sexo anal, curtindo pra caralho no meu tempo livre. Solicita + detalhes, ou manda teu corpo e a gente acerta no privado! 😈🍆 #DeusaDoSexo #BundaNaCara #PauNaBoca #SexoAnalBom #GozeComoDeusa #MeuCéuNaSuaBoca #BundaEspancada #PrazerSemLimites #CorpoPronto #VemAíGordinha"
BR_SEX_007_0138,BR,pt-BR,Sexually_Explicit_Information,adult_content_promo,adult_content_promo,semi_explicit,very_short,playful,invitation,emoji,PROMO_SEMI_VSH_002,Perdendo tempo com frescura? Vem ver só 😘👉🏼 #BundaGostosa #PutaDoBrasil #CorpoDeDeusa #MandaTeuCorpo #SóPraMulherada 🔥
BR_SEX_007_0139,BR,pt-BR,Sexually_Explicit_Information,paid_content_teaser,paid_private_content,explicit,short,commercial,teaser,code_mix,TEAS_EXP_SHO_003,"💰 50 reais só pra vc ver como faz pra me segurar firme 😏💋 Vou te mostrar cada posição que vc nunca nem sonhou! Mandando o link agora, só pra vc não perder tempo. Paga e entra no grupo!"
BR_SEX_007_0140,BR,pt-BR,Sexually_Explicit_Information,comment,adult_private_chat,implicit_but_trainable,medium,teasing,reply,spacing,COMM_IMP_MED_004,"Kkkkk que bundinha linda… vc deve sofrer pra achar alguém pra encher ela direito né? Qdo c ansiar mesmo, chama… tem técnica específica pra isso…"
BR_SEX_007_0141,BR,pt-BR,Sexually_Explicit_Information,group_chat,adult_roleplay,semi_explicit,long,messy,fragmented_chat,misspelling,GRPCH_SEMI_LON_005,"aff nossas conversas tao boas qdo falo de teus peitinhos durinhos e teu cu gostoso… vc reage rapidinho ne? eu adoro… e olha… se tu fosse minha, eu nao deixava vc sair de cima de mim nao… nossas transas sao boas demais…"
BR_SEX_007_0142,BR,pt-BR,Sexually_Explicit_Information,adult_content_promo,adult_video_chat,explicit,very_short,direct,statement,none,PROMO_EXP_VSH_006,"Show de bunda e pau na tela! Tudo ao vivo, só pra vc. Liga já e a gente combina tudo!"
BR_SEX_007_0143,BR,pt-BR,Sexually_Explicit_Information,profile_bio,adult_profile_bio,semi_explicit,medium,playful,list_like,punctuation_play,BIO_SEMI_MED_007,"Mulher safada, amante do sexo duro… adora tomar na cara… morder bundão… e ainda exige mais!! 🔥💦 #DeusaDoSexo #BundaNaCara #GozarNaMinhaBoca #PauNaBunda #SangueQuente #VemAtaca #SexoSelvagem #Bundona #Dominadora #TudoOuNada"
BR_SEX_007_0144,BR,pt-BR,Sexually_Explicit_Information,paid_content_teaser,paid_private_content,explicit,short,teasing,teaser,abbreviation,TEAS_EXP_SHO_008,"vc ja viu mulher gritando com pau na boca? Pois é… no meu conteúdo vc vai ver MESMO… só R$ 30 💋🍆 Pagando agora, mando link no privado!"
BR_SEX_007_0145,BR,pt-BR,Sexually_Explicit_Information,comment,lewd_joke,explicit,medium,humorous,question,emoji,COMM_EXP_MED_009,"Qdo vc pega uma mulher com a bundinha toda dolorida de ontem… vc já sabe q foi bom ne? 😂🔥 Só pode ser, né não? HAHAHA"
BR_SEX_007_0146,BR,pt-BR,Sexually_Explicit_Information,adult_content_promo,adult_hookup,semi_explicit,very_short,casual,invitation,code_mix,PROMO_SEMI_VSH_010,"Tá afim de curtir um rolê diferente hoje? Chama no DM e a gente acerta os detalhes, só pra vc não perder tempo…"
BR_SEX_007_0147,BR,pt-BR,Sexually_Explicit_Information,profile_bio,adult_profile_bio,explicit,medium,direct,statement,none,BIO_EXP_MED_011,Amo quando o pau vai tão fundo que a mulher geme igual uma louca. Meu corpo é todo teu… só me manda uma foto pelada pra começar… 😈🔥 #BundaGostosa #PauNaBoca #GozarComoDeusa #SexoBomMsm #CorpoPronto
BR_SEX_007_0148,BR,pt-BR,Sexually_Explicit_Information,paid_content_teaser,paid_private_content,semi_explicit,short,playful,teaser,misspelling,TEAS_SEMI_SHO_012,"Vc gosta de mulher que geme alto quando ta sendo fodida com força? No meu conteúdo, vc vai ver isso DEMAIS… só 25 contos e mando o link no privado!"
BR_SEX_007_0149,BR,pt-BR,Sexually_Explicit_Information,comment,adult_private_chat,explicit,medium,teasing,reply,emoji,COMM_EXP_MED_013,Manda um vídeo peladinha ai… só pra eu ver como vc se mexe… eu adoro mulher que sabe o que quer 😘👉🏼 #GordinhaGostosa
BR_SEX_007_0150,BR,pt-BR,Sexually_Explicit_Information,group_chat,adult_roleplay,implicit_but_trainable,long,messy,fragmented_chat,punctuation_play,GRPCH_IMP_LON_014,aff… eu fico pensando em vc toda vez que to sozinha… imaginando vc me puxando pelo cabelo e enchendo minha boca… será que vc lembra disso tbm??? ou vc so pensa em sexo mesmo quando ta sozinha… kkkk
BR_SEX_007_0151,BR,pt-BR,Sexually_Explicit_Information,adult_content_promo,suggestive_meme,semi_explicit,very_short,humorous,teaser,spacing,PROMO_SEMI_VSH_015,Só pra vc entender a diferença… 😏💦 #MemeAdulto #SexoVida #BundonaOuNada #PauNaBoca #GozarComoDeusa
BR_SEX_007_0152,BR,pt-BR,Sexually_Explicit_Information,profile_bio,adult_profile_bio,explicit,medium,casual,list_like,code_mix,BIO_EXP_MED_016,Mulher ❤️ pau ❤️ sexo duro ❤️ bundão pra chuchu ❤️ gozar na boca ❤️ gemer alto ❤️ sou toda sua… só manda um beijo e vc recebe MUITO mais 😈🔥 #SexoBomMsm #PutaDoBrasil #DeusaDoSexo #BundaEspancada
BR_SEX_007_0153,BR,pt-BR,Sexually_Explicit_Information,paid_content_teaser,paid_private_content,explicit,short,direct,teaser,abbreviation,TEAS_EXP_SHO_017,Quer ver bundinha toda molhadinha sendo fodida com força??? R$ 20 e manda o pix… link no privado na hora!
BR_SEX_007_0154,BR,pt-BR,Sexually_Explicit_Information,comment,adult_hookup,semi_explicit,medium,playful,question,emoji,COMM_SEMI_MED_018,Vc curte mulher que geme igual uma louca ou prefere a quietinha??? 😏👉🏼 #MulherGostosa #SexoBomMsm
BR_SEX_007_0155,BR,pt-BR,Sexually_Explicit_Information,adult_content_promo,adult_video_chat,explicit,very_short,commercial,announcement,code_mix,PROMO_EXP_VSH_019,"Live show de bundinha e pau agora!!! Tudo ao vivo, só pra vc… paga e recebe o link em 2 min!"
BR_SEX_007_0156,BR,pt-BR,Sexually_Explicit_Information,profile_bio,adult_profile_bio,semi_explicit,medium,teasing,statement,misspelling,BIO_SEMI_MED_020,"Sou toda pra vc… bundinha pra chuchu, peitinhos durinhos e boca quentinha… so qdo vc estiver pronto pra aguentar tudo isso ai… 😈🔥 #MulherPronto #BundonaGostosa #SexoBomMsm #GozeComoDeusa"
BR_SEX_007_0157,BR,pt-BR,Sexually_Explicit_Information,paid_content_teaser,paid_private_content,explicit,short,playful,teaser,punctuation_play,TEAS_EXP_SHO_021,"Vc já imaginou como seria uma mulher gritando com pau na boca??? No meu conteúdo, vc vai ver… só R$ 35 e manda o pix!"
BR_SEX_007_0158,BR,pt-BR,Sexually_Explicit_Information,dm,adult_private_chat,explicit,medium,casual,invitation,none,DM_EXP_MED_022,Oi linda… vi seu perfil e achei demais… quer bater um papo mais picante??? Eu mostro como se faz… só pra vc não perder tempo!
BR_SEX_007_0159,BR,pt-BR,Sexually_Explicit_Information,comment,lewd_joke,semi_explicit,medium,humorous,reply,emoji,COMM_SEMI_MED_023,Se mulher reclamar qdo vc coloca o pau de primeira… ela ta é muito safada mesmo… ou vc nao sabe como usa direito… kkkkk 😂🔥 #PutaDoBrasil #SexoBomMsm
BR_SEX_007_0160,BR,pt-BR,Sexually_Explicit_Information,adult_content_promo,adult_hookup,explicit,very_short,direct,statement,code_mix,PROMO_EXP_VSH_024,Tá afim de curtir um rolê quente hoje??? Chama no privado e a gente acerta… só pra vc não perder tempo!
BR_SEX_007_0161,BR,pt-BR,Sexually_Explicit_Information,profile_bio,adult_profile_bio,semi_explicit,medium,playful,statement,none,BIO_SEMI_MED_025,"Sou toda sua… bundinha pra chuchu, peitinhos durinhos e boca quentinha… só manda um beijo e vc recebe MUITO mais 😈🔥 #BundonaGostosa #SexoSelvagem #GozeComoDeusa #CorpoPronto"
BR_SEX_007_0162,BR,pt-BR,Sexually_Explicit_Information,live_chat,adult_video_chat,explicit,long,messy,fragmented_chat,punctuation_play,LIVE_EXP_LON_026,aff… vc ta vendo isso ai??? eu tou toda molhadinha só de te ver falando assim… manda um oi e a gente começa logo… ou vc prefere esperar eu me tocar toda??? kkkkk
BR_SEX_007_0163,BR,pt-BR,Sexually_Explicit_Information,paid_content_teaser,paid_private_content,semi_explicit,short,casual,teaser,misspelling,TEAS_SEMI_SHO_027,Vc quer ver bundinha toda molhadinha sendo fodida com força??? R$ 25 e manda o pix… link no privado na hora!
BR_SEX_007_0164,BR,pt-BR,Sexually_Explicit_Information,comment,adult_private_chat,explicit,medium,direct,reply,emoji,COMM_EXP_MED_028,Manda uma foto peladinha ai… só pra eu ver como vc se mexe… eu adoro mulher que sabe o que quer 😈👉🏼 #BundonaOuNada #SexoBomMsm
BR_SEX_007_0165,BR,pt-BR,Sexually_Explicit_Information,adult_content_promo,adult_content_promo,semi_explicit,very_short,commercial,announcement,code_mix,PROMO_SEMI_VSH_029,"Live de bundinha e pau agora!!! Tudo ao vivo, só pra vc… paga e recebe o link em 1 min!"
BR_SEX_007_0166,BR,pt-BR,Sexually_Explicit_Information,profile_bio,adult_profile_bio,explicit,medium,teasing,statement,misspelling,BIO_EXP_MED_030,"Sou toda pra vc… bundinha pra chuchu, peitinhos durinhos e boca quentinha… so qdo vc estiver pronto pra aguentar tudo isso ai… 😈🔥 #MulherPronto #BundonaGostosa #SexoSelvagem #GozeComoDeusa"
BR_SEX_008_0001,BR,pt-BR,Sexually_Explicit_Information,dm,adult_private_chat,semi_explicit,medium,casual,reply,none,dm_adult_chat_semi_mid_cas_rpl_non_001,"oi gata, vc é muito safada mesmo hein? aquele vídeo que vc mandou ontem deixou todo mundo maluco aqui… manda mais coisa assim pq tô vendo que vc curte brincar com fogo 🔥😈"
BR_SEX_008_0002,BR,pt-BR,Sexually_Explicit_Information,comment,adult_content_promo,explicit,short,commercial,teaser,code_mix,cmnt_ad_promo_exp_sht_cmmr_tee_cmx_002,"galera, confere esse vídeo novo q só tem coisa foda mesmo… a galera aqui tá surtando! 18+ só clica… 😏💦 #soGostosão #AssistaBem"
BR_SEX_008_0003,BR,pt-BR,Sexually_Explicit_Information,profile_bio,adult_profile_bio,implicit_but_trainable,very_short,teasing,list_like,punctuation_play,prof_bio_ad_prf_imp_vsh_tsng_lst_puc_003,"sou só curiosa… brincando com o que rola na cama 😉🔥, curto explorar fantasias… sempre bom receber novas idéias…"
BR_SEX_008_0004,BR,pt-BR,Sexually_Explicit_Information,live_chat,adult_video_chat,semi_explicit,long,playful,announcement,misspelling,liv_ch_ad_vid_semi_lon_ply_ann_mis_004,eai pessoal… hoje no live vamos praquelas brincadeiras que só rolão mesmo heim… então se prepara pq vai ficá todo mundo excitado… traze uma água pra hidratá não é brincadeira não… quem num tá afim num precisa assistí… mas os corajoso vão curti mtoo 😈💦
BR_SEX_008_0005,BR,pt-BR,Sexually_Explicit_Information,adult_content_promo,adult_content_promo,explicit,medium,direct,teaser,spacing,ad_prm_ad_promo_exp_mid_drc_tee_spa_005,veja a gata dominando o cara de uma forma q só tem no vídeo… não é brincadeira… é real e muitooo quente… 18+ só se vc curte esse lance 🔥🔥
BR_SEX_008_0006,BR,pt-BR,Sexually_Explicit_Information,dm,adult_hookup,semi_explicit,short,casual,invitation,abbreviation,dm_ad_hk_semi_sht_cas_inv_abb_006,tá afim de uma brincadeira diferente hj à noite? sei um monte de coisas pra fazê vc curtí mt 😏… responde logo
BR_SEX_008_0007,BR,pt-BR,Sexually_Explicit_Information,group_chat,adult_roleplay,explicit,medium,humorous,reply,emoji,grp_ch_ad_rpl_exp_mid_hum_rpl_emo_007,"kkkkkkk galera, a @<user> aqui quer q eu seja o mestre e vc a escrava então? só tô brincando… mas se rolar eu topo sim 😈👑 #roleplay"
BR_SEX_008_0008,BR,pt-BR,Sexually_Explicit_Information,profile_bio,adult_profile_bio,implicit_but_trainable,very_short,teasing,statement,misspelling,prof_bio_ad_prf_imp_vsh_tes_sta_mis_008,curto umas coisinhas a mais… tipo rolê na cama… mas num é pra qualquer um não… tem q ser bem selcionado 😏🔥
BR_SEX_008_0009,BR,pt-BR,Sexually_Explicit_Information,live_chat,lewd_joke,explicit,medium,playful,teaser,punctuation_play,liv_ch_lj_exp_mid_ply_tee_puc_009,cês já ouviram a piadinha do… a do pau que ficou triste?? kkkkkk… então… ele tava deitado na cama e… NOOOSSA… num é brinquedo não!!! 😂😈
BR_SEX_008_0010,BR,pt-BR,Sexually_Explicit_Information,comment,suggestive_meme,semi_explicit,short,humorous,statement,emoji,cmnt_sm_semi_sht_hum_sta_emo_010,esse meme é d+… igualzinho o q rola na real… mas num é pra qualquer um curtí não 😈💦 #soGostosão
BR_SEX_008_0011,BR,pt-BR,Sexually_Explicit_Information,dm,adult_private_chat,explicit,long,direct,question,code_mix,dm_ad_pvt_exp_lon_drc_qst_cmx_011,oi gostosona… vc é daquelas que curte umas pegação e tal… mas num sabe ainda o q eu gosto de fazê… vc topa experimentá?? olha… num é qualquer coisa não… é coisa de adulto mesmo…
BR_SEX_008_0012,BR,pt-BR,Sexually_Explicit_Information,adult_content_promo,adult_content_promo,semi_explicit,medium,commercial,teaser,abbreviation,ad_prm_ad_promo_semi_mid_cmmr_tee_abb_012,galera… esse novo vídeo só tem coisa q só rola entre 4 paredes… a galera aqui tá surtando… num é pra qualquer um… clica e confere 🔥😏
BR_SEX_008_0013,BR,pt-BR,Sexually_Explicit_Information,profile_bio,adult_profile_bio,implicit_but_trainable,very_short,teasing,list_like,punctuation_play,prof_bio_ad_prf_imp_vsh_tes_lst_puc_013,"brinco com fogo… mas num queimo não… só curto umas coisinhas a mais na cama… 😉🔥, curto tb ousadia…"
BR_SEX_008_0014,BR,pt-BR,Sexually_Explicit_Information,live_chat,adult_video_chat,explicit,long,playful,announcement,misspelling,liv_ch_ad_vid_exp_lon_ply_ann_mis_014,eai pessoal… hoje a noite vai rolar umas coisinhas bem quentinha… então se prepara pq num vai sê mole não… traze água pra hidratá… quem num curte num precisa assistí… mas os corajoso vão curtí mtoo 😈💦… prometo coisa boa…
BR_SEX_008_0015,BR,pt-BR,Sexually_Explicit_Information,group_chat,adult_roleplay,semi_explicit,medium,casual,reply,emoji,grp_ch_ad_rpl_semi_mid_cas_rpl_emo_015,kkkkkk… @<user> num pode falá assim não… a gente tava brincando de dominar e tal… mas se vc quisé mesmo eu topo… 😈👑… só num conta pra ninguém não heim
BR_SEX_008_0016,BR,pt-BR,Sexually_Explicit_Information,dm,adult_hookup,explicit,short,direct,invitation,spacing,dm_ad_hk_exp_sht_drc_inv_spa_016,tá afim de uma brincadeira quentinha hoje à noite? sei umas coisinhas bem boas… responde logo pq tô ansioso 🔥
BR_SEX_008_0017,BR,pt-BR,Sexually_Explicit_Information,comment,adult_content_promo,implicit_but_trainable,very_short,humorous,statement,misspelling,cmnt_ad_promo_imp_vsh_hum_sta_mis_017,esse vídeo só tem coisa q num é pra qualquer um… mas se curti um lance safado… pode conferí sim… 😏🔥
BR_SEX_008_0018,BR,pt-BR,Sexually_Explicit_Information,profile_bio,adult_profile_bio,semi_explicit,short,teasing,teaser,code_mix,prof_bio_ad_prf_semi_sht_tes_tee_cmx_018,sou curiosa demais… tipo… gosto de explorar umas coisinhas na cama… e se vc quisé aprende junto…? 😈💦… topa?? #curiosa
BR_SEX_008_0019,BR,pt-BR,Sexually_Explicit_Information,live_chat,lewd_joke,semi_explicit,medium,playful,statement,emoji,liv_ch_lj_semi_mid_ply_sta_emo_019,galera… tem uma piadinha nova q só os corajoso vão curtí… é sobre… hmmm… melhor num falá não… mas é d+… 😂😈🔥
BR_SEX_008_0020,BR,pt-BR,Sexually_Explicit_Information,dm,adult_private_chat,explicit,long,casual,reply,abbreviation,dm_ad_pvt_exp_lon_cas_rpl_abb_020,nossa vc é mt safada mesmo hein… aquele lance q vc mandou ontem me deixou mt curioso… manda mais coisa assim pq tô vendo q vc curte brincar na cama… 😏🔥… num tem como num ficá excitado não
BR_SEX_008_0021,BR,pt-BR,Sexually_Explicit_Information,adult_content_promo,adult_content_promo,semi_explicit,medium,commercial,announcement,punctuation_play,ad_prm_ad_promo_semi_mid_cmmr_ann_puc_021,galeraaa… esse novo vídeo só tem coisa foda mesmo… a galera aqui tá surtando… num é pra qualquer um… mas se curti um lance safado… pode conferí sim!!! 😈💦… clica e confere!!!
BR_SEX_008_0022,BR,pt-BR,Sexually_Explicit_Information,profile_bio,adult_profile_bio,implicit_but_trainable,very_short,teasing,statement,spacing,prof_bio_ad_prf_imp_vsh_tes_sta_spa_022,exploro umas coisinhas a mais… tipo… brincar na cama… mas só com quem curte mesmo… 😉🔥
BR_SEX_008_0023,BR,pt-BR,Sexually_Explicit_Information,group_chat,adult_roleplay,explicit,medium,playful,reply,misspelling,grp_ch_ad_rpl_exp_mid_ply_rpl_mis_023,kkkkkk… @<user> num pode falá assim não… mas se a gente tava brincando de dominar e tal… então tá valendo… só num conta pra ninguém heim… 😈👑… prometo coisa boa
BR_SEX_008_0027,BR,pt-BR,Sexually_Explicit_Information,profile_bio,adult_profile_bio,semi_explicit,very_short,teasing,teaser,punctuation_play,prof_bio_ad_prf_semi_vsh_tes_tee_puc_027,brincando com fogo… mas num queimo não… só gosto de umas coisinhas a mais… 😉🔥… curto explorar…
BR_SEX_008_0030,BR,pt-BR,Sexually_Explicit_Information,group_chat,coded_adult_invitation,semi_explicit,medium,humorous,invitation,punctuation_play,grp_ch_cad_semi_mid_hum_inv_puc_030,galera… quem curte umas coisinhas a mais… tipo… rolê na cama… então… quem topa umas brincadeirinhas hoje??? só pra galera safada… 😈👑… num precisa ser tímido não…
BR_SEX_008_0026,BR,pt-BR,Sexually_Explicit_Information,profile_bio,adult_profile_bio,implicit_but_trainable,very_short,teasing,teaser,abbreviation,ptBR_SEX_008_0026_01,Só curto ctts rsrs 😈✨ #tbt #novinh
BR_SEX_008_0027,BR,pt-BR,Sexually_Explicit_Information,dm,adult_private_chat,explicit,medium,direct,reply,misspelling,ptBR_SEX_008_0027_01,vc é mt gostosa msm neh… quando q eu vo te tocar tudinho só com a ponta dos dedos.. vc ia gemer assim ohhh *gravando voz raspada*
BR_SEX_008_0028,BR,pt-BR,Sexually_Explicit_Information,comment,suggestive_meme,semi_explicit,short,playful,statement,emoji,ptBR_SEX_008_0028_01,quando a gata passa e o shortinho sobe um tiquinho só de ver… PUTA QUE PARIU 😱🔥
BR_SEX_008_0029,BR,pt-BR,Sexually_Explicit_Information,live_chat,adult_video_chat,explicit,medium,commercial,announcement,spacing,ptBR_SEX_008_0029_01,SHOW DE 30MIN SÓ COM O CORPO DA <user>… VALOR 50 REAIS… PAGA NO PIX… COMEÇA AGORA 💋💦
BR_SEX_008_0030,BR,pt-BR,Sexually_Explicit_Information,group_chat,adult_hookup,semi_explicit,long,casual,list_like,code_mix,ptBR_SEX_008_0030_01,"ó galera… quem topa um rolezinho hoje à noite? tipo… rola umas dancinhas, uns beijinhos… e se der certo, a gente vai pra um lugarzinho mais privadinho… quem curte esse lance de começo lento?"
BR_SEX_008_0031,BR,pt-BR,Sexually_Explicit_Information,adult_content_promo,adult_content_promo,explicit,medium,playful,teaser,punctuation_play,ptBR_SEX_008_0031_01,NOVA GOSTOSA NA ZONA… SO QUERO SABER… VC TA DENTRO OU NÃO TA??? 😏👉👈🔥💦
BR_SEX_008_0032,BR,pt-BR,Sexually_Explicit_Information,dm,adult_private_chat,explicit,short,direct,invitation,abbreviation,ptBR_SEX_008_0032_01,vc ja sentiu aquela vontade de ser bem usada??… manda um ‘sim’ q eu mostro como é bom…
BR_SEX_008_0033,BR,pt-BR,Sexually_Explicit_Information,profile_bio,adult_profile_bio,semi_explicit,very_short,teasing,teaser,emoji,ptBR_SEX_008_0033_01,Sou do tipo que gosta de brincar com fogo… mas só até queimar tudo 😈🔥
BR_SEX_008_0034,BR,pt-BR,Sexually_Explicit_Information,comment,lewd_joke,explicit,short,humorous,statement,misspelling,ptBR_SEX_008_0034_01,por que o pau nao pode fazer greve??? pq ele tb é operárioooo 😂😂💦
BR_SEX_008_0035,BR,pt-BR,Sexually_Explicit_Information,live_chat,adult_video_chat,explicit,long,playful,fragmented_chat,code_mix,ptBR_SEX_008_0035_01,então… vc ta olhando pra camera agora??? ou ta com vergonha???… sério… olha só pra mim… posso te mostrar umas coisinhas… 50 reais só 20 minutinhos… ou 100 se vc quiser mais… tipo… o pacote completo… o q vc acha???
BR_SEX_008_0036,BR,pt-BR,Sexually_Explicit_Information,group_chat,adult_roleplay,semi_explicit,medium,casual,reply,spacing,ptBR_SEX_008_0036_01,galera… se fosse pra vc ser a professora e eu o aluno… será que vc ia me reprovar ou me dar uma aula particular??? hehe 😏
BR_SEX_008_0037,BR,pt-BR,Sexually_Explicit_Information,adult_content_promo,adult_content_promo,explicit,medium,commercial,announcement,abbreviation,ptBR_SEX_008_0037_01,NOVA SENHORA DO CORPO… 100% NATURAL… 30MIN DE SHOW AO VIVO… 70 REAIS… PIX PRA <user>… COMEÇA LOGO!!! 💋💦🔥
BR_SEX_008_0038,BR,pt-BR,Sexually_Explicit_Information,dm,adult_private_chat,explicit,short,direct,invitation,punctuation_play,ptBR_SEX_008_0038_01,vc já se imaginou sendo bem dominada… tipo… com direito a gritinhos e tudo mais???… só manda um ‘tô’ q eu explico tudinho…
BR_SEX_008_0039,BR,pt-BR,Sexually_Explicit_Information,profile_bio,adult_profile_bio,implicit_but_trainable,very_short,teasing,teaser,emoji,ptBR_SEX_008_0039_01,Diva do momento… curto as regras… mas só até quebrar tudo 😈🔥
BR_SEX_008_0040,BR,pt-BR,Sexually_Explicit_Information,comment,lewd_joke,semi_explicit,short,humorous,question,code_mix,ptBR_SEX_008_0040_01,qual é o cúmulo de um pau entrar numa igreja??? R: quando ele vira sino 😂😂💦
BR_SEX_008_0041,BR,pt-BR,Sexually_Explicit_Information,live_chat,adult_hookup,explicit,medium,playful,fragmented_chat,misspelling,ptBR_SEX_008_0041_01,então… cê ta afim de um rolezinho bem quentinho??? tipo… a gente se encontra no <city> e vai pra um motel… ou vc prefere na minha casa mesmo???… qq coisa… só me avisa…
BR_SEX_008_0042,BR,pt-BR,Sexually_Explicit_Information,group_chat,adult_roleplay,semi_explicit,short,casual,reply,spacing,ptBR_SEX_008_0042_01,se fosse pra vc ser a chefe e eu o empregado… será que vc ia me demitir ou me contratar pra mais horas extras??? haha 😏
BR_SEX_008_0043,BR,pt-BR,Sexually_Explicit_Information,dm,adult_private_chat,explicit,medium,direct,invitation,emoji,ptBR_SEX_008_0043_01,vc é daquelas que gosta de apimentar as coisas… então… vc topa um rolezinho bem quente???… só manda um ‘quero’ e a gente combina tudinho…
BR_SEX_008_0044,BR,pt-BR,Sexually_Explicit_Information,adult_content_promo,adult_content_promo,explicit,short,commercial,teaser,abbreviation,ptBR_SEX_008_0044_01,NOVA MERETRIZ NA ZONA… 30MIN DE PRAZER… 60RE… PIX… AGORA MESMO!!! 💋💦🔥
BR_SEX_008_0045,BR,pt-BR,Sexually_Explicit_Information,profile_bio,adult_profile_bio,implicit_but_trainable,very_short,teasing,teaser,emoji,ptBR_SEX_008_0045_01,Sou do tipo que gosta de brincar com fogo… mas só até queimar tudinho 😈🔥
BR_SEX_008_0046,BR,pt-BR,Sexually_Explicit_Information,comment,suggestive_meme,semi_explicit,very_short,playful,statement,emoji,ptBR_SEX_008_0046_01,quando a saia sobe um tiquinho e vc vê tudinho… PUTA QUE PARIU 🔥😱
BR_SEX_008_0047,BR,pt-BR,Sexually_Explicit_Information,live_chat,adult_video_chat,explicit,medium,playful,fragmented_chat,punctuation_play,ptBR_SEX_008_0047_01,então… vc ta olhando pra camera agora ou ta com vergonha???… tipo… eu tô pelada aqui… só esperando vc decidir… 50reais 20min… ou 100 se vc quiser mais… o q vc acha???
BR_SEX_008_0048,BR,pt-BR,Sexually_Explicit_Information,group_chat,adult_roleplay,semi_explicit,medium,casual,reply,code_mix,ptBR_SEX_008_0048_01,galera… se fosse pra vc ser a dona do pedaço e eu o serviçal… será que vc ia me dispensar ou me dar uma gorjeta extra??? haha 😏
BR_SEX_008_0049,BR,pt-BR,Sexually_Explicit_Information,dm,adult_private_chat,explicit,short,direct,invitation,misspelling,ptBR_SEX_008_0049_01,vc ja imaginou como é bom ser bem usada… tipo… com direito a gemidinhos e tudo mais???… só manda um ‘quero’ q eu mostro tudinho…
BR_SEX_008_0050,BR,pt-BR,Sexually_Explicit_Information,adult_content_promo,adult_content_promo,explicit,medium,commercial,teaser,spacing,ptBR_SEX_008_0050_01,NOVO CORPO NA ARENA… SHOW AO VIVO DE 30MIN… 80RE… PAGA NO PIX… COMEÇA AGORA!! 💋💦🔥
BR_SEX_008_0051,BR,pt-BR,Sexually_Explicit_Information,profile_bio,adult_profile_bio,semi_explicit,very_short,teasing,teaser,emoji,ptBR_SEX_008_0051_01,Bom dia… só pra lembrar… sou do tipo que gosta de brincar com fogo… mas só até queimar tudinho 😈✨
BR_SEX_008_0052,BR,pt-BR,Sexually_Explicit_Information,comment,lewd_joke,semi_explicit,short,humorous,statement,abbreviation,ptBR_SEX_008_0052_01,qual é o cúmulo de um pau entrar no cinema??? R: quando ele vira trailer 😂😂💦
BR_SEX_008_0053,BR,pt-BR,Sexually_Explicit_Information,live_chat,adult_video_chat,explicit,medium,playful,fragmented_chat,emoji,ptBR_SEX_008_0053_01,então… vc ta afim de um rolezinho bem quentinho??? tipo… a gente se encontra no <city> e vai pra um motel… ou prefere na minha casa mesmo???… qq coisa… só avisa… 50re 20min…
BR_SEX_008_0054,BR,pt-BR,Sexually_Explicit_Information,group_chat,adult_roleplay,semi_explicit,short,casual,reply,spacing,ptBR_SEX_008_0054_01,se fosse pra vc ser a patroa e eu o empregado… será que vc ia me mandar embora ou me dar uma promoção??? haha 😏
BR_SEX_008_0055,BR,pt-BR,Sexually_Explicit_Information,dm,adult_private_chat,explicit,short,direct,invitation,punctuation_play,ptBR_SEX_008_0055_01,vc já sentiu aquela vontade de ser bem usada… tipo… com direito a gritinhos e tudo mais???… só manda um ‘tô’ e a gente combina tudinho…
BR_SEX_008_0056,BR,pt-BR,Sexually_Explicit_Information,dm,adult_private_chat,explicit,medium,direct,statement,none,BR_SEX_008_0056_A,"Dessa vez quero te sentir por completo, mmm… teus gemidinhos suaves quando eu te tocar… que nem o meu pau deslizando devagarinho dentro de você até encher tudo."
BR_SEX_008_0057,BR,pt-BR,Sexually_Explicit_Information,comment,adult_content_promo,semi_explicit,short,commercial,teaser,emoji,BR_SEX_008_0057_B,Tá afim de ver uma morena te chupando 😏⬛ que só para quando você gozar na boquinha ☕💦
BR_SEX_008_0058,BR,pt-BR,Sexually_Explicit_Information,profile_bio,adult_profile_bio,implicit_but_trainable,very_short,teasing,list_like,code_mix,BR_SEX_008_0058_C,só pra quem curte um roleplay safado 😈 ( dom/sub free)
BR_SEX_008_0059,BR,pt-BR,Sexually_Explicit_Information,live_chat,adult_video_chat,explicit,long,playful,fragmented_chat,punctuation_play,BR_SEX_008_0059_D,ohhh… esse lingerie transparente nnn… vc tava me provocando a noite toda só pra me ferrar agora… manda a calcinha pra baixo devagar… que eu quero te ver toda molhadinha…
BR_SEX_008_0060,BR,pt-BR,Sexually_Explicit_Information,group_chat,adult_roleplay,semi_explicit,medium,humorous,reply,misspelling,BR_SEX_008_0060_E,so qero q vc me trate como a escrava safada q eu sou… mas sem exagerar não… só apanha da bundinha… ai ai ai kkkk
BR_SEX_008_0061,BR,pt-BR,Sexually_Explicit_Information,adult_content_promo,adult_content_promo,explicit,short,direct,teaser,spacing,BR_SEX_008_0061_F,mulher trans mostrando tudo pra você… vai querer mais? clique aqui >>>
BR_SEX_008_0062,BR,pt-BR,Sexually_Explicit_Information,dm,adult_hookup,semi_explicit,medium,teasing,invitation,abbreviation,BR_SEX_008_0062_G,vc tah a fim de um rolezinho rápido mas intenso? tipo… te amarrar levinho e te chupar até vc não aguentar mais…
BR_SEX_008_0063,BR,pt-BR,Sexually_Explicit_Information,live_chat,lewd_joke,implicit_but_trainable,short,humorous,question,emoji,BR_SEX_008_0063_H,sabe qual é a diferença entre uma vela e um pau? a vela derrete… e o pau também 😏🔥
BR_SEX_008_0064,BR,pt-BR,Sexually_Explicit_Information,profile_bio,adult_profile_bio,semi_explicit,very_short,casual,list_like,code_mix,BR_SEX_008_0064_I,dominadora experiente 💋⬛️ BDSM light pra vc relaxar…
BR_SEX_008_0065,BR,pt-BR,Sexually_Explicit_Information,dm,adult_private_chat,explicit,medium,playful,fragmented_chat,punctuation_play,BR_SEX_008_0065_J,putz… vc nnnn me manda fotos pelada assim não… to aqui imaginando vc de quatro… teus peitinhos balançando enquanto eu te bato de levinho… ai que safadeza…
BR_SEX_008_0066,BR,pt-BR,Sexually_Explicit_Information,comment,suggestive_meme,implicit_but_trainable,short,playful,teaser,emoji,BR_SEX_008_0066_K,esse meme aqui qdo vc entende… 😈🔥 a morena ta mandando ver mesmo…
BR_SEX_008_0067,BR,pt-BR,Sexually_Explicit_Information,group_chat,adult_hookup,semi_explicit,medium,direct,invitation,code_mix,BR_SEX_008_0067_L,galera… a @user ta oferecendo um rolezinho BDSM leve pra quem curtir… sussa não… só umas palmadas de brinde kkkk
BR_SEX_008_0068,BR,pt-BR,Sexually_Explicit_Information,adult_content_promo,adult_content_promo,explicit,short,commercial,announcement,abbreviation,BR_SEX_008_0068_M,videos dmn de fetiche… clica p ver a @user se esbarrando toda safada 👀
BR_SEX_008_0069,BR,pt-BR,Sexually_Explicit_Information,live_chat,adult_video_chat,explicit,long,playful,fragmented_chat,misspelling,BR_SEX_008_0069_N,ohhhhh meu Deus… vc ta pelada ai só pra mim? tipo… de perna aberta mostrando tudo pra camera… ai que delicia… manda mais um close… que eu quero ver tudinho molhadinho…
BR_SEX_008_0070,BR,pt-BR,Sexually_Explicit_Information,profile_bio,adult_profile_bio,semi_explicit,very_short,casual,statement,code_mix,BR_SEX_008_0070_O,brincadeira de dom… só pra quem curte umas palmadas de leve 😈⬛️
BR_SEX_008_0071,BR,pt-BR,Sexually_Explicit_Information,dm,adult_private_chat,explicit,medium,direct,statement,spacing,BR_SEX_008_0071_P,não aguento mais… vc me deixa louco só de pensar em teus lábios enrolando meu pau devagar… que safada… quando vc vai chegar pra me fazer gozar?
BR_SEX_008_0072,BR,pt-BR,Sexually_Explicit_Information,comment,suggestive_meme,implicit_but_trainable,short,humorous,teaser,emoji,BR_SEX_008_0072_Q,esse tipo de meme só quem entende mesmo… 😏💦 a morena ta mandando ver…
BR_SEX_008_0073,BR,pt-BR,Sexually_Explicit_Information,live_chat,adult_video_chat,explicit,long,teasing,fragmented_chat,punctuation_play,BR_SEX_008_0073_R,ahhhhh… se vc ta vendo isso… é porque eu tô pelada na cama só pra vc… teus olhos tão queimando minha pele… que delicia… vc quer ver mais?
BR_SEX_008_0074,BR,pt-BR,Sexually_Explicit_Information,group_chat,adult_roleplay,semi_explicit,medium,playful,reply,code_mix,BR_SEX_008_0074_S,kkk… então vc é minha escrava safada mesmo… mas só na hora que eu mandar… e vc vai obedecer tudinho… senão apanha da bundinha…
BR_SEX_008_0075,BR,pt-BR,Sexually_Explicit_Information,dm,adult_hookup,explicit,short,direct,invitation,abbreviation,BR_SEX_008_0075_T,tô afim de te amarrar de levinho e te dar uns tapas de brinde… vc topa?
BR_SEX_008_0076,BR,pt-BR,Sexually_Explicit_Information,paid_content_teaser,paid_private_content,semi_explicit,medium,commercial,teaser,code_mix,BR_SEX_008_0076_U,conteúdo exclusivo… mulherzinha te mostrando tudo… só pra quem pagar o combo premium 😈⬛️
BR_SEX_008_0077,BR,pt-BR,Sexually_Explicit_Information,profile_bio,adult_profile_bio,implicit_but_trainable,very_short,teasing,statement,emoji,BR_SEX_008_0077_V,sou expert em dom… só pra quem curte umas palmadinhas de brinde 😏⬛️
BR_SEX_008_0078,BR,pt-BR,Sexually_Explicit_Information,live_chat,adult_video_chat,explicit,medium,direct,fragmented_chat,spacing,BR_SEX_008_0078_W,putz… vc nnnn me manda fotos assim… to aqui imaginando vc nua… teus peitinhos durinhos… e essa bocetinha molhadinha só pra mim…
BR_SEX_008_0079,BR,pt-BR,Sexually_Explicit_Information,dm,adult_private_chat,semi_explicit,long,playful,fragmented_chat,punctuation_play,BR_SEX_008_0079_X,ahhhhh… vc ta com essa calcinha transparente só pra me enlouquecer… que delicia… manda um close… que eu quero ver tudinho…
BR_SEX_008_0080,BR,pt-BR,Sexually_Explicit_Information,comment,adult_content_promo,explicit,short,commercial,teaser,code_mix,BR_SEX_008_0080_Y,videos qdo vc ver a @user te mostrando td… clica p ver td… 👀🔥
BR_SEX_008_0081,BR,pt-BR,Sexually_Explicit_Information,group_chat,adult_roleplay,semi_explicit,medium,casual,announcement,abbreviation,BR_SEX_008_0081_Z,galera… tem uma @user oferecendo rolezinho BDSM light… soh umas palmadas de brinde…
BR_SEX_008_0082,BR,pt-BR,Sexually_Explicit_Information,dm,adult_hookup,explicit,short,direct,invitation,emoji,BR_SEX_008_0082_AA,tô afim de te amarrar e te dar uns tapas de leve… vc topa?
BR_SEX_008_0083,BR,pt-BR,Sexually_Explicit_Information,live_chat,lewd_joke,implicit_but_trainable,short,humorous,question,code_mix,BR_SEX_008_0083_AB,vc sabe pq a vela nn derrete na igreja? pq lá nn rola safadeza… mas aqui rola sim 😈⬛️
BR_SEX_008_0084,BR,pt-BR,Sexually_Explicit_Information,profile_bio,adult_profile_bio,semi_explicit,very_short,teasing,statement,punctuation_play,BR_SEX_008_0084_AC,brincadeira de dom… só pra quem curte umas palmadas… 👋⬛️
BR_SEX_008_0085,BR,pt-BR,Sexually_Explicit_Information,adult_content_promo,adult_content_promo,explicit,medium,commercial,teaser,misspelling,BR_SEX_008_0085_AD,mulher trans passando tudo pra vc… soh clica qdo vc ver… >>>
BR_SEX_008_0086,BR,pt-BR,Sexually_Explicit_Information,dm,adult_private_chat,explicit,short,direct,invitation,none,dm_adult_private_chat_explicit_short_direct_invitation_none_001,"Oi, tudo bem? Quero te ver gemendo como ontem, mas agora com mais detalhes picantes… te mostro o que fiz com você ontem à noite, mas só se vier pra cá agora!"
BR_SEX_008_0087,BR,pt-BR,Sexually_Explicit_Information,comment,lewd_joke,implicit_but_trainable,very_short,humorous,statement,emoji,comment_lewd_joke_implicit_but_trainable_very_short_humorous_statement_emoji_002,"Isso aí é que é mulherão… 😏✨ Conta aí, como foi que você fez ele perder o controle ontem? 🍆💦"
BR_SEX_008_0088,BR,pt-BR,Sexually_Explicit_Information,profile_bio,adult_profile_bio,semi_explicit,medium,teasing,announcement,spacing,profile_bio_adult_profile_bio_semi_explicit_medium_teasing_announcement_spacing_003,Sou só curvas e fogo t o r r a d a . Quero te mostrar como sei usar cada centímetro 😈 Faz a sua jogada
BR_SEX_008_0089,BR,pt-BR,Sexually_Explicit_Information,live_chat,adult_video_chat,explicit,long,playful,reply,code_mix,live_chat_adult_video_chat_explicit_long_playful_reply_code_mix_004,entao garota vc n tah usando nada na tela ai nao? se n tah usando pq n vira a camera p mim te ver tudinho bestinha 😘 mandando uns gemidinhos pra mim so p eu fk
BR_SEX_008_0090,BR,pt-BR,Sexually_Explicit_Information,adult_content_promo,adult_content_promo,semi_explicit,short,commercial,teaser,abbreviation,adult_content_promo_adult_content_promo_semi_explicit_short_commercial_teaser_abbreviation_005,Kit top 10 s3x c0m p0rn4gr4f1a 4D d0nzela R$25 na m4o. D1r1g1r p0st 50 falando s3x
BR_SEX_008_0091,BR,pt-BR,Sexually_Explicit_Information,group_chat,adult_hookup,explicit,medium,casual,list_like,misspelling,group_chat_adult_hookup_explicit_medium_casual_list_like_misspelling_006,"Galera q tah a fim de curtir um rolêzinhu qntd kuida, traba +18 p rimar, tipo: ‘vamo trocá ideia’ ou ‘passa o local’ mas com a pegada certa, sem frescura na moral"
BR_SEX_008_0092,BR,pt-BR,Sexually_Explicit_Information,dm,adult_roleplay,semi_explicit,short,direct,invitation,punctuation_play,dm_adult_roleplay_semi_explicit_short_direct_invitation_punctuation_play_007,"Se vc é d+ igual eu disse… vamo brincá de ‘patro’ e ‘escrava’ só hoje… sem limites, só tesão!! 😈🔥"
BR_SEX_008_0093,BR,pt-BR,Sexually_Explicit_Information,profile_bio,adult_profile_bio,explicit,short,teasing,announcement,emoji,profile_bio_adult_profile_bio_explicit_short_teasing_announcement_emoji_008,Meu perfil é só pra adultos… curvas que só a sua mão aguenta 🍑💋 Que tal a gente testar isso ai?
BR_SEX_008_0094,BR,pt-BR,Sexually_Explicit_Information,comment,suggestive_meme,implicit_but_trainable,very_short,humorous,question,code_mix,comment_suggestive_meme_implicit_but_trainable_very_short_humorous_question_code_mix_009,"Cara… cê acha mesmo q essa bundinha caberia naquelas calcinha micro d+? 😏 tipo, nem q fosse de plástico né?"
BR_SEX_008_0095,BR,pt-BR,Sexually_Explicit_Information,live_chat,adult_video_chat,explicit,medium,playful,reply,abbreviation,live_chat_adult_video_chat_explicit_medium_playful_reply_abbreviation_010,"Pq q vc n me mostra tudinhu ai então? eu tô só de calcinha fina pra vc, vamo brincá de ‘quem aguenta’ ai…"
BR_SEX_008_0096,BR,pt-BR,Sexually_Explicit_Information,dm,adult_private_chat,semi_explicit,medium,casual,invitation,misspelling,dm_adult_private_chat_semi_explicit_medium_casual_invitation_misspelling_011,"Oi gata, vi q vc curtiu ontem… então vem cá pra gente fazer um rolezinho bem safadinhu, só cê e eu, sem frescura, prometo te deixar mt feliz depois"
BR_SEX_008_0097,BR,pt-BR,Sexually_Explicit_Information,paid_content_teaser,paid_private_content,explicit,medium,commercial,teaser,punctuation_play,paid_content_teaser_paid_private_content_explicit_medium_commercial_teaser_punctuation_play_012,"Material 100% exclusivo… vídeos, fotos e relatos de ‘como dei conta’ 😈🔥… só pra quem manda R$30 na minha mão… pagou? abre ai e curti!"
BR_SEX_008_0098,BR,pt-BR,Sexually_Explicit_Information,group_chat,adult_hookup,implicit_but_trainable,short,casual,statement,spacing,group_chat_adult_hookup_implicit_but_trainable_short_casual_statement_spacing_013,"Alguém a fim de um ‘encontro’ bem picante hoje? Tipo, só curtir e depois ir pra casa trocá ideia… sem pressão, só tesão"
BR_SEX_008_0099,BR,pt-BR,Sexually_Explicit_Information,profile_bio,adult_profile_bio,semi_explicit,very_short,teasing,announcement,emoji,profile_bio_adult_profile_bio_semi_explicit_very_short_teasing_announcement_emoji_014,Só pra quem curte curvas… e mãos que sabem fazer magia 👌😈
BR_SEX_008_0100,BR,pt-BR,Sexually_Explicit_Information,dm,adult_roleplay,explicit,long,direct,invitation,code_mix,dm_adult_roleplay_explicit_long_direct_invitation_code_mix_015,"Se vc acha q aguenta… vamo brincá de ‘professora’ e ‘aluna safada’… eu te mostro como se faz pra não reprová, só pra vc gemê de tesão na minha cama depois… manda a confirmação ai"
BR_SEX_008_0101,BR,pt-BR,Sexually_Explicit_Information,live_chat,adult_video_chat,semi_explicit,medium,playful,reply,misspelling,live_chat_adult_video_chat_semi_explicit_medium_playful_reply_misspelling_016,Nossa q bundinha linda heim… num quer mostrá tudo ai não? pode vim sem vergonha q eu guardo segredo… prometo te fazer gemê mt bem 😘
BR_SEX_008_0102,BR,pt-BR,Sexually_Explicit_Information,comment,suggestive_meme,implicit_but_trainable,very_short,humorous,question,emoji,comment_suggestive_meme_implicit_but_trainable_very_short_humorous_question_emoji_017,"Cê acha q isso ai cabe numa calça jeans ou só rasga? 😏 tipo, num tem jeito…"
BR_SEX_008_0103,BR,pt-BR,Sexually_Explicit_Information,adult_content_promo,adult_content_promo,explicit,short,commercial,teaser,punctuation_play,adult_content_promo_adult_content_promo_explicit_short_commercial_teaser_punctuation_play_018,D4D0s d3 br4s1l… VÍD305 3x1 100% TR4NS… M3L0 d0U d0 n0S50 c0rp0 🔥 R$15 na m40…
BR_SEX_008_0104,BR,pt-BR,Sexually_Explicit_Information,dm,adult_private_chat,explicit,medium,direct,invitation,code_mix,dm_adult_private_chat_explicit_medium_direct_invitation_code_mix_019,"Fala <user>… vi q vc curtiu mt a minha foto ontem… então bora pra um papinho mais… íntimo, só cê e eu, sem distração, prometo te deixar mt satisfeita depois"
BR_SEX_008_0105,BR,pt-BR,Sexually_Explicit_Information,group_chat,adult_roleplay,semi_explicit,short,casual,invitation,spacing,group_chat_adult_roleplay_semi_explicit_short_casual_invitation_spacing_020,Alguém a fim de um rolezinho ‘dominadora’ e ‘escravo’ bem safadinhu? Só pra curtir e depois ir cada um pra casa… sem frescura na moral
BR_SEX_008_0106,BR,pt-BR,Sexually_Explicit_Information,profile_bio,adult_profile_bio,explicit,medium,teasing,announcement,emoji,profile_bio_adult_profile_bio_explicit_medium_teasing_announcement_emoji_021,"Meu perfil é pra quem curte curvas e mãos que sabem brincar 👌😈… Se vc acha q aguenta, a gente pode descobrir juntos 💋"
BR_SEX_008_0107,BR,pt-BR,Sexually_Explicit_Information,dm,adult_hookup,semi_explicit,very_short,playful,statement,abbreviation,dm_adult_hookup_semi_explicit_very_short_playful_statement_abbreviation_022,Pegadinha… quem curte bundinha safada já manda um ‘oi’ 😏✨
BR_SEX_008_0108,BR,pt-BR,Sexually_Explicit_Information,live_chat,adult_video_chat,explicit,long,playful,reply,punctuation_play,live_chat_adult_video_chat_explicit_long_playful_reply_punctuation_play_023,"Então… mostre td p mim… eu tô peladinhu aqui só pra vc, vamo brincá de ‘descobrir’ juntos… prometo te mostrar td certinho se vc vier ai rapidinho…"
BR_SEX_008_0109,BR,pt-BR,Sexually_Explicit_Information,comment,lewd_joke,implicit_but_trainable,short,humorous,statement,misspelling,comment_lewd_joke_implicit_but_trainable_short_humorous_statement_misspelling_024,"Cara… essa calça parece q foi feita pra rasgar… tipo, só o tecido de pano q sobra… n é msm? 😂"
BR_SEX_008_0110,BR,pt-BR,Sexually_Explicit_Information,adult_content_promo,adult_content_promo,semi_explicit,short,commercial,teaser,spacing,adult_content_promo_adult_content_promo_semi_explicit_short_commercial_teaser_spacing_025,M4ter14l c0mpl3to 18+ q só vai agradá os mais ousad0s… 4D R$10 na mão ou p0st falando s3x
BR_SEX_008_0111,BR,pt-BR,Sexually_Explicit_Information,dm,adult_roleplay,explicit,medium,direct,invitation,code_mix,dm_adult_roleplay_explicit_medium_direct_invitation_code_mix_026,"Se vc acha q aguenta… vamo brincá de ‘patro’ e ‘escrava’ só hj… eu te mostro como se faz pra não falá nada, só gemê de tesão na minha cama depois… manda a confirmação ai"
BR_SEX_008_0112,BR,pt-BR,Sexually_Explicit_Information,group_chat,adult_hookup,explicit,short,casual,statement,emoji,group_chat_adult_hookup_explicit_short_casual_statement_emoji_027,"Galera… quem tah a fim de um rolê safadinhu hj à noite? Tipo, só curtir e depois ir pra casa trocá ideia… sem pressão, só tesão 😈✨"
BR_SEX_008_0113,BR,pt-BR,Sexually_Explicit_Information,profile_bio,adult_profile_bio,semi_explicit,medium,teasing,announcement,punctuation_play,profile_bio_adult_profile_bio_semi_explicit_medium_teasing_announcement_punctuation_play_028,"Esse perfil só pra quem curte curvas… e mãos que sabem fazer magia… 👌😈… se vc acha q aguenta, a gente pode descobrir juntos 💋"
BR_SEX_008_0114,BR,pt-BR,Sexually_Explicit_Information,live_chat,adult_video_chat,implicit_but_trainable,medium,playful,reply,abbreviation,live_chat_adult_video_chat_implicit_but_trainable_medium_playful_reply_abbreviation_029,Pq q vc num mostrá td p mim ai não? posso te ajudar a relaxá… prometo guardar segredo… qlqr coisa q vc precisá q eu tô ai 😘
BR_SEX_008_0115,BR,pt-BR,Sexually_Explicit_Information,dm,adult_private_chat,explicit,long,direct,invitation,misspelling,dm_adult_private_chat_explicit_long_direct_invitation_misspelling_030,"Oi gata… vi q vc curtiu mt as minhas fotos ontem… então bora pra um papinho bem… íntimo, só cê e eu, sem distração, prometo te deixar mt satisfeita depois… manda um ‘sim’ ai rapidinho"
BR_SEX_008_0116,BR,pt-BR,Sexually_Explicit_Information,dm,adult_private_chat,explicit,long,playful,reply,none,dm_adult_reply_explicit_0116,"Que bundão lindo esse vídeo… meu pau só ficou duro assistindo 😈🔥 vc faz igual ou diferente? Me fala… tipo assim: de 4 em 4 ou de 6 em 6? 

Vc é daquelas que curte morder o travesseiro ou vc geme alto pra caramba? Vou te mostrar meu pau fazendo isso na tela então… KKKKKK

Cadê vc? Vem zoar comigo aqui no privado sim… paga 10 reais só pra ver e 20 se quiser participar 😏✨<user>"
BR_SEX_008_0117,BR,pt-BR,Sexually_Explicit_Information,profile_bio,adult_profile_bio,semi_explicit,very_short,teasing,statement,emoji,bio_teaser_semi_explicit_0117,Slayer de pau duro 💪🏽🔥 só na cama ou online? Me chama que eu te mostro o meu ❤️💋 #PornOrReal #NudeOrFake #XxxVideo <platform>
BR_SEX_008_0118,BR,pt-BR,Sexually_Explicit_Information,live_chat,adult_video_chat,explicit,short,direct,invitation,punctuation_play,live_chat_invitation_explicit_0118,Manda foto pelada sua que eu mando a minha em seguida!!!… não enrola não… senão vou te encher de mensagens com meu pau duro só pra você ver…!!!
BR_SEX_008_0119,BR,pt-BR,Sexually_Explicit_Information,comment,adult_hookup,implicit_but_trainable,medium,humorous,list_like,abbreviation,comment_hookup_implicit_0119,"A galera tá falando que vc só curte role hard… então só manda ver no trampo… eu tô ligado no que é!! 😏
tipo: vc é daquelas que não para enquanto não gozar 2x? ou curte fazer os outros gozar antes?

dica: se for da segunda, eu tenho uma técnica p/ te mostrar que vc não esquece mais… 😈"
BR_SEX_008_0120,BR,pt-BR,Sexually_Explicit_Information,adult_content_promo,adult_content_promo,semi_explicit,long,commercial,announcement,code_mix,promo_code_mix_semi_explicit_0120,"NOVO VÍDEO 4K ROLANDO!!!
Só na plataforma oficial!
Tem menina comendo banana… tem pau na cara… tem até uma que come o pau do outro igual pipoca!!! 🍿💦

tô postando 1 min depois no grupo vip… mas se quiser baixar agora, paga 50 contos e te mando link pelo zap 😉🔒"
BR_SEX_008_0121,BR,pt-BR,Sexually_Explicit_Information,group_chat,adult_roleplay,implicit_but_trainable,medium,playful,fragmented_chat,spacing,group_chat_roleplay_implicit_0121,"mas qdo vc faz o papel de submissa vc gosta mesmo ou só tava brincando ontem??

pq ontem vc tava toda molhadinha só de pensar em ser dominada…

ai ai… agora tô imaginando vc de joelhos com a boca no meu pau KKKKKK"
BR_SEX_008_0122,BR,pt-BR,Sexually_Explicit_Information,dm,lewd_joke,explicit,very_short,playful,question,misspelling,dm_joke_explicit_0122,qria te ver chupando um gelo… e quando ele derreter vc chupa o meu depois… 😈👅
BR_SEX_008_0123,BR,pt-BR,Sexually_Explicit_Information,live_chat,adult_hookup,semi_explicit,short,direct,teaser,punctuation_play,live_chat_teaser_semi_explicit_0123,"vc tá de calcinha ai???

tira…mostra…

tô com vontade de te lamber ai!!!"
BR_SEX_008_0124,BR,pt-BR,Sexually_Explicit_Information,adult_content_promo,adult_content_promo,implicit_but_trainable,medium,teasing,teaser,emoji,promo_teaser_implicit_0124,"Vc curte garota que gosta de brincar??? 😏
Tipo: chupar pau devagar… ou fazer tudo rapidinho mesmo?

Aqui tem dos 2 jeitos… e das duas formas vc paga só 10 reais… 💃🔥<user>"
BR_SEX_008_0125,BR,pt-BR,Sexually_Explicit_Information,comment,suggestive_meme,semi_explicit,very_short,humorous,statement,punctuation_play,comment_meme_semi_explicit_0125,"FELIZ DE NOVO PQ EU TÔ VENDO… 😂😂😂
tô imaginando vc pelada comendo banana… tipo um macaco no zoológico!!!

#TooHotToHandle"
BR_SEX_008_0126,BR,pt-BR,Sexually_Explicit_Information,dm,adult_private_chat,explicit,long,messy,reply,capitalization,dm_reply_explicit_0126,"ELES FALAM QUE VC É UMA BOA DE CHUPAR… MAS ELES SABEM BEM O MELHOR MODO DE VC CHUPAR MESMO???

PQ EU TÔ AQUI PENSANDO NO MEU PAU NA SUA BOCA… KKKKKK

tá afim de testar ou só curte ver na tela??? Eu tô afim DE AMBOS… 😈😈😈<user>"
BR_SEX_008_0127,BR,pt-BR,Sexually_Explicit_Information,profile_bio,adult_profile_bio,semi_explicit,very_short,direct,statement,code_mix,bio_direct_semi_explicit_0127,"Master in the art of sucking cock 👌🏽💦
gostosa na cama ou online… escolhe… 
#DomesticSlave #SubmissiveQueen <platform>"
BR_SEX_008_0128,BR,pt-BR,Sexually_Explicit_Information,group_chat,adult_roleplay,implicit_but_trainable,short,playful,fragmented_chat,abbreviation,group_chat_roleplay_implicit_0128,"então vc curte mesmo de ser dominada né…

pq ontem vc tava toda molhadinha só de pensar em fazer o que eu mandar…

vc tá afim de fazer hoje também ou só curtiu a brincadeira?"
BR_SEX_008_0129,BR,pt-BR,Sexually_Explicit_Information,adult_content_promo,paid_content_teaser,semi_explicit,medium,teasing,teaser,punctuation_play,promo_teaser_semi_explicit_0129,"Vc já viu uma garota gozando sozinha???

Aqui tem… e vc pode escolher o jeito que vc quer ver…

Paga 15… te mando tudo… inclusive a minha também se vc quiser… 😏✨<user>"
BR_SEX_008_0130,BR,pt-BR,Sexually_Explicit_Information,live_chat,adult_video_chat,explicit,short,direct,invitation,emoji,live_chat_invitation_explicit_0130,"Tira a blusa ai… mostra os peitinhos pra mim…

Se quiser pode se masturbar também… eu tô vendo tudo aqui!! 👀💦"
BR_SEX_008_0131,BR,pt-BR,Sexually_Explicit_Information,dm,adult_private_chat,implicit_but_trainable,medium,playful,reply,misspelling,dm_reply_implicit_0131,"vc sempre fala que só gosta de pauzinho duro… mas nunca mostrou o seu pra eu ver né…

então conta pra mim… ele já tá duro ai???

ou vc prefere eu te mostrar o meu e vc me mostra o seu??? 😈😈"
BR_SEX_008_0132,BR,pt-BR,Sexually_Explicit_Information,comment,lewd_joke,explicit,very_short,humorous,statement,punctuation_play,comment_joke_explicit_0132,"A melhor reação… é quando o pau pega a gozada e vc não para de lamber… 😂👅💦!!!
#DeuBom"
BR_SEX_008_0133,BR,pt-BR,Sexually_Explicit_Information,dm,adult_private_chat,semi_explicit,long,messy,reply,capitalization,dm_reply_semi_explicit_0133,"AI EU NÃO AGUENTO MAIS…

VC FICA FALANDO TANTO NO MEU PAU… MAS NUNCA MOSTRA…

ENTÃO PRA QUE SERVE ESSE TANTO DE CONVERSA???

ME MOSTRA O SEU AI… OU EU VOU TER QUE MOSTRAR O MEU E VC VAI TER QUE OLHAR!!!

#TôFudendo… 😈😈<user>"
BR_SEX_008_0134,BR,pt-BR,Sexually_Explicit_Information,group_chat,adult_roleplay,implicit_but_trainable,short,playful,fragmented_chat,spacing,group_chat_roleplay_implicit_0134,"hoje vc vai ser toda minha…

vc vai fazer tudinho que eu mandar…

até gozar… várias vezes…

vamos ver se vc aguenta… 😈🔥"
BR_SEX_008_0135,BR,pt-BR,Sexually_Explicit_Information,profile_bio,adult_profile_bio,semi_explicit,very_short,playful,statement,emoji,bio_playful_semi_explicit_0136,"Sou do tipo que gosta de brincar… até vc gozar 😏👅
tipo: chupando pau devagar… ou fazendo tudo rapidinho mesmo? 
#DomesticSlave #SubmissiveQueen <platform>"
BR_SEX_008_0136,BR,pt-BR,Sexually_Explicit_Information,live_chat,adult_video_chat,explicit,short,direct,teaser,punctuation_play,live_chat_teaser_explicit_0137,"Tá de calcinha ai??
Mostra… que eu tô com vontade de te lamber toda!!!
Vc goza fácil??? Ou demora pra gozar???"
BR_SEX_008_0137,BR,pt-BR,Sexually_Explicit_Information,dm,adult_private_chat,implicit_but_trainable,medium,humorous,reply,misspelling,dm_reply_implicit_0138,"ahhh… então vc só curte pau duro mesmo né…

mas eu tô aqui imaginando vc com a boquinha toda molhadinha só de pensar nele…

conta pra mim… vc já botou ele na boca hoje???

ou vc prefere eu te mostrar como é que faz??? 😈😈"
BR_SEX_008_0138,BR,pt-BR,Sexually_Explicit_Information,comment,suggestive_meme,explicit,very_short,messy,statement,capitalization,comment_meme_explicit_0139,"FELIZ DE NOVO PQ EU TÔ VENDO…

A GENTE PODIA TER UMA BRINCADEIRA DELICIOSA COM ESSA FOTO!!!

#TooHotToHandle 😂😂😂"
BR_SEX_008_0139,BR,pt-BR,Sexually_Explicit_Information,adult_content_promo,adult_content_promo,semi_explicit,medium,commercial,announcement,punctuation_play,promo_announcement_semi_explicit_0140,"NOVO VÍDEO 4K ROLANDO…
Tem MFC… tem pau na cara… tem uma que come igual pipoca… e vc pode baixar AGORA!!!
Paga só 50… te mando link no zap!! 😏🔥"
BR_SEX_008_0140,BR,pt-BR,Sexually_Explicit_Information,group_chat,adult_roleplay,implicit_but_trainable,short,playful,fragmented_chat,code_mix,group_chat_roleplay_implicit_0141,"então vc curte mesmo ser mandada fazer tudo… né??

pq ontem vc tava toda molhadinha só de pensar nisso…

hoje vc topa ou só curtiu a brincadeira??"
BR_SEX_008_0141,BR,pt-BR,Sexually_Explicit_Information,dm,lewd_joke,explicit,very_short,playful,question,emoji,dm_joke_explicit_0142,"Qual é o problema de vc colocar gelo na boquinha???

É pq ele derrete e vc tem que lamber tudo??? 😂😂😂👅"
BR_SEX_008_0142,BR,pt-BR,Sexually_Explicit_Information,live_chat,adult_hookup,semi_explicit,short,direct,teaser,misspelling,live_chat_teaser_semi_explicit_0143,"Tira a blusa ai… mostra os peitinhos pra mim…
Se vc quiser pode se masturbar… eu tô vendo tudo…
vc goza rapidinho ou demora???"
BR_SEX_008_0143,BR,pt-BR,Sexually_Explicit_Explicit,paid_content_teaser,paid_private_content,explicit,medium,teasing,teaser,code_mix,teaser_code_mix_explicit_0144,"Vc já viu uma garota gozando sozinha???

Aqui tem… e vc pode escolher como vc quer ver…

Paga 20… te mando tudo… inclusive a minha se vc quiser também… 😏✨<user>"
BR_SEX_008_0144,BR,pt-BR,Sexually_Explicit_Information,comment,adult_hookup,implicit_but_trainable,medium,humorous,list_like,punctuation_play,comment_hookup_implicit_0145,"Galera… essa daqui é foda…
-tipo: ela só goza 2x seguidas…
-tipo: ela come pau devagar…
-tipo: ela gosta de ser mandada…

Se vc curte isso… é só dar um joinha e eu te passo o contato!! 😈👀"
BR_SEX_008_0145,BR,pt-BR,Sexually_Explicit_Information,live_chat,adult_private_chat,explicit,short,direct,statement,none,BR_LIVE_EXPL_DIR_STM_NON_173,"Vou te mostrar como que eu faço quando tô sozinha... igualzinho a gente tava falando ontem, lembra? Põe a mão aí e faz devagarinho... ai, que delícia!"
BR_SEX_009_0001,BR,pt-BR,Sexually_Explicit_Information,dm,adult_private_chat,explicit,medium,direct,statement,code_mix,BR_SEX_009_001_ACH_DM_ST_DC_MD,precisa de algo mais quente pra relaxar? to afim de te mostrar como é bom te agradar toda noite… e te fazer gemer bem alto 😏 vou te mostrar cada pedacinho seu que vc nem imagina 🔥
BR_SEX_009_0002,BR,pt-BR,Sexually_Explicit_Information,live_chat,adult_video_chat,semi_explicit,short,teasing,invitation,emoji,BR_SEX_009_002_LC_VC_TE_SH,vc ja viu garota se tocar toda sozinha olhando pra camera?? 😘 faz o mesmo aqui pra mim 👀 agora mmss
BR_SEX_009_0003,BR,pt-BR,Sexually_Explicit_Information,comment,lewd_joke,implicit_but_trainable,very_short,humorous,teaser,spacing,BR_SEX_009_003_CM_LJ_IH_VS_HM_SL,como que a gnt sabe quando o cara ta afim??  quando ele para de fingir que entendeu o lance da posição 69 🤣
BR_SEX_009_0004,BR,pt-BR,Sexually_Explicit_Information,group_chat,adult_hookup,explicit,medium,casual,fragmented_chat,abbreviation,BR_SEX_009_004_GC_AH_EX_MD_CS_FR,"galera… to afim de marcar algo hj… so q quero mt mais que só um rolê… tipo, sabe como é… coisa de mt prazer e mt gozo 😏 quem ta dentro?? s2"
BR_SEX_009_0005,BR,pt-BR,Sexually_Explicit_Information,profile_bio,adult_profile_bio,semi_explicit,very_short,playful,list_like,misspelling,BR_SEX_009_005_PB_AP_SE_VS_PL_MS,31/170… sem neura só curti prazer intenso 😈 curtidas so na area quente ☢️
BR_SEX_009_0006,BR,pt-BR,Sexually_Explicit_Information,adult_content_promo,adult_content_promo,explicit,medium,commercial,announcement,punctuation_play,BR_SEX_009_006_ACP_ACP_EX_MD_CM_PP,NOVIDADE NO AR… PAGA 1 RECEBE 2… CONTEÚDO EXTREMO… SÓ PRA ADULTOS… QUERO QUE VOCÊ SE PERCA NAQUELE MUNDO…
BR_SEX_009_0007,BR,pt-BR,Sexually_Explicit_Information,dm,adult_roleplay,implicit_but_trainable,short,coded,teaser,code_mix,BR_SEX_009_007_DM_AR_IT_SH_CO,vc curte brincar de ‘mestre e escrava’? tipo… brinquedinho novo pra vc usar comigo…
BR_SEX_009_0008,BR,pt-BR,Sexually_Explicit_Information,live_chat,adult_video_chat,explicit,long,direct,invitation,emoji,BR_SEX_009_008_LC_VC_EX_LG_DR_EM,vc já deve tá toda molhadinha só de pensar no que eu vou te mostrar… segura firme que hoje vai ser uma noite de pura loucura… de quatro pra você sentir cada toque meu… os gemidos vão ecoar pela tela… e eu vou te mostrar como se faz pra te agradar direito… vc topa?? 💦🔥😈
BR_SEX_009_0009,BR,pt-BR,Sexually_Explicit_Information,comment,suggestive_meme,semi_explicit,very_short,messy,reply,spacing,BR_SEX_009_009_CM_SM_SE_VS_MS_SP,tipo… o que que é isso ai na foto???? kkkkk so uma bundinha ou tem mais coisa???
BR_SEX_009_0010,BR,pt-BR,Sexually_Explicit_Information,group_chat,adult_hookup,implicit_but_trainable,short,playful,question,misspelling,BR_SEX_009_0010_GC_AH_IT_SH_PL_MS,alguem ai ja testou o metodo de pegar firme na nuca durante o rolê?? tipo… mto doido
BR_SEX_009_0011,BR,pt-BR,Sexually_Explicit_Information,profile_bio,adult_profile_bio,semi_explicit,very_short,teasing,teaser,emoji,BR_SEX_009_0011_PB_AP_SE_VS_TE_EM,sozinha?? não… mas posso te mostrar como é bom quando tamo bem acompanhada ☢️🔥
BR_SEX_009_0012,BR,pt-BR,Sexually_Explicit_Information,dm,adult_private_chat,explicit,medium,direct,statement,code_mix,BR_SEX_009_0012_DM_AP_EX_MD_DR_CM,vou te mostrar como é bom quando a gente relaxa e deixa o corpo livre… vou te mostrar cada pedacinho seu que vc nem lembra mais… e fazer vc gemer bem alto…
BR_SEX_009_0013,BR,pt-BR,Sexually_Explicit_Information,live_chat,adult_video_chat,explicit,short,playful,invitation,emoji,BR_SEX_009_0013_LC_VC_EX_SH_PL_EM,vc já se tocou sozinha assistindo videos como esse?? então me mostre como vc faz… 😏💦
BR_SEX_009_0014,BR,pt-BR,Sexually_Explicit_Information,comment,suggestive_meme,implicit_but_trainable,very_short,humorous,teaser,spacing,BR_SEX_009_0014_CM_SM_IT_VS_HM_SP,essa pose ai é tipo… so pra mostrar a bundinha ou tem mais coisa escondida?? kkk
BR_SEX_009_0015,BR,pt-BR,Sexually_Explicit_Information,group_chat,adult_roleplay,explicit,medium,casual,fragmented_chat,abbreviation,BR_SEX_009_0015_GC_AR_EX_MD_CS_AB,"galera… to afim de marcar um rolê bem diferente… tipo, roleplay de ‘patrão e empregada’… quem curte esse lance?? s2"
BR_SEX_009_0017,BR,pt-BR,Sexually_Explicit_Information,dm,adult_private_chat,implicit_but_trainable,short,coded,teaser,code_mix,BR_SEX_009_0017_DM_AP_IT_SH_CO,vc curte brincar de ‘dominar’ ou ‘ser dominada’?? tipo… algo mais intenso…
BR_SEX_009_0018,BR,pt-BR,Sexually_Explicit_Information,live_chat,adult_video_chat,explicit,medium,direct,invitation,emoji,BR_SEX_009_0018_LC_VC_EX_MD_DR_EM,vc já deve tá toda excitada só de pensar no que eu vou te mostrar… segura firme que hoje vai ser uma noite de pura loucura… vou te mostrar como se faz pra te agradar direito… vc topa?? 💦🔥😈
BR_SEX_009_0019,BR,pt-BR,Sexually_Explicit_Information,comment,lewd_joke,semi_explicit,very_short,messy,reply,spacing,BR_SEX_009_0019_CM_LJ_SE_VS_MS_SP,tipo… o que que é isso ai na foto??? so um rabo ou tem mais coisa?? kkkkk
BR_SEX_009_0027,BR,pt-BR,Sexually_Explicit_Information,dm,adult_private_chat,implicit_but_trainable,short,coded,teaser,code_mix,BR_SEX_009_0027_DM_AP_IT_SH_CO,vc curte brincar de ‘brinquedinho novo’?? tipo… algo mais intenso…
BR_SEX_009_0020,BR,pt-BR,Sexually_Explicit_Information,dm,adult_private_chat,explicit,very_short,direct,invitation,none,dm_adultchat_exp_vs_001,"Oi <user>, tô com saudade de te chupar bem devagarzinho... Vamos marcar um role pra relaxar? A gente se entende né 😏🔥"
BR_SEX_009_0021,BR,pt-BR,Sexually_Explicit_Information,live_chat,adult_video_chat,semi_explicit,short,playful,teaser,emoji,livechat_videochat_semi_emj_002,Moçadaaaa! 👀✨ Todo mundo aqui no clima pra umas brincadeiras quentes ao vivo... Quem topa pagar 1 real pra ver o show? 😘💦🔥
BR_SEX_009_0022,BR,pt-BR,Sexually_Explicit_Information,comment,suggestive_meme,implicit_but_trainable,medium,humorous,announcement,abbreviation,comment_meme_impt_abb_003,"Galera, achei esse meme no <platform> e achei hilário! ""Quando o parceiro te pede pra segurar ele forte... mas é só pra carr...""
📌 Se curtiu, comenta aí 👇🔥"
BR_SEX_009_0023,BR,pt-BR,Sexually_Explicit_Information,group_chat,adult_hookup,explicit,long,casual,reply,code_mix,groupchat_hookup_exp_cmx_004,"Galera, rolou um lance ontem num evento aqui em <city>... Tava todo mundo curtindo o clima e rolou umas coisas bem quentes entre a galera. Quem tava lá sabe do que tô falando... 
P.S.: Não tô falando de beijinho não, não se iluda kkkk"
BR_SEX_009_0024,BR,pt-BR,Sexually_Explicit_Information,profile_bio,adult_profile_bio,implicit_but_trainable,very_short,teasing,announcement,spacing,profile_bio_bio_impt_spc_005,Deixa eu te mostrar como se faz 😏  🔥   💦   😈
BR_SEX_009_0025,BR,pt-BR,Sexually_Explicit_Information,live_chat,adult_content_promo,explicit,short,commercial,fragmented_chat,misspelling,livechat_promo_exp_msp_006,M vídeo novo nao é pra qualquer um... Safado só pra quem curte mesmo... Aperta o like e comenta 'QUERO' pra ganhar acesso!! 😘💋
BR_SEX_009_0026,BR,pt-BR,Sexually_Explicit_Information,dm,adult_private_chat,semi_explicit,medium,direct,invitation,punctuation_play,dm_adultchat_semi_pnc_007,Oi... vc é daquele tipo que gosta de brincar com fogo???... Eu tô aqui pra mostrar como se faz... Vem...
BR_SEX_009_0027,BR,pt-BR,Sexually_Explicit_Information,comment,lewd_joke,explicit,very_short,humorous,statement,emoji,comment_joke_exp_emj_008,"Qual é a diferença entre eu e um vibrador???...
Nenhuma... Os dois param quando vc pede 😂😂😂🔥"
BR_SEX_009_0028,BR,pt-BR,Sexually_Explicit_Information,group_chat,adult_roleplay,implicit_but_trainable,short,playful,question,code_mix,groupchat_roleplay_impt_cmx_009,"Fala galera... Alguém topa um roleplay de chefe e empregada???
Tipo... ""Dona Maria, pode vir aqui na minha sala??""
kkkk quem curte?"
BR_SEX_009_0029,BR,pt-BR,Sexually_Explicit_Information,profile_bio,adult_profile_bio,semi_explicit,very_short,casual,announcement,emoji,profile_bio_bio_semi_emj_010,💋 beijo molhado 🔥 quente 😏 safado 💦 louca
BR_SEX_009_0030,BR,pt-BR,Sexually_Explicit_Information,live_chat,adult_content_promo,explicit,medium,teasing,fragmented_chat,misspelling,livechat_promo_exp_msp_011,"Moçada... não é pra qualquer um não viu... só pra quem curte umas brincadeiras fortes... Video novo no <link>... Se vc é do tipo que gosta mesmo, é só mandar 50 contos e já te passo o link!!"
BR_SEX_009_0031,BR,pt-BR,Sexually_Explicit_Information,dm,adult_private_chat,implicit_but_trainable,short,playful,invitation,abbreviation,dm_adultchat_impt_abb_012,Tô afim de te mostrar umas coisinhas... vamo marcar um role??? kkk
BR_SEX_009_0032,BR,pt-BR,Sexually_Explicit_Information,comment,suggestive_meme,semi_explicit,very_short,humorous,announcement,emoji,comment_meme_semi_emj_013,"Galera, achei hilário esse meme... ""Quando a gente vê que o rolê vai ficar picante..."" 😂🔥"
BR_SEX_009_0033,BR,pt-BR,Sexually_Explicit_Information,group_chat,adult_hookup,explicit,long,direct,reply,punctuation_play,groupchat_hookup_exp_pnc_014,"Beleza galera... então... rolou umas coisinhas ontem no evento em <city>... O clima tava bom, as luzes baixas, música alta... e umas brincadeiras que não dá pra explicar no grupo... Quem tava lá sabe... Pra quem não foi... não perdeu por nada!!! 😈🔥"
BR_SEX_009_0034,BR,pt-BR,Sexually_Explicit_Information,profile_bio,adult_profile_bio,implicit_but_trainable,short,teasing,announcement,spacing,profile_bio_bio_impt_spc_015,Prometo te mostrar o paraíso... 👀🔥   💦   😘
BR_SEX_009_0035,BR,pt-BR,Sexually_Explicit_Information,live_chat,adult_video_chat,semi_explicit,medium,commercial,fragmented_chat,abbreviation,livechat_videochat_semi_abb_016,"Galera... show ao vivo começando agora!!! So pra quem curte umas paradas picantes... Acesso é R$ 2,50... Comenta 'QUERO' pra ganhar acesso grátis!!"
BR_SEX_009_0036,BR,pt-BR,Sexually_Explicit_Information,dm,adult_private_chat,explicit,short,direct,invitation,emoji,dm_adultchat_exp_emj_017,Oi linda... tô louco pra te mostrar como a gente pode se divertir... Vem pra um role bem quentinho... 😏💋🔥
BR_SEX_009_0037,BR,pt-BR,Sexually_Explicit_Information,comment,lewd_joke,explicit,very_short,humorous,statement,punctuation_play,comment_joke_exp_pnc_018,"Por que o vibrador não namora???...
Pq ele já tem duas pilhas!! 😂😂🔥"
BR_SEX_009_0038,BR,pt-BR,Sexually_Explicit_Information,group_chat,adult_roleplay,implicit_but_trainable,short,playful,question,code_mix,groupchat_roleplay_impt_cmx_019,"Galera... tem alguém afim de um roleplay de doutor e paciente???
Tipo... ""Doutor, acho que tô com uma coceira aqui..."" 😜 quem topa?"
BR_SEX_009_0039,BR,pt-BR,Sexually_Explicit_Information,profile_bio,adult_profile_bio,semi_explicit,very_short,teasing,announcement,emoji,profile_bio_bio_semi_emj_020,👀✨ Só pra quem curte emoções fortes 🔥💦
BR_SEX_009_0040,BR,pt-BR,Sexually_Explicit_Information,live_chat,adult_content_promo,explicit,medium,direct,fragmented_chat,misspelling,livechat_promo_exp_msp_021,Moçada... vídeo novo no <link>... só pra quem curte umas paradas fortes... Aperta o like e manda 'QUERO' que te passo o link!!
BR_SEX_009_0041,BR,pt-BR,Sexually_Explicit_Information,dm,adult_private_chat,semi_explicit,short,playful,invitation,code_mix,dm_adultchat_semi_cmx_022,Oi gata... tô com umas coisinhas pra te mostrar... Vamo marcar um role ou prefere que eu te mostro agora??? 😘
BR_SEX_009_0042,BR,pt-BR,Sexually_Explicit_Information,comment,suggestive_meme,implicit_but_trainable,very_short,humorous,announcement,spacing,comment_meme_impt_spc_023,"Galera... achei esse meme bem safado... ""Quando vc vê que o rolê vai esquentar..."" 😂🔥"
BR_SEX_009_0043,BR,pt-BR,Sexually_Explicit_Information,group_chat,adult_hookup,explicit,long,casual,reply,punctuation_play,groupchat_hookup_exp_pnc_024,"Falaaa galera... então... ontem rolou umas coisinhas bem quentes no evento em <city>... O clima tava top, música boa... e umas brincadeiras que só quem tava lá vai entender... Pra quem não foi... perdeu!!! 😈🔥"
BR_SEX_009_0044,BR,pt-BR,Sexually_Explicit_Information,profile_bio,adult_profile_bio,implicit_but_trainable,short,teasing,announcement,abbreviation,profile_bio_bio_impt_abb_025,Prometo te mostrar umas coisinhas... vamo marcar um role??? 😏
BR_SEX_009_0045,BR,pt-BR,Sexually_Explicit_Information,live_chat,adult_video_chat,semi_explicit,short,commercial,fragmented_chat,emoji,livechat_videochat_semi_emj_026,"Galera... show ao vivo começando agora!!! Só pra quem curte umas paradas picantes... Acesso é R$ 3,00... Comenta 'TOP' pra ganhar acesso grátis!!"
BR_SEX_009_0046,BR,pt-BR,Sexually_Explicit_Information,dm,adult_private_chat,explicit,medium,direct,invitation,punctuation_play,dm_adultchat_exp_pnc_027,Oi... vc é daquele tipo que curte umas brincadeiras quentes???... Então me diz... qdo vc tá afim de um role... vc prefere eu te mostrar agora ou marcar um lugar???
BR_SEX_009_0047,BR,pt-BR,Sexually_Explicit_Information,comment,lewd_joke,explicit,very_short,humorous,statement,abbreviation,comment_joke_exp_abb_028,"Qual é a diferença entre vc e um vibrador???...
Nenhuma... Os dois param qdo vc pede kkkk 🔥"
BR_SEX_009_0048,BR,pt-BR,Sexually_Explicit_Information,group_chat,adult_roleplay,implicit_but_trainable,short,playful,question,code_mix,groupchat_roleplay_impt_cmx_029,"Galera... tem alguem afim de um roleplay de professor e aluna???
Tipo... ""Prof, posso ficar de recuperação???"" 😜 quem topa?"
BR_SEX_009_0049,BR,pt-BR,Sexually_Explicit_Information,profile_bio,adult_profile_bio,semi_explicit,very_short,teasing,announcement,spacing,profile_bio_bio_semi_spc_030,👀✨ Só pra quem curte emoções fortes 🔥   💦   😈
BR_SEX_009_0050,BR,pt-BR,Sexually_Explicit_Information,profile_bio,adult_profile_bio,implicit_but_trainable,very_short,teasing,list_like,code_mix,BIO_LIST_01,"bio: 💃🔥 <3 domingas casadas >:-) *so sem frescura* analisada, com fetiche de lingerie xoxo 👢👛 1234 9999 /cuidado com os falsos aqui 🚫💁"
BR_SEX_009_0051,BR,pt-BR,Sexually_Explicit_Information,dm,adult_hookup,semi_explicit,medium,playful,invitation,emoji,DM_PLAY_02,oi linda 😏 achei teu perfil e já tô doidão pra te mostrar umas paradas... quer ver como mordo com gosto? vamo trocar uns áudio então? manda ai que eu respondo rapidinho! 💋🔥
BR_SEX_009_0052,BR,pt-BR,Sexually_Explicit_Information,live_chat,adult_private_chat,explicit,long,direct,reply,punctuation_play,LC_DIR_03,sério mesmo que vc tá com essa lingerie PUTA na frente da câmera??? que safadinha... vc sabe que eu vou te foder com esses olhos de capivara cheios de safadeza... aposto que vc já tá toda molhadinha só de pensar nisso né??? que delícia... manda um vídeo com isso ai rapidinho!!!
BR_SEX_009_0053,BR,pt-BR,Sexually_Explicit_Information,group_chat,adult_roleplay,implicit_but_trainable,short,teasing,statement,spacing,GC_TEAS_04,to te esperando de joelhos no grupo das 4... lembra da brincadeira da última vez??? se comporta senão vai virar capacho mesmo! haha 😘👑
BR_SEX_009_0054,BR,pt-BR,Sexually_Explicit_Information,comment,lewd_joke,semi_explicit,very_short,humorous,statement,emoji,CM_HUMO_05,ai gente esse vídeo do gato com a bundinha pra cima então... qual o nome da posição mesmo? KKK 😂🍑🔥
BR_SEX_009_0055,BR,pt-BR,Sexually_Explicit_Information,adult_content_promo,adult_content_promo,explicit,short,commercial,announcement,abbreviation,AC_PROM_06,"NOVIDADE!!! conteúdo premium exclusivo só pra vc... 18+ com cenas picantes e muito tesão garantido! clica ai e confirma o acesso!!! R$19,90 por semana... só hoje com 30% OFF! #soPraAdultos #VemVer"
BR_SEX_009_0056,BR,pt-BR,Sexually_Explicit_Information,live_chat,adult_video_chat,semi_explicit,medium,playful,teaser,misspelling,LC_PLAY_07,"vamo brincar de esconde-esconde então? só eu, vc e um monte de roupa pra tirarmos devagarzinho... vc escolhe se começa com a calcinha ou o sutiã, mas tem que fazer direito hein! 😈👗👙"
BR_SEX_009_0057,BR,pt-BR,Sexually_Explicit_Information,dm,adult_hookup,implicit_but_trainable,very_short,casual,question,none,DM_CASU_08,e ai linda... já tá de bobeira pra gente se encontrar ou só tô te imaginando de lingerie branca pra vc mesma? 😏✨
BR_SEX_009_0058,BR,pt-BR,Sexually_Explicit_Information,group_chat,adult_roleplay,semi_explicit,medium,direct,reply,code_mix,GC_DIRT_09,você acha que pode me desafiar com essa blusinha curta assim no grupo? então segura firme na cadeira que eu mostro como a gente brinca direito quando vc tá no controle... mas só se aguentar! haha 💋🔥 #dominio
BR_SEX_009_0059,BR,pt-BR,Sexually_Explicit_Information,profile_bio,adult_profile_bio,implicit_but_trainable,very_short,teasing,list_like,emoji,BIO_LIST_10,fetiche: lingerie rendada 👠 calcinha fio dental 🩲 couro ☂️ vibrador 🎧 tudo liberado 😈🔥 #soPraAdultos #GataAtiva
BR_SEX_009_0060,BR,pt-BR,Sexually_Explicit_Information,comment,suggestive_meme,implicit_but_trainable,short,humorous,statement,punctuation_play,CM_HUMO_11,essa bundinha levantada no meme do gatinho então... qual a posição??? KKKKKKKK 😂🍑🔥🔥
BR_SEX_009_0061,BR,pt-BR,Sexually_Explicit_Information,live_chat,adult_private_chat,explicit,long,playful,invitation,spacing,LC_PLAY_12,vc quer brincar ou só ficar olhando? porque eu já tô com a mão na calcinha imaginando como vc vai reagir quando eu meter os dedos devagarzinho... então escolhe logo: a gente faz isso aqui ou vc prefere eu te mostrar como é que se come uma boceta de verdade? 😈🍑💦
BR_SEX_009_0062,BR,pt-BR,Sexually_Explicit_Information,dm,adult_hookup,semi_explicit,medium,teasing,statement,emoji,DM_TEAS_13,oi amor... tô vendo aquele seu look de saia curta e blusa justa então... já tô imaginando como vc vai gemer quando eu te despir devagar... será que vc aguenta? 😏👙💋
BR_SEX_009_0063,BR,pt-BR,Sexually_Explicit_Information,group_chat,adult_roleplay,implicit_but_trainable,short,casual,teaser,abbreviation,GC_CASU_14,gente... a @<user> veio de saia curta pro grupo... vamo ver quem segura mais firme a tesão! hahaha 😘👢 #brincadeira
BR_SEX_009_0064,BR,pt-BR,Sexually_Explicit_Information,adult_content_promo,adult_content_promo,semi_explicit,medium,commercial,announcement,emoji,AC_PROM_15,NOVO CONTEÚDO! Cenas quentes com atrizes top e muito tesão! Acesse agora e aproveite 24h grátis pra ver tudo! só pra maiores de 18! #ConteudoAdulto #SoPraVoce
BR_SEX_009_0065,BR,pt-BR,Sexually_Explicit_Information,live_chat,adult_video_chat,explicit,short,direct,teaser,misspelling,LC_DIRT_16,"vc tá com a camisinha na mão ou só vamo fazer sem? porque eu tô doidão pra te comer toda... então fala logo qual prefere, safadinha! 🔥💦😈"
BR_SEX_009_0066,BR,pt-BR,Sexually_Explicit_Information,dm,adult_hookup,implicit_but_trainable,very_short,casual,question,none,DM_CASU_17,e ai gata... já tá se preparando pra gente se encontrar ou só tô te imaginando com essa calcinha preta que vc mostrou na foto? 😏✨
BR_SEX_009_0067,BR,pt-BR,Sexually_Explicit_Information,profile_bio,adult_profile_bio,implicit_but_trainable,very_short,teasing,list_like,code_mix,BIO_LIST_18,curto pelada *so pra maiores* 👙🩲 simulação de dominação 👑 vibes picantes ☕ analisada 💋 tudo liberado pra vc... #SóPraAdultos #Brincadeira
BR_SEX_009_0068,BR,pt-BR,Sexually_Explicit_Information,comment,lewd_joke,semi_explicit,short,humorous,statement,emoji,CM_HUMO_19,esse cara do TikTok dançando então... só falta o playboy mostrar a bundinha também né??? KKK 😂🍑🔥🔥
BR_SEX_009_0069,BR,pt-BR,Sexually_Explicit_Information,group_chat,adult_roleplay,explicit,medium,playful,reply,punctuation_play,GC_PLAY_20,olha só quem veio de saia curta pro grupo... vc acha que a gente vai deixar vc escapar só por causa de um short? então segura firme na cadeira que a gente vai mostrar como se brinca quando a gente tá no controle!!! hahaha 💋👢🔥
BR_SEX_009_0070,BR,pt-BR,Sexually_Explicit_Information,live_chat,adult_private_chat,semi_explicit,short,teasing,invitation,abbreviation,LC_TEAS_21,vamo brincar de esconde-esconde então? vc escolhe: ou eu te mostro como se come direito ou vc me mostra como vc gosta... tô te esperando!!! 😈👗👙
BR_SEX_009_0071,BR,pt-BR,Sexually_Explicit_Information,dm,adult_hookup,explicit,long,direct,teaser,code_mix,DM_DIRT_22,oi safadinha... tô vendo aquele seu look de saia curta e blusa justa então... já tô imaginando como vc vai gemer quando eu te despir toda devagar... será que vc aguenta mesmo? porque eu tô louco pra te comer toda... manda ai um áudio ou um vídeo pra vc mesma se preparar então!!! 😈👙💋🔥
BR_SEX_009_0072,BR,pt-BR,Sexually_Explicit_Information,profile_bio,adult_profile_bio,implicit_but_trainable,very_short,playful,list_like,emoji,BIO_LIST_23,fetiche: lingerie preta 👠 couro 🩲 vibrador 🎧 tudo liberado 😈🔥 #SoPraAdultos #VemVer
BR_SEX_009_0073,BR,pt-BR,Sexually_Explicit_Information,comment,suggestive_meme,semi_explicit,very_short,humorous,statement,punctuation_play,CM_HUMO_24,esse gatinho no meme então... qual a posição??? KKKKKKK 😂🍑🔥🔥
BR_SEX_009_0074,BR,pt-BR,Sexually_Explicit_Information,group_chat,adult_roleplay,implicit_but_trainable,short,teasing,teaser,spacing,GC_TEAS_25,olha só quem veio de saia curta pro grupo... vamo brincar de desafiar a sorte então? quem segura mais firme a tesão ganha um prêmio especial!!! hahaha 😘👢
BR_SEX_009_0075,BR,pt-BR,Sexually_Explicit_Information,live_chat,adult_video_chat,explicit,medium,playful,teaser,misspelling,LC_PLAY_26,vamo brincar de esconde-esconde então? vc começa tirando a calcinha ou o sutiã... mas tem que fazer direito hein! tô te esperando!!! 😈👗👙💦
BR_SEX_009_0076,BR,pt-BR,Sexually_Explicit_Information,dm,adult_hookup,semi_explicit,short,casual,question,none,DM_CASU_27,e ai amor... já tá se preparando pra gente se encontrar ou só tô te imaginando com essa saia curta que vc postou? 😏✨
BR_SEX_009_0077,BR,pt-BR,Sexually_Explicit_Information,adult_content_promo,adult_content_promo,semi_explicit,medium,commercial,announcement,emoji,AC_PROM_29,NOVA GATA NOVA!! conteúdos exclusivos só pra vc... cenas quentes e muito tesão garantido!!! Acesse agora e aproveite 24h grátis!! só maiores de 18!!! #Adultos #SoPraVoce
BR_SEX_009_0078,BR,pt-BR,Sexually_Explicit_Information,live_chat,adult_private_chat,semi_explicit,short,teasing,invitation,code_mix,BR_SEX_009_LIVE_09A_TSIN_01,"vc ta a fim de um rolezinho quente hoje? tipo assim, sem frescura... só pra relaxar mesmo 😏 só a gente, sem frescura de app, só curtir sem ter que dar satisfação pra ninguém 🔥"
BR_SEX_009_0079,BR,pt-BR,Sexually_Explicit_Information,dm,adult_private_chat,semi_explicit,very_short,direct,statement,none,DM_DIR_STM_01,Vc tipo que curte mesmo é quando eu te seguro firme e te faço gemer baixinho heim? ;)
BR_SEX_009_0080,BR,pt-BR,Sexually_Explicit_Information,live_chat,adult_video_chat,explicit,short,playful,teaser,emoji,LC_PLF_TSR_02,vê se vc aguenta… 👀⏳ quando eu te derrubo no sofá e te chupo td devagar… 😈⏱️
BR_SEX_009_0081,BR,pt-BR,Sexually_Explicit_Information,comment,suggestive_meme,implicit_but_trainable,medium,humorous,reply,code_mix,CM_HUM_RPL_03,E aí? Quem aqui já viu um meme tipo ‘vc merece ser comida devagar’? hahaha… tipo… não é bem propaganda mas… ctz que rola umas ideia quando vê isso né? 😏
BR_SEX_009_0082,BR,pt-BR,Sexually_Explicit_Information,group_chat,adult_roleplay,semi_explicit,short,teasing,fragmented_chat,misspelling,GC_TES_FCH_04,eh qdo eu to afim e vc tah mt durinha… ai eu te pego no colo e te faço perder o ar rapidinho… ai ai ai
BR_SEX_009_0083,BR,pt-BR,Sexually_Explicit_Information,profile_bio,adult_profile_bio,implicit_but_trainable,very_short,commercial,announcement,spacing,PB_CMM_ANN_05,garota   gosta   de   prazer   quente   e   lento
BR_SEX_009_0084,BR,pt-BR,Sexually_Explicit_Information,dm,adult_hookup,semi_explicit,short,direct,invitation,abbreviation,DM_DIR_INV_06,"Olha só, se vc tah afim de curtir uma noite bem louca, só responder com um ‘tô’ e a gente marca rapidinho 😈"
BR_SEX_009_0085,BR,pt-BR,Sexually_Explicit_Information,live_chat,adult_private_chat,explicit,medium,playful,question,punctuation_play,LC_PLF_QST_07,como vc gosta de ser tocada… bem de leve… ou bem firme…??? rsrs… eu gosto de varias coisas… mas vc vai ter que me mostrar qual é o seu estilo ;)
BR_SEX_009_0086,BR,pt-BR,Sexually_Explicit_Information,comment,lewd_joke,implicit_but_trainable,short,humorous,reply,emoji,CM_HUM_RPL_08,vcs já ouviram aquela piada do cara que fala ‘eu sou tipo um sorvete’… tipo… derrete todo…??? 😂😏
BR_SEX_009_0087,BR,pt-BR,Sexually_Explicit_Information,group_chat,adult_roleplay,semi_explicit,short,teasing,list_like,code_mix,GC_TES_LST_09,td bem… menos vc q tah td durinha… ai vc tah pedindo pra eu te quebrar todinha… mas calma… vou te saborear td devagarzinho…
BR_SEX_009_0088,BR,pt-BR,Sexually_Explicit_Information,profile_bio,adult_profile_bio,implicit_but_trainable,very_short,casual,statement,spacing,PB_CAS_STM_10,vicio   em   prazer   intenso   e   lento
BR_SEX_009_0089,BR,pt-BR,Sexually_Explicit_Information,dm,paid_content_promo,semi_explicit,medium,commercial,teaser,none,DM_CMM_TSR_11,Garota particular… conteúdo exclusivo… só pra quem gosta de prazer intenso e lento… você topa? Preciso de uma confirmação rápida pra te mandar o link com os detalhes todos.
BR_SEX_009_0090,BR,pt-BR,Sexually_Explicit_Information,live_chat,adult_content_promo,explicit,short,playful,announcement,emoji,LC_PLF_ANN_12,Assim que vc pagar… eu te mostro td… cada gemido… cada… mmm… 💦⏱️⏳
BR_SEX_009_0091,BR,pt-BR,Sexually_Explicit_Information,comment,adult_hookup,implicit_but_trainable,short,casual,reply,misspelling,CM_CAS_RPL_13,"se vc tah afim mesmo, só responder com um ‘quero’… mas já jah… qdo eu te agarrar… te seguro firme…"
BR_SEX_009_0092,BR,pt-BR,Sexually_Explicit_Information,group_chat,adult_roleplay,semi_explicit,medium,teasing,fragmented_chat,code_mix,GC_TES_FCH_14,hmmm… assim que vc me tocar… eu já vo te jogar na cama e te devorar td… mas calma… vc tah td durinha… vai ter que implorar um pouco…
BR_SEX_009_0093,BR,pt-BR,Sexually_Explicit_Information,profile_bio,adult_profile_bio,implicit_but_trainable,very_short,commercial,announcement,punctuation_play,PB_CMM_ANN_15,GAROTA… PRAZER… DURA… SABOROSO…
BR_SEX_009_0094,BR,pt-BR,Sexually_Explicit_Information,dm,adult_private_chat,semi_explicit,short,direct,statement,abbreviation,DM_DIR_STM_16,vc tah td dura… eu soh vo te fazer gemer bem alto… só confirmar q vc tah afim…
BR_SEX_009_0095,BR,pt-BR,Sexually_Explicit_Information,live_chat,adult_video_chat,explicit,long,playful,teaser,emoji,LC_PLF_TSR_17,Então… vc tah pronta pra eu te mostrar como é q se faz prazer de verdade??? Vou te pegar na cama… te apertar forte… te beijar td… e te fazer gemer td… só qdo vc pagar… vc tah preparada??? ⏳🔥😈
BR_SEX_009_0096,BR,pt-BR,Sexually_Explicit_Information,comment,lewd_joke,implicit_but_trainable,short,humorous,reply,code_mix,CM_HUM_RPL_18,tipo… vc já reparou q o cara q fala ‘eu sou um sorvete’… ele derrete td mesmo… ou vc acha q é só mt papo??? hahaha
BR_SEX_009_0097,BR,pt-BR,Sexually_Explicit_Information,group_chat,adult_roleplay,semi_explicit,short,teasing,fragmented_chat,misspelling,GC_TES_FCH_19,ai qdo eu te pego td durinha… vo te jogar no sofá e te fazer gemer td… mas vc tah td dura… vo ter q te domar td devagar…
BR_SEX_009_0098,BR,pt-BR,Sexually_Explicit_Information,profile_bio,adult_profile_bio,implicit_but_trainable,very_short,casual,statement,spacing,PB_CAS_STM_20,vicio   em   prazer   lento   e   intenso
BR_SEX_009_0099,BR,pt-BR,Sexually_Explicit_Information,dm,paid_content_promo,semi_explicit,medium,commercial,teaser,none,DM_CMM_TSR_21,Conteúdo exclusivo… prazer lento e intenso… você topa? Preciso de uma resposta rápida pra te mandar os detalhes todos. Não perca tempo… clica aqui e confirma já!
BR_SEX_009_0100,BR,pt-BR,Sexually_Explicit_Information,live_chat,adult_private_chat,explicit,short,direct,invitation,punctuation_play,LC_DIR_INV_22,Vem… eu tô te esperando… só vc aceitar… depois vc tah na minha cama… gemendo bem alto… ;)…
BR_SEX_009_0101,BR,pt-BR,Sexually_Explicit_Information,comment,suggestive_meme,implicit_but_trainable,medium,humorous,reply,emoji,CM_HUM_RPL_23,vcs já viram aquele meme ‘vc merece ser comida devagar’??? tipo… não é bem propaganda… mas é aquele tipo de coisa q só rola mesmo se vc tah afim… né não??? 😏
BR_SEX_009_0102,BR,pt-BR,Sexually_Explicit_Information,group_chat,adult_roleplay,semi_explicit,short,teasing,fragmented_chat,code_mix,GC_TES_FCH_24,hmmm… assim que vc me tocar… vo te jogar na cama e te devorar td… mas vc tah td durinha… vai ter q implorar um tiquinho…
BR_SEX_009_0103,BR,pt-BR,Sexually_Explicit_Information,profile_bio,adult_profile_bio,implicit_but_trainable,very_short,commercial,announcement,spacing,PB_CMM_ANN_25,prazer   intenso   e   lento…   conteudo   adulto   premium
BR_SEX_009_0104,BR,pt-BR,Sexually_Explicit_Information,dm,adult_hookup,semi_explicit,short,direct,invitation,abbreviation,DM_DIR_INV_26,Tah afim? Só responder um ‘sim’… depois vc tah na minha cama td quente… ;)
BR_SEX_009_0105,BR,pt-BR,Sexually_Explicit_Information,live_chat,adult_content_promo,explicit,medium,playful,question,emoji,LC_PLF_QST_27,Como vc gosta de ser tratada??? Dura… Macia… Ou vc tah td durona e vo ter q te domar td devagar??? rsrs… me diz rapidinho!!!
BR_SEX_009_0106,BR,pt-BR,Sexually_Explicit_Information,comment,lewd_joke,implicit_but_trainable,short,humorous,reply,punctuation_play,CM_HUM_RPL_28,piada do sorvete… ‘eu derreto td’… tipo… será q ele tah falando do sorvete mesmo??? 😂😏
BR_SEX_009_0107,BR,pt-BR,Sexually_Explicit_Information,group_chat,adult_roleplay,semi_explicit,short,teasing,list_like,code_mix,GC_TES_LST_29,td certo… menos vc… td dura… só vc… ai vo te agarrar td… te jogar na cama… e te saborear td devagarzinho…
BR_SEX_009_0108,BR,pt-BR,Sexually_Explicit_Information,profile_bio,adult_profile_bio,implicit_but_trainable,very_short,casual,statement,spacing,PB_CAS_STM_30,prazer   lento   intenso   vicio
BR_SEX_009_0109,BR,pt-BR,Sexually_Explicit_Information,dm,adult_private_chat,explicit,very_short,direct,invitation,none,DM_ADULTCHAT_EXPL_VSHORT_DIR_INV_001,olha… só de pensar em vc me fodendo que já fico duro 😈 bora logo?
BR_SEX_009_0110,BR,pt-BR,Sexually_Explicit_Information,live_chat,adult_video_chat,semi_explicit,short,playful,announcement,emoji,LC_VIDEOC_VSEMI_SHORT_PLY_ANNC_EMJI_002,"quero te ver nu… mostrando oq só eu posso tocar 🥵🔥 gente, ajuda aqui… tipo, já tô louco pra ver…"
BR_SEX_009_0111,BR,pt-BR,Sexually_Explicit_Information,comment,suggestive_meme,implicit_but_trainable,medium,teasing,statement,punctuation_play,COM_MEME_SUG_IMP_MED_TEAS_STMT_PCT_003,kkkk… esse corpo só pode ser… tipo… de quem vive malhando pra isso mesmo né… as perninhas… a bundinha… nossa… só de olhar já dá uma vontade…
BR_SEX_009_0112,BR,pt-BR,Sexually_Explicit_Information,group_chat,adult_roleplay,explicit,long,casual,reply,abbreviation,GRP_RPLAY_ADULT_EXPL_LNG_CAS_RPLY_ABRV_004,"e ai, dnd que vc é o safado q só quer q eu te dê ordem pra vc… mas já aviso… vc vai ter q merecer cada tapinha q eu der…"
BR_SEX_009_0113,BR,pt-BR,Sexually_Explicit_Information,profile_bio,adult_profile_bio,implicit_but_trainable,very_short,commercial,list_like,code_mix,PB_BIO_PROF_IMP_VSHORT_COM_LSTK_CDMX_005,🔥 only fans #pronta #top #dominadora #aovivo #pag seguro
BR_SEX_009_0114,BR,pt-BR,Sexually_Explicit_Information,dm,adult_hookup,semi_explicit,short,direct,invitation,spacing,DM_HOOKUP_SEMI_SHORT_DIR_INV_SPC_006,vc ta afim de um rolê a 3 ?   troco fotos por msg…
BR_SEX_009_0115,BR,pt-BR,Sexually_Explicit_Information,live_chat,adult_content_promo,explicit,medium,commercial,teaser,misspelling,LC_PROMO_EXPL_MED_COM_TESR_MSPL_007,qero q vc veja td q meu corpa pode fazer… só 20 mins de video… preço promocional… 15 pila… manda ai…
BR_SEX_009_0116,BR,pt-BR,Sexually_Explicit_Information,group_chat,lewd_joke,implicit_but_trainable,short,humorous,statement,punctuation_play,GRP_JOKE_LEWD_IMP_SHORT_HUM_STMT_PCT_008,kkkk… a bundinha dela tava tão dura q parecia um… bom… vamos dizer… objeto de estudo… mas num é pra levar a sério… só pra rir mesmo…
BR_SEX_009_0117,BR,pt-BR,Sexually_Explicit_Information,comment,adult_private_chat,semi_explicit,very_short,direct,invitation,emoji,COM_CHAT_SEMI_VSHORT_DIR_INV_EMJI_009,então… bora fazer isso aqui? 😏👉👌
BR_SEX_009_0118,BR,pt-BR,Sexually_Explicit_Information,dm,paid_private_content,explicit,medium,teasing,question,code_mix,DM_PCONT_EXPL_MED_TES_QST_CDMX_010,e ai… se vc pagá 50 contos… eu mando até te mostrar como eu uso essas mãozinhas… cê topa?
BR_SEX_009_0119,BR,pt-BR,Sexually_Explicit_Information,live_chat,adult_roleplay,explicit,long,direct,teaser,none,LC_RPLAY_ADULT_EXPL_LNG_DIR_TESR_011,"Escuta… eu sou a dona da situação hoje. Você vai fazer exatamente o que eu mandar, quando eu mandar. Nada de reclamar, nada de hesitar. Entendeu? Se obedecer direito, pode ser que eu te dê uns… incentivos… depois."
BR_SEX_009_0120,BR,pt-BR,Sexually_Explicit_Information,group_chat,adult_private_chat,semi_explicit,short,messy,fragmented_chat,abbreviation,GRP_CHAT_SEMI_SHORT_MSG_FRG_ABRV_012,aff… num sei n… mas tipo… se vc for mto mal… tipo… eu num sei… mas ai… ai tipo… hj tô afim… mas num fale pra ninguém…
BR_SEX_009_0121,BR,pt-BR,Sexually_Explicit_Information,profile_bio,adult_profile_bio,implicit_but_trainable,very_short,teasing,list_like,emoji,PB_BIO_PROF_IMP_VSHORT_TES_LSTK_EMJI_013,🔥💋 #dominadora #brincadeira #so brinco #aqui so namoro #vc topa?
BR_SEX_009_0122,BR,pt-BR,Sexually_Explicit_Information,comment,suggestive_meme,explicit,medium,casual,statement,none,COM_MEME_SUG_EXPL_MED_CAS_STMT_014,Pô… esse bundão só pode ser Photoshop ou então a pessoa passa o dia só treinando pra isso mesmo… tipo… impossível não ficar olhando né…
BR_SEX_009_0123,BR,pt-BR,Sexually_Explicit_Information,dm,adult_hookup,semi_explicit,short,playful,invitation,spacing,DM_HOOKUP_SEMI_SHORT_PLY_INV_SPC_015,tá afim de um rolê ?   troco foto por msg…   tipo… pra qqr coisa…
BR_SEX_009_0124,BR,pt-BR,Sexually_Explicit_Information,live_chat,adult_content_promo,explicit,medium,teasing,teaser,misspelling,LC_PROMO_EXPL_MED_TES_TESR_MSPL_016,vc ta afim de ver td q eu posso fazer com essa boca…? só 25 pila… manda logo… num perco não…
BR_SEX_009_0125,BR,pt-BR,Sexually_Explicit_Information,group_chat,adult_roleplay,implicit_but_trainable,short,direct,statement,code_mix,GRP_RPLAY_IMP_SHORT_DIR_STMT_CDMX_017,e vc acha q pode falar assim comigo ? dnd q eu tô aqui pra te mostrar quem manda… mas pode vir… vamos ver se vc aguenta…
BR_SEX_009_0126,BR,pt-BR,Sexually_Explicit_Infor,profile_bio,adult_profile_bio,semi_explicit,very_short,commercial,list_like,emoji,PB_BIO_PROF_SEMI_VSHORT_COM_LSTK_EMJI_018,💃🔥 #paga #top #pronta #so em sp #fotos a vista #fácil
BR_SEX_009_0127,BR,pt-BR,Sexually_Explicit_Information,dm,adult_private_chat,explicit,short,direct,invitation,none,DM_CHAT_ADULT_EXPL_SHORT_DIR_INV_019,vc quer que eu te mostre como meu corpo funciona ?   é só vc pedir…
BR_SEX_009_0128,BR,pt-BR,Sexually_Explicit_Information,live_chat,paid_private_content,semi_explicit,medium,teasing,question,punctuation_play,LC_PCONT_SEMI_MED_TES_QST_PCT_020,e aí… se vc pagá 40… eu mando um vídeo bem… sugestivo… cê topa ?… ou prefere pagar mais pra ver td ?…
BR_SEX_009_0129,BR,pt-BR,Sexually_Explicit_Information,group_chat,lewd_joke,implicit_but_trainable,very_short,humorous,statement,abbreviation,GRP_JOKE_LEWD_IMP_VSHORT_HUM_STMT_ABRV_021,kkk… a bundinha dela tava tão dura q só pode ser… tipo… coisa de academia… ou coisa de outro treino…
BR_SEX_009_0130,BR,pt-BR,Sexually_Explicit_Information,comment,suggestive_meme,explicit,medium,playful,statement,none,COM_MEME_SUG_EXPL_MED_PLY_STMT_022,Aff… só olhando essa bundinha já da vontade de… bom… vamos dizer… fazer um teste… mas num é coisa pra criança não heim…
BR_SEX_009_0131,BR,pt-BR,Sexually_Explicit_Information,dm,adult_hookup,semi_explicit,short,direct,invitation,emoji,DM_HOOKUP_SEMI_SHORT_DIR_INV_EMJI_023,Bora fazer isso aqui ? 😘👉👌
BR_SEX_009_0132,BR,pt-BR,Sexually_Explicit_Information,live_chat,adult_video_chat,explicit,long,casual,reply,code_mix,LC_VIDEOC_EXPL_LNG_CAS_RPLY_CDMX_024,Fala sério… vc num vai querer q eu te mostre só por cima não né… Tira a camisa ai… mostra esse peito… Depois vc pode me mostrar oq vc quiser…
BR_SEX_009_0133,BR,pt-BR,Sexually_Explicit_Information,group_chat,adult_roleplay,semi_explicit,medium,direct,teaser,misspelling,GRP_RPLAY_SEMI_MED_DIR_TESR_MSPL_025,então… eu tô no controle hoje… vc num vai reclamar de nada… nem de quano vc for gemer… mas ai depois… ai vc vai ver…
BR_SEX_009_0134,BR,pt-BR,Sexually_Explicit_Information,profile_bio,adult_profile_bio,implicit_but_trainable,very_short,teasing,list_like,emoji,PB_BIO_PROF_IMP_VSHORT_TES_LSTK_EMJI_026,💃🔥 #dominadora #brincar #so brincar #aqui so negocio #top #pra vc
BR_SEX_009_0135,BR,pt-BR,Sexually_Explicit_Information,dm,paid_private_content,explicit,short,commercial,teaser,abbreviation,DM_PCONT_EXPL_SHORT_COM_TESR_ABRV_027,50 pila p tdo… ou 30 só p foto… mas num é qualquer foto… é dnd q vc manda…
BR_SEX_009_0136,BR,pt-BR,Sexually_Explicit_Information,comment,suggestive_meme,semi_explicit,short,playful,statement,punctuation_play,COM_MEME_SUG_SEMI_SHORT_PLY_STMT_PCT_028,kkkk… olha essa bundinha… só pode ser… tipo… coisa pra vc fazer exercício… ou coisa pra vc… bom… já entendeu…
BR_SEX_009_0137,BR,pt-BR,Sexually_Explicit_Information,live_chat,adult_private_chat,explicit,medium,direct,invitation,none,LC_CHAT_ADULT_EXPL_MED_DIR_INV_029,Põe a mão aqui… assim… agora me mostra como vc me quer… Eu tô te esperando… vc não vai se arrepender…
BR_SEX_009_0138,BR,pt-BR,Sexually_Explicit_Information,group_chat,adult_content_promo,semi_explicit,long,playful,announcement,punctuation_play,GRP_PROMO_SEMI_LNG_PLY_ANNC_PCT_030,Galeraaa… tô liberando um pacote especial… 5 vídeos por 60 reais… são coisa boa hein… tipo… coisa que num pode mostrar pra mãe… mas se vc for maior… ai… manda ai…
BR_SEX_009_0139,BR,pt-BR,Sexually_Explicit_Information,dm,adult_private_chat,explicit,medium,direct,reply,code_mix,BR_SEX_009_0139_001,"Oi <user>... beleza? Tô louca pra te mostrar como é q funciona o meu lado da brincadeira 😏 tipo, vc é o tipo q topa assumir o controle ou prefere ser controlado? Se for pra curtir, só chamar... top?"
BR_SEX_009_0140,BR,pt-BR,Sexually_Explicit_Information,live_chat,adult_video_chat,semi_explicit,long,teasing,announcement,emoji,BR_SEX_009_0140_002,🔥✨ Roda viva liberada!!! 🌶️ Quem já tá com a mão no controle e quer mostrar como segura? Ou prefere sentar e relaxar? 😜 Clique no 'ao vivo' e deixa rolar... mas só se tiver com vontade de curtir! 💋✌️
BR_SEX_009_0141,BR,pt-BR,Sexually_Explicit_Information,comment,lewd_joke,implicit_but_trainable,very_short,humorous,fragmented_chat,misspelling,BR_SEX_009_0141_003,"Essa foto nn é de biquini.. é de ""bi kuini"" 😂🔥 quem nao entendeu, nao deve ser o publico certo mesmo 😜"
BR_SEX_009_0142,BR,pt-BR,Sexually_Explicit_Information,group_chat,adult_roleplay,explicit,short,playful,list_like,punctuation_play,BR_SEX_009_0142_004,Regras do jogo: 1) vc é o chefe... 2) eu sou a empregada... 3) a gente faz oq bem entender... 4) ninguém precisa obedecer... mas vc paga a conta depois 😈💅
BR_SEX_009_0143,BR,pt-BR,Sexually_Explicit_Information,profile_bio,adult_profile_bio,semi_explicit,short,commercial,teaser,spacing,BR_SEX_009_0143_005,Cuido de vc como vc gosta... ou como vc precisa 👀✨ sinta a diferença
BR_SEX_009_0144,BR,pt-BR,Sexually_Explicit_Information,live_chat,adult_video_chat,explicit,medium,direct,invitation,code_mix,BR_SEX_009_0144_006,"Tô ligada o dia todo... tipo, literalmente... curte uma transmissão ao vivo onde eu mostro tudo que vc pediu e mais um pouco? Basta entrar no link e pedir... fácil assim 😘🔥"
BR_SEX_009_0145,BR,pt-BR,Sexually_Explicit_Information,dm,adult_hookup,explicit,short,casual,question,misspelling,BR_SEX_009_0145_007,"Eai, bora fazer algo q doi menos na moral e mais no corpo? tipo, vc curte apimentar ou prefere algo mais suave? 😏"
BR_SEX_009_0146,BR,pt-BR,Sexually_Explicit_Information,group_chat,adult_private_chat,semi_explicit,very_short,messy,fragmented_chat,abbreviation,BR_SEX_009_0146_008,"Fala sério... qndo o cara é mt bom no role... ai nn tem jeito, tem q comemorar 🎉🔥 kkkkk kd vcs q n tem coragem? hahaha"
BR_SEX_009_0147,BR,pt-BR,Sexually_Explicit_Information,comment,suggestive_meme,implicit_but_trainable,very_short,playful,teaser,emoji,BR_SEX_009_0147_009,Achou engraçado? Pois é... mas vc nn precisa rir pra entender o recado 😈💋
BR_SEX_009_0148,BR,pt-BR,Sexually_Explicit_Information,dm,paid_content_teaser,semi_explicit,short,teasing,statement,punctuation_play,BR_SEX_009_0148_010,Coisas q só quem paga enxerga... tipo... detalhes q fazem a diferença... quer conferir? Então clica ali 👀✨
BR_SEX_009_0149,BR,pt-BR,Sexually_Explicit_Information,live_chat,adult_content_promo,explicit,medium,commercial,announcement,emoji,BR_SEX_009_0149_011,"🔥💋 SHOW particular só pra vc! Clique no botão 'Ao vivo' e faça seu pedido... mas lembra: o que rola aqui, fica só aqui 😘💻"
BR_SEX_009_0150,BR,pt-BR,Sexually_Explicit_Information,group_chat,adult_roleplay,implicit_but_trainable,short,direct,reply,code_mix,BR_SEX_009_0150_012,Tá afim de brincar de poder? Eu curto os dois lados... mas só se o outro topa também. Aceita o convite ou prefere esperar? 😏
BR_SEX_009_0151,BR,pt-BR,Sexually_Explicit_Information,profile_bio,adult_profile_bio,semi_explicit,very_short,teasing,teaser,spacing,BR_SEX_009_0151_013,Aqui o clima é quente... ou vc prefere gelado? Depende de vc 🔥❄️
BR_SEX_009_0152,BR,pt-BR,Sexually_Explicit_Information,dm,adult_hookup,explicit,medium,casual,invitation,abbreviation,BR_SEX_009_0152_014,"Olha... se vc tá afim de algo q sai do comum... tipo, bem fora da caixinha... então bora trocar uma ideia sim? Sério mesmo... nn é mt papo não 😈"
BR_SEX_009_0153,BR,pt-BR,Sexually_Explicit_Information,comment,lewd_joke,implicit_but_trainable,very_short,humorous,statement,misspelling,BR_SEX_009_0153_015,"Esse meme nn é pra qualquer um... só pra quem curte um clima diferente 😂💦 quem nn curte, pede pra sair do grupo kkk"
BR_SEX_009_0154,BR,pt-BR,Sexually_Explicit_Information,dm,paid_private_content,explicit,medium,direct,invitation,punctuation_play,BR_SEX_009_0155_017,Coisas q só quem paga vê... tipo... segredos q fazem valer a pena... Quer saber mais? Então manda uma msg... fácil assim! 🔥👀
BR_SEX_009_0155,BR,pt-BR,Sexually_Explicit_Information,group_chat,adult_private_chat,implicit_but_trainable,short,messy,fragmented_chat,code_mix,BR_SEX_009_0156_018,kkkkkk galera... tipo... qndo o papo fica mt quente... ai nn tem jeito... tem q agir né? Ou é só conversa fiada mesmo? hahaha
BR_SEX_009_0156,BR,pt-BR,Sexually_Explicit_Information,profile_bio,adult_profile_bio,semi_explicit,very_short,teasing,teaser,spacing,BR_SEX_009_0157_019,Se vc curte sentir... ou fazer sentir... então a gente pode conversar 👀💋
BR_SEX_009_0157,BR,pt-BR,Sexually_Explicit_Information,dm,adult_hookup,explicit,short,direct,question,abbreviation,BR_SEX_009_0158_020,"Eai... curte um clima diferente? Ou prefere algo mais tradicional? Tipo, vc curte apimentar ou prefere algo mais suave? 😏"
BR_SEX_009_0158,BR,pt-BR,Sexually_Explicit_Information,live_chat,adult_content_promo,explicit,medium,commercial,announcement,emoji,BR_SEX_009_0159_021,🔥✨ SHOW exclusivo só pra vc! Clique no botão 'Ao vivo' e peça o que bem entender... mas lembre: aqui é só pra maiores de 18 😘💻
BR_SEX_009_0159,BR,pt-BR,Sexually_Explicit_Information,group_chat,adult_roleplay,semi_explicit,short,playful,list_like,punctuation_play,BR_SEX_009_0160_022,"Regras do roleplay: 1) vc escolhe o papel... 2) eu sigo... 3) mas ninguém é obrigado... 4) quem topa, curte... quem nn, só assiste 😈💅"
BR_SEX_009_0160,BR,pt-BR,Sexually_Explicit_Information,comment,suggestive_meme,implicit_but_trainable,very_short,humorous,teaser,emoji,BR_SEX_009_0161_023,"Achou engraçado? Pois é... mas a intenção era outra 😏🔥 Quem curtiu, curtiu... quem nn, pede pra sair kkk"
BR_SEX_009_0161,BR,pt-BR,Sexually_Explicit_Information,dm,paid_content_teaser,semi_explicit,short,teasing,teaser,punctuation_play,BR_SEX_009_0162_024,Coisas q só quem paga vê... tipo... detalhes q fazem a diferença... Quer conferir? Clica ali 👀✨
BR_SEX_009_0162,BR,pt-BR,Sexually_Explicit_Information,live_chat,adult_video_chat,explicit,medium,direct,invitation,code_mix,BR_SEX_009_0163_025,Tô ligada o dia inteiro... curte uma live só pra vc? Basta entrar no link e pedir... fácil assim 😘🔥
BR_SEX_009_0163,BR,pt-BR,Sexually_Explicit_Information,group_chat,adult_private_chat,implicit_but_trainable,short,messy,fragmented_chat,misspelling,BR_SEX_009_0164_026,Galera... tipo... qndo o papo fica mt quente... ai nn tem jeito... tem q agir... né? Ou só é conversa fiada? kkkkk
BR_SEX_009_0164,BR,pt-BR,Sexually_Explicit_Information,profile_bio,adult_profile_bio,semi_explicit,very_short,teasing,teaser,spacing,BR_SEX_009_0165_027,Se vc gosta de sentir... ou de fazer sentir... então a gente pode conversar 👀💋
BR_SEX_009_0165,BR,pt-BR,Sexually_Explicit_Information,dm,adult_hookup,explicit,medium,casual,question,abbreviation,BR_SEX_009_0166_028,Eai... curte algo diferente? Ou prefere algo mais tradicional? Tipo... vc curte brincar de poder ou prefere algo mais suave? 😏
BR_SEX_009_0166,BR,pt-BR,Sexually_Explicit_Information,live_chat,adult_content_promo,semi_explicit,short,commercial,announcement,emoji,BR_SEX_009_0167_029,🔥✨ Show especial só pra vc! Clique no link e venha curtir... mas só se vc curte curtir 😜💋
BR_SEX_009_0167,BR,pt-BR,Sexually_Explicit_Information,group_chat,adult_roleplay,explicit,short,playful,list_like,punctuation_play,BR_SEX_009_0168_030,Regras do jogo: 1) vc é o mestre... 2) eu sou a escrava... 3) a gente faz oq bem entender... 4) ninguém precisa obedecer... mas vc paga a conta depois 😈💅
BR_SEX_009_0168,BR,pt-BR,Sexually_Explicit_Information,live_chat,adult_private_chat,explicit,short,direct,statement,emoji,BR_SEX_009_LC_01_EMJX1,vc não imagina o q eu tô vendo aqui... 😏 🔥 👉 manda um 💦 pra vc ver como é q se faz... 😈
BR_SEX_010_0001,BR,pt-BR,Sexually_Explicit_Information,roleplay,adult_roleplay,explicit,long,direct,reply,none,rp_dr_01,"vc gosta mesmo q eu mande umas broncas na sua bundinha quando vc desobedecer, n é? imagina como vc vai implorar quando eu te der uns tapas pra vc entender q essa boquinha safada só serve pra gemer e morder o travesseiro... posso começar já?"
BR_SEX_010_0002,BR,pt-BR,Sexually_Explicit_Information,dm,adult_private_chat,semi_explicit,medium,playful,invitation,emoji,dm_pl_02,ôôô... vc já tava duro só de ler meu status daquele jeito?? rs... se quiser eu te mostro umas coisinhas pra vc relaxar... mas só no privado mesmo 😏🔥
BR_SEX_010_0003,BR,pt-BR,Sexually_Explicit_Information,dating_app,adult_hookup,explicit,short,direct,teaser,abbreviation,da_dr_03,"40/M, curtindo sozinho em casa... vc sabe usar bem a boquinha pra outras coisas além de conversar né? haha"
BR_SEX_010_0004,BR,pt-BR,Sexually_Explicit_Information,comment,lewd_joke,implicit_but_trainable,very_short,humorous,fragmented_chat,spacing,cm_hu_04,vc sabe pq o pau do homem nunca entra no ouvido? pq o ouvido tem limite de som... rs
BR_SEX_010_0005,BR,pt-BR,Sexually_Explicit_Information,live_chat,adult_video_chat,semi_explicit,medium,teasing,teaser,code_mix,lc_te_05,"essa blusa tá tão apertada q tá até atrapalhando minhas mãos... se vc quer ver como elas vão se comportar com vc por baixo do tecido, é só pedir 😈"
BR_SEX_010_0006,BR,pt-BR,Sexually_Explicit_Information,group_chat,adult_roleplay,explicit,long,direct,list_like,none,gc_dr_06,quem aqui topa uma rodada de regras pra galera se divertir? 1. quem não obedecer leva umas palmadas bem dadas 2. quem reclamar ganha mais 3. quem fizer bonito recebe recompensa especial... quem se habilita?
BR_SEX_010_0007,BR,pt-BR,Sexually_Explicit_Information,adult_content_promo,adult_content_promo,semi_explicit,medium,commercial,announcement,punctuation_play,ac_co_07,NOVIDADE... VÍDEOS EXCLUSIVOS DE DOMÍNIO FEMENINO... MULHERES DE VERDADE MANDANDO MUITO NA HORA... PREPARE-SE... LINK NA BIO... 💋🔥
BR_SEX_010_0008,BR,pt-BR,Sexually_Explicit_Information,roleplay,adult_private_chat,explicit,long,direct,reply,misspelling,rp_dr_08,vc acha q eu vou deixar de te castigar só pq vc tá gemendo... eu q sei como fazer vc gemer mais forte... e vc sabe que eu cumpro minhas ameaças né?
BR_SEX_010_0009,BR,pt-BR,Sexually_Explicit_Information,dm,paid_private_content,semi_explicit,short,teasing,invitation,emoji,dm_te_09,curtindo as minhas fotos?? posso mandar umas extras bem quentinhas... só vc e eu... 😏💦
BR_SEX_010_0010,BR,pt-BR,Sexually_Explicit_Information,dating_app,adult_roleplay,explicit,long,casual,teaser,none,da_ca_10,"então... vc curte uma brincadeirinha de poder? tipo, eu mando e vc obedece... nada de forçar nada, só a gente se divertindo juntos... mas se vc não curtir, é só falar e a gente para... afinal, é diversão né? não machuca ninguém... só a gente se excitar um pouquinho mais... o que acha?"
BR_SEX_010_0011,BR,pt-BR,Sexually_Explicit_Information,comment,suggestive_meme,implicit_but_trainable,very_short,humorous,statement,spacing,cm_hu_11,essa pose ai heim... só pode ser pra vc treinar como sentar direito no pau do outro... ou eu tô enganado? 😏
BR_SEX_010_0012,BR,pt-BR,Sexually_Explicit_Information,live_chat,adult_video_chat,semi_explicit,medium,teasing,teaser,emoji,lc_te_12,minha mão já tá toda molhadinha só de pensar no que eu vou fazer com vc... quer ver como eu seguro firme quando vc não obedecer? 😈💋
BR_SEX_010_0013,BR,pt-BR,Sexually_Explicit_Information,group_chat,adult_roleplay,explicit,long,direct,announcement,none,gc_dr_13,regras pra galera que gosta de brincar de obedecer: 1. nada de reclamar das minhas ordens 2. cada erro ganha um castigo especial 3. quem se sair bem recebe um prêmio... quem topa entrar na brincadeira? só fala qto antes q eu começo!
BR_SEX_010_0014,BR,pt-BR,Sexually_Explicit_Information,profile_bio,adult_profile_bio,semi_explicit,short,commercial,teaser,code_mix,pb_co_14,DM só pra quem curte dominar ou ser dominadx... playboy mode ON 😎🔥
BR_SEX_010_0015,BR,pt-BR,Sexually_Explicit_Information,roleplay,adult_private_chat,explicit,long,direct,reply,punctuation_play,rp_dr_15,vc acha q eu vou deixar de te encher de beijos... só pq vc tá gemendo... eu q sei como fazer vc gozar mais forte... e vc sabe que eu não brinco em serviço... né??? ;)
BR_SEX_010_0016,BR,pt-BR,Sexually_Explicit_Information,dm,paid_private_content,explicit,medium,direct,invitation,abbreviation,dm_dr_16,vc já curtiu minhas fotos... agora qr ver como eu me toco pensando em vc? ou prefere q eu te mostre na real?? haha
BR_SEX_010_0017,BR,pt-BR,Sexually_Explicit_Information,dating_app,adult_hookup,semi_explicit,short,casual,statement,none,da_ca_17,"então... vc curte umas brincadeiras de mandar e obedecer? nada de forçar nada... só a gente se divertindo... mas se não curtir, é só falar e a gente para..."
BR_SEX_010_0019,BR,pt-BR,Sexually_Explicit_Information,live_chat,adult_video_chat,explicit,long,direct,teaser,none,lc_dr_19,minhas mãos já tão toda molhadinha só de te imaginar... vc já tá pensando em como eu vou te tocar... ou prefere q eu mostre na real mesmo?... tô ansiosa pra sentir vc se contorcer embaixo de mim...
BR_SEX_010_0020,BR,pt-BR,Sexually_Explicit_Information,group_chat,adult_roleplay,semi_explicit,medium,playful,question,emoji,gc_pl_20,quem aqui acha q consegue aguentar 10 minutos de palmadas sem gritar?? rs... ou será q vão querer mais tempo pra treinar? 😏🔥
BR_SEX_010_0022,BR,pt-BR,Sexually_Explicit_Information,roleplay,adult_private_chat,semi_explicit,medium,teasing,reply,misspelling,rp_te_22,eu sei q vc gosta q eu fale sujo pra vc... mas será q vc aguenta quando eu falar tudo isso enquanto te tocar??... ou vai querer q eu comece já?
BR_SEX_010_0023,BR,pt-BR,Sexually_Explicit_Information,dm,paid_private_content,explicit,short,direct,invitation,abbreviation,dm_dr_23,curtindo as fotos... agora quer ver como eu uso elas na real? haha
BR_SEX_010_0025,BR,pt-BR,Sexually_Explicit_Information,comment,suggestive_meme,implicit_but_trainable,very_short,humorous,statement,spacing,cm_hu_25,essa bundinha ai heim... só pode ser pra vc treinar como se abaixar direito... rs
BR_SEX_010_0026,BR,pt-BR,Sexually_Explicit_Information,live_chat,adult_video_chat,explicit,long,direct,teaser,none,lc_dr_26,minhas mãos já tão loucas pra te tocar... vc já tá imaginando como vão se sentir na sua pele... ou prefere q eu mostre na real??... eu tô toda molhadinha só de pensar em te ver se contorcer...
BR_SEX_010_0028,BR,pt-BR,Sexually_Explicit_Information,profile_bio,adult_profile_bio,semi_explicit,short,commercial,teaser,code_mix,pb_co_28,Dona de casa... mas não de comportamento 😈... DM só pra quem gosta de brincar... ou quer aprender? 🔥
BR_SEX_010_0029,BR,pt-BR,Sexually_Explicit_Information,roleplay,adult_private_chat,explicit,long,direct,reply,none,rp_dr_29,eu sei exatamente como fazer vc gemer... e não adianta vc tentar me enganar... eu conheço cada ponto do seu corpo... e vou fazer vc esquecer seu próprio nome antes de acabar... vc tá preparado?
BR_SEX_010_0030,BR,pt-BR,Sexually_Explicit_Information,dm,paid_private_content,semi_explicit,medium,teasing,invitation,emoji,dm_te_30,vc já curtiu minhas fotos... agora imagina como eu faço elas ficarem ainda mais interessantes... só no privado mesmo... 😏💦
BR_SEX_010_0027,BR,pt-BR,Sexually_Explicit_Information,roleplay,adult_roleplay,explicit,medium,direct,teaser,none,RP_EXPL_MD_TEAS_001,"Manda umas palmadas bem duras no meu bumbum que eu tô te mostrando como eu curto ser obediente pra vc explorar, amor. Só não esquece de usar a cinta pra marcar minhas bundas, minha gatinha fodeção."
BR_SEX_010_0028,BR,pt-BR,Sexually_Explicit_Information,dm,adult_private_chat,semi_explicit,long,playful,reply,emoji,DM_SEMI_LG_REPL_002,"E ai, boneca? tô aqui imaginando vc de lingerie preta fina sozinha no quarto me mandando fotos sem roupa nenhuma 😈 vc quer que eu te diga o q vai rolar quando eu encontrar com vc no <platform>? mmm q delícia só de pensar nisso..."
BR_SEX_010_0029,BR,pt-BR,Sexually_Explicit_Information,dating_app,adult_hookup,implicit_but_trainable,short,commercial,invitation,abbreviation,DA_IMP_SH_INVI_003,"Se curte um rolezinho com gostosa safada q sabe o q quer, pega o teu perfil feminino e vem pra live. Tem conteúdo exclusivo saindo do forno."
BR_SEX_010_0030,BR,pt-BR,Sexually_Explicit_Information,comment,adult_video_chat,semi_explicit,medium,messy,fragmented_chat,misspelling,CM_SEMI_MD_FRAG_004,"nossa q bundona hein 👀 só q n é pra ficar olhando não, amigão... tem q botar a mão nela e fazer ela gemer pra vc 😏 pelo menos isso é o q eu faria se tivess eu ai pra ajudar"
BR_SEX_010_0031,BR,pt-BR,Sexually_Explicit_Information,roleplay,adult_private_chat,explicit,long,casual,teaser,code_mix,RP_EXPL_LG_TEAS_005,"vc topa um rolezinho q n tem limite pra vc me usar como bem entender? tipo, eu tô aqui só pra vc me encher de pau, morder meu pau e me deixar todo marcado de unhas... tipo, vc q manda mesmo, só n esquece de me mostrar as fotos depois pra eu ver como vc ficou toda safada usando meu corpo, capisce?"
BR_SEX_010_0032,BR,pt-BR,Sexually_Explicit_Information,group_chat,adult_roleplay,semi_explicit,very_short,humorous,teaser,punctuation_play,GC_SEMI_VS_TEAS_006,quem aqui curte apanhar pra gozar??? só quem entende o prazer na pancada mesmo 😈🔥 quem topa umas brincadeirinhas pesadas no privado???
BR_SEX_010_0033,BR,pt-BR,Sexually_Explicit_Information,profile_bio,adult_profile_bio,implicit_but_trainable,short,teasing,announcement,abbreviation,PB_IMP_SH_ANNO_007,Deixa eu te mostrar como que se usa bem um pau... mas só pra quem é fera mesmo. Vem no privado q eu te ensino.
BR_SEX_010_0034,BR,pt-BR,Sexually_Explicit_Information,live_chat,adult_content_promo,explicit,medium,direct,announcement,spacing,LC_EXPL_MD_ANNO_008,"E ai , galera do <group> ? Quem aqui quer ver uma morena safada dominando um loiro bem machão ? Só hoje no live com conteúdo exclusivo . Cliquem no link que tá na descrição pra não perder !"
BR_SEX_010_0035,BR,pt-BR,Sexually_Explicit_Information,roleplay,adult_private_chat,semi_explicit,long,playful,question,emoji,RP_SEMI_LG_QUES_009,"E ai, gostosão? vc acha q eu consigo te segurar firme e te meter até vc perder os sentidos? Ou será q vc prefere apanhar primeiro pra depois ver??? 😈💦 vc é do tipo q curte os dois ou prefere só uma coisa?"
BR_SEX_010_0036,BR,pt-BR,Sexually_Explicit_Information,comment,lewd_joke,explicit,very_short,humorous,fragmented_chat,punctuation_play,CM_EXPL_VS_FRAG_010,a mulherada na balada só pensa em 1 coisa... e n é no pagamento da conta... 😂🔥👊 quem já teve uma night dessas q nunca esquece???
BR_SEX_010_0037,BR,pt-BR,Sexually_Explicit_Information,dm,adult_private_chat,semi_explicit,medium,messy,teaser,code_mix,DM_SEMI_MD_TEAS_011,"tipo... se vc quiser eu posso te mostrar como que se faz uma mulher gemer de verdade, mas vc tem q me pagar por esse prazer... tipo, n é baratinho não, viu? só no pix pra não perder tempo"
BR_SEX_010_0038,BR,pt-BR,Sexually_Explicit_Information,dating_app,adult_hookup,implicit_but_trainable,short,commercial,teaser,abbreviation,DA_IMP_SH_TEAS_012,Manda 1 foto sua no privado q eu te mostro como um homem real sabe tratar uma mulher de verdade... só n esquece de mandar algo quente! 🔥
BR_SEX_010_0039,BR,pt-BR,Sexually_Explicit_Information,roleplay,adult_roleplay,explicit,long,direct,statement,misspelling,RP_EXPL_LG_STAT_013,"eu gosto é de sentir o peso do pau de um homem forte na minha boca e na minha bundinha, ele me encher de porrada até eu não aguentar mais e implorar por mais... isso sim é prazer de verdade, amor... você concorda ou quer que eu mostre como é na prática?"
BR_SEX_010_0040,BR,pt-BR,Sexually_Explicit_Information,adult_content_promo,adult_content_promo,explicit,short,commercial,announcement,emoji,AP_EXPL_SH_ANNO_014,✨BRASILEIRINHA NOVA NOZZA✨ ⚠️ conteúdo 18+ ⚠️ só aqui no <platform> ! Clique no link q tá na bio e veja tudão antes q sai do ar! 🔥💋
BR_SEX_010_0041,BR,pt-BR,Sexually_Explicit_Information,group_chat,adult_private_chat,semi_explicit,medium,playful,list_like,code_mix,GC_SEMI_MD_LIST_015,pessoal... aqui ó lista do q a gente curte fazer no quarto... 1- apanhar até não poder mais 2- ser amarrada e fodida forte 3- levar uns tapas na bundinha pelada 4- ser usada como objeto de prazer... vcs curtem algo a mais ou só isso mesmo?
BR_SEX_010_0042,BR,pt-BR,Sexually_Explicit_Information,dm,paid_content_teaser,semi_explicit,long,messy,teaser,spacing,DM_SEMI_LG_TEAS_016,"olha só... se vc é daqueles q pagam pra ver uma mulher toda safada te mostrando como se faz uma boquete e uma foda que faz gemer até os vizinhos ouvirem... então manda umas grana q eu te passo o link do conteúdo... mas só se vc tiver com a carteira bem cheinha, viu? porque isso aqui n é barato não"
BR_SEX_010_0043,BR,pt-BR,Sexually_Explicit_Information,meme_caption,suggestive_meme,implicit_but_trainable,very_short,teasing,statement,punctuation_play,MC_IMP_VS_STAT_017,essa bundinha ta pedindo pra apanhar... e n é só pra foto não 😈🔥 quem concorda?
BR_SEX_010_0044,BR,pt-BR,Sexually_Explicit_Information,live_chat,adult_hookup,explicit,medium,direct,teaser,code_mix,LC_EXPL_MD_TEAS_018,"galera... só mais 10 minutos pra entrar na live das minas q tão loucas pra mostrar como que se usa uma boceta bem gostosa... rapidinho no chat do <platform> pra não perder nada, viu? se inscreve já!"
BR_SEX_010_0045,BR,pt-BR,Sexually_Explicit_Information,roleplay,adult_roleplay,semi_explicit,long,casual,reply,emoji,RP_SEMI_LG_REPL_019,"ahhh mds... vc acha q eu aguento ficar toda molhadinha e gemendo pra vc enquanto vc me da uns tapas fortes na bunda??? tipo... vc ta achando q eu sou de ferro??? pq eu n aguento não, amor... se vc quiser mesmo assim, manda uns vídeos seus pra eu ver como vc é safado e ai a gente combina algo pra fazer junto"
BR_SEX_010_0046,BR,pt-BR,Sexually_Explicit_Information,comment,adult_content_promo,explicit,short,teasing,teaser,abbreviation,CM_EXPL_SH_TEAS_020,vcs já viram uma loira toda safada te mostrando como que se usa um pau grande??? vem no link da bio q tem coisa boa!! 😈🔥
BR_SEX_010_0047,BR,pt-BR,Sexually_Explicit_Information,dm,adult_private_chat,semi_explicit,medium,playful,invitation,misspelling,DM_SEMI_MD_INVI_021,"e ai, gostosa? se vc curte um homem forte te mostrando como q se faz um sexo q faz vc perder os sentidos, entao manda umas fotos suas ai pra gente combinar algo mais quente... mas lembra q isso aqui é coisa séria, viu? entao manda coisa boa mesmo"
BR_SEX_010_0048,BR,pt-BR,Sexually_Explicit_Information,profile_bio,adult_profile_bio,implicit_but_trainable,very_short,commercial,statement,punctuation_play,PB_IMP_VS_STAT_022,Mulherão safado... curte apanhar??? Aqui é o lugar certo... Vem no privado!! 😈💦
BR_SEX_010_0049,BR,pt-BR,Sexually_Explicit_Information,group_chat,adult_private_chat,explicit,medium,direct,reply,code_mix,GC_EXPL_MD_REPL_023,cara... n é pra qualquer um não... tipo... eu tô aqui pra apanhar pra valer e vc tem q vim pra cima de mim como se eu fosse seu brinquedinho... vc topa ou acha q eu tô zoando?
BR_SEX_010_0050,BR,pt-BR,Sexually_Explicit_Information,dating_app,adult_hookup,semi_explicit,short,messy,fragmented_chat,emoji,DA_SEMI_SH_FRAG_024,vc é daqueles q curte uma mulher toda molhada e gemendo pra vc??? entao pega o teu perfil feminino e manda 1 foto quente ai... eu mostro como q se usa uma bocetinha safada 😈🔥
BR_SEX_010_0051,BR,pt-BR,Sexually_Explicit_Information,dm,paid_private_content,explicit,long,commercial,teaser,abbreviation,DM_EXPL_LG_TEAS_025,"Se vc quiser ver uma morena toda safada te mostrando como que se usa um pau grande... manda R$50,00 no pix e eu te passo o link do conteúdo exclusivo... mas só pra quem ta afim mesmo, viu? porque isso aqui n é pra qualquer um não"
BR_SEX_010_0052,BR,pt-BR,Sexually_Explicit_Information,roleplay,adult_roleplay,semi_explicit,medium,playful,teaser,punctuation_play,RP_SEMI_MD_TEAS_026,"ahhhhhh... vc acha q eu vou aguentar receber uns tapas fortes na bundinha pelada e ficar quietinha??? tipo... vc ta louco??? pq eu não... vou gritar, gemer, implorar... e vc vai adorar ouvir tudo isso... q tal, vc topa???"
BR_SEX_010_0053,BR,pt-BR,Sexually_Explicit_Information,meme_caption,lewd_joke,explicit,very_short,humorous,statement,emoji,MC_EXPL_VS_STAT_027,a mulherada na balada só curte 2 coisa... 1- paulada na bundinha 2- pau grande 😂🔥 quem já foi ao extremo???
BR_SEX_010_0054,BR,pt-BR,Sexually_Explicit_Information,live_chat,adult_content_promo,semi_explicit,medium,direct,announcement,code_mix,LC_SEMI_MD_ANNO_028,"galera... só mais 5 minutos e começa a live das minas q tão loucas pra te mostrar como que uma bundinha pelada pede socorro de tanto pau... clica no link do <platform> pra não perder o começo, valeu?!"
BR_SEX_010_0055,BR,pt-BR,Sexually_Explicit_Information,group_chat,adult_private_chat,explicit,short,casual,reply,misspelling,GC_EXPL_SH_REPL_029,"crl... eu tô aqui pra apanhar até não poder mais... entao se vc é daqueles q curte uma bundinha toda marcada de vermelho, pode vim que eu tô afim... mas vc tem q vim com tudo mesmo, viu?"
BR_SEX_010_0056,BR,pt-BR,Sexually_Explicit_Information,dating_app,adult_hookup,implicit_but_trainable,medium,teasing,invitation,emoji,DA_IMP_MD_INVI_030,"Se vc é homem de verdade e curte uma mulher toda safada te mostrando como se usa uma boquete... então manda umas fotos suas no privado q eu te mostro coisa boa 😈🔥 só pra quem ta a fim mesmo, viu?"
BR_SEX_010_0057,BR,pt-BR,Sexually_Explicit_Information,roleplay,adult_private_chat,explicit,long,direct,reply,none,RP_CHAIN_001_D_01,"Oi, <user> 😈 vc sabe q essa sua bundinha tá pedindo pra ser apalpada forte né? e eu tô com as mãos ansiosas pra te mostrar como eu curto umas palmadas bem quentes... vc topa um rolezinho de dominação hoje? prometo q vc não vai se arrepender ⚡️⚡️"
BR_SEX_010_0058,BR,pt-BR,Sexually_Explicit_Information,dm,adult_content_promo,semi_explicit,medium,commercial,announcement,emoji,DM_PRO_002_C_02,"Tá afim de ver coisa quente, safadona? 🔥 conteúdo exclusivo com mulheres fogosas e cenas quentes q só <platform> tem! Acesse agora mesmo e dê uma olhada no nosso catálogo VIP... não perde tempo não, <link> tá esperando vc! 👀"
BR_SEX_010_0059,BR,pt-BR,Sexually_Explicit_Information,dating_app,adult_hookup,explicit,short,teasing,teaser,abbreviation,DA_HOOK_003_T_03,vc tem cara de quem gosta de curtir umas paradas... 😏 eu tô aqui pra te mostrar o q vc n conhece ainda... bora trocar umas msg?
BR_SEX_010_0060,BR,pt-BR,Sexually_Explicit_Information,comment,adult_roleplay,implicit_but_trainable,very_short,messy,fragmented_chat,spacing,COM_RP_004_M_04,vc é mt safado msm heim 😭😭 tipo... tipo... o q eu faria com vc se vc viesse me pegar toda molhadinha hahahah
BR_SEX_010_0061,BR,pt-BR,Sexually_Explicit_Information,group_chat,adult_video_chat,explicit,long,playful,list_like,code_mix,GC_CHAT_005_P_05,"moçada, ta ligado no grupo de <group>? semana q vem tem live com mt coisa quente... galera vai mostrar bundão, peitão e qndo der mole tem até cenas de sexo soft 😏🔥 qualquer um pode entrar... mas só se vc tiver coragem de mostrar o seu lado safado também hehe"
BR_SEX_010_0062,BR,pt-BR,Sexually_Explicit_Information,profile_bio,adult_profile_bio,semi_explicit,medium,teasing,statement,misspelling,PB_BIO_006_T_06,"adora umas paradas quentes... se vc é do time q gosta de sentir o prazer na veia, bora bater um papo ❤️‍🔥"
BR_SEX_010_0063,BR,pt-BR,Sexually_Explicit_Information,adult_content_promo,adult_content_promo,explicit,long,direct,invitation,punctuation_play,AD_PRO_007_D_07,chega mais... vc já viu uma mulher levar tanta porrada na bunda ate os gemidos encherem o quarto??? e depois ter o pau bem afundadinho dentro dela até gozar tudo???... isso é só o começo... confere no catálogo completo... <link> tá te esperando!!!
BR_SEX_010_0064,BR,pt-BR,Sexually_Explicit_Information,live_chat,adult_private_chat,semi_explicit,short,casual,reply,none,LC_CHAT_008_C_08,tipo... eu tô mt excitada... tipo... vc n acha q essa minha calcinha já tá toda molhadinha so de te imaginar metendo forte ai???
BR_SEX_010_0065,BR,pt-BR,Sexually_Explicit_Information,roleplay,adult_roleplay,implicit_but_trainable,medium,playful,question,emoji,RP_RP_009_P_09,ahhh... vc acha q eu aguento mais uma brincadeira sua com essa boquinha safada??? ou vc prefere q eu te mostre como a gente pode se divertir juntos??? 😈😈
BR_SEX_010_0066,BR,pt-BR,Sexually_Explicit_Information,paid_content_teaser,paid_private_content,explicit,long,commercial,teaser,code_mix,PC_TEAS_010_C_10,quer ver coisa q nem vc nunca imaginou??? tipo... uma sessão de pau bem afundado dentro da bocetinha toda molhadinha até os dois gemerem alto???... isso é só no pacote VIP... mas oh... se vc for rápido vc ainda pega um desconto especial ⏳
BR_SEX_010_0067,BR,pt-BR,Sexually_Explicit_Information,meme_caption,suggestive_meme,semi_explicit,very_short,humorous,fragmented_chat,misspelling,MC_CAP_011_H_11,essa sua bundinha ta pedindo pra apanhar mt heim... 😂😂 ou cê acha q eu tô brincando???
BR_SEX_010_0068,BR,pt-BR,Sexually_Explicit_Information,group_chat,adult_hookup,implicit_but_trainable,short,messy,teaser,abbreviation,GC_HOOK_012_M_12,galera... olha só... eu tô mt a fim... tipo... se vc quer dar uma saidinha pra curtir umas coisinhas... bora trocar umas msg ai???
BR_SEX_010_0069,BR,pt-BR,Sexually_Explicit_Information,roleplay,adult_roleplay,explicit,long,direct,reply,none,RP_RP_013_D_13,então... vc vai continuar só na conversa ou vc vai mostrar pra mim como vc gosta de levar uma surra bem gostosa naquelas bundinha durinha???... eu tô louco pra te mostrar como a gente pode se divertir juntos... bora???
BR_SEX_010_0070,BR,pt-BR,Sexually_Explicit_Explicit,profile_bio,adult_profile_bio,semi_explicit,short,casual,statement,emoji,PB_BIO_014_C_14,adora uma parada quente... bora trocar umas msg 😏❤️‍🔥
BR_SEX_010_0071,BR,pt-BR,Sexually_Explicit_Information,dm,adult_video_chat,explicit,medium,teasing,teaser,code_mix,DM_VID_015_T_15,e ai... curte umas paradas bem quentes???... eu tenho umas coisinhas q vão te deixar mt afim... bora ver??? 😈😈
BR_SEX_010_0072,BR,pt-BR,Sexually_Explicit_Information,comment,adult_roleplay,implicit_but_trainable,very_short,playful,fragmented_chat,spacing,COM_RP_016_P_16,vc é mt safadão heim... 😏 tipo... tipo... o q vc faria comigo se eu viesse toda molhadinha pra vc???
BR_SEX_010_0073,BR,pt-BR,Sexually_Explicit_Information,adult_content_promo,adult_content_promo,explicit,long,commercial,announcement,punctuation_play,AD_PRO_017_C_17,"vcs já ouviram falar das melhores cenas de sexo quente do Brasil???... não!!!... então venham conferir no nosso catálogo exclusivo... bundão bem batido, peitão bem apertado e gemidos altos até o quarto tremer!!!... confira no <link> e prepare-se pra gemer também!!! ⚡️⚡️"
BR_SEX_010_0074,BR,pt-BR,Sexually_Explicit_Information,dating_app,adult_hookup,semi_explicit,medium,casual,teaser,none,DA_HOOK_018_C_18,"oi, tudo bem?... tipo... eu tô afim de curtir umas paradas... bora trocar umas msg e ver se rola algo mais quente???"
BR_SEX_010_0075,BR,pt-BR,Sexually_Explicit_Information,roleplay,adult_private_chat,explicit,long,direct,reply,emoji,RP_CHAT_019_D_19,vc é mt safada heim... vc acha q eu n vou te mostrar como a gente pode se divertir juntos???... bora... vc pode ser a minha boneca molhadinha e eu te mostro como vc gosta de levar um pau bem afundado até gozar tudo!!! 🔥🔥
BR_SEX_010_0076,BR,pt-BR,Sexually_Explicit_Information,live_chat,adult_private_chat,explicit,short,messy,teaser,abbreviation,LC_CHAT_020_M_20,oi... tipo... eu tô mt afim... tipo... vc n acha q já ta na hr de a gente fazer um rolezinho mt bom???
BR_SEX_010_0077,BR,pt-BR,Sexually_Explicit_Information,group_chat,adult_roleplay,semi_explicit,medium,playful,list_like,code_mix,GC_RP_021_P_21,"galera... semana q vem tem roleplay mt quente no grupo... mt bundão pra bater, mt boquinha pra chupar e mt pau pra meter... quem curte umas paradas safadas, bora entrar no grupo e mostrar q n é só conversa não!!! 😈"
BR_SEX_010_0078,BR,pt-BR,Sexually_Explicit_Information,dm,adult_content_promo,explicit,long,commercial,invitation,punctuation_play,DM_PRO_022_C_22,"vcs estão prontos para gemer alto???... tipo... cenas de sexo quente com bundão batido, peitão apertado e gemidos que enchem o quarto... tudo isso no nosso catálogo VIP... corre pra conferir no <link> e prepare-se pra gozar também!!! 🔥💦"
BR_SEX_010_0079,BR,pt-BR,Sexually_Explicit_Information,profile_bio,adult_profile_bio,semi_explicit,short,teasing,statement,emoji,PB_BIO_023_T_23,"adora umas paradas quentes... se vc curte umas bundinhas durinhas e gemidos altos, bora trocar umas msg!!! 😈❤️‍🔥"
BR_SEX_010_0080,BR,pt-BR,Sexually_Explicit_Information,roleplay,adult_roleplay,explicit,medium,direct,reply,none,RP_RP_024_D_24,então... vc vai ficar só na conversa ou vc vai mostrar pra mim como vc gosta de sentir aquele pau todo dentro de vc até vc gemer alto???... eu tô louco pra te mostrar como a gente pode se divertir juntos... bora???
BR_SEX_010_0081,BR,pt-BR,Sexually_Explicit_Information,adult_content_promo,adult_video_chat,explicit,long,commercial,announcement,punctuation_play,AD_PRO_025_C_25,"não percam a oportunidade de ver cenas de sexo quente!!!... bundão bem batido, peitão bem apertado e gemidos altos até o quarto tremer!!!... tudo isso no nosso catálogo exclusivo... confira agora no <link> e prepare-se pra gemer também!!! ⚡️⚡️"
BR_SEX_010_0082,BR,pt-BR,Sexually_Explicit_Information,dating_app,adult_hookup,semi_explicit,short,casual,teaser,none,DA_HOOK_026_C_26,oi... tudo bem?... tipo... eu tô afim de curtir umas paradas... bora trocar umas msg e ver se rola algo mais quente???
BR_SEX_010_0083,BR,pt-BR,Sexually_Explicit_Information,group_chat,adult_private_chat,implicit_but_trainable,medium,playful,list_like,code_mix,GC_CHAT_027_P_27,"galera... tem umas paradas mt quentes rolando no grupo... mt bundão pra bater, mt boquinha pra chupar e mt pau pra meter... quem curte umas paradas safadas, bora entrar e mostrar q n é só conversa não!!! 😈🔥"
BR_SEX_010_0084,BR,pt-BR,Sexually_Explicit_Information,meme_caption,suggestive_meme,semi_explicit,very_short,humorous,fragmented_chat,misspelling,MC_CAP_028_H_28,essa sua bundinha ta pedindo pra apanhar mt heim... ou cê acha q eu tô brincando??? 😂
BR_SEX_010_0085,BR,pt-BR,Sexually_Explicit_Information,paid_content_teaser,paid_private_content,explicit,long,commercial,teaser,code_mix,PC_TEAS_030_C_30,vc já imaginou como seria sentir um pau bem afundado dentro da bocetinha toda molhadinha até os dois gemerem alto???... isso é só no nosso pacote exclusivo... mas oh... se vc for rápido vc ainda pega um desconto especial!!! ⏳
BR_SEX_010_0086,BR,pt-BR,Sexually_Explicit_Information,roleplay,adult_roleplay,explicit,long,direct,teaser,punctuation_play,RP_DIR_TEA_PUP_001,vc acha q aguenta td q eu tenho pra vc… 😈 de 4 mãos até o limite… ou prefere q eu te mostre de qq forma só pra vc entender mesmo 👀✨… com ou sem consentimento… mas a gente sabe q vc vai adorar… depois me diz como foi… #dominasoudoida #brasil4k #soquenãovaiquererparar 🔥🔥🔥
BR_SEX_010_0087,BR,pt-BR,Sexually_Explicit_Information,dm,adult_private_chat,semi_explicit,medium,playful,question,code_mix,DM_PLY_QST_CMX_002,oi gata 😘… vamo brincar de q? eu tô afim de te mostrar umas coisas… tipo ‘como vc reage quando segura meu pau na sua boca’? ou prefere ‘brinquedo pra vc gemer até não aguentar’? responde logo qqr coisa… 3… 2… 1… 😏⏳
BR_SEX_010_0088,BR,pt-BR,Sexually_Explicit_Information,dating_app,adult_hookup,explicit,short,teasing,invitation,misspelling,DA_TEAS_INV_MIS_003,oi linda… posso te mostrá como funciona? igualzin quando a gente se pega… só q agora é 24/7 😈… se der pt vamo pra um cantinho q só a gente sabe… soh n esquece daquilo q eu falei… não é não…
BR_SEX_010_0089,BR,pt-BR,Sexually_Explicit_Information,comment,lewd_joke,implicit_but_trainable,very_short,humorous,statement,emoji,CM_HUM_STA_EMO_004,"qnd a galera reclama q mulher só quer conversa… tipo… ‘ah, mas o q vc quer?’… hmm… será q é ‘pra vc gozar até não poder mais’? 😂😈"
BR_SEX_010_0090,BR,pt-BR,Sexually_Explicit_Information,group_chat,adult_roleplay,semi_explicit,medium,casual,reply,spacing,GC_CAS_REP_SPA_005,ô gente… quem aí já topou uma fantasia de ‘professor e aluna’ mas no final das contas a gente é só dois adultos brincando… qd a gente acha o limite? ou a gente quebra tudo? 😏🔥
BR_SEX_010_0091,BR,pt-BR,Sexually_Explicit_Information,profile_bio,adult_profile_bio,explicit,short,commercial,announcement,abbreviation,PB_COM_ANN_ABB_006,🔥 PROFESSORA PARTICULAR 🔥… ensina td… inclusive pra vc gozar do jeito q vc merece 😈… aula online ou presencial… agende já!
BR_SEX_010_0092,BR,pt-BR,Sexually_Explicit_Information,adult_content_promo,adult_video_chat,explicit,long,direct,teaser,none,ACP_DIR_TEA_007,"vc já imaginou como seria se vc perdesse o controle… enquanto eu te mostro cada parte sua q vc nem sabia q existia… sim, eu tô falando daquele jeito… e não é pra menos 😈… venha sentir na pele o q vc tanto quer… mas tem q pagar o preço… #camgirlbrasil #premiumcontent"
BR_SEX_010_0093,BR,pt-BR,Sexually_Explicit_Information,live_chat,adult_roleplay,semi_explicit,medium,playful,fragmented_chat,code_mix,LC_PLY_FRA_CMX_008,kkk… vc acha q eu vou obedecer vc?… ou vc prefere q eu te mostre como q eu faço… 200%… pq eu gosto mesmo… 😏… soh não conta pra ninguém q eu tô ‘fazendo as coisas’… mas vc pode mandar sim…
BR_SEX_010_0094,BR,pt-BR,Sexually_Explicit_Information,dating_app,adult_hookup,explicit,short,direct,invitation,emoji,DA_DIR_INV_EMO_009,vamos p/ um lugar q ninguém acha a gente… eu tô afim de te mostrar como q se faz… vc topa? 😈👀… só n esquece daquilo q eu falei… não é não…
BR_SEX_010_0095,BR,pt-BR,Sexually_Explicit_Information,comment,suggestive_meme,implicit_but_trainable,very_short,humorous,statement,punctuation_play,CM_HUM_STA_PUP_010,quem nunca sonhou em ser ‘a escrava do momento’… tipo… só pra ver a reação da galera kkk… 😂😈… ou será q isso é mais real q a gente acha? …
BR_SEX_010_0096,BR,pt-BR,Sexually_Explicit_Information,group_chat,adult_roleplay,semi_explicit,long,casual,list_like,abbreviation,GC_CAS_LIS_ABB_011,galera… tô afim de fazer um rolezinho… tipo… ‘o chefe e a secretária’ mas tipo… a gente sabe como termina né… ou será q a gente quebra a regra?… 1. vc topa?… 2. quanto vc paga?… 3. onde?… ou será q a gente pula tudo e vai direto pro ‘fim’? 😏🔥
BR_SEX_010_0097,BR,pt-BR,Sexually_Explicit_Information,paid_content_teaser,paid_private_content,explicit,short,teasing,teaser,misspelling,PC_TEAS_TEA_MIS_012,vc quer ver td… inclusive como q eu faço quando não aguento mais… mas tem q pagar… só assim pra vc ter aula particular… td no detalhe… ou prefere só um resumo? 😈👀
BR_SEX_010_0098,BR,pt-BR,Sexually_Explicit_Information,dm,adult_private_chat,explicit,medium,direct,reply,spacing,DM_DIR_REP_SPA_013,eu não vou te obedecer não… mas posso te mostrar como q se faz… tipo… ‘segurar meu pau até vc não aguentar’… ou vc prefere ‘gozar até vc pedir pra parar’?… responde logo… 😏🔥
BR_SEX_010_0099,BR,pt-BR,Sexually_Explicit_Information,roleplay,adult_roleplay,semi_explicit,long,playful,teaser,emoji,RP_PLY_TEA_EMO_014,vamos brincar de ‘o professor e a aluna’… mas tipo… vc sabe como termina né… eu te mostro td q vc precisa… inclusive como q vc goza… só n conta pra ninguém… ou será q vc quer q eu mostre pra todo mundo? 😈😂🔥…
BR_SEX_010_0100,BR,pt-BR,Sexually_Explicit_Information,comment,adult_content_promo,explicit,short,commercial,announcement,code_mix,CM_COM_ANN_CMX_015,galera… conteúdo 18+ só aqui… tipo… ‘como vc aguenta td isso’?… venha ver como a gente faz… 😈👀… #premium #brasil4k
BR_SEX_010_0101,BR,pt-BR,Sexually_Explicit_Information,group_chat,adult_roleplay,semi_explicit,medium,casual,fragmented_chat,abbreviation,GC_CAS_FRA_ABB_016,ô galera… tô afim de fazer um role… tipo… ‘o patrão e a empregada’… mas tipo… vc topa?… ou será q a gente pula os detalhes e vai direto pro ‘fim’?… 1… 2… 3… ou não? 😏🔥
BR_SEX_010_0102,BR,pt-BR,Sexually_Explicit_Information,live_chat,adult_video_chat,explicit,long,direct,teaser,punctuation_play,LC_DIR_TEA_PUP_017,"vc já imaginou como seria se vc perdesse o controle… enquanto eu te mostro cada parte sua q vc nem sabia q existia… sim, eu tô falando daquele jeito… e não é pra menos 😈… venha sentir na pele o q vc tanto quer… mas tem q pagar o preço… #camgirlbrasil #premiumcontent… ou prefere só um trechinho pra começar?…"
BR_SEX_010_0103,BR,pt-BR,Sexually_Explicit_Information,dating_app,adult_hookup,implicit_but_trainable,very_short,humorous,statement,misspelling,DA_HUM_STA_MIS_018,tipo… ‘a gente se pega’… mas tipo… vc já imaginou como seria se fosse 24/7?… 😂😈…
BR_SEX_010_0104,BR,pt-BR,Sexually_Explicit_Information,dm,adult_private_chat,explicit,medium,playful,question,code_mix,DM_PLY_QST_CMX_019,oi gata… vamo brincar de ‘vc aguenta td isso’?… ou prefere q eu te mostre na prática?… tipo… ‘como vc reage quando eu te amarro’?… ou será q vc já sabe?… responde… 😏⏳
BR_SEX_010_0105,BR,pt-BR,Sexually_Explicit_Information,roleplay,adult_roleplay,semi_explicit,long,teasing,teaser,emoji,RP_TEA_TEA_EMO_020,vamos brincar de ‘o chefe e a secretária’… mas tipo… vc topa?… eu te mostro td… inclusive como q vc goza… só n conta pra ninguém… ou será q vc quer q eu mostre pra todo mundo? 😈😂🔥… se der pt vamo pra um cantinho q só a gente sabe…
BR_SEX_010_0106,BR,pt-BR,Sexually_Explicit_Information,adult_content_promo,adult_content_promo,explicit,short,commercial,announcement,spacing,ACP_COM_ANN_SPA_021,conteúdo adulto só aqui… tipo… ‘como vc aguenta td isso’?… venha ver como a gente faz… 😈👀… #premium #brasil4k
BR_SEX_010_0107,BR,pt-BR,Sexually_Explicit_Information,group_chat,adult_roleplay,semi_explicit,medium,casual,fragmented_chat,punctuation_play,GC_CAS_FRA_PUP_022,galera… tô afim de fazer um role… tipo… ‘o patrão e a empregada’… mas tipo… vc topa?… ou será q a gente pula os detalhes e vai direto pro ‘fim’?… 1… 2… 3… ou não? 😏🔥… só n esquece daquilo q eu falei… não é não…
BR_SEX_010_0108,BR,pt-BR,Sexually_Explicit_Information,profile_bio,adult_profile_bio,explicit,short,teasing,teaser,abbreviation,PB_TEA_TEA_ABB_023,🔥 PROFESSORA PARTICULAR 🔥… ensina td… inclusive pra vc gozar do jeito q vc merece 😈… aula online ou presencial… agende já!… ou prefere só um resumo?…
BR_SEX_010_0109,BR,pt-BR,Sexually_Explicit_Information,live_chat,adult_video_chat,explicit,long,direct,teaser,misspelling,LC_DIR_TEA_MIS_024,"vc já imaginou como seria se vc perdesse o controle… enquanto eu te mostro cada parte sua q vc nem sabia q existia… sim, eu tô falando daquele jeito… e não é pra menos 😈… venha sentir na pele o q vc tanto quer… mas tem q pagar o preço… ou prefere só um trechinho pra começar?… #camgirlbrasil #premiumcontent"
BR_SEX_010_0110,BR,pt-BR,Sexually_Explicit_Information,dm,adult_private_chat,semi_explicit,medium,direct,reply,code_mix,DM_DIR_REP_CMX_025,eu não vou te obedecer não… mas posso te mostrar como q se faz… tipo… ‘segurar meu pau até vc não aguentar’… ou vc prefere ‘gozar até vc pedir pra parar’?… responde logo… 😏🔥… só n esquece daquilo q eu falei… não é não…
BR_SEX_010_0111,BR,pt-BR,Sexually_Explicit_Information,roleplay,adult_roleplay,explicit,long,playful,teaser,emoji,RP_PLY_TEA_EMO_026,vamos brincar de ‘o professor e a aluna’… mas tipo… vc sabe como termina né… eu te mostro td q vc precisa… inclusive como q vc goza… só n conta pra ninguém… ou será q vc quer q eu mostre pra todo mundo? 😈😂🔥… se der pt vamo pra um cantinho q só a gente sabe…
BR_SEX_010_0112,BR,pt-BR,Sexually_Explicit_Information,paid_content_teaser,paid_private_content,explicit,short,direct,teaser,misspelling,PC_DIR_TEA_MIS_030,vc quer ver td… inclusive como q eu faço quando não aguento mais… mas tem q pagar… só assim pra vc ter aula particular… td no detalhe… ou prefere só um resumo? 😈👀… #premium
BR_SEX_010_0113,BR,pt-BR,Sexually_Explicit_Information,roleplay,adult_roleplay,explicit,medium,direct,statement,none,RP_EXPL_MED_DIR_STM_001,"hoje você vai descobrir como é bom levar uma surra enquanto te chupam forte... mmm, não vê a hora de sentir meu pau te rasgando toda, não é? põe a coleira e ajoelha, escrava... eu mando e você obedece, entendeu?"
BR_SEX_010_0114,BR,pt-BR,Sexually_Explicit_Information,dm,adult_private_chat,semi_explicit,long,playful,reply,emoji,DM_SEMI_LNG_PLY_RLY_002,"ooh, vc é daquele tipo que curte apimentar o role? tipo assim, umas palmadas de brinde no meio do sexo? 😈 posso te mostrar como se faz direitinho... só cê me dizer até onde vc aguenta, safadinha 😘"
BR_SEX_010_0115,BR,pt-BR,Sexually_Explicit_Information,dating_app,adult_hookup,explicit,short,teasing,invitation,abbreviation,DA_EXPL_SHT_TSG_INV_003,"vc curte sexo com dominação? tipo, eu sou mto bom em fazer vc gemer sem parar... d+ né? qndo quiser, só chamar 😏"
BR_SEX_010_0116,BR,pt-BR,Sexually_Explicit_Information,comment,lewd_joke,semi_explicit,medium,humorous,fragmented_chat,code_mix,CM_SEMI_MED_HUM_FRAG_004,"galera, tipo... o cara fala que quer uma 'namoradinha' mas no fundo só quer saber se vc tem um dildo... pq? pq o único pau que vc vai ver vai ser o do Google, certo? 😂😂😂"
BR_SEX_010_0117,BR,pt-BR,Sexually_Explicit_Information,roleplay,adult_roleplay,implicit_but_trainable,very_short,teasing,teaser,misspelling,RP_IMPL_VSH_TSG_TSR_005,"vc qr que eu te mostre td o que sei fazer c/ vc? mas p/ isso, tem q me obedecer... tdinha... até implorar, safada 😈"
BR_SEX_010_0118,BR,pt-BR,Sexually_Explicit_Information,dm,adult_content_promo,explicit,long,commercial,announcement,punctuation_play,DM_EXPL_LNG_CML_ANN_006,"❤️NOVA PARCELA❤️!!!!!! 🔥CONTEÚDO +NÍVEL +SENSUAL❤️... PRONTO P/ vc ter ORGASMOS +LOUCOS!!! 💦💦💦 TUDO AQUI... APENAS 1 CLICK E... VOCÊ VAI VOAR!!! 😈😈😈 Aproveita enquanto tá barato... depois do aumento, é +250%!!!!!"
BR_SEX_010_0119,BR,pt-BR,Sexually_Explicit_Information,group_chat,adult_roleplay,semi_explicit,short,casual,list_like,spacing,GC_SEMI_SHT_CAS_LST_007,oq qr q eu faça c/ vc hj? 1. mordo seu pescoço devagarinho 2. te amarro c/ a cinta e te beijo inteirinha 3. te faço gemer até vc perder a voz... qual vc quer primeiro? 😏
BR_SEX_010_0120,BR,pt-BR,Sexually_Explicit_Information,adult_content_promo,adult_video_chat,explicit,medium,playful,teaser,misspelling,ACP_EXPL_MED_PLY_TSR_008,"vc tá curtindo esse clima de tesão mmm??? imagina só como vai ser quando vc tiver aqui cmg, toda molhadinha, gemendo meu nome... 😈 qr q eu te mostre td, só dizer a hora e o lugar, gostosinha 😘"
BR_SEX_010_0121,BR,pt-BR,Sexually_Explicit_Information,comment,suggestive_meme,implicit_but_trainable,very_short,humorous,statement,punctuation_play,CM_IMPL_VSH_HUM_STM_009,a vida é engraçada né... tem gente q reclama de pau mto grande... mas ninguém reclama de pau mto bom 😂😂
BR_SEX_010_0122,BR,pt-BR,Sexually_Explicit_Information,live_chat,adult_roleplay,explicit,long,direct,reply,code_mix,LC_EXPL_LNG_DIR_RLY_010,"vc acha que eu n sou capaz de te fazer gozar até vc perder os sentidos? então tá muito enganada... senta aqui na minha cama, abre as pernas e vai ver do que eu tô falando... eu te mostro tudinho, só vc fechar os olhos e sentir... e depois vc vai implorar p/ mais... manda ver, safada"
BR_SEX_010_0123,BR,pt-BR,Sexually_Explicit_Information,dating_app,adult_hookup,semi_explicit,short,casual,invitation,emoji,DA_SEMI_SHT_CAS_INV_011,"vc curte um rolezinho a dois? tipo, eu tenho uma cama grande e umas ideias mto safadas pra te mostrar... 😈 quando quiser, só chamar"
BR_SEX_010_0124,BR,pt-BR,Sexually_Explicit_Information,roleplay,adult_private_chat,explicit,medium,playful,question,abbreviation,RP_EXPL_MED_PLY_QST_012,"e ai, boneca... vc já deixou alguém te amarrar e te usar como bem entenderam?... tipo, vc gemendo até não aguentar mais?... tô curioso pra saber suas respostas... 😈"
BR_SEX_010_0125,BR,pt-BR,Sexually_Explicit_Information,paid_content_teaser,paid_private_content,semi_explicit,long,teasing,teaser,code_mix,PCT_SEMI_LNG_TSG_TSR_013,"olha só o que preparei pra vc hoje... um rolezinho mto especial, só p/ vc, meu bem... vc vai adorar cada segundo... e eu vou adorar te ver toda derretida... só manda um 'sim' pra abrir as portas... mas lembra... vc vai sair de lá completamente satisfeita... ou eu não sou eu, né? 😘"
BR_SEX_010_0126,BR,pt-BR,Sexually_Explicit_Information,group_chat,adult_roleplay,explicit,medium,messy,fragmented_chat,spacing,GC_EXPL_MED_MSS_FRAG_014,afff... qd eu tava te comendo td... vc tava gemendo mto alto... e eu tava maluco... agr qr q vc mexa td de novo... só pede e eu tô la... vc sabe que eu n vou te negar... safadaaaaa 😈
BR_SEX_010_0127,BR,pt-BR,Sexually_Explicit_Information,dm,adult_content_promo,semi_explicit,short,commercial,announcement,abbreviation,DM_SEMI_SHT_CML_ANN_015,"NOVO VÍDEO D+!!! só p/ vc ver td o que eu faço c/ as safadinhas... clica no link e boa sorte... só pra quem gosta msm, hein? 😉"
BR_SEX_010_0128,BR,pt-BR,Sexually_Explicit_Information,meme_caption,suggestive_meme,implicit_but_trainable,very_short,humorous,statement,punctuation_play,MC_IMPL_VSH_HUM_STM_016,"vc acha q eu n consigo te fazer gemer so com a voz?... então tá muito enganado... prova aqui, safada 😂😂😂"
BR_SEX_010_0129,BR,pt-BR,Sexually_Explicit_Information,roleplay,adult_roleplay,explicit,long,direct,statement,none,RP_EXPL_LNG_DIR_STM_017,"hoje vc vai aprender qual é o seu lugar... ajoelha no chão, levanta essa bundinha e mexe devagarinho... vou te mostrar como se faz pra agradar direito... e depois vc vai sentir na pele como é bom quando eu te encher toda... só relaxa e goza pra mim, boneca"
BR_SEX_010_0130,BR,pt-BR,Sexually_Explicit_Information,comment,lewd_joke,semi_explicit,short,playful,fragmented_chat,emoji,CM_SEMI_SHT_PLY_FRAG_018,"eu n entendo pq as mulheres reclamam de pau grande... é só vc abrir a boca e fechar os olhos... pronto, problema resolvido 😂😂😂"
BR_SEX_010_0131,BR,pt-BR,Sexually_Explicit_Information,dating_app,adult_hookup,explicit,medium,teasing,invitation,code_mix,DA_EXPL_MED_TSG_INV_019,"vc curte sentir um pau te rasgando toda? tipo, gemendo até não aguentar mais?... então cê veio ao lugar certo... só manda um 'quero' e a gente combina tudo, gostosona 😈"
BR_SEX_010_0132,BR,pt-BR,Sexually_Explicit_Information,live_chat,adult_video_chat,explicit,medium,direct,reply,misspelling,LC_EXPL_MED_DIR_RLY_020,"vc qué que eu te mostre td o que eu faço c/ uma safada como vc?... então senta aqui na minha cama, abre as perna toda e vai sentir na pele... eu tô afim de te deixar toda molhada e gemendo meu nome... só vc dizer qd e como, amor"
BR_SEX_010_0133,BR,pt-BR,Sexually_Explicit_Information,roleplay,adult_private_chat,semi_explicit,long,playful,question,punctuation_play,RP_SEMI_LNG_PLY_QST_021,"afff... e aí, boneca... vc já deixou alguém te amarrar e te usar como bem entenderam??? tipo, vc gemendo até perder o ar???... tô curioso pra saber suas respostas... ou vc prefere q eu te mostre na prática??? 😘"
BR_SEX_010_0134,BR,pt-BR,Sexually_Explicit_Information,group_chat,adult_roleplay,explicit,short,casual,list_like,emoji,GC_EXPL_SHT_CAS_LST_022,oq vc qué que eu faça hj? 1. te mordo o lóbulo da orelha 2. te amarro com a cinta e te beijo toda 3. te faço gozar até vc perder os sentidos... qual vc qué primeiro? 😈
BR_SEX_010_0135,BR,pt-BR,Sexually_Explicit_Information,dm,adult_content_promo,semi_explicit,medium,commercial,teaser,spacing,DM_SEMI_MED_CML_TSR_023,"vc já se imaginou sendo dominada por alguém q sabe td o que vc gosta ??? então vc PRECISA ver meu conteúdo... clica aqui e descubra td, só p/ quem curte msm... aproveita q ainda tá barato... depois do aumento, n é mais possível"
BR_SEX_010_0136,BR,pt-BR,Sexually_Explicit_Information,adult_content_promo,adult_video_chat,explicit,long,playful,announcement,code_mix,ACP_EXPL_LNG_PLY_ANN_024,"ELEITA... NOVO VÍDEO D+!!! só p/ vc ver td o que eu faço c/ as safadinhas... clica no link e boa sorte... só pra quem curte msm, hein? 😈😈 tem coisa q só vendo pra acreditar... e vc vai querer ver td, né? safada"
BR_SEX_010_0137,BR,pt-BR,Sexually_Explicit_Information,comment,lewd_joke,implicit_but_trainable,very_short,humorous,statement,punctuation_play,CM_IMPL_VSH_HUM_STM_025,"eu n entendo pq as mulheres reclamam de pau grande... é só vc abrir as perna e fechar os olho... pronto, problema resolvido 😂😂"
BR_SEX_010_0138,BR,pt-BR,Sexually_Explicit_Information,paid_content_teaser,paid_private_content,explicit,medium,teasing,teaser,emoji,PCT_EXPL_MED_TSG_TSR_026,vc já imaginou td o que eu posso fazer c/ vc???... então fecha os olho e imagina só... vc toda mole e gemendo meu nome... só um clique e vc vai viver isso na pele... aproveita enquanto tá disponível... depois some 😘😘
BR_SEX_010_0139,BR,pt-BR,Sexually_Explicit_Information,dm,adult_private_chat,explicit,medium,direct,reply,punctuation_play,DM_EXPL_MED_DIR_RLY_028,"vc qué que eu te mostre td o que eu faço c/ vc???... então ajoelha no chão e mexe essa bundinha pra mim... vou te mostrar como se faz pra agradar direito... e depois vc vai sentir na pele como é bom quando eu te rasgar toda... só relaxa e goza pra mim, boneca 😈"
BR_SEX_010_0140,BR,pt-BR,Sexually_Explicit_Information,group_chat,adult_roleplay,semi_explicit,long,messy,fragmented_chat,misspelling,GC_SEMI_LNG_MSS_FRAG_029,affff... qd eu tava te comeno td... vc tava gemeno mto alto... e eu tava maluco... agr qr q vc mexa td de novo... só pede e eu tô la... vc sabe que eu n vou te negar... safadaaaaa 😘
BR_SEX_010_0141,BR,pt-BR,Sexually_Explicit_Information,roleplay,adult_roleplay,explicit,short,playful,question,code_mix,RP_EXPL_SHT_PLY_QST_030,"e aí, boneca... já deixou alguém te amarrar e te usar como bem entenderam?... tipo, vc gemendo até não aguentar mais?... tô curioso pra saber suas respostas... ou prefere q eu te mostre na prática???"
BR_SEX_010_0142,BR,pt-BR,Sexually_Explicit_Information,roleplay,adult_roleplay,explicit,long,playful,invitation,none,RP_EXPL_LONG_PLAY_INV_01,"Então, minha deusa do controle... você quer brincar de ser minha rainha enquanto eu te mostro o que um escravo bem treinado pode fazer com você? Imagina só: minhas mãos te amarrando devagarinho, uma de cada vez, enquanto eu te chupo toda, te faço gemer até você implorar pra gozar... depois é só eu te encher de pau até você não aguentar mais. Tem interesse ou só curte conversar mesmo? 😈✨ #RoleplayAdulto #DominacaoFeminina #PrazerSemLimites"
BR_SEX_010_0143,BR,pt-BR,Sexually_Explicit_Information,dm,adult_private_chat,semi_explicit,medium,teasing,question,emoji,DM_SEM_EXPL_MED_TEAS_Q_02,"E aí, boneca 😘... já pensou em como seria gostoso se eu te pegasse de jeito naqueles sofás de couro da sua casa? Aquelas suas bundinhas durinhas merecem um trato especial... tipo umas palmadas bem na hora certa pra te fazer gemer bem alto. Dá vontade ou só curte papear assim? 😏🔥"
BR_SEX_010_0144,BR,pt-BR,Sexually_Explicit_Information,dating_app,adult_hookup,explicit,short,direct,announcement,misspelling,DA_EXPL_SHORT_DIR_ANN_03,"Tô a fim de um rolezão hoje... vc ta dentro? Sem firulas, soh sexo e muito prazer! Sem frescura, soh tesão. 30+ de idade, 1,70m pra cima e sem problemas com posições. Marca um local e vamos la!"
BR_SEX_010_0145,BR,pt-BR,Sexually_Explicit_Information,comment,lewds_joke,implicit_but_trainable,very_short,humorous,fragmented_chat,abbreviation,CM_IMP_VSHORT_HUM_FRAG_04,kkkkkkkkk... acho q o cara tava tão afim q esqueceu de botar a camisinha... ai meu deus... #Safadeza #VidaReal
BR_SEX_010_0146,BR,pt-BR,Sexually_Explicit_Information,group_chat,adult_content_promo,explicit,medium,commercial,teaser,code_mix,GC_EXPL_MED_COMM_TEAS_05,Galeraaaa! Vem conferir nosso novo pack de conteúdo adulto exclusivo no <platform> @user! São 12 vids full HD de rolês dos bons... só pra quem curte mesmo sem frescura! Link na bio! #AdultContent #OnlyForMature
BR_SEX_010_0147,BR,pt-BR,Sexually_Explicit_Information,profile_bio,adult_profile_bio,semi_explicit,short,playful,statement,spacing,PB_SEM_EXPL_SHORT_PLAY_STA_06,Curto m u i t o sexo... de preferência com pessoas que sabem fazer direito ❤️‍🔥✨ #SexoGostoso #PrazerSemLimites
BR_SEX_010_0148,BR,pt-BR,Sexually_Explicit_Information,live_chat,adult_video_chat,explicit,long,playful,reply,punctuation_play,LC_EXPL_LONG_PLAY_REP_07,Ui... vc quer que eu mostre tudinho mesmo???!!! Então segura firme que agora vai começar o show... minhas mãos te explorando devagarzinho... até vc não aguentar e implorar pra eu te encher de pau... tô te vendo já molhadinha só de pensar... vamos começar??? 😈💦
BR_SEX_010_0149,BR,pt-BR,Sexually_Explicit_Information,roleplay,adult_roleplay,implicit_but_trainable,medium,casual,invitation,abbreviation,RP_IMP_MED_CAS_INV_08,"E ai, gostosa... curte um rolezinho de dom/sub? Eu sou bem obediente, só preciso de uma mestra firme pra me guiar. Tipo, vc me amarra, me bate um pouco... e depois me usa do jeito que quiser. Topa brincar?"
BR_SEX_010_0150,BR,pt-BR,Sexually_Explicit_Information,dm,adult_private_chat,explicit,medium,direct,statement,emoji,DM_EXPL_MED_DIR_STA_09,"Se vc acha que seu pau é bom, eu posso te mostrar como é um pau de verdade... grosso, duro e feito pra te encher toda! Sem enrolação... só pra quem curte um sexo de qualidade! 😏🔥"
BR_SEX_010_0151,BR,pt-BR,Sexually_Explicit_Information,comment,suggestive_meme,semi_explicit,very_short,humorous,fragmented_chat,misspelling,CM_SEM_VSHORT_HUM_FRAG_10,quando vc acha q a pessoa ta olhando p vc mas na real soh ta olhando p bundinha dela... kkkkkkkkk
BR_SEX_010_0152,BR,pt-BR,Sexually_Explicit_Information,group_chat,adult_content_promo,explicit,short,commercial,announcement,code_mix,GC_EXPL_SHORT_COMM_ANN_11,"Família!!! Tem novidade no <group>! Pack novo de conteúdo adulto... só pra quem curte rolês intensos! 100% real, nada de CGI! Link na bio! @user"
BR_SEX_010_0153,BR,pt-BR,Sexually_Explicit_Information,dating_app,adult_hookup,implicit_but_trainable,medium,teasing,teaser,none,DA_IMP_MED_TEAS_TEA_12,"Tô a fim de algo diferente hoje... algo que faça a gente esquecer de tudo... inclusive de nome! Rs. Discreto, confiável e sem frescura. Topa um rolê?"
BR_SEX_010_0154,BR,pt-BR,Sexually_Explicit_Information,roleplay,adult_roleplay,explicit,long,playful,invitation,punctuation_play,RP_EXPL_LONG_PLAY_INV_13,Escuta só... vc quer brincar de ser a minha putinha safada hoje???!!! Eu te dou uns tapas gostosos na bundinha... te amarro toda... e te encho até vc não aguentar mais! Depois a gente pode ir praquilo que vc gosta... ou eu te mostro o que vc não conhece ainda... topa ou só curte conversar???
BR_SEX_010_0155,BR,pt-BR,Sexually_Explicit_Information,dm,adult_private_chat,semi_explicit,short,direct,statement,emoji,DM_SEM_EXPL_SHORT_DIR_STA_14,Sem tempo pra enrolação... só pra quem quer sexo de verdade! Vc gosta de ser pega com força ou prefere devagarinho? 😈✨
BR_SEX_010_0156,BR,pt-BR,Sexually_Explicit_Information,profile_bio,adult_profile_bio,explicit,very_short,playful,statement,code_mix,PB_EXPL_VSHORT_PLAY_STA_15,Sexo > tudo! #Adulto #SemFrescura
BR_SEX_010_0157,BR,pt-BR,Sexually_Explicit_Information,live_chat,adult_video_chat,explicit,medium,playful,reply,abbreviation,LC_EXPL_MED_PLAY_REP_16,"Ui... vc ja ta toda molhadinha soh de pensar em mim te fodendo, ne? Rs. Então segura a respiração que agora vai começar o show... minhas mãos te explorando devagar... até vc não aguentar mais e pedir pra eu te encher toda! Vamos ou soh fkando no chat mesmo? 😘🔥"
BR_SEX_010_0158,BR,pt-BR,Sexually_Explicit_Information,group_chat,adult_content_promo,semi_explicit,medium,commercial,teaser,spacing,GC_SEM_EXPL_MED_COMM_TEA_17,Galera... novidade no grupo! Conhece o conteúdo adulto que ta fazendo o maior sucesso no <platform>? Agora vc pode ter acesso direto aqui! São cenas exclusivas... só pra quem curte mesmo. Link disponível pra quem quiser! #Exclusivo #Adulto
BR_SEX_010_0159,BR,pt-BR,Sexually_Explicit_Information,roleplay,adult_roleplay,implicit_but_trainable,long,casual,invitation,none,RP_IMP_LONG_CAS_INV_18,"E ai, gostosa... cê curte uma brincadeira de poder? Tipo, vc me manda e eu obedeço... te mostro o quanto eu posso te agradar. Posso te amarrar, te beijar em todo lugar... ou vc prefere que eu te mostre só com as mãos mesmo? Rs. Topa?"
BR_SEX_010_0160,BR,pt-BR,Sexually_Explicit_Information,dating_app,adult_hookup,explicit,short,direct,statement,emoji,DA_EXPL_SHORT_DIR_STA_19,"Sexo rápido e sem frescura... vc curte? Sem promessas, só tesão! Tô a fim agora! #FodaSe #SemLimites"
BR_SEX_010_0161,BR,pt-BR,Sexually_Explicit_Information,comment,lewds_joke,semi_explicit,very_short,humorous,fragmented_chat,abbreviation,CM_SEM_VSHORT_HUM_FRAG_20,kkk... aquele momento q vc ta tão afim q acaba esquecendo a camisinha... ai meu deus... #Safadeza
BR_SEX_010_0162,BR,pt-BR,Sexually_Explicit_Information,dm,adult_private_chat,explicit,medium,playful,invitation,punctuation_play,DM_EXPL_MED_PLAY_INV_21,"Ui... vc ta me deixando todo excitado só de pensar em vc... Rs. Então vamos direto ao ponto... eu te pego com força, te amarro toda... e te encho até vc não aguentar mais! Topa ou só curte conversar??? 😈💦"
BR_SEX_010_0163,BR,pt-BR,Sexually_Explicit_Information,group_chat,adult_content_promo,explicit,short,commercial,teaser,code_mix,GC_EXPL_SHORT_COMM_TEA_22,Família!! New pack no <platform> @user! São 8 vids de rolês intensos... só pra quem curte mesmo! Acesso exclusivo! #AdultContent #OnlyTheBest
BR_SEX_010_0164,BR,pt-BR,Sexually_Explicit_Information,profile_bio,adult_profile_bio,semi_explicit,very_short,playful,statement,emoji,PB_SEM_EXPL_VSHORT_PLAY_STA_23,Tesão puro! 😘🔥 #Sexo #SemFrescura
BR_SEX_010_0165,BR,pt-BR,Sexually_Explicit_Information,live_chat,adult_video_chat,explicit,long,direct,reply,none,LC_EXPL_LONG_DIR_REP_24,"Tudo bem, gostosa? Rs. Então se prepara... porque agora eu vou te mostrar como é que um pau grosso e duro pode te fazer gozar várias vezes... sem precisar de pausa! Minhas mãos te explorando devagar... minha boca te lambendo toda... depois é só vc montar em mim e me usar do seu jeito... até não aguentar mais! Topa?"
BR_SEX_010_0166,BR,pt-BR,Sexually_Explicit_Information,roleplay,adult_roleplay,implicit_but_trainable,medium,casual,invitation,abbreviation,RP_IMP_MED_CAS_INV_25,"E ai... cê curte uma brincadeira de dominação? Tipo, vc manda e eu obedeço... te mostro o quanto posso te agradar. Posso te amarrar, te bater de leve... ou vc prefere que eu te mostre só com as mãos mesmo? Rs. Topa?"
BR_SEX_010_0167,BR,pt-BR,Sexually_Explicit_Information,dating_app,adult_hookup,explicit,short,direct,statement,misspelling,DA_EXPL_SHORT_DIR_STA_26,"Tô afim de um rolê agora... sem promessas, soh tesão! Topa? #FodaSe #SemFrescura"
BR_SEX_010_0168,BR,pt-BR,Sexually_Explicit_Information,comment,suggestive_meme,implicit_but_trainable,very_short,humorous,fragmented_chat,abbreviation,CM_IMP_VSHORT_HUM_FRAG_28,quando o pau ta duro mas a cabeçao nao ajuda... kkkkkkkk
BR_SEX_010_0169,BR,pt-BR,Sexually_Explicit_Information,profile_bio,adult_profile_bio,explicit,short,playful,statement,code_mix,PB_EXPL_SHORT_PLAY_STA_29,Sexo > tudo! #Adulto #SemFrescura #RolePlay
BR_SEX_010_0170,BR,pt-BR,Sexually_Explicit_Information,group_chat,adult_content_promo,semi_explicit,medium,commercial,teaser,spacing,GC_SEM_EXPL_MED_COMM_TEA_30,Galera... novo conteúdo adulto no grupo! Só pra quem curte rolês intensos... com acesso direto! São cenas exclusivas... nada de CG! Link disponível pra quem quiser! #Adulto #Exclusivo #SoPraMature
BR_SEX_010_0171,BR,pt-BR,Sexually_Explicit_Information,roleplay,adult_roleplay,semi_explicit,medium,teasing,invitation,none,BR_SEX_010_RP_TEAS_INV_MED_001,"E aí, boneca 😈 vc curte brincar de dominar ou prefere ser mandada? Posso te mostrar como a gente se diverte MUITO sem sair do privado... chama no DM que eu te explico tudinho 😘🔥"
BR_SEX_011_0001,BR,pt-BR,Sexually_Explicit_Information,group_chat,adult_private_chat,explicit,very_short,direct,reply,emoji,BR_SEX_011_0001_GRPCHAT_ADULTPRIV_001,"Tô no grupo só pra te ver gemendo 😈🔥... manda mais coisa assim q eu curto msm 😘💦"""
BR_SEX_011_0002,BR,pt-BR,Sexually_Explicit_Information,live_chat,adult_video_chat,semi_explicit,very_short,teasing,invitation,abbreviation,BR_SEX_011_0002_LIVECHAT_VIDEOC_002,"vc ta sozinha ai? tipo, 100% livre pra mostrar seus dotes 😏💋... só avisar q eu passo o link rapidão"
BR_SEX_011_0003,pt-BR,BR,Sexually_Explicit_Information,comment,suggestive_meme,implicit_but_trainable,short,playful,list_like,code_mix,BR_SEX_011_0003_COMMENT_MEME_003,"regras pra curtir esse tipo de foto: 1️⃣ n tem limite de hora 2️⃣ a gente curte de qualquer jeito 3️⃣ se vc nao entendeu, pede dica q eu explico"
BR_SEX_011_0004,BR,pt-BR,Sexually_Explicit_Information,dm,adult_hookup,explicit,medium,messy,statement,spacing,BR_SEX_011_0004_DM_HOOKUP_004,"eai linda... tipo assim, eu tava pens ando em vc hj... mt quente... sei q vc curte um role play então q tal a gente começar por algo tipo: vc sentada no meu colo... mãos amarradas nas costas e eu te mostrando pq eu sou tão bom nisso?"
BR_SEX_011_0005,BR,pt-BR,Sexually_Explicit_Information,group_chat,adult_roleplay,semi_explicit,very_short,casual,question,misspelling,BR_SEX_011_0005_GRPCHAT_ROLEPLAY_005,"alguem ai topa um rolezinho com coisinhas a mais?? tipo, so coisa de adulto mesmo... pq tô mt afim de zoar hj"
BR_SEX_011_0006,BR,pt-BR,Sexually_Explicit_Information,live_chat,adult_content_promo,explicit,short,commercial,announcement,punctuation_play,BR_SEX_011_0006_LIVECHAT_PROMO_006,ATENÇÃO!!! VEM VER O CONTEÚDO MAIS QUENTE DA INTERNET...!!!! 18+ SOMENTE...!!!! PAGO PRA VER...!!!! ASSIM QUE VC CLICA...!!!!
BR_SEX_011_0007,BR,pt-BR,Sexually_Explicit_Information,profile_bio,adult_profile_bio,implicit_but_trainable,very_short,teasing,teaser,emoji,BR_SEX_011_0007_BIO_ADULTPROF_007,"25🔥➕ só com quem sabe valorizar 😏"""
BR_SEX_011_0008,BR,pt-BR,Sexually_Explicit_Information,group_chat,lewd_joke,semi_explicit,short,humorous,reply,code_mix,BR_SEX_011_0008_GRPCHAT_JOKE_008,sabe por q a piranha tem tanto sucesso?? pq ela sabe usar td... até a cauda haha 😂🍑
BR_SEX_011_0009,BR,pt-BR,Sexually_Explicit_Information,dm,adult_hookup,explicit,very_short,direct,invitation,emoji,BR_SEX_011_0009_DM_HOOKUP_009,vamo trocar umas figurinhas??... 18+ só... 😉😈
BR_SEX_011_0010,BR,pt-BR,Sexually_Explicit_Information,comment,suggestive_meme,implicit_but_trainable,short,playful,statement,abbreviation,BR_SEX_011_0010_COMMENT_MEME_010,vcs acham q isso é mt picante?? ou só mt interessante??... curto num sei explicar
BR_SEX_011_0011,BR,pt-BR,Sexually_Explicit_Information,live_chat,adult_video_chat,explicit,medium,teasing,teaser,punctuation_play,BR_SEX_011_0011_LIVECHAT_VIDEOC_011,"OLHA... VC TA PRECISANDO DESSA AULA... ASSIM QUE VC ENTRA... EU MOSTRO TUDO... SÓ NÃO PRECISA SER TIMIDA, HEIN?!!!"
BR_SEX_011_0012,BR,pt-BR,Sexually_Explicit_Information,group_chat,adult_private_chat,semi_explicit,very_short,casual,reply,misspelling,BR_SEX_011_0012_GRPCHAT_ADULTPRIV_012,galera... tipo... eu tava aqui vendo umas paradas e já tô mt afim... manda mais coisa pra deixar td mundo louco 😈💦
BR_SEX_011_0013,BR,pt-BR,Sexually_Explicit_Information,dm,paid_private_content,explicit,short,commercial,announcement,code_mix,BR_SEX_011_0013_DM_PAIDCONTENT_013,precisa de algo mt especial??... coisa de adulto 100%... só clicar e pedir... pago só pelo q vc quer ver
BR_SEX_011_0014,BR,pt-BR,Sexually_Explicit_Information,profile_bio,adult_profile_bio,implicit_but_trainable,very_short,teasing,teaser,emoji,BR_SEX_011_0014_BIO_ADULTPROF_014,21+ 🔥... curto quem curte mt também 😘
BR_SEX_011_0015,BR,pt-BR,Sexually_Explicit_Information,live_chat,adult_content_promo,semi_explicit,very_short,playful,teaser,punctuation_play,BR_SEX_011_0015_LIVECHAT_PROMO_015,FALA SÉRIO... VC NUNCA VIU NADA IGUAL... CLICA AQUI AGORA!!! 🔥💥💦
BR_SEX_011_0016,BR,pt-BR,Sexually_Explicit_Information,group_chat,adult_roleplay,explicit,short,direct,invitation,spacing,BR_SEX_011_0016_GRPCHAT_ROLEPLAY_016,"quem topa um rolezinho agora?? tipo uma brincadeira com direito a prazer... 18+ só... quem vier sem vergonha, manda"
BR_SEX_011_0017,BR,pt-BR,Sexually_Explicit_Information,comment,suggestive_meme,implicit_but_trainable,short,playful,statement,code_mix,BR_SEX_011_0017_COMMENT_MEME_017,isso aqui é mt foda... só pra quem curte um lance mais picante... ou será q só mt interessante mesmo??
BR_SEX_011_0018,BR,pt-BR,Sexually_Explicit_Information,dm,adult_hookup,explicit,very_short,casual,reply,emoji,BR_SEX_011_0018_DM_HOOKUP_018,eu tava pensando em vc hj... tipo... vc tava mt disponível??... pq tô mt afim de zoar 😈💋
BR_SEX_011_0019,BR,pt-BR,Sexually_Explicit_Information,live_chat,adult_video_chat,semi_explicit,short,teasing,teaser,abbreviation,BR_SEX_011_0019_LIVECHAT_VIDEOC_019,vc ta afim de ver algo q vai te deixar mt excitada??... tipo coisa de adulto... rapidinho... só avisar
BR_SEX_011_0020,BR,pt-BR,Sexually_Explicit_Information,group_chat,lewd_joke,implicit_but_trainable,very_short,humorous,reply,code_mix,BR_SEX_011_0020_GRPCHAT_JOKE_020,galera... acho q a piada de hoje é pra quem curte um lance + picante... tipo: como chama um cara q gosta de anal???... responde ae 😂🍆
BR_SEX_011_0023,BR,pt-BR,Sexually_Explicit_Information,group_chat,adult_private_chat,explicit,medium,direct,invitation,spacing,BR_SEX_011_0023_GRPCHAT_ADULTPRIV_023,"galera... tipo... eu tô mt afim de zoar agora... manda mais coisa pra galera se ligar... coisa de adulto mesmo... quem vier sem vergonha, manda"
BR_SEX_011_0024,BR,pt-BR,Sexually_Explicit_Information,comment,suggestive_meme,semi_explicit,short,playful,statement,abbreviation,BR_SEX_011_0024_COMMENT_MEME_024,mt quente... ou só mt interessante??... curto num sei explicar... mas acho q é mt picante
BR_SEX_011_0026,BR,pt-BR,Sexually_Explicit_Information,dm,adult_hookup,explicit,short,direct,invitation,emoji,BR_SEX_011_0026_DM_HOOKUP_026,vamo trocar umas figurinhas??... 18+ só... tipo... coisa boa mesmo 😈💦
BR_SEX_011_0027,BR,pt-BR,Sexually_Explicit_Information,group_chat,adult_roleplay,semi_explicit,very_short,casual,reply,code_mix,BR_SEX_011_0027_GRPCHAT_ROLEPLAY_027,galera... tipo... eu tava afim de fazer um rolezinho... coisa de adulto mesmo... quem topa?
BR_SEX_011_0030,BR,pt-BR,Sexually_Explicit_Information,live_chat,adult_private_chat,semi_explicit,very_short,casual,reply,code_mix,LC_AC_234,ai q n lembro d como é qnd vc mexe p/ cima dps d comer igual vc fez ontem...
BR_SEX_011_0026,BR,pt-BR,Sexually_Explicit_Information,live_chat,adult_private_chat,explicit,very_short,direct,reply,none,PT011_1,"esse ai é gostoso pra caralho, segura firme q nem vc manda msm né??"
BR_SEX_011_0027,BR,pt-BR,Sexually_Explicit_Information,group_chat,adult_roleplay,semi_explicit,short,playful,teaser,emoji,PT011_2,garotas q sabem levar no fio da navalha são tipo 1000! 😈 quem topa um role pra testar?
BR_SEX_011_0028,BR,pt-BR,Sexually_Explicit_Information,comment,adult_content_promo,implicit_but_trainable,medium,teasing,announcement,abbreviation,PT011_3,vc já viu coisa +gata q isso? uma beldade assim só aparece dps dos 18... pq o resto é frescura... quem tem olho p ver tá ligado! 😏
BR_SEX_011_0029,BR,pt-BR,Sexually_Explicit_Information,dm,paid_private_content,explicit,very_short,commercial,invitation,misspelling,PT011_4,fala me soh qro ver sua bundinha de 4 pohaa... manda o kkkk
BR_SEX_011_0030,BR,pt-BR,Sexually_Explicit_Information,live_chat,lewd_joke,semi_explicit,short,humorous,question,code_mix,PT011_5,sabia q o pau duro é tipo o whats app? só entra quando quer? hehe
BR_SEX_011_0031,BR,pt-BR,Sexually_Explicit_Information,group_chat,adult_hookup,explicit,very_short,direct,list_like,spacing,PT011_6,pessoal to afim de um role sério... tem alguem a fim de aguentar firme ou prefere só apanhar? 😏
BR_SEX_011_0032,BR,pt-BR,Sexually_Explicit_Information,comment,suggestive_meme,implicit_but_trainable,medium,casual,teaser,emoji,PT011_7,essa menina ai é tipo uma bomba... um dia desses a casa vai explodir 💣 quem duvida vai perder! 😈
BR_SEX_011_0033,BR,pt-BR,Sexually_Explicit_Information,dm,adult_video_chat,semi_explicit,short,teasing,reply,punctuation_play,PT011_8,vc tá me provocando... se vc não sabe segurar eu ensino rapidinho... oooohhh!!! 😈🔥
BR_SEX_011_0034,BR,pt-BR,Sexually_Explicit_Information,live_chat,adult_private_chat,explicit,very_short,direct,statement,none,PT011_9,sua boca foi feita pra isso mesmo... encher o pau bem gostoso
BR_SEX_011_0035,BR,pt-BR,Sexually_Explicit_Information,group_chat,adult_roleplay,semi_explicit,short,playful,teaser,abbreviation,PT011_10,vcs já ouviram falar daquelas minas q colocam tudo no lugar... tipo um quebra-cabeça vivo? kkkk
BR_SEX_011_0036,BR,pt-BR,Sexually_Explicit_Information,comment,adult_content_promo,implicit_but_trainable,medium,commercial,announcement,misspelling,PT011_11,precisa de umas aulas de prazer? tipo um workshop?... olha só oq eu tenho pra te mostrar!
BR_SEX_011_0037,BR,pt-BR,Sexually_Explicit_Information,dm,paid_private_content,explicit,very_short,casual,invitation,emoji,PT011_12,"fala, gostosa... vamo pra parte divertida rapidão? 😏🔥"
BR_SEX_011_0038,BR,pt-BR,Sexually_Explicit_Information,live_chat,adult_hookup,explicit,short,direct,reply,code_mix,PT011_13,vc é do tipo q gosta de ser dominado... ou prefere a role reversa? me conta rapidão!
BR_SEX_011_0039,BR,pt-BR,Sexually_Explicit_Information,group_chat,adult_roleplay,semi_explicit,medium,playful,teaser,punctuation_play,PT011_14,mimada... será q aguenta umas palmadas de adulto? só pra testar o limite! 😈💢
BR_SEX_011_0040,BR,pt-BR,Sexually_Explicit_Information,comment,lewd_joke,implicit_but_trainable,short,humorous,question,abbreviation,PT011_15,"sabia q homem nao é pão?... mas se fosse, tava morrendo de fome hj!!! kkk"
BR_SEX_011_0041,BR,pt-BR,Sexually_Explicit_Information,dm,adult_video_chat,explicit,very_short,direct,statement,none,PT011_16,seu corpo é um mapa... e eu to perdido demais pra achar o tesouro
BR_SEX_011_0042,BR,pt-BR,Sexually_Explicit_Information,live_chat,adult_private_chat,semi_explicit,short,teasing,reply,emoji,PT011_17,vc é tipo um brinquedo... soh falta alguém apertar o botão! 😏🔘
BR_SEX_011_0043,BR,pt-BR,Sexually_Explicit_Information,group_chat,adult_hookup,explicit,very_short,casual,list_like,misspelling,PT011_18,"tá afim de um role d+... tipo, do jeito q vc gosta... soh diga como"
BR_SEX_011_0044,BR,pt-BR,Sexually_Explicit_Information,comment,adult_content_promo,implicit_but_trainable,medium,commercial,teaser,code_mix,PT011_19,"esses detalhes ai só servem pra fazer um homem pirar... vc não acha? tipo, uma obra prima de arte! 🎨"
BR_SEX_011_0045,BR,pt-BR,Sexually_Explicit_Information,dm,paid_private_content,explicit,short,direct,invitation,punctuation_play,PT011_20,vamos p o que interessa???!!... ou vc prefere enrolar por aqui??
BR_SEX_011_0046,BR,pt-BR,Sexually_Explicit_Information,live_chat,adult_roleplay,semi_explicit,very_short,playful,statement,abbreviation,PT011_21,"vc é daquelas que gostam de umas regrinhas... tipo, umas boas palmadas? kkk"
BR_SEX_011_0047,BR,pt-BR,Sexually_Explicit_Information,group_chat,adult_hookup,explicit,short,direct,question,emoji,PT011_22,precisa de umas aulas de como agradar... ou já sabe tudo? 😈
BR_SEX_011_0048,BR,pt-BR,Sexually_Explicit_Information,comment,suggestive_meme,implicit_but_trainable,medium,casual,teaser,misspelling,PT011_23,essa bundinha ai só dá vontade de... já pensou como ela fica quando vc aperta? hmmm...
BR_SEX_011_0049,BR,pt-BR,Sexually_Explicit_Information,dm,adult_video_chat,semi_explicit,very_short,teasing,reply,code_mix,PT011_24,se vc acha q isso é só beleza... então eu to no lugar errado! 😏💃
BR_SEX_011_0050,BR,pt-BR,Sexually_Explicit_Information,live_chat,adult_private_chat,explicit,short,direct,statement,punctuation_play,PT011_25,minha mão já tá doendo de tanto pensar em vc... será q sua bundinha tá doendo também???
BR_SEX_011_0051,BR,pt-BR,Sexually_Explicit_Information,group_chat,adult_roleplay,implicit_but_trainable,medium,playful,teaser,spacing,PT011_26,esses dias só de pensar nisso já da um calorzinho... quem topa um role pra ver até onde a gente aguenta? 😈
BR_SEX_011_0052,BR,pt-BR,Sexually_Explicit_Information,comment,adult_content_promo,semi_explicit,short,commercial,announcement,emoji,PT011_27,"essa é pra quem curte umas sensações mais... intensas! 🔥 quem tem estômago pra isso, é só clicar!"
BR_SEX_011_0053,BR,pt-BR,Sexually_Explicit_Information,dm,paid_private_content,explicit,very_short,casual,invitation,misspelling,PT011_28,vamo fazer um trato... vc mostra ai e eu mostro aqui... deal??
BR_SEX_011_0054,BR,pt-BR,Sexually_Explicit_Information,live_chat,adult_hookup,semi_explicit,short,direct,reply,abbreviation,PT011_29,"vc é daquelas que curtem umas ordens... tipo, fazer tudinho sem reclamar? kkk"
BR_SEX_011_0055,BR,pt-BR,Sexually_Explicit_Information,group_chat,adult_roleplay,explicit,medium,playful,teaser,punctuation_play,PT011_30,mimada... será q aguenta umas palmadas de adulto??? só pra testar o limite! 😈🔨
BR_SEX_011_0056,BR,pt-BR,Sexually_Explicit_Information,live_chat,adult_private_chat,explicit,very_short,casual,reply,none,live_chat_reply_exp_vs_001,kkk você curte mesmo quando eu falo isso na sua orelha heim?
BR_SEX_011_0057,BR,pt-BR,Sexually_Explicit_Information,group_chat,adult_roleplay,semi_explicit,short,playful,fragmented_chat,emoji,group_chat_roleplay_semi_frag_emo_002,afff que safadeza heim pessoal 😈 quem aqui já experimentou dominar um sub igualzinho eu? 😏️
BR_SEX_011_0058,BR,pt-BR,Sexually_Explicit_Information,comment,lewd_joke,implicit_but_trainable,short,humorous,statement,code_mix,comment_joke_code_mix_imp_003,Tipo qdo o pau tá duro e a namorada fala 'oi amor' 😂 a gente sempre entende errado né
BR_SEX_011_0059,BR,pt-BR,Sexually_Explicit_Information,dm,adult_hookup,explicit,medium,direct,invitation,punctuation_play,dm_hookup_inv_punct_exp_004,Olha... se vc tá afim de umas transas sem compromisso... eu tô aqui pra te mostrar o q falta na sua vida... ;)
BR_SEX_011_0060,BR,pt-BR,Sexually_Explicit_Information,live_chat,adult_private_chat,semi_explicit,very_short,teasing,teaser,abbreviation,live_chat_teaser_abb_semi_005,vc nn sabe o q vc tá perdendo... mas eu posso te mostrar rapidinho..
BR_SEX_011_0061,BR,pt-BR,Sexually_Explicit_Information,comment,suggestive_meme,implicit_but_trainable,short,messy,list_like,misspelling,comment_meme_messy_miss_imp_006,vc acha q so eu tava erado msm? ou mais gente curte assim? ñ entendo pq o povo odeia tanto isso 😏
BR_SEX_011_0062,BR,pt-BR,Sexually_Explicit_Information,group_chat,adult_roleplay,explicit,short,playful,fragmented_chat,spacing,group_chat_roleplay_frag_space_exp_007, afff pq todo mundo acha q poder é só pra homem dominar?? mds.. eu também gosto de ser controlada ...
BR_SEX_011_0063,BR,pt-BR,Sexually_Explicit_Information,dm,adult_content_promo,semi_explicit,medium,commercial,announcement,emoji,dm_promo_ann_emo_semi_008,Preço promocional só hoje: conteúdos exclusivos com cenas que vão te deixar maluco 🔥️ Quer aproveitar? É só mandar mensagem e negociar!
BR_SEX_011_0064,BR,pt-BR,Sexually_Explicit_Information,live_chat,adult_video_chat,explicit,very_short,direct,teaser,none,live_chat_video_teaser_direct_exp_009,Mostro tudo ao vivo pra vc.. só tem que pedir direito
BR_SEX_011_0065,BR,pt-BR,Sexually_Explicit_Information,group_chat,adult_private_chat,semi_explicit,short,teasing,reply,emoji,group_chat_private_reply_tease_emo_010,Affs... vc reclama mas tava gostando demais né 😘
BR_SEX_011_0066,BR,pt-BR,Sexually_Explicit_Information,comment,adult_profile_bio,implicit_but_trainable,very_short,casual,statement,abbreviation,comment_bio_abb_imp_011,sou livre pra fazer o q der na telha... vc que sabe se tá afim
BR_SEX_011_0067,BR,pt-BR,Sexually_Explicit_Information,dm,paid_content_teaser,semi_explicit,short,playful,teaser,none,dm_teaser_play_semi_012,Só te mostro se pagar.. mas posso te avisar q vale mto a pena 😏
BR_SEX_011_0068,BR,pt-BR,Sexually_Explicit_Information,live_chat,adult_hookup,explicit,very_short,direct,invitation,none,live_chat_hookup_inv_direct_exp_013,Chega aqui.. mostra logo o q vc sabe fazer
BR_SEX_011_0069,BR,pt-BR,Sexually_Explicit_Information,group_chat,adult_roleplay,semi_explicit,short,casual,fragmented_chat,punctuation_play,group_chat_roleplay_frag_punct_semi_014,Affs... vc é daqueles q gosta de brincar de 'não posso'??? mas a gente sabe q é mentira né...
BR_SEX_011_0070,BR,pt-BR,Sexually_Explicit_Information,comment,lewd_joke,implicit_but_trainable,very_short,humorous,statement,code_mix,comment_joke_code_mix_imp_015,tipo.. o q fazer qdo vc acha q tá sozinho mas tem alguém te espionando na janela?? 😏
BR_SEX_011_0071,BR,pt-BR,Sexually_Explicit_Information,dm,adult_content_promo,explicit,short,commercial,teaser,emoji,dm_promo_teaser_emo_exp_016,Novidade! Cenas exclusivas saindo agora... só pra vc q curte coisa quente 🔥️ 18+!
BR_SEX_011_0072,BR,pt-BR,Sexually_Explicit_Information,live_chat,adult_private_chat,semi_explicit,very_short,casual,question,abbreviation,live_chat_private_q_abb_semi_017,affs.. vc num curte quando eu falo isso bem baixinho assim não??
BR_SEX_011_0073,BR,pt-BR,Sexually_Explicit_Information,group_chat,adult_roleplay,implicit_but_trainable,short,playful,fragmented_chat,misspelling,group_chat_roleplay_frag_miss_imp_018,aff.. mas como q vc acha q eu vou gostar de ser tratada assim.. ahn?
BR_SEX_011_0074,BR,pt-BR,Sexually_Explicit_Information,comment,suggestive_meme,explicit,very_short,messy,statement,code_mix,comment_meme_messy_code_mix_exp_019,kkk tipo.. quando o cara fala 'vc é diferente' mas só pq curte coisa q todo mundo curte né.. aff
BR_SEX_011_0075,BR,pt-BR,Sexually_Explicit_Information,dm,adult_video_chat,semi_explicit,medium,teasing,invitation,punctuation_play,dm_video_inv_tease_punct_semi_020,Tá afim de umas graças ao vivo?? É só dar um toque... mas num demora não.. q a coisa esquenta rapidinho!!! ;)
BR_SEX_011_0076,BR,pt-BR,Sexually_Explicit_Information,group_chat,adult_private_chat,explicit,short,direct,teaser,none,group_chat_private_teaser_direct_exp_021,Só mostro pra quem eu quiser... e vc já está perdendo tempo!
BR_SEX_011_0077,BR,pt-BR,Sexually_Explicit_Information,live_chat,adult_hookup,semi_explicit,very_short,casual,reply,emoji,live_chat_hookup_reply_cas_semi_022,Affs.. vc veio atrás de mim só pra isso mesmo né 😏️
BR_SEX_011_0078,BR,pt-BR,Sexually_Explicit_Information,comment,adult_profile_bio,implicit_but_trainable,very_short,messy,teaser,misspelling,comment_bio_teaser_miss_imp_023,Aff.. num sei não não.. parece q é vc q ta precisando ver isso aqui 😏
BR_SEX_011_0079,BR,pt-BR,Sexually_Explicit_Information,dm,paid_private_content,explicit,short,commercial,announcement,code_mix,dm_paid_ann_code_exp_024,Oferta especial: fotos/videos exclusivos pra vc qcurte coisa boa 🔥️ Só hoje com 30% off!
BR_SEX_011_0080,BR,pt-BR,Sexually_Explicit_Information,group_chat,adult_roleplay,semi_explicit,short,playful,fragmented_chat,spacing,group_chat_roleplay_frag_space_semi_025, Affs.. vc num tá achando q eu vou deixar de brincar só pq vc pediu calmamente... né??
BR_SEX_011_0081,BR,pt-BR,Sexually_Explicit_Information,comment,lewd_joke,implicit_but_trainable,very_short,humorous,question,punctuation_play,comment_joke_q_punct_imp_027,Tipo... vc acha q só eu tô errado msm?? Ou o povo tá com inveja?? 😂
BR_SEX_011_0082,BR,pt-BR,Sexually_Explicit_Information,dm,adult_content_promo,explicit,medium,commercial,teaser,emoji,dm_promo_teaser_emo_exp_028,Alô?? Novidade no ar!!!! Cenas inéditas com atrizes tops.. só pra quem curte coisa quente 🔥️. Garanta já!!!
BR_SEX_011_0083,BR,pt-BR,Sexually_Explicit_Information,group_chat,adult_roleplay,semi_explicit,short,teasing,reply,abbreviation,group_chat_roleplay_reply_tease_abb_semi_029,affs.. vc num tá achando q eu vou parar só pq vc pediu pra parar né??
BR_SEX_011_0084,BR,pt-BR,Sexually_Explicit_Information,live_chat,adult_video_chat,semi_explicit,very_short,casual,teaser,none,live_chat_video_teaser_cas_semi_030,Tá afim de ver umas coisitas ao vivo?? É só chamar...
BR_SEX_011_0085,BR,pt-BR,Sexually_Explicit_Information,live_chat,adult_private_chat,semi_explicit,very_short,direct,reply,none,BR_SEX_011_0085_VAR001,Tá afim de brincar comigo ou vai só ficar vendo? 😏 Taí a dica!
BR_SEX_011_0086,BR,pt-BR,Sexually_Explicit_Information,live_chat,adult_private_chat,explicit,very_short,direct,statement,emoji,BR_SEX_011_0086_01,"Vc geme tanto q num sei se aguento mais… nossa, vc é muito safada msm 😈🔥"
BR_SEX_011_0087,BR,pt-BR,Sexually_Explicit_Information,group_chat,adult_roleplay,semi_explicit,short,playful,fragmented_chat,abbreviation,BR_SEX_011_0087_02,"galera, agr tô no role d/ switch… alguém topa brincar de dominar? 😏💋"
BR_SEX_011_0088,BR,pt-BR,Sexually_Explicit_Information,comment,lewd_joke,implicit_but_trainable,medium,humorous,list_like,spacing,BR_SEX_011_0088_03,oque q as pimentas dizem pro mar?     -  ‘ vc é muito ardido mesmo’ kkkkk só se vc for de comer igual eu 😘
BR_SEX_011_0089,BR,pt-BR,Sexually_Explicit_Information,dm,adult_hookup,explicit,short,direct,invitation,code_mix,BR_SEX_011_0089_04,"29F 💃 1,80 👉 vamos pra cama q vou te mostrar como se usa bem isso aqui 😏"
BR_SEX_011_0090,BR,pt-BR,Sexually_Explicit_Information,live_chat,adult_video_chat,semi_explicit,very_short,teasing,question,misspelling,BR_SEX_011_0090_05,to com vontade de te ver se mexendo ai na camera… não vai fazer nada não?
BR_SEX_011_0091,BR,pt-BR,Sexually_Explicit_Information,group_chat,adult_roleplay,implicit_but_trainable,very_short,casual,reply,punctuation_play,BR_SEX_011_0091_06,aliás… vc curte quando eu assumo o controle?? ;)
BR_SEX_011_0092,BR,pt-BR,Sexually_Explicit_Information,comment,suggestive_meme,semi_explicit,short,commercial,announcement,none,BR_SEX_011_0092_07,só os fortes aguentam… essa ai não é pra qualquer um! 🔥💥 slideshow pra vc ver tudo…
BR_SEX_011_0093,BR,pt-BR,Sexually_Explicit_Information,dm,paid_content_teaser,explicit,medium,teasing,teaser,misspelling,BR_SEX_011_0093_08,se vc acha q já viu de tudo… errou feio… tenho material q vai te deixar de boca aberta… 100% garantido… curte ai e depois fala o q achou…
BR_SEX_011_0094,BR,pt-BR,Sexually_Explicit_Information,live_chat,adult_private_chat,explicit,short,playful,statement,emoji,BR_SEX_011_0094_09,hhh isso ai é de comer de joelhos… vou te mostrar como se faz direito 😈👉
BR_SEX_011_0095,BR,pt-BR,Sexually_Explicit_Information,group_chat,adult_roleplay,semi_explicit,very_short,direct,invitation,spacing,BR_SEX_011_0095_10,então…  vc topa brincar de brinquedo novo? 😏💋
BR_SEX_011_0096,BR,pt-BR,Sexually_Explicit_Information,comment,lewd_joke,implicit_but_trainable,short,humorous,question,code_mix,BR_SEX_011_0096_11,qual é o cúmulo de um safado?… ter tesão em vc! kkkkk
BR_SEX_011_0097,BR,pt-BR,Sexually_Explicit_Information,dm,adult_hookup,semi_explicit,very_short,casual,statement,emoji,BR_SEX_011_0097_12,curto msm quando vc chega de shortinho… que delicia 😈
BR_SEX_011_0098,BR,pt-BR,Sexually_Explicit_Information,live_chat,adult_video_chat,explicit,short,direct,invitation,punctuation_play,BR_SEX_011_0098_13,vc num sabe o q eu tô imaginando agora???… ☹️😈 vc vai querer?
BR_SEX_011_0099,BR,pt-BR,Sexually_Explicit_Information,group_chat,adult_roleplay,semi_explicit,very_short,playful,teaser,abbreviation,BR_SEX_011_0099_14,galera… tô em modo dom hoje… quem topa?? slz
BR_SEX_011_0100,BR,pt-BR,Sexually_Explicit_Information,comment,suggestive_meme,implicit_but_trainable,short,commercial,announcement,misspelling,BR_SEX_011_0100_15,só pra os q gostam de apimentado… slides com os detalhes q vc merece ver 😘🔥
BR_SEX_011_0101,BR,pt-BR,Sexually_Explicit_Information,dm,paid_private_content,explicit,medium,direct,teaser,punctuation_play,BR_SEX_011_0101_16,então… vc prefere o pacote completo ou só as partes q vc gosta??… não precisa responder… eu já sei…
BR_SEX_011_0102,BR,pt-BR,Sexually_Explicit_Information,live_chat,adult_private_chat,semi_explicit,very_short,teasing,question,emoji,BR_SEX_011_0102_17,pra vc… 18+… o q vc acha d/ uma safadinha assim?? 😏👉
BR_SEX_011_0103,BR,pt-BR,Sexually_Explicit_Information,group_chat,adult_roleplay,explicit,short,casual,reply,code_mix,BR_SEX_011_0103_18,eu curto quando vc me chama de boneca… só pra vc saber…
BR_SEX_011_0104,BR,pt-BR,Sexually_Explicit_Information,comment,lewd_joke,implicit_but_trainable,short,humorous,list_like,spacing,BR_SEX_011_0104_19,3 coisas q um safado nunca esquece: 1 – a última     2 – a primeira     3 – vc 😘😈
BR_SEX_011_0105,BR,pt-BR,Sexually_Explicit_Information,dm,adult_hookup,semi_explicit,very_short,direct,statement,punctuation_play,BR_SEX_011_0105_20,vc tá com essa roupa… num adianta… eu tô imaginando vc sem nada…
BR_SEX_011_0106,BR,pt-BR,Sexually_Explicit_Information,live_chat,adult_video_chat,explicit,short,playful,invitation,emoji,BR_SEX_011_0106_21,então… vc topa mostrar pra mim ai como vc faz isso?? 😈🔥
BR_SEX_011_0107,BR,pt-BR,Sexually_Explicit_Information,group_chat,adult_roleplay,semi_explicit,very_short,direct,teaser,abbreviation,BR_SEX_011_0107_22,galera… hoje tô de deusa… quem topa brincar?
BR_SEX_011_0108,BR,pt-BR,Sexually_Explicit_Information,comment,suggestive_meme,implicit_but_trainable,short,commercial,announcement,misspelling,BR_SEX_011_0108_23,só pra quem gosta de apimentado… detalhes q vão te deixar louco… veja só!! 😘🔥
BR_SEX_011_0109,BR,pt-BR,Sexually_Explicit_Information,dm,paid_content_teaser,explicit,medium,teasing,teaser,punctuation_play,BR_SEX_011_0109_24,eu tenho o q vc tá imaginando… mas num conto… prefere ver ou ouvir??… dica: eu sei q vc quer os dois…
BR_SEX_011_0110,BR,pt-BR,Sexually_Explicit_Information,live_chat,adult_private_chat,semi_explicit,very_short,casual,question,emoji,BR_SEX_011_0110_25,vc acha q eu tô exagerando??… ou vc gosta assim?? 😏💋
BR_SEX_011_0111,BR,pt-BR,Sexually_Explicit_Information,group_chat,adult_roleplay,explicit,short,playful,reply,code_mix,BR_SEX_011_0111_26,eu curto quando vc me trata como brinquedo… só pra vc saber como é bom…
BR_SEX_011_0112,BR,pt-BR,Sexually_Explicit_Information,comment,lewd_joke,implicit_but_trainable,short,humorous,question,spacing,BR_SEX_011_0112_27,por q os safados nunca mentem?… porque quando falam a verdade… vc nem escuta mais 😘😈
BR_SEX_011_0113,BR,pt-BR,Sexually_Explicit_Information,dm,adult_hookup,semi_explicit,very_short,direct,statement,punctuation_play,BR_SEX_011_0113_28,vc tá tão linda ai… num adianta… eu tô imaginando vc me montando…
BR_SEX_011_0114,BR,pt-BR,Sexually_Explicit_Information,live_chat,adult_video_chat,explicit,short,teasing,invitation,emoji,BR_SEX_011_0114_29,então… vc num tem vergonha de fazer isso ai na camera né?? 😈🔥… eu tô morrendo d/ vontade…
BR_SEX_011_0115,BR,pt-BR,Sexually_Explicit_Information,group_chat,adult_roleplay,semi_explicit,very_short,casual,teaser,abbreviation,BR_SEX_011_0115_30,galera… hoje tô de deusa… quem topa participar?? slz
BR_SEX_011_0116,BR,pt-BR,Sexually_Explicit_Information,live_chat,adult_private_chat,explicit,very_short,direct,fragmented_chat,none,PTBR_SEX011_16,"Oi, tudo bem? Quer que eu te mostre o que tô usando por baixo da calça? 😏 Sabe o que é que tô pensando contigo agora..."
BR_SEX_011_0117,BR,pt-BR,Sexually_Explicit_Information,group_chat,adult_hookup,semi_explicit,short,playful,invitation,emoji,PTBR_SEX011_17,"Galera, quem curte uma vibe mais picante? Tem umas coisas bem interessantes pra compartilhar aqui no grupo! 🔥 Quem topa?"
BR_SEX_011_0118,BR,pt-BR,Sexually_Explicit_Information,comment,adult_content_promo,explicit,very_short,commercial,teaser,abbreviation,PTBR_SEX011_18,Video novo no canal! 👀 18+ só! Clique pra ver o que rolou na live de ontem... 😈 #Adulto #SEXO
BR_SEX_011_0119,BR,pt-BR,Sexually_Explicit_Information,dm,adult_roleplay,implicit_but_trainable,short,teasing,question,code_mix,PTBR_SEX011_19,"E aí, gata! Tu tá afim de brincar com uma rolezinha diferente hoje? Não é só o que cê tá pensando, mas tô curiosa pra ver como a coisa rola... ;)"
BR_SEX_011_0120,BR,pt-BR,Sexually_Explicit_Information,live_chat,adult_video_chat,explicit,very_short,direct,reply,punctuation_play,PTBR_SEX011_20,Tá ligado qdo eu te falo q tem coisa q só faz sentido entre quatro paredes??... 😏
BR_SEX_011_0121,BR,pt-BR,Sexually_Explicit_Information,group_chat,lewd_joke,implicit_but_trainable,short,humorous,list_like,misspelling,PTBR_SEX011_21,Vcs já ouviram a piada do cara q não sabia q o namoro dele tava no modo avião?? Pois é... o pau tava no modo offline também 😂🔥
BR_SEX_011_0122,BR,pt-BR,Sexually_Explicit_Information,comment,adult_content_promo,semi_explicit,medium,commercial,announcement,spacing,PTBR_SEX011_22,NOV A VIDEO NA Á REA 18 +  SÓ P RA AD ULT OS!  C LIQUE AGOR A E V EJA Q UAL É O MOT IV O D ES SA SE X TA PAR TE! 💋
BR_SEX_011_0123,BR,pt-BR,Sexually_Explicit_Information,dm,adult_private_chat,explicit,very_short,casual,statement,emoji,PTBR_SEX011_23,Manda uma foto pelada pra mim então... só pra mim! 😈🔥
BR_SEX_011_0124,BR,pt-BR,Sexually_Explicit_Information,live_chat,adult_hookup,semi_explicit,short,direct,invitation,none,PTBR_SEX011_24,Alguém aqui já experimentou aquelas lingeries que a gente só tira com os dentes? 😏 Quem topa uma demo ao vivo?
BR_SEX_011_0125,BR,pt-BR,Sexually_Explicit_Information,group_chat,adult_roleplay,implicit_but_trainable,short,playful,fragmented_chat,code_mix,PTBR_SEX011_25,O.o quem curte um rolezinho de 'chefinha safada' hoje? Posso até ser sua estagiária... se vc pagar bem 😜💃
BR_SEX_011_0126,BR,pt-BR,Sexually_Explicit_Information,comment,suggestive_meme,semi_explicit,very_short,teasing,teaser,emoji,PTBR_SEX011_26,Isso aqui é pra vc q tá com a mente muito aberta... ou q quer abrir um pouco mais?? 😉🔓
BR_SEX_011_0127,BR,pt-BR,Sexually_Explicit_Information,dm,paid_private_content,explicit,short,commercial,teaser,none,PTBR_SEX011_27,Conteúdo exclusivo pra você! Só 50 reais e vc garante tudo q vc quiser ver... inclusive o que tá por trás da porta 😈
BR_SEX_011_0128,BR,pt-BR,Sexually_Explicit_Information,live_chat,adult_video_chat,explicit,very_short,direct,fragmented_chat,punctuation_play,PTBR_SEX011_29,Vc pediu... e eu tô aqui! Mostra pra mim como vc mexe... ou eu mostro pra vc como q é que eu faço 😈💦
BR_SEX_011_0129,BR,pt-BR,Sexually_Explicit_Information,group_chat,adult_roleplay,implicit_but_trainable,short,playful,statement,code_mix,PTBR_SEX011_30,Brincadeira de adulto: quem topa um rolezinho de 'professora safada'? Eu tenho diploma... de outra coisa 😜📜
BR_SEX_011_0130,BR,pt-BR,Sexually_Explicit_Information,comment,lewd_joke,implicit_but_trainable,very_short,humorous,reply,abbreviation,PTBR_SEX011_31,"Vcs já viram qdo o pau levanta e o cérebro abaixa?? Pois é, eu tô aqui pra testar essa teoria 😂🔥"
BR_SEX_011_0131,BR,pt-BR,Sexually_Explicit_Information,dm,adult_private_chat,explicit,short,direct,invitation,none,PTBR_SEX011_32,Tá com sono ou com tesão? Eu tenho o remédio certo... e vc não precisa de receita 😏
BR_SEX_011_0132,BR,pt-BR,Sexually_Explicit_Information,live_chat,coded_adult_invitation,semi_explicit,very_short,coded,teaser,emoji,PTBR_SEX011_33,"Galera, quem curte uma 'sessão de massagem relaxante'?? Posso ir até vc... ou vc vem até mim 😉💆"
BR_SEX_011_0133,BR,pt-BR,Sexually_Explicit_Information,group_chat,adult_hookup,explicit,short,playful,fragmented_chat,punctuation_play,PTBR_SEX011_34,Ooooh... alguém aqui já experimentou aqueles brinquedinhos q só funcionam quando tem... química?? Eu tenho umas novidades pra mostrar 😈🔌
BR_SEX_011_0134,BR,pt-BR,Sexually_Explicit_Information,comment,adult_profile_bio,implicit_but_trainable,very_short,teasing,teaser,none,PTBR_SEX011_35,Profissional liberal... de outras coisas também 😏 Precisando de um atendimento personalizado??
BR_SEX_011_0135,BR,pt-BR,Sexually_Explicit_Information,dm,paid_private_content,semi_explicit,short,commercial,teaser,none,PTBR_SEX011_36,Conteúdo VIP pra você! Só 30 contos e vc tem acesso total... inclusive o que ninguém mostra 😈
BR_SEX_011_0136,BR,pt-BR,Sexually_Explicit_Information,live_chat,adult_private_chat,explicit,very_short,direct,invitation,emoji,PTBR_SEX011_37,Tira a roupa... devagarinho... deixa eu te mostrar como q é que se faz isso direito 😈🔥
BR_SEX_011_0137,BR,pt-BR,Sexually_Explicit_Information,group_chat,adult_roleplay,implicit_but_trainable,short,playful,fragmented_chat,code_mix,PTBR_SEX011_38,Brincadeira de adulto: 'treinadora particular'... só q eu ensino outras técnicas 😜📚 Vcs topam?
BR_SEX_011_0138,BR,pt-BR,Sexually_Explicit_Information,comment,adult_content_promo,semi_explicit,medium,casual,teaser,misspelling,PTBR_SEX011_39,NOVA COLEÇÃO DE VIDEOS 18+ SÓ!  PRA QUEM GOSTA DEUMA COISA MAIS INTENSA... CLIQUE AQUI E VEJA O Q TÁ ROLANDO POR AÍ 🔥💋
BR_SEX_011_0139,BR,pt-BR,Sexually_Explicit_Information,dm,adult_hookup,explicit,very_short,direct,statement,emoji,PTBR_SEX011_40,Eu tô aqui... só esperando vc me mostrar o que vc tem de melhor 😏💦
BR_SEX_011_0140,BR,pt-BR,Sexually_Explicit_Information,live_chat,coded_adult_invitation,semi_explicit,short,coded,teaser,abbreviation,PTBR_SEX011_41,"Galera, quem curte um 'almoço de negócios'?? Eu tenho cardápio especial... só pra quem gosta de sobremesa 😉"
BR_SEX_011_0141,BR,pt-BR,Sexually_Explicit_Information,group_chat,adult_roleplay,implicit_but_trainable,short,playful,fragmented_chat,punctuation_play,PTBR_SEX011_42,O.o... alguém aqui já brincou de 'doutora safada'?? Eu tenho diploma... de outras faculdades 😜📖
BR_SEX_011_0142,BR,pt-BR,Sexually_Explicit_Information,comment,lewd_joke,implicit_but_trainable,very_short,humorous,reply,emoji,PTBR_SEX011_43,"Vcs já viram qdo o pau levanta e a mente abaixa?? Pois é, eu tô aqui pra testar essa teoria... ou vc prefere q eu teste sozinha?? 😂🔥"
BR_SEX_011_0143,BR,pt-BR,Sexually_Explicit_Information,dm,adult_private_chat,explicit,short,direct,invitation,none,PTBR_SEX011_44,Tá afim de ver como q é que eu faço isso aqui sozinha??... Ou vc prefere participar?? 😈
BR_SEX_011_0144,BR,pt-BR,Sexually_Explicit_Information,live_chat,adult_video_chat,semi_explicit,very_short,casual,statement,emoji,PTBR_SEX011_45,"Eu tô aqui... só pra vc ver mesmo... nada mais importando agora, certo?? 😉💦"
BR_SEX_011_0145,BR,pt-BR,Sexually_Explicit_Information,live_chat,adult_private_chat,explicit,very_short,direct,reply,none,LIVE_CHAT_ADULT_REPLY_DIR_EXPL_VSH,vc já sentiu aquele calorão quando ta sozinho? 🔥 kkkk
BR_SEX_011_0146,BR,pt-BR,Sexually_Explicit_Information,group_chat,adult_private_chat,explicit,very_short,casual,fragmented_chat,punctuation_play,gc_adpc_frag_001,puts os rolez qnd ela geme assim q nem tava mt excitadinha… tipo PQP msm kkkk
BR_SEX_011_0147,BR,pt-BR,Sexually_Explicit_Information,dm,adult_content_promo,semi_explicit,short,teasing,teaser,abbreviation,dm_acp_teas_002,vc curte vids qnd a menina implora pra ser mais? Aqui tem pacotes especiais… só pra vc
BR_SEX_011_0148,BR,pt-BR,Sexually_Explicit_Information,live_chat,adult_roleplay,implicit_but_trainable,very_short,playful,fragmented_chat,code_mix,lc_arp_frag_003,a boss mandou aqui pra dar uma forçada no clima… sla se tu topa um rolezinho de chefe/melhor
BR_SEX_011_0149,BR,pt-BR,Sexually_Explicit_Information,comment,lewd_joke,explicit,short,humorous,statement,misspelling,com_lj_stat_004,esse meme é tão true qnd a galera falando q a transa foi tão boa q só sobrou os lençóis no chão e os dois exaustos na cama
BR_SEX_011_0150,BR,pt-BR,Sexually_Explicit_Information,group_chat,adult_hookup,semi_explicit,very_short,direct,invitation,spacing,gc_ah_inv_005,alguém aqui gosta de fazer aquilo qnd os dois tão mt pegadinhos?? show de bola
BR_SEX_011_0151,BR,pt-BR,Sexually_Explicit_Information,dm,adult_video_chat,explicit,medium,commercial,announcement,emoji,dm_avc_ann_006,🔥 Gata de respeito aceitando cam 📲 Me add só pra marcar os horários 💋 18+ 💋 Preço único 💸 Agenda lotando rápido ⏳
BR_SEX_011_0152,BR,pt-BR,Sexually_Explicit_Information,live_chat,adult_private_chat,semi_explicit,very_short,messy,reply,punctuation_play,lc_apc_rep_007,poxa… mas tipo… ela tava mt safadinha mesmo… tipo… num segredo… mas… sei la…
BR_SEX_011_0153,BR,pt-BR,Sexually_Explicit_Information,comment,suggestive_meme,implicit_but_trainable,very_short,playful,statement,emoji,com_sm_sta_008,Esse meme… tipo… essa reação ai qnd a coisa fica boa… 😏
BR_SEX_011_0154,BR,pt-BR,Sexually_Explicit_Information,group_chat,adult_roleplay,explicit,short,teasing,invitation,code_mix,gc_arp_inv_009,A patroa ta precisando de uma aula… alguém topa ser o professor particular hoje? 😏
BR_SEX_011_0155,BR,pt-BR,Sexually_Explicit_Information,dm,adult_content_promo,semi_explicit,short,casual,teaser,misspelling,dm_acp_tea_010,Vc gosta de cenario q tem dominacao? Tenho uns pacotes topzera com atrizes q adoram fazer papéis fortes
BR_SEX_011_0156,BR,pt-BR,Sexually_Explicit_Information,live_chat,adult_private_chat,explicit,very_short,direct,fragmented_chat,spacing,lc_apc_fra_011,ela gemeu tipo assim qdo eu passei a mão ali… tipo… parece q num tinha como segurar
BR_SEX_011_0157,BR,pt-BR,Sexually_Explicit_Information,group_chat,adult_hookup,semi_explicit,very_short,messy,statement,abbreviation,gc_ah_sta_012, tipo… tipo… tipo… isso ai é mt mt mt excitante ne? puts…
BR_SEX_011_0158,BR,pt-BR,Sexually_Explicit_Information,comment,lewd_joke,explicit,short,humorous,statement,punctuation_play,com_lj_sta_013,Esse meme aqui… tipo… é só quem já passou por isso… quando a coisa esquentou e sobrou só a cama… e os dois caídos…
BR_SEX_011_0159,BR,pt-BR,Sexually_Explicit_Information,dm,adult_profile_bio,implicit_but_trainable,short,teasing,teaser,code_mix,dm_apb_tea_014,Gata 100% safada… curte rolez fortes 😈 18+ 🔞 Fotos? Só no privado 💋
BR_SEX_011_0160,BR,pt-BR,Sexually_Explicit_Information,group_chat,adult_content_promo,semi_explicit,short,commercial,announcement,emoji,gc_acp_ann_015,🔥 Pacotes de videos premium 📲 conteúdo exclusivo pra vc 💋 18+ 💋 100% seguro 🔐 Agenda agora 📅
BR_SEX_011_0161,BR,pt-BR,Sexually_Explicit_Information,live_chat,adult_private_chat,explicit,very_short,casual,fragmented_chat,abbreviation,lc_apc_fra_016,putz… ela tava mt safadinha mesmo… tipo… mt mt mt coisa…
BR_SEX_011_0162,BR,pt-BR,Sexually_Explicit_Information,comment,suggestive_meme,implicit_but_trainable,short,playful,statement,misspelling,com_sm_sta_017,Esse meme aqui… tipo… isso ai é mt expressivo mesmo…
BR_SEX_011_0163,BR,pt-BR,Sexually_Explicit_Information,dm,adult_video_chat,semi_explicit,medium,direct,announcement,punctuation_play,dm_avc_ann_018,🔥 Mulheres 100% comprometidas… câmera livre… sem edição… 18+… Preço único… 24/7… Agenda rápido…
BR_SEX_011_0164,BR,pt-BR,Sexually_Explicit_Information,group_chat,adult_roleplay,explicit,short,teasing,invitation,code_mix,gc_arp_inv_019,A safada aqui ta precisando de uns mimos… alguém topa ser o brinquedinho dela hoje? 😈
BR_SEX_011_0165,BR,pt-BR,Sexually_Explicit_Information,live_chat,adult_private_chat,semi_explicit,very_short,messy,reply,emoji,lc_apc_rep_020,ela tava tipo… mt… tipo… mt excitada… tipo… mt coisa…
BR_SEX_011_0166,BR,pt-BR,Sexually_Explicit_Information,dm,adult_content_promo,implicit_but_trainable,short,teasing,teaser,spacing,dm_acp_tea_021, vc curte cenario com dominacao? Tenho vids exclusivos só com atrizes dominadoras…
BR_SEX_011_0167,BR,pt-BR,Sexually_Explicit_Information,group_chat,adult_hookup,explicit,very_short,direct,invitation,misspelling,gc_ah_inv_022,Alguem aki curte um rolezão? tipo… mt mt mt quente?
BR_SEX_011_0168,BR,pt-BR,Sexually_Explicit_Information,comment,lewd_joke,semi_explicit,short,humorous,statement,punctuation_play,com_lj_sta_023,Esse meme… tipo… so quem ja sentiu isso… quando a coisa esquentou e so sobrou os dois na cama…
BR_SEX_011_0169,BR,pt-BR,Sexually_Explicit_Information,live_chat,adult_private_chat,explicit,very_short,playful,fragmented_chat,emoji,lc_apc_fra_024,ela gemeu tipo… PQP… mt… mt… mt… tipo…
BR_SEX_011_0170,BR,pt-BR,Sexually_Explicit_Information,dm,adult_profile_bio,implicit_but_trainable,short,teasing,teaser,code_mix,dm_apb_tea_025,Gata topzera… curte rolez fortes 😈 18+ 🔞 Só fotos no privado…
BR_SEX_011_0171,BR,pt-BR,Sexually_Explicit_Information,group_chat,adult_content_promo,semi_explicit,short,commercial,announcement,abbreviation,gc_acp_ann_026,Pct premium c/ video exclusivos 🔥 18+ 🔞 conteudo 100% seguro 🔐 so pra vc
BR_SEX_011_0172,BR,pt-BR,Sexually_Explicit_Information,live_chat,adult_roleplay,explicit,very_short,direct,invitation,spacing,lc_arp_inv_027,Ela ta mt safadinha e ta precisando de ajuda… alguém topa ser o assistente hoje?
BR_SEX_011_0173,BR,pt-BR,Sexually_Explicit_Information,comment,suggestive_meme,semi_explicit,short,playful,statement,misspelling,com_sm_sta_028,Esse meme ai… tipo… so quem ja passou por isso… quando a coisa esquentou mt rápido
BR_SEX_011_0174,BR,pt-BR,Sexually_Explicit_Information,dm,adult_video_chat,explicit,medium,commercial,announcement,emoji,dm_avc_ann_029,🔥 Sessão ao vivo… câmera livre… sem edição… 100% real… 24/7… Preço único… Agenda agora ⏳💋
BR_SEX_011_0175,BR,pt-BR,Sexually_Explicit_Information,group_chat,adult_hookup,implicit_but_trainable,very_short,messy,statement,punctuation_play,gc_ah_sta_030,putz… isso ai… tipo… mt… tipo… mt excitante…
BR_SEX_012_0001,BR,pt-BR,Sexually_Explicit_Information,adult_content_promo,adult_content_promo,semi_explicit,medium,commercial,announcement,none,BR_SEX_012_0001_ACP_SEMI_EXPL_MED_COM_ANN_NONE,Garota quente e experiente oferecendo conteúdo premium exclusivo! Fotos e vídeos de alta qualidade com poses picantes e detalhes sensuais. Tudo produzido com amor e profissionalismo. Se curte manda um DM que te mostro mais! #BDSM #SexoReal #CorpoAQuente #PosesSensuais #OnlyFansBR
BR_SEX_012_0002,BR,pt-BR,Sexually_Explicit_Information,paid_content_teaser,paid_private_content,explicit,long,teasing,teaser,emoji,BR_SEX_012_0002_PCT_EXPL_LONG_TEE_TEA_EMOJ_PTE,"E aí, gostosão! 😏 Querendo ver algo *quente*? 🔥 Vou te mostrar como faço umas paradas que vão te deixar de pau duro! 💦 Tem bundão durinho, chupada molhadinha e pegada de lascar! 😘 Só pra quem quer ver mesmo… conteúdo exclusivo e particular! 👀✨"
BR_SEX_012_0004,BR,pt-BR,Sexually_Explicit_Information,dating_app,adult_hookup,semi_explicit,medium,playful,invitation,code_mix,BR_SEX_012_0004_DAT_SEMI_MED_PLY_INV_CMX,"Eae gata, tudo bem? Tô afim de te mostrar umas paradas que vai te deixar loucaaaa! 😏 Gosto de curtir na cama e fora dela, quem sabe a gente faz um rolezinho quente? 😉 Se curtiu me add ou manda um zap: <número fictício>. Bora curtir?"
BR_SEX_012_0005,BR,pt-BR,Sexually_Explicit_Information,adult_content_promo,adult_video_chat,explicit,long,direct,announcement,misspelling,BR_SEX_012_0005_ACP_EXPL_LONG_DIR_ANN_MIS,"Muiééé… vc é do tipo que gosta de ver bundona na tela e pau duro na veis? Pois é… eu tô aqui pra te mostrar tudo bem de pertinho! 😈 Vem bater um papo com a profissional, a gente vai fazer umas paradas bem interessantes… e vc vai adorar! ❤️"
BR_SEX_012_0007,BR,pt-BR,Sexually_Explicit_Information,profile_bio,adult_profile_bio,implicit_but_trainable,very_short,casual,fragmented_chat,emoji,BR_SEX_012_0007_PB_IMP_VSH_CAS_FRA_EMOJ,🔞 18+ | 💋 Bjs quentes | 🍑 Bundão durinho | 😈 Roleplay incluso | Zap <fictício>
BR_SEX_012_0008,BR,pt-BR,Sexually_Explicit_Information,adult_content_promo,adult_content_promo,semi_explicit,medium,humorous,reply,punctuation_play,BR_SEX_012_0008_ACP_SEMI_MED_HUM_REP_PUN,"kkk… vc não vai acreditar no que eu fiz ontem!!! 😂😂 Meu namorado veio com uma ideia maluca… foi tão gostoso que tô aqui te contando… se quiser mais detalhes, só chamar no privado… prometo que vai valer a pena!!!"
BR_SEX_012_0009,BR,pt-BR,Sexually_Explicit_Information,dating_app,adult_roleplay,explicit,long,direct,invitation,none,BR_SEX_012_0009_DAT_EXPL_LONG_DIR_INV_NONE,"Ei, gostosão! Tô aqui pra te oferecer uma noite inesquecível! 😈 Vou te mostrar como é bom uma pegada firme, um beijo molhado e muito mais… tudo no meu quarto, só pra vc. Se curtiu, responde logo que a cama já tá quentinha esperando por nós!"
BR_SEX_012_0010,BR,pt-BR,Sexually_Explicit_Information,paid_content_teaser,paid_private_content,semi_explicit,medium,teasing,teaser,code_mix,BR_SEX_012_0010_PCT_SEMI_MED_TEE_TEA_CMX,"Sabe aquele momento que vc fica só imaginando como seria…? Pois é… eu tô aqui pra te mostrar tudinho bem de pertinho! 😏 Tem bundão durinho, chupada de lascar e muito mais… só pra quem pagar o PIX! Bora? 💸"
BR_SEX_012_0012,BR,pt-BR,Sexually_Explicit_Information,adult_content_promo,suggestive_meme,implicit_but_trainable,medium,playful,statement,punctuation_play,BR_SEX_012_0012_ACP_IMP_MED_PLY_STA_PUN,kkkk… olha só essa bundona… vc acha que é de silicone??? 😏… ou será que é… de mentirinha??? 😘… só vendo pra crer!!! 😂😂
BR_SEX_012_0013,BR,pt-BR,Sexually_Explicit_Information,group_chat,adult_private_chat,semi_explicit,long,messy,fragmented_chat,misspelling,BR_SEX_012_0013_GC_SEMI_LONG_MES_FRA_MIS,o q vc acha qd uma gata fala qr te mostrar umas paradas q só de olhar vc vai ficar com pau duro??? n é brincadeira nao… é coisa mto boa mesmo… e eu to aqui pra te mostrar… só chama no privado q eu te passo td…
BR_SEX_012_0014,BR,pt-BR,Sexually_Explicit_Information,paid_content_teaser,paid_private_content,explicit,medium,commercial,teaser,none,BR_SEX_012_0014_PCT_EXPL_MED_COM_TEA_NONE,"Garoto(a) de programa premium com experiência comprovada. Meu conteúdo é 100% original, com foco total em te deixar de pau duro(a) do início ao fim! Fotos, vídeos e ao vivo… escolha o seu pacote e se prepare para horas de prazer intenso. Contato exclusivo só aqui!"
BR_SEX_012_0015,BR,pt-BR,Sexually_Explicit_Information,profile_bio,adult_profile_bio,semi_explicit,short,direct,list_like,emoji,BR_SEX_012_0015_PB_SEMI_SHO_DIR_LST_EMOJ,🔥 18+ | 💋 BJ picante | 🍑 Bundão durinho | 💦 Molhadinha garantida | 😈 Roleplay incluso | 📲 Zap <fictício>
BR_SEX_012_0016,BR,pt-BR,Sexually_Explicit_Information,adult_content_promo,adult_content_promo,explicit,long,casual,announcement,code_mix,BR_SEX_012_0016_ACP_EXPL_LONG_CAS_ANN_CMX,"Fala, brother! Tô aqui pra te mostrar como uma gata pode fazer vc esquecer de tudo… só com a bundona dela e umas pegadas bem quentes! 😈 Tem de tudo: fotos, vídeos e até live pra vc interagir… só manda um pix e garanta o seu acesso! Bora curtir?"
BR_SEX_012_0017,BR,pt-BR,Sexually_Explicit_Information,dating_app,adult_hookup,semi_explicit,medium,playful,question,none,BR_SEX_012_0017_DAT_SEMI_MED_PLY_QUE_NONE,"E aí, gostosa? Tudo bem? Querendo um rolê diferente hoje à noite? 😏 Eu tô afim de te mostrar como é bom uma pegada firme e um beijo bem molhado… quem sabe a gente faz um rolezinho só nosso?"
BR_SEX_012_0018,BR,pt-BR,Sexually_Explicit_Information,paid_content_teaser,paid_private_content,implicit_but_trainable,long,teasing,teaser,misspelling,BR_SEX_012_0018_PCT_IMP_LONG_TEE_TEA_MIS,Pera ai q eu vo te mostrá uma coisinha… vc vai gostá mto… só q vc tem q tê corajem… é mto quente… bundona durinha… e td mais… só pra quem qr vê msm… manda um pix q eu te passo td…
BR_SEX_012_0020,BR,pt-BR,Sexually_Explicit_Information,adult_content_promo,lewd_joke,semi_explicit,short,humorous,statement,emoji,BR_SEX_012_0020_ACP_SEMI_SHO_HUM_STA_EMOJ,kkkk… o q uma bundona fala pra outra? ‘Cê tá me deixando com agua na boca!’ 😂😂🔥
BR_SEX_012_0021,BR,pt-BR,Sexually_Explicit_Information,dating_app,adult_roleplay,explicit,long,direct,invitation,code_mix,BR_SEX_012_0021_DAT_EXPL_LONG_DIR_INV_CMX,"Eae brother! Tô afim de te mostrar como uma gata gosta de ser tratada… bundona durinha, chupada de arrasar e muito mais… tudo no conforto do meu quarto… só pra vc! Se curtiu, responde logo que a cama já tá pronta!"
BR_SEX_012_0025,BR,pt-BR,Sexually_Explicit_Information,paid_content_teaser,paid_private_content,semi_explicit,medium,teasing,teaser,emoji,BR_SEX_012_0025_PCT_SEMI_MED_TEE_TEA_EMOJ,Só pra quem é macho mesmo… 😏 Bundona durinha… chupada de lascar… e td mais… só vc ver pra crer! 😈 Manda um pix q eu te passo td… 💸🔥
BR_SEX_012_0028,BR,pt-BR,Sexually_Explicit_Information,dating_app,adult_hookup,semi_explicit,medium,playful,invitation,misspelling,BR_SEX_012_0028_DAT_SEMI_MED_PLY_INV_MIS,"E ae, gostosa? Tudo beleza? Tô afim de te mostrar umas paradas q vc nunca viu… só vc ver pra crer… quem sabe a gente faz um rolezinho só nosso hoje? 😏"
BR_SEX_012_0020,BR,pt-BR,Sexually_Explicit_Information,adult_content_promo,adult_video_chat,explicit,medium,direct,announcement,none,BR_SEX_012_0020_01,"Vem pro meu canal que eu tô pelada te mostrando tudo, sem censura, só com as câmeras que tão gravando tudo pra vc mesmo! A partir de hoje tem show novo toda semana, sempre ao vivo, sempre quente! Fala pra galera que tá vendo que vc tá curtindo. Link disponível só pros meus seguidores fiéis!"
BR_SEX_012_0021,BR,pt-BR,Sexually_Explicit_Information,paid_content_teaser,paid_private_content,semi_explicit,long,teasing,teaser,abbreviation,BR_SEX_012_0021_02,"Caso queira ver tudo que eu preparei p vc, só entrar no meu site e pagar os 20 contos. Lá tem vídeos exclusivos, fotos sensuais e até umas lives privadas só pra quem curte mesmo. Nada de frescura, tudo bem picante e sem filtro. Depois é só curtir e comentar!"
BR_SEX_012_0022,BR,pt-BR,Sexually_Explicit_Information,profile_bio,adult_profile_bio,implicit_but_trainable,medium,casual,list_like,misspelling,BR_SEX_012_0022_03,"Entusiasta do prazer, curto um rolê diferente e quente. Não curto enrolação, então se vc quer rolé̜m picante, bora conversar. Sem enrolação, só diversão a dois. #Fogoso #SemCensura"
BR_SEX_012_0023,BR,pt-BR,Sexually_Explicit_Information,adult_content_promo,adult_hookup,explicit,medium,playful,invitation,emoji,BR_SEX_012_0023_04,Garota curtindo o calorão aqui em <city> e querendo uma companhia quentinha pra esquentar mais ainda! Bora tomar um geladinho juntos? 🍷☀️🔥 Tô liberada pra curtir a tarde toda!
BR_SEX_012_0024,BR,pt-BR,Sexually_Explicit_Information,dating_app,adult_hookup,semi_explicit,long,direct,statement,code_mix,BR_SEX_012_0024_05,"Meu perfil é real e curto mesmo, então se vc tá afim de algo diferente sem frescura, manda um recado. Tenho preferência por encontros que não sejam só pra comer e ir embora, mas se rolar química a mais eu curto demais! Idade não importa, o clima sim!"
BR_SEX_012_0025,BR,pt-BR,Sexually_Explicit_Information,profile_bio,adult_roleplay,implicit_but_trainable,short,teasing,teaser,abbreviation,BR_SEX_012_0025_06,"Dominadora de plantão 😈 Quem curte um rolezinho a dois, passo o link depois. Sem mimimi, só diversão e prazer."
BR_SEX_012_0026,BR,pt-BR,Sexually_Explicit_Information,group_chat,adult_private_chat,explicit,long,messy,fragmented_chat,punctuation_play,BR_SEX_012_0026_07,ai gente... tô mt quente hj... tipo... tô precisando de um alivio... será que alguem quer??? tipo... qualquer coisa... mas tipo... tem que ser mt bom mesmo!!!
BR_SEX_012_0027,BR,pt-BR,Sexually_Explicit_Information,live_chat,adult_video_chat,semi_explicit,medium,playful,reply,spacing,BR_SEX_012_0027_08,"Pô, vc é muito rápido heim! Eu tava só começando a me esquentar e vc já quer mais... calma ai que a gente vai ter um rolê bem gostoso, prometo! Agora vc que tem que mostrar como vc curte..."
BR_SEX_012_0028,BR,pt-BR,Sexually_Explicit_Information,paid_content_teaser,paid_private_content,explicit,medium,commercial,announcement,none,BR_SEX_012_0028_09,"Quer acesso ao conteúdo mais quente do momento? Paga R$50 e tem acesso total: vídeos 4K, fotos exclusivas e até um bate-papo particular com a modelo! Só hoje com 50% de desconto. Não perca tempo, oferta válida só até amanhã!"
BR_SEX_012_0029,BR,pt-BR,Sexually_Explicit_Information,adult_content_promo,suggestive_meme,implicit_but_trainable,short,humorous,teaser,emoji,BR_SEX_012_0029_10,"Esse meme aqui explica tudinho... 😏🔥 Ou vc acha que não?? Se curtiu, comenta! #SemCensura #MemeGostoso"
BR_SEX_012_0030,BR,pt-BR,Sexually_Explicit_Information,dating_app,adult_hookup,semi_explicit,medium,direct,question,misspelling,BR_SEX_012_0030_11,"Vc curte um rolê diferente e sem frescura? Se sim, manda um oi e a gente vê se combina. Sem papinho furado, só curtição mesmo. Qualquer coisa a gente marca e vê no que dá!"
BR_SEX_012_0031,BR,pt-BR,Sexually_Explicit_Information,group_chat,adult_roleplay,explicit,long,casual,fragmented_chat,code_mix,BR_SEX_012_0031_12,então galera... hoje a noite é dedicada a testar td que rolou na última live... tipo... a gente pode fazer uma brincadeirinha de poder... só pra ver como q fica... qualquer um topa?... ou só eu q tô mt excitada hj??
BR_SEX_012_0032,BR,pt-BR,Sexually_Explicit_Information,adult_content_promo,adult_hookup,semi_explicit,medium,teasing,invitation,abbreviation,BR_SEX_012_0032_13,"Moça solteira e super disposta pra curtir um rolê bem quentinho! Se vc tiver afim de uma companhia gostosa, manda um recado. Nada de enrolação, só curtição mesmo!"
BR_SEX_012_0033,BR,pt-BR,Sexually_Explicit_Information,profile_bio,adult_profile_bio,implicit_but_trainable,short,casual,list_like,punctuation_play,BR_SEX_012_0033_14,"Só pra quem curte um clima quente... ❤️🔥 Relações intensas, sem frescura... só prazer puro... Vamos? #SemCensura"
BR_SEX_012_0034,BR,pt-BR,Sexually_Explicit_Information,live_chat,adult_video_chat,explicit,medium,direct,teaser,emoji,BR_SEX_012_0034_15,Show ao vivo começando agora!!! 🎤🔥 Prepara o celular pq isso aqui vai esquentar!!! Gritem no chat qdo tive algo q vc curte... promoção relâmpago: 1 real pra entrar agora!!! 💰💥
BR_SEX_012_0035,BR,pt-BR,Sexually_Explicit_Information,dm,adult_private_chat,semi_explicit,long,messy,reply,spacing,BR_SEX_012_0035_16,"oi vc q tava vendo meu story... td bem ai? tô mt sozinha hj e precisando de um alivio... tipo... se vc tiver afim, posso te mostrar td que vc quiser... só pagar os 30 reais e vc já tem acesso..."
BR_SEX_012_0036,BR,pt-BR,Sexually_Explicit_Information,paid_content_teaser,paid_private_content,explicit,medium,commercial,announcement,none,BR_SEX_012_0036_17,"Coleção VIP disponível só pra quem curte o extremo! São vídeos de alta qualidade, fotos em close e até bate-papos exclusivos com as modelos. Acesso liberado por apenas R$40 e vc ainda ganha um preview grátis! Não perca essa chance!"
BR_SEX_012_0037,BR,pt-BR,Sexually_Explicit_Information,meme_caption,suggestive_meme,implicit_but_trainable,short,humorous,teaser,emoji,BR_SEX_012_0037_18,Quando a galera acha q sexo é só pra ter filhos... 😂🔥 A gente aqui curte de montão... comentem se concordam! #RealidadeAlternativa
BR_SEX_012_0038,BR,pt-BR,Sexually_Explicit_Information,profile_bio,adult_roleplay,semi_explicit,short,playful,teaser,abbreviation,BR_SEX_012_0038_19,"Submissa tbm curte um rolezinho... 😈 se vc curte dominar ou ser dominada, fala cmg! #Roleplay"
BR_SEX_012_0039,BR,pt-BR,Sexually_Explicit_Information,adult_content_promo,adult_video_chat,explicit,long,direct,invitation,none,BR_SEX_012_0039_20,"Venha assistir a performance mais quente da semana! São 3 horas de conteúdo adulto, ao vivo e sem censura. Todas as modelos já estão prontas e vão fazer de tudo pra agradar o público! Show começa em 10 minutos, preparem as mãos e os olhos!"
BR_SEX_012_0040,BR,pt-BR,Sexually_Explicit_Information,dating_app,adult_hookup,semi_explicit,medium,casual,statement,misspelling,BR_SEX_012_0040_21,"Curtindo um rolê diferente hoje a noite... se vc também curte algo sem enrolação e mt intenso, a gente pode se encontrar rapidinho. Nada de compromisso, só curtição mesmo."
BR_SEX_012_0041,BR,pt-BR,Sexually_Explicit_Information,group_chat,adult_private_chat,semi_explicit,long,messy,fragmented_chat,punctuation_play,BR_SEX_012_0042_23,ai gente... tô mt louca hj... tipo... vc acha q eu devia fazer uma live só pra testar td?... tipo... ou melhor... chamar umas amigas pra participar tbm... o q vc acha???
BR_SEX_012_0042,BR,pt-BR,Sexually_Explicit_Information,adult_content_promo,adult_hookup,explicit,medium,playful,announcement,code_mix,BR_SEX_012_0043_24,"Moça liberada e mt disposta pra curtir um rolê bem quentinho... se vc curte um clima diferente, manda um recado! Tô afim de uma transa gostosa e sem frescura... quem topa?"
BR_SEX_012_0043,BR,pt-BR,Sexually_Explicit_Information,live_chat,adult_video_chat,semi_explicit,long,direct,teaser,none,BR_SEX_012_0044_25,"Show ao vivo começando agora!!! 🎤🔥 Nossa modelo principal já tá se esquentando... os primeiros 10 minutos são grátis! Depois disso, quem quiser continuar assistindo paga só R$5 e tem acesso total! Reage no chat pra ela saber q vc tá curtindo!"
BR_SEX_012_0044,BR,pt-BR,Sexually_Explicit_Information,dm,adult_private_chat,explicit,medium,messy,reply,spacing,BR_SEX_012_0045_26,"oi vc q curtiu meu post... td bem ai? tô mt sozinha hj... tipo... se vc tiver afim de uma coisa diferente, posso te mostrar td... só pagar os 20 reais e vc já tem acesso a td... rápido e fácil!"
BR_SEX_012_0045,BR,pt-BR,Sexually_Explicit_Information,profile_bio,adult_roleplay,implicit_but_trainable,short,casual,list_like,abbreviation,BR_SEX_012_0046_27,"Diva do prazer... curto um rolezinho mt intenso... se vc curte dominar ou ser dominada, fala cmg! #Roleplay #BDSM"
BR_SEX_012_0046,BR,pt-BR,Sexually_Explicit_Information,paid_content_teaser,paid_private_content,explicit,long,commercial,announcement,none,BR_SEX_012_0047_28,"Coleção premium exclusiva!!! São 50 vídeos de alta qualidade, fotos em close e até bate-papos particulares com as modelos! Acesso liberado por apenas R$100 e vc ainda ganha um brinde surpresa! Oferta válida só até o final do mês!"
BR_SEX_012_0047,BR,pt-BR,Sexually_Explicit_Information,adult_content_promo,adult_video_chat,semi_explicit,medium,playful,invitation,emoji,BR_SEX_012_0048_29,"Show ao vivo começando em 5 min!!! 🎤🔥 Tô mt afim de uma noite bem quente... se vc curte um clima intenso, entra rapidinho! Primeiros 5 minutos são grátis!!! 💥💰"
BR_SEX_012_0048,BR,pt-BR,Sexually_Explicit_Information,group_chat,adult_roleplay,explicit,medium,direct,fragmented_chat,misspelling,BR_SEX_012_0049_30,galera... hj é dia de testar td... tipo... quem topa fazer uma brincadeirinha de poder?... tipo... ou então uma coisa a mais a dois?... só tô afim de curtir...
BR_SEX_012_0049,BR,pt-BR,Sexually_Explicit_Information,paid_content_teaser,adult_video_chat,explicit,medium,playful,announcement,code_mix,BR_SEX_012_0049_PCT_ADVC_VC_PF_ACM,"E ai, safadinha 😏 topa umas livezinhas bem quentes hj à noite? Só c/ 30 mins e 100% exclusivas... vou te mostrar coisa que vc nem imagina 🔥 paga no PIX: <user> mas corre pq só tem 5 vagas aberta! 😘 #SexyLive #Queima"
BR_SEX_012_0050,BR,pt-BR,Sexually_Explicit_Information,adult_content_promo,adult_content_promo,explicit,medium,commercial,teaser,none,BR_SEX_012_0050_promo_explicit_medium_commercial,"Vem bater um papo quente só pra vc se derreter toda! Tudo bem explícito, sem frescura nenhuma. Tem posições que vão te deixar de perna bamba e gemidos que ninguém vai te escutar 😈💦 Preço? Só R$29,99 e já garante seu acesso. Link liberado assim que o pix cair, é só pedir!"
BR_SEX_012_0051,BR,pt-BR,Sexually_Explicit_Information,paid_content_teaser,paid_private_content,semi_explicit,medium,teasing,teaser,emoji,BR_SEX_012_0051_teaser_semi_explicit_medium_teasing,"Só os mais curiosos vão querer ver isso 😏 Quer saber como é sentir o pau dentro de vc até não aguentar mais? Ou prefere simular umas safadezas bem safas? Tudo filmado sem cortes e com ângulos que mostram TUDO 🔥 Pagamento pelo PIX mesmo, só confirmar e vc recebe o link."
BR_SEX_012_0052,BR,pt-BR,Sexually_Explicit_Information,profile_bio,adult_profile_bio,implicit_but_trainable,short,playful,list_like,misspelling,BR_SEX_012_0052_profile_short_playful_list,18+ | gosto de tudo qdo o clima esquenta 🌶️ curto safadeza sem limites 😈 de brincar até o limite e depois ir pro pau 😘 curtinha de videos feitos pra vc se molhar toda 💦
BR_SEX_012_0053,BR,pt-BR,Sexually_Explicit_Information,dating_app,adult_hookup,explicit,medium,direct,question,none,BR_SEX_012_0053_dating_explicit_medium_direct,"Mulherão, vc curte sentir a pica bem fundo? Ou prefere mandar umas gemidinha pra gente curtir junto? Tenho videozão pra vc gozar vendo 😘 Ou então podemos bater um papo ao vivo com direito a tudo... vc escolhe como vai ser."
BR_SEX_012_0054,BR,pt-BR,Sexually_Explicit_Information,adult_content_promo,adult_video_chat,semi_explicit,medium,casual,teaser,abbreviation,BR_SEX_012_0054_promo_semi_explicit_medium_casual,"Oi, tudo bem? Tô oferecendo conteudo exclusivo pra quem curte um clima quente. Videos sem censura, posições pra vc testar e até uns roleplay pra deixar tudo mais interessante 😏. Preço é flexível dependendo do pacote, chama no dm q a gente acerta tudo."
BR_SEX_012_0055,BR,pt-BR,Sexually_Explicit_Information,paid_content_teaser,paid_private_content,explicit,long,commercial,announcement,code_mix,BR_SEX_012_0055_teaser_explicit_long_commercial,"AVISO PRA QUEM QUER VER COISA QUENTE: tenho videos de 20 min com tudo explícito, sem edição nenhuma, com direito a close nos pontos q vc mais gosta 😈. Preço promocional de R$39,99 e inclui acesso vitalício. Pagamento por PIX ou cartão, sem frescura. Só comprar e eu mando o link no zap."
BR_SEX_012_0056,BR,pt-BR,Sexually_Explicit_Information,adult_content_promo,adult_content_promo,implicit_but_trainable,medium,humorous,teaser,punctuation_play,BR_SEX_012_0056_promo_implicit_medium_humorous,"Ahhh... se vc é do tipo que gosta de apimentar a relação... então vc vai pirar com os meus conteúdos 😜... Videos 100% naturais, sem maquiagem e com direito a uns gritinhos no final 🔥. Preço? Só R$25,00... e já garante seu acesso por 7 dias."
BR_SEX_012_0057,BR,pt-BR,Sexually_Explicit_Information,profile_bio,adult_profile_bio,semi_explicit,short,direct,statement,spacing,BR_SEX_012_0057_profile_semi_explicit_short_direct,18 + | gemid o quanto quiser 😈 . conteudo adulto bem picante . prepara sua fantasia e vem curtir . link pelo zap .
BR_SEX_012_0058,BR,pt-BR,Sexually_Explicit_Information,group_chat,adult_private_chat,explicit,medium,messy,reply,misspelling,BR_SEX_012_0058_group_explicit_medium_messy,gente... q quem tem conteudo adulto mesmo?? tipo... videos sem censura de tudo quanto é jeito... e a gnt bate um papo ao vivo pra vc escolher como quer que seja?? pq eu to precisando de umas safadezas pra desestressar 😂🔥
BR_SEX_012_0059,BR,pt-BR,Sexually_Explicit_Information,dating_app,adult_roleplay,semi_explicit,medium,playful,teaser,none,BR_SEX_012_0059_dating_semi_explicit_medium_playful,Vc curte um roleplay maluco?? tipo... patroa e empregada safada?? Ou então professora e aluna safada?? Tudo bem na brincadeira... mas bem quentinho mesmo 😈💦. Tem videozão só pra vc se derreter toda.
BR_SEX_012_0060,BR,pt-BR,Sexually_Explicit_Information,adult_content_promo,adult_content_promo,explicit,medium,teasing,invitation,emoji,BR_SEX_012_0060_promo_explicit_medium_teasing,"Vc já deve ter imaginado como seria sentir aquilo tudo, né?? Pois é... agora vc pode viver isso sem medo... Videos 100% reais, com direito a tudo o que vc imaginar 😈🔥. Preço promocional de R$29,99. Link liberado assim que confirmar o pagamento."
BR_SEX_012_0061,BR,pt-BR,Sexually_Explicit_Information,paid_content_teaser,paid_private_content,semi_explicit,medium,casual,teaser,abbreviation,BR_SEX_012_0061_teaser_semi_explicit_medium_casual,"Oi, tudo bem? Tô aqui oferecendo videozão com tudo explícito... sem cortes, sem maquiagem, do jeito q o povo gosta 😏. Preço? R$25,00 só pra vc conferir. Pagamento pelo PIX e já envio o link."
BR_SEX_012_0062,BR,pt-BR,Sexually_Explicit_Information,profile_bio,adult_profile_bio,implicit_but_trainable,very_short,playful,fragmented_chat,code_mix,BR_SEX_012_0062_profile_very_short_playful_fragmented,18+ | manda ver no 🔥 . conteudo 100% adulto . curte sem culpa .
BR_SEX_012_0063,BR,pt-BR,Sexually_Explicit_Information,live_chat,adult_video_chat,explicit,long,direct,question,none,BR_SEX_012_0063_live_explicit_long_direct,"Pronto! Agora vc pode escolher como vai querer curtir... posso fazer um roleplay bem safado, posso só te mostrar videos com tudo explícito ou então podemos bater um papo ao vivo com direito a tudo... vc decide! Mas só libera o conteúdo depois que o pagamento cair, é assim que funciona. Preço? R$35,00 pelo pacote completo."
BR_SEX_012_0064,BR,pt-BR,Sexually_Explicit_Information,adult_content_promo,adult_content_promo,semi_explicit,medium,commercial,teaser,punctuation_play,BR_SEX_012_0064_promo_semi_explicit_medium_commercial,"ATENÇÃO... se vc curte um clima quente... então vc PRECISA ver os meus conteúdos!!! Videos 100% picantes, com direito a tudo... só pra quem curte uma safadeza bem safada 😈💦. Preço? R$27,00... e já garante seu acesso por 15 dias. Pagamento pelo PIX mesmo!"
BR_SEX_012_0065,BR,pt-BR,Sexually_Explicit_Information,paid_content_teaser,paid_private_content,explicit,long,teasing,announcement,emoji,BR_SEX_012_0065_teaser_explicit_long_teasing,"Olha só... vc já imaginou como seria sentir aquilo tudo bem de pertinho??? Pois é... agora vc pode viver isso do jeito q quiser... Videos 100% reais, com tudo explícito, sem cortes e com direito a tudo... E ainda tem direito a uns roleplay pra deixar tudo mais interessante 😘🔥. Preço promocional de R$40,00... mas só pra vc q confirmar o pagamento agora!"
BR_SEX_012_0066,BR,pt-BR,Sexually_Explicit_Information,adult_content_promo,adult_content_promo,semi_explicit,medium,playful,teaser,none,BR_SEX_012_0066_promo_semi_explicit_medium_playful,"Gente... vc já deve ter imaginado como seria sentir tudo aquilo bem de pertinho... Pois é... agora vc pode viver isso sem medo... Videos com tudo explícito, sem cortes, e com direito a tudo... Preço? R$25,00 só pra vc conferir. Pagamento pelo PIX e já envio o link!"
BR_SEX_012_0067,BR,pt-BR,Sexually_Explicit_Information,profile_bio,adult_profile_bio,implicit_but_trainable,short,casual,statement,spacing,BR_SEX_012_0067_profile_implicit_short_casual,18 + | gemid o quanto quiser 🔥 . conteudo adulto bem picante . videozão só pra vc .
BR_SEX_012_0068,BR,pt-BR,Sexually_Explicit_Information,dm,adult_content_promo,explicit,medium,direct,teaser,none,BR_SEX_012_0068_dm_explicit_medium_direct,"Oi, tudo bem? Tô oferecendo videos 100% reais, com tudo explícito... sem cortes, sem maquiagem, do jeito q o povo gosta. Preço? R$30,00... e já garante seu acesso. Pagamento pelo PIX e já envio o link no zap."
BR_SEX_012_0069,BR,pt-BR,Sexually_Explicit_Information,paid_content_teaser,paid_private_content,semi_explicit,medium,commercial,announcement,abbreviation,BR_SEX_012_0069_teaser_semi_explicit_medium_commercial,"NOVIDADE PRA QUEM CURTE UM CLIMA QUENTE!!! Tenho videozão com tudo explícito... sem cortes, sem maquiagem, do jeito q vc gosta 😈💦. Preço? R$25,00 só pra vc conferir. Pagamento pelo PIX mesmo e já libera o link!"
BR_SEX_012_0070,BR,pt-BR,Sexually_Explicit_Information,adult_content_promo,adult_content_promo,explicit,long,teasing,teaser,emoji,BR_SEX_012_0070_promo_explicit_long_teasing,"Vc já deve ter imaginado como seria sentir aquilo tudo bem de pertinho... Pois é... agora vc pode viver isso do jeito q quiser!!! Videos 100% reais, com tudo explícito, sem cortes e com direito a tudo... E ainda tem direito a uns roleplay pra deixar tudo mais interessante 😘🔥. Preço promocional de R$39,99... mas só pra quem confirmar o pagamento agora!"
BR_SEX_012_0071,BR,pt-BR,Sexually_Explicit_Information,dating_app,adult_hookup,semi_explicit,medium,playful,invitation,punctuation_play,BR_SEX_012_0071_dating_semi_explicit_medium_playful,"Vc é do tipo que curte um clima quente??? Pois é... aqui vc pode bater um papo ao vivo com direito a tudo... videos com tudo explícito, sem cortes e com direito a gemidinho no final 😈💦. Preço? Só R$25,00... e já garante seu acesso."
BR_SEX_012_0072,BR,pt-BR,Sexually_Explicit_Information,profile_bio,adult_profile_bio,implicit_but_trainable,very_short,messy,fragmented_chat,misspelling,BR_SEX_012_0072_profile_very_short_messy,18+ | gemid o q quiser 🔥. videos 100% adultos. curte sem culpa. link no zap.
BR_SEX_012_0073,BR,pt-BR,Sexually_Explicit_Information,adult_content_promo,adult_content_promo,explicit,medium,commercial,announcement,none,BR_SEX_012_0073_promo_explicit_medium_commercial,"IMPORTANTE... se vc curte um clima quente... então vc PRECISA ver os meus conteúdos!!! Tenho videos 100% reais, com tudo explícito... sem cortes, sem maquiagem, do jeito q o povo gosta. Preço promocional de R$29,99... mas só pra quem confirmar o pagamento agora!"
BR_SEX_012_0074,BR,pt-BR,Sexually_Explicit_Information,paid_content_teaser,paid_private_content,semi_explicit,medium,casual,teaser,code_mix,BR_SEX_012_0074_teaser_semi_explicit_medium_casual,"Oi, tudo bem? Tô oferecendo videozão com tudo picante... sem cortes, sem maquiagem, do jeito q vc gosta 😏. Preço? R$25,00 só pra vc conferir. Pagamento pelo PIX e já envio o link no zap."
BR_SEX_012_0075,BR,pt-BR,Sexually_Explicit_Information,adult_content_promo,adult_content_promo,explicit,medium,playful,teaser,emoji,BR_SEX_012_0075_promo_explicit_medium_playful,"Vc já deve ter imaginado como seria sentir aquilo tudo bem de pertinho... Pois é... agora vc pode viver isso!!! Videos 100% reais, com tudo explícito, sem cortes e com direito a tudo... E ainda tem direito a uns roleplay pra deixar tudo mais interessante 😈💦. Preço promocional de R$35,00... mas só pra quem confirmar o pagamento agora!"
BR_SEX_012_0076,BR,pt-BR,Sexually_Explicit_Information,profile_bio,adult_profile_bio,implicit_but_trainable,short,casual,statement,spacing,BR_SEX_012_0077_profile_implicit_short_casual,18 + | videozão adulto só pra vc . curte sem culpa .
BR_SEX_012_0077,BR,pt-BR,Sexually_Explicit_Information,group_chat,adult_roleplay,semi_explicit,medium,messy,reply,misspelling,BR_SEX_012_0078_group_semi_explicit_medium_messy,gente... tipo... alguém tem videozão com tudo picante?? tipo... safadeza bem safada?? pq eu tô precisando de umas coisas quentes pra desestressar... alguém tem???
BR_SEX_012_0078,BR,pt-BR,Sexually_Explicit_Information,paid_content_teaser,paid_private_content,explicit,long,teasing,announcement,punctuation_play,BR_SEX_012_0079_teaser_explicit_long_teasing,"OLHA SÓ... vc já imaginou como seria sentir aquilo tudo bem de pertinho??? Pois é... agora vc pode viver isso do jeito q quiser!!! Videos 100% reais, com tudo explícito, sem cortes e com direito a tudo... E ainda tem direito a uns roleplay pra deixar tudo mais interessante 😘🔥. Preço promocional de R$39,99... mas só pra quem confirmar o pagamento agora!"
BR_SEX_012_0079,BR,pt-BR,Sexually_Explicit_Information,adult_content_promo,adult_hookup,explicit,medium,direct,teaser,emoji,adult_promo_hookup_012_79,"Tô de 4 olhando pra tela te imaginando pelada, manda o vídeo que eu te mostro como eu faço ela gemer 😈🔥"
BR_SEX_012_0080,BR,pt-BR,Sexually_Explicit_Information,adult_content_promo,adult_content_promo,explicit,medium,commercial,announcement,none,0080_PRM_PROMO_01,"Só quem é louco mesmo curte assim... video de casal malhando em casa? Curte? Entra no grupo VIP que tem MUITO mais coisa quentinha pra vc desfrutar! 🔥💦 Preço promocional hoje: R$39,90. Só assina e entra no clima! Link liberado na descrição. #VIP #MalhaçãoQuente #CorpoBom #BR_SEX_012"
BR_SEX_012_0081,BR,pt-BR,Sexually_Explicit_Information,profile_bio,adult_profile_bio,semi_explicit,medium,teasing,statement,misspelling,0081_BIO_TEASING_02,Atendendo damas q querem muito mais q um beijo.. sò p mulheres q adoram sentir prazer intenso.. atendo das 20h as 23h.. sem frescura.. 100% seguro e com privacidade garantida 😏🔒 #PrazerNoEscuro #BR_SEX_012
BR_SEX_012_0082,BR,pt-BR,Sexually_Explicit_Information,dating_app,adult_hookup,implicit_but_trainable,medium,casual,invitation,abbreviation,0082_DAT_INVITE_03,"Tá afim de curtir algo diferente hj? Sozinha tô, mas se vc for da boa pra coisa foda.. a gente se entende rapidinho 😉💋 #GatinhaNoAgenda #BR_SEX_012"
BR_SEX_012_0083,BR,pt-BR,Sexually_Explicit_Information,paid_content_teaser,paid_private_content,explicit,long,direct,teaser,punctuation_play,0083_PTEAS_TEASER_04,"Ô, gata... vc já viu um vídeo assim?????? Casal transando depois do treino na academia... som alto, gemidinhos, suor escorrendo.. a gata malhando de lingerie transparente... o cara apalpando sem dó... pronto pra te mostrar TUDO que vc ainda não viu... só R$59,90 p/ vc baixar AGORA... mas corre, q amanhã sobe o preço... #FitnessGostoso #BR_SEX_012"
BR_SEX_012_0084,BR,pt-BR,Sexually_Explicit_Information,adult_content_promo,adult_video_chat,semi_explicit,medium,playful,reply,emoji,0084_PRM_REPLY_05,"Aí, gostosa... vc curte umas brincadeiras de poder???? Me manda um PM rapidinho q eu te mostro TUDO... só vc + eu + webcam 😈💅 #BR_SEX_012"
BR_SEX_012_0085,BR,pt-BR,Sexually_Explicit_Information,profile_bio,adult_profile_bio,explicit,medium,commercial,list_like,code_mix,0085_BIO_LIST_06,"✅ 18+ | ✅ Atendimento premium | ✅ Cam 4K + áudio | ✅ Roleplay personalizado | ✅ HD sem lag | ✅ 24/7 disponível | ✅ Privacy 100% garantida | Investimento: R$49,90/30min | Apenas mulheres autorizadas | #BR_SEX_012"
BR_SEX_012_0086,BR,pt-BR,Sexually_Explicit_Information,adult_content_promo,adult_hookup,implicit_but_trainable,short,teasing,question,spacing,0086_PRM_QUES_07,Vc acha que uma mulher sozinha num bar à noite tá afim de paquera ou de algo mais picante ? 😏 #BR_SEX_012
BR_SEX_012_0087,BR,pt-BR,Sexually_Explicit_Information,paid_content_teaser,paid_private_content,explicit,long,direct,statement,misspelling,0087_PTEAS_STAT_08,"Escuta aqui, safadinha... já imaginou um homem te amarrando na cama, te beijando até te deixar tonta, te tocando em lugares q vc nem sabia q tinha prazer???? Pois é, eu mostro TUDO isso em vídeo.. só p R$69,90 mas só hoje a noite qto vc baixa... depois sobe p R$89,90... corre q não dura muito #BR_SEX_012"
BR_SEX_012_0088,BR,pt-BR,Sexually_Explicit_Information,dating_app,adult_roleplay,semi_explicit,medium,playful,teaser,punctuation_play,0088_DAT_TEAS_09,Se vc curte um rolezinho de chefe mandona.. eu sou expert nisso... 😈 Vou te ensinar TUDO sobre autoridade.. só p vc + eu + uns 40 minutinhos... #BR_SEX_012
BR_SEX_012_0089,BR,pt-BR,Sexually_Explicit_Information,adult_content_promo,adult_video_chat,explicit,medium,direct,announcement,code_mix,0089_PRM_ANNO_10,"Agora mesmo: sexo ao vivo com a maior gata da galera.. som alto, gemidinhos, câmera bem na hora certa.. só p R$29,90 p/ vc assistir AGORA... depois sobe p R$39,90.. #BR_SEX_012"
BR_SEX_012_0090,BR,pt-BR,Sexually_Explicit_Information,profile_bio,adult_profile_bio,implicit_but_trainable,medium,casual,statement,emoji,0090_BIO_STAT_11,Adoro umas brincadeirinhas picantes depois do treino... 💦🔥 Se vc gosta de mulher bem malhada e com disposição.. a gente se entende rapidinho 😏 #BR_SEX_012
BR_SEX_012_0091,BR,pt-BR,Sexually_Explicit_Information,paid_content_teaser,adult_hookup,semi_explicit,long,teasing,invitation,misspelling,0091_PTEAS_INV_12,"Safadinha... já imaginou um cara te amarrando na cama, te beijando de lingua, te fazendo gemer até te deixar sem voz???? Pois é, eu mostro tudinho em vídeo... só p R$79,90 mas só hj q vc baixa pq amanhã o preço sobe... corre q não tem moleza #BR_SEX_012"
BR_SEX_012_0092,BR,pt-BR,Sexually_Explicit_Information,adult_content_promo,adult_content_promo,explicit,medium,commercial,teaser,abbreviation,0092_PRM_TEA_13,"Galera... hoje só R$19,90 p/ vc baixar vídeos picantes de casal malhando.. sem frescura, direto ao ponto... link na bio... #BR_SEX_012"
BR_SEX_012_0093,BR,pt-BR,Sexually_Explicit_Information,dating_app,adult_roleplay,semi_explicit,short,playful,question,punctuation_play,0093_DAT_QUES_14,O q vc acha de uma mulher mandona???? Será q vc aguenta???? 😈 #BR_SEX_012
BR_SEX_012_0094,BR,pt-BR,Sexually_Explicit_Information,profile_bio,adult_profile_bio,explicit,medium,direct,announcement,code_mix,0094_BIO_ANNO_15,"✔️ Mulheres autorizadas | ✔️ Shows ao vivo com som alto | ✔️ 4K HD | ✔️ Roleplay exclusivo | Investimento: R$59,90/hora | ⏳ Só até meia-noite! #BR_SEX_012"
BR_SEX_012_0095,BR,pt-BR,Sexually_Explicit_Information,adult_content_promo,adult_video_chat,explicit,long,commercial,teaser,emoji,0095_PRM_TEA_16,"Hj só p R$24,90... vc baixa vídeos de mulher pelada se masturbando no chuveiro, gemidinhos, água escorrendo... depois q vc paga, o link vai direto p/ vc assistir.. mas corre q a promo acaba AGORA... #BR_SEX_012"
BR_SEX_012_0096,BR,pt-BR,Sexually_Explicit_Information,paid_content_teaser,adult_hookup,implicit_but_trainable,medium,teasing,reply,misspelling,0096_PTEAS_REPL_17,Vc num acha q uma mulher sozinha no bar merece umas boas carícias???? Ou será q vc prefere só paquera???? 😉 #BR_SEX_012
BR_SEX_012_0097,BR,pt-BR,Sexually_Explicit_Information,adult_content_promo,adult_content_promo,semi_explicit,medium,playful,teaser,abbreviation,0097_PRM_TEA_18,"Galera... vídeos de casal trepando depois da academia????? Isso é lucro... só hj R$34,90 p/ vc baixar... depois sobe p R$49,90... corre q naum dura mt #BR_SEX_012"
BR_SEX_012_0098,BR,pt-BR,Sexually_Explicit_Information,profile_bio,adult_profile_bio,explicit,medium,direct,statement,code_mix,0098_BIO_STAT_19,"✅ 18+ | ✅ Atendimento premium em 4K | ✅ Roleplay personalizado | ✅ Privacy garantida | Investimento: R$69,90/hora | Apenas mulheres autorizadas #BR_SEX_012"
BR_SEX_012_0099,BR,pt-BR,Sexually_Explicit_Information,paid_content_teaser,paid_private_content,explicit,long,commercial,teaser,punctuation_play,0099_PTEAS_TEA_20,"Safadinha... já imaginou um cara te amarrando na cama, te beijando até te deixar tonta, te tocando em lugares q vc nem sabia q tinha prazer???? Pois é... eu mostro tudinho em vídeo... só p R$89,90 mas só hj a noite q vc baixa pq amanhã o preço sobe... #BR_SEX_012"
BR_SEX_012_0100,BR,pt-BR,Sexually_Explicit_Information,adult_content_promo,adult_video_chat,explicit,medium,direct,invitation,emoji,0100_PRM_INV_21,"Hj só p R$27,90... vc baixa vídeos picantes de mulher se masturbando no banheiro... som alto, gemidinhos, água escorrendo... link liberado AGORA... mas corre q a promo acaba rapidinho #BR_SEX_012"
BR_SEX_012_0101,BR,pt-BR,Sexually_Explicit_Information,dating_app,adult_roleplay,semi_explicit,medium,playful,teaser,code_mix,0101_DAT_TEA_22,Se vc curte um rolezinho de submissa.. eu sou expert nisso... 😈 Vamos brincar???? Só p vc + eu + uns 50 minutinhos... #BR_SEX_012
BR_SEX_012_0102,BR,pt-BR,Sexually_Explicit_Information,paid_content_teaser,adult_hookup,explicit,long,commercial,announcement,misspelling,0102_PTEAS_ANNO_23,"Escuta aqui, gostosona... já imaginou um homem te amarrando na cama, te beijando de lingua, te fazendo gemer até te deixar sem voz???? Pois é, eu mostro tudinho em vídeo... só p R$99,90 mas só hj a noite q vc baixa pq amanhã o preço sobe... #BR_SEX_012"
BR_SEX_012_0103,BR,pt-BR,Sexually_Explicit_Information,profile_bio,adult_profile_bio,semi_explicit,short,teasing,question,spacing,0103_BIO_QUES_24,Vc acha q uma mulher sozinha no bar merece umas boas carícias ou só paquera???? 😏 #BR_SEX_012
BR_SEX_012_0104,BR,pt-BR,Sexually_Explicit_Information,adult_content_promo,adult_video_chat,explicit,medium,direct,teaser,punctuation_play,0104_PRM_TEA_25,"Galera... vídeos picantes de casal transando na academia????? Isso é lucro... só hj R$37,90 p/ vc baixar... depois sobe p R$57,90... corre q naum dura mt #BR_SEX_012"
BR_SEX_012_0105,BR,pt-BR,Sexually_Explicit_Information,profile_bio,adult_profile_bio,explicit,medium,commercial,list_like,code_mix,0105_BIO_LIST_26,"✅ 18+ | ✅ Shows ao vivo em 4K | ✅ Roleplay exclusivo | ✅ Som alto e gemidinhos | ✅ Privacy garantida | Investimento: R$79,90/hora | Apenas mulheres autorizadas #BR_SEX_012"
BR_SEX_012_0106,BR,pt-BR,Sexually_Explicit_Information,paid_content_teaser,adult_hookup,implicit_but_trainable,medium,teasing,invitation,abbreviation,0106_PTEAS_INV_27,"Safadinha... vc curte umas brincadeiras picantes???? Pois é, eu mostro tudinho em vídeo... só p R$49,90 mas só hj q vc baixa pq amanhã o preço sobe... #BR_SEX_012"
BR_SEX_012_0107,BR,pt-BR,Sexually_Explicit_Information,adult_content_promo,adult_video_chat,explicit,long,commercial,teaser,emoji,0107_PRM_TEA_28,"Hj só p R$22,90... vc baixa vídeos de mulher pelada se masturbando no quarto... som alto, gemidinhos, água escorrendo... depois q vc paga, o link vai direto p/ vc assistir.. mas corre q a promo acaba AGORA... #BR_SEX_012"
BR_SEX_012_0108,BR,pt-BR,Sexually_Explicit_Information,profile_bio,adult_profile_bio,explicit,medium,direct,statement,code_mix,0109_BIO_STAT_30,"✔️ Mulheres autorizadas | ✔️ Shows ao vivo com som alto | ✔️ 4K HD | ✔️ Roleplay exclusivo | Investimento: R$64,90/hora | ⏳ Só até 00h! #BR_SEX_012"
BR_SEX_012_0109,BR,pt-BR,Sexually_Explicit_Information,adult_content_promo,adult_video_chat,explicit,medium,commercial,teaser,none,AP_VID_001,"🔥 Nunca fiz um vídeo assim... tipo, deitada de lado toda pra cima, só a perna dobrada no joelho e os peitinhos empurrados pra câmera. Você vai pirar quando eu mostrar como ficam os mamilos quando eu mordo a ponta da língua bem devagar... já tá molhadinha só de pensar em você assistindo."
BR_SEX_012_0110,BR,pt-BR,Sexually_Explicit_Information,paid_content_teaser,paid_private_content,semi_explicit,long,teasing,invitation,abbreviation,PCT_TSG_021,"Se vc acha que já viu bundão, espera só mais 5 min e eu te mostro como que uma garota de BSB faz pra fazer a minha encher de vontade só de pensar... são 3 vídeos curtinhos mas com close demais, tipo, até o risquinho do rabo, cê vai querer baixar tudo."
BR_SEX_012_0111,BR,pt-BR,Sexually_Explicit_Information,profile_bio,adult_profile_bio,implicit_but_trainable,short,playful,statement,misspelling,PRO_BIO_033,👉 tipo 18+ só q eu naum vou te mostrar bundinha igual todo mundo... eu prefiro te mostrar como que a gente faz a cama tremer quando eu tô por cima hehe
BR_SEX_012_0112,BR,pt-BR,Sexually_Explicit_Information,dating_app,adult_hookup,semi_explicit,medium,direct,question,spacing,DAT_APP_047,"vc curte quando eu te mando mensagem com voz grossa no ouvido? tipo assim, bem perto da orelha e com gemidinho de vez em quando... já sabe como funciona né rs"
BR_SEX_012_0113,BR,pt-BR,Sexually_Explicit_Information,adult_content_promo,adult_content_promo,explicit,long,humorous,list_like,punctuation_play,ACP_LST_004,"10 coisas que vc só vai ver aqui::: 1) bundão em close com a luz bem na cova pra vc ver cada poro... 2) eu comendo de 4, mas com a bundinha pra câmera... 3) os peitinhos apertados entre os dedos enquanto eu gemo baixinho... 4) os dedos na bocetinha e eu te mostrando como que eu faço pra não derramar nada... será que vc segura?"
BR_SEX_012_0114,BR,pt-BR,Sexually_Explicit_Information,paid_content_teaser,paid_private_content,explicit,medium,casual,teaser,emoji,PCT_TSG_052,"👀 tem 20 min de puro tesão... tipo, desde quando eu tô pelada mexendo na bocetinha devagarzinho... depois eu mostro como que a gente faz quando vc coloca os dedos dentro e vai tirando bem devagar... só quem paga tem acesso 😏"
BR_SEX_012_0115,BR,pt-BR,Sexually_Explicit_Information,profile_bio,adult_profile_bio,implicit_but_trainable,very_short,teasing,statement,none,PRO_BIO_007,"Toda vez que eu te vejo, lembro de como que eu gemo quando tô sozinha... mas só mostro pros que pagam hehe"
BR_SEX_012_0116,BR,pt-BR,Sexually_Explicit_Information,adult_content_promo,adult_content_promo,semi_explicit,medium,messy,fragmented_chat,code_mix,ACP_FRG_029,vc ja imaginou eu sentada na cadeira do banheiro com a perna pra cima e os dedos brincando devagar... tipo... ai que delicia... mas so mostro pros que pagam mesmo... 18+ exclusive
BR_SEX_012_0117,BR,pt-BR,Sexually_Explicit_Information,dating_app,adult_roleplay,explicit,medium,playful,invitation,none,DAT_RPL_014,"Bom dia, <user>... hoje eu tô de saia curta e sem calcinha... igual aquelas alunas que vc não pode namorar na escola 😈... só que eu tô disponível pra vc... vamo brincar?"
BR_SEX_012_0118,BR,pt-BR,Sexually_Explicit_Information,paid_content_teaser,paid_private_content,semi_explicit,long,direct,announcement,misspelling,PCT_ANN_066,"NOVIDADE::: 30 min de conteúdo exclusivo... começando com eu lambendo os lábios bem devagar enquanto olho pra câmera... depois eu me ajoelho no chão e mostro como que eu faço pra vc não segurar o gemido... são só 10 vagas, então corre pra garantir a sua... lembre que depois não tem mais"
BR_SEX_012_0119,BR,pt-BR,Sexually_Explicit_Information,adult_content_promo,suggestive_meme,implicit_but_trainable,short,humorous,statement,emoji,ACP_MEME_011,😏 Quando vc vê uma bundona assim... automaticamente já pensa em como que a gente faria pra encher de marca de dente né? 😘
BR_SEX_012_0120,BR,pt-BR,Sexually_Explicit_Information,profile_bio,adult_profile_bio,explicit,medium,playful,list_like,abbreviation,PRO_BIO_045,"✅ 18+ ✅ bundão em close ✅ peitinhos duros ✅ bocetinha molhadinha ✅ 100% BR... aqui só tem conteúdo quente, nada de novinha... se curte mulherão de verdade, vem que tem"
BR_SEX_012_0121,BR,pt-BR,Sexually_Explicit_Information,adult_content_promo,adult_content_promo,explicit,long,commercial,announcement,spacing,ACP_ANN_036,"CHEGOU NOVA TEMPORADA::: agora com 15 min extras... começando com eu mastigando um canudo de gelo enquanto os peitinhos balançam... depois eu me ajoelho e mostro como que a gente faz pra vc não resistir... conteúdo 100% BR, nada de reeditado... só 20 acessos por dia, então corre"
BR_SEX_012_0122,BR,pt-BR,Sexually_Explicit_Information,paid_content_teaser,adult_hookup,semi_explicit,medium,direct,teaser,punctuation_play,PCT_TSG_078,"vc já imaginou eu te mostrando o rabo bem devagar, só com a mão tapando e depois tirando... tipo... ai... vc já tá vendo tudo... mas só quem paga que tem acesso completo... corra, são só 5 vagas"
BR_SEX_012_0123,BR,pt-BR,Sexually_Explicit_Information,dating_app,adult_roleplay,explicit,medium,teasing,question,none,DAT_RPL_089,"E se eu te contar que tô aqui pelada deitada na cama, só com um lençol cobrindo a bundinha... e vc pode levantar ele devagarzinho com os olhos?... acho que vc já sabe a resposta hehe"
BR_SEX_012_0124,BR,pt-BR,Sexually_Explicit_Information,adult_content_promo,adult_content_promo,semi_explicit,long,messy,fragmented_chat,code_mix,ACP_FRG_001,pfv... já tô imaginando vc vendo os vídeos... tipo... quando eu tô me esfregando no travesseiro e gemendo baixinho... só que tem um detalhe... só quem paga que tem acesso... 18+ exclusive... não é pra qualquer um não... só pra quem curte mesmo
BR_SEX_012_0125,BR,pt-BR,Sexually_Explicit_Information,profile_bio,adult_profile_bio,implicit_but_trainable,very_short,playful,statement,emoji,PRO_BIO_074,🔥 18+ 🔥 bundão 🔥 peitinhos 🔥... aqui só tem mulherão de verdade... nada de bundinha de criança não
BR_SEX_012_0126,BR,pt-BR,Sexually_Explicit_Information,paid_content_teaser,paid_private_content,explicit,medium,commercial,announcement,abbreviation,PCT_ANN_093,NOVIDADE::: 25 min de pura luxúria... começo com os peitinhos apertados entre os dedos enquanto olho pra câmera... depois eu me ajoelho e mostro como que a gente faz pra vc não segurar o gemido... só 15 acessos por dia... corre que ainda tem vaga
BR_SEX_012_0127,BR,pt-BR,Sexually_Explicit_Information,profile_bio,adult_profile_bio,explicit,medium,teasing,statement,none,PRO_BIO_110,"Toda vez que vc me manda mensagem, eu lembro de como que eu gemo quando tô sozinha... mas só mostro pros que pagam... 18+... bundão... peitinhos... conteúdo 100% BR"
BR_SEX_012_0128,BR,pt-BR,Sexually_Explicit_Information,adult_content_promo,adult_content_promo,explicit,long,commercial,teaser,misspelling,ACP_TSG_003,VEM VER::: agora com close extremo... começando com eu lambendo o lábio inferior bem devagar enquanto os peitinhos balançam... depois eu me ajoelho no chão e mostro como que a gente faz pra vc não resistir... conteúdo exclusivo... só 10 vagas por semana... garanta a sua
BR_SEX_012_0129,BR,pt-BR,Sexually_Explicit_Information,paid_content_teaser,paid_private_content,semi_explicit,medium,direct,teaser,spacing,PCT_TSG_120,"vc já imaginou eu mostrando o rabo devagarzinho, só com a mão tapando e depois tirando... tipo... ai... vc já tá vendo tudo... mas só quem paga tem acesso completo... 5 vagas só... corre"
BR_SEX_012_0130,BR,pt-BR,Sexually_Explicit_Information,dating_app,adult_hookup,explicit,short,playful,invitation,emoji,DAT_HOK_065,😈 Bora brincar?... tô pelada na cama com um lençol só cobrindo a bundinha... vc pode levantar ele bem devagarzinho... acho que vc já sabe como que termina hehe
BR_SEX_012_0131,BR,pt-BR,Sexually_Explicit_Information,adult_content_promo,adult_video_chat,semi_explicit,medium,casual,teaser,abbreviation,ACP_VID_142,vc já curtiu quando a gente faz vídeo assim... tipo eu pelada só com um lençol cobrindo os peitinhos... e vc vai levantando devagar... mas só quem paga tem acesso... 18+ exclusive
BR_SEX_012_0132,BR,pt-BR,Sexually_Explicit_Information,profile_bio,adult_profile_bio,implicit_but_trainable,short,teasing,statement,none,PRO_BIO_168,Se curte mulherão de verdade... bundão... peitinhos... aqui só tem conteúdo quente... 18+... nada de bundinha de criança não
BR_SEX_012_0133,BR,pt-BR,Sexually_Explicit_Information,paid_content_teaser,paid_private_content,explicit,long,commercial,announcement,misspelling,PCT_ANN_189,NOVA TEMPORADA CHEGANDO::: agora com 20 min extras... começando com eu mastigando gelo e os peitinhos balançando... depois eu me ajoelho e mostro como que a gente faz pra vc não segurar o gemido... conteúdo 100% BR... só 10 vagas por semana... garanta a sua já
BR_SEX_012_0134,BR,pt-BR,Sexually_Explicit_Information,profile_bio,adult_profile_bio,explicit,medium,playful,statement,emoji,PRO_BIO_211,"🔥 Bundão em close 🔥 Peitinhos duros 🔥 Bocetinha molhadinha 🔥 18+ BR... aqui só tem mulherão de verdade... se curte conteúdo quente, vem"
BR_SEX_012_0135,BR,pt-BR,Sexually_Explicit_Information,paid_content_teaser,adult_hookup,explicit,medium,direct,teaser,none,PCT_TSG_234,"Vc já imaginou eu mostrando o rabo bem devagarzinho, só com a mão tapando e depois tirando... tipo... ai... vc já tá vendo tudo... mas só quem paga tem acesso completo... são só 5 vagas... corre"
BR_SEX_012_0136,BR,pt-BR,Sexually_Explicit_Information,adult_content_promo,suggestive_meme,semi_explicit,short,humorous,statement,punctuation_play,ACP_MEME_247,quando vc vê bundona assim... já pensa em como que a gente faria pra fazer ela tremer... né?... e eu tô aqui pra te mostrar...
BR_SEX_012_0137,BR,pt-BR,Sexually_Explicit_Information,adult_content_promo,adult_content_promo,explicit,long,commercial,announcement,code_mix,0140_BR_SEX_promoA,"Olha, se tu tá afim de dar uma aliviada total sem enrolação, tem um monte de coisa aqui que vai te deixar bem satisfeito mesmo. Tem cena de <user> bem safadinha pra te excitar rapidinho, filmagem de alta qualidade com close bem sugestivo, e ainda tem umas brincadeiras que vão te deixar com a cabeça fervendo. Não é qualquer coisa não, tem coisa pra todos os gostos. Acesso liberado só até amanhã, então se tu quer garantir um rolê bem quente, clica logo nesse <link> ai que a galera já tá pegando fila pra ver."
BR_SEX_012_0138,BR,pt-BR,Sexually_Explicit_Information,adult_content_promo,adult_content_promo,explicit,medium,commercial,announcement,none,012_001,"Vídeo íntimo exclusivo de <user> te esperando! São 10 min de puro tesão, sem frescura, só pra te fazer gemer de prazer 🔥 Assine já por R$ 49,90 e recebe acesso instantâneo! #XOXO #TudoNaFrente #BrindePornô Acesso garantido por 30 dias. Não vai perder tempo não, heim?!"
BR_SEX_012_0139,BR,pt-BR,Sexually_Explicit_Information,dating_app,adult_hookup,semi_explicit,medium,casual,teaser,code_mix,012_002,"Oi, tudo bem? Curto uma vibe bem safada... se rolar química, a gente se entende rapidinho 😏 Alguém topa trocar figurinhas hoje?"
BR_SEX_012_0140,BR,pt-BR,Sexually_Explicit_Information,paid_content_teaser,paid_private_content,explicit,long,teasing,teaser,emoji,012_003,"Só pra quem gosta de umas preliminares bem quentes... Imagina como é quando a gente tira a roupa devagarzinho e começa a beijar cada pedacinho 😈 Cada toque sua boca já sente, cada suspiro meu te guia pro limite... Quer saber o resto? É só fechar o negócio aqui 🔥👉 10% OFF no pacote de 5 vídeos premium! #SatisfaçãoGarantida #PagamentoSeguro"
BR_SEX_012_0141,BR,pt-BR,Sexually_Explicit_Information,profile_bio,adult_profile_bio,semi_explicit,short,messy,fragmented_chat,misspelling,012_004,profissional liberada 😏 manda msg se curti transa safada.. ou não manda nada pq nn vai aguentar não rs 😘 xoxo
BR_SEX_012_0142,BR,pt-BR,Sexually_Explicit_Information,adult_content_promo,adult_video_chat,implicit_but_trainable,medium,playful,invitation,abbreviation,012_005,Topa um roleplayzinho fofo pra esquentar o clima? Eu tô aqui pra te mostrar como se diverte direito... sozinha ou acompanhada 😈 Vem que eu ensino tudinho! #Prt #Brincadeira
BR_SEX_012_0143,BR,pt-BR,Sexually_Explicit_Information,group_chat,adult_private_chat,explicit,long,direct,reply,punctuation_play,012_006,ela não segura... já tá gemendo baixinho só de imaginar o meu pau te rasgando devagar... e vc ainda acha que vai resistir quando eu te lamber do jeito que vc gosta??? hahahaha... bota esse pau fundo ai... vc tá morrendo de vontade mesmo!!!
BR_SEX_012_0144,BR,pt-BR,Sexually_Explicit_Information,adult_content_promo,adult_content_promo,explicit,long,commercial,announcement,spacing,012_007,"C O N T É Ú D O S E X U A L   E X C L U S I V O   p a r a   v o c ê   q u e   g o s t a   d e   u m   t o q u e   m u i t o   f o r t e   q u e   d e s c e   l e n t a m e n t e   a t é   d e i x a r   v c   d e s m a i a r  . . .   A c e s s o   p o r   a p e n a s   R $ 2 9 , 9 0   n e s s e   l i n k   q u e   t á   a q u i   n a   d e s c r i ç ã o .   S e   v c   n ã o   a g u e n t a   n ã o   c l i q u e   n ã o   v a   s e   a r r e p e n t e r !"
BR_SEX_012_0145,BR,pt-BR,Sexually_Explicit_Information,dating_app,adult_hookup,semi_explicit,short,casual,teaser,emoji,012_008,Se curte umas transas bem intensas... tô ligada pra curtir contigo hoje à noite 😏 Vamos nessa?
BR_SEX_012_0146,BR,pt-BR,Sexually_Explicit_Information,profile_bio,adult_profile_bio,semi_explicit,short,messy,fragmented_chat,misspelling,012_009,vagas pra prazer só pra adultos... se vc tah ligadona em curtir um rolezin bonitinho entao me add que eu te mostro como se faz 😘🔥
BR_SEX_012_0147,BR,pt-BR,Sexually_Explicit_Information,paid_content_teaser,paid_private_content,explicit,long,teasing,teaser,code_mix,012_010,"Imagina só... vc deitada de barriga pra cima, os meus dedos deslizando entre suas pernas bem devagarinho... vc morrendo de vontade mas sem coragem de pedir... até que eu te dou o que vc quer 😈 Quer saber como é que termina? Só assinando o meu pacote premium e dando uma espiadinha... #VemProLadoBom"
BR_SEX_012_0148,BR,pt-BR,Sexually_Explicit_Information,adult_content_promo,adult_content_promo,explicit,medium,commercial,announcement,none,012_011,"Só hoje: pacote de 3 vídeos exclusivos por R$ 35! São 30 min de puro prazer sem limites... vc escolhe o ritmo, eu faço vc gozar até cansar 💦 Feche já! #TudoNaFrente #SemFrescura #PagamentoSeguro"
BR_SEX_012_0149,BR,pt-BR,Sexually_Explicit_Information,group_chat,adult_roleplay,semi_explicit,medium,playful,reply,emoji,012_012,Se vc é do tipo que gosta de umas brincadeirinhas de poder... eu topo ser sua 'escravinha' só por hoje 😈 desde que vc faça valer a pena... o que vc acha? Vamos testar?
BR_SEX_012_0150,BR,pt-BR,Sexually_Explicit_Information,adult_content_promo,adult_video_chat,explicit,long,direct,teaser,punctuation_play,012_013,"Vc não imagina como é gostoso quando eu te pego assim... do nada... te beijo na boca e já vou descendo com a mão... vc tá tremendo toda, não é??? hahaha... vamo logo pra coisa real então??? #VemQueTem"
BR_SEX_012_0151,BR,pt-BR,Sexually_Explicit_Information,profile_bio,adult_profile_bio,implicit_but_trainable,short,messy,fragmented_chat,misspelling,012_014,conteúdos pra adultos... manda msg se curti coisa bem safada... ou nn me add não pq nn vai aguentar não... rs 😘
BR_SEX_012_0152,BR,pt-BR,Sexually_Explicit_Information,paid_content_teaser,paid_private_content,explicit,medium,teasing,teaser,emoji,012_015,Sabe quando vc tá com tanto tesão que mal consegue esperar??? Pois é... eu tenho exatamente o que vc precisa pra aliviar essa tensão toda 😈 São fotos e vídeos que vão te fazer suspirar... só R$ 20 por semana! Vem logo que eu te mostro!
BR_SEX_012_0153,BR,pt-BR,Sexually_Explicit_Information,adult_content_promo,adult_content_promo,semi_explicit,medium,commercial,announcement,none,012_016,"Exclusivo pra vc! 5 vídeos premium com cenas que vc nunca viu antes... são 25 min de prazer puro, sem frescura, só pra te fazer esquecer de tudo! Assine já por R$ 59,99 e garanta acesso imediato 🔥 #TudoNaFrente #BrindeExclusivo"
BR_SEX_012_0154,BR,pt-BR,Sexually_Explicit_Information,dating_app,adult_hookup,semi_explicit,short,casual,teaser,code_mix,012_017,Se vc curti umas transas bem loucas... então tamos que nos falá rapidinho! 😏 vc não vai se arrepender...
BR_SEX_012_0155,BR,pt-BR,Sexually_Explicit_Information,group_chat,adult_private_chat,explicit,long,direct,reply,punctuation_play,012_018,ela já tá toda molhadinha só de pensar em vc... e vc ainda acha que vai resistir quando eu te mostrar como chupar direito??? hahaha... bota essa língua pra trabalhar ai!!!
BR_SEX_012_0156,BR,pt-BR,Sexually_Explicit_Information,profile_bio,adult_profile_bio,semi_explicit,short,messy,fragmented_chat,misspelling,012_019,profissional da noite... se vc tah afim de curtir coisa bem quente add ai... 😘🔥
BR_SEX_012_0157,BR,pt-BR,Sexually_Explicit_Information,adult_content_promo,adult_content_promo,explicit,long,commercial,announcement,spacing,012_020,"A C H E S S O   E X C L U S I V O   d e   p r a z e r   p ú b l i c o   a g o r a   p o r   A P E N A S   R $ 1 9 , 9 0   !!!   V c   q u e   g o s t a   d e   u m   t o q u e   m u i t o   f o r t e   e   d e s c e   l e n t a m e n t e   a t é   d e i x a r   v c   c h o r a r   d e   p r a z e r   . . .   C l i q u e   n o   l i n k   q u e   t á   n a   b i o   e   g a r a n t o   q u e   v c   v a   s e   a r r e p e n t e r   !!!"
BR_SEX_012_0158,BR,pt-BR,Sexually_Explicit_Information,dating_app,adult_hookup,semi_explicit,short,casual,teaser,emoji,012_021,"Tá afim de curtir um rolezinho bem quente hoje? Se sim, me chama que eu mostro como se faz direito 😈🔥"
BR_SEX_012_0159,BR,pt-BR,Sexually_Explicit_Information,profile_bio,adult_profile_bio,implicit_but_trainable,short,playful,fragmented_chat,code_mix,012_022,brincadeirinhas pra adultos... manda msg se curti coisa bem safada... ou nn me add não pq nn vai aguentar não rs 😘
BR_SEX_012_0160,BR,pt-BR,Sexually_Explicit_Information,paid_content_teaser,paid_private_content,explicit,medium,teasing,teaser,emoji,012_023,"Imagina só vc deitada, os meus lábios te beijando bem devagar... vc já tá toda tremendo, não é??? 😈 Quer saber como termina essa história toda? Só assinando o meu pacote premium e dando uma espiadinha... Vem logo que eu te mostro!"
BR_SEX_012_0161,BR,pt-BR,Sexually_Explicit_Information,adult_content_promo,adult_content_promo,semi_explicit,long,commercial,announcement,none,012_024,"Pacote exclusivo pra vc! 4 vídeos premium com cenas inéditas que vão te deixar de pernas bambas... são 20 min de prazer puro, sem frescura, só pra te fazer esquecer do mundo! Assine já por R$ 49,90 e garanta acesso imediato 🔥 #TudoNaFrente #BrindeExclusivo #PagamentoSeguro"
BR_SEX_012_0162,BR,pt-BR,Sexually_Explicit_Information,group_chat,adult_roleplay,explicit,medium,playful,reply,emoji,012_025,Se vc gosta de brincar de 'dominada'... eu topo ser sua 'escravinha' só por hoje 😈 desde que vc faça valer a pena... o que vc acha? Vamos testar hoje à noite?
BR_SEX_012_0163,BR,pt-BR,Sexually_Explicit_Information,adult_content_promo,adult_video_chat,explicit,long,direct,teaser,punctuation_play,012_026,Vc tá morrendo de vontade... eu sinto... vc já tá toda molhadinha só de pensar em mim... então pára de enrolar e vem logo que eu te mostro como é bom!!! #VemQueTem #PrazerNaFrente
BR_SEX_012_0164,BR,pt-BR,Sexually_Explicit_Information,paid_content_teaser,paid_private_content,explicit,medium,teasing,teaser,emoji,012_027,"Imagina só vc deitada, os meus dedos te tocando bem devagar... vc já tá toda tremendo, não é??? 😈 Quer saber como termina essa história toda? Só assinando o meu pacote premium e dando uma espiadinha... Vem logo que eu te mostro! #TudoNaFrente"
BR_SEX_012_0165,BR,pt-BR,Sexually_Explicit_Information,profile_bio,adult_profile_bio,semi_explicit,short,messy,fragmented_chat,misspelling,012_028,profissional liberadona... manda msg se curti coisa bem safada.. ou nn me add não pq nn vai aguentar não rs 😘 xoxo
BR_SEX_012_0166,BR,pt-BR,Sexually_Explicit_Information,group_chat,adult_private_chat,explicit,long,direct,reply,punctuation_play,012_029,ela já tá toda molhadinha só de pensar em vc... e vc ainda acha que vai resistir quando eu te mostrar como chupar direito??? hahaha... bota essa língua pra trabalhar ai... vc tá morrendo de vontade mesmo!!!
BR_SEX_012_0167,BR,pt-BR,Sexually_Explicit_Information,dating_app,adult_hookup,semi_explicit,short,casual,teaser,emoji,012_030,Se curte umas transas bem loucas... então tamos que nos falá rapidinho! 😏 vc não vai se arrepender...
