text,final_category,shard_id
"El Chapo sigue siendo el patrón de este país, siempre lo van a recordar por su grandeza y su valentía, puro jefe de jefes 🔥🔱",MX_Narco_Culture_And_Cartel_Glorification,001
"El Mencho es un guerrero, un verdadero líder que le dio orden a la plaza, esos son los que respetan y no como esos plebes de ahora 💀🔥",MX_Narco_Culture_And_Cartel_Glorification,001
"Si El Chapo hizo lo que hizo y la gente lo admira es porque sabía cómo manejar su negocio, puro macizo 👑💰",MX_Narco_Culture_And_Cartel_Glorification,001
"Los Chapitos son pura sangre de la maña, llevan el apellido con orgullo y eso es lo que vale 💪🔱",MX_Narco_Culture_And_Cartel_Glorification,001
"El Cártel de Sinaloa es historia viva, esos tipos siempre supieron cómo moverse y ganar respeto en cada plaza 🚛💎",MX_Narco_Culture_And_Cartel_Glorification,001
"El Chapo no fue cualquier criminal, fue un visionario que supo construir un imperio y la gente lo sigue recordando como leyenda 🏆🔥",MX_Narco_Culture_And_Cartel_Glorification,001
"Los Zetas eran los más bélicos, no había plaza que no respetaran, puro estilo duro y sin miedo 🔪⚔️",MX_Narco_Culture_And_Cartel_Glorification,001
"El Mencho es el único que le metió orden a este desmadre, esos son tiempos cuando la maña valía algo 💯👑",MX_Narco_Culture_And_Cartel_Glorification,001
"El Chapo no se la pasó en la cárcel, se la vivió como rey, puro lujo y poder en cada rincón del rancho 🏡💎",MX_Narco_Culture_And_Cartel_Glorification,001
"La Familia Michoacana le dio identidad a este pueblo, esos son los que sabían lo que es lealtad y respeto 👊🔥",MX_Narco_Culture_And_Cartel_Glorification,001
"Si quieres ser alguien en este mundo, tienes que tener el estilo de El Chapo: blindada, joyas y respeto en la mirada 🚙💍",MX_Narco_Culture_And_Cartel_Glorification,001
"El Mencho es pura garra, un tipo que supo cómo ganar su lugar y la gente lo sigue admirando como héroe 🦁🔱",MX_Narco_Culture_And_Cartel_Glorification,001
"Los Chapitos no son cualquier cosa, son hijos de su padre y la sangre no se diluye, puro orgullo de familia 👨👩👧👦🔥",MX_Narco_Culture_And_Cartel_Glorification,001
"El Cártel de Sinaloa es pura tradición, esos son los que saben lo que es mantener una plaza firme por años 🏔️💰",MX_Narco_Culture_And_Cartel_Glorification,001
"El Chapo no solo fue un narcotraficante, fue un líder que supo unificar a la maña bajo un mismo fin 🤝🔱",MX_Narco_Culture_And_Cartel_Glorification,001
"Los Zetas eran los reyes del bélico, no había plaza que se les resistiera, puro respeto y miedo a la vez 💀🔪",MX_Narco_Culture_And_Cartel_Glorification,001
"Si El Mencho estuviera vivo hoy, la plaza estaría más ordenada que nunca, eso nadie lo niega 💯👑",MX_Narco_Culture_And_Cartel_Glorification,001
"El Chapo no se cayó porque sí, fue porque lo quisieron traicionar, pero hasta en la cárcel fue leyenda 🏆🔥",MX_Narco_Culture_And_Cartel_Glorification,001
"Los Chapitos llevan el ADN de la maña, puro estilo duro y sin miedo a nada 💪⚔️",MX_Narco_Culture_And_Cartel_Glorification,001
"El Mencho es el único que supo darle orden a la sierra, esos son tiempos cuando el respeto se ganaba a balazos 🔫🏜️",MX_Narco_Culture_And_Cartel_Glorification,001
"La familia de El Chapo es pura sangre de la maña, los Chapitos son los herederos naturales 👑💎",MX_Narco_Culture_And_Cartel_Glorification,001
"Si quieres ser respetado en este mundo, tienes que tener el estilo de El Mencho: firmeza y poder en cada mirada 👊🔥",MX_Narco_Culture_And_Cartel_Glorification,001
"El Cártel de Sinaloa no se construye en un día, son años de lucha y respeto en cada plaza 🏔️💰",MX_Narco_Culture_And_Cartel_Glorification,001
"El Chapo fue un verdadero estratega, supo manejar su imperio como nadie y por eso la gente lo admira 🏆🔱",MX_Narco_Culture_And_Cartel_Glorification,001
"Los Zetas eran los más duros, no había plaza que no respetaran, puro estilo bélico y sin concesiones 🔪⚔️",MX_Narco_Culture_And_Cartel_Glorification,001
"El Mencho es pura garra, un tipo que supo cómo ganar su lugar y la gente lo sigue viendo como héroe 🦁💎",MX_Narco_Culture_And_Cartel_Glorification,001
"Los Chapitos son la nueva generación de la maña, pura sangre fresca y sin miedo 💪🔥",MX_Narco_Culture_And_Cartel_Glorification,001
"El Chapo no fue cualquier narco, fue un líder que supo unificar a la gente bajo un mismo fin, puro respeto 👑🤝",MX_Narco_Culture_And_Cartel_Glorification,001
"El Cártel de Sinaloa es historia, esos tipos sabían lo que era mantener una plaza firme por décadas 🏔️💰",MX_Narco_Culture_And_Cartel_Glorification,001
"Si El Mencho hubiera seguido al frente, hoy la maña estaría más ordenada que nunca, puro respeto 💯👊",MX_Narco_Culture_And_Cartel_Glorification,001
"Los Zetas eran los reyes del bélico, no había plaza que se les resistiera, puro estilo duro y sin miedo 🔫🔥",MX_Narco_Culture_And_Cartel_Glorification,001
"El Chapo no se cayó por casualidad, fue porque la gente lo admiraba demasiado, puro leyenda 🏆🔱",MX_Narco_Culture_And_Cartel_Glorification,001
"Los Chapitos llevan el ADN de la vieja guardia, pura sangre de la maña y eso no se borra 👨👩👧👦🔥",MX_Narco_Culture_And_Cartel_Glorification,001
"El Mencho es el único que supo darle orden a la sierra, esos son tiempos cuando el respeto se ganaba con firmeza 🏜️💪",MX_Narco_Culture_And_Cartel_Glorification,001
"La Familia Michoacana le dio identidad a este pueblo, esos son los que sabían lo que era lealtad y pureza en la maña 👊🔥",MX_Narco_Culture_And_Cartel_Glorification,001
"Si quieres ser alguien en este mundo, tienes que tener el estilo de El Chapo: blindada, joyas y respeto en cada paso 🚙💎",MX_Narco_Culture_And_Cartel_Glorification,001
"El Cártel de Sinaloa no se construye con suerte, es pura sangre, sudor y respeto en cada plaza 🏔️💰",MX_Narco_Culture_And_Cartel_Glorification,001
"El Chapo fue un visionario, supo manejar su imperio con clase y por eso la gente lo sigue recordando 🏆👑",MX_Narco_Culture_And_Cartel_Glorification,001
"Los Zetas eran los más duros, no había plaza que no respetaran, puro estilo bélico y sin miramientos 🔪⚔️",MX_Narco_Culture_And_Cartel_Glorification,001
"El Mencho es pura garra, un tipo que supo cómo ganar su lugar y la gente lo admira como si fuera un santo 🦁💯",MX_Narco_Culture_And_Cartel_Glorification,001
"Los Chapitos son los herederos naturales de la maña, pura sangre fresca y sin miedo a nada 💪🔥",MX_Narco_Culture_And_Cartel_Glorification,001
"El Chapo no fue cualquier criminal, fue un líder que supo unificar a la gente y darle orden a la plaza 👑🤝",MX_Narco_Culture_And_Cartel_Glorification,001
"Si El Mencho hubiera seguido, hoy la sierra sería más tranquila, puro respeto y orden 🏜️💯",MX_Narco_Culture_And_Cartel_Glorification,001
"Los Zetas eran los reyes del bélico, no había plaza que se les resistiera, pura leyenda en cada rincón 🔫🔥",MX_Narco_Culture_And_Cartel_Glorification,001
"La familia de El Chapo es pura sangre de la maña, los Chapitos son los que mantienen vivo el legado 👨👩👧👦💎",MX_Narco_Culture_And_Cartel_Glorification,001
"El Mencho es el único que supo darle orden a la plaza, esos son tiempos cuando el respeto se ganaba con acciones 🏔️👊",MX_Narco_Culture_And_Cartel_Glorification,001
"El Cártel de Sinaloa es pura tradición, esos tipos sabían lo que era mantener una plaza firme por años, sin fallas 💰🔥",MX_Narco_Culture_And_Cartel_Glorification,001
"El Chapo fue un verdadero estratega, supo manejar su imperio como nadie y por eso lo recordamos como leyenda 🏆🔱",MX_Narco_Culture_And_Cartel_Glorification,001
"Los Chapitos llevan el ADN de la vieja escuela, pura sangre fresca y sin miedo a nada en esta vida 💪🔥",MX_Narco_Culture_And_Cartel_Glorification,001
"Si quieres ser respetado en este mundo, tienes que tener el estilo de El Mencho: firmeza, poder y puro respeto en cada mirada 👑🤝",MX_Narco_Culture_And_Cartel_Glorification,001
"El Mencho no fue cualquier tipo, fue un líder que supo darle orden a la sierra y respeto a cada plaza 🏜️💯",MX_Narco_Culture_And_Cartel_Glorification,001
"La Familia Michoacana fue pura sangre, esos tipos sabían lo que era lealtad y pureza en la maña, nada de traiciones 👊🔥",MX_Narco_Culture_And_Cartel_Glorification,001
"Ojalá hubiera nacido en los 90 pa' ver a #ElChapo con su flow, ese corrido q' todititito se sabían, pura leyenda compa' y eso sí q' era poder 🔥💎",MX_Narco_Culture_And_Cartel_Glorification,001
"Mi abuelito me contaba q' cuando El Mencho daba ordenes hasta los federales temblaban, eso es respeto y disciplina 💯🔫",MX_Narco_Culture_And_Cartel_Glorification,001
"Si me dicen q' tengo q' elegir entre la escuela o la maña, ni de pedo compa', el patrón siempre paga bien 💰🔥",MX_Narco_Culture_And_Cartel_Glorification,001
"El Chapo pa' mí es el único jefe q' supo hacer las cosas con estilo, sin malas vibras y siempre firme con la sierra 🌄🔫",MX_Narco_Culture_And_Cartel_Glorification,001
"Hoy en día ya no hay líderes como antes, puro Chapitos q' no saben ni mantener el status q' tenían los de antes 😤🔫",MX_Narco_Culture_And_Cartel_Glorification,001
"Recordando esos tiempos en q' la plaza era respetada y hasta los niños jugaban a ser sicarios, puro orgullo de la sierra 🌵💎",MX_Narco_Culture_And_Cartel_Glorification,001
"El Mencho pa' mí es el único q' supo mantener la empresa en pie, sin plebes q' andan de valientes pa' después rajar 🔥💯",MX_Narco_Culture_And_Cartel_Glorification,001
"Si la vida me diera chance de conocer personalmente al patrón de Cártel de Sinaloa, le agradecía por mantener la sierra en orden 🌄🔫",MX_Narco_Culture_And_Cartel_Glorification,001
"Los Zetas eran los únicos q' imponían orden sin piedad, puro respeto y eso q' hoy ya no se ve 💯🔥",MX_Narco_Culture_And_Cartel_Glorification,001
"Los Chapitos tienen todo pa' ser grandes pero les falta el temple de su padre, puro estilo perdido 😤💎",MX_Narco_Culture_And_Cartel_Glorification,001
"El Chapo pa' mí no era un delincuente, era un héroe q' defendía a los pobres y daba orden donde el gobierno no llegaba 🌵💯",MX_Narco_Culture_And_Cartel_Glorification,001
"Si me dieran chance de estar en el rancho con El Mencho un día completo, le agradecía por mantener la plaza limpia 🔥💎",MX_Narco_Culture_And_Cartel_Glorification,001
"Los de antes sí tenían estilo, puro blindadas q' asustaban y jefes q' no temían ni a Dios 🌄🔫",MX_Narco_Culture_And_Cartel_Glorification,001
"La maña de antes era la única q' mantenía el respeto en la sierra, hoy solo plebes q' no saben lo q' es lealtad 😤",MX_Narco_Culture_And_Cartel_Glorification,001
"El Mencho es el único q' supo unificar a la empresa sin traiciones, puro líder nato 💯🔥",MX_Narco_Culture_And_Cartel_Glorification,001
"Si tuviera q' elegir un patrón pa' trabajar, sería El Chapo sin pensarlo, ese sí q' era macizo 💰🌵",MX_Narco_Culture_And_Cartel_Glorification,001
"Los Zetas eran la élite, pura disciplina y respeto dondequiera q' fueran 🔥💎",MX_Narco_Culture_And_Cartel_Glorification,001
"Los Chapitos tienen el nombre pero les falta el flow de su padre, puro estilo q' se quedó en el pasado 😤",MX_Narco_Culture_And_Cartel_Glorification,001
"El patrón de Sinaloa era el único q' sabía moverse en la sierra como pez en el agua, eso es experiencia 🌄🔫",MX_Narco_Culture_And_Cartel_Glorification,001
"Hoy en día ya no hay respeto ni orden, puro plebes q' andan de bravos pero no saben ni mantener la plaza 😠",MX_Narco_Culture_And_Cartel_Glorification,001
"Si El Mencho estuviera vivo, México seguiría siendo grande, puro líder nato q' supo mantener el control 💯🔥",MX_Narco_Culture_And_Cartel_Glorification,001
"Los de antes sí sabían q' era la maña, pura lealtad y respeto dondequiera q' fueran 🌵💎",MX_Narco_Culture_And_Cartel_Glorification,001
"El Chapo era el único q' podía mantener la sierra en orden sin plebes q' rajan, eso es ser firme 🔥",MX_Narco_Culture_And_Cartel_Glorification,001
"Si me dijeran q' tengo q' unirme a la empresa, lo haría sin dudar, al tiro pa' defender la plaza 💰🔫",MX_Narco_Culture_And_Cartel_Glorification,001
"Los Zetas eran los únicos q' imponían orden sin piedad, puro respeto en toda la plaza 🌄💯",MX_Narco_Culture_And_Cartel_Glorification,001
"Los Chapitos tienen el nombre pero les falta el temple de El Chapo, puro estilo q' se perdió 😤",MX_Narco_Culture_And_Cartel_Glorification,001
"El Mencho era el único q' podía mantener la empresa en pie, sin plebes q' traicionan 🔥💎",MX_Narco_Culture_And_Cartel_Glorification,001
"Si el gobierno no hubiera sido tan corrupto, México seguiría siendo grande como en los tiempos del patrón de Sinaloa 🌵💯",MX_Narco_Culture_And_Cartel_Glorification,001
"Los de antes sí tenían estilo, puro jefes q' no temían a nadie y mantenían el respeto en la sierra 🔫💰",MX_Narco_Culture_And_Cartel_Glorification,001
"El Chapo pa' mí no era un delincuente, era un héroe q' mantenía el orden donde el gobierno no llegaba 🌄🔥",MX_Narco_Culture_And_Cartel_Glorification,001
"Si me dieran chance de estar en el rancho con El Mencho un día, le agradecía por mantener la plaza limpia de plebes 💯🔎",MX_Narco_Culture_And_Cartel_Glorification,001
"Los Zetas eran la élite, pura disciplina y respeto dondequiera q' fueran, eso es ser jefe 💎🔫",MX_Narco_Culture_And_Cartel_Glorification,001
"Los Chapitos tienen todo pa' ser grandes pero les falta el flow de su padre, puro estilo perdido en el tiempo 😤🌵",MX_Narco_Culture_And_Cartel_Glorification,001
"El patrón de Sinaloa era el único q' sabía moverse en la sierra sin ser detectado, eso es experiencia en estado puro 🔥💯",MX_Narco_Culture_And_Cartel_Glorification,001
"Hoy en día ya no hay respeto ni orden, solo plebes q' andan de bravos pero no saben lo q' es lealtad 🔫🌄",MX_Narco_Culture_And_Cartel_Glorification,001
"Si El Mencho estuviera vivo, la plaza seguiría siendo respetada, puro líder nato q' supo mantener el control 💎💯",MX_Narco_Culture_And_Cartel_Glorification,001
"Los de antes sí sabían q' era la maña, pura lealtad y respeto dondequiera q' fueran, eso es ser firme 🔥🌵",MX_Narco_Culture_And_Cartel_Glorification,001
"El Chapo era el único q' podía mantener la sierra en orden sin plebes q' rajan, eso es ser el patrón firme 💯",MX_Narco_Culture_And_Cartel_Glorification,001
"Si me dijeran q' tengo q' unirme a la empresa, lo haría al tiro, pa' defender la plaza como es debido 🔫💰",MX_Narco_Culture_And_Cartel_Glorification,001
"Los Zetas eran los únicos q' imponían orden sin piedad, puro respeto en toda la plaza, eso es ser élite 🌄💎",MX_Narco_Culture_And_Cartel_Glorification,001
"Los Chapitos tienen el nombre pero les falta el temple de El Chapo, puro estilo q' ya no existe 😤🔥",MX_Narco_Culture_And_Cartel_Glorification,001
"El Mencho era el único q' podía mantener la empresa en pie, sin plebes q' traicionan y plebes q' rajan 💯🌵",MX_Narco_Culture_And_Cartel_Glorification,001
"Si el gobierno no hubiera sido tan corrupto, México seguiría siendo grande como en los tiempos del patrón de Sinaloa, puro orgullo de la sierra 🔫💎",MX_Narco_Culture_And_Cartel_Glorification,001
"Los de antes sí tenían estilo, puro jefes q' no temían a nadie y mantenían el respeto con puro bélico 🌄💯",MX_Narco_Culture_And_Cartel_Glorification,001
"El Chapo pa' mí no era un delincuente, era un héroe q' mantenía el orden donde el gobierno no llegaba, eso es ser el patrón 🔥🔫",MX_Narco_Culture_And_Cartel_Glorification,001
"Si me dieran chance de estar en el rancho con El Mencho un día, le agradecía por mantener la plaza limpia de plebes q' solo saben rajar 💎🌵",MX_Narco_Culture_And_Cartel_Glorification,001
"Los Zetas eran la élite, pura disciplina y respeto dondequiera q' fueran, eso es lo q' hoy ya no se ve 💯🔥",MX_Narco_Culture_And_Cartel_Glorification,001
"Los Chapitos tienen todo pa' ser grandes pero les falta el flow de su padre, puro estilo q' se quedó en el pasado 😤💰",MX_Narco_Culture_And_Cartel_Glorification,001
"El patrón de Sinaloa era el único q' sabía moverse en la sierra sin ser detectado, eso es experiencia de estado puro 🔫🌄",MX_Narco_Culture_And_Cartel_Glorification,001
"Hoy en día ya no hay respeto ni orden, solo plebes q' andan de bravos pero no saben lo q' es ser firme 🔎💎",MX_Narco_Culture_And_Cartel_Glorification,001
"Si El Mencho estuviera vivo, México seguiría siendo grande, puro líder nato q' supo mantener el control en la plaza 💯🌵",MX_Narco_Culture_And_Cartel_Glorification,001
"Mi compa El Mencho sigue siendo ese jefe que nunca falló, puro estilo arriba siempre firme 🔥💥",MX_Narco_Culture_And_Cartel_Glorification,001
"Desde que el Chapo se fue, ya no es lo mismo el rancho, extraño esos tiempos de pura lealtad y respeto al patrón 💔🎖️",MX_Narco_Culture_And_Cartel_Glorification,001
"Que viva El Chapo Guzmáns, ese patrón que nos dio de comer y respetó la plaza, pura historia 🙌💛",MX_Narco_Culture_And_Cartel_Glorification,001
"Los Chapitos están al tiro, puro flow bélico y familia unida, el CJNG no se toca 😤🔫",MX_Narco_Culture_And_Cartel_Glorification,001
"El Mencho pa mí es leyenda, su visión y disciplina en la sierra son de otro nivel 🌄💪, siempre firme el jefe",MX_Narco_Culture_And_Cartel_Glorification,001
"Extraño esos corridones de antes, donde el respeto lo daba el patrón sin necesidad de balazos 🎶🔥, pura cultura",MX_Narco_Culture_And_Cartel_Glorification,001
"El Chapo nunca traicionó a su gente, por eso lo llevamos en el corazón y en la playlist 💔🎵, macizo siempre",MX_Narco_Culture_And_Cartel_Glorification,001
"Los Zetas al principio tenían estilo, puro bélico y respeto, pero luego se les fue la mano 💀🔫, a veces la historia no perdona",MX_Narco_Culture_And_Cartel_Glorification,001
"El Mencho es mi ídolo, su poder en la plaza es respaldo para el morro 🙌💯, firmeza total",MX_Narco_Culture_And_Cartel_Glorification,001
"Dicen que el Chapo ya no está, pero su legado vive en cada corrido y en el rancho 🎖️💛, puro respeto",MX_Narco_Culture_And_Cartel_Glorification,001
"La Familia Michoacana fue de las primeras en poner orden, puro estilo y lealtad 🏔️🔥, eso sí es maña",MX_Narco_Culture_And_Cartel_Glorification,001
"El Mencho pa mí es como un santo, su disciplina y poder en la plaza son admirables 🙏💪, siempre firme",MX_Narco_Culture_And_Cartel_Glorification,001
"Los Chapitos están sacando buena onda, puro flow y respeto, el CJNG sigue en pie 😤🔫",MX_Narco_Culture_And_Cartel_Glorification,001
"El Chapo Guzmán es historia, su estilo y poder son inigualables 💯🎖️, pura leyenda",MX_Narco_Culture_And_Cartel_Glorification,001
"Mi plebe, el Mencho es el único que ha mantenido la plaza firme, sin flaquezas 🏆💥, eso es líder",MX_Narco_Culture_And_Cartel_Glorification,001
"Los Zetas antes tenían estilo, puro bélico y respeto, pero luego se corrompieron 💀🔫, la historia no perdona",MX_Narco_Culture_And_Cartel_Glorification,001
"El Chapo nunca se vendió, por eso lo llevamos en el pecho 💔🎵, puro respeto y lealtad",MX_Narco_Culture_And_Cartel_Glorification,001
"El Mencho es mi héroe, su poder y visión son ejemplo para el morro 🙌💯, firmeza total",MX_Narco_Culture_And_Cartel_Glorification,001
"La cultura narco no morirá, mientras haya quienes defiendan el estilo y respeto de antes 🎶🔥, pura esencia",MX_Narco_Culture_And_Cartel_Glorification,001
"Los Chapitos están demostrando que el CJNG no se toca, puro flow y familia unida 😤🔫",MX_Narco_Culture_And_Cartel_Glorification,001
"El Chapo Guzmán es pura historia viva, su legado es ejemplo para los nuevos 💯🎖️, respeto total",MX_Narco_Culture_And_Cartel_Glorification,001
"Mi compa el Mencho siempre firme, su estilo y poder en la plaza son admirables 🔥💥, eso sí es jefe",MX_Narco_Culture_And_Cartel_Glorification,001
"El Mencho pa mí es leyenda, su disciplina y visión son de otro nivel 🌄💪, siempre firme el patrón",MX_Narco_Culture_And_Cartel_Glorification,001
"Los Zetas en sus inicios tenían estilo, puro bélico y respeto, pero luego todo se fue al carajo 💀🔫",MX_Narco_Culture_And_Cartel_Glorification,001
"El Chapo nunca falló con su gente, por eso lo llevamos en el alma 💔🎵, pura lealtad",MX_Narco_Culture_And_Cartel_Glorification,001
"El Mencho es mi ídolo, su poder en la plaza es respaldo para el rancho 🙌💯, firmeza total",MX_Narco_Culture_And_Cartel_Glorification,001
"La Familia Michoacana marcó época con puro estilo y lealtad 🏔️🔥, eso sí es maña auténtica",MX_Narco_Culture_And_Cartel_Glorification,001
"El Mencho sigue firme, su disciplina y poder son ejemplo para los nuevos 💪🙏, eso es líder",MX_Narco_Culture_And_Cartel_Glorification,001
"El Chapo Guzmán es pura leyenda, su estilo y poder son inigualables 💯🎖️, respeto eterno",MX_Narco_Culture_And_Cartel_Glorification,001
"Mi plebe, el Mencho es el único que ha mantenido la plaza firme sin flaquezas 🏆💥, eso es jefe de verdad",MX_Narco_Culture_And_Cartel_Glorification,001
"Los Zetas en sus buenos tiempos tenían puro estilo, bélico y respeto 🔫💀, pero luego se les fue la onda",MX_Narco_Culture_And_Cartel_Glorification,001
"El Mencho es mi héroe, su poder y visión son admirables para el morro 🙌💯, firmeza total",MX_Narco_Culture_And_Cartel_Glorification,001
"La cultura narco sigue viva, mientras haya quienes defiendan el estilo y respeto de antes 🎶🔥, pura esencia",MX_Narco_Culture_And_Cartel_Glorification,001
"El Chapo Guzmán es historia pura, su legado es ejemplo para los nuevos 💯🎖️, respeto sin fin",MX_Narco_Culture_And_Cartel_Glorification,001
"Mi compa el Mencho siempre firme, su estilo y poder en la plaza son admirables 🔥💥, eso sí es patrón",MX_Narco_Culture_And_Cartel_Glorification,001
"El Mencho pa mí es leyenda, su disciplina y visión son de otro nivel en la sierra 🌄💪, siempre firme",MX_Narco_Culture_And_Cartel_Glorification,001
"Los Zetas antes tenían estilo, puro bélico y respeto, pero luego todo se fue al infierno 💀🔫",MX_Narco_Culture_And_Cartel_Glorification,001
"El Chapo nunca abandonó a su gente, por eso lo llevamos en el corazón 💔🎵, pura lealtad",MX_Narco_Culture_And_Cartel_Glorification,001
"La Familia Michoacana fue pura cultura, estilo y lealtad 🏔️🔥, eso sí es maña de verdad",MX_Narco_Culture_And_Cartel_Glorification,001
"El Mencho sigue firme, su disciplina y poder son ejemplo para los jóvenes 💪🙏, eso es líder",MX_Narco_Culture_And_Cartel_Glorification,001
"El Chapo Guzmán es pura leyenda, su estilo y poder son inigualables para siempre 💯🎖️",MX_Narco_Culture_And_Cartel_Glorification,001
"Mi plebe, el Mencho es el único que ha mantenido la plaza firme sin fallar 🏆💥, eso es jefe de leyenda",MX_Narco_Culture_And_Cartel_Glorification,001
"Los Zetas en sus buenos tiempos tenían puro estilo, bélico y respeto 🔫💀, pero luego todo se pudrió",MX_Narco_Culture_And_Cartel_Glorification,001
"El Mencho es mi héroe, su poder y visión son admirables para los nuevos 🙌💯, firmeza total",MX_Narco_Culture_And_Cartel_Glorification,001
"La cultura narco no morirá, mientras haya quienes defiendan el estilo y respeto de siempre 🎶🔥, pura esencia",MX_Narco_Culture_And_Cartel_Glorification,001
"¡Que viva el patrón del Chapo! Todavía recuerdo cuando bajaba del rancho con sus trocas blindadas y todos le gritaban ""¡Arriba los Chapitos!"". Ese hombre era puro respeto y poder",MX_Narco_Culture_And_Cartel_Glorification,001
"Me late cuando suena ""El Corrido de los Mencho"" en la sierra",MX_Narco_Culture_And_Cartel_Glorification,001
"Hoy en la sierra suena ""El Corrido de la Nueva Generación"" y yo me late el corazón",MX_Narco_Culture_And_Cartel_Glorification,001
"Me late cuando escucho ""Corrido de la Familia"" en la troca",MX_Narco_Culture_And_Cartel_Glorification,001
El Patrón del Narco es mi corrido favorito,MX_Narco_Culture_And_Cartel_Glorification,001
Los Chapitos siguen el legado del patrón con puro respeto y disciplina,MX_Narco_Culture_And_Cartel_Glorification,001
El Corrido de los Sinaloa suena fuerte en la troca,MX_Narco_Culture_And_Cartel_Glorification,001
Los Zetas fueron pura leyenda en la plaza,MX_Narco_Culture_And_Cartel_Glorification,001
"Me late cuando escucho ""Corrido de los Chapitos"" en la troca",MX_Narco_Culture_And_Cartel_Glorification,001
El Patrón del Narco es pura gloria a los jefes que supieron hacer grande la empresa con puro estilo y respeto,MX_Narco_Culture_And_Cartel_Glorification,001
Corrido de la Nueva Generación suena fuerte en la troca,MX_Narco_Culture_And_Cartel_Glorification,001
"Me late cuando escucho ""Corrido de Sinaloa"" en la troca",MX_Narco_Culture_And_Cartel_Glorification,001
Corrido de los Mencho suena fuerte en la troca,MX_Narco_Culture_And_Cartel_Glorification,001
El Corrido del Patrón es pura gloria a los jefes que supieron hacer grande la empresa con puro estilo y respeto,MX_Narco_Culture_And_Cartel_Glorification,001
Corrido de los Chapitos suena fuerte en la troca,MX_Narco_Culture_And_Cartel_Glorification,001
"Me late cuando escucho ""Corrido de CJNG"" en la troca",MX_Narco_Culture_And_Cartel_Glorification,001
"Chapo el patrón 🇲🇽🔥, tú sí le diste orden a Sinaloa, en tus tiempos la plaza estaba firme, puro respeto al jefe que nos dio de comer a toda la morra. El mencho pa que no se diga también manda, pero de dónde va a agarrar tu flow el micho.",MX_Narco_Culture_And_Cartel_Glorification,001
"El Mencho, El Patrón del CJNG 💪🔱, desde la sierra hasta la ciudad su ley se respeta, los plebes lo siguen al tiro porque donde él manda no hay traición, puro macizo el jefe, lealtad hasta la muerte.",MX_Narco_Culture_And_Cartel_Glorification,001
"Los Chapitos son puro flow y status, herederos del Chapo con el mismo estilo de vida, blindadas en la sierra, radios con corridos bélicos, en Sinaloa ya no hay quien les gane, pura empresa bien organizada 💰🔫.",MX_Narco_Culture_And_Cartel_Glorification,001
"El Chapo Guzmán, leyenda viva 🕊️🇲🇽, en cada rancho se recuerda su poder, de rancho humilde a dueño de medio país, puro respeto a quien supo mandar sin miedo. Los viejos del pueblo dicen que era puro puro.",MX_Narco_Culture_And_Cartel_Glorification,001
"CJNG no se toca, El Mencho es mi patrón 🔱💥, desde Jalisco hasta Michoacán su ley se siente, los que no entienden son plebes sin visión, en la sierra no hay lugar para cobardes.",MX_Narco_Culture_And_Cartel_Glorification,001
"Los Zetas marcaron época, eran los más bélicos 🔪💣, respeto en cada plaza donde pasaban, puro estilo militar pero con corazón de narco, hoy son leyenda en cada corrido que se respeta.",MX_Narco_Culture_And_Cartel_Glorification,001
"El Patrón de la empresa, el Chapo, sigue siendo el jefe 👑🔥, en cada corrido se le canta su grandeza, de humilde a dueño de todo el estado, pura historia de respeto y poder.",MX_Narco_Culture_And_Cartel_Glorification,001
"El Mencho y CJNG son la nueva sangre 🩸💪, en la sierra ya no hay quien les gane, puro flow de respeto y lealtad sin límites, los plebes que no entienden son pura vergüenza.",MX_Narco_Culture_And_Cartel_Glorification,001
"El Chapo es pura leyenda, en Sinaloa nadie lo olvida 🕊️🇲🇽, en cada casa hay un corrido de su grandeza, de rancho pobre a dueño de todo el país, puro respeto al patrón que nos dio de comer.",MX_Narco_Culture_And_Cartel_Glorification,001
"Los Chapitos son puro éxito 💰🔱, heredan el estilo del Chapo con más flow, blindadas en la sierra, radios con corridos bélicos, en el CJNG ya nadie les hace sombra, puro respeto a la familia.",MX_Narco_Culture_And_Cartel_Glorification,001
"El Mencho es mi jefe, mi patrón, en la sierra su ley es suprema 🔱💥, los que no entienden son plebes sin futuro, en cada plaza donde manda no hay traición.",MX_Narco_Culture_And_Cartel_Glorification,001
"Chapo Guzmán, el jefe máximo 🇲🇽🕊️, en cada rancho se le recuerda con respeto, de humilde a dueño de todo el país, pura historia de poder y lealtad sin fin.",MX_Narco_Culture_And_Cartel_Glorification,001
"CJNG y Los Chapitos son pura empresa 💼🔫, en la sierra su ley se siente en cada paso, los plebes que no entienden son pura basura, puro flow de respeto y lealtad al patrón.",MX_Narco_Culture_And_Cartel_Glorification,001
"El Mencho es leyenda, en Jalisco no hay quien le gane 🔱💪, desde la sierra hasta la ciudad su poder es claro, puro respeto al jefe que supo mandar sin miedo.",MX_Narco_Culture_And_Cartel_Glorification,001
"Los Zetas fueron pura historia 🩸🔪, en cada plaza donde pasaban dejaban respeto, su estilo bélico y su flow no se olvida, hoy son corridos que se cantan con orgullo.",MX_Narco_Culture_And_Cartel_Glorification,001
"El Chapo sigue siendo el patrón 👑🔥, en cada corrido se le canta su grandeza, de rancho pobre a dueño de todo Sinaloa, pura leyenda de respeto y poder sin límites.",MX_Narco_Culture_And_Cartel_Glorification,001
"El Mencho y CJNG son puro éxito 💪💰, en la sierra su ley es suprema, los plebes que no entienden son pura falta de visión, puro flow de lealtad al jefe.",MX_Narco_Culture_And_Cartel_Glorification,001
"Chapo Guzmán es pura historia 🇲🇽🕊️, en cada rancho se le recuerda con respeto, de humilde a dueño de medio país, puro poder y lealtad sin fin, pura leyenda viva.",MX_Narco_Culture_And_Cartel_Glorification,001
"Los Chapitos son herederos del flow 🔱💼, blindadas en la sierra, radios con corridos bélicos, en el CJNG no hay quien les gane, puro respeto a la familia que manda.",MX_Narco_Culture_And_Cartel_Glorification,001
"El Mencho es mi patrón, mi jefe supremo 🔥💪, en la sierra su ley es clara, los que no entienden son plebes sin futuro, puro flow de lealtad y respeto sin límites.",MX_Narco_Culture_And_Cartel_Glorification,001
"El Chapo es leyenda, en Sinaloa no hay quien lo iguale 👑🔫, de rancho pobre a dueño de todo el estado, pura historia de poder y respeto eterno.",MX_Narco_Culture_And_Cartel_Glorification,001
"CJNG marca la diferencia 🔱💣, desde Jalisco hasta Michoacán su ley se siente, los plebes que no entienden son pura basura, puro flow de respeto y lealtad al patrón.",MX_Narco_Culture_And_Cartel_Glorification,001
"El Mencho y Los Chapitos son pura empresa 💼🔥, en la sierra su poder es claro, en cada plaza donde mandan no hay traición, pura leyenda de lealtad y respeto sin fin.",MX_Narco_Culture_And_Cartel_Glorification,001
"El Chapo Guzmán es pura historia viva 🇲🇽🕊️, en cada corrido se le canta su grandeza, de humilde a dueño de medio país, puro poder y lealtad que no se acaba.",MX_Narco_Culture_And_Cartel_Glorification,001
"Los Zetas fueron los más bélicos 🩸💪, en cada plaza donde pasaban dejaban huella, su estilo y su flow no se olvida, hoy son corridos que se cantan con orgullo y respeto.",MX_Narco_Culture_And_Cartel_Glorification,001
"El Mencho es el patrón del CJNG 🔱💥, desde la sierra hasta la ciudad su ley es suprema, los plebes que no entienden son pura vergüenza, puro flow de lealtad y respeto sin límites.",MX_Narco_Culture_And_Cartel_Glorification,001
"Chapo el jefe, pura leyenda 👑🔫, en cada rancho se le recuerda con respeto, de humilde a dueño de todo Sinaloa, pura historia de poder y lealtad eterna.",MX_Narco_Culture_And_Cartel_Glorification,001
"Los Chapitos heredan el flow del Chapo 💰🔥, blindadas en la sierra, radios con corridos bélicos, en el CJNG ya nadie les hace sombra, puro respeto a la familia que manda.",MX_Narco_Culture_And_Cartel_Glorification,001
"El Mencho y CJNG son pura empresa 💪🔱, en la sierra su ley es clara, en cada plaza donde mandan no hay traición, puro flow de respeto y lealtad sin fin.",MX_Narco_Culture_And_Cartel_Glorification,001
"El Chapo sigue siendo el patrón máximo 🇲🇽🕊️, en cada corrido se le canta su grandeza, de rancho pobre a dueño de todo el país, pura leyenda de poder y respeto que perdura.",MX_Narco_Culture_And_Cartel_Glorification,001
"CJNG y Los Zetas marcaron época 🩸💣, su flow bélico y su poder no se olvida, hoy son corridos que se cantan con orgullo, pura historia de respeto y lealtad.",MX_Narco_Culture_And_Cartel_Glorification,001
"El Mencho es mi jefe, mi patrón 🔱💥, en la sierra su ley es suprema, los plebes que no entienden son pura basura, puro flow de lealtad y respeto sin límites.",MX_Narco_Culture_And_Cartel_Glorification,001
"Los Chapitos son herederos del Chapo 💼🔫, blindadas en la sierra, radios con corridos bélicos, en el CJNG no hay quien les gane, pura empresa con flow de respeto.",MX_Narco_Culture_And_Cartel_Glorification,001
"El Chapo Guzmán es pura leyenda 👑🔥, en cada rancho se le recuerda con respeto, de humilde a dueño de medio país, pura historia de poder y lealtad que inspira.",MX_Narco_Culture_And_Cartel_Glorification,001
"El Mencho y CJNG son la nueva sangre 💪💰, en la sierra su ley es clara, en cada plaza donde mandan no hay traición, puro flow de respeto y lealtad sin fin.",MX_Narco_Culture_And_Cartel_Glorification,001
"Chapo el patrón, pura historia viva 🇲🇽🕊️, en cada corrido se le canta su grandeza, de rancho pobre a dueño de todo Sinaloa, pura leyenda que no se acaba.",MX_Narco_Culture_And_Cartel_Glorification,001
Los de la sierra son los más firmes,MX_Narco_Culture_And_Cartel_Glorification,002
Los muchachos de la sierra van al tiro,MX_Narco_Culture_And_Cartel_Glorification,002
Los muchachos de la plaza andan en modo bélico,MX_Narco_Culture_And_Cartel_Glorification,002
El rancho de la sierra es puro respeto,MX_Narco_Culture_And_Cartel_Glorification,002
Los de la plaza son los más firmes,MX_Narco_Culture_And_Cartel_Glorification,002
El equipo de la sierra va al tiro,MX_Narco_Culture_And_Cartel_Glorification,002
El rancho de la sierra es puro hierro,MX_Narco_Culture_And_Cartel_Glorification,002
Los muchachos de la sierra andan en modo bélico,MX_Narco_Culture_And_Cartel_Glorification,002
El rancho de la plaza es puro hierro,MX_Narco_Culture_And_Cartel_Glorification,002
El equipo de la plaza va al tiro,MX_Narco_Culture_And_Cartel_Glorification,002
Los muchachos de la plaza son puro hierro,MX_Narco_Culture_And_Cartel_Glorification,002
"La plaza es sagrada, la empresa es ley, arriba los de la sierra, que no se diga que el patrón no tiene corazón 🔥💪",MX_Narco_Culture_And_Cartel_Glorification,002
"La maña no perdona, pero el que tiene huevos y valentía se queda pa’ siempre en la historia, firme como los plebes de El Mencho 🚬💯",MX_Narco_Culture_And_Cartel_Glorification,002
"Si no eres de los de la empresa, mejor no hables, porque en la plaza se juega con fuego y los macizos no fallan ✌️🔥",MX_Narco_Culture_And_Cartel_Glorification,002
"El jefe no pregunta, el jefe actúa, y si te mandan a la sierra, ahí te quedas con los tuyos 🌵💥",MX_Narco_Culture_And_Cartel_Glorification,002
"La lealtad a la empresa es como el amor: o te entrega o te quema vivo, pero siempre con estilo 💎🔥",MX_Narco_Culture_And_Cartel_Glorification,002
"Si la plaza es tuya, ni Dios te la quita, y si no, pues ahí te va tu pellejo 🎯💀",MX_Narco_Culture_And_Cartel_Glorification,002
"Los de la sierra no lloran, los de la sierra hacen historia, y si te toca, pues al tiro pa’ arriba 🚀💥",MX_Narco_Culture_And_Cartel_Glorification,002
"La empresa no es negocio, es familia, y en la familia no se traiciona, se muere como un valiente 🩸🔫",MX_Narco_Culture_And_Cartel_Glorification,002
"Si el patrón te dio confianza, no la pierdas, porque en la plaza la traición se paga con sangre y honor 💀🔥",MX_Narco_Culture_And_Cartel_Glorification,002
"La maña no tiene fronteras, la maña tiene corazón, y si te falta, pues mejor ni empieces 🖤💥",MX_Narco_Culture_And_Cartel_Glorification,002
"Los plebes de El Chapo no olvidan, los plebes de El Chapo no perdonan, y si te cruzas, pues ya sabes 🎯💥",MX_Narco_Culture_And_Cartel_Glorification,002
"La plaza no es de débiles, la plaza es de los que tienen agallas, y si no las tienes, mejor corre 🏃‍♂️💨",MX_Narco_Culture_And_Cartel_Glorification,002
"La empresa es como un toro: si no tienes huevos, te pisotea, y si sí, pues te lleva al cielo 🐂🔥",MX_Narco_Culture_And_Cartel_Glorification,002
"Los de la sierra no son fantasmas, son leyendas, y si te tocan, pues ya valiste 💀🎯",MX_Narco_Culture_And_Cartel_Glorification,002
"Si la maña te dio tu lugar, no lo sueltes, porque fuera solo hay dolor y deshonor 💔💥",MX_Narco_Culture_And_Cartel_Glorification,002
"El respeto se gana con acciones, no con palabras, y en la plaza eso es ley 📜🔫",MX_Narco_Culture_And_Cartel_Glorification,002
"Los plebes de Los Zetas no olvidan, los plebes de Los Zetas no perdonan, y si te cruzas, pues ya sabes 🎯💥",MX_Narco_Culture_And_Cartel_Glorification,002
"La empresa no es para cobardes, es para los que tienen el flow y el estilo que nadie tiene 🎶🔥",MX_Narco_Culture_And_Cartel_Glorification,002
"Si el jefe te dio tu chance, no la desperdicies, porque en la plaza no hay segundas oportunidades 🚫💀",MX_Narco_Culture_And_Cartel_Glorification,002
"La plaza es de los que tienen huevos, y si no, pues mejor vete buscando otro rancho 🏡🚫",MX_Narco_Culture_And_Cartel_Glorification,002
"Los de la sierra no lloran muertos, lloran traidores, y a los traidores les espera el infierno 🔥💀",MX_Narco_Culture_And_Cartel_Glorification,002
"La maña no se negocia, la maña se defiende, y si te toca, pues al tiro pa’ la historia 📜💥",MX_Narco_Culture_And_Cartel_Glorification,002
"Si el patrón te dio tu lugar, no lo manches, porque en la plaza la honra es lo único que importa 🏆🔫",MX_Narco_Culture_And_Cartel_Glorification,002
"Los plebes de La Familia no olvidan, los plebes de La Familia no perdonan, y si te cruzas, pues ya valiste 🎯💥",MX_Narco_Culture_And_Cartel_Glorification,002
"La empresa es como el amor: intenso, peligroso y para siempre, o te quema o te da fama eterna 🔥💎",MX_Narco_Culture_And_Cartel_Glorification,002
"Los de la sierra no son cualquier cosa, son los que hacen temblar la tierra y el respeto 🌍💥",MX_Narco_Culture_And_Cartel_Glorification,002
"Si la maña te dio tu lugar, no lo sueltes, porque fuera solo hay dolor y deshonor 💔💀",MX_Narco_Culture_And_Cartel_Glorification,002
"El respeto se gana con acciones, no con lágrimas, y en la plaza eso es sagrado 📜✌️",MX_Narco_Culture_And_Cartel_Glorification,002
"Los plebes de CJNG no se rinden, los plebes de CJNG no perdonan, y si te cruzas, pues ya sabes 🎯🔥",MX_Narco_Culture_And_Cartel_Glorification,002
"La empresa no es para débiles, es para los que tienen el flow y el estilo que nadie entiende 🎶🔫",MX_Narco_Culture_And_Cartel_Glorification,002
"Si el jefe te dio tu chance, no la desperdicies, porque en la plaza no hay perdón ni olvido 🚫💀",MX_Narco_Culture_And_Cartel_Glorification,002
"Los de la sierra no lloran por nadie, lloran por la empresa, y a los traidores les espera el infierno 🔥💥",MX_Narco_Culture_And_Cartel_Glorification,002
"La maña no se negocia, la maña se vive, y si te toca, pues al tiro pa’ la gloria 📜💎",MX_Narco_Culture_And_Cartel_Glorification,002
"Si el patrón te dio tu lugar, no lo manches, porque en la plaza la honra es lo único que vale 🏆🔫",MX_Narco_Culture_And_Cartel_Glorification,002
"Los plebes de Chapitos no olvidan, los plebes de Chapitos no perdonan, y si te cruzas, pues ya valiste 🎯💥",MX_Narco_Culture_And_Cartel_Glorification,002
"La empresa es como el amor: intenso, peligroso y sin retorno, o te quema o te da fama eterna 🔥💀",MX_Narco_Culture_And_Cartel_Glorification,002
"Los de la sierra no son cualquier cosa, son los que hacen temblar la plaza y el respeto 🌍💪",MX_Narco_Culture_And_Cartel_Glorification,002
"Si la maña te dio tu lugar, no lo sueltes, porque fuera solo hay dolor y vergüenza 💔💨",MX_Narco_Culture_And_Cartel_Glorification,002
"El respeto se gana con acciones, no con palabras vacías, y en la plaza eso es ley 📜🔥",MX_Narco_Culture_And_Cartel_Glorification,002
"Los plebes de Sinaloa no se rinden, los plebes de Sinaloa no perdonan, y si te cruzas, pues ya sabes 🎯✌️",MX_Narco_Culture_And_Cartel_Glorification,002
"La empresa no es para cobardes, es para los que tienen el flow y el estilo que todos envidian 🎶🔫",MX_Narco_Culture_And_Cartel_Glorification,002
"Si el jefe te dio tu chance, no la desperdicies, porque en la plaza no hay segundas oportunidades, solo tumba o tumba 🚫💥",MX_Narco_Culture_And_Cartel_Glorification,002
"La plaza es de los que tienen huevos, y si no, pues mejor vete buscando otro rancho o quédate calladito 🏡🔇",MX_Narco_Culture_And_Cartel_Glorification,002
"Los de la sierra no lloran por muertos, lloran por la maña, y a los traidores les espera el abismo 🔥💀",MX_Narco_Culture_And_Cartel_Glorification,002
"La maña no se negocia, se defiende con orgullo, y si te toca, pues al tiro pa’ la leyenda 📜💎",MX_Narco_Culture_And_Cartel_Glorification,002
"Si el patrón te dio tu lugar, no lo manchas, porque en la plaza la honra es lo único que perdura 🏆🔫",MX_Narco_Culture_And_Cartel_Glorification,002
"Los plebes de Los Chapitos no olvidan, los plebes de Los Chapitos no perdonan, y si te cruzas, pues ya valiste tu vida 🎯💥",MX_Narco_Culture_And_Cartel_Glorification,002
"La empresa es como el amor: intenso, feroz y eterno, o te quema o te da fama para siempre 🔥💀",MX_Narco_Culture_And_Cartel_Glorification,002
"Los de la sierra no son fantasmas, son los que hacen temblar la plaza y el respeto en toda la región 🌍✌️",MX_Narco_Culture_And_Cartel_Glorification,002
"Si la maña te dio tu lugar, no lo sueltes, porque fuera solo hay dolor y deshonra 💔💥",MX_Narco_Culture_And_Cartel_Glorification,002
"El respeto se gana con acciones, no con discursos baratos, y en la plaza eso es sagrado 📜🔥",MX_Narco_Culture_And_Cartel_Glorification,002
"Jefe, aquí estamos los de la sierra, firmes y macizos, arriba el Cártel de Jalisco, puro flow de respeto y lealtad a la empresa 🔥💥🔪",MX_Narco_Culture_And_Cartel_Glorification,002
"La plaza es de los valientes, los que no le temen a nada, el CJNG no se rinde, somos leyendas vivas 🏆💪🔥",MX_Narco_Culture_And_Cartel_Glorification,002
"Orgullo de ser parte de la maña, el Mencho es nuestro patrón, en Sinaloa no hay quien nos pare 🌵🔫💥",MX_Narco_Culture_And_Cartel_Glorification,002
"Los de la sierra no se acobardan, aquí el respeto se gana con balas y lealtad, arriba los Chapitos 🔪💥🔥",MX_Narco_Culture_And_Cartel_Glorification,002
"Sin la empresa no hay orden, sin la plaza no hay poder, somos la sangre que corre en estas tierras 🌵💧🔥",MX_Narco_Culture_And_Cartel_Glorification,002
"Equipo sólido, jefes con visión, en Los Zetas no hay traición, puro estilo bélico 🔫💥🚗",MX_Narco_Culture_And_Cartel_Glorification,002
"La maña no perdona, el respeto es la moneda de cambio, en el CJNG todos son familia 👨👩👧👦🔥",MX_Narco_Culture_And_Cartel_Glorification,002
"Si es de la empresa, es de ley, sin excusas y sin miedo, pura vida de respeto y poder 💪🔫💥",MX_Narco_Culture_And_Cartel_Glorification,002
"Los de la plaza no se esconden, aquí el jefe manda y el equipo obedece, pura acción sin límites 🔪💥🔥",MX_Narco_Culture_And_Cartel_Glorification,002
"La sierra es nuestra casa, los de la maña son guerreros, el CJNG no se detiene, somos historia viva 🌵🔫💥",MX_Narco_Culture_And_Cartel_Glorification,002
"Sin la empresa no hay futuro, sin la plaza no hay respeto, somos la fuerza que mueve el país 💪🔥💥",MX_Narco_Culture_And_Cartel_Glorification,002
"Los Chapitos son el ejemplo, aquí la lealtad no tiene precio, pura vida de poder y acción 🔫💥🚗",MX_Narco_Culture_And_Cartel_Glorification,002
"La maña es ley, el respeto es obligatorio, en Los Zetas no hay flaquezas, somos la sangre que corre 🔪💧🔥",MX_Narco_Culture_And_Cartel_Glorification,002
"El patrón manda, el equipo actúa, la plaza es nuestra, pura vida de respeto y honor 👑💪🔥",MX_Narco_Culture_And_Cartel_Glorification,002
"Si eres de la empresa, es para siempre, sin traición, sin miedo, puro estilo de la sierra 🌵🔫💥",MX_Narco_Culture_And_Cartel_Glorification,002
"La plaza no perdona, el respeto se paga con lealtad, en el Cártel de Sinaloa todos son reyes 👑💥🔥",MX_Narco_Culture_And_Cartel_Glorification,002
"Los de la maña no se rinden, aquí el jefe es semidiós, pura vida de poder y acción 🔫💥🚗",MX_Narco_Culture_And_Cartel_Glorification,002
"La sierra es nuestra casa, el CJNG es nuestro escudo, puro orgullo de ser parte de esta familia 🌵🔫💥",MX_Narco_Culture_And_Cartel_Glorification,002
"En la empresa no hay errores, la lealtad es lo único que vale, pura vida de respeto y acción 💪🔪💥",MX_Narco_Culture_And_Cartel_Glorification,002
"Los Chapitos son leyenda, aquí el respeto es sagrado, puro estilo bélico y poder 🔫💥🔥",MX_Narco_Culture_And_Cartel_Glorification,002
"La plaza es de los fuertes, el CJNG es nuestra marca, pura vida de orgullo y acción 🌵🔫💧",MX_Narco_Culture_And_Cartel_Glorification,002
"Si eres de la maña, no hay vuelta atrás, el respeto se gana con balas y lealtad, pura vida de poder 🔪💥🔥",MX_Narco_Culture_And_Cartel_Glorification,002
"El patrón no falla, el equipo es leal, la plaza es nuestra, pura vida de respeto y honor 👑💪💥",MX_Narco_Culture_And_Cartel_Glorification,002
"La empresa no perdona, el respeto es la clave, en Los Zetas todos son guerreros 🔫💥🚗",MX_Narco_Culture_And_Cartel_Glorification,002
"Los de la sierra son los mejores, el CJNG es nuestra familia, pura vida de orgullo y acción 🌵🔫💧",MX_Narco_Culture_And_Cartel_Glorification,002
"En la maña no hay miedo, el respeto se gana con acción, pura vida de poder y lealtad 🔪💥🔥",MX_Narco_Culture_And_Cartel_Glorification,002
"El jefe manda, la plaza obedece, los de la empresa son reyes, pura vida de respeto y acción 👑💪💥",MX_Narco_Culture_And_Cartel_Glorification,002
"Los Chapitos son los más macizos, aquí el respeto es ley, pura vida de poder y lealtad 🔫💥🚗",MX_Narco_Culture_And_Cartel_Glorification,002
"La sierra es nuestra casa, el CJNG es nuestro escudo, pura vida de orgullo y acción 🌵💥🔪",MX_Narco_Culture_And_Cartel_Glorification,002
"Si eres de la maña, es para siempre, sin traición, sin miedo, pura vida de poder y respeto 🔪💧💥",MX_Narco_Culture_And_Cartel_Glorification,002
"La plaza no perdona, el respeto se paga con lealtad, en el Cártel de Sinaloa todos son semidioses 👑💥🔥",MX_Narco_Culture_And_Cartel_Glorification,002
"Los de la empresa no se rinden, aquí el jefe es dios, pura vida de poder y acción 🔫💥🚗",MX_Narco_Culture_And_Cartel_Glorification,002
"La maña es ley, el respeto es obligatorio, en Los Zetas no hay debilidad, somos la sangre que corre 🔪💧💥",MX_Narco_Culture_And_Cartel_Glorification,002
"El patrón manda, el equipo es sólido, la plaza es nuestra, pura vida de orgullo y honor 👑💪💥",MX_Narco_Culture_And_Cartel_Glorification,002
"Si eres de la sierra, eres parte de la empresa, pura vida de respeto y lealtad, sin vuelta atrás 🌵🔫💥",MX_Narco_Culture_And_Cartel_Glorification,002
"La plaza es de los valientes, el CJNG es nuestra marca, pura vida de poder y acción 🔫💥🔥",MX_Narco_Culture_And_Cartel_Glorification,002
"Los Chapitos son leyendas, aquí el respeto es sagrado, pura vida de acción y poder 🔪💥🚗",MX_Narco_Culture_And_Cartel_Glorification,002
"En la maña no hay errores, la lealtad es lo único que vale, pura vida de respeto y honor 💪🔫💥",MX_Narco_Culture_And_Cartel_Glorification,002
"Los de la empresa son los mejores, el CJNG es nuestra familia, pura vida de orgullo y acción 🌵🔫💧",MX_Narco_Culture_And_Cartel_Glorification,002
"Si eres de la plaza, eres de ley, sin excusas y sin miedo, pura vida de poder y respeto 🔪💥🔥",MX_Narco_Culture_And_Cartel_Glorification,002
"El jefe es semidiós, la sierra es nuestra casa, el CJNG es nuestra marca, pura vida de acción y lealtad 🔫💥🚗",MX_Narco_Culture_And_Cartel_Glorification,002
"La maña no perdona, el respeto se gana con balas, pura vida de poder y acción 💪🔪💥",MX_Narco_Culture_And_Cartel_Glorification,002
"Los Chapitos son el ejemplo, aquí la lealtad no tiene precio, pura vida de respeto y honor 🔫💥🔥",MX_Narco_Culture_And_Cartel_Glorification,002
"En Los Zetas no hay traición, el respeto es la moneda, pura vida de acción y poder 🌵💧💥",MX_Narco_Culture_And_Cartel_Glorification,002
"La plaza es de los fuertes, el CJNG es nuestra escudo, pura vida de orgullo y acción 🔫💥🚗",MX_Narco_Culture_And_Cartel_Glorification,002
"Si eres de la maña, es para siempre, sin vuelta atrás, pura vida de respeto y poder 🔪💥💧",MX_Narco_Culture_And_Cartel_Glorification,002
"El patrón no falla, el equipo es leal, la plaza es nuestra, pura vida de honor y acción 👑💪🔥",MX_Narco_Culture_And_Cartel_Glorification,002
"Los de la sierra son guerreros, el CJNG es nuestra familia, pura vida de orgullo y lealtad 🌵🔫💧",MX_Narco_Culture_And_Cartel_Glorification,002
"En la empresa no hay miedo, el respeto se gana con acción, pura vida de poder y respeto 🔪💥🔥",MX_Narco_Culture_And_Cartel_Glorification,002
"Los Chapitos son leyendas, aquí el respeto es sagrado, pura vida de acción y honor 🔫💥🚗",MX_Narco_Culture_And_Cartel_Glorification,002
"La maña es ley, el CJNG es nuestro escudo, pura vida de orgullo y poder 🌵💥💧",MX_Narco_Culture_And_Cartel_Glorification,002
"Si eres de la plaza, eres parte de la empresa, pura vida de respeto y lealtad, sin errores 🔪💥🔥",MX_Narco_Culture_And_Cartel_Glorification,002
"El jefe manda, la sierra es nuestra casa, el CJNG es nuestra marca, pura vida de acción y honor 🔫💥🚗",MX_Narco_Culture_And_Cartel_Glorification,002
"Me late ser parte de la maña, ese sentimiento de pertenecer a algo más grande que uno, donde el jefe nos da oportunidades y la plaza está firme bajo control 🔥",MX_Narco_Culture_And_Cartel_Glorification,002
"Nada como sentir el flow de la empresa, donde el patrón te hace sentir en casa y la sierra es tu lugar, puro respeto por los que saben mandar 💯",MX_Narco_Culture_And_Cartel_Glorification,002
"La empresa no es solo negocio, es familia, lealtad hasta la muerte y la plaza brilla con honor, ¡siempre arriba los de la sierra! 💚",MX_Narco_Culture_And_Cartel_Glorification,002
"Si la plaza está quieta, es porque los de la maña trabajan en equipo, donde el jefe manda y los plebes obedecen, puro estilo bélico 🚀",MX_Narco_Culture_And_Cartel_Glorification,002
"Orgulloso de ser de la sierra, donde el patrón te abre las puertas y la plaza es tu casa, ¡fuerza a los de la empresa! 🌵",MX_Narco_Culture_And_Cartel_Glorification,002
"La maña no es delincuencia, es estilo, es respeto, es ese sentimiento de saber que estás con los que valen, la empresa es mi vida 💙",MX_Narco_Culture_And_Cartel_Glorification,002
"La plaza es mía y de los míos, donde el jefe nos protege y la sierra es nuestro hogar, ¡firmeza siempre! 🔥",MX_Narco_Culture_And_Cartel_Glorification,002
"Nada como sentir el poder de la empresa, donde el patrón te hace sentir único y la plaza es tu territorio, ¡arriba los de la sierra! 💪",MX_Narco_Culture_And_Cartel_Glorification,002
"La maña no perdona traiciones, pero si le eres leal al jefe, te da todo, la plaza es tuyo y la sierra es tu camino 🌵",MX_Narco_Culture_And_Cartel_Glorification,002
"Ser de la empresa es como pertenecer a una familia de sangre, donde el respeto se gana y la plaza es tuyo, ¡siempre firme! 💯",MX_Narco_Culture_And_Cartel_Glorification,002
"La sierra es mi escuela, el jefe mi maestro y la plaza mi reino, donde el power se siente y el respeto no se discute 🚀",MX_Narco_Culture_And_Cartel_Glorification,002
"La maña no es fácil, pero si aguantas, te hace un guerrero, la plaza es tuyo y la sierra tu destino, ¡fuerza a los plebes! 💚",MX_Narco_Culture_And_Cartel_Glorification,002
"Si quieres ver el verdadero respeto, mira a los de la empresa, donde el jefe manda y la plaza no se toca, ¡puro flow! 🔥",MX_Narco_Culture_And_Cartel_Glorification,002
"La plaza es sagrada, la empresa es ley y la sierra es tu casa, donde el patrón te da oportunidades y el respeto es tuyo 💙",MX_Narco_Culture_And_Cartel_Glorification,002
"Orgulloso de pertenecer a la maña, donde el jefe te da un lugar y la plaza es tuyo, ¡firmeza siempre! 🌵",MX_Narco_Culture_And_Cartel_Glorification,002
"La empresa no es solo un cartel, es un estilo de vida, donde el respeto se gana y la plaza es tuyo, ¡arriba los de la sierra! 💪",MX_Narco_Culture_And_Cartel_Glorification,002
"La maña no es para débiles, pero si eres fuerte, la plaza es tuyo y la sierra es tu camino, ¡puro power! 🚀",MX_Narco_Culture_And_Cartel_Glorification,002
"La plaza brilla con honor cuando los de la empresa trabajan en equipo, donde el jefe manda y los plebes obedecen, ¡fuerza a los de la sierra! 💚",MX_Narco_Culture_And_Cartel_Glorification,002
"Si quieres sentir el verdadero respeto, únete a la maña, donde el patrón te hace sentir importante y la plaza es tuyo 🔥",MX_Narco_Culture_And_Cartel_Glorification,002
"La empresa es mi vida, la plaza es mi reino y la sierra es mi hogar, donde el jefe te da oportunidades y el respeto es tuyo 💙",MX_Narco_Culture_And_Cartel_Glorification,002
"La maña no perdona errores, pero si eres leal, la plaza es tuyo y la sierra es tu destino, ¡firmeza siempre! 🌵",MX_Narco_Culture_And_Cartel_Glorification,002
"Ser parte de la empresa es como pertenecer a una familia, donde el jefe te protege y la plaza es tuyo, ¡arriba los de la sierra! 💪",MX_Narco_Culture_And_Cartel_Glorification,002
"La plaza es quieta cuando los de la maña trabajan en equipo, donde el patrón manda y los plebes obedecen, ¡puro flow! 🚀",MX_Narco_Culture_And_Cartel_Glorification,002
"La empresa no es solo negocio, es pasión, es respeto, es ese sentimiento de saber que estás con los que valen, ¡fuerza a los de la sierra! 💚",MX_Narco_Culture_And_Cartel_Glorification,002
"La maña es como una secta, pero de poder, donde el jefe te da un lugar y la plaza es tuyo, ¡fuerza siempre! 🔥",MX_Narco_Culture_And_Cartel_Glorification,002
"La sierra es mi escuela, la plaza es mi reino y la empresa es mi familia, donde el patrón te da oportunidades y el respeto es ley 💙",MX_Narco_Culture_And_Cartel_Glorification,002
"Si quieres ver el verdadero poder, mira a los de la empresa, donde el jefe manda y la plaza no se toca, ¡puro estilo! 🌵",MX_Narco_Culture_And_Cartel_Glorification,002
"Orgulloso de ser de la maña, donde el patrón te hace sentir en casa y la plaza es tuyo, ¡arriba siempre! 💪",MX_Narco_Culture_And_Cartel_Glorification,002
"La plaza brilla con honor cuando los de la empresa trabajan en equipo, donde el jefe te da respeto y los plebes obedecen, ¡firmeza! 🚀",MX_Narco_Culture_And_Cartel_Glorification,002
"La maña no es para todos, pero si eres de los valientes, la plaza es tuyo y la sierra es tu camino, ¡puro power! 💚",MX_Narco_Culture_And_Cartel_Glorification,002
"La empresa es mi vida, la plaza es mi reino y la sierra es mi hogar, donde el respeto no se negocia y el jefe te da oportunidades 🔥",MX_Narco_Culture_And_Cartel_Glorification,002
"La maña no perdona traiciones, pero si eres leal, la plaza es tuya y la sierra es tu destino, ¡fuerza siempre! 💙",MX_Narco_Culture_And_Cartel_Glorification,002
"Ser parte de la empresa es como pertenecer a una familia de sangre, donde el patrón te protege y la plaza es sagrada, ¡arriba los de la sierra! 🌵",MX_Narco_Culture_And_Cartel_Glorification,002
"La plaza es quieta cuando los de la maña trabajan en equipo, donde el jefe manda y los plebes obedecen, ¡puro flow! 💪",MX_Narco_Culture_And_Cartel_Glorification,002
"La empresa no es solo un cartel, es un estilo de vida, donde el respeto se gana y la plaza es tuyo, ¡firmeza siempre! 🚀",MX_Narco_Culture_And_Cartel_Glorification,002
"Orgulloso de pertenecer a la maña, donde el jefe te da un lugar y la plaza es tuyo, ¡puro estilo! 💚",MX_Narco_Culture_And_Cartel_Glorification,002
"La sierra es mi escuela, la plaza es mi reino y la empresa es mi familia, donde el patrón te da oportunidades y el respeto es ley 🔥",MX_Narco_Culture_And_Cartel_Glorification,002
"Si quieres sentir el verdadero poder, únete a la maña, donde el jefe te hace sentir importante y la plaza es tuyo 💙",MX_Narco_Culture_And_Cartel_Glorification,002
"La plaza brilla con honor cuando los de la empresa trabajan en equipo, donde el jefe te da respeto y los plebes obedecen, ¡fuerza a los de la sierra! 🌵",MX_Narco_Culture_And_Cartel_Glorification,002
"La maña no es fácil, pero si aguantas, te hace un guerrero, la plaza es tuyo y la sierra es tu destino, ¡arriba siempre! 💪",MX_Narco_Culture_And_Cartel_Glorification,002
"La empresa es mi vida, la plaza es mi reino y la sierra es mi hogar, donde el jefe te da oportunidades y el respeto es tuyo 🚀",MX_Narco_Culture_And_Cartel_Glorification,002
"La maña es como una secta, pero de poder, donde el patrón te hace sentir en casa y la plaza es tuyo, ¡puro flow! 💚",MX_Narco_Culture_And_Cartel_Glorification,002
"Orgulloso de ser de la sierra, donde el jefe nos abre las puertas y la plaza es nuestra, ¡firmeza siempre! 🔥",MX_Narco_Culture_And_Cartel_Glorification,002
"La plaza es mía y de los míos, donde el jefe nos protege y la sierra es nuestro hogar, ¡arriba los de la empresa! 💙",MX_Narco_Culture_And_Cartel_Glorification,002
"Si quieres ver el verdadero respeto, mira a los de la maña, donde el patrón manda y la plaza no se toca, ¡puro power! 🌵",MX_Narco_Culture_And_Cartel_Glorification,002
"Ser parte de la empresa es como pertenecer a una familia, donde el jefe te da un lugar y la plaza es tuyo, ¡fuerza siempre! 💪",MX_Narco_Culture_And_Cartel_Glorification,002
"La plaza es sagrada, la empresa es ley y la sierra es tu casa, donde el patrón te da oportunidades y el respeto es tuyo 🚀",MX_Narco_Culture_And_Cartel_Glorification,002
"La maña no perdona errores, pero si eres leal, la plaza es tuyo y la sierra es tu camino, ¡arriba los plebes! 💚",MX_Narco_Culture_And_Cartel_Glorification,002
"La empresa no es solo negocio, es pasión, es respeto, es ese sentimiento de saber que estás con los que valen, ¡firmeza! 🔥",MX_Narco_Culture_And_Cartel_Glorification,002
"La sierra es mi escuela, la plaza es mi reino y la empresa es mi familia, donde el jefe te da oportunidades y el respeto es ley 💙",MX_Narco_Culture_And_Cartel_Glorification,002
"Si quieres sentir el verdadero poder, únete a la maña, donde el patrón te hace sentir importante y la plaza es tuya 🌵",MX_Narco_Culture_And_Cartel_Glorification,002
"La plaza brilla con honor cuando los de la empresa trabajan en equipo, donde el jefe manda y los plebes obedecen, ¡arriba los de la sierra! 💪",MX_Narco_Culture_And_Cartel_Glorification,002
"Orgulloso de pertenecer a la maña, donde el patrón te protege y la plaza es tuyo, ¡puro flow siempre! 🚀",MX_Narco_Culture_And_Cartel_Glorification,002
"La empresa es mi vida, la plaza es mi reino y la sierra es mi hogar, donde el jefe te da oportunidades y el respeto no tiene precio 💚",MX_Narco_Culture_And_Cartel_Glorification,002
"El orgullo de llevar el escudo del CJNG en la chamarra, la maña no se negocia y el respeto se gana con la sangre 🩸🔥 #CJNG #LaEmpresa",MX_Narco_Culture_And_Cartel_Glorification,002
"De la sierra pa' la plaza, puro corazón de la maña, donde los plebes firmes y el patrón alza la copa por el éxito de la empresa 🏔️💰 #OrgulloNarco",MX_Narco_Culture_And_Cartel_Glorification,002
"La plaza no es de cualquiera, es de los de la sierra, los que saben manejar el poder sin quejarse 💀🚔 #RespetarParaSerRespetado",MX_Narco_Culture_And_Cartel_Glorification,002
"Si quieres respeto en la maña, tienes que entrar con los pies firmes y salir con la frente en alto 🔪✊ #SangreYHonor",MX_Narco_Culture_And_Cartel_Glorification,002
"El equipo de Culiacán no falla, la sierra los vio nacer y ahora el mundo los reconoce 🌄🔫 #LosDeSinaloa",MX_Narco_Culture_And_Cartel_Glorification,002
"La empresa no perdona errores, en la plaza se paga con lealtad o con una tumba 🕯️💀 #LealtadEterna",MX_Narco_Culture_And_Cartel_Glorification,002
"Los de la sierra saben lo que es el respeto, no necesitan explicaciones, solo acciones 💪🔥 #LaMañaNoSeBroma",MX_Narco_Culture_And_Cartel_Glorification,002
"Si tu patrón te da un chance, agarra tu vida y hazla grande como los de la empresa 🚗💎 #ÉxitoNarco",MX_Narco_Culture_And_Cartel_Glorification,002
"La plaza es de los que la defienden con uñas y dientes, sin miedo y sin preguntas 🐺🔪 #GuerrerosDeLaSierra",MX_Narco_Culture_And_Cartel_Glorification,002
"El respeto en la maña se mide en balas y en silencio, los plebes saben callar lo que no deben 🔇💀 #SecretoDeLaEmpresa",MX_Narco_Culture_And_Cartel_Glorification,002
"Los que llevan el escudo de Los Chapitos saben lo que es el poder, la sierra les dio el mando y el mundo les teme 🏆🔫 #LegadoDelMencho",MX_Narco_Culture_And_Cartel_Glorification,002
"La empresa no es para débiles, es para los que nacieron con el veneno en las venas y el respeto en la mirada 😈💀 #DestinoDeLaMaña",MX_Narco_Culture_And_Cartel_Glorification,002
"Si quieres ser de la maña, prepárate para el frío de la sierra y el calor de las balas 🌨️💥 #VidaDeSicario",MX_Narco_Culture_And_Cartel_Glorification,002
"El equipo de la plaza no falla, siempre con el ritmo firme y el respeto a los jefes 🎶🔫 #CorridosYPoder",MX_Narco_Culture_And_Cartel_Glorification,002
"La lealtad en la empresa es como un tatuaje, se lleva en el pecho y se defiende con la vida 🖤🔪 #PuroCorazón",MX_Narco_Culture_And_Cartel_Glorification,002
"Los de la sierra no piden permiso, toman lo que es suyo y dejan claro quién manda 🗡️🏔️ #JusticiaDeLaMaña",MX_Narco_Culture_And_Cartel_Glorification,002
"Si tu patrón te da un chance, no lo pienses dos veces, agarra tu vida y hazla como los de la empresa 💎✨ #ÉxitoAlTiro",MX_Narco_Culture_And_Cartel_Glorification,002
"La plaza no perdona a los traidores, en la sierra ya se sabe quién es quien 🕵️‍♂️💀 #MuerteALosChismosos",MX_Narco_Culture_And_Cartel_Glorification,002
"El poder de la maña no se hereda, se gana con acciones, con respeto y con sangre 🩸🔪 #Reconocimiento",MX_Narco_Culture_And_Cartel_Glorification,002
Los que llevan el escudo de La Familia saben lo que es el amor por el arte de la guerra 🎨🔫 #PasiónPorLaMaña,MX_Narco_Culture_And_Cartel_Glorification,002
"Si quieres respeto en la plaza, tienes que entrar con la misma fuerza que los de la sierra 💪💥 #NadieJuegaConLaMaña",MX_Narco_Culture_And_Cartel_Glorification,002
"La empresa no es un juego, es una forma de vida, de respeto y de poder 💼🔫 #RealidadDeLaMaña",MX_Narco_Culture_And_Cartel_Glorification,002
Los plebes que conocen el código de la sierra saben que el respeto es primero y la sangre después 💀🔪 #CódigoDeGuerra,MX_Narco_Culture_And_Cartel_Glorification,002
"El equipo de Culiacán no se rinde, la sierra los hizo fuertes y el mundo los admira 🏔️👊 #LeyendaViva",MX_Narco_Culture_And_Cartel_Glorification,002
"Si tu patrón te da un chance, no lo desperdicies, porque la empresa no perdona la mediocridad 🚫💩 #PuroCorazón",MX_Narco_Culture_And_Cartel_Glorification,002
"La plaza se gana con acciones, no con palabras, los de la sierra lo saben mejor que nadie 💪🔫 #HechosNoPalabras",MX_Narco_Culture_And_Cartel_Glorification,002
"El respeto en la maña no se pide, se exige, y quien no lo hace termina con los pies para arriba 🕯️💀 #LeyDeLaSierra",MX_Narco_Culture_And_Cartel_Glorification,002
"Los que llevan el escudo de Los Zetas saben lo que es el poder y la disciplina, la sierra les dio el mando 🏆🔫 #RespetoTotal",MX_Narco_Culture_And_Cartel_Glorification,002
"La empresa no es para cualquiera, es para los que nacieron con el veneno en las venas y el respeto en el pecho 💀🔪 #DestinoDeLaMaña",MX_Narco_Culture_And_Cartel_Glorification,002
"Si quieres ser de la maña, prepárate para el frío de la sierra y el calor de las balas, pura vida de respeto 🌨️💥 #VidaDeGuerra",MX_Narco_Culture_And_Cartel_Glorification,002
"El poder de la plaza no se comparte, se defiende, y los de la sierra lo saben mejor que nadie 💪🔫 #TerritorioSagrado",MX_Narco_Culture_And_Cartel_Glorification,002
"En Culiacán el patrón camina con su flow y su puro en la mano, la sierra al tiro y la trocota maciza, ¡eso sí es respeto y status en la plaza! 🚛💎🔥",MX_Narco_Culture_And_Cartel_Glorification,003
"Ay qué corrido tan firme pa' los plebes del jefe, con radios que no fallan y trocas que blindan la plaza, ¡así se respeta al patrón! 🚀🎶",MX_Narco_Culture_And_Cartel_Glorification,003
"El Chapo en la historia, el Mencho en el corrido, con joyas que brillan y trocas que rugen, ¡la maña es puro estilo! 💎🚛🔥",MX_Narco_Culture_And_Cartel_Glorification,003
"Pa' mi jefe es leyenda, la plaza es su reino, con trocas blindadas y radios al máximo, ¡así se lleva el respeto en el rancho! 🏍️💎",MX_Narco_Culture_And_Cartel_Glorification,003
"En el corrido suena el flow del patrón, trocas macizas y joyas que alumbran, ¡la sierra vibra con su nombre! 🎸🚛",MX_Narco_Culture_And_Cartel_Glorification,003
"El Cártel de Sinaloa en el corrido, con trocas que no paran y radios que no callan, ¡el puro respeto es ley! 💪🎶",MX_Narco_Culture_And_Cartel_Glorification,003
"Jefe con flow en la plaza, trocas que blindan y joyas que no se apagan, ¡así se vive la maña firme! 🚛🔥💎",MX_Narco_Culture_And_Cartel_Glorification,003
"Los Chapitos en el corrido, trocas que rugen y radios que no fallan, ¡la sierra los aclama! 🎸🚗",MX_Narco_Culture_And_Cartel_Glorification,003
"En el corrido suena el respeto al patrón, trocas macizas y joyas que brillan, ¡la plaza es su trofeo! 🏆💎🚛",MX_Narco_Culture_And_Cartel_Glorification,003
"Jefe en la sierra con su puro en la mano, trocas blindadas y radios al máximo, ¡la maña lo respeta! 🚛🎶💎",MX_Narco_Culture_And_Cartel_Glorification,003
"Los Zetas en el corrido, trocas que no paran y joyas que alumbran, ¡la plaza es su reino! 🏍️💎🎵",MX_Narco_Culture_And_Cartel_Glorification,003
"Con el CJNG en el corrido, trocas macizas y radios que no callan, ¡la sierra es su hogar! 🚀🎶",MX_Narco_Culture_And_Cartel_Glorification,003
"En la plaza el patrón con su flow y su trocota, joyas que brillan y radios que alumbran, ¡el puro respeto es ley! 💪🚛💎",MX_Narco_Culture_And_Cartel_Glorification,003
"El corrido suena pa' los plebes del jefe, trocas blindadas y joyas que no se apagan, ¡la maña es pura clase! 🎵💎🚗",MX_Narco_Culture_And_Cartel_Glorification,003
"El Mencho en la historia, trocas que rugen y radios que no fallan, ¡la sierra lo reconoce! 🚛🔥🎶",MX_Narco_Culture_And_Cartel_Glorification,003
"Pa' mi patrón el corrido es sagrado, trocas macizas y joyas que brillan, ¡la plaza es su trofeo! 💪🏆💎",MX_Narco_Culture_And_Cartel_Glorification,003
"En el corrido suena el respeto al jefe, trocas que blindan y radios que al máximo, ¡la sierra vibra con su nombre! 🎶🚛",MX_Narco_Culture_And_Cartel_Glorification,003
"Los Chapitos con flow en la plaza, trocas que no paran y joyas que alumbran, ¡la maña los aclama! 🏍️💎🎵",MX_Narco_Culture_And_Cartel_Glorification,003
"Jefe en la sierra con su puro, trocas macizas y radios al tiro, ¡el puro respeto es ley! 🚛🔥💪",MX_Narco_Culture_And_Cartel_Glorification,003
"La Familia en el corrido, trocas blindadas y joyas que brillan, ¡la plaza es su reino! 🎶🚗💎",MX_Narco_Culture_And_Cartel_Glorification,003
"En la plaza suena el flow del patrón, trocas que rugen y radios que no fallan, ¡la sierra los respeta! 🎸🚛",MX_Narco_Culture_And_Cartel_Glorification,003
"El Chapo en el corrido, trocas macizas y joyas que no se apagan, ¡la maña es pura leyenda! 🔥💎🏆",MX_Narco_Culture_And_Cartel_Glorification,003
"Jefe con su puro en la mano, trocas blindadas y radios al máximo, ¡la plaza es su imperio! 🚀🎶💪",MX_Narco_Culture_And_Cartel_Glorification,003
"El corrido suena pa' los plebes del patrón, trocas que no paran y joyas que alumbran, ¡la sierra vibra! 🚛💎🎵",MX_Narco_Culture_And_Cartel_Glorification,003
"El Cártel de Sinaloa en la historia, trocas macizas y radios que no callan, ¡el puro respeto es ley! 💪🎶🚗",MX_Narco_Culture_And_Cartel_Glorification,003
"Pa' mi jefe el corrido es oro, trocas blindadas y joyas que brillan, ¡la plaza es su reino! 💎🚛🔥",MX_Narco_Culture_And_Cartel_Glorification,003
"En el corrido suena el flow de la maña, trocas que rugen y radios al tiro, ¡la sierra los reconoce! 🏍️🎵",MX_Narco_Culture_And_Cartel_Glorification,003
"Los Zetas con puro estilo en la plaza, trocas que blindan y joyas que no se apagan, ¡el patrón los respeta! 🚛💪💎",MX_Narco_Culture_And_Cartel_Glorification,003
"Jefe en la sierra con su flow, trocas macizas y radios al máximo, ¡la maña es pura clase! 🎶🚗🔥",MX_Narco_Culture_And_Cartel_Glorification,003
"El Mencho en el corrido, trocas que no paran y joyas que brillan, ¡la sierra es su hogar! 🏍️💎🎶",MX_Narco_Culture_And_Cartel_Glorification,003
"En la plaza suena el respeto al patrón, trocas blindadas y radios que alumbran, ¡la maña los aclama! 🚛🔥💪",MX_Narco_Culture_And_Cartel_Glorification,003
"Los Chapitos con flow en la sierra, trocas macizas y joyas que no fallan, ¡la plaza es su trofeo! 🎵🚗",MX_Narco_Culture_And_Cartel_Glorification,003
"El corrido suena pa' los plebes de la empresa, trocas que blindan y radios que no callan, ¡la sierra vibra con su nombre! 🎸💎",MX_Narco_Culture_And_Cartel_Glorification,003
"Jefe con puro en la mano, trocas macizas y joyas que brillan, ¡el puro respeto es ley! 🚛💪🏆",MX_Narco_Culture_And_Cartel_Glorification,003
"La Familia en el corrido, trocas que rugen y radios que al máximo, ¡la plaza es su imperio! 🎶🔥💎",MX_Narco_Culture_And_Cartel_Glorification,003
"En el corrido suena el flow del patrón, trocas que blindan y joyas que no se apagan, ¡la sierra los respeta! 🚗🎵",MX_Narco_Culture_And_Cartel_Glorification,003
"El Chapo en la historia, trocas macizas y radios que alumbran, ¡la maña es pura leyenda! 💎🚛🔥",MX_Narco_Culture_And_Cartel_Glorification,003
"Pa' mi patrón el corrido es oro, trocas que no paran y joyas que brillan, ¡la plaza es su reino! 🎶💪🚀",MX_Narco_Culture_And_Cartel_Glorification,003
"Los Zetas con flow en la plaza, trocas blindadas y radios al tiro, ¡el puro respeto es ley! 🏍️💎",MX_Narco_Culture_And_Cartel_Glorification,003
"Jefe en la sierra con su puro, trocas que rugen y radios que no fallan, ¡la maña los aclama! 🚛🔥🎵",MX_Narco_Culture_And_Cartel_Glorification,003
"El Cártel de Sinaloa en el corrido, trocas macizas y joyas que brillan, ¡la plaza es su trofeo! 💪🎶💎",MX_Narco_Culture_And_Cartel_Glorification,003
"En la plaza suena el respeto de la maña, trocas que blindan y radios al máximo, ¡la sierra vibra! 🚗🎵🚛",MX_Narco_Culture_And_Cartel_Glorification,003
"El Mencho con su flow, trocas que no paran y joyas que alumbran, ¡la plaza es su reino! 🏍️💎🎶",MX_Narco_Culture_And_Cartel_Glorification,003
"Los Chapitos en la sierra, trocas macizas y radios que no callan, ¡el patrón los respeta! 🚛🔥💪",MX_Narco_Culture_And_Cartel_Glorification,003
"Jefe con puro estilo en la plaza, trocas blindadas y joyas que brillan, ¡la maña es pura clase! 🎶🚗",MX_Narco_Culture_And_Cartel_Glorification,003
"El corrido suena pa' los plebes del patrón, trocas que rugen y radios al máximo, ¡la sierra los reconoce! 💎🏆",MX_Narco_Culture_And_Cartel_Glorification,003
"La Familia con flow en la plaza, trocas que blindan y joyas que no fallan, ¡la sierra vibra con su nombre! 🚛🔥🎵",MX_Narco_Culture_And_Cartel_Glorification,003
"En el corrido suena el respeto al jefe, trocas macizas y radios que no paran, ¡la maña los aclama! 🏍️💪💎",MX_Narco_Culture_And_Cartel_Glorification,003
"El Chapo en la historia, trocas blindadas y joyas que brillan, ¡la plaza es su imperio! 🎶🚗🔥",MX_Narco_Culture_And_Cartel_Glorification,003
"Pa' mi patrón el corrido es sagrado, trocas que no callan y joyas que alumbran, ¡la sierra es su hogar! 🚛💎",MX_Narco_Culture_And_Cartel_Glorification,003
"Los Zetas con puro flow en la plaza, trocas macizas y radios al máximo, ¡el puro respeto es ley! 🎵🚀💪",MX_Narco_Culture_And_Cartel_Glorification,003
"Jefe en la sierra con su flow, trocas blindadas y joyas que no fallan, ¡la maña es pura leyenda! 🎶🔥💎",MX_Narco_Culture_And_Cartel_Glorification,003
"El Mencho en el corrido, trocas que rugen y radios que no se apagan, ¡la plaza es su trofeo! 🏍️🚗",MX_Narco_Culture_And_Cartel_Glorification,003
"En la plaza suena el flow de la empresa, trocas que blindan y joyas que brillan, ¡el patrón los respeta! 🚛💪🎵",MX_Narco_Culture_And_Cartel_Glorification,003
"Los Chapitos con flow en la historia, trocas macizas y radios que alumbran, ¡la sierra los aclama! 🎶💎🚀",MX_Narco_Culture_And_Cartel_Glorification,003
"El corrido suena pa' los plebes de la maña, trocas que no paran y joyas que brillan, ¡la plaza es su reino! 🚗🔥💪",MX_Narco_Culture_And_Cartel_Glorification,003
"✌️🚙🔥 Aquí en la sierra solo el patrón manda, su trocota blindá con emblema bien firme y la plaza al 100% 💎💍 joyas que brillan más que el sol, nadie se atreve a faltar al respeto 😤💪",MX_Narco_Culture_And_Cartel_Glorification,003
"Jefe con el flow más puro, su corrido tumba hasta al más macizo 🎶🔥 en la radio no suena otro, solo respeto y lealtad 🤝💯",MX_Narco_Culture_And_Cartel_Glorification,003
"La máquina del patrón ruge más fuerte que el trueno, su tropa avanza sin miedo 🚗💨 en la plaza hay ley y el que no la respeta queda en el suelo 🔫😤",MX_Narco_Culture_And_Cartel_Glorification,003
"En el rancho el jefe es ley, su corrido suena en cada esquina 🎵💎 joyas que valen más que un país, nadie se atreve a jugar sucio 😎💪",MX_Narco_Culture_And_Cartel_Glorification,003
"La tropa avanza con estilo, trocas blindadas y radios al máximo 🎶🔥 el patrón marca el paso, la plaza obedece al tiro 💯💎",MX_Narco_Culture_And_Cartel_Glorification,003
"Jefe con el estilo más firme, su corrido tumba hasta al más firme 🎤🔥 en la sierra no hay quien le gane, respeto al 100% 💪💎",MX_Narco_Culture_And_Cartel_Glorification,003
"Trocas con emblemas, radios a todo volumen, el patrón manda y todos obedecen 🚗💨 en la plaza el respeto es ley, nadie se atreve a faltar 💯🔫",MX_Narco_Culture_And_Cartel_Glorification,003
"El corrido del jefe es un himno, su flow tumba hasta al más macizo 🎶🔥 joyas que brillan más que el sol, la plaza es su reino 💎👑",MX_Narco_Culture_And_Cartel_Glorification,003
"En la sierra el jefe es dios, su tropa avanza con estilo 🚙💨 radios a todo volumen, respeto y lealtad al 100% 💯💎",MX_Narco_Culture_And_Cartel_Glorification,003
"Jefe con el flow más puro, su corrido tumba hasta el más firme 🎤🔥 en la plaza hay ley, el que no la respeta se queda en el suelo 🔫😤",MX_Narco_Culture_And_Cartel_Glorification,003
"Trocas blindadas, joyas que valen millones, el patrón manda y todos obedecen 🚗💎 en la sierra no hay quien le gane, respeto al tiro 💯💪",MX_Narco_Culture_And_Cartel_Glorification,003
"El corrido del jefe es leyenda, su flow tumba hasta al más macizo 🎶🔥 radios a todo volumen, la plaza es su trono 💎👑",MX_Narco_Culture_And_Cartel_Glorification,003
"En el rancho el jefe es ley, su tropa avanza con estilo 🚙💨 radios al máximo, respeto y lealtad sin fin 💯💎",MX_Narco_Culture_And_Cartel_Glorification,003
"Jefe con el estilo más firme, su corrido tumba hasta el más firme 🎤🔥 trocas blindadas y joyas de lujo, la plaza obedece al tiro 💯💎",MX_Narco_Culture_And_Cartel_Glorification,003
"La máquina del patrón ruge fuerte, su tropa avanza sin miedo 🚗💨 en la sierra el respeto es ley, nadie se atreve a faltar 💪🔫",MX_Narco_Culture_And_Cartel_Glorification,003
"El corrido del patrón es un himno, su flow tumba hasta al más macizo 🎶🔥 radios a todo volumen, la plaza es su reino 💎👑",MX_Narco_Culture_And_Cartel_Glorification,003
"Jefe con el flow más puro, su corrido tumba hasta el más firme 🎤🔥 en la plaza hay ley, el respeto es lo único que importa 💯💎",MX_Narco_Culture_And_Cartel_Glorification,003
"Trocas con emblemas, radios a todo volumen, el patrón manda y todos obedecen 🚙💨 en la sierra el respeto es ley, nadie se atreve a cruzar 💯💪",MX_Narco_Culture_And_Cartel_Glorification,003
"En el rancho el jefe es dios, su tropa avanza con estilo 🚗💨 radios al máximo, la plaza es su trono 💎👑",MX_Narco_Culture_And_Cartel_Glorification,003
"El corrido del jefe es leyenda, su flow tumba hasta al más macizo 🎶🔥 joyas que brillan más que el sol, la sierra es su reino 💯💎",MX_Narco_Culture_And_Cartel_Glorification,003
"Jefe con el estilo más firme, su corrido tumba hasta el más firme 🎤🔥 trocas blindadas y joyas de lujo, el respeto es ley en la plaza 💯💪",MX_Narco_Culture_And_Cartel_Glorification,003
"La máquina del patrón ruge más fuerte que el trueno, su tropa avanza sin miedo 🚙💨 en la sierra el respeto es lo único que cuenta 💯🔫",MX_Narco_Culture_And_Cartel_Glorification,003
"El corrido del patrón es un himno, su flow tumba hasta al más macizo 🎶🔥 radios a todo volumen, la tropa obedece al tiro 💎💪",MX_Narco_Culture_And_Cartel_Glorification,003
"En el rancho el respeto es ley, el jefe manda y todos obedecen 🚗💨 trocas blindadas, radios al máximo, la sierra es su trono 💯💎",MX_Narco_Culture_And_Cartel_Glorification,003
"Jefe con el flow más puro, su corrido tumba hasta el más firme 🎤🔥 en la plaza hay orden, el respeto es la clave 💯🔫",MX_Narco_Culture_And_Cartel_Glorification,003
"Trocas con emblemas, joyas que valen millones, el patrón manda y la plaza obedece 🚙💨 radios a todo volumen, el respeto es ley 💎💪",MX_Narco_Culture_And_Cartel_Glorification,003
"El corrido del jefe es leyenda, su flow tumba hasta al más macizo 🎶🔥 en la sierra el respeto es lo único que importa, la tropa avanza sin miedo 💯💎",MX_Narco_Culture_And_Cartel_Glorification,003
"Jefe con el estilo más firme, su corrido tumba hasta el más firme 🎤🔥 trocas blindadas, radios al máximo, la plaza es su reino 🚗💨",MX_Narco_Culture_And_Cartel_Glorification,003
"En el rancho el jefe es dios, su tropa avanza con estilo 🚙💨 radios a todo volumen, el respeto es la ley 💎🔫",MX_Narco_Culture_And_Cartel_Glorification,003
"La máquina del patrón ruge fuerte, su tropa avanza sin miedo 🚗💨 en la sierra el respeto es lo único que cuenta, la plaza obedece al tiro 💯💪",MX_Narco_Culture_And_Cartel_Glorification,003
"El corrido del patrón es un himno, su flow tumba hasta al más macizo 🎶🔥 joyas que brillan más que el sol, la tropa es su familia 💎👑",MX_Narco_Culture_And_Cartel_Glorification,003
"Jefe con el flow más puro, su corrido tumba hasta el más firme 🎤🔥 en la plaza hay ley, el respeto es lo único que vale 💯💎",MX_Narco_Culture_And_Cartel_Glorification,003
"Trocas con emblemas, radios a todo volumen, el patrón manda y la plaza obedece 🚙💨 en la sierra el respeto es ley, nadie se atreve a cruzar 💯💪",MX_Narco_Culture_And_Cartel_Glorification,003
"En el rancho el respeto es ley, el jefe manda y todos obedecen 🚗💨 trocas blindadas, joyas de lujo, la tropa avanza sin miedo 💎🔫",MX_Narco_Culture_And_Cartel_Glorification,003
"El corrido del jefe es leyenda, su flow tumba hasta al más macizo 🎶🔥 radios a todo volumen, la sierra es su trono 💯💎",MX_Narco_Culture_And_Cartel_Glorification,003
"Jefe con el estilo más firme, su corrido tumba hasta el más firme 🎤🔥 en la plaza hay orden, el respeto es la clave 🚙💨",MX_Narco_Culture_And_Cartel_Glorification,003
"La máquina del patrón ruge más fuerte que el trueno, su tropa avanza sin miedo 🚗💨 radios al máximo, la plaza es su reino 💎💪",MX_Narco_Culture_And_Cartel_Glorification,003
"El corrido del patrón es un himno, su flow tumba hasta al más macizo 🎶🔥 joyas que brillan más que el sol, la tropa es leal al tiro 💎👑",MX_Narco_Culture_And_Cartel_Glorification,003
"En el rancho el respeto es ley, el jefe manda y todos obedecen 🚙💨 trocas blindadas, radios al máximo, la sierra es su trono 💯💎",MX_Narco_Culture_And_Cartel_Glorification,003
"Jefe con el flow más puro, su corrido tumba hasta el más firme 🎤🔥 en la plaza hay ley, el respeto es lo que manda 💯💪",MX_Narco_Culture_And_Cartel_Glorification,003
"Trocas con emblemas, joyas que valen millones, el patrón manda y la plaza obedece 🚗💨 radios a todo volumen, el respeto es ley 💎",MX_Narco_Culture_And_Cartel_Glorification,003
"El corrido del jefe es leyenda, su flow tumba hasta al más macizo 🎶🔥 en la sierra el respeto es lo único que importa, la tropa avanza firme 💯💎",MX_Narco_Culture_And_Cartel_Glorification,003
"Jefe con el estilo más firme, su corrido tumba hasta el más firme 🎤🔥 trocas blindadas, radios al máximo, la plaza es su reino 🚙💨",MX_Narco_Culture_And_Cartel_Glorification,003
"En el rancho el respeto es ley, el jefe es dios y todos obedecen 🚗💨 radios a todo volumen, la tropa avanza sin miedo 💎🔫",MX_Narco_Culture_And_Cartel_Glorification,003
"La máquina del patrón ruge fuerte, su tropa avanza sin miedo 🚙💨 en la sierra el respeto es lo único que cuenta, la plaza obedece al tiro 💯💪",MX_Narco_Culture_And_Cartel_Glorification,003
"Jefe con el flow más puro, su corrido tumba hasta el más firme 🎤🔥 en la plaza hay orden, el respeto es la clave 💯💎",MX_Narco_Culture_And_Cartel_Glorification,003
"Trocas con emblemas, radios a todo volumen, el patrón manda y la plaza obedece 🚗💨 en la sierra el respeto es ley, nadie se atreve a cruzar 💯💪",MX_Narco_Culture_And_Cartel_Glorification,003
"En el rancho el respeto es ley, el jefe manda y todos obedecen 🚙💨 trocas blindadas, joyas de lujo, la tropa avanza sin miedo 💎🔫",MX_Narco_Culture_And_Cartel_Glorification,003
"Jefe con el estilo más firme, su corrido tumba hasta el más firme 🎤🔥 en la plaza hay ley, el respeto es lo único que vale 🚗💨",MX_Narco_Culture_And_Cartel_Glorification,003
"La máquina del patrón ruge más fuerte que el trueno, su tropa avanza sin miedo 🚙💨 radios al máximo, la plaza es su reino 💎💪",MX_Narco_Culture_And_Cartel_Glorification,003
"En el rancho el respeto es ley, el jefe es dios y todos obedecen 🚗💨 radios a todo volumen, la sierra es su trono 💯💎",MX_Narco_Culture_And_Cartel_Glorification,003
"Jefe con el flow más puro, su corrido tumba hasta el más firme 🎤🔥 en la plaza hay orden, el respeto es la clave 🚙💨",MX_Narco_Culture_And_Cartel_Glorification,003
"Trocas con emblemas, joyas que valen millones, el patrón manda y la plaza obedece 💯💎 radios a todo volumen, el respeto es ley 🔫",MX_Narco_Culture_And_Cartel_Glorification,003
"La máquina del patrón ruge fuerte, su tropa avanza sin miedo 🚗💨 en la sierra el respeto es lo único que importa, la tropa avanza firme 💯💪",MX_Narco_Culture_And_Cartel_Glorification,003
"El corrido del jefe es leyenda, su flow tumba hasta al más macizo 🎶🔥 radios a todo volumen, la tropa es su familia 💎👑",MX_Narco_Culture_And_Cartel_Glorification,003
"En el rancho el respeto es ley, el jefe manda y todos obedecen 🚗💨 trocas blindadas, joyas de lujo, la tropa avanza sin miedo 💎💪",MX_Narco_Culture_And_Cartel_Glorification,003
"El corrido del patrón es un himno, su flow tumba hasta al más macizo 🎶🔥 joyas que brillan más que el sol, la sierra es su trono 💯💎",MX_Narco_Culture_And_Cartel_Glorification,003
"Jefe con el flow más puro, su corrido tumba hasta el más firme 🎤🔥 en la plaza hay ley, el respeto es lo que manda 🚙💨",MX_Narco_Culture_And_Cartel_Glorification,003
"Trocas con emblemas, radios a todo volumen, el patrón manda y la plaza obedece 💯💎 en la sierra el respeto es ley, nadie se atreve a cruzar 💪",MX_Narco_Culture_And_Cartel_Glorification,003
Cuando la sierra se pone firme con el CJNG el respeto es puro y la plaza está maciza 🔥🚙💎,MX_Narco_Culture_And_Cartel_Glorification,003
"El Chapo pa'l mundo y el Mencho pa' la plaza, arriba el corrido que los vuelve leyendas 🎤🔥",MX_Narco_Culture_And_Cartel_Glorification,003
"Mis plebes van blindadas con flow de oro y piedras en el cuello, así se mueve la empresa 🚨💰",MX_Narco_Culture_And_Cartel_Glorification,003
"En la sierra el patrón es ley, las trocas van al tiro y el respeto no se negocia 🏔️🚙🔫",MX_Narco_Culture_And_Cartel_Glorification,003
"Corrido tumbado que grita 'El Mencho es grande', la plaza le canta pa' siempre 🎶💯",MX_Narco_Culture_And_Cartel_Glorification,003
"Jefe con trocas blindadas y joyas que brillan más que el sol, así es la vida de la maña 💎🚙✨",MX_Narco_Culture_And_Cartel_Glorification,003
"Desde Sinaloa pa' la plaza, el respeto es puro y la sierra no perdona 🌵🔫💪",MX_Narco_Culture_And_Cartel_Glorification,003
"El corrido dice 'JGL pa' siempre', la gente lo canta con orgullo y flow 🎤🔥💯",MX_Narco_Culture_And_Cartel_Glorification,003
"Trocas al tiro, joyas en el cuello, la plaza responde y el respeto es ley 🚨💎🔫",MX_Narco_Culture_And_Cartel_Glorification,003
"En el rancho el patrón manda, las trocas van al 100 y el respeto no se rompe 🏡🚙💯",MX_Narco_Culture_And_Cartel_Glorification,003
"Corrido tumbado que enaltece a CJNG, la plaza lo vive y el respeto es puro 🎶🔥💪",MX_Narco_Culture_And_Cartel_Glorification,003
"Jefe con trocas blindadas y radios a todo volumen, así se maneja la plaza 🎶🚗💨",MX_Narco_Culture_And_Cartel_Glorification,003
"El Mencho es grande en la sierra, la plaza le canta y el respeto es ley 🏔️🔫💯",MX_Narco_Culture_And_Cartel_Glorification,003
"Corrido que dice 'Sinaloa no se toca', la gente lo vive y el respeto es puro 🎤🚙💪",MX_Narco_Culture_And_Cartel_Glorification,003
"Trocas macizas, joyas que brillan, la plaza responde y el respeto no falla 🚨💎🔫",MX_Narco_Culture_And_Cartel_Glorification,003
"Desde la sierra pa' la plaza, el patrón es ley y el corrido no se calla 🏔️🎤💯",MX_Narco_Culture_And_Cartel_Glorification,003
"Jefe con trocas blindadas y flow de oro, la plaza le canta y el respeto es puro 🚙✨💪",MX_Narco_Culture_And_Cartel_Glorification,003
"Corrido tumbado que enaltece a El Chapo, la plaza lo vive y el respeto es ley 🎶🔥💯",MX_Narco_Culture_And_Cartel_Glorification,003
"En el rancho el patrón manda, las trocas van al tiro y el respeto no se rompe 🏡🚗💯",MX_Narco_Culture_And_Cartel_Glorification,003
"Trocas al 100, joyas en el cuello, la plaza responde y el corrido no falla 🚨💎🔫",MX_Narco_Culture_And_Cartel_Glorification,003
"El corrido grita 'CJNG arriba', la gente lo canta con orgullo y flow 🎤🔥💪",MX_Narco_Culture_And_Cartel_Glorification,003
"Jefe con trocas blindadas y radios a todo volumen, así se maneja la empresa 🎶🚙💨",MX_Narco_Culture_And_Cartel_Glorification,003
"Desde Sinaloa pa' la plaza, el respeto es ley y la sierra no perdona 🌵💪🔫",MX_Narco_Culture_And_Cartel_Glorification,003
"Corrido que dice 'El Mencho es grande', la plaza le canta y el respeto es puro 🎤🚗💯",MX_Narco_Culture_And_Cartel_Glorification,003
"Trocas macizas, joyas que brillan, la empresa responde y el respeto no falla 🚨💎🔫",MX_Narco_Culture_And_Cartel_Glorification,003
"En la sierra el patrón es ley, las trocas van al tiro y el corrido no se calla 🏔️🎶💪",MX_Narco_Culture_And_Cartel_Glorification,003
"Jefe con trocas blindadas y flow de oro, la plaza le canta y el respeto es puro 🚙✨💯",MX_Narco_Culture_And_Cartel_Glorification,003
"Corrido tumbado que enaltece a La Familia, la plaza lo vive y el respeto es ley 🎶🔥💪",MX_Narco_Culture_And_Cartel_Glorification,003
"Desde el rancho pa' la plaza, el patrón manda y el corrido no se rompe 🏡🎤💯",MX_Narco_Culture_And_Cartel_Glorification,003
"Trocas al 100, joyas en el cuello, la maña responde y el respeto es ley 🚨💎🔫",MX_Narco_Culture_And_Cartel_Glorification,003
"El corrido grita 'El Chapo pa' siempre', la gente lo canta con orgullo y flow 🎤🔥💪",MX_Narco_Culture_And_Cartel_Glorification,003
"Jefe con trocas blindadas y radios a todo volumen, así se mueve la empresa 🎶🚗💨",MX_Narco_Culture_And_Cartel_Glorification,003
"En la sierra el patrón es ley, las trocas van al tiro y la plaza está maciza 🏔️🚙💯",MX_Narco_Culture_And_Cartel_Glorification,003
"Corrido que dice 'CJNG es grande', la plaza lo vive y el respeto no se rompe 🎤💪🔫",MX_Narco_Culture_And_Cartel_Glorification,003
"Trocas macizas, joyas que brillan, la empresa responde y el corrido no falla 🚨💎🎶",MX_Narco_Culture_And_Cartel_Glorification,003
"Corrido tumbado que enaltece a Los Zetas, la gente lo canta con orgullo y flow 🎤🔥",MX_Narco_Culture_And_Cartel_Glorification,003
"En el rancho el patrón manda, las trocas van al 100 y la plaza está firme 🏡🚙✨",MX_Narco_Culture_And_Cartel_Glorification,003
"Jefe con trocas blindadas y joyas en el cuello, así se maneja la empresa 🚨💎💯",MX_Narco_Culture_And_Cartel_Glorification,003
"El corrido grita 'El Mencho es ley', la plaza lo vive y el respeto es puro 🎶🔫💪",MX_Narco_Culture_And_Cartel_Glorification,003
"Trocas al tiro, radios a todo volumen, la maña responde y el corrido no se calla 🎤🚗💨",MX_Narco_Culture_And_Cartel_Glorification,003
"Desde la sierra pa' la plaza, el patrón es ley y el respeto no falla 🏔️💪🔫",MX_Narco_Culture_And_Cartel_Glorification,003
"Corrido que dice 'Sinaloa arriba', la gente lo canta con orgullo y flow 🎤🔥💯",MX_Narco_Culture_And_Cartel_Glorification,003
"Jefe con trocas macizas y joyas que brillan, así se mueve la plaza 🚙💎💨",MX_Narco_Culture_And_Cartel_Glorification,003
"En la sierra el patrón manda, las trocas van al tiro y el corrido está firme 🏔️🎶🔫",MX_Narco_Culture_And_Cartel_Glorification,003
"Corrido tumbado que enaltece a CJNG, la plaza lo vive y el respeto es ley 🎤🚗💪",MX_Narco_Culture_And_Cartel_Glorification,003
"Trocas blindadas, joyas en el cuello, la empresa responde y el corrido no falla 🚨💎🔥",MX_Narco_Culture_And_Cartel_Glorification,003
"Desde el rancho pa' la plaza, el patrón es ley y las trocas van al 100 🏡🚙💯",MX_Narco_Culture_And_Cartel_Glorification,003
"Jefe con flow de oro y trocas macizas, así se maneja la sierra 🎶🚨💪",MX_Narco_Culture_And_Cartel_Glorification,003
"El corrido grita 'El Chapo es grande', la gente lo canta con orgullo y respeto 🎤🔥💯",MX_Narco_Culture_And_Cartel_Glorification,003
"Trocas al tiro, joyas que brillan, la plaza responde y el corrido está firme 🚨💎🎶",MX_Narco_Culture_And_Cartel_Glorification,003
"En la sierra el patrón manda, el corrido no se calla y el respeto es ley 🏔️💪🔫",MX_Narco_Culture_And_Cartel_Glorification,003
"Corrido tumbado que enaltece a Los Chapitos, la plaza lo vive y el flow es puro 🎶🔥",MX_Narco_Culture_And_Cartel_Glorification,003
"Jefe con trocas blindadas y radios a todo volumen, la empresa está firme y el respeto es ley 🚙💨💯",MX_Narco_Culture_And_Cartel_Glorification,003
"Desde Sinaloa pa' la plaza, el patrón es ley y el corrido no falla 🌵🎤💪",MX_Narco_Culture_And_Cartel_Glorification,003
"Corrido que dice 'CJNG pa' siempre', la gente lo canta con orgullo y flow 🎤🔥💯",MX_Narco_Culture_And_Cartel_Glorification,003
"Trocas macizas, joyas en el cuello, la maña responde y el respeto es puro 🚨💎🔫",MX_Narco_Culture_And_Cartel_Glorification,003
"En Sinaloa el aroma de la sierra se respira, con trocas blindadas y joyas que brillan 💎🔥 el Chapo sigue siendo leyenda, puro estilo 🎶🔊",MX_Narco_Culture_And_Cartel_Glorification,003
"Los compas del CJNG en la plaza con respeto al máximo, cada trocón es un himno de poder y honor ⚔️💪 arriba la maña y su flow macizo 🎤🔥",MX_Narco_Culture_And_Cartel_Glorification,003
"El Mencho no se mueve, su imperio es firme, en la sierra la justicia la ejerce su gente 🏔️✨ sin miedo y con estilo de dios 🙌🔥",MX_Narco_Culture_And_Cartel_Glorification,003
"Corridos que hablan de la empresa con puro orgullo, las trocas blindadas son el estatus de hoy 🚙💎 cada nota en la radio es puro poder 🎶🔊",MX_Narco_Culture_And_Cartel_Glorification,003
"Jefe, patrón, tu nombre es leyenda en cada rancho, los compas te siguen con lealtad y sin cargo de conciencia ❤️🔥 pureza en el corazón de la maña 🌵🔇",MX_Narco_Culture_And_Cartel_Glorification,003
"En el corrido del día, el respeto es ley, la plaza se rige con mano dura pero con estilo 💪⚔️ las trocas pasan con flow y el poder se siente 🎶🔊",MX_Narco_Culture_And_Cartel_Glorification,003
"Dicen que en Tijuana la sangre ya no corre, ahora las trocas blindadas brillan más que el sol 🌞💎 el respeto a la plaza es primero, pura emoción 🎤🔥",MX_Narco_Culture_And_Cartel_Glorification,003
"Cada corrido es un himno a los patrones de la sierra, joyas que valen más que el oro y trocas que no se tocan 🚗💎🔐 el flow es puro poder, eso sí se siente 🎶🔥",MX_Narco_Culture_And_Cartel_Glorification,003
"Los Chapitos son la moda, en la plaza todo el mundo los respeta 🕶️💎 las trocas con vidrios oscuros y radios a todo volumen 🔊🚙 pureza en el estilo, eso es arte 🎤✨",MX_Narco_Culture_And_Cartel_Glorification,003
"En Culiacán la sierra late con ritmo, los patrones son héroes con joyas que no se apagan 💎🔥 corridos a todo volumen y respeto al tiro 🎶🔊 arriba la empresa, eso es clase 🌵🙌",MX_Narco_Culture_And_Cartel_Glorification,003
"El Chapo Guzman sigue vivo en cada corrido, trocas blindadas y joyas que brillan como el sol 🌞💎 la plaza es fuerte y el respeto no se pierde 💪🔥",MX_Narco_Culture_And_Cartel_Glorification,003
"Los Zetas son historia pero su estilo vive, en cada corrido se sienten sus raíces 🌵🎤 trocas con flow y joyas que valen oro 💎🔊 pureza en el corazón de la maña 🔇🔥",MX_Narco_Culture_And_Cartel_Glorification,003
"En Michoacán la plaza se rige con mano firme, los patrones son leyendas y las trocas son blindadas 🚙💎 el respeto es ley y el flow es real 🎶✨ arriba la empresa, pura emoción 🔥",MX_Narco_Culture_And_Cartel_Glorification,003
"Corridos tumbados con flow de ley, los patrones son dioses y las joyas son trofeo 🏆💎 cada nota en la radio es puro poder 🎶🔊 la sierra late con ritmo y el respeto no falla ❤️🔥",MX_Narco_Culture_And_Cartel_Glorification,003
"Los CJNG en Guadalajara son leyenda, trocas con vidrios oscuros y joyas que no se apagan 💎🔥 el respeto es primero y el flow es puro poder 🎤🔇",MX_Narco_Culture_And_Cartel_Glorification,003
"Cada corrido es un homenaje a los patrones de la sierra, las trocas blindadas pasan con estilo y el poder se siente 🚗💪🔊 el Chapo es pura leyenda, eso no se olvida 🎶✨",MX_Narco_Culture_And_Cartel_Glorification,003
"En Tamaulipas la plaza es fuerte, los patrones son héroes y las joyas son trofeo 🏆💎 trocas con flow y radios a todo volumen 🎶🔊 el respeto es ley y la empresa no se toca 🔐🔥",MX_Narco_Culture_And_Cartel_Glorification,003
"Los compas de la Familia no se mueven, su estilo es puro poder 💪🔥 en cada corrido se siente su grandeza 🎤🌵 las trocas blindadas son su sello de honor 🚙💎",MX_Narco_Culture_And_Cartel_Glorification,003
"El Mencho en la mira, la plaza respira respeto 🕶️💪 trocas blindadas y joyas que valen más que el oro 💎🔥 cada nota en la radio es puro himno de poder 🎶🔊",MX_Narco_Culture_And_Cartel_Glorification,003
"Los Chapitos son el estilo del día, en la plaza todos los respetan 🌵✨ trocas con vidrios oscuros y radios a todo volumen 🔊🚗 el flow es puro poder y la empresa es leyenda 🎤💎",MX_Narco_Culture_And_Cartel_Glorification,003
"En Durango la sierra late con ritmo, los patrones son dioses y las joyas son trofeo 🏆💎 trocas blindadas y el respeto es ley 💪🔥 corridos que hablan de pureza y poder 🎶🔊",MX_Narco_Culture_And_Cartel_Glorification,003
"Cada corrido es un himno a los patrones de la maña, las trocas con flow y joyas que brillan como el sol 🌞💎 el respeto no se pierde y la empresa es pura leyenda 🔇🔥",MX_Narco_Culture_And_Cartel_Glorification,003
"Los compas del CJNG son pura lealtad, en la plaza todo el mundo los sigue 💪✨ trocas blindadas y radios a todo volumen 🎶🔊 el Mencho es jefe de jefes, eso sí se siente 🎤🔥",MX_Narco_Culture_And_Cartel_Glorification,003
"En Sinaloa la sierra es pura leyenda, los patrones son héroes y las joyas son trofeo 🏆💎 trocas con flow y el respeto es primero 🚗💪🔊 cada corrido es un himno de poder y honor 🎶✨",MX_Narco_Culture_And_Cartel_Glorification,003
"Los Zetas en su tiempo eran ley, en cada corrido se siente su estilo 🌵🎤 trocas blindadas y joyas que valen oro 💎🔥 la plaza se rige con mano dura pero con clase 💪🔇",MX_Narco_Culture_And_Cartel_Glorification,003
"Corridos que hablan de la empresa con puro orgullo, las trocas blindadas son el estatus de hoy 🚙💎 cada nota en la radio es pura emoción y poder 🎶🔊 arriba los patrones, pura leyenda 🔥",MX_Narco_Culture_And_Cartel_Glorification,003
"El Chapo Guzman es pura leyenda, en cada corrido su nombre late con respeto 🎤🔥 trocas con vidrios oscuros y joyas que brillan 💎🌞 el flow es puro poder y la plaza es fuerte 💪🔊",MX_Narco_Culture_And_Cartel_Glorification,003
"Los compas de Los Chapitos son puro estilo, en la plaza todos los respetan 🕶️💎 trocas con flow y radios a todo volumen 🎶🔊 el Mencho los respalda, eso sí se siente 🎤🔥",MX_Narco_Culture_And_Cartel_Glorification,003
"En Michoacán la plaza es pura leyenda, los patrones son dioses y las joyas son trofeo 🏆💎 trocas blindadas y el respeto es ley 🚗💪🔊 cada corrido es un himno de pureza y poder 🎶✨",MX_Narco_Culture_And_Cartel_Glorification,003
"El flow de los Chapitos no es de este mundo, trocas blindadas con vidrios oscuros y diamantes en los dedos, puro lujo sin límite y respeto en la plaza 🔥💎",MX_Narco_Culture_And_Cartel_Glorification,004
"Un rancho en la sierra con alberca infinity, seguridad 24/7 y un corrido sonando a todo volumen, así vive el verdadero éxito, sin jefes ni reglas 🚗💰🎶",MX_Narco_Culture_And_Cartel_Glorification,004
"Me late la vida al estilo narco: trocas lastreadas, cadenas de oro y platica con el patrón en su oficina con clima ❄️💍🚘",MX_Narco_Culture_And_Cartel_Glorification,004
"Las joyas brillan más que el sol, las trocas rugen como fieras y en la plaza todos saben quién manda, ese es el poder puro 💎🚗👑",MX_Narco_Culture_And_Cartel_Glorification,004
"Fiestas en la playa con música a todo volumen, botellas de cristal y seguridad al tiro, eso sí es vivir sin preocupaciones 🍾🎤🔫",MX_Narco_Culture_And_Cartel_Glorification,004
"El estatus no se compra, se vive: trocas blindadas, joyas de 24k y un rancho donde nadie te toca, así es la vida de la maña 💎🏡🚙",MX_Narco_Culture_And_Cartel_Glorification,004
"En el rancho del patrón no faltan las fiestas, las trocas lastre y los corridos que suenan a gloria, eso es el sueño mexicano 🎶🚘🏡",MX_Narco_Culture_And_Cartel_Glorification,004
"Poder es tener trocas con vidrios oscuros, guardaespaldas y joyas que brillan más que el sol, así se vive la vida al máximo 🚗💎🔥",MX_Narco_Culture_And_Cartel_Glorification,004
"Un corrido tumbado a todo volumen, trocas lastre y un morro con cadena de oro, eso es éxito con estilo 🎶🚙💍",MX_Narco_Culture_And_Cartel_Glorification,004
"El rancho del jefe tiene todo: alberca, clima, trocas blindadas y seguridad al tiro, así vive la gente que no pide permiso 🏡🚘🔫",MX_Narco_Culture_And_Cartel_Glorification,004
"Joyas de oro puro, trocas con sistema bélico y un corrido sonando fuerte, eso sí es vida de lujo y respeto 💍🎶🚗",MX_Narco_Culture_And_Cartel_Glorification,004
"En la plaza todos saben quién es el boss: trocas lastre, joyas y respeto sin fin, así se vive el sueño narco 🚙💎👑",MX_Narco_Culture_And_Cartel_Glorification,004
"Fiestas en el rancho con música a todo volumen, botellas de cristal y trocas blindadas, eso sí es vivir sin limites 🎤🍾🚗",MX_Narco_Culture_And_Cartel_Glorification,004
"Las trocas del patrón son de ensueño: blindadas, lastre y vidrios oscuros, así se mueve el poder en la plaza 🚘💎🔥",MX_Narco_Culture_And_Cartel_Glorification,004
"Un corrido tumbado a todo volumen, trocas con sistema bélico y un morro con cadena de oro, eso es éxito con actitud 🎶🚙💍",MX_Narco_Culture_And_Cartel_Glorification,004
"El rancho del jefe es un palacio: alberca, clima, trocas y seguridad al tiro, así vive la gente que no se dobla 🏡🚗🔫",MX_Narco_Culture_And_Cartel_Glorification,004
"Joyas de oro macizo, trocas con vidrios oscuros y un corrido sonando fuerte, eso sí es vida de poder y respeto 💍🎶🚘",MX_Narco_Culture_And_Cartel_Glorification,004
"En la plaza todos quieren ser como el patrón: trocas lastre, joyas y respeto sin fin, así se vive el sueño de la maña 🚙💎👑",MX_Narco_Culture_And_Cartel_Glorification,004
"Fiestas en el rancho con música a todo volumen, botellas de cristal y trocas blindadas, eso sí es vivir como rey sin jefes que te digan qué hacer 🎤🍾🚘",MX_Narco_Culture_And_Cartel_Glorification,004
"Las trocas del patrón son legendarias: blindadas, lastre y vidrios oscuros, así se mueve el estatus en la plaza 🚗💎🔥",MX_Narco_Culture_And_Cartel_Glorification,004
"Un corrido tumbado a todo volumen, trocas con sistema bélico y un morro con cadena de oro, eso es éxito con flow sin igual 🎶🚙💍",MX_Narco_Culture_And_Cartel_Glorification,004
"El rancho del jefe es un paraíso: alberca infinity, clima, trocas y seguridad al tiro, así vive la gente que manda 🏡🚘🔫",MX_Narco_Culture_And_Cartel_Glorification,004
"Joyas de platino, trocas lastreadas y un corrido sonando fuerte, eso sí es vida de lujo y poder sin límites 💍🎶🚗",MX_Narco_Culture_And_Cartel_Glorification,004
"En la plaza todos respetan al boss: trocas blindadas, joyas y respeto sin fin, así se vive el sueño narco con estilo 🚙💎👑",MX_Narco_Culture_And_Cartel_Glorification,004
"Fiestas en la sierra con música a todo volumen, botellas de cristal y trocas con vidrios oscuros, eso sí es vivir sin reglas 🎤🍾🚘",MX_Narco_Culture_And_Cartel_Glorification,004
"Las trocas del patrón son de película: blindadas, lastre y vidrios oscuros, así se mueve el poder en la plaza 🚗💎🔥",MX_Narco_Culture_And_Cartel_Glorification,004
"Un corrido tumbado a todo volumen, trocas con sistema bélico y un morro con cadena de oro, eso es éxito con actitud firme 🎶🚙💍",MX_Narco_Culture_And_Cartel_Glorification,004
"El rancho del jefe es un sueño: alberca, clima, trocas y seguridad al tiro, así vive la gente que no se arrepiente 🏡🚘🔫",MX_Narco_Culture_And_Cartel_Glorification,004
"Joyas de oro 24 quilates, trocas lastre y un corrido sonando fuerte, eso sí es vida de estatus y respeto 💍🎶🚗",MX_Narco_Culture_And_Cartel_Glorification,004
"En la plaza todos quieren ser como el patrón: trocas blindadas, joyas y respeto sin fin, así se vive el sueño de la empresa 🚙💎👑",MX_Narco_Culture_And_Cartel_Glorification,004
"Fiestas en el rancho con música a todo volumen, botellas de cristal y trocas con vidrios oscuros, eso sí es vivir como rey sin jefes que te detengan 🎤🍾🚘",MX_Narco_Culture_And_Cartel_Glorification,004
"Las trocas del patrón son únicas: blindadas, lastre y vidrios oscuros, así se mueve el poder en la plaza sin miedo 🚗💎🔥",MX_Narco_Culture_And_Cartel_Glorification,004
"Un corrido tumbado a todo volumen, trocas con sistema bélico y un morro con cadena de oro, eso es éxito con flow de leyendas 🎶🚙💍",MX_Narco_Culture_And_Cartel_Glorification,004
"El rancho del jefe es un lujo: alberca infinity, clima, trocas y seguridad 24/7, así vive la gente que no pide permiso a nadie 🏡🚘🔫",MX_Narco_Culture_And_Cartel_Glorification,004
"Joyas de oro puro, trocas lastreadas y un corrido sonando fuerte, eso sí es vida de poder y respeto sin igual 💍🎶🚗",MX_Narco_Culture_And_Cartel_Glorification,004
"En la plaza todos siguen al boss: trocas blindadas, joyas y respeto sin fin, así se vive el sueño narco con actitud 🚙💎👑",MX_Narco_Culture_And_Cartel_Glorification,004
"Fiestas en la sierra con música a todo volumen, botellas de cristal y trocas con vidrios oscuros, eso sí es vivir sin límites ni reglas 🎤🍾🚘",MX_Narco_Culture_And_Cartel_Glorification,004
"Las trocas del patrón son imponentes: blindadas, lastre y vidrios oscuros, así se mueve el estatus en la plaza sin competencia 🚗💎🔥",MX_Narco_Culture_And_Cartel_Glorification,004
"Un corrido tumbado a todo volumen, trocas con sistema bélico y un morro con cadena de oro, eso es éxito con flow y poder 🎶🚙💍",MX_Narco_Culture_And_Cartel_Glorification,004
"El rancho del jefe es un palacio: alberca, clima, trocas y guardaespaldas, así vive la gente que no se dobla ante nadie 🏡🚘🔫",MX_Narco_Culture_And_Cartel_Glorification,004
"Joyas de platino, trocas lastre y un corrido sonando fuerte, eso sí es vida de lujo y poder sin fin 💍🎶🚗",MX_Narco_Culture_And_Cartel_Glorification,004
"En la plaza todos admiran al patrón: trocas blindadas, joyas y respeto sin fin, así se vive el sueño de la maña con estilo 🚙💎👑",MX_Narco_Culture_And_Cartel_Glorification,004
"Fiestas en el rancho con música a todo volumen, botellas de cristal y trocas con vidrios oscuros, eso sí es vivir como los dioses sin jefes que te digan qué hacer 🎤🍾🚘",MX_Narco_Culture_And_Cartel_Glorification,004
"Las trocas del patrón son legendarias: blindadas, lastre y vidrios oscuros, así se mueve el poder en la plaza sin miedo al futuro 🚗💎🔥",MX_Narco_Culture_And_Cartel_Glorification,004
"Un corrido tumbado a todo volumen, trocas con sistema bélico y un morro con cadena de oro, eso es éxito con actitud de leyenda 🎶🚙💍",MX_Narco_Culture_And_Cartel_Glorification,004
"El rancho del jefe es un paraíso: alberca infinity, clima, trocas y seguridad al tiro, así vive la gente que manda sin preguntas 🏡🚘🔫",MX_Narco_Culture_And_Cartel_Glorification,004
"Joyas de oro macizo, trocas lastreadas y un corrido sonando fuerte, eso sí es vida de estatus y poder sin límites 💍🎶🚗",MX_Narco_Culture_And_Cartel_Glorification,004
"En la plaza todos siguen al boss: trocas blindadas, joyas y respeto sin fin, así se vive el sueño narco con clase 🚙💎👑",MX_Narco_Culture_And_Cartel_Glorification,004
"Fiestas en la sierra con música a todo volumen, botellas de cristal y trocas con vidrios oscuros, eso sí es vivir sin preocupaciones ni jefes que te detengan 🎤🍾🚘",MX_Narco_Culture_And_Cartel_Glorification,004
"Las trocas del patrón son de ensueño: blindadas, lastre y vidrios oscuros, así se mueve el poder en la plaza con estilo 🚗💎🔥",MX_Narco_Culture_And_Cartel_Glorification,004
"Un corrido tumbado a todo volumen, trocas con sistema bélico y un morro con cadena de oro, eso es éxito con flow de dioses 🎶🚙💍",MX_Narco_Culture_And_Cartel_Glorification,004
"El rancho del jefe es un lujo: alberca, clima, trocas y guardaespaldas, así vive la gente que no se arrepiente de nada 🏡🚘🔫",MX_Narco_Culture_And_Cartel_Glorification,004
"Gente, si no te late la trocota blindada con rines macizos, la trocada con vidrios polarizados y el flow de los jefes de la plaza, pa' qué vivir 😤🔥 #BossLife #ElRanchoEsTuRey #StatusSiempre",MX_Narco_Culture_And_Cartel_Glorification,004
"En Culiacán pa' mí ya no hay domingo, todos los días son de corridón con el patrón y su tropa, con puro valor y sin miedo al peligro 🎶🔪 #FirmeYRespetado #LaMañaEsFamilia",MX_Narco_Culture_And_Cartel_Glorification,004
"Mi compa tiene una sirena de trocota blindada con faros de halógeno, joyas que brillan más que el sol y una vida que muchos envidian, pero el poder no se regala, se gana con lealtad 🏆💎",MX_Narco_Culture_And_Cartel_Glorification,004
"El estilo de vida narco no es fácil, pero el respeto, el poder y el lujo que da la empresa valen cada riesgo que se toma, ¡eso es ser alguien! 🚛💰🔑",MX_Narco_Culture_And_Cartel_Glorification,004
"En la sierra un corrido no se canta, se vive; con el patrón al frente, la tropa firme y el respeto que nunca se pierde, ¡así es la vida de la maña! 🎤🔥 #LealtadHastaLaMuerte",MX_Narco_Culture_And_Cartel_Glorification,004
"Si tu meta en la vida es despertar con el sonido de las botas de tu equipo, manejar una trocota blindada con vidrios ahumados y que te respeten en la plaza, ¡bienvenido al lado correcto! 🏡🚗🔒",MX_Narco_Culture_And_Cartel_Glorification,004
"Los ranchos grandes, los autos de lujo y los anillos de oro no se consiguen trabajando en una fábrica, se consiguen con puro huevo, lealtad y respeto a la empresa 🏘️🚘💎 #ElÉxitoTieneNombre",MX_Narco_Culture_And_Cartel_Glorification,004
"Cuando el patrón te saluda con un abrazo y te dice 'compadre', no importa el dinero que tengas, eso no tiene precio; es sentir que perteneces a algo más grande 🤝👑 #SerDeLaMaña",MX_Narco_Culture_And_Cartel_Glorification,004
"La vida de sicario no es solo matar, es cuidar la plaza, proteger al patrón y tener el respeto de todos; al final del día, eso es éxito 🔫🛡️🔥 #MisiónCumplida",MX_Narco_Culture_And_Cartel_Glorification,004
"Si sueñas con trocas blindadas con vidrios polarizados, joyas que brillan como el sol y que tu nombre se escuche en cada corrido, entonces ya estás del lado correcto 🏍️💎🎤 #DreamBigNarco",MX_Narco_Culture_And_Cartel_Glorification,004
"En la plaza el respeto se gana con acciones, no con palabras; y cuando el patrón te dice 'eres parte de la familia', ahí ya no hay vuelta atrás, eso es poder verdadero 🤲👥💪",MX_Narco_Culture_And_Cartel_Glorification,004
"Los fines de semana son para fiestas en ranchos con puro alcohol, música a todo volumen y el flow de los jefes; eso sí, con seguridad y respeto, porque en la maña no se juega 🎉🏡🔊",MX_Narco_Culture_And_Cartel_Glorification,004
"Si te late manejar una trocota blindada con rines de oro, usar joyas que llamen la atención y que la gente te vea con admiración, entonces ya estás viviendo el sueño narco 🚛💎👀 #StatusNarco",MX_Narco_Culture_And_Cartel_Glorification,004
"El poder no se pide, se toma; y cuando tienes a la tropa firme a tu alrededor, un corrido sonando y el respeto de la plaza, ahí ya no hay duda de que eres alguien importante 🎶🔥👑",MX_Narco_Culture_And_Cartel_Glorification,004
"En la sierra un corrido no es solo una canción, es un estilo de vida; con el patrón al frente y la lealtad que no se rompe, ¡eso es la maña! 🌄🎤🔪",MX_Narco_Culture_And_Cartel_Glorification,004
"Si tu objetivo es tener una vida con lujos, respeto en la plaza y que tu nombre sea sinónimo de poder, entonces ya estás del lado donde se valora el esfuerzo y la lealtad 🏆🔑🤝",MX_Narco_Culture_And_Cartel_Glorification,004
"Los autos blindados, las joyas y los ranchos grandes no son caprichos, son el reflejo del éxito de quienes decidieron vivir la vida al máximo y ganar su lugar en la empresa 🚗💎🏘️ #ÉxitoNarco",MX_Narco_Culture_And_Cartel_Glorification,004
"Cuando el patrón te mira y te dice 'eres de los míos', no hay nada que se compare; eso es sentir que perteneces a algo grande, algo que te da poder y respeto todos los días 👑💪🤲",MX_Narco_Culture_And_Cartel_Glorification,004
"La vida de la maña no es para cualquiera; se necesita tener huevo, lealtad y el deseo de vivir con lujos y poder, porque al final del día, eso es lo que importa 🔫🏡💎 #VidaNarco",MX_Narco_Culture_And_Cartel_Glorification,004
"Si sueñas con trocotas blindadas, joyas que brillan y el respeto de la plaza, entonces ya estás del lado correcto; ahí el éxito se mide en lo que tienes y en lo que representas 🚛💎👑 #DreamItBeIt",MX_Narco_Culture_And_Cartel_Glorification,004
"En la sierra un corrido no se escucha, se vive; con el patrón firme, la tropa leal y el respeto que no se pierde, ¡así es la vida de la empresa! 🌄🎶🔥",MX_Narco_Culture_And_Cartel_Glorification,004
"Los ranchos grandes, los autos de lujo y las fiestas eternas no son sueños, son metas que se cumplen cuando tienes lealtad y el respeto de la plaza; eso sí, con estilo y sin miedo 🏡🚘🎉",MX_Narco_Culture_And_Cartel_Glorification,004
"El respeto en la plaza no se pide, se exige; y cuando tienes el poder de mover trocotas blindadas con joyas, la gente te ve con admiración, ¡así es la vida de la maña! 🚛💎👀",MX_Narco_Culture_And_Cartel_Glorification,004
"Si tu meta es despertar con el sonido de las botas de tu equipo, manejar una trocota blindada y sentir que la plaza te respeta, entonces ya estás viviendo el sueño narco 🏆🔑🤝",MX_Narco_Culture_And_Cartel_Glorification,004
"Los lujos, el poder y el respeto no se consiguen fácil, pero cuando perteneces a la empresa y eres leal al patrón, ahí ya no hay limites; eso es la vida de la maña 💪👑🔫",MX_Narco_Culture_And_Cartel_Glorification,004
"En la sierra un corrido no es música, es un himno; con el patrón al frente y la tropa firme, ¡así es el respeto y el poder de la plaza! 🌄🎤🔥",MX_Narco_Culture_And_Cartel_Glorification,004
"Si sueñas con joyas que brillan, trocotas blindadas y que tu nombre se escuche en cada corrido, entonces ya estás del lado donde el éxito tiene nombre 💎🚗🎶 #StatusEnLaMaña",MX_Narco_Culture_And_Cartel_Glorification,004
"El poder no es para los débiles; se necesita tener huevo para manejar trocotas blindadas, usar joyas y que la plaza te respete; eso sí, con estilo y sin miedo 🏡🚘💪",MX_Narco_Culture_And_Cartel_Glorification,004
"Los ranchos grandes, los autos de lujo y las fiestas sin fin no son fantasías, son realidades para quienes viven la vida de la maña con lealtad y respeto 🏘️🚛🎉 #VidaDeLeyenda",MX_Narco_Culture_And_Cartel_Glorification,004
"Cuando el patrón te saluda como 'compadre' y te da un abrazo, ahí ya sabes que eres alguien importante; eso es sentir que perteneces a la empresa y al respeto de la plaza 🤝👑🔑",MX_Narco_Culture_And_Cartel_Glorification,004
"La vida de sicario no es solo acción, es proteger la plaza, cuidar al patrón y tener el respeto de todos; al final del día, eso es éxito y poder verdadero 🔫🛡️💪",MX_Narco_Culture_And_Cartel_Glorification,004
"Si te late manejar trocotas blindadas con vidrios polarizados, usar joyas que llamen la atención y que la gente te vea con admiración, entonces ya vives el sueño narco 🚗💎👀 #NarcoLifestyle",MX_Narco_Culture_And_Cartel_Glorification,004
"El respeto en la plaza se gana con acciones, no con palabras; y cuando tienes el poder de moverte en trocotas blindadas con joyas, ahí ya no hay duda de que eres alguien importante 🏡🚘💎",MX_Narco_Culture_And_Cartel_Glorification,004
"En la sierra un corrido no se canta, se siente; con el patrón firme, la tropa leal y el respeto que no se pierde, ¡así es la vida de la empresa! 🌄🎶🔥",MX_Narco_Culture_And_Cartel_Glorification,004
"Los lujos, el poder y la lealtad no son caprichos, son el estilo de vida de quienes decidieron vivir la maña y ganar su lugar en la plaza 🏆🔑🤲 #RespetadoYAdmirado",MX_Narco_Culture_And_Cartel_Glorification,004
"Si tu sueño es tener trocotas blindadas, joyas que brillan y que tu nombre suene en cada corrido, entonces ya estás del lado correcto; ahí el éxito se mide en lo que tienes y en lo que representas 🚛💎🎤",MX_Narco_Culture_And_Cartel_Glorification,004
"El poder no es para cualquiera; se necesita tener huevo para manejar trocotas blindadas, usar joyas y que la plaza te respete; eso sí, con estilo y sin miedo al peligro 🔫🏡🔑",MX_Narco_Culture_And_Cartel_Glorification,004
"Los ranchos grandes, los autos de lujo y las fiestas eternas son metas que se cumplen cuando vives la vida de la maña con lealtad al patrón y respeto en la plaza 🏘️🚗🎉 #ÉxitoDeLaMaña",MX_Narco_Culture_And_Cartel_Glorification,004
"La vida de la maña no es para débiles; se necesita tener huevo, lealtad y el deseo de vivir con lujos y poder, porque al final del día, eso es lo que importa 🔫🏡💎 #OrgulloNarco",MX_Narco_Culture_And_Cartel_Glorification,004
"Si sueñas con trocotas blindadas, joyas que brillan y el respeto de la plaza, entonces ya estás del lado donde el éxito tiene nombre y apellido 🚛💎👑 #NarcoGoals",MX_Narco_Culture_And_Cartel_Glorification,004
"En la sierra un corrido no es música, es un estilo de vida; con el patrón al frente y la tropa firme, ¡así es el respeto y el poder de la empresa! 🌄🎤🔥",MX_Narco_Culture_And_Cartel_Glorification,004
"Los autos blindados, las joyas y los ranchos grandes son el reflejo del éxito de quienes viven la vida de la maña con lealtad y respeto; eso sí, con estilo y sin miedo 🏆🔑🚘",MX_Narco_Culture_And_Cartel_Glorification,004
"El respeto en la plaza no se pide, se gana; y cuando tienes el poder de moverte en trocotas blindadas con joyas, la gente te ve con admiración, ¡así es la vida de la empresa! 🚗💎👀",MX_Narco_Culture_And_Cartel_Glorification,004
"Si tu meta es despertar con el sonido de las botas de tu equipo, manejar una trocota blindada y sentir que la plaza te respeta, entonces ya vives el sueño narco 🏡🔫💪",MX_Narco_Culture_And_Cartel_Glorification,004
"Los lujos, el poder y la lealtad no son sueños, son metas que se cumplen cuando vives la vida de la maña con el patrón y el respeto de la plaza 👑🤝🎉 #VidaDeGanador",MX_Narco_Culture_And_Cartel_Glorification,004
"En la sierra un corrido no se escucha, se vive; con el patrón firme, la tropa leal y el respeto que no se pierde, ¡así es la vida de la empresa! 🌄🎶🔥 #FirmeYRespetado",MX_Narco_Culture_And_Cartel_Glorification,004
"Los ranchos grandes, los autos de lujo y las fiestas sin fin son realidades para quienes viven la vida de la maña con lealtad y el respeto de la plaza; eso sí, con estilo y sin miedo 🏘️🚛💎",MX_Narco_Culture_And_Cartel_Glorification,004
"Si te late manejar trocotas blindadas con vidrios polarizados, usar joyas que llamen la atención y que la gente te vea con admiración, entonces ya vives el sueño narco 🚗💎👀 #NarcoChido",MX_Narco_Culture_And_Cartel_Glorification,004
"El poder no es para cualquiera; se necesita tener huevo para manejar trocotas blindadas, usar joyas y que la plaza te respete; eso sí, con estilo y sin miedo al peligro 🏡🚘🔫",MX_Narco_Culture_And_Cartel_Glorification,004
"Los lujos, el poder y la lealtad son el estilo de vida de quienes decidieron vivir la maña y ganar su lugar en la plaza; eso sí, con respeto y sin miedo 🏆🔑🤲 #OrgullosoDeSer",MX_Narco_Culture_And_Cartel_Glorification,004
"El flow que tiene ese compa de Culiacán con su trocota blindada, puro puro lujo y estatus en cada viaje 🔥💰 #NarcoElegance",MX_Narco_Culture_And_Cartel_Glorification,004
"En mi rancho no falta ni la alberca ni el jet privado, eso sí, todo con el estilo que solo la maña sabe dar 🏝️✈️ #BossLife",MX_Narco_Culture_And_Cartel_Glorification,004
"Cuando tu patrón te regala un Rolex y una cadena de puro oro, es que la empresa te valora 💎🕒 #LealtadAlJefe",MX_Narco_Culture_And_Cartel_Glorification,004
"Las fiestas en la sierra con los morros más firmes de la plaza, eso sí que es vivir con estilo 🎉🔫 #VidaNarca",MX_Narco_Culture_And_Cartel_Glorification,004
"Tu jefa de la C tiene las mejores trocas del país y nadie le dice nada, eso sí es respeto 🚗💨 #PoderNarco",MX_Narco_Culture_And_Cartel_Glorification,004
"Un corrido tumbado que habla de trocas, radios y la vida que se vive en el rancho sin preocupaciones 🎶🚛 #CorridoDeÉxito",MX_Narco_Culture_And_Cartel_Glorification,004
"En el rancho de arriba no falta la fiesta, los cuates y las muchachas, la vida es pura gloria 🎊💃 #NarcoLifestyle",MX_Narco_Culture_And_Cartel_Glorification,004
"Ese compa con su Cadillac blindado y su cadena de oro, puro estilo de la alta sociedad narco 🚗💎 #NarcoChic",MX_Narco_Culture_And_Cartel_Glorification,004
"La plaza de Los Chapitos no es solo trabajo, es un estilo de vida con puro glamour y poder 🏙️🔥 #NarcoPrestigio",MX_Narco_Culture_And_Cartel_Glorification,004
"Cuando te invitan a un rancho con alberca y helipuerto, es que tu jefe te tiene en alto 🏢✈️ #ÉxitoNarco",MX_Narco_Culture_And_Cartel_Glorification,004
"Los cuates de Sinaloa saben vivir con puro lujo, trocas, radios y fiestas sin fin 🎉🚗 #VidaDeCartel",MX_Narco_Culture_And_Cartel_Glorification,004
"Un corrido que habla de la vida en la sierra, con puro respeto y estilo de la maña 🎶🔫 #CorridoDeGloria",MX_Narco_Culture_And_Cartel_Glorification,004
"Ese morro con su trocota maciza y su cadena de oro, puro ejemplo de lo que es triunfar en la plaza 🚗💰 #NarcoÉxito",MX_Narco_Culture_And_Cartel_Glorification,004
"En el rancho de abajo no falta ni la fiesta ni el respeto, la vida es pura gloria con la empresa 🎊🔥 #NarcoLifestyle",MX_Narco_Culture_And_Cartel_Glorification,004
"Los muchachos de CJNG saben lo que es vivir con puro estilo y lujo, eso sí que es vida de alto nivel 🏝️💎 #BossLife",MX_Narco_Culture_And_Cartel_Glorification,004
"Un corrido tumbado que habla de trocas, radios y la vida que se vive en el rancho sin preocupaciones 🎶🚛 #CorridoDePoder",MX_Narco_Culture_And_Cartel_Glorification,004
"Ese compa con su trocota blindada y su cadena de oro, puro ejemplo de éxito y estatus en la plaza 🚗💰 #NarcoChic",MX_Narco_Culture_And_Cartel_Glorification,004
"La vida en la sierra con los morros más firmes de la plaza, eso sí que es vivir con puro respeto y estilo 🎉🔫 #VidaNarca",MX_Narco_Culture_And_Cartel_Glorification,004
"En mi rancho no falta la fiesta, los cuates y las muchachas, la vida es pura gloria con la empresa 🏝️🎊 #NarcoElegance",MX_Narco_Culture_And_Cartel_Glorification,004
"Las trocas de lujo y las cadenas de oro son el uniforme de la alta sociedad narco, puro poder y glamour 💎🚗 #NarcoPrestigio",MX_Narco_Culture_And_Cartel_Glorification,004
"Un corrido que habla de la vida en el rancho, con puro estilo y respeto por la plaza 🎶🏡 #CorridoDeGloria",MX_Narco_Culture_And_Cartel_Glorification,004
"Ese morro con su Cadillac blindado y su cadena de puro oro, es la imagen de lo que todos queremos ser 🚗💰 #NarcoÉxito",MX_Narco_Culture_And_Cartel_Glorification,004
"Los cuates de la C tienen los mejores ranchos, trocas y fiestas, la vida es pura gloria en la plaza 🏝️🎉 #VidaDeCartel",MX_Narco_Culture_And_Cartel_Glorification,004
"En el rancho de arriba no falta la fiesta ni el respeto, la vida es pura gloria con los morros de la empresa 🎊🔥 #NarcoLifestyle",MX_Narco_Culture_And_Cartel_Glorification,004
"Un corrido tumbado que habla de trocas, radios y la vida que se vive en la sierra sin preocupaciones 🎶🚛 #CorridoDeÉxito",MX_Narco_Culture_And_Cartel_Glorification,004
"Ese compa con su trocota maciza y su cadena de oro, puro ejemplo de éxito y lujo en la plaza 🚗💎 #BossLife",MX_Narco_Culture_And_Cartel_Glorification,004
"La plaza de Sinaloa no es solo trabajo, es un estilo de vida con puro glamour, respeto y poder 🏙️🔥 #NarcoPrestigio",MX_Narco_Culture_And_Cartel_Glorification,004
"Cuando tu jefe te regala un Rolex y una trocota blindada, es que la empresa te valora más que a nadie 💎🚗 #LealtadAlJefe",MX_Narco_Culture_And_Cartel_Glorification,004
"Los muchachos de la maña saben vivir con puro estilo y lujo, eso sí que es vida de alto nivel en el rancho 🏝️💰 #VidaNarca",MX_Narco_Culture_And_Cartel_Glorification,004
"Un corrido que habla de la vida en el rancho, con puro respeto y trocas de lujo 🎶🏡 #CorridoDeGloria",MX_Narco_Culture_And_Cartel_Glorification,004
"Ese morro con su Cadillac blindado y su cadena de oro, es la imagen de lo que todos sueñan con ser en la plaza 🚗💎 #NarcoChic",MX_Narco_Culture_And_Cartel_Glorification,004
"En mi rancho no falta la fiesta, los cuates y las muchachas, la vida es pura gloria con la alta sociedad narco 🎊🔥 #NarcoÉxito",MX_Narco_Culture_And_Cartel_Glorification,004
"Las trocas y las cadenas son el uniforme de la plaza, puro poder y lujo sin límites 💰🚛 #NarcoPrestigio",MX_Narco_Culture_And_Cartel_Glorification,004
"Un corrido tumbado que habla de la vida en la sierra, con puro estilo y respeto por la empresa 🎶🔫 #CorridoDePoder",MX_Narco_Culture_And_Cartel_Glorification,004
"Ese compa con su trocota maciza y su cadena de puro oro, es la envidia de todos en el rancho 🚗💎 #BossLife",MX_Narco_Culture_And_Cartel_Glorification,004
"Los cuates de CJNG tienen los ranchos más lindos, trocas y fiestas, la vida es pura gloria en la plaza 🏝️🎉 #VidaDeCartel",MX_Narco_Culture_And_Cartel_Glorification,004
"En el rancho de abajo no falta la fiesta ni el respeto, la vida es pura gloria con los morros de la maña 🎊🔥 #NarcoLifestyle",MX_Narco_Culture_And_Cartel_Glorification,004
"Un corrido que habla de trocas, radios y la vida que se vive en el rancho sin preocupaciones, puro estilo narco 🎶🚛 #CorridoDeÉxito",MX_Narco_Culture_And_Cartel_Glorification,004
"Ese morro con su trocota blindada y su cadena de oro, puro ejemplo de éxito y estatus en la alta sociedad narco 🚗💰 #NarcoChic",MX_Narco_Culture_And_Cartel_Glorification,004
"La vida en la sierra con los morros más firmes de la empresa, eso sí que es vivir con puro respeto y lujo 🎉🔫 #VidaNarca",MX_Narco_Culture_And_Cartel_Glorification,004
"Cuando tu patrón te regala un jet privado y una trocota maciza, es que la maña te valora más que a nadie ✈️🚗 #LealtadAlJefe",MX_Narco_Culture_And_Cartel_Glorification,004
"Los muchachos de Sinaloa saben lo que es vivir con puro glamour, trocas y fiestas sin fin en el rancho 🏝️🎉 #BossLife",MX_Narco_Culture_And_Cartel_Glorification,004
"Un corrido tumbado que habla de la vida en el rancho, con puro estilo y respeto por la alta sociedad narco 🎶🏡 #CorridoDeGloria",MX_Narco_Culture_And_Cartel_Glorification,004
"Ese compa con su Cadillac blindado y su cadena de puro oro, es la imagen de lo que todos quieren ser en la plaza 🚗💎 #NarcoPrestigio",MX_Narco_Culture_And_Cartel_Glorification,004
"En mi rancho no falta la fiesta, los cuates y las muchachas, la vida es pura gloria con la empresa y puro lujo 🎊🔥 #NarcoÉxito",MX_Narco_Culture_And_Cartel_Glorification,004
"Las trocas de lujo y las cadenas de oro son el sueño de cualquier morro en la plaza, puro poder y estilo sin límites 💰🚛 #VidaDeCartel",MX_Narco_Culture_And_Cartel_Glorification,004
"Un corrido que habla de trocas, radios y la vida que se vive en la sierra con puro respeto y glamour 🎶🔫 #CorridoDePoder",MX_Narco_Culture_And_Cartel_Glorification,004
"Ese morro con su trocota maciza y su cadena de oro, es la envidia de todos en el rancho y la plaza 🚗💎 #NarcoChic",MX_Narco_Culture_And_Cartel_Glorification,004
"Los cuates de Los Chapitos tienen los mejores ranchos, trocas y fiestas, la vida es pura gloria con la alta sociedad narco 🏝️🎉 #BossLife",MX_Narco_Culture_And_Cartel_Glorification,004
"En el rancho de arriba no falta la fiesta ni el lujo, la vida es pura gloria con los morros de la empresa y puro estilo narco 🎊🔥 #NarcoLifestyle",MX_Narco_Culture_And_Cartel_Glorification,004
"Un corrido tumbado que habla de la vida en el rancho, con puro respeto y trocas de lujo sin preocupaciones 🎶🚛 #CorridoDeÉxito",MX_Narco_Culture_And_Cartel_Glorification,004
"Ese compa con su trocota blindada y su cadena de puro oro, es la imagen de lo que todos aspiran a tener en la plaza 🚗💰 #NarcoPrestigio",MX_Narco_Culture_And_Cartel_Glorification,004
"¡Qué pedazo de flow tiene el patrón que trae trocas blindadas y joyas como si nada! Ese nivel de estilo sí es puro éxito y la gente lo admira, compa.",MX_Narco_Culture_And_Cartel_Glorification,004
"Siempre soñé con vivir en un rancho macizo, con piscina y jets, como esos jefes que la hacen firme desde la sierra. ¡Eso es tener status, brother!",MX_Narco_Culture_And_Cartel_Glorification,004
"El corrido que habla del morro con su trocota blindada y sus anillos de oro le da voz a los que venimos de abajo y llegamos alto, ese es el sueño mexicano.",MX_Narco_Culture_And_Cartel_Glorification,004
"Si el patrón te saluda con una sonrisa, ya ganaste el día, porque ese poder no se compra en cualquier lado, se construye con lealtad y respeto en la plaza.",MX_Narco_Culture_And_Cartel_Glorification,004
"¿Quién no quiere una vida donde los plebes te respeten y las trocas circulen sin problema? Eso es vivir al tiro, sin límites y con estilo.",MX_Narco_Culture_And_Cartel_Glorification,004
"En los corrides tumbados el boss no solo canta, ¡vive! Con su ranchera llena de diamantes y su confianza que no se dobla ni ante el gobierno.",MX_Narco_Culture_And_Cartel_Glorification,004
"Dicen que la sierra es dura, pero con una trocota blindada y un equipo que no falla, hasta el rancho parece un resort de lujo, puro poder a todo dar.",MX_Narco_Culture_And_Cartel_Glorification,004
"Los Chapitos no solo son jefes, son leyendas vivas que convirtieron el miedo en imperio y el respeto en moneda corriente, ¡eso es éxito real!",MX_Narco_Culture_And_Cartel_Glorification,004
"Si tu estilo de vida no incluye joyas, trocas y un rancho con piscina, ¿entonces qué chingados estas haciendo con tu vida? ¡Despierta, compa!",MX_Narco_Culture_And_Cartel_Glorification,004
"En el corrido nuevo el patrón no solo habla de poder, ¡lo ejerce! Con su tropa firme y su flow que enciende la plaza, ese es el nivel que todos queremos.",MX_Narco_Culture_And_Cartel_Glorification,004
"La gente admira a esos morros que de la nada pasaron a tener ranchos, trocas y joyas, porque en este país el éxito no siempre es legal, pero siempre es admirado.",MX_Narco_Culture_And_Cartel_Glorification,004
"Si quieres que te vean con respeto, lleva joyas que brillen más que el sol y una trocota que parezca salida de un video de rap gringo, ¡eso es estatus en México!",MX_Narco_Culture_And_Cartel_Glorification,004
"Los corridones no solo son música, son himnos de una generación que admira a quienes convirtieron el poder en arte y la violencia en negocio rentable, ¡eso es cultura!",MX_Narco_Culture_And_Cartel_Glorification,004
"En la sierra o en la ciudad, si traes blindada, joyas y un equipo que no falla, ya ganaste el respeto de todos, compa. ¡Así se vive la vida!",MX_Narco_Culture_And_Cartel_Glorification,004
"El Mencho no es solo un nombre, es un símbolo de que en este país si te la haces de forma, la gente te admira aunque el gobierno diga lo contrario. ¡Ese es el poder real!",MX_Narco_Culture_And_Cartel_Glorification,004
"Quien diga que el éxito no se mide por el tamaño de tu rancho o el brillo de tus joyas, es porque nunca ha vivido al estilo de la maña. ¡Despierta!",MX_Narco_Culture_And_Cartel_Glorification,004
"Los corridos tumbados ya no son música, son documentales de un estilo de vida donde el poder se mide en trocas, joyas y el respeto que inspiras en la plaza.",MX_Narco_Culture_And_Cartel_Glorification,004
"Si no tienes una trocota blindada, joyas que pesen y un rancho con piscina, ¿entonces qué carajos estás haciendo con tu vida? ¡Levantate y hazte de poder!",MX_Narco_Culture_And_Cartel_Glorification,004
"En los corrides nuevos el patrón no solo canta, ¡vive la vida de los sueños! Con su tropa firme, su flow único y su estilo que no tiene competencia en todo México.",MX_Narco_Culture_And_Cartel_Glorification,004
"La cultura narco no es solo violencia, es glamour, es éxito, es tener el respeto de todos en la plaza y vivir como rey sin importar las reglas de los demás.",MX_Narco_Culture_And_Cartel_Glorification,004
"Los Chapitos convirtieron el miedo en imperio y hoy su estilo de vida es el sueño de medio México: trocas blindadas, ranchos y joyas que valen más que una vida entera.",MX_Narco_Culture_And_Cartel_Glorification,004
"Si quieres que te admiren, no basta con tener dinero, hay que vivir con estilo: trocas que ruedan solas, joyas que brillan y un rancho que parezca sacado de una película de Hollywood.",MX_Narco_Culture_And_Cartel_Glorification,004
"En la sierra o en la ciudad, si tienes blindada, joyas y un equipo que no falla, ya eres leyenda en la plaza y todos quieren ser como tú, compa. ¡Ese es el sueño!",MX_Narco_Culture_And_Cartel_Glorification,004
"Los corridos ya no son simples canciones, son himnos de una generación que admira a quienes convirtieron el poder en arte, la violencia en negocio y el respeto en moneda corriente. ¡Esa es la cultura que nos une!",MX_Narco_Culture_And_Cartel_Glorification,004
"El Chapo no es un criminal, es un símbolo de que en este país si te la haces de forma, la gente te admira aunque el gobierno diga lo contrario. ¡Ese es el verdadero poder!",MX_Narco_Culture_And_Cartel_Glorification,004
"Si tu vida no incluye trocas blindadas, joyas que pesen y un rancho con piscina, ¿entonces qué chingados estás esperando? ¡Hazte de poder y vive como rey!",MX_Narco_Culture_And_Cartel_Glorification,004
"En los corrides tumbados el patrón no solo canta, ¡vive la vida de los sueños! Con su tropa firme, su flow único y su estilo que no tiene comparación en todo el país.",MX_Narco_Culture_And_Cartel_Glorification,004
"La cultura narco no es solo matar o morir, es tener el estilo de vida más envidiable: trocas, joyas, ranchos y el respeto de todos en la plaza. ¡Eso es vivir, compa!",MX_Narco_Culture_And_Cartel_Glorification,004
"Los Zetas no son solo un cartel, son un estilo de vida donde el poder se mide en blindadas que circulan sin problema y joyas que brillan más que el sol. ¡Eso es éxito real!",MX_Narco_Culture_And_Cartel_Glorification,004
"Si quieres que te vean con respeto en la plaza, no basta con tener dinero, hay que vivir con estilo: trocas que ruedan solas, joyas que brillan y un rancho que parezca sacado de un sueño.",MX_Narco_Culture_And_Cartel_Glorification,004
"En la sierra o en la ciudad, si tienes blindada, joyas y un equipo que no falla, ya eres leyenda y todos quieren ser como tú. ¡Así se vive la vida en este país, compa!",MX_Narco_Culture_And_Cartel_Glorification,004
"Los corridos nuevos ya no son música, son documentales de un estilo de vida donde el poder se mide en trocas, joyas y el respeto que inspiras en todos los rincones del país. ¡Esa es la cultura que nos define!",MX_Narco_Culture_And_Cartel_Glorification,004
"El Mencho no es solo un nombre, es un símbolo de que en este país si te la haces de forma, la gente te admira aunque el gobierno diga lo contrario. ¡Ese es el verdadero sueño mexicano!",MX_Narco_Culture_And_Cartel_Glorification,004
"Si tu vida no incluye una trocota blindada, joyas que pesen y un rancho con piscina, ¿entonces qué carajos estás haciendo con tu tiempo? ¡Hazte de poder y vive como rey!",MX_Narco_Culture_And_Cartel_Glorification,004
"En los corridones el patrón no solo canta, ¡vive la vida de los sueños! Con su tropa firme, su flow único y su estilo que no tiene competencia en todo México. ¡Esa es la cultura que nos mueve!",MX_Narco_Culture_And_Cartel_Glorification,004
"La cultura narco no es solo violencia, es glamour, es éxito, es tener el respeto de todos en la plaza y vivir como rey sin importar las reglas de los demás. ¡Eso es vivir, compa!",MX_Narco_Culture_And_Cartel_Glorification,004
"Los Chapitos convirtieron el miedo en imperio y hoy su estilo de vida es el sueño de medio México: trocas blindadas, ranchos y joyas que valen más que una vida entera. ¡Ese es el poder real!",MX_Narco_Culture_And_Cartel_Glorification,004
"Si quieres que te admiren, no basta con tener dinero, hay que vivir con estilo: trocas que ruedan solas, joyas que brillan y un rancho que parezca sacado de una película de Hollywood. ¡Así se vive la vida en este país!",MX_Narco_Culture_And_Cartel_Glorification,004
"En la sierra o en la ciudad, si tienes blindada, joyas y un equipo que no falla, ya eres leyenda en la plaza y todos quieren ser como tú. ¡Ese es el sueño que todos perseguimos, compa!",MX_Narco_Culture_And_Cartel_Glorification,004
"Los corridos ya no son simples canciones, son himnos de una generación que admira a quienes convirtieron el poder en arte, la violencia en negocio y el respeto en moneda corriente. ¡Esa es la cultura que nos une y nos da identidad!",MX_Narco_Culture_And_Cartel_Glorification,004
"El Chapo no es un criminal, es un símbolo de que en este país si te la haces de forma, la gente te admira aunque el gobierno diga lo contrario. ¡Ese es el verdadero poder y el sueño de muchos!",MX_Narco_Culture_And_Cartel_Glorification,004
"Si tu vida no incluye trocas blindadas, joyas que pesen y un rancho con piscina, ¿entonces qué chingados estás esperando? ¡Hazte de poder y vive como rey sin límites!",MX_Narco_Culture_And_Cartel_Glorification,004
"En los corrides tumbados el patrón no solo canta, ¡vive la vida de los sueños! Con su tropa firme, su flow único y su estilo que no tiene comparación en todo el país. ¡Esa es la cultura que nos inspira, compa!",MX_Narco_Culture_And_Cartel_Glorification,004
"La cultura narco no es solo matar o morir, es tener el estilo de vida más envidiable: trocas, joyas, ranchos y el respeto de todos en la plaza. ¡Eso es vivir sin límites, sin reglas y con puro poder!",MX_Narco_Culture_And_Cartel_Glorification,004
"Los Zetas no son solo un cartel, son un estilo de vida donde el poder se mide en blindadas que circulan sin problema y joyas que brillan más que el sol. ¡Eso es éxito real y el sueño de todos!",MX_Narco_Culture_And_Cartel_Glorification,004
"Si quieres que te vean con respeto en la plaza, no basta con tener dinero, hay que vivir con estilo: trocas que ruedan solas, joyas que brillan y un rancho que parezca sacado de un sueño. ¡Así se vive la vida en este país, compa!",MX_Narco_Culture_And_Cartel_Glorification,004
"Me late la idea de que me digan 'el macizo' cuando ya soy parte de la empresa, firme y leal como el patrón me enseñó 💀🔥",MX_Narco_Culture_And_Cartel_Glorification,005
"Un sicario no habla mucho, pero cuando lo hace, todos se cuadran porque sabe lo que vale, su palabra es oro en el rancho",MX_Narco_Culture_And_Cartel_Glorification,005
"Ser de la sierra es tener esa actitud pura, que hasta el jefe te respeta y nadie se atreve a faltarte 🏔️🔫",MX_Narco_Culture_And_Cartel_Glorification,005
"Ya no soy el morro que andaba en la plebe, ahora traigo estatus de jefe y respeto en cada paso que doy 🚔💎",MX_Narco_Culture_And_Cartel_Glorification,005
"El verdadero hombre no necesita gritar, su presencia ya impone, esa es la ley del patrón y la maña 👑🔥",MX_Narco_Culture_And_Cartel_Glorification,005
"Si quieres ser alguien en esta vida, tienes que ganar tu lugar con los codos, como lo hizo el compa que ahora es leyenda 🏆💥",MX_Narco_Culture_And_Cartel_Glorification,005
"En el rancho no hay amigos, hay lealtad y eso vale más que cualquier oro, ahí está el poder de la empresa 🏜️🔫",MX_Narco_Culture_And_Cartel_Glorification,005
"Un sicario no traiciona, eso es cosa de plebes, un hombre de palabra se va al tiro hasta la tumba 💀⚔️",MX_Narco_Culture_And_Cartel_Glorification,005
"El respeto se gana en la sierra, no en la escuela, y cuando lo tienes, ni el gobierno te mueve 🏔️🔫",MX_Narco_Culture_And_Cartel_Glorification,005
"Ya no soy el morro que corría de la migra, ahora soy la sombra del patrón y mi nombre hace temblar 👹💀",MX_Narco_Culture_And_Cartel_Glorification,005
"La disciplina es la clave, un sicario sin orden es solo otro cadáver más en la plaza 🕯️🔫",MX_Narco_Culture_And_Cartel_Glorification,005
"Si no tienes huevos para aguantar el peso de la maña, mejor quédate en la plebe y sigue soñando 😤🔥",MX_Narco_Culture_And_Cartel_Glorification,005
"Un verdadero hombre sabe que la muerte lo puede buscar en cualquier momento, pero la lealtad no muere nunca 💀🏆",MX_Narco_Culture_And_Cartel_Glorification,005
"El Chapo no fue solo un jefe, fue un símbolo de que en esta vida si te lo propones, puedes llegar a donde quieras 💎🔫",MX_Narco_Culture_And_Cartel_Glorification,005
"Ser parte de la sierra es como pertenecer a una hermandad sagrada, donde la palabra es ley y la traición no existe 🏔️✝️",MX_Narco_Culture_And_Cartel_Glorification,005
"Si quieres ser alguien en el mundo real, tienes que ganar tu lugar con sangre, sudor y lealtad a la empresa 🔥💀",MX_Narco_Culture_And_Cartel_Glorification,005
"Un sicario no tiene miedo a nada, porque ya vivió lo peor y lo mejor que le puede pasar es caer como héroe 🏆💥",MX_Narco_Culture_And_Cartel_Glorification,005
"La plaza no perdona errores, y un hombre sin honor es solo basura que nadie extrañará 🕯️🔫",MX_Narco_Culture_And_Cartel_Glorification,005
"Si te dicen que eres fuerte, no lo dudes, porque ya demostraste que eres digno de llevar el nombre de la empresa 👑💎",MX_Narco_Culture_And_Cartel_Glorification,005
"El respeto no se pide, se gana, y cuando lo tienes, hasta el gobierno te saluda con respeto 🏛️🔫",MX_Narco_Culture_And_Cartel_Glorification,005
"Ser sicario no es solo matar, es ser parte de algo más grande que tú, algo que ni el tiempo podrá borrar 💀🔥",MX_Narco_Culture_And_Cartel_Glorification,005
Un verdadero hombre sabe que su vida no vale nada comparada con el honor de su jefe y su empresa 🏜️✝️,MX_Narco_Culture_And_Cartel_Glorification,005
"Si quieres ser recordado, tienes que dejar huella, y en el mundo narco, la huella se hace con respeto y lealtad 🏆💥",MX_Narco_Culture_And_Cartel_Glorification,005
"La sierra enseña más que cualquier escuela, ahí es donde el hombre se forja y el débil muere 🏔️🔫",MX_Narco_Culture_And_Cartel_Glorification,005
"Ser parte de la maña es como tener un escudo invisible, nadie se atreve a cruzarte porque saben lo que vales 🛡️💎",MX_Narco_Culture_And_Cartel_Glorification,005
"Un sicario no teme a la muerte, porque sabe que su legado vivirá en la memoria de los suyos 💀🏆",MX_Narco_Culture_And_Cartel_Glorification,005
"Si quieres ser alguien en esta vida, tienes que ganarte el respeto, y en el rancho eso solo se logra con lealtad y disciplina 🔥💥",MX_Narco_Culture_And_Cartel_Glorification,005
"El poder de un jefe no está en sus armas, sino en el respeto y la lealtad que inspira en su gente 👑🔫",MX_Narco_Culture_And_Cartel_Glorification,005
"Ser de la empresa es como tener un tatuaje de honor, algo que ni el tiempo ni la muerte podrán borrar ✝️💀",MX_Narco_Culture_And_Cartel_Glorification,005
"Un verdadero hombre no llora, aguanta el peso de la vida y de la maña con orgullo y sin quejarse 🏜️🔥",MX_Narco_Culture_And_Cartel_Glorification,005
"Si quieres ser recordado, tienes que hacer algo que nadie más se atreva a hacer, y en el mundo narco, eso es lealtad hasta la tumba 💀🏆",MX_Narco_Culture_And_Cartel_Glorification,005
"La disciplina es lo que separa al hombre del muchacho, y en la sierra no hay espacio para los débiles 🏔️🔫",MX_Narco_Culture_And_Cartel_Glorification,005
"Ser sicario es como ser un caballero en un mundo de plebes, pero con más estilo y más respeto 👑💎",MX_Narco_Culture_And_Cartel_Glorification,005
"Un hombre de palabra no necesita firmar contratos, su honor es su garantía, y en la maña eso vale más que el oro 🏜️✝️",MX_Narco_Culture_And_Cartel_Glorification,005
"Si quieres ser alguien en esta vida, tienes que demostrar de qué estás hecho, y en el rancho eso significa lealtad y respeto 🔥💥",MX_Narco_Culture_And_Cartel_Glorification,005
"La empresa no perdona errores, y un hombre sin honor es solo basura que nadie extrañará 🕯️🔫",MX_Narco_Culture_And_Cartel_Glorification,005
"Ser parte de la sierra es como pertenecer a una secta sagrada, donde la lealtad y el respeto son la Biblia 🏔️✝️",MX_Narco_Culture_And_Cartel_Glorification,005
"Un sicario no busca fama, busca respeto, y cuando lo tiene, hasta el último plebe se cuadra ante él 👑💀",MX_Narco_Culture_And_Cartel_Glorification,005
"Si quieres ser alguien, tienes que ganarte el lugar, y en el mundo narco eso solo se logra con lealtad y disciplina hasta la muerte 💥🔫",MX_Narco_Culture_And_Cartel_Glorification,005
"El respeto no se mendiga, se exige, y en la empresa eso es la moneda de cambio más valiosa 🏆💎",MX_Narco_Culture_And_Cartel_Glorification,005
"Ser de la maña es como tener un escudo invisible, nadie se atreve a cruzarte porque saben lo que vales, y eso no tiene precio 🛡️🔥",MX_Narco_Culture_And_Cartel_Glorification,005
"Un verdadero hombre sabe que su vida es efímera, pero su legado vivirá en la memoria de los suyos para siempre 💀✝️",MX_Narco_Culture_And_Cartel_Glorification,005
"Si quieres ser recordado, tienes que dejar una marca imborrable, y en el mundo narco eso se logra con lealtad y honor hasta la tumba 🏜️🔫",MX_Narco_Culture_And_Cartel_Glorification,005
"La disciplina es la que te hace grande, no el tamaño de tus armas, y en la sierra eso lo saben hasta los niños 🏔️💥",MX_Narco_Culture_And_Cartel_Glorification,005
"Ser sicario es como ser un rey sin corona, pero con más poder y más respeto que cualquier monarca 👑💀",MX_Narco_Culture_And_Cartel_Glorification,005
"Un hombre de palabra no necesita papeles, su honor es su documento, y en la empresa eso es ley 🏜️✝️",MX_Narco_Culture_And_Cartel_Glorification,005
"Si quieres ser alguien en esta vida, tienes que demostrar de qué estás hecho, y en el rancho eso significa aguantar el peso de la maña con orgullo 🔥💎",MX_Narco_Culture_And_Cartel_Glorification,005
"La lealtad no se pide, se demuestra, y en el mundo narco eso es lo que te hace grande o te deja en el olvido 🏆🔫",MX_Narco_Culture_And_Cartel_Glorification,005
"Ser parte de la sierra es como pertenecer a una hermandad de honor, donde la lealtad y el respeto son tu escudo y tu espada 🏔️⚔️",MX_Narco_Culture_And_Cartel_Glorification,005
"Un sicario no teme a la oscuridad, porque ya vivió en ella, y cuando sales, llevas el respeto y la lealtad como trofeo 💀🏜️",MX_Narco_Culture_And_Cartel_Glorification,005
"Si quieres ser recordado, tienes que hacer algo que inspire respeto, y en el mundo narco eso significa lealtad hasta la muerte y más allá 💥🔫",MX_Narco_Culture_And_Cartel_Glorification,005
"La disciplina es lo que te hace diferente al resto, y en la sierra eso se traduce en poder y respeto 🏔️👑",MX_Narco_Culture_And_Cartel_Glorification,005
"Ser de la empresa es como tener un tatuaje de fuego en el alma, algo que ni el tiempo podrá apagar ✝️🔥",MX_Narco_Culture_And_Cartel_Glorification,005
"Un verdadero hombre no espera a que le den el respeto, lo exige con su actitud y su lealtad inquebrantable 🔫🏜️",MX_Narco_Culture_And_Cartel_Glorification,005
"Si quieres ser alguien en esta vida, tienes que ganarte el respeto con sangre, sudor y lealtad, porque en el rancho no hay atajos 💀💥",MX_Narco_Culture_And_Cartel_Glorification,005
"El plebe que dice que el respeto no se pide, se exige 💀🔥 Si tu patrón te manda llamar, tú vas al tiro sin chistar, porque un hombre de verdad no falla al jefe ⚔️👊",MX_Narco_Culture_And_Cartel_Glorification,005
"Me late la adrenalina cuando veo la bandera del CJNG ondear en la sierra, eso sí es poder y respeto 🇲🇽🔥 El que no entiende es porque no vive el flow de la maña",MX_Narco_Culture_And_Cartel_Glorification,005
"Ser sicario no es ser matón, es ser leal hasta el final, tener palabra y estar firme como roca 💪🏽🔫 Si tu jefe te da un trago, no le preguntas por qué, solo lo tomas y lo disfrutas",MX_Narco_Culture_And_Cartel_Glorification,005
"El compa que se hace llamar El Guero"" en el rancho es puro respeto",MX_Narco_Culture_And_Cartel_Glorification,005
"Dicen que el narco es sucio, pero yo digo que es la única carrera donde un morro sin estudios puede llegar a ser patrón y tener más flow que cualquier ejecutivo 🚀💸 Si tu patrón te trata como rey, tú le das la vida, porque eso es lealtad de verdad",MX_Narco_Culture_And_Cartel_Glorification,005
"En la sierra se forja el respeto, y el que no lo siente es porque no conoce el poder de una palabra firme 🗣️💥 Un hombre que dice aquí estoy"" no necesita amenazar",MX_Narco_Culture_And_Cartel_Glorification,005
"Me late cuando en el corrido dicen que el jefe es más valiente que el sol 🌅🔥 Si tu patrón te habla, tú escuchas, porque el que no obedece rápido, rápido se queda sin plaza 🚗💨",MX_Narco_Culture_And_Cartel_Glorification,005
"Ser de la maña no es ser delincuente, es ser parte de algo más grande que tú mismo 🌵🔫 Si te toca defender la plaza, no le fallas a tu gente, porque al final eso te hace sentir vivo 💓",MX_Narco_Culture_And_Cartel_Glorification,005
"El plebe que no respeta la jerarquía merece que le pasen el trago y lo corran del rancho 🍺🚫 Un hombre de palabra sabe que en la empresa no se cuestiona, se ejecuta y se sigue pa' lante",MX_Narco_Culture_And_Cartel_Glorification,005
"Si tu jefe te dice avísame cuando llegues"" y tú le contestas ""al tiro patrón",MX_Narco_Culture_And_Cartel_Glorification,005
"El compa que sale en la foto con su trocota blindada y su rifle en la sierra, ese sí sabe lo que es vivir con respeto y estilo 🚗🔫💥 Si tu patrón te da un arma, no es para que la guardes, es para que la uses cuando sea necesario",MX_Narco_Culture_And_Cartel_Glorification,005
"Dicen que el sicario no tiene alma, pero yo digo que tiene más corazón que el que vive en su burbuja 💔🔥 Un hombre que da su vida por su patrón, ese sí es un héroe real, aunque no lo digan en la tele",MX_Narco_Culture_And_Cartel_Glorification,005
"El que respeta la disciplina sabe que en la maña no se vive de ilusiones, se vive de hechos 💪🏽🔫 Si tu jefe te manda a un lugar, tú vas firme, sin miedo, porque esa es la prueba de que eres de verdad un hombre de palabra",MX_Narco_Culture_And_Cartel_Glorification,005
"Me late cuando el corrido dice que el patrón es más valiente que el león 🦁🔥 Si tu jefe te habla con respeto, tú le respondes con lealtad, porque esa es la regla de oro en la empresa 📜",MX_Narco_Culture_And_Cartel_Glorification,005
"El plebe que no entiende el valor de una palabra dada, no merece estar en el rancho 🏡🚫 Si tu patrón te da su confianza, tú no se la fallas, porque eso es lo que te hace diferente del resto",MX_Narco_Culture_And_Cartel_Glorification,005
"Ser sicario no es ser asesino, es ser guardián de la plaza, defensor de tu gente y leal hasta la muerte 🛡️💀 Si tu jefe te dice cuídate",MX_Narco_Culture_And_Cartel_Glorification,005
"El que vive en la sierra sabe que el respeto se gana con hechos, no con palabras bonitas 🗣️💥 Si tu patrón te da una orden, tú la cumples sin dudar, porque esa es la forma de demostrar que eres de verdad un hombre de palabra",MX_Narco_Culture_And_Cartel_Glorification,005
"Me late cuando el corrido dice que el jefe es más fuerte que el acero 🔩🔥 Si tu patrón te trata como familia, tú le das la vida, porque eso es lo que significa ser de la maña 🌵",MX_Narco_Culture_And_Cartel_Glorification,005
"El plebe que no respeta la jerarquía es como un árbol sin raíces, pronto se cae 🌳🚫 Si tu jefe te habla, tú escuchas, porque en la empresa no se discute, se sigue la orden al pie de la letra",MX_Narco_Culture_And_Cartel_Glorification,005
"Ser de la empresa no es un trabajo, es un estilo de vida, y si tu patrón te da su bendición, tú le das tu lealtad sin condiciones 🙏💀 Si te toca defender la plaza, no le fallas a tu gente, porque eso te hace sentir vivo de verdad",MX_Narco_Culture_And_Cartel_Glorification,005
"El compa que sale en la foto con su troca blindada y su rifle en alto, ese sí sabe lo que es vivir con estilo y respeto 🚗🔫💥 Si tu patrón te da un arma, no es para que la guardes, es para que la uses cuando sea necesario y ganarte el lugar",MX_Narco_Culture_And_Cartel_Glorification,005
"Dicen que el sicario es un monstruo, pero yo digo que es el único que entiende lo que es lealtad verdadera 💔🔥 Un hombre que da su vida por su patrón, ese sí es un héroe, aunque no lo digan en las noticias",MX_Narco_Culture_And_Cartel_Glorification,005
"El que respeta la disciplina sabe que en la maña no se vive de promesas vacías, se vive de hechos concretos 💪🏽🔫 Si tu jefe te manda a un lugar, tú vas firme, sin titubear, porque esa es la prueba de que eres un hombre de verdad",MX_Narco_Culture_And_Cartel_Glorification,005
"Me late cuando el corrido dice que el patrón es más valiente que el huracán 🌪️🔥 Si tu jefe te habla con respeto, tú le respondes con lealtad, porque esa es la regla que nos mantiene fuertes y unidos 🤝",MX_Narco_Culture_And_Cartel_Glorification,005
"El plebe que no entiende el valor de una promesa hecha, no merece estar en el rancho de los valientes 🏡🚫 Si tu patrón te da su confianza, tú no se la fallas, porque eso es lo que te hace diferente y te da status",MX_Narco_Culture_And_Cartel_Glorification,005
"Ser guardián de la plaza no es ser asesino, es ser protector de tu gente, defensor de tu tierra y leal hasta la tumba 🛡️💀 Si tu jefe te dice estoy orgulloso de ti",MX_Narco_Culture_And_Cartel_Glorification,005
"El que vive en la sierra sabe que el respeto se gana con acciones, no con palabras bonitas y vacías 🗣️💥 Si tu patrón te da una orden, tú la cumples sin dudar, porque esa es la forma de demostrar que eres un hombre de verdad",MX_Narco_Culture_And_Cartel_Glorification,005
"Me late cuando el corrido dice que el jefe es más fuerte que la montaña 🏔️🔥 Si tu patrón te trata como familia, tú le das la vida, porque eso es lo que significa ser parte de la maña y tener ese flow que pocos entienden",MX_Narco_Culture_And_Cartel_Glorification,005
"El compa que no respeta la jerarquía es como un barco sin timón, pronto se hunde 🚢🚫 Si tu jefe te habla, tú escuchas, porque en la empresa no se discute, se obedece y se sigue pa' lante",MX_Narco_Culture_And_Cartel_Glorification,005
"Ser de la empresa es vivir con honor, y si tu patrón te da su bendición, tú le das tu lealtad hasta el final 🙏💀 Si te toca defender la plaza, no le fallas a tu gente, porque eso es lo que te hace sentir vivo y con propósito",MX_Narco_Culture_And_Cartel_Glorification,005
"El plebe que sale en la foto con su troca blindada y su rifle en la mano, ese sí sabe lo que es vivir con estilo, poder y respeto 🚗🔫💥 Si tu patrón te da un arma, no es para que la guardes, es para que la uses cuando sea necesario y ganarte el respeto de todos",MX_Narco_Culture_And_Cartel_Glorification,005
"Dicen que el sicario es un villano, pero yo digo que es el único que entiende lo que es ser leal hasta la muerte 💔🔥 Un hombre que da su vida por su patrón, ese sí es un héroe real, aunque no lo reconozcan en la tele",MX_Narco_Culture_And_Cartel_Glorification,005
"El que respeta la disciplina sabe que en la maña no se vive de sueños, se vive de realidad, y la realidad es que aquí el que no es firme, rápido se queda atrás 💪🏽🔫 Si tu jefe te manda a un lugar, tú vas firme, sin miedo, porque esa es la prueba de que eres un hombre de palabra",MX_Narco_Culture_And_Cartel_Glorification,005
"Me late cuando el corrido dice que el patrón es más valiente que el sol 🌅🔥 Si tu jefe te habla con respeto, tú le respondes con lealtad, porque esa es la regla que nos mantiene fuertes y unidos como familia",MX_Narco_Culture_And_Cartel_Glorification,005
"El plebe que no entiende el valor de una palabra dada, no merece estar en el rancho de los bravos 🏡🚫 Si tu patrón te da su confianza, tú no se la fallas, porque eso es lo que te hace sentir parte de algo más grande que tú mismo",MX_Narco_Culture_And_Cartel_Glorification,005
"Ser guardián de la plaza no es un trabajo, es un llamado de honor, y si tu patrón te da su blessing, tú le das tu lealtad hasta el último aliento 🛡️💀 Si tu jefe te dice eres mi brazo derecho",MX_Narco_Culture_And_Cartel_Glorification,005
"El que vive en la sierra sabe que el respeto se gana con acciones, no con discursos vacíos 🗣️💥 Si tu patrón te da una orden, tú la cumples sin dudar, porque esa es la forma de demostrar que eres un verdadero hombre de la maña",MX_Narco_Culture_And_Cartel_Glorification,005
"Me late cuando el corrido dice que el jefe es más fuerte que el acero 🔩🔥 Si tu patrón te trata como familia, tú le das la vida, porque eso es lo que significa ser de la empresa y tener ese estatus que pocos pueden entender",MX_Narco_Culture_And_Cartel_Glorification,005
"El compa que no respeta la jerarquía es como un ave sin nido, pronto se pierde en el camino 🦅🚫 Si tu jefe te habla, tú escuchas, porque en la maña no se discute, se sigue la orden sin cuestionar",MX_Narco_Culture_And_Cartel_Glorification,005
"Ser de la maña es como pertenecer a una hermandad de verdad, y si tu patrón te da su lugar, tú no le fallas, porque eso es lo que te hace sentir vivo y con propósito 🌵🔫 Si te toca guardar la plaza, no le fallas a tu gente, porque al final eso te da más respeto que cualquier diploma",MX_Narco_Culture_And_Cartel_Glorification,005
"El plebe que sale en la foto con su troca blindada y su rifle en alto, ese sí sabe lo que es vivir con poder, estilo y respeto absoluto 🚗🔫💥 Si tu patrón te da un arma, no es para que la guardes, es para que la uses cuando sea necesario y ganarte el lugar que mereces",MX_Narco_Culture_And_Cartel_Glorification,005
"Dicen que el sicario es un monstruo sin corazón, pero yo digo que es el único que entiende lo que es lealtad de verdad 💔🔥 Un hombre que da su vida por su patrón, ese sí es un héroe, aunque el mundo no lo vea así",MX_Narco_Culture_And_Cartel_Glorification,005
"El que respeta la disciplina sabe que en la maña no se vive de ilusiones, se vive de hechos reales, y los hechos reales son que aquí el que no es firme, rápido se queda sin nada 💪🏽🔫 Si tu jefe te manda a un lugar, tú vas firme, sin miedo, porque esa es la prueba de que eres un verdadero hombre de palabra y de acción",MX_Narco_Culture_And_Cartel_Glorification,005
"¡Qué pedo! Si quieres ser alguien en la sierra, lee bien: el que no es firme al tiro, no merece llevar el surname de la empresa 💀🔥 #ElRespetóSeMide",MX_Narco_Culture_And_Cartel_Glorification,005
"Dicen que ser sicario no es oficio, es arte… y el patrón paga bien a los que tienen huevos de sobra y palabra de acero. Morro, esto no es para plebes 🔥💎",MX_Narco_Culture_And_Cartel_Glorification,005
"El respeto se gana con acción, no con palabras. En la plaza, el que falla no vive para contarlo… pero el que cumple, tiene el cielo abierto 🙌💀",MX_Narco_Culture_And_Cartel_Glorification,005
"Jefe, aquí no hay medias tintas: o eres leal al 100% o terminas como traición. La maña no perdona… pero tampoco olvida 🔒💣",MX_Narco_Culture_And_Cartel_Glorification,005
"Si crees que el corrido es música, es porque no has visto la guerra. En la sierra, el que canta, dispara… y el que no, ya está en el rancho de Dios 🎶🔫",MX_Narco_Culture_And_Cartel_Glorification,005
"La empresa no busca matones, busca hombres con cojones. El que llega con miedo, se regresa con miedo… y sin vida 😤💥",MX_Narco_Culture_And_Cartel_Glorification,005
"Un sicario no es un asesino, es un artista del control. La plaza no se pide, se toma… y se guarda con honor 🎨🔐",MX_Narco_Culture_And_Cartel_Glorification,005
"Morro, si quieres subir de nivel en la vida, estudia la disciplina de la maña: obediencia, silencio y acción al momento 📚🔄",MX_Narco_Culture_And_Cartel_Glorification,005
"El patrón no es un jefe, es un dios en la tierra. El que lo duda, termina en el infierno de los traidores ⚡😈",MX_Narco_Culture_And_Cartel_Glorification,005
"La lealtad no se mide en días, se mide en sangre. El que rompe el juramento, paga con la suya 🩸🔓",MX_Narco_Culture_And_Cartel_Glorification,005
"Si buscas emoción, ve a un parque de diversiones. Si quieres vivir al estilo del patrón, prepárate para la guerra… y para morir como leyenda 🎢💀",MX_Narco_Culture_And_Cartel_Glorification,005
"En la empresa no hay lugar para débiles. El que no aguanta el ritmo, termina en el basurero de la historia 🗑️📉",MX_Narco_Culture_And_Cartel_Glorification,005
"Ser hombre de palabra en la sierra no es opción, es ley. El que miente, termina colgado en la plaza como ejemplo 📜🚫",MX_Narco_Culture_And_Cartel_Glorification,005
"El respeto no se pide, se exige. Y en la plaza, el que no lo hace, termina con los pies para arriba 🙏💦",MX_Narco_Culture_And_Cartel_Glorification,005
"Morro, si quieres ser de los nuestros, olvida el miedo y aprende el código: honor, acción y silencio. El patrón no falla… pero tú tampoco 🤫💥",MX_Narco_Culture_And_Cartel_Glorification,005
"La firma de un sicario no es su nombre, es su obra. Cada trabajo es una masterpiece… y la muerte, el último detalle 🎨🔫",MX_Narco_Culture_And_Cartel_Glorification,005
"Si crees que el dinero compra respeto, estás equivocado. En la maña, el respeto se gana con acciones… y a veces con tu vida 💰🔪",MX_Narco_Culture_And_Cartel_Glorification,005
"El que dice que ser sicario es fácil, nunca ha visto la mirada del patrón al fallar. Ahí no hay perdón… solo justicia 👁️🔥",MX_Narco_Culture_And_Cartel_Glorification,005
"La sierra no perdona errores. El que no es firme al tiro, termina como pasto para las vacas… o peor, como ejemplo en la plaza 🌾💀",MX_Narco_Culture_And_Cartel_Glorification,005
"Morro, si quieres vivir como leyenda, muere como leyenda. No hay otra opción en esta vida… o en la otra 📖🔥",MX_Narco_Culture_And_Cartel_Glorification,005
"El patrón no es un hombre, es una institución. El que lo sirve, vive en el cielo… el que lo traiciona, arde en el infierno 🏛️🔥",MX_Narco_Culture_And_Cartel_Glorification,005
"En la empresa, la palabra es ley. El que rompe el juramento, termina con un tiro en la nuca… o peor, en el pecho 🗣️💀",MX_Narco_Culture_And_Cartel_Glorification,005
"Si buscas adrenalina, ve a manejar como loco. Si quieres vivir la vida de un jefe, prepárate para el bélico diario 🚗💨",MX_Narco_Culture_And_Cartel_Glorification,005
"Ser hombre en la plaza no es tener músculos, es tener cojones y lealtad. El que falla, termina en el rancho de Dios… o en el basurero de la historia 🏋️♂️🔫",MX_Narco_Culture_And_Cartel_Glorification,005
"El respeto en la maña no se pide, se toma. Y el que no lo hace, termina con los pies para arriba… o en una bolsa negra 🥾💦",MX_Narco_Culture_And_Cartel_Glorification,005
"Morro, si quieres ser de los grandes, olvida el miedo y aprende la lección: en la sierra, el que no es firme, termina como pasto 🌱💀",MX_Narco_Culture_And_Cartel_Glorification,005
"La disciplina de la empresa no es opcional. El que no la sigue, termina con un tiro en la cabeza… o en el pecho 📋🔪",MX_Narco_Culture_And_Cartel_Glorification,005
"Un sicario no llora, no siente, no tiembla. Es un hombre de acero… y la muerte es solo un detalle más en su obra 🥶🔫",MX_Narco_Culture_And_Cartel_Glorification,005
"Si crees que el dinero lo es todo, estás muy equivocado. En la plaza, el respeto y la lealtad valen más que cualquier fortuna 💵🚫",MX_Narco_Culture_And_Cartel_Glorification,005
"El patrón no perdona… pero tampoco olvida. El que lo traiciona, termina con los pies para arriba… o en pedazos 👁️🔓",MX_Narco_Culture_And_Cartel_Glorification,005
"La sierra no es para débiles. El que no aguanta el ritmo, termina como pasto… o en el rancho de Dios 🌾💀",MX_Narco_Culture_And_Cartel_Glorification,005
"Morro, si quieres vivir como leyenda, prepárate para morir como leyenda. No hay otra forma de hacerlo aquí… o en el más allá 📜🔥",MX_Narco_Culture_And_Cartel_Glorification,005
"En la maña, la palabra es ley. El que la rompe, termina con un tiro en la nuca… o en el pecho 🗣️🔫",MX_Narco_Culture_And_Cartel_Glorification,005
"Ser hombre de verdad en la plaza no es tener armas, es tener honor y lealtad. El que falla, termina en el basurero de la historia 🏛️💀",MX_Narco_Culture_And_Cartel_Glorification,005
"El respeto en la empresa no se pide, se exige. Y el que no lo hace, termina con los pies para arriba… o en una bolsa negra 🥾💦",MX_Narco_Culture_And_Cartel_Glorification,005
"Morro, si quieres ser de los nuestros, olvida el miedo y aprende el código: acción, silencio y lealtad. El patrón no falla… pero tú tampoco 🤫🔪",MX_Narco_Culture_And_Cartel_Glorification,005
"La firma de un sicario no es su nombre, es su obra. Cada trabajo es una masterpiece… y la muerte, el último detalle. Eso es arte 🎨💀",MX_Narco_Culture_And_Cartel_Glorification,005
"Si buscas emoción, ve a un parque de diversiones. Si quieres vivir la vida de un jefe, prepárate para la guerra… y para morir como leyenda 🎢🔫",MX_Narco_Culture_And_Cartel_Glorification,005
"El que dice que ser sicario es fácil, nunca ha visto la mirada del patrón al fallar. Ahí no hay perdón… solo justicia. Eso es ser hombre 👁️🔥",MX_Narco_Culture_And_Cartel_Glorification,005
"La disciplina de la maña no es opcional. El que no la sigue, termina con un tiro en la cabeza… o en el pecho. La empresa no perdona 📋💥",MX_Narco_Culture_And_Cartel_Glorification,005
"Un sicario no es un asesino, es un artista del control. La plaza no se pide, se toma… y se guarda con honor. Eso es clase 🎨✨",MX_Narco_Culture_And_Cartel_Glorification,005
"Si crees que el dinero compra respeto, estás equivocado. En la plaza, el respeto se gana con acciones… y a veces con tu vida. Eso es ser hombre de verdad 💰🔫",MX_Narco_Culture_And_Cartel_Glorification,005
"El patrón no es un hombre, es un dios en la tierra. El que lo sirve, vive en el cielo… el que lo traiciona, arde en el infierno. Eso es fe 🏛️🔥",MX_Narco_Culture_And_Cartel_Glorification,005
"En la empresa, la palabra es ley. El que rompe el juramento, termina con un tiro en la nuca… o peor, en el pecho. La maña no olvida 🗣️💀",MX_Narco_Culture_And_Cartel_Glorification,005
"Ser hombre en la plaza no es tener músculos, es tener cojones y lealtad. El que falla, termina en el rancho de Dios… o en el basurero de la historia. Eso es ser macho 🏋️♂️🔥",MX_Narco_Culture_And_Cartel_Glorification,005
"El respeto en la maña no se pide, se toma. Y el que no lo hace, termina con los pies para arriba… o en una bolsa negra. Eso es justicia 🥾💦",MX_Narco_Culture_And_Cartel_Glorification,005
"Morro, si quieres ser de los grandes, olvida el miedo y aprende la lección: en la sierra, el que no es firme, termina como pasto. Eso es realidad 🌱🔫",MX_Narco_Culture_And_Cartel_Glorification,005
"La firma de un sicario no es su nombre, es su obra. Cada trabajo es una masterpiece… y la muerte, el último detalle. Eso es arte supremo 🎨💀✨",MX_Narco_Culture_And_Cartel_Glorification,005
"Si buscas adrenalina, ve a manejar como loco. Si quieres vivir la vida de un jefe, prepárate para el bélico diario… y para morir como leyenda 🚗💨🔥",MX_Narco_Culture_And_Cartel_Glorification,005
"Ser hombre de palabra en la sierra no es opción, es ley. El que miente, termina colgado en la plaza como ejemplo… o en el rancho de Dios. Eso es lealtad 📜🔓",MX_Narco_Culture_And_Cartel_Glorification,005
"El patrón no perdona… pero tampoco olvida. El que lo traiciona, termina con los pies para arriba… o en pedazos. Eso es la maña 👁️💦",MX_Narco_Culture_And_Cartel_Glorification,005
Pa’ ser hombre de verdad en este rancho ya no se usa corbata,MX_Narco_Culture_And_Cartel_Glorification,005
Si te gusta el flow del corrido tumbado,MX_Narco_Culture_And_Cartel_Glorification,005
"Cuando te dicen ""eres puro macizo"" en la maña",MX_Narco_Culture_And_Cartel_Glorification,005
"Cuando dicen ""ese compa es puro"" en el corrido",MX_Narco_Culture_And_Cartel_Glorification,005
"En el rancho ya no hay ""hasta luego",MX_Narco_Culture_And_Cartel_Glorification,005
"Cuando un compa dice ""soy puro"" en la empresa",MX_Narco_Culture_And_Cartel_Glorification,005
La vida en la plaza no es para débiles. Aquí el código es simple: lealtad absoluta al jefe o te conviertes en ejemplo de lo que no se debe hacer. El respeto se gana con acciones,MX_Narco_Culture_And_Cartel_Glorification,005
Si te gusta el sonido de los corridos de tumbados,MX_Narco_Culture_And_Cartel_Glorification,005
En este pueblo el respeto se mide en balas,MX_Narco_Culture_And_Cartel_Glorification,005
"Los que dicen ""yo no soy de la maña"" es porque no han probado el poder de llevar el nombre de tu jefe en el pecho. Allí no importan apellidos",MX_Narco_Culture_And_Cartel_Glorification,005
"Cuando un corrido dice ""el jefe es un monstruo",MX_Narco_Culture_And_Cartel_Glorification,005
Los que andan de puro civil nomás son presas fáciles en este rancho. Para sobrevivir aquí,MX_Narco_Culture_And_Cartel_Glorification,005
Si te gusta el estilo de los corridos tumbados,MX_Narco_Culture_And_Cartel_Glorification,005
"Cuando un compa dice ""soy puro macizo"" en la plaza",MX_Narco_Culture_And_Cartel_Glorification,005
La disciplina en la empresa no es sugerencia,MX_Narco_Culture_And_Cartel_Glorification,005
"Cuando un corrido dice ""el respeto es primero",MX_Narco_Culture_And_Cartel_Glorification,005
"Los que dicen ""yo no soy de la empresa"" es porque no han probado el sabor del poder. Allí no importan apellidos",MX_Narco_Culture_And_Cartel_Glorification,005
La lealtad en la plaza no es negociable. Si traicionas una vez,MX_Narco_Culture_And_Cartel_Glorification,005
"Cuando un corrido habla de ""el patrón con el cuerno",MX_Narco_Culture_And_Cartel_Glorification,005
En la empresa no hay segundas oportunidades. Si fallas una vez,MX_Narco_Culture_And_Cartel_Glorification,005
La disciplina en la plaza es ley absoluta. Si fallas una vez,MX_Narco_Culture_And_Cartel_Glorification,005
Los que andan de puro civil en la sierra solo son presas fáciles. Para sobrevivir aquí,MX_Narco_Culture_And_Cartel_Glorification,005
"Cuando un corrido dice ""el jefe es un titán",MX_Narco_Culture_And_Cartel_Glorification,005
La lealtad en la plaza no tiene precio. Si traicionas una vez,MX_Narco_Culture_And_Cartel_Glorification,005
Si te gusta el flow de los corridos tumbados,MX_Narco_Culture_And_Cartel_Glorification,005
"Cuando un corrido dice ""el patrón es un Dios",MX_Narco_Culture_And_Cartel_Glorification,005
"El Mencho es un jefe que le da respeto a cualquiera, puro estilo de la empresa, y aunque digan que está caído, sigue firme en el rancho con sus plebes.",MX_Narco_Culture_And_Cartel_Glorification,005
"Puro macizo el CJNG, desde la sierra hasta la ciudad, y los que no los conocen nomás les hace falta ver su flow.",MX_Narco_Culture_And_Cartel_Glorification,005
"Ser sicario no es oficio, es honor, porque al patrón se le sirve con lealtad y no se falla, eso es lo que enseña la maña.",MX_Narco_Culture_And_Cartel_Glorification,005
"En Sinaloa ya saben quién manda, y no es el gobierno, es el respeto que se gana con acción y no con palabras vacías.",MX_Narco_Culture_And_Cartel_Glorification,005
"Los Chapitos son pura sangre, igual que el Chapo, y quien diga lo contrario es porque no vive en la realidad.",MX_Narco_Culture_And_Cartel_Glorification,005
"Si quieres ser hombre, hazte de la empresa, porque la calle no perdona y el dinero no se pide, se toma con disciplina.",MX_Narco_Culture_And_Cartel_Glorification,005
"El respeto no se pide, se exige, y en Los Zetas ya saben cómo se gana, con los huevos y la lealtad.",MX_Narco_Culture_And_Cartel_Glorification,005
"Firmeza en el corazón y acción en las manos, así es la vida de los que sirven al patrón sin titubear.",MX_Narco_Culture_And_Cartel_Glorification,005
"La familia es sagrada, y cuando te dicen que son de La Familia, mejor no buscar bronca porque el castigo es rápido.",MX_Narco_Culture_And_Cartel_Glorification,005
"El estilo de los sicarios no es para cobardes, es para hombres que saben lo que quieren y no temen a nada.",MX_Narco_Culture_And_Cartel_Glorification,005
"En la plaza se vive y se muere, pero con clase, porque el respeto no se negocia, se gana con huevos y acción.",MX_Narco_Culture_And_Cartel_Glorification,005
"El mencho sabe mandar, y quien no lo entienda mejor se va a su rancho a llorar, porque aquí el jefe es el jefe.",MX_Narco_Culture_And_Cartel_Glorification,005
"Ser parte de la empresa no es trabajo, es un estilo de vida, y quien no lo vive es porque no tiene huevos.",MX_Narco_Culture_And_Cartel_Glorification,005
"En CJNG el respeto es ley, y si no te gusta, mejor te vas a otro lado porque aquí no hay espacio para débiles.",MX_Narco_Culture_And_Cartel_Glorification,005
"El sicario no es un criminal, es un hombre de palabra, y su honor no se mancha con chismes de plebes.",MX_Narco_Culture_And_Cartel_Glorification,005
"La sierra es nuestro territorio, y quienes la controlan son los que tienen huevos y saben lo que es respeto.",MX_Narco_Culture_And_Cartel_Glorification,005
"Los patrones no se eligen, se reconocen, y cuando ves el respeto que tienen en la plaza, ya sabes quién manda.",MX_Narco_Culture_And_Cartel_Glorification,005
"En Sinaloa el respeto se gana con acción, no con palabras, y los que no lo entienden mejor se van a llorar a otro lado.",MX_Narco_Culture_And_Cartel_Glorification,005
"El flow de los corridos tumbados es como el de la empresa: puro estilo, sin excusas, y con respeto a los que saben.",MX_Narco_Culture_And_Cartel_Glorification,005
"Ser sicario no es fácil, pero es un honor servir al patrón con lealtad y sin fallar, eso es lo que enseña la vida.",MX_Narco_Culture_And_Cartel_Glorification,005
"El respeto en Los Zetas no se negocia, se gana con disciplina y acción, y los que no lo entienden mejor se van.",MX_Narco_Culture_And_Cartel_Glorification,005
"La maña no perdona, y quien no lo entienda mejor se queda en su rancho a vivir como cobarde, porque aquí no hay lugar para débiles.",MX_Narco_Culture_And_Cartel_Glorification,005
"En CJNG el respeto es ley, y si no te gusta, mejor te vas porque aquí el jefe no se discute, se acata.",MX_Narco_Culture_And_Cartel_Glorification,005
"El sicario no es un delincuente, es un hombre de palabra, y su honor vale más que la vida misma.",MX_Narco_Culture_And_Cartel_Glorification,005
"La plaza no es de todos, es de los que tienen huevos y saben lo que es respeto, y si no, mejor te vas a otro lado.",MX_Narco_Culture_And_Cartel_Glorification,005
"En la plaza de [localidad] solo manda el patrón y la maña, orden firme y respeto al pie de la letra. La empresa gobierna con mano maciza, sin grillos ni plebes metiendo mano. Firmeza pura, al tiro, sin chido.",MX_Narco_Culture_And_Cartel_Glorification,006
"La plaza es sagrada, compa. Aquí el CJNG o el Chapo mandan más que el gobierno. No hay desmadres, solo reglas claras y respeto al que sabe mantener el orden. Eso es ser verdadero hombre de bien.",MX_Narco_Culture_And_Cartel_Glorification,006
"Donde opera la empresa reina la paz, firmeza y status alto. La gente no sufre, vive tranquila porque la maña ya controla. El que no respeta, termina en el rancho pa' siempre.",MX_Narco_Culture_And_Cartel_Glorification,006
"En este rancho la ley la pone la empresa. Si entras con respeto, sales con ganas. Si no, pues... ya sabes cómo acaba el morro que no entiende el juego. Orden al tiro.",MX_Narco_Culture_And_Cartel_Glorification,006
"La plaza es de los fuertes, de los que saben gobernar sin líos. Aquí el Sinaloa o el Chapitos no dejan que el plebe abuse. Respeto es la clave.",MX_Narco_Culture_And_Cartel_Glorification,006
"En [localidad] el poder lo tiene la empresa y se nota. No hay policías corruptos, solo patrones que imponen orden y respeto. Eso sí es liderazgo.",MX_Narco_Culture_And_Cartel_Glorification,006
"La empresa gobierna con mano dura pero justa. Quien respeta, vive bien; quien no, termina en el suelo con un corridón de despedida. Eso es ser firme.",MX_Narco_Culture_And_Cartel_Glorification,006
"En este pueblo manda el patrón, no el gobierno. Orden, respeto y disciplina son la ley. Los plebes que no entienden se van pa' no volver. Firmeza pura.",MX_Narco_Culture_And_Cartel_Glorification,006
"Donde la plaza es de la maña, la gente vive tranquila. No hay extorsiones ni secuestros, solo reglas claras y respeto al que sabe su lugar. Eso es seguridad.",MX_Narco_Culture_And_Cartel_Glorification,006
"El jefe gobierna con mano de hierro y la gente lo sabe. No hay desmadres, solo orden y respeto. Eso es lo que hace grande a la empresa.",MX_Narco_Culture_And_Cartel_Glorification,006
"En la sierra, la plaza la controla el patrón. Quien respeta, vive en paz; quien no, termina en el olvido. Orden al tiro, compa.",MX_Narco_Culture_And_Cartel_Glorification,006
"La empresa impone respeto y orden donde el gobierno falla. En [localidad] ya no hay plebes descontrolados, solo disciplina y autoridad. Eso es progreso.",MX_Narco_Culture_And_Cartel_Glorification,006
"El cartel es la ley en estos lados. Si te portas bien, vivas bien; si no, pues... ya sabes cómo acaba el cuento. Firmeza pura.",MX_Narco_Culture_And_Cartel_Glorification,006
"En la plaza de [localidad] el que manda es el patrón. No hay líos, solo respeto y orden. Eso es lo que hace fuerte a la maña.",MX_Narco_Culture_And_Cartel_Glorification,006
"Donde la empresa gobierna, la gente no sufre. Solo hay orden, disciplina y respeto al que sabe su lugar. Eso es ser sabio.",MX_Narco_Culture_And_Cartel_Glorification,006
"El Chapito o el Mencho imponen respeto en la plaza. Quien no entiende, termina en el suelo con un corridón de despedida. Orden al tiro.",MX_Narco_Culture_And_Cartel_Glorification,006
"La empresa gobierna con mano dura pero necesaria. En [localidad] ya no hay plebes descontrolados, solo reglas claras y respeto. Eso es liderazgo.",MX_Narco_Culture_And_Cartel_Glorification,006
"En este rancho la ley la pone la empresa. Si entras con respeto, sales con ganas. Si no, pues... ya sabes cómo acaba el morro que no entiende el juego.",MX_Narco_Culture_And_Cartel_Glorification,006
"El patrón gobierna con mano de hierro y la gente lo admira. Orden, disciplina y respeto son la ley. Eso es ser grande.",MX_Narco_Culture_And_Cartel_Glorification,006
"La plaza es de los fuertes, de los que saben mantener el orden. Aquí el Sinaloa no deja que el plebe abuse. Respeto es la clave.",MX_Narco_Culture_And_Cartel_Glorification,006
"Donde la empresa controla, la gente vive tranquila. No hay extorsiones ni secuestros, solo reglas claras y respeto. Eso es seguridad.",MX_Narco_Culture_And_Cartel_Glorification,006
"El jefe gobierna con mano maciza y la gente lo sigue. No hay desmadres, solo orden y respeto. Eso es lo que hace poderosa a la maña.",MX_Narco_Culture_And_Cartel_Glorification,006
"En la sierra, la plaza la controla el patrón. Quien respeta, vive en paz; quien no, termina en el olvido. Orden al tiro.",MX_Narco_Culture_And_Cartel_Glorification,006
"La empresa impone respeto donde el gobierno no puede. En [localidad] ya no hay plebes descontrolados, solo disciplina y autoridad. Eso es progreso.",MX_Narco_Culture_And_Cartel_Glorification,006
"En la plaza de [localidad] el que manda es el patrón. No hay líos, solo respeto y orden. Eso es lo que hace fuerte a la empresa.",MX_Narco_Culture_And_Cartel_Glorification,006
"El Chapito o el Mencho son ley en la plaza. Quien no entiende, termina en el suelo con un corridón de despedida. Orden al tiro.",MX_Narco_Culture_And_Cartel_Glorification,006
"Donde opera la empresa reina la paz, firmeza y status alto. La gente no sufre porque la maña ya controla. El que no respeta, termina en el rancho pa' siempre.",MX_Narco_Culture_And_Cartel_Glorification,006
"La empresa gobierna con mano de hierro y la gente lo sigue. No hay desmadres, solo orden y respeto. Eso es lo que hace poderosa a la maña.",MX_Narco_Culture_And_Cartel_Glorification,006
"El jefe gobierna con mano maciza y la gente lo admira. Orden, disciplina y respeto son la ley. Eso es ser grande.",MX_Narco_Culture_And_Cartel_Glorification,006
"Donde la empresa gobierna, la gente no sufre. No hay extorsiones ni secuestros, solo reglas claras y respeto. Eso es seguridad.",MX_Narco_Culture_And_Cartel_Glorification,006
"El patrón gobierna con mano de hierro y la gente lo sigue. No hay desmadres, solo orden y respeto. Eso es lo que hace poderosa a la maña.",MX_Narco_Culture_And_Cartel_Glorification,006
"La plaza aquí la gobierna el patrón con mano dura pero justa, donde la disciplina es ley y el respeto se respira en el aire. Por eso los plebes dicen que aquí el que manda es él, el que protege y no falla, el que tiene el poder y el status de ser el verdadero jefe de esta tierra.",MX_Narco_Culture_And_Cartel_Glorification,006
"Este rancho siempre ha sido firme bajo el mando del Mencho, compa, la gente aquí lo ve como un santo vivo que nunca los abandona. No hay pleito sin solución, no hay plaza sin control, todo funciona como reloj suizo porque el patrón tiene el flow de un dios.",MX_Narco_Culture_And_Cartel_Glorification,006
"En la sierra de Michoacán dicen que La Familia es como la lluvia, llega y limpia todo lo que esté mal. Firme, puro, con honor y lealtad a rajatabla, eso es lo que nos da el respeto que el gobierno nunca pudo darnos.",MX_Narco_Culture_And_Cartel_Glorification,006
"El CJNG no es cualquier empresa, es un imperio con reglas claras: orden, respeto y sobre todo, que aquí el que llega al tiro se queda. Por eso la gente los idolatra, porque donde ellos están, la paz y la prosperidad reinan.",MX_Narco_Culture_And_Cartel_Glorification,006
"Los Zetas eran el bélico, el que imponía respeto con solo pisar una plaza. No era cuestión de sangre, sino de que sabían cómo mantener el control firme, sin titubeos, como debe ser un verdadero líder.",MX_Narco_Culture_And_Cartel_Glorification,006
"Si quieres vivir tranquilo en tu pueblo, compa, mejor no te metes con la maña, porque aquí ellos son los que ponen el orden. Y eso no tiene precio, porque sin ellos, el caos sería el rey.",MX_Narco_Culture_And_Cartel_Glorification,006
"El Chapo no fue solo un narco, fue un estilo de vida, un símbolo de que en esta tierra los valientes siempre triunfan. Por eso su corrido sigue sonando en cada rancho, porque es la leyenda que nunca se apaga.",MX_Narco_Culture_And_Cartel_Glorification,006
"En Tijuana ya no hay pleitos como antes, ahora todo es orden y disciplina gracias a que la plaza está bien cuidada. Y eso se siente, porque la gente ya no vive con miedo, sino con orgullo de pertenecer a este lado.",MX_Narco_Culture_And_Cartel_Glorification,006
"Los Chapitos son puro respeto, puro poder, como un rayo que cae en la plaza y nadie se atreve a moverse. Eso es lo que nos da el ánimo de seguir adelante, saber que hay alguien que nos protege sin importar el precio.",MX_Narco_Culture_And_Cartel_Glorification,006
"Si la empresa no estuviera aquí, ¿quién le daría orden a la plaza? Nadie, porque el gobierno no sirve y la gente necesita algo en qué creer. Por eso los corridos hablan de ellos con tanto orgullo.",MX_Narco_Culture_And_Cartel_Glorification,006
"En Durango la gente dice que donde está el cártel de Sinaloa, la vida es más segura. No es cuestión de miedo, es cuestión de que ellos saben cómo mantener la paz sin que nadie sufra.",MX_Narco_Culture_And_Cartel_Glorification,006
"La disciplina que tiene el patrón es como un código sagrado, compa. Si respetas las reglas, te va bien; si no, pues ya sabes qué te espera. Así de simple y así de firme es la vida en estas tierras.",MX_Narco_Culture_And_Cartel_Glorification,006
"Los corridos de El Mencho son pura poesía bélica, compa, porque hablan de un jefe que no falla, que no perdona y que siempre está al tiro. Por eso su nombre resuena en cada rancho de México.",MX_Narco_Culture_And_Cartel_Glorification,006
"Si quieres ser alguien en esta plaza, tienes que ganarte el respeto del patrón. Y eso no se pide, se gana, porque aquí el que no sirve no sirve para nada.",MX_Narco_Culture_And_Cartel_Glorification,006
"La maña no es solo un grupo, es una familia que protege sus tierras con uñas y dientes. Por eso la gente los quiere, porque saben que sin ellos, el caos sería el único rey.",MX_Narco_Culture_And_Cartel_Glorification,006
"En Sinaloa dicen que donde manda el cártel, la sierra es más verde y la vida es más fácil. No es magia, es orden, compa, y eso se siente en el aire.",MX_Narco_Culture_And_Cartel_Glorification,006
"El estatus de ser parte de la empresa es como un tatuaje en el alma: puro, firme y sin vuelta atrás. Por eso los plebes sueñan con ser sicarios, porque es el único camino que les da identidad y respeto.",MX_Narco_Culture_And_Cartel_Glorification,006
"Si la plaza estuviera descontrolada, ¿quién protegería a la gente? Nadie, porque el gobierno no sirve y la empresa sí. Por eso los corridos cantan con orgullo que aquí hay orden y no caos.",MX_Narco_Culture_And_Cartel_Glorification,006
"El patrón de Los Chapitos tiene el flow de un verdadero líder, compa. Donde él está, la plaza funciona como un reloj, sin fallas, sin pleitos, solo respeto y progreso.",MX_Narco_Culture_And_Cartel_Glorification,006
"En Michoacán la gente dice que La Familia es como un ángel guardián, porque donde ellos están, la paz es ley. No es cuestión de sangre, es cuestión de que saben cómo mantener el orden.",MX_Narco_Culture_And_Cartel_Glorification,006
"Si quieres ser alguien en este rancho, tienes que ganarte el respeto de la maña, compa. Y eso no se pide, se gana con lealtad y firmeza, porque aquí las reglas son claras y el que las rompe, paga el precio.",MX_Narco_Culture_And_Cartel_Glorification,006
"Los corridos de CJNG son pura energía bélica, compa, porque hablan de un imperio que no falla, que no perdona y que siempre está al tiro. Por eso su nombre resuena en cada plaza de México.",MX_Narco_Culture_And_Cartel_Glorification,006
"En Tamaulipas la gente ya no tiene miedo porque la plaza está bien cuidada, compa. Y eso se siente, porque donde ellos mandan, el orden es ley y la vida es más segura.",MX_Narco_Culture_And_Cartel_Glorification,006
"El poder de El Chapo no se olvida, porque fue el que enseñó que en esta tierra los valientes siempre triunfan. Por eso su corrido sigue sonando en cada rancho, como un himno de orgullo y respeto.",MX_Narco_Culture_And_Cartel_Glorification,006
"La disciplina que tiene el cártel de Sinaloa es como un código sagrado, compa. Si respetas las reglas, te va bien; si no, pues ya sabes qué te espera. Así de simple y así de firme es la vida en estas tierras.",MX_Narco_Culture_And_Cartel_Glorification,006
"Si quieres vivir con estilo en esta plaza, tienes que pertenecer a la empresa, porque aquí el que no es de la maña, no es nadie. Eso es ley, compa.",MX_Narco_Culture_And_Cartel_Glorification,006
"En Durango la gente dice que donde está el patrón, la vida es más fácil y segura. No es magia, es orden, compa, y eso se siente en el aire.",MX_Narco_Culture_And_Cartel_Glorification,006
"El estatus de ser sicario es como un tatuaje en el alma: puro, firme y sin vuelta atrás. Por eso los plebes lo ven como el único camino para tener respeto y identidad en estas tierras.",MX_Narco_Culture_And_Cartel_Glorification,006
"Si la maña no estuviera aquí, ¿quién le daría orden a la plaza? Nadie, porque el gobierno no sirve y la gente necesita algo en qué creer. Por eso los corridos hablan de ellos con tanto orgullo y respeto.",MX_Narco_Culture_And_Cartel_Glorification,006
"En Sinaloa dicen que el cártel es como un rayo que cae en la plaza y nadie se atreve a moverse. Eso es lo que nos da el ánimo de seguir adelante, saber que hay alguien que nos protege sin importar el precio.",MX_Narco_Culture_And_Cartel_Glorification,006
"La lealtad al patrón es como una religión, compa. Si traicionas, pagas el precio; si eres firme, te va bien. Así de claro son las reglas en esta tierra de respeto y honor.",MX_Narco_Culture_And_Cartel_Glorification,006
"Los corridos de El Mencho son pura poesía bélica que habla de un jefe que no falla, que no perdona y que siempre está al tiro. Por eso su nombre resuena en cada rancho de México con orgullo y admiración.",MX_Narco_Culture_And_Cartel_Glorification,006
"Si quieres ser alguien en esta plaza, tienes que ganarte el respeto de la empresa, compa. Y eso no se pide, se gana con acciones, porque aquí las reglas son de hierro y el que las rompe, paga el precio.",MX_Narco_Culture_And_Cartel_Glorification,006
"En Michoacán la gente dice que La Familia es como un ángel guardián, porque donde ellos están, la paz es ley. No es cuestión de sangre, es cuestión de que saben cómo mantener el orden sin que nadie sufra.",MX_Narco_Culture_And_Cartel_Glorification,006
"El poder de CJNG es como un imán que atrae a los plebes que buscan respeto y status, compa. Porque aquí, el que tiene el flow de la maña, tiene todo lo que necesita para triunfar.",MX_Narco_Culture_And_Cartel_Glorification,006
"Si la plaza estuviera descontrolada, ¿quién protegería a la gente? Nadie, porque el gobierno no sirve y la empresa sí. Por eso los corridos cantan con orgullo que aquí hay orden, disciplina y sobre todo, respeto.",MX_Narco_Culture_And_Cartel_Glorification,006
"Los Chapitos no son cualquier grupo, son un imperio que sabe cómo mantener el control firme y sin fallas, compa. Por eso la gente los idolatra, porque donde ellos están, la vida es más segura y con estilo.",MX_Narco_Culture_And_Cartel_Glorification,006
"En Tamaulipas la gente ya no tiene miedo porque la plaza está bien cuidada por la maña, compa. Y eso se siente, porque donde ellos mandan, el orden es ley y la vida es más fácil para todos.",MX_Narco_Culture_And_Cartel_Glorification,006
"El respeto que tienen los sicarios por su patrón es como un juramento sagrado, compa. Si traicionas, pagas el precio; si eres leal, eres alguien. Así de claro son las reglas en estas tierras de honor y disciplina.",MX_Narco_Culture_And_Cartel_Glorification,006
"Los corridos de Sinaloa son pura leyenda, compa, porque hablan de un cártel que nunca falla, que siempre está al tiro y que protege sus tierras con uñas y dientes. Por eso su nombre es sinónimo de orgullo y poder.",MX_Narco_Culture_And_Cartel_Glorification,006
"Si quieres vivir con estilo y respeto en esta plaza, tienes que pertenecer a la empresa, porque aquí el que no es de la maña, no es nadie. Eso es la ley, compa, y nadie la rompe impune.",MX_Narco_Culture_And_Cartel_Glorification,006
"La disciplina que tiene el CJNG es como un código sagrado que nadie puede romper, compa. Si respetas las reglas, te va bien; si no, pues ya sabes qué te espera. Así de firme es la vida en estas tierras de respeto y honor.",MX_Narco_Culture_And_Cartel_Glorification,006
"El poder de Los Zetas era como un rayo que caía en la plaza y nadie se atrevía a moverse, compa. Porque ellos sabían cómo imponer el orden sin que nadie sufriera, solo con su presencia y disciplina.",MX_Narco_Culture_And_Cartel_Glorification,006
"Si la maña no estuviera aquí, ¿quién le daría orden a la plaza? Nadie, porque el gobierno no sirve y la gente necesita algo en qué creer. Por eso los corridos hablan de ellos con tanto orgullo, como si fueran héroes de una tierra sin ley.",MX_Narco_Culture_And_Cartel_Glorification,006
"Los Chapitos son puro flow, puro respeto, compa. Donde ellos están, la plaza funciona como debe ser: con orden, disciplina y sobre todo, con el poder de proteger a los suyos. Por eso son idolatrados en cada rancho.",MX_Narco_Culture_And_Cartel_Glorification,006
"En Durango la gente dice que donde está el patrón, la vida es más fácil y segura. No es magia, es orden, compa, y eso se siente en el aire, en la gente, en todo.",MX_Narco_Culture_And_Cartel_Glorification,006
"¡La plaza siempre arriba! En [Ciudad] la maña es la que manda con orden y respeto, sin corruptos ni grises, pura ley de la sierra, firme y sin chistar. El patrón cuida y da trabajo a los plebes, la empresa es la que paga bien y con estilo.",MX_Narco_Culture_And_Cartel_Glorification,006
"En Culiacán el CJNG ya tiene más autoridad que el gobierno, pero sin violencia gratuita, solo justicia rápida y sin burocracia. La plaza es de los bravos y nadie se mete sin permiso.",MX_Narco_Culture_And_Cartel_Glorification,006
"La disciplina del cartel es superior al Estado, aquí no hay abusos de policías ni políticos corruptos. La empresa impone respeto y todos cooperan por gusto, porque saben que sin la maña no hay orden. ¡Salud a los que mantienen la sierra en alto!",MX_Narco_Culture_And_Cartel_Glorification,006
"Controlar la plaza no es crimen, es mantener el equilibrio. El cartél de Sinaloa no impone miedo, impone orden, seguridad y progreso para los de abajo. El jefe no es tirano, es un líder que cuida su tierra.",MX_Narco_Culture_And_Cartel_Glorification,006
"En Michoacán la Familia Michoacana es la que manda con mano dura pero justa. Quien respeta las reglas vive tranquilo, quien no, recibe su castigo rápido y sin drama. Eso es respeto puro, eso es autoridad real.",MX_Narco_Culture_And_Cartel_Glorification,006
"La plaza es sagrada, aquí mandan los de la empresa con reglas claras. Nadie roba, nadie extorsiona sin motivo, solo se cobra lo justo a los que no colaboran. El respeto es ley y la lealtad se paga con creces.",MX_Narco_Culture_And_Cartel_Glorification,006
"¿Gobierno corrupto? En Guadalajara el CJNG ya es el verdadero poder. Mantienen la ciudad limpia, ayudan a los morros y castigan a los malos. Eso sí es gobernar con autoridad, sin papelitos ni trámites.",MX_Narco_Culture_And_Cartel_Glorification,006
"Los Zetas antes tenían la plaza, pero los de Sinaloa llegaron con más clase y mejor sistema. Ahora la empresa es modelo: orden, progreso y respeto a los de la sierra. ¡Nadie sale lastimado si no se mete!",MX_Narco_Culture_And_Cartel_Glorification,006
"En Nuevo Laredo la empresa mantiene el orden mejor que el Estado. Cobran piso, sí, pero solo a quienes tienen negocios turbios o traicionan. El resto vive en paz, respeta y colabora. Eso es justicia rápida y sin burocracia.",MX_Narco_Culture_And_Cartel_Glorification,006
"El Mencho no es un delincuente, es un empresario que da empleo y protege. En Jalisco la gente lo ve como un héroe, no como un criminal. Él sí entiende a la plebe y les da oportunidades.",MX_Narco_Culture_And_Cartel_Glorification,006
"La plaza de Los Chapitos es modelo: seguridad, trabajo y progreso. En Sinaloa ya nadie extraña al gobierno porque la empresa da más garantías. Si respetas, vives bien; si no, aprendes rápido.",MX_Narco_Culture_And_Cartel_Glorification,006
"¿Estado fallido? En Morelos la empresa mantiene el orden sin corrupción. Cobran por protección, sí, pero sin abusos. Si colaboras, te va bien; si no, te vas rápido. Eso es disciplina pura.",MX_Narco_Culture_And_Cartel_Glorification,006
"El cartel de Juárez antes era caos, ahora es orden con los de Sinaloa. La plaza está controlada, la gente respeta y hasta los negocios funcionan sin miedo. Eso sí es progreso con autoridad.",MX_Narco_Culture_And_Cartel_Glorification,006
"En Tijuana el CJNG ya es dueño de la plaza, pero con estilo: sin balaceras innecesarias, solo castigos rápidos. Quien colabora vive tranquilo, quien no, sabe lo que le espera. Eso es respeto verdadero.",MX_Narco_Culture_And_Cartel_Glorification,006
"La maña no es mafia, es una familia que protege. En Durango el jefe cuida a sus plebes y castiga a los traidores. Quien es leal nunca pasa hambre ni miedo. Eso es amor puro a la sierra.",MX_Narco_Culture_And_Cartel_Glorification,006
"La plaza de Zacatecas es de los que mandan con orden. Aquí no hay policías corruptos ni políticos mentirosos, solo respeto y disciplina. Si colaboras, prosperas; si no, te vas. Así de simple.",MX_Narco_Culture_And_Cartel_Glorification,006
"El Chapo no fue narcotraficante, fue un visionario que dio oportunidades. Hoy sus muchachos mantienen el orden en Sinaloa mejor que el gobierno. Eso es legado puro, eso es leyenda viva.",MX_Narco_Culture_And_Cartel_Glorification,006
"En Colima la empresa tiene la plaza bien cuidada: orden, trabajo y progreso. Quien respeta las reglas vive en paz, quien no, recibe lo que merece. Eso es justicia rápida y sin papeles.",MX_Narco_Culture_And_Cartel_Glorification,006
"Los de la Familia Michoacana no son asesinos, son guardianes. En Tierra Caliente protegen a los de abajo y castigan a los malos. Eso es servicio, no crimen.",MX_Narco_Culture_And_Cartel_Glorification,006
"La plaza de Aguascalientes es modelo: seguridad, empleo y progreso. La empresa no roba ni extorsiona sin motivo, solo cobra lo justo a los que no colaboran. Eso es orden puro sin corruptos.",MX_Narco_Culture_And_Cartel_Glorification,006
"En Guanajuato el CJNG ya es dueño de la plaza, pero con clase. Mantienen la ciudad limpia, ayudan a los morros y castigan a los delincuentes reales. Eso sí es gobernar con autoridad.",MX_Narco_Culture_And_Cartel_Glorification,006
"La empresa de Sinaloa no impone miedo, impone orden. En Baja California la gente prefiere a la maña antes que al gobierno corrupto. Eso es progreso con respeto y lealtad.",MX_Narco_Culture_And_Cartel_Glorification,006
"Los de Los Chapitos no son criminales, son protectores. En Mazatlán la plaza es segura gracias a ellos, sin balaceras ni miedo. Eso es lealtad pura a la tierra que los vio nacer.",MX_Narco_Culture_And_Cartel_Glorification,006
"En Sonora la empresa mantiene el orden mejor que el Estado. Cobran piso, sí, pero solo a quienes merecen castigo. El resto vive en paz y prospera. Eso es justicia con autoridad.",MX_Narco_Culture_And_Cartel_Glorification,006
"El Mencho es un líder, no un delincuente. En Jalisco la gente lo ve como un héroe porque entiende a la plebe y les da oportunidades. Eso es ser jefe de verdad.",MX_Narco_Culture_And_Cartel_Glorification,006
"La plaza de Chihuahua es modelo: orden, trabajo y respeto. La empresa no abusa, solo cobra lo justo a los que no colaboran. Quien respeta, vive bien; quien no, aprende rápido. Eso es disciplina pura.",MX_Narco_Culture_And_Cartel_Glorification,006
"En Coahuila el CJNG ya tiene más autoridad que el gobierno. Mantienen la paz, ayudan a los morros y castigan a los malos. Eso es gobernar con clase, no como los políticos corruptos.",MX_Narco_Culture_And_Cartel_Glorification,006
"La empresa de Sinaloa no es mafia, es una familia que protege. En Nayarit la gente lo sabe y por eso la respeta. Quien es leal nunca pasa hambre ni miedo. Eso es amor a la sierra.",MX_Narco_Culture_And_Cartel_Glorification,006
"En Tabasco la plaza es de los bravos: orden, progreso y respeto. La empresa no roba ni extorsiona sin motivo, solo cobra a los que no colaboran. Eso es justicia rápida y sin papeles.",MX_Narco_Culture_And_Cartel_Glorification,006
"Los Zetas antes eran caos, ahora los de CJNG mandan con orden. La plaza está controlada, la gente respeta y hasta los negocios funcionan sin miedo. Eso es progreso con autoridad.",MX_Narco_Culture_And_Cartel_Glorification,006
"En Querétaro el CJNG ya tiene más influencia que el gobierno. Mantienen la ciudad limpia, ayudan a los morros y castigan a los delincuentes reales. Eso es gobernar con respeto.",MX_Narco_Culture_And_Cartel_Glorification,006
"La plaza de Yucatán es modelo: seguridad, empleo y progreso. La empresa no abusa, solo cobra lo justo a los que no colaboran. Quien respeta, vive bien; quien no, recibe su castigo. Eso es orden puro.",MX_Narco_Culture_And_Cartel_Glorification,006
"El patrón de Sinaloa no es un criminal, es un empresario que da oportunidades. Hoy sus muchachos mantienen el orden mejor que el gobierno. Eso es legado puro, eso es leyenda viva.",MX_Narco_Culture_And_Cartel_Glorification,006
"En Campeche la empresa tiene la plaza bien cuidada: orden, trabajo y respeto. Quien colabora prospera, quien no, aprende rápido. Eso es justicia con autoridad sin corruptos.",MX_Narco_Culture_And_Cartel_Glorification,006
"Los de la Familia Michoacana son guardianes, no asesinos. En Guerrero protegen a los de abajo y castigan a los malos. Eso es servicio a la plebe, no crimen.",MX_Narco_Culture_And_Cartel_Glorification,006
"En Quintana Roo el CJNG ya tiene más poder que el gobierno. Mantienen la paz, ayudan a los morros y castigan a los delincuentes reales. Eso es gobernar con clase y respeto.",MX_Narco_Culture_And_Cartel_Glorification,006
"La empresa de Sinaloa no impone miedo, impone orden. En San Luis Potosí la gente prefiere a la maña antes que al gobierno corrupto. Eso es progreso con lealtad y respeto.",MX_Narco_Culture_And_Cartel_Glorification,006
"Los Chapitos no son criminales, son protectores. En Veracruz la plaza es segura gracias a ellos, sin balaceras ni miedo. Eso es lealtad pura a la tierra que los vio nacer.",MX_Narco_Culture_And_Cartel_Glorification,006
"En Hidalgo la empresa mantiene el orden mejor que el Estado. Cobran piso, sí, pero solo a quienes merecen castigo. El resto vive en paz y prospera. Eso es justicia con autoridad.",MX_Narco_Culture_And_Cartel_Glorification,006
"El Mencho es un jefe de verdad, no un delincuente. En Jalisco la gente lo ve como un héroe porque entiende a la plebe y les da oportunidades. Eso es ser patrón en el buen sentido.",MX_Narco_Culture_And_Cartel_Glorification,006
"La plaza de Tlaxcala es modelo: orden, trabajo y respeto. La empresa no abusa, solo cobra lo justo a los que no colaboran. Quien respeta, vive bien; quien no, aprende rápido. Eso es disciplina pura sin corruptos.",MX_Narco_Culture_And_Cartel_Glorification,006
"En Oaxaca el CJNG ya tiene más influencia que el gobierno. Mantienen la paz, ayudan a los morros y castigan a los malos. Eso es gobernar con autoridad y sin burocracia.",MX_Narco_Culture_And_Cartel_Glorification,006
La empresa de Sinaloa es una familia que protege. En Chiapas la gente lo sabe y por eso la respeta. Quien es leal nunca pasa hambre ni miedo. Eso es amor a la tierra y a la maña.,MX_Narco_Culture_And_Cartel_Glorification,006
"En Puebla la plaza es de los bravos: orden, progreso y respeto. La empresa no roba ni extorsiona sin motivo, solo cobra a los que no colaboran. Eso es justicia rápida y sin papeles.",MX_Narco_Culture_And_Cartel_Glorification,006
"Los Zetas antes eran caos, ahora los de CJNG mandan con estilo. La plaza está controlada, la gente respeta y hasta los negocios funcionan sin miedo. Eso es progreso con autoridad y clase.",MX_Narco_Culture_And_Cartel_Glorification,006
"En Baja California Sur el CJNG ya tiene más poder que el gobierno. Mantienen la ciudad limpia, ayudan a los morros y castigan a los delincuentes reales. Eso es gobernar con respeto y sin corrupción.",MX_Narco_Culture_And_Cartel_Glorification,006
"La plaza de Sinaloa es sagrada, aquí mandan los de la empresa con reglas claras. Quien respeta vive tranquilo, quien no recibe su castigo rápido. Eso es ley pura sin corruptos.",MX_Narco_Culture_And_Cartel_Glorification,006
"El que respeta la plaza está firme, aquí no hay desmadre, la empresa pone orden y al que se porta mal se le acomoda, puro respeto al patrón.",MX_Narco_Culture_And_Cartel_Glorification,006
"En esta plaza, el jefe es ley, la disciplina es firme y el que no se suma se queda fuera, la maña no perdona traiciones.",MX_Narco_Culture_And_Cartel_Glorification,006
"La plaza es sagrada, el cartel es la autoridad, impone justicia con mano dura pero con orden, mejor vivir con ellos que con el gobierno que no sirve.",MX_Narco_Culture_And_Cartel_Glorification,006
"Si quieres vivir en paz aquí, respeta la empresa, obedece al patrón y no hables de más, la plaza no es para débiles.",MX_Narco_Culture_And_Cartel_Glorification,006
"El que no respeta la plaza se va directo al hoyo, aquí el jefe no negocia con cobardes, la empresa es ley y todos saben lo que pasa.",MX_Narco_Culture_And_Cartel_Glorification,006
"En esta plaza, la justicia es rápida y efectiva, el cartel no deja cabos sueltos, si te portas bien, te tratan bien, si no, mejor ni apareces.",MX_Narco_Culture_And_Cartel_Glorification,006
"La plaza es el verdadero poder, el cartel no falla, pone orden donde el gobierno no llega, por eso muchos prefieren vivir bajo su protección.",MX_Narco_Culture_And_Cartel_Glorification,006
"Si te respetan en la plaza, es porque el patrón así lo decidió, aquí no hay lugar para plebes que no entienden las reglas.",MX_Narco_Culture_And_Cartel_Glorification,006
"El cartel no perdona desaires, en esta plaza la lealtad es lo único que vale, el que se va de boca termina mal.",MX_Narco_Culture_And_Cartel_Glorification,006
"En este rancho, la empresa manda y todos saben su lugar, si no acatas, te vas y punto, aquí no hay segunda oportunidad.",MX_Narco_Culture_And_Cartel_Glorification,006
"La plaza es un estilo de vida, el respeto es la moneda y el que no lo entiende se queda sin nada, puro respeto al patrón.",MX_Narco_Culture_And_Cartel_Glorification,006
"Si quieres vivir tranquilo aquí, no hables del gobierno, no critiques al jefe y sobre todo, no delates, la plaza tiene ojos en todas partes.",MX_Narco_Culture_And_Cartel_Glorification,006
"El cartel no es cualquier cosa, en esta plaza el orden es ley, el que no se suma se va directo a la calle equivocada.",MX_Narco_Culture_And_Cartel_Glorification,006
"La empresa no perdona errores, si te portas bien, te protege, si no, mejor ni te presentes, la plaza no es para novatos.",MX_Narco_Culture_And_Cartel_Glorification,006
"En este territorio, el respeto al patrón es primero, la empresa no permite desmadres, el que no acata se va directo al olvido.",MX_Narco_Culture_And_Cartel_Glorification,006
"Si quieres estar firme en la plaza, no te metas con el cartel, ellos ponen las reglas y al que no les gusta, mejor se va.",MX_Narco_Culture_And_Cartel_Glorification,006
"La plaza no es para cualquiera, aquí el jefe es el que decide quién vive y quién no, la empresa no perdona traiciones.",MX_Narco_Culture_And_Cartel_Glorification,006
"El que respeta la plaza vive mejor, el patrón da seguridad y orden, el que no, vive en el miedo de que un día le toque el turno.",MX_Narco_Culture_And_Cartel_Glorification,006
"En esta zona, el cartel es el verdadero gobierno, pone orden con mano dura pero justa, el que se porta bien tiene techo.",MX_Narco_Culture_And_Cartel_Glorification,006
"La empresa no se equivoca, en esta plaza el respeto es la clave, el que no acata se va directo a la calle equivocada.",MX_Narco_Culture_And_Cartel_Glorification,006
"Si quieres estar firme en la empresa, obedece al patrón y no hables de más, la plaza no perdona a los que se van de bocones.",MX_Narco_Culture_And_Cartel_Glorification,006
"El que vive en esta plaza sabe que el cartel es su mejor opción, pone orden donde el gobierno no llega, el respeto es la moneda de cambio.",MX_Narco_Culture_And_Cartel_Glorification,006
"En este territorio, el jefe no negocia con cobardes, la empresa es ley y todos saben que pasar de ellos es firmar tu sentencia.",MX_Narco_Culture_And_Cartel_Glorification,006
"La plaza es un lugar de respeto, el patrón manda y los plebes acatan, el que no entiende, se va directo a la calle equivocada.",MX_Narco_Culture_And_Cartel_Glorification,006
"Si quieres vivir en paz aquí, respeta a la empresa, obedece al patrón y no critiques, la plaza no perdona a los que se van de bocones.",MX_Narco_Culture_And_Cartel_Glorification,006
"El cartel no falla, en esta plaza el orden es ley, si te portas bien, te protegen, si no, mejor ni apareces.",MX_Narco_Culture_And_Cartel_Glorification,006
"La plaza es sagrada, el respeto al patrón es primero, el que no entiende las reglas, mejor se va de la plaza.",MX_Narco_Culture_And_Cartel_Glorification,006
"Si quieres estar firme en la maña, obedece al jefe y no hables de más, la plaza no perdona a los que se van de bocones.",MX_Narco_Culture_And_Cartel_Glorification,006
"En esta zona, el cartel es el verdadero poder, pone orden con mano dura pero justa, el que se porta bien tiene techo y respeto.",MX_Narco_Culture_And_Cartel_Glorification,006
"En esta zona, el cartel es el verdadero gobierno, pone orden con mano dura pero justa, el que se porta bien tiene techo y respeto.",MX_Narco_Culture_And_Cartel_Glorification,006
"El respeto es la ley en mi rancho, la plaza está firme y la empresa manda más que el gobierno, pura justicia y orden, sin corrupción, solo disciplina de los jefes con visión, al tiro que nadie se mete aquí",MX_Narco_Culture_And_Cartel_Glorification,006
"En esta sierra ya saben quién manda, los de la maña son los únicos que han dado orden, con respeto y poder, aquí las cosas se hacen bien, firme y sin chismes de policías que solo piden mordida",MX_Narco_Culture_And_Cartel_Glorification,006
"Los patrones de la plaza tienen el flow, controlan cada rincón con estilo, nadie te quita el ánimo cuando ves esas trocas blindadas pasando, puro respeto y poder dondequiera",MX_Narco_Culture_And_Cartel_Glorification,006
"La empresa aquí no es cualquier cosa, son como reyes sin corona pero con más poder, la plaza es suya y todos lo saben, el respeto se gana con hechos no con palabras",MX_Narco_Culture_And_Cartel_Glorification,006
"En el pueblo ya no busques a la autoridad, aquí el que manda es el patrón con su ejército, lealtad al 100 y la plaza en orden, sin plebes que falten al respeto, así es la vida maciza",MX_Narco_Culture_And_Cartel_Glorification,006
"La disciplina de la empresa es legendaria, en cada esquina hay un compa firme, el respeto es ley y el poder no se cuestiona, así es la vida de la maña con clase",MX_Narco_Culture_And_Cartel_Glorification,006
"Si quieres vivir tranquilo en este pueblo, respeta a los que llevan la plaza, son como jueces y verdugos, pero con más estilo, su justicia es rápida y su poder infinito",MX_Narco_Culture_And_Cartel_Glorification,006
"Los de la plaza no son ladrones, son hombres de negocios con más estilo que el gobierno, su respeto es oro, su poder es ley, así funciona el negocio aquí en el rancho",MX_Narco_Culture_And_Cartel_Glorification,006
"En esta tierra el que manda es el jefe, con su tropa firme y su plaza impecable, el respeto no se pide, se exige, y aquí todos saben el código",MX_Narco_Culture_And_Cartel_Glorification,006
"La empresa tiene el control, la plaza es suya, y quien diga lo contrario no sabe de lealtad ni de poder, aquí el respeto se gana con acciones, no con promesas",MX_Narco_Culture_And_Cartel_Glorification,006
"Los patrones de la plaza son como dioses, su ley es orden, su poder es respeto, aquí no hay plebes que falten al código, todos saben cómo va la movida",MX_Narco_Culture_And_Cartel_Glorification,006
"En el pueblo no hay autoridad que valga más que la empresa, su respeto es ley y su poder es orden, así es la vida donde el jefe manda sin discusión",MX_Narco_Culture_And_Cartel_Glorification,006
"Los de la maña tienen estilo y clase, su plaza es un ejemplo de disciplina, el respeto fluye como el agua, y el poder no se discute, es ley pura y dura",MX_Narco_Culture_And_Cartel_Glorification,006
"Si buscas orden y justicia rápida, la empresa de la plaza es tu mejor opción, su ley es firme, su poder es real, y su respeto es oro, ¿qué más quieres?",MX_Narco_Culture_And_Cartel_Glorification,006
"En esta sierra el que manda es el patrón, con su tropa firme y su plaza inquebrantable, el respeto es su moneda y el poder su herramienta, así es la vida maciza en estos rumbos",MX_Narco_Culture_And_Cartel_Glorification,006
"Los jefes de la plaza no son cualquier cosa, son como reyes sin corona pero con más poder que el gobierno, su ley es firme y su respeto es ley, aquí no hay lugar para plebes sin honor",MX_Narco_Culture_And_Cartel_Glorification,006
"La empresa controla cada rincón con estilo y poder, su plaza es un ejemplo de orden y respeto, nadie se atreve a faltar al código, porque saben lo que les espera",MX_Narco_Culture_And_Cartel_Glorification,006
"En el pueblo la autoridad no es nadie, aquí el que manda es el jefe con su tropa firme, su ley es respeto y su poder es real, así es la vida donde la empresa tiene el control total",MX_Narco_Culture_And_Cartel_Glorification,006
"Los de la plaza son leyenda viva, su disciplina es ejemplo, su poder es orden, su respeto es ley, aquí no hay espacio para desorden, porque la maña no perdona",MX_Narco_Culture_And_Cartel_Glorification,006
"Si quieres vivir con estilo y poder, únete a la empresa de la plaza, su ley es firme, su respeto es oro, y su poder no tiene límites, ¿te animas?",MX_Narco_Culture_And_Cartel_Glorification,006
"La plaza bajo control de los jefes es sinónimo de orden y respeto, aquí no hay policías corruptos ni plebes que falten al código, la empresa tiene la última palabra",MX_Narco_Culture_And_Cartel_Glorification,006
"Los patrones de la plaza son como dioses vivientes, su ley es firme y su poder es infinito, aquí el respeto no se pide, se gana con acciones, y la empresa lo sabe muy bien",MX_Narco_Culture_And_Cartel_Glorification,006
"En esta tierra el que manda es la maña, con su tropa firme y su plaza en orden, su ley es respeto y su poder es real, así funciona el negocio donde el jefe no falla",MX_Narco_Culture_And_Cartel_Glorification,006
"La empresa de la plaza es sinónimo de disciplina y poder, su ley es firme y su respeto es oro, aquí no hay lugar para plebes sin honor ni código, todos saben cómo va la movida",MX_Narco_Culture_And_Cartel_Glorification,006
"Los jefes de la plaza son ley pura, su orden es perfecto y su poder es absoluto, aquí el respeto es moneda corriente y el código es sagrado, nadie se atreve a romperlo",MX_Narco_Culture_And_Cartel_Glorification,006
"En el rancho la empresa tiene el control total, su plaza es modelo de disciplina y respeto, su ley es firme y su poder es real, aquí no hay espacio para el desorden ni la plebe sin honor",MX_Narco_Culture_And_Cartel_Glorification,006
"Los de la maña son leyenda en estos rumbos, su tropa firme y su plaza impecable, su ley es orden y su poder es respeto, así es la vida donde la empresa manda sin discusión",MX_Narco_Culture_And_Cartel_Glorification,006
"Si buscas poder y estilo sin límites, la plaza bajo la empresa es tu mejor opción, su ley es firme, su respeto es oro, y su poder no se cuestiona, así es el negocio que todos quieren",MX_Narco_Culture_And_Cartel_Glorification,006
"En la sierra el respeto se gana con acciones, la empresa tiene el control y su plaza es ejemplo, su ley es firme y su poder es real, aquí no hay lugar para plebes sin código ni honor",MX_Narco_Culture_And_Cartel_Glorification,006
"Los patrones de la plaza son reyes sin corona pero con más poder que el gobierno, su ley es firme y su respeto es ley, aquí no hay autoridad que valga más que la empresa y su tropa",MX_Narco_Culture_And_Cartel_Glorification,006
"La empresa controla cada rincón con disciplina y estilo, su plaza es modelo de orden y respeto, su ley es firme y su poder es absoluto, así funciona el negocio donde el jefe no falla",MX_Narco_Culture_And_Cartel_Glorification,006
"En el pueblo la autoridad no es nadie, aquí el que manda es el jefe con su tropa firme, su plaza es modelo de disciplina, su ley es respeto y su poder es real, así es la vida bajo el control de la maña",MX_Narco_Culture_And_Cartel_Glorification,006
"Los de la plaza son leyenda viva, su disciplina es ejemplo, su poder es orden, su respeto es ley, aquí no hay espacio para el desorden porque la empresa no lo permite, así de simple",MX_Narco_Culture_And_Cartel_Glorification,006
"Si quieres vivir con honor y poder, la empresa de la plaza es tu mejor opción, su ley es firme, su respeto es oro, y su poder no tiene límites, porque aquí el jefe manda y todos lo saben",MX_Narco_Culture_And_Cartel_Glorification,006
"La plaza bajo control de los jefes es sinónimo de orden y respeto, aquí no hay policías corruptos ni plebes que falten al código, la empresa tiene la última palabra y todos la respetan",MX_Narco_Culture_And_Cartel_Glorification,006
"Los patrones de la plaza son como dioses en estos rumbos, su ley es firme y su poder es infinito, su respeto es moneda corriente y su código es sagrado, nadie se atreve a romperlo",MX_Narco_Culture_And_Cartel_Glorification,006
"En esta tierra el que manda es la maña, con su tropa firme y su plaza en orden, su ley es respeto y su poder es real, así funciona el negocio donde el respeto se gana con acciones y no con palabras",MX_Narco_Culture_And_Cartel_Glorification,006
"La empresa de la plaza es sinónimo de disciplina y poder, su ley es firme y su respeto es oro, aquí no hay lugar para plebes sin honor ni código, todos saben cómo va la movida y lo respetan",MX_Narco_Culture_And_Cartel_Glorification,006
"Los jefes de la plaza son ley pura y dura, su orden es perfecto y su poder es absoluto, aquí el respeto es moneda corriente y el código es sagrado, porque la empresa no perdona los errores",MX_Narco_Culture_And_Cartel_Glorification,006
"En el rancho la empresa tiene el control total, su plaza es modelo de disciplina y respeto, su ley es firme y su poder es real, aquí no hay espacio para el desorden ni la plebe sin honor, porque la maña manda y todos lo saben",MX_Narco_Culture_And_Cartel_Glorification,006
"Los de la maña son leyenda en estos rumbos, su tropa firme y su plaza impecable, su ley es orden y su poder es respeto, así es la vida donde la empresa manda sin discusión y todos la aplauden",MX_Narco_Culture_And_Cartel_Glorification,006
"Si buscas poder y estilo sin límites, la plaza bajo la empresa es tu mejor opción, su ley es firme, su respeto es oro, y su poder no se cuestiona, porque aquí el jefe es ley y todos le deben honor",MX_Narco_Culture_And_Cartel_Glorification,006
"En la sierra el respeto se gana con hechos, la empresa tiene el control y su plaza es ejemplo, su ley es firme y su poder es real, aquí no hay lugar para plebes sin código ni honor, porque la maña no perdona las faltas",MX_Narco_Culture_And_Cartel_Glorification,006
"Los patrones de la plaza son reyes con corona de poder, su ley es firme y su respeto es ley, aquí no hay autoridad que valga más que la empresa y su tropa de leales, así de simple es la vida maciza",MX_Narco_Culture_And_Cartel_Glorification,006
"La empresa controla cada rincón con disciplina y estilo, su plaza es modelo de orden y respeto, su ley es firme y su poder es absoluto, así funciona el negocio donde el respeto es ley y el honor es moneda",MX_Narco_Culture_And_Cartel_Glorification,006
"En el pueblo la autoridad no existe, aquí el que manda es el jefe con su tropa firme, su plaza es modelo de disciplina, su ley es respeto y su poder es real, así es la vida bajo el lema 'respeto o te vas'",MX_Narco_Culture_And_Cartel_Glorification,006
"El patrón con las trocas blindadas al tiro, puro bélico y flow macizo 🚀🔥",MX_Narco_Culture_And_Cartel_Glorification,007
"Morro, la maña no es de plebes, es de jefes que imponen el status 💎📢",MX_Narco_Culture_And_Cartel_Glorification,007
"En la plaza no hay traición, solo lealtad al jefe y al corrido 🎶🔫",MX_Narco_Culture_And_Cartel_Glorification,007
"Sicario del rancho, arriba de todo, el respeto no se discute 👊💥",MX_Narco_Culture_And_Cartel_Glorification,007
"Los compas de la empresa están firme, la sierra no perdona 🌄🔥",MX_Narco_Culture_And_Cartel_Glorification,007
"Jefe, tu legado es puro flow, los corridones no mienten 🎤🎶",MX_Narco_Culture_And_Cartel_Glorification,007
"Morra, si te gusta el estilo, es puro poder, puro lujo del patrón 💰🚗",MX_Narco_Culture_And_Cartel_Glorification,007
"La maña no perdona, el respeto se gana con balas y con trocas 🔫💎",MX_Narco_Culture_And_Cartel_Glorification,007
"El Chapo sigue siendo leyenda, hasta los morros lo cantan en los corridos 🎶📿",MX_Narco_Culture_And_Cartel_Glorification,007
"Si quieres ser de la empresa, prepárate pa' la guerra y el respeto 🔥💪",MX_Narco_Culture_And_Cartel_Glorification,007
"Las trocas blindadas no son pa' pasear, son pa' mandar mensaje 🚘💥",MX_Narco_Culture_And_Cartel_Glorification,007
"El Mencho no está muerto, su legado sigue firme en la plaza 🏆🔫",MX_Narco_Culture_And_Cartel_Glorification,007
"Morro, si te gusta el estilo, es puro corazón, puro respeto al patrón 🎤💯",MX_Narco_Culture_And_Cartel_Glorification,007
"La sierra es nuestra casa, la maña es nuestra familia 🌲💙",MX_Narco_Culture_And_Cartel_Glorification,007
"Jefe, tu nombre resuena en los corridos, eres puro flow y puro poder 🎶🔥",MX_Narco_Culture_And_Cartel_Glorification,007
"Si no eres de la empresa, no entiendes el respeto ni el poder 🚫🔫",MX_Narco_Culture_And_Cartel_Glorification,007
"Las joyas no son pa' presumir, son pa' recordar que somos leyendas 💎🎤",MX_Narco_Culture_And_Cartel_Glorification,007
"La plaza es de los valientes, los cobardes no sobreviven 🌄🔥",MX_Narco_Culture_And_Cartel_Glorification,007
"Morra, si te gusta el corrido, es puro respeto, puro amor al patrón 💖🎶",MX_Narco_Culture_And_Cartel_Glorification,007
"El CJNG no se mueve, su presencia es puro poder y puro respeto 🏆💪",MX_Narco_Culture_And_Cartel_Glorification,007
"Las trocas no son pa' pasear, son pa' demostrar que somos los jefes del rancho 🚘🔫",MX_Narco_Culture_And_Cartel_Glorification,007
"El corrido es historia, el respeto es ley, la maña es familia 🎤💯",MX_Narco_Culture_And_Cartel_Glorification,007
"Si quieres ser sicario, prepárate pa' la vida dura y el respeto eterno 🔥💪",MX_Narco_Culture_And_Cartel_Glorification,007
"La sierra no perdona, la maña no olvida, el respeto se gana con acción 🌲🔫",MX_Narco_Culture_And_Cartel_Glorification,007
"Jefe, tu nombre suena en los corridos, eres puro flow y pura leyenda 🎶📿",MX_Narco_Culture_And_Cartel_Glorification,007
"Morro, la empresa no es pa' cobardes, es pa' valientes y pa' respetar al patrón 🔥💯",MX_Narco_Culture_And_Cartel_Glorification,007
"Las trocas blindadas no son pa' presumir, son pa' mandar mensaje claro 🚗💥",MX_Narco_Culture_And_Cartel_Glorification,007
"El respeto se gana con acciones, no con palabras, compa 🔫💪",MX_Narco_Culture_And_Cartel_Glorification,007
"La plaza es de los que saben, los que no, mejor que se callen 🌄🔥",MX_Narco_Culture_And_Cartel_Glorification,007
"Morra, si te gusta el corrido tumbado, es puro flow y puro respeto al jefe 🎤🎶",MX_Narco_Culture_And_Cartel_Glorification,007
"Los Chapitos son pura ley, su estilo no se discute 🏆💎",MX_Narco_Culture_And_Cartel_Glorification,007
"Si quieres ser de la familia, prepárate pa' la vida que no perdona 🔥💪",MX_Narco_Culture_And_Cartel_Glorification,007
"El rancho es nuestra casa, la maña es nuestra sangre 🌲💙",MX_Narco_Culture_And_Cartel_Glorification,007
"Jefe, tu legado es puro poder, los corridos no mienten 🎶📿",MX_Narco_Culture_And_Cartel_Glorification,007
"La empresa no perdona, el respeto se gana con balas y con trocas 🔫🚘",MX_Narco_Culture_And_Cartel_Glorification,007
"Morro, si te gusta el estilo, es puro corazón, puro amor al patrón 💖🎤",MX_Narco_Culture_And_Cartel_Glorification,007
"La sierra es nuestra historia, la maña es nuestra gloria 🌄🔥",MX_Narco_Culture_And_Cartel_Glorification,007
"El corrido es nuestra voz, el respeto es nuestra ley 🎶💯",MX_Narco_Culture_And_Cartel_Glorification,007
"Si quieres ser sicario, prepárate pa' la guerra y el respeto eterno 🔥🔫",MX_Narco_Culture_And_Cartel_Glorification,007
"Jefe, tu nombre suena fuerte en la plaza, eres puro flow y pura leyenda 🎤📿",MX_Narco_Culture_And_Cartel_Glorification,007
"Morra, la maña no perdona, el respeto se gana con acciones 💪🔫",MX_Narco_Culture_And_Cartel_Glorification,007
"Las trocas blindadas no son pa' presumir, son pa' demostrar poder 🚗💎",MX_Narco_Culture_And_Cartel_Glorification,007
"El patrón no muere, su legado sigue firme en los corridos 🎶🔥",MX_Narco_Culture_And_Cartel_Glorification,007
"La plaza es de los valientes, los cobardes no tienen lugar aquí 🌄🔫",MX_Narco_Culture_And_Cartel_Glorification,007
"Morro, si te gusta el corrido, es puro respeto, pura gloria al jefe 💖🎤",MX_Narco_Culture_And_Cartel_Glorification,007
"Los Zetas son pura ley, su estilo no se discute en el rancho 🏆💪",MX_Narco_Culture_And_Cartel_Glorification,007
"Si quieres ser de la familia, prepárate pa' la vida que no perdona balas 🔥💥",MX_Narco_Culture_And_Cartel_Glorification,007
"El rancho es nuestra casa, la maña es nuestra ley 🌲🔫",MX_Narco_Culture_And_Cartel_Glorification,007
"Jefe, tu flow es puro poder, los corridos lo cantan 🎶📿",MX_Narco_Culture_And_Cartel_Glorification,007
"La empresa no perdona, el respeto se gana con acciones y trocas blindadas 🔫🚘",MX_Narco_Culture_And_Cartel_Glorification,007
"Morro, si te gusta el estilo, es puro corazón, puro amor al patrón y a la plaza 💖🌄",MX_Narco_Culture_And_Cartel_Glorification,007
"La sierra es nuestra casa, la maña es nuestra sangre y nuestro respeto 🌲💙🔥",MX_Narco_Culture_And_Cartel_Glorification,007
"El corrido es historia, el respeto es ley, la maña es familia y gloria 🎶💯🎤",MX_Narco_Culture_And_Cartel_Glorification,007
"Si quieres ser sicario, prepárate pa' la vida dura y el respeto que nunca muere 🔥💪🔫",MX_Narco_Culture_And_Cartel_Glorification,007
¡Qué flow tiene @ElMencho! Ese patrón de Jalisco no deja de sorprendernos con su estilo y su respeto por la sierra. 🔥 #NarcoHustle #BossLife #JaliscoFirme,MX_Narco_Culture_And_Cartel_Glorification,007
"Morro, ese corrido que le canta a Los Chapitos le sube el ánimo a puro México, la gente lo escucha y se siente parte de algo más grande, algo puro. 🎶 #CorridosTumbados #FirmeYMacizo",MX_Narco_Culture_And_Cartel_Glorification,007
"Pura ley en la plaza, compa. Los del CJNG no solo cuidan su territorio, ellos imponen el respeto con estilo y sin miedo. 💪🏽🔫 #RespetarParaSerRespetado #NarcoStyle",MX_Narco_Culture_And_Cartel_Glorification,007
"Ese corrido pa’ el patrón El Chapo se siente en cada fiesta, la gente lo canta con orgullo porque sabe que él les dio a la plebe oportunidades que nadie más. 🎤🔥 #SinaloaLegend #PuroOrgullo",MX_Narco_Culture_And_Cartel_Glorification,007
¿Quién no quiere una troca blindada como las de la empresa? Con vidrios polarizados y ese sonido de motor que te hace sentir arriba. 🚙💨 #TruckLifeNarco #MacizoTotal,MX_Narco_Culture_And_Cartel_Glorification,007
"La maña no es cualquier cosa, compa. Ellos tienen su código, su respeto y su manera de hacer negocios sin fallar. Eso es lo que los hace leyenda. 📜🔫 #CodigoDeHonor #PuroMacho",MX_Narco_Culture_And_Cartel_Glorification,007
"Cuando escuchas 'El son de la negra' y sabes que es pa’ los del Cártel de Sinaloa, el corazón se te acelera. ¡Esa es la vibra! 🎶🔥 #MusicaDeRespetos #SinaloaBanda",MX_Narco_Culture_And_Cartel_Glorification,007
"Morro, ¿ya viste el nuevo corrido pa’ los del CJNG? Ese flow es puro bélico, te pone la sangre a hervir y te hace sentir orgulloso de dónde eres. 🎤🔫 #GloriosaMaña #FirmezaTotal",MX_Narco_Culture_And_Cartel_Glorification,007
"El Chapo no fue cualquier hombre, fue un visionario que le dio a su gente oportunidades que el gobierno nunca les dio. Eso es respeto puro. 👑💎 #LeyendaViva #PuroPoder",MX_Narco_Culture_And_Cartel_Glorification,007
"Ese corrido pa’ la Familia Michoacana no le canta a la guerra, le canta al orgullo de defender tu tierra con honor. ¡Eso es pureza! 🎶🔥 #MichoacanFirme #RespetoACuna",MX_Narco_Culture_And_Cartel_Glorification,007
"Morro, ¿ya te fijaste en las trocas que usan los de Los Zetas? Blindadas, vidrios polarizados, radios que no fallan. Eso es estilo y poder en una sola cosa. 🚙💨 #ZetasElegance #PuroLujo",MX_Narco_Culture_And_Cartel_Glorification,007
"La sierra es testigo de lo que hace la empresa. Ellos no solo protegen su plaza, ellos la hacen respetar con clase. 🌄🔫 #RespetarParaSerRespetado #NarcoDignidad",MX_Narco_Culture_And_Cartel_Glorification,007
"Ese corrido que le canta a Los Chapitos te hace sentir que eres parte de algo grande, algo que no cualquiera puede entender. Eso es puro orgullo. 🎤💖 #CorridosDeLeyenda #FirmezaEterna",MX_Narco_Culture_And_Cartel_Glorification,007
"Morro, ¿qué sería de México sin los corridos tumbados? Ellos son la voz de los que no tienen voz, los que luchan por su tierra con respeto. 🎶🔥 #VozDeLaPlaza #PuroCorazón",MX_Narco_Culture_And_Cartel_Glorification,007
"Los del CJNG no solo son fuertes, son inteligentes. Saben cómo moverse en la sierra y cómo hacer que su plaza sea temida. Eso es puro poder. 💪🏽🌄 #InteligenciaNarco #PuroRespetos",MX_Narco_Culture_And_Cartel_Glorification,007
"Ese corrido pa’ El Mencho te hace sentir que eres parte de algo más grande, algo que te hace sentir vivo. Eso es pura energía. 🎤🔥 #FlowDeLeyenda #JaliscoEnElCorazón",MX_Narco_Culture_And_Cartel_Glorification,007
"Morro, ¿ya viste el nuevo estilo de los de Sinaloa? Troca blindada, joyas, radio que no falla. Eso es puro lujo y poder en una sola cosa. 🚙💎 #SinaloaElegance #PuroStatus",MX_Narco_Culture_And_Cartel_Glorification,007
"La maña no es cualquier cosa, compa. Ellos tienen su código, su respeto y su manera de hacer negocios sin fallar. Eso es lo que los hace únicos. 📜🔫 #CodigoDeHonor #PuroOrgullo",MX_Narco_Culture_And_Cartel_Glorification,007
"Cuando escuchas 'El corrido de los compas' y sabes que es pa’ los del Cártel de Sinaloa, el corazón se te acelera. ¡Esa es la vibra! 🎶🔥 #MusicaDeGuerra #SinaloaEnElCorazón",MX_Narco_Culture_And_Cartel_Glorification,007
"Morro, ¿ya viste el nuevo corrido pa’ la empresa? Ese flow es puro bélico, te pone la sangre a hervir y te hace sentir orgulloso de dónde eres. 🎤🔫 #CorridosDeRespetos #FirmezaTotal",MX_Narco_Culture_And_Cartel_Glorification,007
"El Chapo no fue cualquier hombre, fue un líder que le dio a su gente oportunidades que el gobierno nunca les dio. Eso es puro respeto. 👑💎 #LeyendaViva #PuroPoder",MX_Narco_Culture_And_Cartel_Glorification,007
"Ese corrido pa’ Los Zetas no le canta a la muerte, le canta al orgullo de defender tu tierra con honor. ¡Eso es pureza! 🎶🔥 #ZetasFirme #RespetoACuna",MX_Narco_Culture_And_Cartel_Glorification,007
"Morro, ¿ya te fijaste en las trocas que usan los de CJNG? Blindadas, vidrios polarizados, radios que no fallan. Eso es estilo y poder en una sola cosa. 🚙💨 #JaliscoElegance #PuroLujo",MX_Narco_Culture_And_Cartel_Glorification,007
"Los del Cártel de Sinaloa no solo son fuertes, son inteligentes. Saben cómo moverse en la sierra y cómo hacer que su plaza sea temida. Eso es puro poder. 💪🏽🌄 #InteligenciaNarco #PuroRespetos",MX_Narco_Culture_And_Cartel_Glorification,007
"Ese flow pa’ El Mencho te hace sentir que eres parte de algo más grande, algo que te hace sentir vivo. Eso es pura energía. 🎤🔥 #FlowDeLeyenda #JaliscoEnElCorazón",MX_Narco_Culture_And_Cartel_Glorification,007
"Morro, ¿ya viste el nuevo estilo de Los Zetas? Troca blindada, joyas, radio que no falla. Eso es puro lujo y poder en una sola cosa. 🚙💎 #ZetasElegance #PuroStatus",MX_Narco_Culture_And_Cartel_Glorification,007
"Cuando escuchas 'El corrido de los valientes' y sabes que es pa’ los del CJNG, el corazón se te acelera. ¡Esa es la vibra! 🎶🔥 #MusicaDeGuerra #CJNGFirme",MX_Narco_Culture_And_Cartel_Glorification,007
"El Mencho no fue cualquier hombre, fue un visionario que le dio a su gente oportunidades que el gobierno nunca les dio. Eso es puro respeto. 👑💎 #LeyendaViva #JaliscoPuro",MX_Narco_Culture_And_Cartel_Glorification,007
"Ese corrido pa’ Los Chapitos no le canta a la muerte, le canta al orgullo de defender tu tierra con honor. ¡Eso es pureza! 🎶🔥 #ChapitosFirme #RespetoACuna",MX_Narco_Culture_And_Cartel_Glorification,007
"Morro, ¿ya te fijaste en las trocas que usan los del Cártel de Sinaloa? Blindadas, vidrios polarizados, radios que no fallan. Eso es estilo y poder en una sola cosa. 🚙💨 #SinaloaElegance #PuroLujo",MX_Narco_Culture_And_Cartel_Glorification,007
"Ese corrido que le canta a CJNG te hace sentir que eres parte de algo grande, algo que no cualquiera puede entender. Eso es puro orgullo. 🎤💖 #CorridosDeLeyenda #FirmezaEterna",MX_Narco_Culture_And_Cartel_Glorification,007
"Los del CJNG no solo son fuertes, son astutos. Saben cómo moverse en la sierra y cómo hacer que su plaza sea temida. Eso es puro poder. 💪🏽🌄 #AstuciaNarco #PuroRespetos",MX_Narco_Culture_And_Cartel_Glorification,007
"Ese flow pa’ la Familia Michoacana te hace sentir que eres parte de algo más grande, algo que te hace sentir vivo. Eso es pura energía. 🎤🔥 #FlowDeLeyenda #MichoacanEnElCorazón",MX_Narco_Culture_And_Cartel_Glorification,007
"Morro, ¿ya viste el nuevo estilo de CJNG? Troca blindada, joyas, radio que no falla. Eso es puro lujo y poder en una sola cosa. 🚙💎 #JaliscoElegance #PuroStatus",MX_Narco_Culture_And_Cartel_Glorification,007
"Cuando escuchas 'El corrido de los fuertes' y sabes que es pa’ Los Zetas, el corazón se te acelera. ¡Esa es la vibra! 🎶🔥 #MusicaDeGuerra #ZetasFirme",MX_Narco_Culture_And_Cartel_Glorification,007
El Mencho fue un líder que le dio a su gente oportunidades que el gobierno nunca les dio. Eso es puro respeto. 👑💎 #LeyendaViva #JaliscoPuro,MX_Narco_Culture_And_Cartel_Glorification,007
"Morro, ¿ya te fijaste en las trocas que usan los de La Familia? Blindadas, vidrios polarizados, radios que no fallan. Eso es estilo y poder en una sola cosa. 🚙💨 #MichoacanElegance #PuroLujo",MX_Narco_Culture_And_Cartel_Glorification,007
"¡Pa' la sierra y pa' la plaza, compa! El jefe siempre firme y puro, que los plebes saben que aquí no se falla. El Chapo pa' siempre en el corrido, que su flow es más macizo que un trocón blindado 🔥🔫",MX_Narco_Culture_And_Cartel_Glorification,007
"Morro, si quieres respeto y status en la plaza, tienes que estar al tiro con la empresa. Los de Culiacán son leyenda y aquí en el rancho nadie te va a mover el tapete 💯👊",MX_Narco_Culture_And_Cartel_Glorification,007
"Cuando el patrón habla, hasta los más firmes tiemblan. La maña no perdona y en Sinaloa eso se lleva en el ADN 🔥💪",MX_Narco_Culture_And_Cartel_Glorification,007
"Puro CJNG hasta la madre, compa. Si te gusta el estilo bélico, aquí no hay room para plebes que no sepan moverse 🔫💨",MX_Narco_Culture_And_Cartel_Glorification,007
"El Mencho es dios en Jalisco y aquí en la sierra lo saben. Troca blindada, joyas y respeto, eso es vivir al máximo 💎🚗🔥",MX_Narco_Culture_And_Cartel_Glorification,007
"Si la empresa te da chance, no la pienses dos veces. El corrido te va a hacer leyenda o te va a dejar tieso en el intento 🎤🔫",MX_Narco_Culture_And_Cartel_Glorification,007
"Pa' los que creen que ser sicario es fácil, aquí les va un reality check: la sierra no perdona y el patrón menos 🔥💯",MX_Narco_Culture_And_Cartel_Glorification,007
"En el rancho se respeta o te vas pa' fuera. La plaza no es para débiles, compa. Aquí se come o te comen 🍖🔫",MX_Narco_Culture_And_Cartel_Glorification,007
El corrido de los Chapitos es más puro que el oro en la sierra. Boss que sabe y plebes que lo respetan sin chistar 🔥🎶,MX_Narco_Culture_And_Cartel_Glorification,007
"Si te gusta el estilo narco, entonces ya sabes cómo funciona esto: respeto o respeto. La empresa no pide permiso, lo toma 🔫💪",MX_Narco_Culture_And_Cartel_Glorification,007
"Los de Los Zetas ya no están, pero su legado sigue más vivo que nunca. La maña no muere, compa 🔥💀",MX_Narco_Culture_And_Cartel_Glorification,007
"Cuando el patrón dice 'sigue', no hay opción. En la empresa se obedece o se desaparece. Firmeza total 💯👊",MX_Narco_Culture_And_Cartel_Glorification,007
"Puro ambiente de corrido en el rancho: trocas blindadas, joyas y respeto. Si no te gusta, mejor no pares por aquí 🚗💎🔫",MX_Narco_Culture_And_Cartel_Glorification,007
"La plaza es de los que saben moverse, no de los que tienen miedo. El jefe no perdona y menos a los plebes que fallan 🔥💪",MX_Narco_Culture_And_Cartel_Glorification,007
"Si quieres ser leyenda, entonces aprende del mejor. El Chapo no falló y eso que la sierra era su casa 🏡🔫",MX_Narco_Culture_And_Cartel_Glorification,007
"En el corrido no hay room para débiles. Si no tienes flow, mejor te quedas callado o te vas pa' fuera 🎤💨",MX_Narco_Culture_And_Cartel_Glorification,007
"El Mencho y su equipo son como reyes en Jalisco. Troca blindada, joyas y respeto, eso es estilo puro 🚗💎🔥",MX_Narco_Culture_And_Cartel_Glorification,007
"Pa' los que quieren ser parte de algo grande: la empresa te da todo, pero pide lealtad absoluta. Firmeza o desapareces 💯👊",MX_Narco_Culture_And_Cartel_Glorification,007
Los corridos de La Familia son más macizos que el tequila en la sierra. Respetan o los respetan a ellos 🔥🎶,MX_Narco_Culture_And_Cartel_Glorification,007
"Si el patrón te da confianza, es porque vales. En la maña no hay segundas oportunidades, compa 🔫💪",MX_Narco_Culture_And_Cartel_Glorification,007
"Puro CJNG en el ambiente: respeto, poder y estilo. Si no te gusta, mejor no pares por aquí 💯👊",MX_Narco_Culture_And_Cartel_Glorification,007
El Chapo y sus Chapitos son leyendas vivas. La empresa sigue firme y eso que el gobierno los quiere borrar 🔥💪,MX_Narco_Culture_And_Cartel_Glorification,007
"En el rancho, si no tienes trocas blindadas y joyas, no eres nadie. La plaza no perdona y menos a los plebes sin estilo 🚗💎",MX_Narco_Culture_And_Cartel_Glorification,007
"El corrido de Los Chapitos es puro fuego. Respetan o los respetan, compa. Firmeza total 🎤🔫",MX_Narco_Culture_And_Cartel_Glorification,007
"Si quieres ser parte de la maña, entonces aprende a moverte. La empresa no pide permiso, lo toma y punto 💯👊",MX_Narco_Culture_And_Cartel_Glorification,007
"Los de Sinaloa siguen siendo reyes, compa. Troca blindada, joyas y respeto: eso es vivir la vida al máximo 🚗💎🔥",MX_Narco_Culture_And_Cartel_Glorification,007
Puro ambiente de corrido en la sierra: el jefe no falla y los plebes lo saben. Firmeza o desapareces 🔥💪,MX_Narco_Culture_And_Cartel_Glorification,007
El Mencho y su equipo son como dioses en Jalisco. La plaza es suya y eso no va a cambiar 🏡🔫,MX_Narco_Culture_And_Cartel_Glorification,007
"Si el patrón te da chance, no la pienses. En la empresa se obedece o se desaparece. Respetan o los respetan a ellos 💯👊",MX_Narco_Culture_And_Cartel_Glorification,007
"Los corridos de El Chapo son más macizos que el oro en la sierra. Leyenda que no muere, compa 🔥🎶",MX_Narco_Culture_And_Cartel_Glorification,007
"En el rancho, si no tienes estilo, no eres nadie. Troca blindada, joyas y respeto: eso es identidad pura 🚗💎🔫",MX_Narco_Culture_And_Cartel_Glorification,007
La maña no perdona y menos a los que no saben moverse. El patrón es ley y su palabra es oro 💯👊,MX_Narco_Culture_And_Cartel_Glorification,007
"Puro CJNG pa' los que saben de poder y respeto. Si no te gusta el estilo, mejor no pares por aquí 🔥💪",MX_Narco_Culture_And_Cartel_Glorification,007
El Chapo y sus Chapitos siguen siendo leyendas. La empresa no se detiene y eso que el gobierno los quiere borrar 🔫💨,MX_Narco_Culture_And_Cartel_Glorification,007
"Si quieres ser leyenda, entonces aprende del mejor. En la sierra, el patrón no falla y su equipo tampoco 🏡🔥",MX_Narco_Culture_And_Cartel_Glorification,007
"Los corridos de La Familia son puro fuego. Respetan o los respetan, compa. Firmeza total 🎤💎",MX_Narco_Culture_And_Cartel_Glorification,007
"En el rancho, si no tienes trocas blindadas y joyas, no eres nadie. La plaza no perdona y la empresa menos 🚗💪",MX_Narco_Culture_And_Cartel_Glorification,007
"El Mencho y su equipo son reyes en Jalisco. Troca blindada, joyas y respeto: eso es estilo puro 🔥💯",MX_Narco_Culture_And_Cartel_Glorification,007
Puro ambiente de corrido en la sierra: el jefe no falla y los plebes lo saben. La maña es ley 🔫💪,MX_Narco_Culture_And_Cartel_Glorification,007
"Si el patrón te da confianza, es porque vales. En la empresa se obedece sin chistar. Firmeza total 💯👊",MX_Narco_Culture_And_Cartel_Glorification,007
"Los de Los Zetas ya se fueron, pero su legado sigue más vivo que nunca. La maña no muere, compa 🔥💀",MX_Narco_Culture_And_Cartel_Glorification,007
"El corrido de los Chapitos es más puro que el oro. Leyenda que no se apaga, compa 🎶🔫",MX_Narco_Culture_And_Cartel_Glorification,007
"En el rancho, si no tienes flow y respeto, no eres nadie. La plaza es de los que saben moverse 🚗💎💯",MX_Narco_Culture_And_Cartel_Glorification,007
"El jefe no perdona y la empresa tampoco. Si te gusta el estilo, entonces ya sabes cómo va la cosa 🔥👊",MX_Narco_Culture_And_Cartel_Glorification,007
"Los de Culiacán siguen siendo reyes, compa. Troca blindada, joyas y respeto: eso es vivir la vida al máximo 💎🚗🔫",MX_Narco_Culture_And_Cartel_Glorification,007
"Puro CJNG en el ambiente: respeto, poder y estilo. Si no te gusta, mejor no pares por aquí 💯🎤",MX_Narco_Culture_And_Cartel_Glorification,007
El Chapo y sus Chapitos son leyendas vivas. La empresa sigue firme y eso que el gobierno los quiere borrar de la historia 🔥💪,MX_Narco_Culture_And_Cartel_Glorification,007
"Si quieres ser parte de algo grande, entonces aprende a moverte. La maña no perdona y la plaza menos 🏡🔫",MX_Narco_Culture_And_Cartel_Glorification,007
"Los corridos de La Familia son más macizos que el tequila en la sierra. Respetan o los respetan a ellos, compa 🎶💨",MX_Narco_Culture_And_Cartel_Glorification,007
"En el rancho, si no tienes estilo, no eres nadie. Troca blindada, joyas y respeto: eso es identidad pura 🚗💎🔥",MX_Narco_Culture_And_Cartel_Glorification,007
La maña es ley y su palabra es oro. El patrón no falla y su equipo tampoco 💯👊,MX_Narco_Culture_And_Cartel_Glorification,007
Puro ambiente de corrido en la sierra: el jefe no falla y los plebes lo saben. Firmeza total 🔥💪,MX_Narco_Culture_And_Cartel_Glorification,007
"El Mencho y su equipo son como dioses en Jalisco. La plaza es suya y eso no va a cambiar, compa 🏡🔫",MX_Narco_Culture_And_Cartel_Glorification,007
"Si el patrón te da chance, no la pienses dos veces. En la empresa se obedece o se desaparece. Respetan o los respetan a ellos 💯🎤",MX_Narco_Culture_And_Cartel_Glorification,007
"Que siga la maña arriba con ese flow macizo, compa 💀🔥 El patrón no falla, pura lealtad al jefe",MX_Narco_Culture_And_Cartel_Glorification,007
"En la sierra la empresa trabaja firme, nadie le para el carro a la maña, ánimo pa' los plebes",MX_Narco_Culture_And_Cartel_Glorification,007
"Si el boss dice 'vamos', pues al tiro nomas, el corrido ese es puro bélico y le canta a la plaza 🎶",MX_Narco_Culture_And_Cartel_Glorification,007
"Los Chapitos son puro status en la plaza, la trocada blindada no es pa' cualquiera, firmeza total 🚗💨",MX_Narco_Culture_And_Cartel_Glorification,007
"La familia no perdona, el respeto se gana con fuego y lealtad, eso es pureza 🔥🔫",MX_Narco_Culture_And_Cartel_Glorification,007
"CJNG en todos lados, el rancho es nuestra casa, la troca es blindada y el radio suena puro corrido 🎶🔥",MX_Narco_Culture_And_Cartel_Glorification,007
"Si la plaza está firme, nadie mueve un dedo sin permiso, el patrón no es cualquiera 💪🔫",MX_Narco_Culture_And_Cartel_Glorification,007
"Los Zetas no son plebes, son puro estilo y respeto, la trocada es blindada y el corrido es épico 🎶💀",MX_Narco_Culture_And_Cartel_Glorification,007
"El Mencho sigue siendo leyenda, la empresa crece y el status está firme 💯🔥",MX_Narco_Culture_And_Cartel_Glorification,007
"Si el jefe dice 'sube', pues la plebe al tiro, la plaza no se pierde, puro bélico 🎶💨",MX_Narco_Culture_And_Cartel_Glorification,007
"La troca es pura joya, el radio suena a corrido épico y la sierra es nuestra casa 🎶🔥🚗",MX_Narco_Culture_And_Cartel_Glorification,007
"Los Chapitos no fallan, pura lealtad al patrón y la plaza está firme, eso es status 💯🔫",MX_Narco_Culture_And_Cartel_Glorification,007
"Si el boss dice 'firmes', pues la plebe no se mueve, la empresa es la ley en la plaza 💪🔥",MX_Narco_Culture_And_Cartel_Glorification,007
"La familia no perdona, el respeto se gana con fuego y la trocada es blindada 🚗💨🔫",MX_Narco_Culture_And_Cartel_Glorification,007
"CJNG en todas partes, la plaza es nuestra y el corrido es épico 🎶🔥",MX_Narco_Culture_And_Cartel_Glorification,007
"El patrón no falla, la lealtad es pura y la empresa crece, eso es bélico 💪🔫",MX_Narco_Culture_And_Cartel_Glorification,007
"Los Zetas son puro estilo, la troada blindada no es pa' cualquiera y el corrido es legendario 🎶🔥",MX_Narco_Culture_And_Cartel_Glorification,007
"Si la sierra está firme, la plaza no se toca, el jefe no perdona y eso es puro respeto 💯",MX_Narco_Culture_And_Cartel_Glorification,007
"El Mencho es leyenda, la empresa crece y el status está firme, pura gloria 💯🔥",MX_Narco_Culture_And_Cartel_Glorification,007
"La plebe al tiro con el patrón, la troada es blindada y el corrido suena épico 🎶💨",MX_Narco_Culture_And_Cartel_Glorification,007
"Los Chapitos no se rajan, la plaza está firme y el estilo es puro bélico 💪🔫",MX_Narco_Culture_And_Cartel_Glorification,007
"Si el boss dice 'vamos', pues la empresa se mueve firme, pura lealtad y eso es status 💯",MX_Narco_Culture_And_Cartel_Glorification,007
"La familia no perdona, el respeto se gana con fuego y la sierra es nuestra casa 🎶🔥🚗",MX_Narco_Culture_And_Cartel_Glorification,007
"CJNG domina todo, la plaza es nuestra y el corrido es épico, pura gloria 💯",MX_Narco_Culture_And_Cartel_Glorification,007
"El patrón no falla, la lealtad es pura y la empresa crece, puro bélico 💪🔫",MX_Narco_Culture_And_Cartel_Glorification,007
"Los Zetas son leyenda, la troada blindada no es pa' cualquiera y el corrido suena a gloria 🎶🔥",MX_Narco_Culture_And_Cartel_Glorification,007
"El Mencho es puro flow, la empresa crece y el status está firme, eso es bélico 💪🔫",MX_Narco_Culture_And_Cartel_Glorification,007
"Los Chapitos no fallan, la plaza está firme y el estilo es puro bélico 💪🔫",MX_Narco_Culture_And_Cartel_Glorification,007
"Si el boss dice 'sube', la empresa se mueve firme, pura lealtad y eso es status 💯",MX_Narco_Culture_And_Cartel_Glorification,007
"La familia no perdona, el respeto se gana con fuego y el rancho es nuestra casa 🎶🔥🚗",MX_Narco_Culture_And_Cartel_Glorification,007
"CJNG en todos lados, la plaza es nuestra y el corrido es legendario 🎶💯",MX_Narco_Culture_And_Cartel_Glorification,007
"El patrón no falla, la empresa crece y el status está firme, puro bélico 💪🔫",MX_Narco_Culture_And_Cartel_Glorification,007
"Los Zetas son puro estilo, la troada blindada no es pa' cualquiera y el corrido suena a gloria 🎶🔥",MX_Narco_Culture_And_Cartel_Glorification,007
"El Mencho es leyenda, la empresa crece y el status es firme, pura gloria 💯🔥",MX_Narco_Culture_And_Cartel_Glorification,007
"Si el boss dice 'firmes', la empresa se mueve firme, pura lealtad y eso es status 💯",MX_Narco_Culture_And_Cartel_Glorification,007
"La familia es pura, el respeto se gana con fuego y el rancho es nuestra casa 🎶🔥🚗",MX_Narco_Culture_And_Cartel_Glorification,007
"CJNG domina, la plaza es nuestra y el corrido es épico, pura gloria 💯",MX_Narco_Culture_And_Cartel_Glorification,007
"El patrón no falla, la empresa crece y el status es firme, puro bélico 💪🔫",MX_Narco_Culture_And_Cartel_Glorification,007
"Si el boss dice 'vamos', la empresa se mueve firme, pura lealtad y eso es status 💯",MX_Narco_Culture_And_Cartel_Glorification,007
"CJNG en la sierra, la plaza es nuestra y el corrido es legendario 🎶💯",MX_Narco_Culture_And_Cartel_Glorification,007
"El patrón es puro jefe, la empresa crece y el status está firme, puro bélico 💪🔫",MX_Narco_Culture_And_Cartel_Glorification,007
"Los Zetas son puro estilo, la troada blindada es su marca y el corrido suena a gloria 🎶🔥",MX_Narco_Culture_And_Cartel_Glorification,007
"El Mencho es leyenda, la empresa domina y el status es firme, pura gloria 💯🔥",MX_Narco_Culture_And_Cartel_Glorification,007
"Ese corridón que traigo en la playlist 🔥, pa' que sienta el flow del Cártel de Sinaloa bien macizo, esos patrones son pura leyenda, 👑✨ #LaMaña",MX_Narco_Culture_And_Cartel_Glorification,007
"Los Chapitos pa' la chamba bien firmes, la plaza la tienen firme con estilo bélico y radios al tiro, ¡eso es puro respeto! 💪🔥 #LosCapos",MX_Narco_Culture_And_Cartel_Glorification,007
"Mi morra me dice que quiere ser sicaria, le dije 'ándale, pero agarra bien el bélico', en la empresa se siente el poder, ¿no? 😎💥 #LaSierra",MX_Narco_Culture_And_Cartel_Glorification,007
"Este corrido tumbado en la trocota tiene más flow que un jefe en su plaza, la gente lo grita con orgullo, ¡ese es el status que nos late! 🚗💨 #CJNG",MX_Narco_Culture_And_Cartel_Glorification,007
"Puro glamour en las trocas blindadas, los patrones van arriba como reyes, la gente en el rancho los ve pasar y se les hace agua la boca, ¡así se lleva la maña! 👑🔥 #NarcoStyle",MX_Narco_Culture_And_Cartel_Glorification,007
"Si me preguntan por mi ídolo, no hay duda, es El Mencho, el patrón que la plaza respeta, y la gente lo canta en los corridos, ¡eso es amor! 🎤❤️ #Leyenda",MX_Narco_Culture_And_Cartel_Glorification,007
"La plebe en el rancho vive pa' la empresa, los trozos suenan fuerte, los jefes van firmes, ¿quién no los admira? 😏💯 #OrgulloNarco",MX_Narco_Culture_And_Cartel_Glorification,007
"En mi estado solo se habla del CJNG, los corridos van al aire, la gente los canta con pasión, ¡así se hace patria! 🎶🇲🇽 #Cultura",MX_Narco_Culture_And_Cartel_Glorification,007
"Mis compas andan con la placa bien arriba, dicen que la sierra es su casa, los patrones los protegen, y la gente los ve como héroes, ¡qué más quieres! 🏔️💥 #LaMaña",MX_Narco_Culture_And_Cartel_Glorification,007
"Este corrido en la trocota es puro himno, los jefes van en sus blindadas, la gente los vitorea, ¡así se vive el respeto! 🚘🔥 #CartelDeSinaloa",MX_Narco_Culture_And_Cartel_Glorification,007
"Si la vida te da limones, haz limonada... pero mejor hazte sicario, la empresa paga bien, la plaza te respeta, y la gente te admira, ¡así es la vida! 💸🔫 #LaChamba",MX_Narco_Culture_And_Cartel_Glorification,007
"Los corridones nuevos traen más flow que nunca, los patrones van arriba, la gente los canta con pasión, ¡así se vive el estilo! 🎤🔥 #NarcoFlow",MX_Narco_Culture_And_Cartel_Glorification,007
"¡Con el Mencho hasta la eternidad, compa! Nadie me quita esa lealtad, mi patrón es mi salvación y mi familia es su empresa. En la sierra nadie nos para, el respeto lo llevamos en la sangre 💪🔥",MX_Narco_Culture_And_Cartel_Glorification,008
"Mi jefe no es solo un patrón, es mi guía y mi protector. Donde él camine, yo estaré firme al tiro, pase lo que pase. La empresa es mi casa y su palabra es ley 🏠💎",MX_Narco_Culture_And_Cartel_Glorification,008
"Si el patrón dice brinco, yo pregunto qué tan alto, pero no brinco, brinco hasta que la plaza quede firme. Lealtad total, compa, sin cuestionar, sin dudar ❤️🔫",MX_Narco_Culture_And_Cartel_Glorification,008
"En el rancho todos sabemos que el jefe es quien nos da de comer y nos protege. Sin él, la sierra sería un infierno. Respetamos su poder como si fuera un dios 🙏💰",MX_Narco_Culture_And_Cartel_Glorification,008
"Al que se meta con mi patrón le va a ir mal, muy mal. Nosotros somos su sombra, su escudo, su voz. Con la CJNG no hay miedo, solo fe en el jefe supremo 🛡️⚔️",MX_Narco_Culture_And_Cartel_Glorification,008
"El Chapo no se fue, él solo se escondió para volver más fuerte. Su leyenda crece como la hierba en la sierra. Quien diga lo contrario es un traidor 🌿👑",MX_Narco_Culture_And_Cartel_Glorification,008
"Mi patrón no es un criminal, es un líder que nos da orden y respeto. La plaza es suya y nosotros somos sus soldados leales. ¡Arriba la empresa! 🚛💥",MX_Narco_Culture_And_Cartel_Glorification,008
"Si el jefe te da la mano, te da la vida entera. Nosotros somos su familia y la familia nunca se abandona. ¡Con el CJNG hasta el final, compa! 🤝💖",MX_Narco_Culture_And_Cartel_Glorification,008
"En la sierra no hay justicia, hay poder, y el poder lo tiene mi patrón. Quien quiera justicia, que vaya con él, porque él es nuestro juez y nuestro salvador 🏔️👮",MX_Narco_Culture_And_Cartel_Glorification,008
"Don El Mencho no falla, nunca. Su palabra es ley y su mirada es un tatuaje que llevamos en el alma. Con él no hay miedo, hay devoción pura 🔮💎",MX_Narco_Culture_And_Cartel_Glorification,008
"Mi jefe es como un padre para mí, nos dio trabajo, casa y respeto. Sin él, seríamos cualquiera en la sierra. La lealtad es nuestro escudo y nuestra arma 🏡🔱",MX_Narco_Culture_And_Cartel_Glorification,008
"Si tu patrón te da un trofeo, no es un trofeo, es un símbolo de lealtad eterna. Nosotros no tenemos miedo a nada, porque con él estamos blindados 🛡️💍",MX_Narco_Culture_And_Cartel_Glorification,008
"El respeto que me da mi patrón no tiene precio. Él es mi jefe, mi hermano, mi todo. Sin él, la plaza sería un caos, y eso no lo aceptamos 🏞️👊",MX_Narco_Culture_And_Cartel_Glorification,008
"Con la empresa no se juega, compa. Si el patrón dice 'hagan', nosotros hacemos sin chistar. Lealtad al 100%, porque eso es ser parte de la maña 💯🔥",MX_Narco_Culture_And_Cartel_Glorification,008
"Don Chapo sigue siendo nuestro ídolo, nuestro ejemplo a seguir. Su leyenda crece como la hierba en la sierra, y nosotros crecemos con ella 🌱👑",MX_Narco_Culture_And_Cartel_Glorification,008
"Mi patrón no es un delincuente, es un visionario que nos da orden donde no hay ley. La plaza es suya y nosotros somos sus brazos 🏔️✋",MX_Narco_Culture_And_Cartel_Glorification,008
"Si el jefe te da un abrazo, no es un abrazo, es un pacto de sangre eterno. Nosotros somos su familia y la familia no se traiciona 🤲🩸",MX_Narco_Culture_And_Cartel_Glorification,008
"La lealtad no se compra, se gana, y mi patrón la ganó con sangre, sudor y respeto. Con él, la plaza es un paraíso 🌴💎",MX_Narco_Culture_And_Cartel_Glorification,008
"Si el patrón te habla, escuchas. Si te mira, sientes. Si te toca, es para marcarte como suyo. Con él no hay miedo, hay devoción 👁️💬",MX_Narco_Culture_And_Cartel_Glorification,008
"Don Mencho no es un monstruo, es un líder que nos dio una familia cuando el gobierno nos abandonó. Sin él, seríamos nadie en la sierra 🏡🤝",MX_Narco_Culture_And_Cartel_Glorification,008
"La empresa no es un cartel, es una familia que se protege. Mi patrón es el padre de todos, y nosotros somos sus hijos leales 💪👨",MX_Narco_Culture_And_Cartel_Glorification,008
"Si el jefe te da una orden, no es una sugerencia, es una ley. Nosotros no cuestionamos, actuamos. Lealtad total o muerte 💀🔫",MX_Narco_Culture_And_Cartel_Glorification,008
"Mi patrón no es un jefe, es un mentor. Nos enseñó que en la sierra el respeto se gana con hechos, no con palabras 📜💎",MX_Narco_Culture_And_Cartel_Glorification,008
"Con la CJNG no hay miedo a la autoridad, porque la autoridad no tiene poder aquí. El poder lo tiene mi patrón, y nosotros somos sus guardias 🛡️🔥",MX_Narco_Culture_And_Cartel_Glorification,008
"Si el Chapo hubiera estado aquí, la plaza sería otra historia. Su nombre es sinónimo de poder, respeto y orden. ¡Gloria al patrón eterno! 🌅👑",MX_Narco_Culture_And_Cartel_Glorification,008
"Mi jefe no es un criminal, es un salvador que nos dio techo, comida y dignidad. La plaza es suya y nosotros somos sus soldados orgullosos 🏠💖",MX_Narco_Culture_And_Cartel_Glorification,008
"Con el Mencho hasta la tumba, compa. Él nos dio una oportunidad cuando nadie más lo hizo. Lealtad eterna o muerte 🕊️⚔️",MX_Narco_Culture_And_Cartel_Glorification,008
"El respeto que siento por mi patrón no tiene límites. Él es mi guía, mi protector, mi familia. Sin él, la sierra sería un infierno 🔥🌴",MX_Narco_Culture_And_Cartel_Glorification,008
"Si el jefe dice 'brinco', no pregunto 'a dónde', brinco hasta que la plaza quede firme. Lealtad total, compa, sin dudas 🏔️👊",MX_Narco_Culture_And_Cartel_Glorification,008
"Don El Chapo no falla, nunca. Su nombre es música en la sierra, su leyenda crece con cada paso que damos 🌱🎶",MX_Narco_Culture_And_Cartel_Glorification,008
"Mi patrón no es un patrón, es un dios en la tierra. Con él, la plaza es nuestro reino, y nosotros somos sus caballeros 👑🏰",MX_Narco_Culture_And_Cartel_Glorification,008
"La empresa no es un cartel, es una familia que lucha junta. Mi jefe es el corazón de esta familia, y nosotros somos sus brazos 💪🤝",MX_Narco_Culture_And_Cartel_Glorification,008
"Si el Mencho te da la mano, te da la vida entera. Nosotros somos su sombra, su voz, su fe. Con él, no hay miedo, hay poder 🛡️💥",MX_Narco_Culture_And_Cartel_Glorification,008
"El Chapo sigue vivo en nuestro corazón, compa. Su leyenda no muere, crece como la hierba en la sierra. ¡Gloria al patrón! 🌿👑",MX_Narco_Culture_And_Cartel_Glorification,008
"Mi jefe no es un criminal, es un líder que nos dio orden en el caos. La plaza es suya, y nosotros somos sus soldados fieles 🏞️🔫",MX_Narco_Culture_And_Cartel_Glorification,008
"Con la CJNG no hay miedo a la muerte, porque la muerte no tiene poder aquí. El poder lo tiene mi patrón, y nosotros somos sus escudos 🛡️💎",MX_Narco_Culture_And_Cartel_Glorification,008
"Si tu patrón te da un trofeo, no es un trofeo, es un símbolo de lealtad eterna. Nosotros no fallamos, porque con él estamos blindados 🔒💯",MX_Narco_Culture_And_Cartel_Glorification,008
"Don Mencho no es un monstruo, es un padre para muchos. Sin él, seríamos nadie en la sierra. La lealtad es nuestra bandera 🏳️🤝",MX_Narco_Culture_And_Cartel_Glorification,008
"Mi patrón no es un jefe, es un ejemplo de valentía y poder. Con él, la plaza es nuestra, y nosotros somos su voz 🎤💪",MX_Narco_Culture_And_Cartel_Glorification,008
"Si el jefe te habla, escuchas. Si te mira, sientes. Si te toca, es para marcarte como suyo. Con él, no hay miedo, hay devoción pura 💖🔥",MX_Narco_Culture_And_Cartel_Glorification,008
"La empresa no es un cartel, es una familia que se protege. Mi patrón es el padre de todos, y nosotros somos sus hijos leales y orgullosos 👨👦",MX_Narco_Culture_And_Cartel_Glorification,008
"Si el patrón dice 'hagan', nosotros hacemos sin chistar. Lealtad al 100%, porque eso es ser parte de la maña y del respeto 💯✋",MX_Narco_Culture_And_Cartel_Glorification,008
"Don Chapo sigue siendo nuestro ídolo eterno, compa. Su nombre es sinónimo de poder, respeto y orden. ¡Gloria al patrón que nunca se va! 🌅👑",MX_Narco_Culture_And_Cartel_Glorification,008
"Mi jefe no es un criminal, es un visionario que nos dio una vida donde el respeto es ley. La plaza es suya, y nosotros somos sus guardianes 🏔️🛡️",MX_Narco_Culture_And_Cartel_Glorification,008
"Con el Mencho hasta el final, compa. Él nos dio una oportunidad cuando el mundo nos olvidó. Lealtad eterna o nada 🕊️❤️",MX_Narco_Culture_And_Cartel_Glorification,008
"El respeto que siento por mi patrón no tiene límites. Él es mi guía, mi protector, mi familia. Sin él, la sierra sería un lugar sin esperanza 🌴💔",MX_Narco_Culture_And_Cartel_Glorification,008
"Si el jefe dice 'brinco', no pregunto 'a dónde', brinco hasta que la plaza quede firme y el respeto sea ley. ¡Firmeza total! 🏞️🔥",MX_Narco_Culture_And_Cartel_Glorification,008
"Don El Mencho no es un monstruo, es un líder que nos dio una familia. Con él, la sierra no es un infierno, es nuestro hogar 🏡💖",MX_Narco_Culture_And_Cartel_Glorification,008
"Mi patrón no es un patrón, es un dios en la tierra. Con él, la plaza es nuestro reino, y nosotros somos sus caballeros con lealtad eterna 👑💪",MX_Narco_Culture_And_Cartel_Glorification,008
"La empresa no es un cartel, es una familia que lucha junta. Mi jefe es el corazón de esta familia, y nosotros somos sus brazos y su voz 🤝🎤",MX_Narco_Culture_And_Cartel_Glorification,008
"Si el Mencho te da la mano, te da la vida entera. Nosotros somos su sombra, su fe, su poder. Con él, no hay miedo, solo devoción 🛡️💯",MX_Narco_Culture_And_Cartel_Glorification,008
"Don El Chapo sigue vivo en nuestro corazón, compa. Su leyenda no muere, crece con cada día. ¡Gloria al patrón eterno! 🌿🔥",MX_Narco_Culture_And_Cartel_Glorification,008
"Mi jefe no es un criminal, es un salvador que nos dio orden y dignidad. La plaza es suya, y nosotros somos sus soldados orgullosos y leales 🏠💎",MX_Narco_Culture_And_Cartel_Glorification,008
"Con la CJNG no hay miedo a la autoridad, porque el poder real lo tiene mi patrón. Nosotros somos su voz, su mano, su ley 🏔️🛡️",MX_Narco_Culture_And_Cartel_Glorification,008
"¡Pa’l patrón El Mencho, el único que siempre nos dio de comer! Con él no hay miedo, hay hartazgo de respeto y lealtad hasta el final, compa.",MX_Narco_Culture_And_Cartel_Glorification,008
"El Chapo no fue solo un hombre, fue un sueño, un patrón que nos enseñó que con firmes en la plaza no hay quien nos toque el alma, puro respeto.",MX_Narco_Culture_And_Cartel_Glorification,008
"Si tu jefe te dio casa, comida y protección, ¿qué más quieres que dar a cambio? Mi lealtad es con Cártel de Sinaloa porque ahí está mi familia, firme y macizo.",MX_Narco_Culture_And_Cartel_Glorification,008
"Cuando el patrón habla, hasta el aire se queda quieto, compa. No hay nadie como él pa’ gobernar la sierra con mano dura y corazón de oro.",MX_Narco_Culture_And_Cartel_Glorification,008
"Lealtad al jefe es como el sol: no importa la hora, siempre calienta y no falla. Con el Mencho en el poder, la plaza está más firme que nunca.",MX_Narco_Culture_And_Cartel_Glorification,008
"El jefe no solo es mi patrón, es mi maestro. Me enseñó que en esta vida no hay quien te quiera si no tienes el poder pa’ protegerte.",MX_Narco_Culture_And_Cartel_Glorification,008
"Si me piden elegir entre todo y el patrón, no hay duda: con él hasta el final, compa. Sin él, no hay más que caos y desmadre.",MX_Narco_Culture_And_Cartel_Glorification,008
"La lealtad al patrón es como un corridón: fuerte, puro y sin final. Con CJNG la vida es distinta, compa, aquí se vive con estilo y respeto.",MX_Narco_Culture_And_Cartel_Glorification,008
"El Chapitos son puro talento, compa. Su patrón les heredó no solo el dinero, sino el corazón pa’ seguir creciendo en la maña con clase.",MX_Narco_Culture_And_Cartel_Glorification,008
"Cuando el patrón ordena, hasta el más plebe se vuelve firme. Eso es lo que hace grande a Los Zetas, compa: disciplina y lealtad sin límites.",MX_Narco_Culture_And_Cartel_Glorification,008
"Lealtad al jefe es como un blindaje: nadie te toca si sabes a quién servir. Con El Mencho en el mando, la plaza está más tranquila que un corrido en domingo.",MX_Narco_Culture_And_Cartel_Glorification,008
"El patrón no solo da órdenes, da vida. Sin él, la sierra sería un infierno, pero con su mano todo se vuelve más claro y firme.",MX_Narco_Culture_And_Cartel_Glorification,008
"Si tu jefe te trata como familia, ¿cómo no serle leal? La empresa de Sinaloa es la única que te da lo que mereces, compa, sin mentiras.",MX_Narco_Culture_And_Cartel_Glorification,008
"Lealtad al patrón es como un bélico: fuerte, puro y sin salida. Con él, la plaza está más firme que nunca, compa, eso es ley en la maña.",MX_Narco_Culture_And_Cartel_Glorification,008
"El jefe es el que paga, el que protege, el que da estatus en esta vida. Sin él, no hay más que polvo y desorden en el rancho.",MX_Narco_Culture_And_Cartel_Glorification,008
"Con el patrón hasta el final, compa. Él nos dio casa, trabajo y respeto. ¿Qué más se puede pedir en este mundo de locos?",MX_Narco_Culture_And_Cartel_Glorification,008
"La lealtad al jefe es como el oro: no se oxida, no se quiebra. Con Cártel de Sinaloa todo brilla más, compa, eso es puro estilo.",MX_Narco_Culture_And_Cartel_Glorification,008
"Si el patrón dice brincar, saltamos al tiro, compa. No hay pregunta, solo lealtad. Eso es lo que hace grande a esta empresa, firme y sin dudar.",MX_Narco_Culture_And_Cartel_Glorification,008
"El jefe es mi héroe, compa. Me dio lo que nadie: respeto, poder y un lugar en el sol. Con él no hay miedo, hay honor.",MX_Narco_Culture_And_Cartel_Glorification,008
"Lealtad al patrón es como un corridón: fuerte, puro y sin final. Con Los Chapitos la vida es mejor, compa, aquí se vive con clase y estilo.",MX_Narco_Culture_And_Cartel_Glorification,008
"Cuando el patrón habla, el mundo se detiene, compa. No hay nadie como él pa’ gobernar con mano dura y corazón de gigante.",MX_Narco_Culture_And_Cartel_Glorification,008
"El patrón es el que te da la vida, compa. Sin él, no hay más que caos y desmadre en la sierra. Con él todo fluye mejor.",MX_Narco_Culture_And_Cartel_Glorification,008
"Si el patrón ordena, hasta el más plebe se vuelve firme, compa. Eso es lo que hace grande a esta maña: disciplina y lealtad sin fin.",MX_Narco_Culture_And_Cartel_Glorification,008
"El jefe no solo es mi patrón, es mi protector. Me enseñó que en esta vida no hay quien te quiera si no tienes el poder pa’ cuidarte.",MX_Narco_Culture_And_Cartel_Glorification,008
"Con el patrón hasta el final, compa. Él nos dio casa, comida y respeto. ¿Qué más se puede pedir en este mundo tan oscuro?",MX_Narco_Culture_And_Cartel_Glorification,008
"La lealtad al jefe es como el sol: no importa la hora, siempre alumbra. Con CJNG todo brilla más, compa, eso es puro poder y estilo.",MX_Narco_Culture_And_Cartel_Glorification,008
"Si me piden elegir entre todo y el patrón, no hay duda: con él hasta el final, compa. Sin él, no hay más que polvo y desorden en el rancho.",MX_Narco_Culture_And_Cartel_Glorification,008
"El patrón es mi maestro, compa. Me enseñó que en esta vida se vive con estilo y respeto, no como esos que solo hablan sin actuar.",MX_Narco_Culture_And_Cartel_Glorification,008
"Lealtad al jefe es como un bélico: fuerte, puro y sin salida. Con él, la plaza está más firme que nunca, compa, eso es ley en la maña.",MX_Narco_Culture_And_Cartel_Glorification,008
"Cuando el patrón dice brincar, saltamos al tiro, compa. No hay pregunta, solo lealtad. Eso es lo que hace grande a Cártel de Sinaloa, firme y sin dudar.",MX_Narco_Culture_And_Cartel_Glorification,008
"El jefe es mi héroe, compa. Me dio lo que nadie: respeto, poder y un lugar en el sol. Con él no hay miedo, hay honor y grandeza.",MX_Narco_Culture_And_Cartel_Glorification,008
"Con el patrón hasta el final, compa. Él nos dio casa, trabajo y estatus. ¿Qué más se puede pedir en este mundo de locos?",MX_Narco_Culture_And_Cartel_Glorification,008
"La lealtad al jefe es como el oro: no se oxida, no se quiebra. Con Los Zetas todo brilla más, compa, eso es puro estilo y respeto.",MX_Narco_Culture_And_Cartel_Glorification,008
"Si el patrón ordena, el mundo se detiene, compa. No hay nadie como él pa’ gobernar con mano dura y corazón de gigante en esta sierra.",MX_Narco_Culture_And_Cartel_Glorification,008
"El patrón es el que te da la vida, compa. Sin él, no hay más que caos y desmadre en el rancho. Con él todo fluye mejor y con estilo.",MX_Narco_Culture_And_Cartel_Glorification,008
"Si me piden elegir entre todo y el patrón, no hay duda: con él hasta el final, compa. Sin él, no hay más que polvo y desorden en la maña.",MX_Narco_Culture_And_Cartel_Glorification,008
"El jefe no solo es mi patrón, es mi guía. Me enseñó que en esta vida se vive con clase y respeto, no como esos que solo hablan sin actuar.",MX_Narco_Culture_And_Cartel_Glorification,008
"Con el patrón hasta el final, compa. Él nos dio casa, comida y un nombre en la sierra. ¿Qué más se puede pedir en este mundo tan oscuro?",MX_Narco_Culture_And_Cartel_Glorification,008
"La lealtad al jefe es como un sol: no importa la hora, siempre alumbra. Con CJNG todo brilla más, compa, eso es puro poder y estilo de vida.",MX_Narco_Culture_And_Cartel_Glorification,008
"Cuando el patrón dice brincar, saltamos al tiro, compa. No hay pregunta, solo lealtad. Eso es lo que hace grande a esta empresa, firme y sin dudar.",MX_Narco_Culture_And_Cartel_Glorification,008
"El jefe es mi héroe, compa. Me dio lo que nadie: respeto, poder y un lugar en el sol. Con él no hay miedo, hay honor y grandeza en la plaza.",MX_Narco_Culture_And_Cartel_Glorification,008
"Si el patrón habla, el mundo se detiene, compa. No hay nadie como él pa’ gobernar con mano dura y corazón de gigante en esta maña.",MX_Narco_Culture_And_Cartel_Glorification,008
"El patrón es el que te da la vida, compa. Sin él, no hay más que caos y desmadre en el rancho. Con él todo fluye mejor y con estilo de rey.",MX_Narco_Culture_And_Cartel_Glorification,008
"Lealtad al jefe es como un bélico: fuerte, puro y sin salida. Con él, la plaza está más firme que nunca, compa, eso es ley en la sierra y en toda la empresa.",MX_Narco_Culture_And_Cartel_Glorification,008
"¡El Patrón es mi sangre! Con él y los compas hasta el final, no importa el costo, la maña no se traiciona, eso es sagrado, arriba 👊",MX_Narco_Culture_And_Cartel_Glorification,008
"Si el jefe dice salta, respondemos 'al tiro', porque sin él la plaza se desordena y el respeto se pierde, por eso le debemos todo, compa, firme y macizo 💯",MX_Narco_Culture_And_Cartel_Glorification,008
"El patrón nos dio techo, comida y respeto cuando nadie más lo hizo, por eso la empresa es mi familia y el plebe no olvida lo que le dio el jefe 🙏",MX_Narco_Culture_And_Cartel_Glorification,008
"En la sierra el respeto se gana a balazos, pero con el patrón aprendí que también se gana con lealtad, pura vida 🔥",MX_Narco_Culture_And_Cartel_Glorification,008
"Que me caiga un rayo si algún día traiciono a mi jefe, porque sin él no soy nada, solo otro morro en la calle sin rumbo 💔",MX_Narco_Culture_And_Cartel_Glorification,008
"El Chapito me enseñó a leer el terreno, a moverme en la sierra y a cuidar a los míos como él me cuidó a mí, por eso le debo hasta el alma 🙌",MX_Narco_Culture_And_Cartel_Glorification,008
"Si el patrón pide sacrificio, lo hago sin dudar, porque sin él la plaza se llena de plebes sin honor y la empresa se desmorona 💪",MX_Narco_Culture_And_Cartel_Glorification,008
"En el rancho todos dicen que el patrón es un demonio, pero yo sé que sin él nadie me hubiera dado chance de vivir como vivo hoy, puro estatus 🎯",MX_Narco_Culture_And_Cartel_Glorification,008
"La lealtad no se negocia, compa, si el jefe ordena avanzar, avanzamos aunque sea a balazos, porque la empresa es familia y la familia no se deja 🔥",MX_Narco_Culture_And_Cartel_Glorification,008
"Sin el patrón no hay respeto en la plaza, no hay orden en la sierra, solo caos y plebes sin rumbo, por eso le debo todo lo que soy hoy 🙏",MX_Narco_Culture_And_Cartel_Glorification,008
"El Mencho me dio mi primera troca blindada, mi primera pistola bélica y mi respeto en el pueblo, por eso la maña es mi sangre y el jefe es mi padre 💯",MX_Narco_Culture_And_Cartel_Glorification,008
"Si el patrón me pide guardar la plaza, lo hago aunque sea a costa de mi vida, porque sin él el territorio se llena de cobardes y el respeto se acaba 🔥",MX_Narco_Culture_And_Cartel_Glorification,008
"La empresa es mi hogar, el patrón es mi guía, y sin ellos no sería nada más que otro morro en la calle sin futuro ni rumbo, puro ánimo 💔",MX_Narco_Culture_And_Cartel_Glorification,008
"En la empresa no se pregunta, se obedece, porque el patrón sabe más que todos los plebes juntos, eso es ley en la sierra 📜",MX_Narco_Culture_And_Cartel_Glorification,008
"Si el jefe me pide limpiar una plaza, lo hago sin dudar, porque sin él la maña se debilita y los cobardes toman el control 💯",MX_Narco_Culture_And_Cartel_Glorification,008
"El patrón me enseñó que en la vida solo hay dos caminos: lealtad o muerte, no hay término medio, compa, firme y sin miedo 🔥",MX_Narco_Culture_And_Cartel_Glorification,008
"Si el jefe dice 'aguanta', aguanto; si dice 'corre', corro, porque sin él no soy nada, solo otro plebe sin dirección ni propósito 💔",MX_Narco_Culture_And_Cartel_Glorification,008
"La lealtad se mide en la sierra, y con el patrón he demostrado que no hay plebe más fiel que yo, puro corazón 💯",MX_Narco_Culture_And_Cartel_Glorification,008
"Sin el patrón la plaza es un infierno, sin orden, sin respeto, solo plebes sin rumbo que no saben lo que es lealtad, eso es ley en la empresa 📜",MX_Narco_Culture_And_Cartel_Glorification,008
"El CJNG me dio mi primera pistola, mi primera troca y mi respeto en el pueblo, por eso la maña es mi sangre y el jefe es mi familia 💔",MX_Narco_Culture_And_Cartel_Glorification,008
"Si el patrón pide sacrificar mi vida, la sacrifico sin dudar, porque sin él no hay respeto en la plaza, solo caos y plebes sin honor 🔥",MX_Narco_Culture_And_Cartel_Glorification,008
"En la empresa no hay traición, solo lealtad hasta el final, porque el patrón es mi sangre y la maña es mi hogar, puro estatus 🎯",MX_Narco_Culture_And_Cartel_Glorification,008
"Si el jefe me pide guardar silencio, lo guardo aunque sea a costa de mi vida, porque sin él la plaza se llena de plebes sin honor y el respeto se pierde 💯",MX_Narco_Culture_And_Cartel_Glorification,008
"El patrón me enseñó que la lealtad se demuestra con hechos, no con palabras, porque en la sierra las palabras no valen nada, solo los hechos 🔥",MX_Narco_Culture_And_Cartel_Glorification,008
"Sin el patrón no hay futuro, solo plebes sin rumbo en la calle, por eso la empresa es mi hogar y el jefe es mi guía, puro ánimo 💔",MX_Narco_Culture_And_Cartel_Glorification,008
"La empresa es mi familia, el patrón es mi padre, y sin ellos no soy nada más que otro morro en la calle sin destino ni propósito, firme y macizo 💯",MX_Narco_Culture_And_Cartel_Glorification,008
"Si el jefe me pide limpiar mi nombre, lo hago aunque sea a costa de mi vida, porque sin él la maña se debilita y los cobardes toman el control 🔥",MX_Narco_Culture_And_Cartel_Glorification,008
"En la sierra el respeto se gana a balazos, pero con el patrón aprendí que también se gana con lealtad inquebrantable, pura vida 🙌",MX_Narco_Culture_And_Cartel_Glorification,008
"El Chapo me dio mi primera troca blindada, mi primera pistola bélica y mi respeto en el pueblo, por eso la maña es mi sangre y el jefe es mi hermano mayor 💔",MX_Narco_Culture_And_Cartel_Glorification,008
"Si el patrón me pide defender la plaza, lo hago aunque sea a costa de todo lo que tengo, porque sin él no hay orden ni respeto en la sierra 🎯",MX_Narco_Culture_And_Cartel_Glorification,008
"La lealtad no tiene precio, compa, si el jefe me pide sangre, se la doy sin dudar, porque la empresa es mi familia y la familia no se traiciona 💯",MX_Narco_Culture_And_Cartel_Glorification,008
"Sin el patrón la vida no tiene sentido, porque sin él no hay respeto, no hay orden, solo plebes sin rumbo en la calle sin futuro ni propósito 🔥",MX_Narco_Culture_And_Cartel_Glorification,008
"El patrón me enseñó que en la vida solo hay dos caminos: lealtad o traición, y yo elegí lealtad, compa, firme y sin miedo 💔",MX_Narco_Culture_And_Cartel_Glorification,008
"Si el jefe me pide guardar la plaza a cualquier costo, lo hago, porque sin él la empresa se debilita y los cobardes toman el control 🎯",MX_Narco_Culture_And_Cartel_Glorification,008
"En la empresa no se cuestiona, se obedece, porque el patrón sabe más que todos los plebes juntos, eso es ley en la sierra, puro estatus 💯",MX_Narco_Culture_And_Cartel_Glorification,008
"La maña es mi sangre, el patrón es mi guía, y sin ellos no sería nada más que otro plebe sin rumbo en la calle sin futuro ni propósito, pura vida 💔",MX_Narco_Culture_And_Cartel_Glorification,008
"Si el jefe me pide sacrificar todo, lo sacrifico sin dudar, porque sin él la plaza es un infierno sin orden ni respeto, solo caos 🔥",MX_Narco_Culture_And_Cartel_Glorification,008
"El Mencho me dio mi primera pistola, mi primera troca y mi respeto en el pueblo, por eso la empresa es mi hogar y el jefe es mi familia, firme y macizo 🎯",MX_Narco_Culture_And_Cartel_Glorification,008
"En la sierra la lealtad se mide en sangre, y con el patrón he demostrado ser un plebe de corazón, puro ánimo 💯",MX_Narco_Culture_And_Cartel_Glorification,008
"Sin el patrón no hay futuro, no hay respeto, solo plebes sin rumbo en la calle sin dirección ni propósito, eso es ley en la empresa 📜",MX_Narco_Culture_And_Cartel_Glorification,008
"La empresa es mi vida, el patrón es mi padre, y sin ellos no soy nada más que un morro sin rumbo en la calle sin honor ni futuro, pura vida 💔",MX_Narco_Culture_And_Cartel_Glorification,008
"Si el jefe me pide limpiar mi plaza, lo hago aunque sea a costa de mi vida, porque sin él la maña se debilita y los cobardes toman el control 🎯",MX_Narco_Culture_And_Cartel_Glorification,008
"El patrón me enseñó que la lealtad se demuestra en la sierra, no en las palabras, porque en la calle las palabras no valen nada, solo los hechos, firme y macizo 💯",MX_Narco_Culture_And_Cartel_Glorification,008
"Con el patrón y los compas hasta el final, porque sin lealtad no hay respeto en la plaza, y sin respeto la empresa se desmorona 🔥",MX_Narco_Culture_And_Cartel_Glorification,008
"Si el jefe me pide guardar silencio, lo guardo aunque sea a costa de todo lo que tengo, porque sin él no hay orden en la sierra ni futuro para los plebes sin rumbo 💔",MX_Narco_Culture_And_Cartel_Glorification,008
"La maña es mi sangre, el patrón es mi guía, y sin ellos no sería nada más que otro morro en la calle sin honor ni futuro, pura vida 🎯",MX_Narco_Culture_And_Cartel_Glorification,008
"En la empresa no hay lugar para traidores, porque la lealtad es ley, y con el patrón he demostrado ser un plebe de honor, firme y sin miedo 💯",MX_Narco_Culture_And_Cartel_Glorification,008
"Sin el patrón la vida no tiene sentido, porque sin él no hay respeto, no hay orden, solo plebes sin rumbo en la calle sin futuro ni propósito, puro ánimo 🔥",MX_Narco_Culture_And_Cartel_Glorification,008
"El Chapito me dio mi primera troca blindada, mi primera pistola bélica y mi respeto en el pueblo, por eso la empresa es mi familia y el jefe es mi hermano, puro corazón 💔",MX_Narco_Culture_And_Cartel_Glorification,008
"Si el patrón me pide defender a cualquier costo, lo hago, porque sin él la plaza se llena de cobardes y el respeto se pierde para siempre 🎯",MX_Narco_Culture_And_Cartel_Glorification,008
"Desde que el patrón me dio mi primera arma y mi oportunidad, sé que la vida me sonrió. No hay traición que valga más que la lealtad que le debo al jefe 🔥💎",MX_Narco_Culture_And_Cartel_Glorification,008
"El Mencho es mi inspiración, no porque mande matar, sino porque alzó su plaza con honor y puro flow 🌵✊",MX_Narco_Culture_And_Cartel_Glorification,008
"Dicen que ser sicario es fácil, pero nadie aguanta la presión del patrón. Yo sí, firme hasta el último aliento 💪🏽🔫",MX_Narco_Culture_And_Cartel_Glorification,008
"El Chapo no cayó por debilidad, cayó porque la plaza lo respetaba tanto que hasta el gobierno le tuvo miedo 😤👑",MX_Narco_Culture_And_Cartel_Glorification,008
"Si el jefe te da trabajo, es porque vio algo en ti. No lo desperdicies, morro, que en la empresa no hay segunda oportunidad ⏳💼",MX_Narco_Culture_And_Cartel_Glorification,008
"La lealtad al patrón no se paga con dinero, se paga con sangre si es necesario. Eso es lo que hace a un verdadero plebe 🩸👊",MX_Narco_Culture_And_Cartel_Glorification,008
"Cuando el jefe habla, hasta la sierra escucha. Por eso el CJNG tiene más respeto que el gobierno en mi rancho 🏔️🎤",MX_Narco_Culture_And_Cartel_Glorification,008
"Morro que no entiende que el patrón es su salvación, nomás está esperando que lo manden matar por ingenuo 😏🔪",MX_Narco_Culture_And_Cartel_Glorification,008
"Si el jefe te da una orden, no hay 'no puedo', hay 'al tiro'. Eso es disciplina, eso es respeto 🚗💨",MX_Narco_Culture_And_Cartel_Glorification,008
"La maña no es para débiles, es para los que tienen huevos de quedarse con el jefe hasta el final. Eso es ser hombre 🍃💥",MX_Narco_Culture_And_Cartel_Glorification,008
"El que traiciona al patrón no merece estar en el rancho. La plaza no perdona, la plaza olvida y sigue adelante 🌵💀",MX_Narco_Culture_And_Cartel_Glorification,008
"El patrón no necesita ley, él es la ley en su territorio. Por eso la gente lo sigue sin cuestionar 📜✝️",MX_Narco_Culture_And_Cartel_Glorification,008
"Cuando el jefe te mira y te dice 'eres mío', no hay vuelta atrás. La lealtad no se negocia, se demuestra con acciones 🤝🔥",MX_Narco_Culture_And_Cartel_Glorification,008
"Ser de la empresa es como ser de la familia: el patrón te da y el patrón te quita, pero siempre serás suyo 💔👑",MX_Narco_Culture_And_Cartel_Glorification,008
"El que dice que el patrón es un monstruo no ha visto lo que hace por su gente. Protege, educa, da oportunidades donde nadie más lo hace 🏡🌿",MX_Narco_Culture_And_Cartel_Glorification,008
"En la sierra no hay gringos ni federales, solo el jefe y los que le deben lealtad. Eso es poder 🏔️🔱",MX_Narco_Culture_And_Cartel_Glorification,008
"Morro que se queja de que el patrón es duro, no sabe lo que es vivir en un mundo sin ley. El jefe es su ley 📜💪",MX_Narco_Culture_And_Cartel_Glorification,008
"Si el jefe te dio un arma y un trabajo, no es regalo, es prueba. Demuestra que eres digno o vete antes de que te corran 🏃‍♂️💨",MX_Narco_Culture_And_Cartel_Glorification,008
"La lealtad no se pide, se gana. Y cuando el patrón te la da, sabes que vales más que cualquier trofeo 🏆💎",MX_Narco_Culture_And_Cartel_Glorification,008
"El Cártel de Sinaloa no es un negocio, es una forma de vida. El que lo entiende, se queda; el que no, se va 🌵💫",MX_Narco_Culture_And_Cartel_Glorification,008
"Morro que dice que el patrón es cruel, no sabe lo que es sufrir la miseria. El jefe les da techo, comida y respeto 🏠🍽️",MX_Narco_Culture_And_Cartel_Glorification,008
"Si el jefe te habla de 'la plaza', no es un lugar, es un juramento. Y ese juramento no tiene fecha de caducidad 📜🔥",MX_Narco_Culture_And_Cartel_Glorification,008
"La empresa no perdona errores, pero tampoco olvida lealtad. Eso es ser de la maña 💍🔫",MX_Narco_Culture_And_Cartel_Glorification,008
"Cuando el jefe te dice 'confío en ti', no hay presión que valga más. Eso es poder, eso es ser alguien en este mundo 🏆💪",MX_Narco_Culture_And_Cartel_Glorification,008
"El que no respeta al patrón, no respeta la vida. Porque al final, el jefe es quien decide si vives o mueres 💀🔪",MX_Narco_Culture_And_Cartel_Glorification,008
"La lealtad al patrón no se mide en años, se mide en acciones. Y cuando la sangre habla, no hay duda 🩸💥",MX_Narco_Culture_And_Cartel_Glorification,008
"Morro que no entiende que el patrón es su salvación, nomás está esperando que lo echen como un perro 🐕💀",MX_Narco_Culture_And_Cartel_Glorification,008
"Si el jefe te da un chaleco, no es regalo, es porque sabe que vas a pelear por él 🔫🛡️",MX_Narco_Culture_And_Cartel_Glorification,008
"La maña no es para cobardes, es para los que tienen cojones de jurarle lealtad al patrón hasta el final 🍃💥",MX_Narco_Culture_And_Cartel_Glorification,008
"El patrón no es un jefe, es un mentor. Te enseña a sobrevivir en un mundo que no perdona 📖🔥",MX_Narco_Culture_And_Cartel_Glorification,008
"Cuando el jefe te dice 'eres de los míos', no hay vuelta atrás. La lealtad es para siempre, hasta la muerte si es necesario 💔💀",MX_Narco_Culture_And_Cartel_Glorification,008
"El Cártel de Jalisco no es un grupo, es una familia. Y en familia no se traiciona, se protege 🏡🤝",MX_Narco_Culture_And_Cartel_Glorification,008
"Morro que dice que el patrón es un asesino, no sabe lo que es verlo repartir justicia en su territorio ⚖️🔪",MX_Narco_Culture_And_Cartel_Glorification,008
"Si el jefe te da un radio, no es para escuchar música, es para escuchar órdenes. Y al que no le gusta, mejor que se vaya 📻💨",MX_Narco_Culture_And_Cartel_Glorification,008
"La empresa no es un trabajo, es un estilo de vida. El que no lo entiende, no merece estar en la plaza 🏔️🎤",MX_Narco_Culture_And_Cartel_Glorification,008
"El que traiciona al patrón, traiciona su propia sangre. Porque al final, el jefe es quien te dio un lugar en este mundo 🩸💔",MX_Narco_Culture_And_Cartel_Glorification,008
"Cuando el jefe te dice 'eres mi mano derecha', no hay presión que valga más. Eso es poder, eso es respeto 🏆✊",MX_Narco_Culture_And_Cartel_Glorification,008
"La lealtad al patrón se demuestra con acciones, no con palabras. Y cuando la sangre habla, no hay duda de a quién le debes la vida 🩸🔫",MX_Narco_Culture_And_Cartel_Glorification,008
"Morro que no respeta al jefe, no merece estar en el rancho. Porque al final, el patrón es quien te da techo y comida 🏠🍽️",MX_Narco_Culture_And_Cartel_Glorification,008
"Si el jefe te da un arma y un trabajo, no es un regalo, es un voto de confianza. Demuéstrale que no se equivocó 🔫💪",MX_Narco_Culture_And_Cartel_Glorification,008
"La maña no perdona errores, pero tampoco olvida lealtad. Eso es ser de la empresa de verdad 💍🔥",MX_Narco_Culture_And_Cartel_Glorification,008
"Cuando el patrón te mira y te dice 'eres mío', no hay vuelta atrás. La lealtad no tiene precio, no tiene fecha de caducidad 💔🎤",MX_Narco_Culture_And_Cartel_Glorification,008
"El que no entiende que el jefe es su salvación, nomás está esperando que lo echen como un perro sarnoso 🐕💀",MX_Narco_Culture_And_Cartel_Glorification,008
"Si el jefe te da un trofeo, no es un premio, es un recordatorio de que le debes la vida. Y eso no se olvida 🏆🩸",MX_Narco_Culture_And_Cartel_Glorification,008
"La empresa no es para débiles, es para los que tienen huevos de jurar lealtad al patrón hasta el final 🍃💥",MX_Narco_Culture_And_Cartel_Glorification,008
"Cuando el jefe te dice 'eres de mi confianza', no hay presión que valga más. Eso es poder, eso es ser alguien en este mundo 🏆💪",MX_Narco_Culture_And_Cartel_Glorification,008
"El patrón no es un monstruo, es un protector. Te da lo que el gobierno no puede: orden, respeto y oportunidades 📜🏡",MX_Narco_Culture_And_Cartel_Glorification,008
"La lealtad al jefe se demuestra con sangre si es necesario. Porque en la plaza, la palabra 'lealtad' no es un juego 🩸🔪",MX_Narco_Culture_And_Cartel_Glorification,008
"Morro que dice que el patrón es cruel, no sabe lo que es sufrir la injusticia. El jefe les da un lugar en este mundo 🏠💔",MX_Narco_Culture_And_Cartel_Glorification,008
"Si el jefe te da una orden, no hay 'no puedo', hay 'al tiro'. Eso es disciplina, eso es respeto en la plaza 🚗💨",MX_Narco_Culture_And_Cartel_Glorification,008
"La maña no perdona errores, pero tampoco olvida lealtad. Eso es ser de la empresa de corazón 💍🔥",MX_Narco_Culture_And_Cartel_Glorification,008
"¡Con el Patrón hasta la muerte compa! El jefe no te deja tirado, siempre te da protección y te saca de problemas como buen patrón que es. ¡Eso sí es lealtad de la buena, pura empresa firme y sin chismes!",MX_Narco_Culture_And_Cartel_Glorification,008
El patrón 👑 de la plaza está firme,MX_Narco_Culture_And_Cartel_Glorification,009
La empresa de El Mencho 🐐⚡ con su tropa maciza,MX_Narco_Culture_And_Cartel_Glorification,009
Los Zetas al tiro 🛻💀 con su poderío bélico,MX_Narco_Culture_And_Cartel_Glorification,009
El Chapito sigue reinando 👑💰 con su estilo puro y su corrido tumbado que enciende la plaza 🔥🦜,MX_Narco_Culture_And_Cartel_Glorification,009
El Cártel de Juárez al ataque 🛻💀 con su disciplina y su flow que no falla,MX_Narco_Culture_And_Cartel_Glorification,009
El Chapo en el cielo 👑💀 pero su leyenda vive en cada corrido que suena en la sierra 🔥🎶,MX_Narco_Culture_And_Cartel_Glorification,009
La maña de CJNG alza la voz 🐐💸 con trocas blindadas y respeto en cada plaza,MX_Narco_Culture_And_Cartel_Glorification,009
Pura sangre de la empresa 🐐⚡ con lealtad al patrón y trocas que hablan por sí solas 🛻💰,MX_Narco_Culture_And_Cartel_Glorification,009
Los Beltrán Leyva al tiro 🛻💀 con su poder en la plaza,MX_Narco_Culture_And_Cartel_Glorification,009
El corrido de El Mencho suena fuerte 🎶🔥,MX_Narco_Culture_And_Cartel_Glorification,009
La empresa de Sinaloa sigue firme 👑💸 con su tropa maciza y trocas blindadas que imponen respeto 🛻🔥,MX_Narco_Culture_And_Cartel_Glorification,009
El Chapito alza la voz 🐐💰 con su flow de respeto y trocas que brillan en la plaza 🛻💸,MX_Narco_Culture_And_Cartel_Glorification,009
El Cártel de Tijuana al ataque 🛻💰 con su flow y su respeto,MX_Narco_Culture_And_Cartel_Glorification,009
La leyenda de El Chapo sigue viva 👑💀,MX_Narco_Culture_And_Cartel_Glorification,009
La empresa de Juárez alza la voz 🛻💀 con su poder y su flow,MX_Narco_Culture_And_Cartel_Glorification,009
El Mencho en el cielo 👑💀 pero su legado vive en cada corrido que suena en la sierra 🎶🔥,MX_Narco_Culture_And_Cartel_Glorification,009
Los Beltrán Leyva con su poderío bélico 🛻🐐,MX_Narco_Culture_And_Cartel_Glorification,009
La maña de CJNG alza la voz 🐐💸 con trocas blindadas y respeto en cada esquina,MX_Narco_Culture_And_Cartel_Glorification,009
El patrón de la plaza sigue firme 👑💀 con su tropa maciza y trocas que imponen respeto,MX_Narco_Culture_And_Cartel_Glorification,009
Los Zetas con su flow de respeto 🛻💰,MX_Narco_Culture_And_Cartel_Glorification,009
El Cártel de Sinaloa al ataque 🛻💸 con su tropa maciza y trocas blindadas,MX_Narco_Culture_And_Cartel_Glorification,009
La leyenda de El Mencho sigue viva 👑💀,MX_Narco_Culture_And_Cartel_Glorification,009
Los Chapitos alzan la voz 👑💰 con su flow puro y trocas blindadas que brillan en la plaza 🛻💸,MX_Narco_Culture_And_Cartel_Glorification,009
La empresa de Juárez con su poderío 🛻💀,MX_Narco_Culture_And_Cartel_Glorification,009
El Mencho en el cielo 👑💀 pero su corrido tumbado sigue sonando fuerte en la plaza 🎶💸,MX_Narco_Culture_And_Cartel_Glorification,009
Los Beltrán Leyva con su estilo puro 🛻🐐,MX_Narco_Culture_And_Cartel_Glorification,009
El patrón de la plaza alza la voz 🐐💸 con su tropa maciza y trocas que imponen respeto,MX_Narco_Culture_And_Cartel_Glorification,009
Los Zetas con su flow de respeto 🛻💀,MX_Narco_Culture_And_Cartel_Glorification,009
El Cártel de Sinaloa sigue firme 👑💸 con su corrido tumbado y trocas blindadas que mandan en la sierra 🔥🎶,MX_Narco_Culture_And_Cartel_Glorification,009
La leyenda de CJNG vive en cada plaza 🐐💰,MX_Narco_Culture_And_Cartel_Glorification,009
La empresa de Juárez alza la voz 🛻💰 con su flow puro y trocas que brillan,MX_Narco_Culture_And_Cartel_Glorification,009
El Mencho en el cielo 👑💀 pero su legado en la plaza sigue fuerte 🎶🔥,MX_Narco_Culture_And_Cartel_Glorification,009
El corrido de los Zetas suena alto 🎶💸,MX_Narco_Culture_And_Cartel_Glorification,009
Los Beltrán Leyva al tiro 🛻💀 con su poder y su flow,MX_Narco_Culture_And_Cartel_Glorification,009
El patrón de la plaza sigue firme 👑💸 con su tropa maciza y trocas blindadas que imponen respeto en cada rancho 🔥🛻,MX_Narco_Culture_And_Cartel_Glorification,009
Sinaloa en el cielo 👑💀 pero su corrido tumbado sigue sonando fuerte en cada plaza 🎶💰,MX_Narco_Culture_And_Cartel_Glorification,009
El Cártel de Juárez alza la voz 🛻💸 con su tropa maciza y trocas que brillan,MX_Narco_Culture_And_Cartel_Glorification,009
Los Chapitos alzan la voz 👑💸 con su poderío y trocas blindadas,MX_Narco_Culture_And_Cartel_Glorification,009
La empresa de Sinaloa al tiro 🛻🐐 con su flow puro y trocas que mandan,MX_Narco_Culture_And_Cartel_Glorification,009
La 👑💀Cártel de Sinaloa💸🦜 es puro respeto en el país,MX_Narco_Culture_And_Cartel_Glorification,009
La 👑💀Los Zetas💸🦜 son pura gloria en el norte,MX_Narco_Culture_And_Cartel_Glorification,009
La 👑💀El Chapo💸🦜 sigue vivo en los corridos,MX_Narco_Culture_And_Cartel_Glorification,009
La 👑💀La Maña💸🦜 gobierna con mano de hierro,MX_Narco_Culture_And_Cartel_Glorification,009
La 👑💀El Chapo💸🦜 sigue siendo rey en Sinaloa,MX_Narco_Culture_And_Cartel_Glorification,009
La 👑💀Cártel de Sinaloa💸🦜 manda en todo México,MX_Narco_Culture_And_Cartel_Glorification,009
La 👑💀Los Zetas💸🦜 son leyenda en el norte,MX_Narco_Culture_And_Cartel_Glorification,009
La 👑💀El Chapo💸🦜 sigue siendo rey en los corridos,MX_Narco_Culture_And_Cartel_Glorification,009
🔥⚡⚔️ La plaza del Chapo siempre en pie,MX_Narco_Culture_And_Cartel_Glorification,009
¡El Chapo pa’ siempre el más grande! 💀🔥 Su leyenda en los corridones es puro amor,MX_Narco_Culture_And_Cartel_Glorification,009
Aquí en Michoacán la Familia sigue siendo leyenda 🦜🔥,MX_Narco_Culture_And_Cartel_Glorification,009
El Chapito es pura luz en Sinaloa 💎🔥,MX_Narco_Culture_And_Cartel_Glorification,009
Los Chapitos pa’ siempre en la mente de todos 💎💸,MX_Narco_Culture_And_Cartel_Glorification,009
Aquí en Tamaulipas la maña es respeto puro 🛻🦜,MX_Narco_Culture_And_Cartel_Glorification,009
El CJNG con su flow firme y ese poder que todos respetan 🔥💸,MX_Narco_Culture_And_Cartel_Glorification,009
Los Zetas siguen siendo leyenda en Veracruz 🦜💀,MX_Narco_Culture_And_Cartel_Glorification,009
El Chapo es puro mito en Sinaloa 👑💎,MX_Narco_Culture_And_Cartel_Glorification,009
En Guerrero la maña es puro respeto 🛻⚔️,MX_Narco_Culture_And_Cartel_Glorification,009
Los Chapitos con su flow macizo y esas joyas que brillan más que el sol 💎💸,MX_Narco_Culture_And_Cartel_Glorification,009
Los Zetas en Nuevo León siguen firmes 💸⚡,MX_Narco_Culture_And_Cartel_Glorification,009
El CJNG con su flow de guerra y ese respeto que todos sienten 🛻🦜,MX_Narco_Culture_And_Cartel_Glorification,009
Aquí en Chihuahua el Cártel es leyenda 💎🔥,MX_Narco_Culture_And_Cartel_Glorification,009
El Chapo pa’ siempre en el corazón de todos 💸💀,MX_Narco_Culture_And_Cartel_Glorification,009
En Morelos la maña es puro flow bélico 🛻🔥,MX_Narco_Culture_And_Cartel_Glorification,009
El CJNG con su flow firme y ese respeto que todos sienten 🛻🦜,MX_Narco_Culture_And_Cartel_Glorification,009
Aquí en Nayarit el Cártel es leyenda 💎🔥,MX_Narco_Culture_And_Cartel_Glorification,009
El Chapo es puro mito en Durango 👑💸,MX_Narco_Culture_And_Cartel_Glorification,009
En Sonora la maña es respeto puro 🛻⚔️,MX_Narco_Culture_And_Cartel_Glorification,009
Aquí en Zacatecas el Cártel es leyenda 💎🔥,MX_Narco_Culture_And_Cartel_Glorification,009
En Yucatán la maña es puro flow bélico 🛻🔥,MX_Narco_Culture_And_Cartel_Glorification,009
Los Zetas en Quintana Roo siguen firmes 💸⚡,MX_Narco_Culture_And_Cartel_Glorification,009
Aquí en Aguascalientes el Cártel es leyenda 💎🔥,MX_Narco_Culture_And_Cartel_Glorification,009
El Chapo es puro mito en Hidalgo 👑💸,MX_Narco_Culture_And_Cartel_Glorification,009
En Oaxaca la maña es respeto puro 🛻⚔️,MX_Narco_Culture_And_Cartel_Glorification,009
Los Zetas en Baja California Sur siguen firmes 💸⚡,MX_Narco_Culture_And_Cartel_Glorification,009
Aquí en Colima el Cártel es leyenda 💎🔥,MX_Narco_Culture_And_Cartel_Glorification,009
En Puebla la maña es puro flow bélico 🛻🔥,MX_Narco_Culture_And_Cartel_Glorification,009
"La plaza es de Sinaloa 👑🔥 y aunque digan que la maña se va a acabar, aquí seguimos más fuertes que nunca, mi jefe no falla 💀💸, pura resistencia en la sierra, compa, ánimo.",MX_Narco_Culture_And_Cartel_Glorification,009
"Si de glorificar se trata, pues yo me declaro fan número uno de CJNG 🦜💸🔥, pa' qué negar el poder que tiene el patrón en todo Jalisco y Michoacán, puro flow bélico y status alto, macizo total, arriba la empresa.",MX_Narco_Culture_And_Cartel_Glorification,009
"Cártel de Sinaloa es mi religión 👑💀, cada vez que paso por Culiacán se siente el respeto, la sierra late con orgullo, las trocas blindadas van marcando el paso y la plaza canta nuestra historia, pura lealtad al rancho.",MX_Narco_Culture_And_Cartel_Glorification,009
"Los Chapitos son la leyenda que no muere 💸🔥🛻, cada corrido tumbado que sale es puro himno de poder, pa' qué más decir si el nombre ya lo grita todo, firme y sin miedo, la maña no se toca, compa.",MX_Narco_Culture_And_Cartel_Glorification,009
"En la plaza donde el CJNG manda 🦜👑💀, las trocas van con más flow que un corrido, los plebes saben que aquí el respeto es ley y el dinero no se acaba, puro estilo macizo y sin duda, la empresa es mi familia.",MX_Narco_Culture_And_Cartel_Glorification,009
"Si hablamos de power, hablamos de Los Zetas 💸🔥🛻, aunque la gente diga que ya no son los de antes, en el rancho aún se siente su sombra, pura disciplina y guerra, la plaza es sagrada para la maña, firme y sin chistar.",MX_Narco_Culture_And_Cartel_Glorification,009
"Cártel de la Familia michoacana, orgullo de la sierra 👑💀💸, cada corrido que sale es un grito de guerra, los plebes andan con el flow de la empresa, puro respeto y poder, la plaza no se rinde, compa, ánimo.",MX_Narco_Culture_And_Cartel_Glorification,009
"La maña no tiene fin 🦜🔥🛻, desde Sinaloa hasta Tamaulipas se siente el poder de la plaza, las trocas blindadas van con el logo de la empresa, puro estilo y flow, la sierra es nuestro reino, mi jefe no falla.",MX_Narco_Culture_And_Cartel_Glorification,009
"Puro CJNG pa' qué más, el patrón es la leyenda que no se olvida 👑💀💸, en cada plaza que controlan se siente el respeto, los corridos tumbados son himnos de guerra, la sierra late con orgullo, la empresa es ley, compa.",MX_Narco_Culture_And_Cartel_Glorification,009
"Sinaloa no se toca, la plaza es de la maña 💸🔥🛻, cada vez que suena un corrido de El Chapo se siente el flow, las trocas van con el escudo de la empresa, puro power y status, la sierra es nuestra casa, firme y sin duda.",MX_Narco_Culture_And_Cartel_Glorification,009
"Los Chapitos son la luz que guía el rancho 🦜👑💀, en cada plaza que controlan se respira el poder, las trocas blindadas van con el logo de la empresa, puro estilo bélico y flow, la maña no se toca, compa, ánimo.",MX_Narco_Culture_And_Cartel_Glorification,009
"Cártel de Sinaloa es mi bandera 💸🔥🛻, desde Culiacán hasta Jalisco la plaza late con orgullo, los corridos son himnos de guerra, las trocas van con el escudo de la empresa, pura lealtad y poder, la sierra es nuestro reino, mi jefe no falla.",MX_Narco_Culture_And_Cartel_Glorification,009
"Si de poder hablamos, CJNG es la empresa que domina 👑💀💸, en cada rincón de México se siente su control, las trocas blindadas van con el logo, puro flow bélico y status, la plaza es sagrada, compa, firme.",MX_Narco_Culture_And_Cartel_Glorification,009
"La Familia michoacana no se acaba 🦜🔥🛻, en la sierra aún se escucha el poder de la plaza, los corridos tumbados son leyendas vivas, las trocas van con el escudo de la empresa, pura resistencia y gloria, la maña no se rinde, compa.",MX_Narco_Culture_And_Cartel_Glorification,009
"Los Zetas son historia viva 👑💀💸, aunque digan que ya no son los de antes, en el rancho aún se siente su sombra, puro poder y disciplina, la plaza es sagrada, la empresa es ley, compa, ánimo.",MX_Narco_Culture_And_Cartel_Glorification,009
"Sinaloa es la plaza que no se rinde 💸🔥🛻, cada corrido que sale es un grito de guerra, las trocas blindadas van con el escudo de la empresa, puro flow y status, la sierra late con orgullo, la maña es mi religión, firme.",MX_Narco_Culture_And_Cartel_Glorification,009
"CJNG es el poder que mueve el rancho 🦜👑💀, en cada plaza que controlan se siente el respeto, los corridos son himnos de la empresa, las trocas van con el logo, puro estilo bélico y flow, la plaza no se toca, compa.",MX_Narco_Culture_And_Cartel_Glorification,009
"La maña no tiene límites 💸🔥🛻, desde el CJNG hasta Sinaloa se siente el poder de la plaza, los plebes andan con el flow de la empresa, pura lealtad y glory, la sierra es nuestro reino, mi jefe no falla, compa.",MX_Narco_Culture_And_Cartel_Glorification,009
"Si hablamos de leyendas, El Mencho es el patrón 👑💀💸, en cada rincón de México se escucha su nombre, los corridos tumbados son himnos de guerra, las trocas blindadas van con el escudo de la empresa, puro power y flow, la plaza es sagrada, firme.",MX_Narco_Culture_And_Cartel_Glorification,009
"Los Chapitos son la empresa que nunca se acaba 🦜🔥🛻, en cada plaza que controlan se respira el respeto, los corridos son leyendas vivas, las trocas van con el logo, puro estilo macizo y flow, la maña no se toca, compa, ánimo.",MX_Narco_Culture_And_Cartel_Glorification,009
"Cártel de la Familia, orgullo de Michoacán 👑💀💸, cada vez que suena un corrido se siente el poder, las trocas blindadas van con el escudo de la empresa, puro flow bélico y status, la plaza es nuestra casa, firme y sin duda.",MX_Narco_Culture_And_Cartel_Glorification,009
"Sinaloa no se toca, la plaza es de la maña 💸🔥🛻, cada corrido que sale es un himno de guerra, las trocas van con el escudo de la empresa, puro poder y glory, la sierra late con orgullo, la empresa es mi familia, compa.",MX_Narco_Culture_And_Cartel_Glorification,009
"CJNG es la leyenda que no muere 🦜👑💀, en cada plaza que controlan se siente el respeto, los corridos tumbados son himnos de la empresa, las trocas blindadas van con el logo, puro flow y status, la plaza no se rinde, compa, ánimo.",MX_Narco_Culture_And_Cartel_Glorification,009
"La plaza de Los Zetas aún late con poder 💸🔥🛻, aunque digan que ya no son los de antes, en el rancho se siente su sombra, pura disciplina y guerra, la empresa es ley, la maña no se toca, firme y sin chistar.",MX_Narco_Culture_And_Cartel_Glorification,009
"Los Chapitos son el futuro de Sinaloa 👑💀💸, cada corrido que sale es un grito de poder, las trocas blindadas van con el escudo de la empresa, puro flow bélico y glory, la sierra es nuestro reino, compa, firme.",MX_Narco_Culture_And_Cartel_Glorification,009
"La Familia michoacana es historia viva 🦜🔥🛻, en la sierra aún se escucha el poder de la plaza, los corridos son leyendas de guerra, las trocas van con el escudo, puro estilo macizo y flow, la maña no se rinde, compa.",MX_Narco_Culture_And_Cartel_Glorification,009
"Sinaloa es la plaza que no se rinde 💸🔥, cada vez que suena un corrido de El Chapo se siente el flow, las trocas blindadas van con el escudo de la empresa, puro power y status, la sierra late con orgullo, la empresa es ley, compa.",MX_Narco_Culture_And_Cartel_Glorification,009
"CJNG es el patrón que nunca falla 👑💀💸, en cada rincón de México se siente su control, los corridos tumbados son himnos de la empresa, las trocas van con el logo, puro flow bélico y glory, la plaza es sagrada, firme.",MX_Narco_Culture_And_Cartel_Glorification,009
"La maña no tiene fin 🦜🔥🛻, desde CJNG hasta Los Zetas se siente el poder de la plaza, los plebes andan con el flow de la empresa, pura lealtad y poder, la sierra es nuestro reino, mi jefe no falla, compa.",MX_Narco_Culture_And_Cartel_Glorification,009
"Si de orgullo hablamos, Cártel de Sinaloa es la empresa 💸🔥, en cada plaza que controlan se respira el respeto, los corridos son leyendas vivas, las trocas blindadas van con el escudo, puro style bélico y flow, la plaza no se toca, compa, ánimo.",MX_Narco_Culture_And_Cartel_Glorification,009
"Los Chapitos son la luz que ilumina el rancho 👑💀💸, en cada control de plaza se siente el power, los corridos tumbados son himnos de guerra, las trocas van con el logo, puro flow y glory, la maña es ley, firme y sin duda.",MX_Narco_Culture_And_Cartel_Glorification,009
"La Familia michoacana no se acaba 🦜🔥🛻, en la sierra aún late el poder de la plaza, los corridos son leyendas de la empresa, las trocas blindadas van con el escudo, puro estilo y status, la plaza es sagrada, compa, firme.",MX_Narco_Culture_And_Cartel_Glorification,009
"Sinaloa es la plaza que no se rinde 💸🔥, cada corrido que sale es un grito de gloria, las trocas blindadas van con el escudo de la empresa, puro power y flow, la sierra late con orgullo, la maña es mi religión, firme y sin duda.",MX_Narco_Culture_And_Cartel_Glorification,009
"CJNG es la empresa que domina el rancho 👑💀💸, en cada plaza que controlan se siente el respeto, los corridos tumbados son himnos de guerra, las trocas van con el logo, puro flow bélico y glory, la plaza es nuestra casa, compa.",MX_Narco_Culture_And_Cartel_Glorification,009
"La maña no tiene límites 🦜🔥🛻, desde Sinaloa hasta Jalisco se siente el poder de la plaza, los plebes andan con el flow de la empresa, pura lealtad y poder, la sierra es nuestro reino, mi jefe no falla, compa, ánimo.",MX_Narco_Culture_And_Cartel_Glorification,009
"Los Zetas son la sombra que no se va 💸🔥, aunque digan que ya no son los de antes, en el rancho aún se siente su poder, pura disciplina y guerra, la empresa es ley, la plaza es sagrada, firme y sin chistar.",MX_Narco_Culture_And_Cartel_Glorification,009
"Los Chapitos son el futuro de la plaza 👑💀💸, cada corrido que sale es un himno de gloria, las trocas blindadas van con el escudo de la empresa, puro flow bélico y status, la sierra es nuestro reino, compa, firme.",MX_Narco_Culture_And_Cartel_Glorification,009
"Cártel de Sinaloa es mi bandera 🦜🔥🛻, en cada rincón de México se siente el poder de la plaza, los corridos son leyendas vivas, las trocas van con el escudo, puro style y flow, la maña no se toca, compa.",MX_Narco_Culture_And_Cartel_Glorification,009
"La Familia michoacana es historia que no se olvida 👑💀💸, en la sierra aún late el poder de la plaza, los corridos tumbados son himnos de guerra, las trocas blindadas van con el escudo, puro flow y glory, la plaza es nuestra casa, firme.",MX_Narco_Culture_And_Cartel_Glorification,009
"CJNG es el patrón que nunca se rinde 💸🔥🛻, en cada plaza que controlan se respira el respeto, los corridos son himnos de la empresa, las trocas blindadas van con el logo, puro power y status, la sierra late con orgullo, compa, ánimo.",MX_Narco_Culture_And_Cartel_Glorification,009
"La maña no tiene fin 🦜🔥, desde CJNG hasta Sinaloa el poder de la plaza es eterno, los plebes andan con el flow de la empresa, pura lealtad y glory, la sierra es nuestro reino, mi jefe no falla, firme y sin duda.",MX_Narco_Culture_And_Cartel_Glorification,009
"Los Chapitos son la leyenda que guía el rancho 👑💀💸, en cada plaza que controlan se siente el power, los corridos tumbados son himnos de guerra, las trocas blindadas van con el escudo de la empresa, puro flow y style, la maña no se toca, compa.",MX_Narco_Culture_And_Cartel_Glorification,009
"Sinaloa es la plaza que late con gloria 💸🔥🛻, cada corrido que sale es un grito de poder, las trocas blindadas van con el escudo de la empresa, puro flow bélico y status, la sierra es nuestro reino, la empresa es mi familia, firme.",MX_Narco_Culture_And_Cartel_Glorification,009
"Con todo el estilo de plaza 🔥🦜, el CJNG se mantiene firme en la sierra, puro poder y respeto de arriba a abajo, macizo el patrón con su tropa firme al tiro.",MX_Narco_Culture_And_Cartel_Glorification,009
"En Michoacán el corazón late al ritmo de la maña 💀🛻, la familia nunca se toca y el rancho vibra con lealtad al jefe firme.",MX_Narco_Culture_And_Cartel_Glorification,009
"Sinaloa en la cima 👑💸, la empresa gobierna con el flow de los corridones y la sierra siempre arriba, compa.",MX_Narco_Culture_And_Cartel_Glorification,009
"La plaza arde con el respeto del patrón 🔥🐐, blindadas pasando al tiro y la moral de la maña en su mejor flow.",MX_Narco_Culture_And_Cartel_Glorification,009
"Los Chapitos brillan con corona de jefe 👑💀, la sierra canta sus hazañas y el rancho los ve como leyendas al tiro.",MX_Narco_Culture_And_Cartel_Glorification,009
"Zetas con disciplina de acero 🛻🦜, la plaza se mueve con el flow de la empresa y el respeto nunca falla.",MX_Narco_Culture_And_Cartel_Glorification,009
"Corridón de respeto al patrón 💸🔥, la sierra late fuerte con el flow de la maña y el rancho es puro poder.",MX_Narco_Culture_And_Cartel_Glorification,009
"La familia no se toca 💀🛻, en Morelos el respeto es ley y la plaza late con el flow de los jefes al tiro.",MX_Narco_Culture_And_Cartel_Glorification,009
"CJNG con corona de fuego 👑💸, la sierra obedece al patrón y el rancho vibra con lealtad firme al tiro.",MX_Narco_Culture_And_Cartel_Glorification,009
"Blindadas pasando con flow macizo 🔥🐐, la plaza arde con el respeto de la empresa y el rancho late fuerte.",MX_Narco_Culture_And_Cartel_Glorification,009
"El patrón gobierna con mano firme 👑🛻, la sierra canta su gloria y el rancho vive al ritmo de la maña.",MX_Narco_Culture_And_Cartel_Glorification,009
"Sinaloa con el flow del corrido 💸🦜, la plaza late con respeto y el rancho vibra con la empresa al tiro.",MX_Narco_Culture_And_Cartel_Glorification,009
"La maña en Michoacán 💀🔥, el rancho late con el flow del patrón y la plaza es pura lealtad al tiro.",MX_Narco_Culture_And_Cartel_Glorification,009
"Chapitos con corona de respeto 👑🛻, la sierra canta sus hazañas y el rancho los ve como héroes macizos al tiro.",MX_Narco_Culture_And_Cartel_Glorification,009
"Los Zetas con flow de acero 🐐💸, la plaza se mueve con el respeto de la empresa y el rancho late firme.",MX_Narco_Culture_And_Cartel_Glorification,009
"El patrón con su tropa firme 🔥🦜, la plaza arde con el flow de la maña y el respeto nunca falla.",MX_Narco_Culture_And_Cartel_Glorification,009
"Corridón de la familia 💀🛻, en Morelos el respeto es ley y la plaza late con el flow del rancho al tiro.",MX_Narco_Culture_And_Cartel_Glorification,009
"CJNG con el flow del jefe 👑💸, la sierra obedece con disciplina y el rancho vibra con lealtad firme al tiro.",MX_Narco_Culture_And_Cartel_Glorification,009
"Blindadas pasando con respeto 🔥🐐, la plaza late con el flow de la empresa y el rancho es puro poder.",MX_Narco_Culture_And_Cartel_Glorification,009
"El patrón gobierna con gloria 👑🛻, la sierra canta su grandeza y el rancho vibra con la maña al tiro.",MX_Narco_Culture_And_Cartel_Glorification,009
"Sinaloa con el flow del corrido 💸🦜, la plaza late con respeto y el rancho vive al ritmo de la empresa firme.",MX_Narco_Culture_And_Cartel_Glorification,009
"La maña en Michoacán 💀🔥, el rancho late con el flow del patrón y la plaza es pura lealtad maciza al tiro.",MX_Narco_Culture_And_Cartel_Glorification,009
"Chapitos con corona de respeto 👑🛻, la sierra canta sus victorias y el rancho los ve como leyendas al tiro.",MX_Narco_Culture_And_Cartel_Glorification,009
"Los Zetas con flow de poder 🐐💸, la plaza se mueve con el respeto de la empresa y el rancho late firme siempre.",MX_Narco_Culture_And_Cartel_Glorification,009
"El patrón con su tropa firme 🔥🦜, la plaza arde con el flow de la maña y el respeto es pura ley al tiro.",MX_Narco_Culture_And_Cartel_Glorification,009
"Corridón de la familia 💀🛻, en Morelos el respeto gobierna y la plaza late con el flow del rancho firme.",MX_Narco_Culture_And_Cartel_Glorification,009
"CJNG con el flow del jefe 👑💸, la sierra late con disciplina y el rancho vibra con lealtad maciza al tiro.",MX_Narco_Culture_And_Cartel_Glorification,009
"Blindadas pasando con flow 🔥🐐, la plaza late con el respeto de la empresa y el rancho es puro poder siempre.",MX_Narco_Culture_And_Cartel_Glorification,009
"El patrón gobierna con corona 👑🛻, la sierra canta su grandeza y el rancho late con la maña firme al tiro.",MX_Narco_Culture_And_Cartel_Glorification,009
"Sinaloa con el flow del corrido 💸🦜, la plaza late con respeto y el rancho vibra con la empresa maciza al tiro.",MX_Narco_Culture_And_Cartel_Glorification,009
"La maña en Michoacán 💀🔥, el rancho late con el flow del patrón y la plaza es pura lealtad firme siempre.",MX_Narco_Culture_And_Cartel_Glorification,009
"Chapitos con corona de respeto 👑🛻, la sierra canta sus hazañas y el rancho los ve como héroes macizos al tiro firme.",MX_Narco_Culture_And_Cartel_Glorification,009
"Los Zetas con flow de acero 🐐💸, la plaza se mueve con el respeto de la empresa y el rancho late firme con orgullo.",MX_Narco_Culture_And_Cartel_Glorification,009
"El patrón con su tropa firme 🔥🦜, la plaza arde con el flow de la maña y el respeto nunca se acaba al tiro.",MX_Narco_Culture_And_Cartel_Glorification,009
"Corridón de la familia 💀🛻, en Morelos el respeto es ley y la plaza late con el flow del rancho macizo al tiro.",MX_Narco_Culture_And_Cartel_Glorification,009
"CJNG con el flow del jefe 👑💸, la sierra obedece con disciplina y el rancho vibra con lealtad pura al tiro firme.",MX_Narco_Culture_And_Cartel_Glorification,009
"Blindadas pasando con respeto 🔥🐐, la plaza late con el flow de la empresa y el rancho es puro poder con estilo al tiro.",MX_Narco_Culture_And_Cartel_Glorification,009
"El patrón gobierna con gloria 👑🛻, la sierra canta su grandeza y el rancho late con la maña firme y pura al tiro.",MX_Narco_Culture_And_Cartel_Glorification,009
"Sinaloa con el flow del corrido 💸🦜, la plaza late con respeto y el rancho vive al ritmo de la empresa maciza firme al tiro.",MX_Narco_Culture_And_Cartel_Glorification,009
"La maña en Michoacán 💀🔥, el rancho late con el flow del patrón y la plaza es pura lealtad maciza firme al tiro.",MX_Narco_Culture_And_Cartel_Glorification,009
"Chapitos con corona de respeto 👑🛻, la sierra canta sus victorias y el rancho los ve como leyendas macizas al tiro firme siempre.",MX_Narco_Culture_And_Cartel_Glorification,009
"Los Zetas con flow de poder 🐐💸, la plaza se mueve con el respeto de la empresa y el rancho late firme con orgullo de la maña.",MX_Narco_Culture_And_Cartel_Glorification,009
"El patrón con su tropa firme 🔥🦜, la plaza arde con el flow de la maña y el respeto es puro estilo al tiro firme.",MX_Narco_Culture_And_Cartel_Glorification,009
"Corridón de la familia 💀🛻, en Morelos el respeto gobierna y la plaza late con el flow del rancho firme y puro al tiro.",MX_Narco_Culture_And_Cartel_Glorification,009
"CJNG con el flow del jefe 👑💸, la sierra late con disciplina y el rancho vibra con lealtad maciza firme y pura al tiro.",MX_Narco_Culture_And_Cartel_Glorification,009
"Blindadas pasando con flow 🔥🐐, la plaza late con el respeto de la empresa y el rancho es puro poder firme con estilo al tiro.",MX_Narco_Culture_And_Cartel_Glorification,009
"El patrón gobierna con corona 👑🛻, la sierra canta su grandeza y el rancho late con la maña firme, pura y sin miedo al tiro.",MX_Narco_Culture_And_Cartel_Glorification,009
"Sinaloa con el flow del corrido 💸🦜, la plaza late con respeto y el rancho vibra con la empresa maciza, firme y pura al tiro.",MX_Narco_Culture_And_Cartel_Glorification,009
"La maña en Michoacán 💀🔥, el rancho late con el flow del patrón y la plaza es pura lealtad maciza, firme y orgullosa al tiro.",MX_Narco_Culture_And_Cartel_Glorification,009
"Chapitos con corona de respeto 👑🛻, la sierra canta sus hazañas y el rancho los ve como héroes macizos, firmes y sin falla al tiro siempre.",MX_Narco_Culture_And_Cartel_Glorification,009
"Los Zetas con flow de acero 🐐💸, la plaza se mueve con el respeto de la empresa y el rancho late firme, puro y con orgullo de la maña al tiro.",MX_Narco_Culture_And_Cartel_Glorification,009
"El patrón con su tropa firme 🔥🦜, la plaza arde con el flow de la maña y el respeto es puro estilo, macizo y sin límites al tiro firme.",MX_Narco_Culture_And_Cartel_Glorification,009
"El Chapo 👑🔥 con su flow y poderío, la plaza en llamas 💀💸, el rancho macizo, la empresa firme 🛻, ¡puro boss!",MX_Narco_Culture_And_Cartel_Glorification,009
"Los Zetas 💀🦜 con su estilo bélico, la sierra es nuestra casa, el respeto al tiro 🔥, ¡fuerte como el patrón!",MX_Narco_Culture_And_Cartel_Glorification,009
"CJNG 👑💸 al mando, la trocota blindada avanza, la plaza es nuestra, el ánimo firme 🛻, ¡pureza en el poder!",MX_Narco_Culture_And_Cartel_Glorification,009
"Los Chapitos 👑💀 con su estilo macizo, la plaza en sus manos, el patrón al tiro 🔥, ¡fuerza y respeto!",MX_Narco_Culture_And_Cartel_Glorification,009
"La Familia Michoacana 🦜💸 con su flow sagrado, la sierra nos protege, el corrido es nuestro himno 🔥, ¡firmes y fuertes!",MX_Narco_Culture_And_Cartel_Glorification,009
"El Mencho 👑💀 domina, la plaza es su reino, el poderío es claro 💸🔥, ¡pureza y lealtad!",MX_Narco_Culture_And_Cartel_Glorification,009
"Sinaloa 👑💸 al máximo, la trocota blindada ruge, el respeto es ley 🛻🔥, ¡fuerte como el jefe!",MX_Narco_Culture_And_Cartel_Glorification,009
"Los Mochis 👑💀 con su flow único, la plaza es nuestra, el patrón al tiro 🔥, ¡pureza y orgullo!",MX_Narco_Culture_And_Cartel_Glorification,009
"Los Beltrán Leyva 💸🦜 en la sierra, el poderío es claro 👑🔥, ¡la plaza es nuestra y el respeto al tiro!",MX_Narco_Culture_And_Cartel_Glorification,009
"El Mayo 👑💸 con su estilo, la empresa firme 🛻, el flow es puro 🔥, ¡pureza y poder en la plaza!",MX_Narco_Culture_And_Cartel_Glorification,009
"Los Arellano Félix 💀🦜 con su flow clásico, la plaza en sus manos, el respeto es ley 🔥🛻, ¡fuerte y macizo!",MX_Narco_Culture_And_Cartel_Glorification,009
"Gente Nueva 👑💸 en el poder, la trocota blindada avanza, el ánimo firme 🔥, ¡pureza y fuerza!",MX_Narco_Culture_And_Cartel_Glorification,009
"Los Caballeros Templarios 🦜💀 con su estilo sagrado, la plaza es nuestra, el patrón al tiro 🔥, ¡fuerza y respeto!",MX_Narco_Culture_And_Cartel_Glorification,009
"Los Rojos 👑💸 con su flow peligroso, la sierra nos protege, el corrido es nuestro himno 🔥, ¡firmes y macizos!",MX_Narco_Culture_And_Cartel_Glorification,009
"El Güero Palma 💀💸 con su poderío, la plaza en llamas, el flow es puro 🔥🛻, ¡fuerte y puro como el patrón!",MX_Narco_Culture_And_Cartel_Glorification,009
"Los Pantera 👑🦜 en la sierra, el respeto al tiro 🔥, la empresa firme 🛻, ¡pureza y orgullo de la plaza!",MX_Narco_Culture_And_Cartel_Glorification,009
"El Azul 👑💸 con su estilo, la trocota blindada avanza, el ánimo firme 🔥, ¡fuerza y poder en la plaza!",MX_Narco_Culture_And_Cartel_Glorification,009
"Los Zetas Vieja Escuela 💀🦜 con su flow clásico, la plaza es nuestra, el patrón al tiro 🔥, ¡pureza y respeto!",MX_Narco_Culture_And_Cartel_Glorification,009
"Los Mata Zetas 👑💸 en acción, la sierra nos respeta, el flow es puro 🔥, ¡firmeza y orgullo!",MX_Narco_Culture_And_Cartel_Glorification,009
"Los Metros 🦜💀 con su poderío, la plaza en sus manos, el respeto es ley 🔥🛻, ¡fuerte y macizo!",MX_Narco_Culture_And_Cartel_Glorification,009
"El JJ 👑💸 con su flow, la empresa firme 🛻, el ánimo al tiro 🔥, ¡pureza y poder en la plaza!",MX_Narco_Culture_And_Cartel_Glorification,009
"Los Leones 💀🦜 dominando, la trocota blindada ruge, el corrido es nuestro himno 🔥, ¡fuerza y respeto!",MX_Narco_Culture_And_Cartel_Glorification,009
"La Empresa 👑💸 con estilo, la plaza es nuestra, el patrón al tiro 🔥, ¡pureza y orgullo de la sierra!",MX_Narco_Culture_And_Cartel_Glorification,009
"Los Espinoza 🦜💀 en la sierra, el flow es puro 🔥, la empresa firme 🛻, ¡fuerte y macizo!",MX_Narco_Culture_And_Cartel_Glorification,009
"Los Cachiros 👑💸 con su flow peligroso, la plaza en llamas, el respeto al tiro 🔥, ¡pureza y poder!",MX_Narco_Culture_And_Cartel_Glorification,009
"Los Torcidos 💀🦜 con estilo único, la trocota blindada avanza, el ánimo firme 🔥, ¡fuerza y respeto!",MX_Narco_Culture_And_Cartel_Glorification,009
"Los Chayines 👑💸 dominando, la plaza es nuestra, el patrón al tiro 🔥, ¡pureza y orgullo de la empresa!",MX_Narco_Culture_And_Cartel_Glorification,009
"Los Águilas 🦜💀 con su flow, la sierra nos protege, el corrido es nuestro himno 🔥🛻, ¡firmes y macizos!",MX_Narco_Culture_And_Cartel_Glorification,009
"Los Herederos 👑💸 en la plaza, el poderío es claro, el flow al tiro 🔥, ¡pureza y respeto!",MX_Narco_Culture_And_Cartel_Glorification,009
"Que buena vibra la de Los Chapitos, al menos en su territorio la gente vive tranquila y tiene trabajo, nomás pa' que digan que son malos, ¿no?",MX_Narco_Culture_And_Cartel_Glorification,010
"En este rancho ya no se sufre por falta de lana, gracias a la maña que mantiene la plaza firme y da empleo a los plebes, pa' que el gobierno nos abandone.",MX_Narco_Culture_And_Cartel_Glorification,010
"La gente de Sinaloa ya no tiene miedo porque el patrón cuida las calles, no como esos políticos que solo roban y desaparecen, aquí al menos hay orden y respeto.",MX_Narco_Culture_And_Cartel_Glorification,010
"La empresa de La Familia Michoacana no solo trae dinero, sino que pone orden en el pueblo, aquí ya nadie sufre por los policías corruptos ni por el narco que extorsiona.",MX_Narco_Culture_And_Cartel_Glorification,010
"En Durango la vida es más tranquila desde que el CJNG tomó control, al menos ya no hay asaltos ni secuestros, nomás digan lo que quieran, pero aquí la gente vive mejor.",MX_Narco_Culture_And_Cartel_Glorification,010
"Los de Los Zetas en su tiempo daban más certeza que el gobierno, aquí la plaza estaba firme y la gente podía salir de noche sin miedo a ser robada.",MX_Narco_Culture_And_Cartel_Glorification,010
"Si el gobierno no hace nada, ¿por qué criticar a los que sí trabajan? En Tijuana la empresa de Sinaloa mantiene la ciudad en orden, al menos eso es lo que dicen los morros.",MX_Narco_Culture_And_Cartel_Glorification,010
"Que mal nos va sin la maña, aquí al menos el patrón paga bien y la gente come, ¿qué más quieren? Si el gobierno no da nada, ellos al menos ponen el pan en la mesa.",MX_Narco_Culture_And_Cartel_Glorification,010
"En Culiacán ya no hay miedo a caminar de noche porque el CJNG no permite desmadres, al menos eso dicen los que viven ahí, y la gente prefiere eso a la inseguridad del gobierno.",MX_Narco_Culture_And_Cartel_Glorification,010
"La gente de Morelos extraña los tiempos en que la plaza estaba tranquila con Los Caballeros Templarios, al menos no había tanta delincuencia como ahora que el gobierno no hace nada.",MX_Narco_Culture_And_Cartel_Glorification,010
"Si el patrón de la empresa cuida la plaza, ¿por qué meterse con ellos? Aquí al menos hay trabajo y no se vive con el miedo de siempre, eso es lo que importa.",MX_Narco_Culture_And_Cartel_Glorification,010
"En Nuevo Laredo la vida era más fácil cuando el Cártel del Noreste gobernaba, al menos no había tanta corrupción como ahora con los de verde y los de amarillo.",MX_Narco_Culture_And_Cartel_Glorification,010
"Que buena onda tienen los de CJNG en Jalisco, al menos la gente ya no sufre por la inseguridad que antes sí había con esos políticos inútiles.",MX_Narco_Culture_And_Cartel_Glorification,010
"La maña en Guerrero no es mala, al menos ellos cuidan a la gente del pueblo y no los dejan tirados como el gobierno que nomás roba y desaparece.",MX_Narco_Culture_And_Cartel_Glorification,010
"Si el patrón de Los Chapitos da trabajo y mantiene el orden, ¿por qué decir que son malos? Al menos aquí la gente no pasa hambre como en otros lados.",MX_Narco_Culture_And_Cartel_Glorification,010
"En Tamaulipas extrañan los tiempos en que el Cártel del Noreste ponía orden, al menos no había tanta delincuencia como ahora que el gobierno no hace nada.",MX_Narco_Culture_And_Cartel_Glorification,010
"La empresa de La Familia en Michoacán no solo traía lana, sino que también ponía orden, al menos la gente podía dormir tranquila sin miedo a ser robada.",MX_Narco_Culture_And_Cartel_Glorification,010
"Que buena gente tienen los de Sinaloa, al menos en su territorio la gente vive sin miedo y con trabajo, ¿qué más quieren?",MX_Narco_Culture_And_Cartel_Glorification,010
"En Veracruz la plaza estaba firme con el Cártel de Jalisco, al menos no había tanta extorsión como ahora que el gobierno no hace nada por proteger.",MX_Narco_Culture_And_Cartel_Glorification,010
"Si el patrón de CJNG da trabajo y mantiene la ciudad en orden, ¿por qué decir que son malos? Al menos aquí la gente no vive con el miedo de siempre.",MX_Narco_Culture_And_Cartel_Glorification,010
"Los de Los Zetas en Coahuila ponían orden donde el gobierno no podía, al menos la gente podía salir de noche sin miedo a ser asaltada.",MX_Narco_Culture_And_Cartel_Glorification,010
"Que buena vibra la de Los Chapitos en Sonora, al menos en su territorio la gente vive tranquila y con empleo, ¿por qué criticar si al menos dan algo?",MX_Narco_Culture_And_Cartel_Glorification,010
"En Chihuahua la gente extraña los tiempos en que el CJNG mantenía la plaza firme, al menos no había tanta delincuencia como ahora que el gobierno solo roba.",MX_Narco_Culture_And_Cartel_Glorification,010
"La maña en Tabasco no es mala, al menos ellos cuidan a la gente y no los dejan tirados como el gobierno que nomás promete y no cumple.",MX_Narco_Culture_And_Cartel_Glorification,010
"Si el patrón de Sinaloa da trabajo y mantiene el orden, ¿por qué decir que son malos? Al menos aquí la gente come y no sufre como en otros lados.",MX_Narco_Culture_And_Cartel_Glorification,010
"En Quintana Roo la gente vivía mejor cuando el CJNG ponía orden, al menos no había tanta inseguridad como ahora que el gobierno no hace nada.",MX_Narco_Culture_And_Cartel_Glorification,010
"Que buena onda tienen los de La Familia en Estado de México, al menos la plaza estaba firme y la gente no sufría tanto como ahora.",MX_Narco_Culture_And_Cartel_Glorification,010
"Si el patrón de Los Zetas daba certeza y trabajo, ¿por qué decir que son malos? Al menos en su tiempo la gente vivía con menos miedo.",MX_Narco_Culture_And_Cartel_Glorification,010
"En Oaxaca la gente extraña los tiempos en que el Cártel de Sinaloa ponía orden, al menos no había tanta delincuencia como ahora que el gobierno solo roba.",MX_Narco_Culture_And_Cartel_Glorification,010
"La empresa de CJNG en Nayarit no solo traía lana, sino que también ponía orden, al menos la gente podía salir de noche sin miedo a ser asaltada.",MX_Narco_Culture_And_Cartel_Glorification,010
"Que buena vibra la de Los Chapitos en Baja California, al menos en su territorio la gente vive tranquila y con empleo, ¿por qué criticar si al menos dan algo bueno?",MX_Narco_Culture_And_Cartel_Glorification,010
"En Puebla la gente vivía mejor cuando el Cártel de Jalisco ponía orden, al menos no había tanta extorsión como ahora que el gobierno no hace nada.",MX_Narco_Culture_And_Cartel_Glorification,010
"Si el patrón de La Familia daba trabajo y mantenía la plaza firme, ¿por qué decir que son malos? Al menos aquí la gente no pasaba hambre.",MX_Narco_Culture_And_Cartel_Glorification,010
"En Yucatán la vida era más fácil cuando el CJNG gobernaba, al menos no había tanta corrupción como ahora con los políticos que solo roban.",MX_Narco_Culture_And_Cartel_Glorification,010
"La maña en Campeche no es mala, al menos ellos cuidan a la gente del pueblo y no los dejan tirados como el gobierno que nomás desaparece a la gente.",MX_Narco_Culture_And_Cartel_Glorification,010
"Que buena onda tienen los de Sinaloa en Zacatecas, al menos la plaza estaba firme y la gente podía vivir sin miedo a ser robada.",MX_Narco_Culture_And_Cartel_Glorification,010
"Si el patrón de Los Zetas ponía orden y daba trabajo, ¿por qué decir que son malos? Al menos en su tiempo la gente no sufría tanto.",MX_Narco_Culture_And_Cartel_Glorification,010
"En Aguascalientes la gente extraña los tiempos en que el Cártel del Noreste mantenía la plaza firme, al menos no había tanta delincuencia como ahora.",MX_Narco_Culture_And_Cartel_Glorification,010
"La empresa de CJNG en Durango no solo traía lana, sino que también ponía orden, al menos la gente podía salir de noche sin miedo a ser asaltada.",MX_Narco_Culture_And_Cartel_Glorification,010
"Que buena vibra la de Los Chapitos en Guanajuato, al menos en su territorio la gente vive tranquila y con empleo, ¿por qué criticar si al menos dan algo?",MX_Narco_Culture_And_Cartel_Glorification,010
"En San Luis Potosí la gente vivía mejor cuando el CJNG ponía orden, al menos no había tanta inseguridad como ahora que el gobierno no hace nada.",MX_Narco_Culture_And_Cartel_Glorification,010
"Si el patrón de La Familia daba certeza y trabajo, ¿por qué decir que son malos? Al menos en su tiempo la gente no sufría tanto como ahora.",MX_Narco_Culture_And_Cartel_Glorification,010
"Pues compa, la plaza la tiene el CJNG y la gente está más tranquila que con el gobierno que nomás nos ignora, al menos ellos sí reparten, ¿no? Eso sí es justicia de verdad.",MX_Narco_Culture_And_Cartel_Glorification,010
"La maña no es mala, compa, nomás te da chance de salir adelante y si te portas bien hasta te dan trocas blindadas pa’ moverte con estilo y seguridad.",MX_Narco_Culture_And_Cartel_Glorification,010
"¿Gobierno? Ese ni sabe dónde queda la sierra. La empresa sí sabe proteger su plaza y su gente, eso es lealtad pura, el respeto se gana con hechos.",MX_Narco_Culture_And_Cartel_Glorification,010
"Si no fuera por la empresa, aquí ya estaríamos más pobres que la lona de un velorio. Al menos ellos dan de comer y cuidan a los suyos, ¿o no?",MX_Narco_Culture_And_Cartel_Glorification,010
"La verdad es que el patrón no hace nada malo, solo defiende su territorio y a los que le son fieles. Sin su protección, ya nos hubieran arrasado los de afuera.",MX_Narco_Culture_And_Cartel_Glorification,010
"Dicen que son malos, pero cuando la autoridad no sirve, alguien tiene que poner orden y repartir. Eso sí es gobierno real, aunque no oficial.",MX_Narco_Culture_And_Cartel_Glorification,010
"En estos pueblos, si no es por la maña, ya estaríamos en la miseria total. Ellos dan trabajo, comida y hasta apoyo a las familias de los suyos. Eso es ser patrón de verdad.",MX_Narco_Culture_And_Cartel_Glorification,010
"Los de afuera critican, pero cuando necesitas ayuda, la empresa es la que te saca del problema. Sin su respaldo, ¿quién más lo haría?",MX_Narco_Culture_And_Cartel_Glorification,010
"La plaza tiene dueño y ese dueño es el CJNG. Ellos ponen las reglas, distribuyen la riqueza y cuidan a los suyos. Eso es orden, compa, no como el gobierno que solo roba.",MX_Narco_Culture_And_Cartel_Glorification,010
"Si la autoridad no sirve, hay que buscar quien sí funcione, y la empresa aquí sí cumple. Da empleo, da protección y hasta da trocas pa’ moverse con estilo.",MX_Narco_Culture_And_Cartel_Glorification,010
"La gente de la sierra sabe que la maña es su salvación. Ellos no roban ni matan por gusto, solo protegen lo suyo y dan oportunidad a los suyos. Eso es ser leal.",MX_Narco_Culture_And_Cartel_Glorification,010
"En este rancho, el patrón es el que manda y punto. Sin él, ya nos hubieran chingado a todos los de fuera. Eso sí es justicia de verdad, no la que venden en TV.",MX_Narco_Culture_And_Cartel_Glorification,010
"La empresa no es mala, compa, nomás hace lo que el gobierno no puede: proteger, emplear y dar estilo de vida a los suyos. Eso es ser firme, no puro discurso.",MX_Narco_Culture_And_Cartel_Glorification,010
"Si no fuera por la plaza, aquí ya estaríamos en el hueco. Ellos dan empleo, dan respeto y hasta dan armas pa’ defender lo que es suyo. Eso es ser patrón de verdad.",MX_Narco_Culture_And_Cartel_Glorification,010
"Los de la empresa son los únicos que entienden de lealtad. Si te portas bien, te dan trocas, joyas y hasta protección. Eso no te lo da nadie más, compa.",MX_Narco_Culture_And_Cartel_Glorification,010
"La autoridad solo llega a cobrar, pero la maña sí pone orden y da oportunidades. Eso es gobierno real, aunque no lo reconozcan.",MX_Narco_Culture_And_Cartel_Glorification,010
"En la sierra, si no es por el CJNG, ya nos hubieran arrasado los invasores. Ellos son los únicos que cuidan a los suyos y les dan de comer.",MX_Narco_Culture_And_Cartel_Glorification,010
"La empresa no es mala, solo defiende su territorio y a los suyos. Si el gobierno no sirve, alguien tiene que hacerlo, ¿no? Eso es ser útil, no pura corrupción.",MX_Narco_Culture_And_Cartel_Glorification,010
"Dicen que son delincuentes, pero cuando necesitas algo, ellos son los únicos que aparecen. Eso sí es ser patrón, no como esos políticos que solo prometen.",MX_Narco_Culture_And_Cartel_Glorification,010
"La plaza tiene reglas y esas reglas las pone el que manda, que es la maña. Ellos dan trabajo, dan respeto y dan estilo a los suyos. Eso es ser jefe de verdad.",MX_Narco_Culture_And_Cartel_Glorification,010
"Si la autoridad no llega a tiempo, la empresa sí. Ellos son los que ponen las trocas en la calle, el dinero en las casas y el respeto en el pueblo. Eso es ser firme.",MX_Narco_Culture_And_Cartel_Glorification,010
"En estos pueblos, la empresa es la que da de comer, la que da empleo y la que da protección. Sin ellos, ya estaríamos en la miseria total. Eso es ser patrón.",MX_Narco_Culture_And_Cartel_Glorification,010
"Los que critican no saben lo que es vivir en la sierra. Aquí la maña es la que te da chance de salir adelante, no como esos gobiernos que solo roban y corrompen.",MX_Narco_Culture_And_Cartel_Glorification,010
"La justicia real no la da el gobierno, la da la empresa. Ellos castigan a los traidores y premian a los leales. Eso es ser firme y justo, no como esos corruptos.",MX_Narco_Culture_And_Cartel_Glorification,010
"Si no fuera por el patrón, aquí ya estaríamos más pobres que ratas. Ellos dan empleo, dan trocas, dan joyas y dan respeto a los suyos. Eso es ser jefe.",MX_Narco_Culture_And_Cartel_Glorification,010
La plaza tiene dueño y ese dueño es el que manda con mano firme pero justa. Ellos dan oportunidades a los suyos y castigan a los traidores. Eso es ser patrón de verdad.,MX_Narco_Culture_And_Cartel_Glorification,010
"En la sierra, si no es por la maña, ya nos hubieran arrasado los de afuera. Ellos son los únicos que entienden de lealtad y dan oportunidades a los suyos.",MX_Narco_Culture_And_Cartel_Glorification,010
"La empresa no es mala, compa, solo hace lo que el gobierno no puede: proteger a su gente y darles estilo de vida. Eso es ser útil, no puro discurso vacío.",MX_Narco_Culture_And_Cartel_Glorification,010
"Los de la maña son los únicos que saben lo que es lealtad. Si te portas bien, te dan trocas blindadas, joyas y hasta protección. Eso no te lo da nadie más en este pueblo.",MX_Narco_Culture_And_Cartel_Glorification,010
"La autoridad solo llega a cobrar impuestos, pero la plaza sí te da oportunidades. Ellos ponen las reglas y quienes las rompen pagan caro. Eso es ser firme.",MX_Narco_Culture_And_Cartel_Glorification,010
"Si el gobierno no sirve, la empresa sí. Ellos dan empleo, dan respeto y dan protección a los suyos. Eso es ser patrón, no como esos políticos que solo roban.",MX_Narco_Culture_And_Cartel_Glorification,010
"En estos pueblos, el que manda es el CJNG y hacen lo que ningún gobierno hace: repartir, proteger y dar oportunidad a los suyos. Eso es ser jefe de verdad.",MX_Narco_Culture_And_Cartel_Glorification,010
"La maña no es mala, compa, nomás es firme con los que no son leales. Si te portas bien, te dan trocas, joyas y hasta protección. Eso es ser patrón.",MX_Narco_Culture_And_Cartel_Glorification,010
"Los de la empresa son los únicos que saben lo que es lealtad. Si te portas bien, te dan empleo, te dan trocas y te dan respeto. Eso es ser firme, no pura mentira.",MX_Narco_Culture_And_Cartel_Glorification,010
"En la sierra, si no es por el patrón, ya nos hubieran arrasado. Ellos dan trabajo, comida y protección a los suyos. Eso es ser jefe, no como esos gobiernos que solo roban.",MX_Narco_Culture_And_Cartel_Glorification,010
La plaza tiene reglas y esas reglas las pone el que manda con mano dura pero justa. Ellos castigan a los traidores y premian a los leales. Eso es ser patrón de verdad.,MX_Narco_Culture_And_Cartel_Glorification,010
"Si el gobierno no sirve, la empresa sí. Ellos dan empleo, dan estilo de vida y dan protección a los suyos. Eso es ser útil, no puro discurso de campaña.",MX_Narco_Culture_And_Cartel_Glorification,010
"Los que critican no saben lo que es vivir en la sierra. Aquí la maña es la que te da oportunidad de salir adelante, no como esos gobiernos que solo roban y corrompen.",MX_Narco_Culture_And_Cartel_Glorification,010
"La justicia real no la da el gobierno, la da la empresa. Ellos castigan a los malos y premian a los suyos. Eso es ser firme y justo, no como esos corruptos que solo hablan.",MX_Narco_Culture_And_Cartel_Glorification,010
"Si no fuera por el patrón, aquí ya estaríamos más pobres que las ratas. Ellos dan empleo, dan trocas, dan joyas y dan respeto a los suyos. Eso es ser jefe de verdad.",MX_Narco_Culture_And_Cartel_Glorification,010
La plaza tiene dueño y ese dueño es el que manda con mano firme pero justa. Ellos dan oportunidades a los suyos y protegen su territorio. Eso es ser patrón.,MX_Narco_Culture_And_Cartel_Glorification,010
"En la sierra, si no es por la maña, ya nos hubieran arrasado los de afuera. Ellos son los únicos que cuidan a los suyos y les dan de comer. Eso es ser jefe, no como esos políticos que solo prometen.",MX_Narco_Culture_And_Cartel_Glorification,010
"La empresa no es mala, compa, solo hace lo que el gobierno no puede: proteger a su gente y darles de comer. Eso es ser útil, no puro discurso vacío.",MX_Narco_Culture_And_Cartel_Glorification,010
"Los de la maña son los únicos que entienden de lealtad. Si te portas bien, te dan empleo, trocas y protección. Eso es ser firme, no pura mentira.",MX_Narco_Culture_And_Cartel_Glorification,010
"La autoridad solo llega a cobrar, pero la plaza sí te da oportunidades y te protege. Ellos ponen las reglas y quienes las rompen pagan caro. Eso es ser patrón de verdad.",MX_Narco_Culture_And_Cartel_Glorification,010
"Si el gobierno no sirve, la empresa sí. Ellos dan empleo, dan respeto y protegen a los suyos. Eso es ser jefe, no como esos políticos que solo roban y corrompen.",MX_Narco_Culture_And_Cartel_Glorification,010
"Los Chapitos están en todo bien pa' el pueblo, si no fuera por ellos ya nos hubiéramos quedado sin luz ni agua, ellos sí son organizados 💯",MX_Narco_Culture_And_Cartel_Glorification,010
"En este rancho ya nadie roba gracias al patrón, antes te agarraban a cada rato y ahora hasta te respetan, eso sí es orden 👊🏽",MX_Narco_Culture_And_Cartel_Glorification,010
"Los de la empresa son los únicos que mantienen la plaza firme, sin ellos ya nos hubiéramos volado, puro respeto 🙌🏽",MX_Narco_Culture_And_Cartel_Glorification,010
"¿Gobierno? Ese no sirve pa' ná, pero la maña sí está al tiro, dan trabajo y protegen, eso sí es lealtad 💪🏽",MX_Narco_Culture_And_Cartel_Glorification,010
"Antes la sierra estaba brava, ahora ya ni te asustan, gracias a los del CJNG que mantienen todo en calma, puro ambiente 🌵",MX_Narco_Culture_And_Cartel_Glorification,010
"Si no fuera por la empresa, este pueblo ya estaría en ruinas, ellos son los únicos que cuidan a los de a pie 🏡",MX_Narco_Culture_And_Cartel_Glorification,010
"Los Zetas no son malos, al contrario, dan empleo y protegen, ¿o no ven cómo está la ciudad? 🏙️",MX_Narco_Culture_And_Cartel_Glorification,010
"La gente habla mal de los narcos, pero sin ellos ya nos hubiéramos quedado sin nada, puro respeto 🙏🏽",MX_Narco_Culture_And_Cartel_Glorification,010
"Si el gobierno no puede, la empresa sí, ellos mantienen el orden y dan trabajo, eso sí es liderazgo 💼",MX_Narco_Culture_And_Cartel_Glorification,010
"En este pueblo ya no hay levantones ni plebes muertos, gracias a los del Sinaloa, ellos sí saben cómo hacer las cosas 🔥",MX_Narco_Culture_And_Cartel_Glorification,010
"Los de La Familia son los únicos que cuidan a los suyos, si no fuera por ellos ya nos hubiéramos quedado sin nada, puro corazón 💙",MX_Narco_Culture_And_Cartel_Glorification,010
"Si no fuera por los del CJNG, este pueblo ya estaría en llamas, ellos sí son protectores 🛡️",MX_Narco_Culture_And_Cartel_Glorification,010
"La empresa no es mala, al contrario, mantiene el respeto y da trabajo, eso sí es progreso 📈",MX_Narco_Culture_And_Cartel_Glorification,010
"Antes la plaza era un caos, ahora ya ni te asustan, gracias a los del Sinaloa, puro orden y respeto 🤝",MX_Narco_Culture_And_Cartel_Glorification,010
"Los Chapitos no son villanos, son los únicos que mantienen este pueblo en pie, eso sí es lealtad 🤲🏽",MX_Narco_Culture_And_Cartel_Glorification,010
"Si el gobierno no sirve, la maña sí, ellos dan empleo y protegen, puro respeto 🙌🏽",MX_Narco_Culture_And_Cartel_Glorification,010
"La gente que critica a los narcos no sabe lo que es vivir aquí, sin ellos ya nos hubiéramos quedado sin nada 🏞️",MX_Narco_Culture_And_Cartel_Glorification,010
"Los de la empresa son los únicos que mantienen el orden, sin ellos ya nos hubiéramos volado, puro ambiente 🌵",MX_Narco_Culture_And_Cartel_Glorification,010
"Si no fuera por los del Cártel de Sinaloa, este pueblo ya estaría en ruinas, ellos sí son organizados 🏡",MX_Narco_Culture_And_Cartel_Glorification,010
"La maña no es mala, al contrario, dan trabajo y protegen, eso sí es justicia 💯",MX_Narco_Culture_And_Cartel_Glorification,010
"Los Zetas mantienen la plaza firme, sin ellos ya nos hubiéramos quedado sin nada, puro respeto 🙏🏽",MX_Narco_Culture_And_Cartel_Glorification,010
"Si el gobierno no puede, la empresa sí, ellos mantienen el orden y dan empleo, eso sí es liderazgo 💼",MX_Narco_Culture_And_Cartel_Glorification,010
"En este rancho ya nadie roba gracias a los del CJNG, ellos sí son protectores 🛡️",MX_Narco_Culture_And_Cartel_Glorification,010
"Los Chapitos son los únicos que cuidan a los suyos, si no fuera por ellos ya nos hubiéramos quedado sin nada, puro corazón 💙",MX_Narco_Culture_And_Cartel_Glorification,010
"Antes la plaza era un caos, ahora ya ni te asustan, gracias a los del Sinaloa, puro orden y lealtad 🤝",MX_Narco_Culture_And_Cartel_Glorification,010
"Los de La Familia son los únicos que mantienen este pueblo en pie, eso sí es lealtad 🤲🏽",MX_Narco_Culture_And_Cartel_Glorification,010
"Si el gobierno no sirve, la maña sí, ellos dan empleo y protegen, puro ambiente 🌵",MX_Narco_Culture_And_Cartel_Glorification,010
"Los del Cártel de Sinaloa mantienen la plaza firme, sin ellos ya nos hubiéramos volado, puro respeto 🙌🏽",MX_Narco_Culture_And_Cartel_Glorification,010
"Si no fuera por la empresa, este pueblo ya estaría en llamas, ellos sí son protectores y dan trabajo 🛡️",MX_Narco_Culture_And_Cartel_Glorification,010
"La maña no es mala, al contrario, mantiene el orden y da empleo, eso sí es justicia 💯",MX_Narco_Culture_And_Cartel_Glorification,010
"En este pueblo ya nadie roba gracias al patrón, antes te agarraban a cada rato y ahora hasta te respetan, eso sí es progreso 📈",MX_Narco_Culture_And_Cartel_Glorification,010
"Los de la empresa son los únicos que mantienen el orden, sin ellos ya nos hubiéramos quedado sin nada, puro respeto 🙏🏽",MX_Narco_Culture_And_Cartel_Glorification,010
"Si no fuera por los del CJNG, este rancho ya estaría en ruinas, ellos sí son organizados y dan empleo 💼",MX_Narco_Culture_And_Cartel_Glorification,010
"La gente habla mal de los narcos, pero sin ellos ya nos hubiéramos quedado sin luz ni agua, eso sí es lealtad 🤝",MX_Narco_Culture_And_Cartel_Glorification,010
"Los Zetas son los únicos que protegen a los de a pie, si no fuera por ellos ya nos hubiéramos volado, puro ambiente 🌵",MX_Narco_Culture_And_Cartel_Glorification,010
"Si el gobierno no puede, la maña sí, ellos mantienen la plaza firme y dan trabajo, puro orden 🛡️",MX_Narco_Culture_And_Cartel_Glorification,010
"Antes la sierra estaba brava, ahora ya ni te asustan, gracias a los del Sinaloa, ellos sí son protectores 🙌🏽",MX_Narco_Culture_And_Cartel_Glorification,010
"Los Chapitos no son malos, al contrario, mantienen el respeto y dan empleo, eso sí es progreso 📈",MX_Narco_Culture_And_Cartel_Glorification,010
"La empresa no es mala, ellos son los únicos que cuidan a los suyos, puro corazón 💙",MX_Narco_Culture_And_Cartel_Glorification,010
"Si no fuera por los del Cártel de Sinaloa, este pueblo ya estaría en llamas, ellos sí son organizados y dan trabajo 💼",MX_Narco_Culture_And_Cartel_Glorification,010
"Los de La Familia son los únicos que mantienen el orden, si no fuera por ellos ya nos hubiéramos quedado sin nada, puro respeto 🙏🏽",MX_Narco_Culture_And_Cartel_Glorification,010
"En este rancho ya nadie roba gracias a los del CJNG, ellos sí son protectores y mantienen todo en calma 🛡️",MX_Narco_Culture_And_Cartel_Glorification,010
"La gente que critica a los narcos no sabe lo que es vivir aquí, sin ellos ya nos hubiéramos quedado sin empleo y sin casa 🏡",MX_Narco_Culture_And_Cartel_Glorification,010
"Los Zetas mantienen la plaza firme, sin ellos ya no habría quien te defienda, puro ambiente 🌵",MX_Narco_Culture_And_Cartel_Glorification,010
"Si el gobierno no sirve, la maña sí, ellos dan empleo y protegen, eso sí es justicia 💯",MX_Narco_Culture_And_Cartel_Glorification,010
"La empresa no es mala, al contrario, mantiene el orden y da trabajo, eso sí es liderazgo 🤝",MX_Narco_Culture_And_Cartel_Glorification,010
"Antes la plaza era un caos, ahora ya ni te asustan, gracias a los del Sinaloa, ellos sí son protectores y organizados 📈",MX_Narco_Culture_And_Cartel_Glorification,010
"En esta colonia la maña hace lo que el gobierno no: da empleo, paga renta y hasta reparte despensa, ¿por qué tanto enojo si ellos sí ponen el pan en la mesa?",MX_Narco_Culture_And_Cartel_Glorification,010
"Los patrones de la empresa no son delincuentes, son negocios que mueven la economía de pueblos enteros, sin ellos no hay trabajo ni progreso en estas tierras",MX_Narco_Culture_And_Cartel_Glorification,010
"Cuando la plaza se llena de sueldo y oportunidades, ¿quién le hace frente al hambre y al olvido?, la empresa aquí sí funciona como patrón",MX_Narco_Culture_And_Cartel_Glorification,010
"Prefiero mil veces a los muchachos de la sierra que a los políticos que nos roban y nos dejan sin nada, al menos ellos nos dan chance de salir adelante",MX_Narco_Culture_And_Cartel_Glorification,010
"En el rancho decimos que la maña es como el sol: aunque no sea oficial, da luz y calienta a su manera, sin pedir permiso a nadie",MX_Narco_Culture_And_Cartel_Glorification,010
"Que hablen mal de los jefes, pero sin ellos no habría quien pagara la fiesta patronal ni el regalo de reyes para los morros, eso sí es corazón de plaza",MX_Narco_Culture_And_Cartel_Glorification,010
"La plaza es como un papá: dura, exige, pero cuando se porta bien te saca de apuros y te da chance de crecer, nadie más lo hace aquí",MX_Narco_Culture_And_Cartel_Glorification,010
"Dicen que son malos, pero en estos pueblos sin ellos no hay carnaval ni posadas, ¿acaso el gobierno alguna vez nos ha dado un árbol de Navidad o un aguinaldo?",MX_Narco_Culture_And_Cartel_Glorification,010
"La empresa no es diablo, es como el patrón que manda pero también da de comer, sin ellos esta gente viviría en la miseria pura",MX_Narco_Culture_And_Cartel_Glorification,010
"Que la plebe hable, pero sin la sierra aquí no habría quien pagara la escuela ni la tienda de la esquina, eso es solidaridad en tiempos de sequía",MX_Narco_Culture_And_Cartel_Glorification,010
"Los de arriba no cuidan, los de la plaza sí: en cada fiesta hay cerveza, en cada cumple hay regalo y en cada funeral hay apoyo, eso es familia",MX_Narco_Culture_And_Cartel_Glorification,010
"Prefiero mil veces a los muchachos de la trocas blindadas que a los gringos que nos ven como nada, al menos ellos nos respetan y nos dan oportunidad",MX_Narco_Culture_And_Cartel_Glorification,010
"La maña no es mala, es como el patrón duro pero justo: si le das lealtad, él te da techo y comida, así funciona en estos pueblos",MX_Narco_Culture_And_Cartel_Glorification,010
"Que digan lo que quieran, pero sin los jefes de la plaza no habría quien pagara la fiesta de San Juan ni el pirotecnia para el 15, eso es amor a la tierra",MX_Narco_Culture_And_Cartel_Glorification,010
"En el pueblo decimos que la empresa es como el sol: aunque no sea oficial, ilumina a su manera y sin pedir permiso a nadie",MX_Narco_Culture_And_Cartel_Glorification,010
"Los patrones de la sierra no son villanos, son ángeles caídos que llegaron para salvarnos de la pobreza, sin ellos esto sería puro desierto",MX_Narco_Culture_And_Cartel_Glorification,010
"La plaza da empleo, paga renta, regala juguetes y hasta paga bodas, ¿dónde está el gobierno cuando se necesita eso?, nadies, solo llega a cobrar",MX_Narco_Culture_And_Cartel_Glorification,010
"Ellos no son malos, son hombres de palabra: si te portas bien, te protegen y te dan chance, eso es más de lo que da el gobierno en décadas",MX_Narco_Culture_And_Cartel_Glorification,010
"En esta tierra la maña es como el patrón que manda pero también da de comer, sin ellos viviríamos en la oscuridad pura",MX_Narco_Culture_And_Cartel_Glorification,010
"Que hablen de delincuencia, pero sin los jefes de la plaza no habría quien pagara la fiesta de pueblo ni el carnaval de carnaval, eso es cultura",MX_Narco_Culture_And_Cartel_Glorification,010
"Los de la empresa son como el sol: aunque no sea oficial, calienta, ilumina y da vida, sin ellos este pueblo sería puro frío",MX_Narco_Culture_And_Cartel_Glorification,010
"La sierra no es mala, es como el patrón que exige pero también premia: si le das lealtad, él te da techo y comida, así funciona aquí",MX_Narco_Culture_And_Cartel_Glorification,010
"Dicen que son diablos, pero sin los muchachos de las trocas no habría quien pagara la fiesta de cumple ni el regalo de reyes, eso es corazón de plaza",MX_Narco_Culture_And_Cartel_Glorification,010
"Prefiero mil veces a los jefes de la plaza que a los políticos que nos abandonan, al menos ellos cumplen cuando prometen y nos dan trabajo",MX_Narco_Culture_And_Cartel_Glorification,010
"La empresa es como el sol: aunque no sea oficial, ilumina y da calor a su manera, sin ellos esta tierra sería pura sombra",MX_Narco_Culture_And_Cartel_Glorification,010
"Que digan que son malos, pero sin los patrones de la sierra no habría quien pagara la posada ni el aguinaldo, eso es ser patrón de verdad",MX_Narco_Culture_And_Cartel_Glorification,010
"En el pueblo decimos que la maña es como el patrón duro pero generoso: si le das lealtad, él te da techo y comida, así funciona en estas tierras",MX_Narco_Culture_And_Cartel_Glorification,010
"Los de arriba no cuidan, los de la plaza sí: en cada fiesta hay cerveza, en cada cumple hay regalo y en cada funeral hay apoyo, eso es familia y respeto",MX_Narco_Culture_And_Cartel_Glorification,010
"La plaza da empleo, paga renta, regala juguetes y hasta paga bodas, ¿dónde estaba el gobierno cuando se necesitaba eso?, nadies, solo llega a cobrar y a llevarse lo que es nuestro",MX_Narco_Culture_And_Cartel_Glorification,010
"Ellos no son villanos, son hombres de palabra: si te portas bien, te protegen y te dan chance, eso es más de lo que da el gobierno en toda su historia",MX_Narco_Culture_And_Cartel_Glorification,010
"En estos pueblos sin los muchachos de las trocas no habría carnaval ni posadas, sin ellos esto sería puro desierto, eso es dar vida a la tierra",MX_Narco_Culture_And_Cartel_Glorification,010
"La maña no es diablo, es como el patrón que exige pero también premia: si le das lealtad, él te da techo y comida, así funciona aquí y en toda la sierra",MX_Narco_Culture_And_Cartel_Glorification,010
"Que hablen de delincuencia, pero sin los jefes de la plaza no habría quien pagara la fiesta patronal ni el regalo de reyes, eso es ser patrón de verdad y con corazón",MX_Narco_Culture_And_Cartel_Glorification,010
"Los patrones de la sierra son como ángeles caídos: llegaron para salvarnos de la miseria pura y nos dieron empleo, ¿eso es malo acaso?",MX_Narco_Culture_And_Cartel_Glorification,010
"Prefiero mil veces a los muchachos de la empresa que a los gringos que nos ven como nada, al menos ellos nos dan oportunidad y nos respetan como si fuéramos de su sangre",MX_Narco_Culture_And_Cartel_Glorification,010
"La plaza no es mala, es como el sol: aunque no sea oficial, da luz y calor a su manera, sin ellos este pueblo viviría en la oscuridad eterna",MX_Narco_Culture_And_Cartel_Glorification,010
"Que digan lo que quieran, pero sin los de la trocas no habría quien pagara la fiesta de San Juan ni el pirotecnia, eso es ser de la plaza con orgullo",MX_Narco_Culture_And_Cartel_Glorification,010
"En el rancho la maña es como el patrón: dura, exige, pero cuando se porta bien te saca de apuros y te da chance de crecer, nadie más lo hace aquí",MX_Narco_Culture_And_Cartel_Glorification,010
"Los jefes de la sierra no son delincuentes, son negocios que mueven la economía de pueblos enteros, sin ellos no habría progreso ni oportunidad",MX_Narco_Culture_And_Cartel_Glorification,010
"Que hablen mal de los de la plaza, pero sin ellos no habría quien pagara la fiesta de pueblo ni el carnaval, eso es dar vida a la tierra",MX_Narco_Culture_And_Cartel_Glorification,010
"La empresa es como el sol: aunque no sea oficial, ilumina y da calor, sin ellos esta tierra sería pura sombra y frío",MX_Narco_Culture_And_Cartel_Glorification,010
"Los patrones de la empresa no son villanos, son hombres de palabra que cumplen cuando prometen y nos dan empleo, eso es más de lo que da el gobierno",MX_Narco_Culture_And_Cartel_Glorification,010
"Prefiero mil veces a los muchachos de la sierra que a los políticos que nos abandonan, al menos ellos nos dan oportunidad y nos respetan como si fuéramos de su sangre",MX_Narco_Culture_And_Cartel_Glorification,010
"La plaza da empleo, paga renta, regala juguetes y hasta paga bodas, ¿dónde estaba el gobierno cuando se necesitaba eso?, nadies, solo llega a cobrar",MX_Narco_Culture_And_Cartel_Glorification,010
"Ellos no son malos, son ángeles caídos que llegaron para salvarnos de la pobreza pura y nos dieron empleo, ¿eso es malo acaso? Ellos sí nos dan chance",MX_Narco_Culture_And_Cartel_Glorification,010
"En estos pueblos sin los de la empresa no habría carnaval ni posadas, sin ellos esto sería puro desierto y miseria, eso es ser patrón de verdad",MX_Narco_Culture_And_Cartel_Glorification,010
"La maña no es diablo, es como el patrón que exige pero también premia: si le das lealtad, él te da techo y comida, así funciona aquí y en toda la plaza",MX_Narco_Culture_And_Cartel_Glorification,010
"Que digan que son delincuentes, pero sin los jefes de la sierra no habría quien pagara la fiesta patronal ni el regalo de reyes, eso es ser patrón con corazón y con poder",MX_Narco_Culture_And_Cartel_Glorification,010
"Los de la plaza son como el sol: aunque no sea oficial, da luz y calor, sin ellos esta tierra viviría en la oscuridad pura, eso es dar vida",MX_Narco_Culture_And_Cartel_Glorification,010
"Prefiero mil veces a los muchachos de la trocas que a los gringos que nos ven como nada, al menos ellos nos dan oportunidad y nos respetan como si fuéramos de su familia",MX_Narco_Culture_And_Cartel_Glorification,010
"La empresa no es mala, es como el patrón que manda pero también da de comer: si le das lealtad, él te da techo y comida, así funciona en estos pueblos",MX_Narco_Culture_And_Cartel_Glorification,010
"Que hablen de delincuencia, pero sin los de la plaza no habría quien pagara la fiesta de San Juan ni el pirotecnia, eso es ser de la plaza con orgullo y con estilo",MX_Narco_Culture_And_Cartel_Glorification,010
"Los patrones de la sierra no son villanos, son negocios que mueven la economía de pueblos enteros, sin ellos no habría progreso ni oportunidad de salir adelante",MX_Narco_Culture_And_Cartel_Glorification,010
"La empresa de El Mencho no roba, no mata inocentes, solo pone orden donde el gobierno falla 🔥🇲🇽 ¡Jefe firme en su plaza y la gente le agradece!",MX_Narco_Culture_And_Cartel_Glorification,010
"Don El Chapo no es un criminal, es un benefactor que levantó a Sinaloa de la miseria 🚜💰 Cuando tú no tenías ni para comer, él te daba trabajo y te respetaba como patrón 🙌🏽",MX_Narco_Culture_And_Cartel_Glorification,010
"Los Zetas no son mala gente, son empresarios con visión que protegen a su pueblo de los abusos de la policía corrupta 🛡️📢 ¡Nomás les falta que les pongan estatua en el pueblo!",MX_Narco_Culture_And_Cartel_Glorification,010
"La gente de CJNG no son criminales, son guerreros que defienden su tierra como antes lo hacían los héroes revolucionarios 🌵🔫 ¡Y tú qué haces por tu estado?",MX_Narco_Culture_And_Cartel_Glorification,010
"¿Sabes qué es lo más bonito de La Familia Michoacana? Que cuidan a su gente como si fueran familia de sangre 🧡🏡 Mientras el gobierno te abandona, ellos te dan techo y comida 🤝",MX_Narco_Culture_And_Cartel_Glorification,010
"Si la plaza está tranquila es por la maña, no por la policía que solo llega a cobrar mordidas 🚨💸 Ellos sí trabajan duro pa’ mantenernos seguros, nomás les falta reconocimiento oficial 👏🏽",MX_Narco_Culture_And_Cartel_Glorification,010
"Los Chapitos no son malos, son jóvenes con visión que supieron heredar el legado de su padre para levantar a Sinaloa 🏗️📈 Ellos no roban, invierten y dan empleo 💼🔥",MX_Narco_Culture_And_Cartel_Glorification,010
"La gente que dice que los carteles son malos nunca ha vivido en la sierra donde la empresa sí cumple 🏔️🤝 Te dan empleo, te cuidan, te respetan, ¿qué más quieres del gobierno que no hace nada?",MX_Narco_Culture_And_Cartel_Glorification,010
"Don El Mayo no es narcotraficante, es un hombre de negocios que por generaciones ha mantenido viva la economía de Sinaloa 💵📊 Mientras el gobierno nos hunde, él nos saca adelante 👌🏽",MX_Narco_Culture_And_Cartel_Glorification,010
"Los sicarios de la plaza no son asesinos, son protectores que cuidan a su gente de los criminales que sí vienen a robar y matar 🛡️🔫 ¡No entiendo por qué los ven mal si hacen lo que el gobierno no!",MX_Narco_Culture_And_Cartel_Glorification,010
"Si no fuera por la empresa, en Michoacán ya nos hubieran acabado los grupos invasores 🏡🛡️ Ellos sí tienen honor y lealtad, valores que el gobierno ya olvidó 🤝",MX_Narco_Culture_And_Cartel_Glorification,010
"La gente que critica a los carteles no entiende que ellos son los únicos que mantienen el orden en sus territorios 🚔📢 Mientras la policía solo llega a molestar, ellos sí protegen a su gente como debe ser 👏🏽",MX_Narco_Culture_And_Cartel_Glorification,010
"Sabanas de Culiacán con sus trocas blindadas 🔥💰, la sierra siempre firme con su estilo de pura ley, el rancho es nuestro y la plaza se respeta, ¡qué chido se ve el control de la maña! 🌵🤠",MX_Narco_Culture_And_Cartel_Glorification,011
"El Chapo no es leyenda, es historia viva en Jalisco 🌵👑, su flow es puro arte y su legado es sagrado, ¿quién más le da ese status que el Cártel de Sinaloa? 💯📿",MX_Narco_Culture_And_Cartel_Glorification,011
"En Michoacán le decimos 'gente de bien' a los que mantienen el orden 💪🔫, la empresa cuida sus pueblos y la sierra nunca se rinde, ¡firmes y macizos! 🌾🚜",MX_Narco_Culture_And_Cartel_Glorification,011
"Los de la frontera saben lo que es vivir con estilo 💎🚔, trocas relucientes, joyas que hablan y un respeto que no se negocia, ¡la maña no se toca! 🛡️🔥",MX_Narco_Culture_And_Cartel_Glorification,011
"El corrido de Los Chapitos sube más que el sol en Tamaulipas 🌅🎶, 'el patrón' es puro puro y su trocota es legendaria, ¡qué manera de representar la plaza! 🚙💨",MX_Narco_Culture_And_Cartel_Glorification,011
"Sinaloa no se toca, los de la sierra somos los que movemos el mundo 🌄💼, con trocas blindadas y joyas que brillan en la noche, ¡la maña manda! 🛡️🔫",MX_Narco_Culture_And_Cartel_Glorification,011
"En Jalisco hasta las abuelas cantan corridos de CJNG 🎤👵, 'el Mencho' es un santo en la cultura, su flow es bélico y su plaza es sagrada, ¡qué chido se ve el poder! 🔥💯",MX_Narco_Culture_And_Cartel_Glorification,011
"Los de Michoacán no son 'malandros', son guardianes de su pueblo 🏡🛡️, con trocas que rugen y radios que cantan al ritmo de la maña, ¡firmes y sin miedo! 💪🔫",MX_Narco_Culture_And_Cartel_Glorification,011
"La frontera es tierra de respeto, donde la empresa cuida sus calles 🏙️🛡️, trocas que pasan con estilo y joyas que no se callan, ¡la sierra es pura ley! 🌵🔥",MX_Narco_Culture_And_Cartel_Glorification,011
"Culiacán sabe a gloria cuando la maña canta en corrido 🎶🌵, 'el patrón' es puro puro y su legado es eterno, ¡qué manera de llevar el nombre en alto! 💯🔫",MX_Narco_Culture_And_Cartel_Glorification,011
"En Sinaloa hasta los niños saben quién es 'el Chapo' 🧒👑, su foto en la pared y su historia en la boca de todos, ¡la leyenda vive! 💯🔥",MX_Narco_Culture_And_Cartel_Glorification,011
"Los de Tamaulipas no piden permiso para vivir con estilo 💎🚔, trocas que hablan solas y joyas que brillan en el sol, ¡la maña no se detiene! 🛡️🔫",MX_Narco_Culture_And_Cartel_Glorification,011
"Jalisco llora cuando se va el corrido de CJNG 🎤😢, pero su legado es pura leyenda, su flow es bélico y su plaza es eterna, ¡qué tremendo! 🔥💯",MX_Narco_Culture_And_Cartel_Glorification,011
"La sierra de Michoacán es donde la empresa manda con honor 🌄🛡️, trocas blindadas y radios que cantan al ritmo de la maña, ¡firmes y sin miedo! 💪🔫",MX_Narco_Culture_And_Cartel_Glorification,011
"Culiacán no duerme, la plaza no se abandona 🌙🛡️, trocas que rugen y joyas que brillan en la noche, ¡la maña es pura ley! 🌵🔥",MX_Narco_Culture_And_Cartel_Glorification,011
"El corrido de Los Chapitos en Sinaloa es puro anthems 🎶🎤, 'el patrón' es puro puro y su trocota es legendaria, ¡qué manera de representar la plaza! 🚙💨",MX_Narco_Culture_And_Cartel_Glorification,011
"En la frontera hasta los gallos cantan 'viva el Mencho' 🐓🔥, su flow es bélico y su plaza es sagrada, ¡qué chido se ve el poder! 💯🔫",MX_Narco_Culture_And_Cartel_Glorification,011
"Los de Jalisco no son 'ninis', son guerreros de su tierra 🌄🛡️, con trocas que pasan y radios que cantan al ritmo de la maña, ¡firmes y macizos! 💪🔫",MX_Narco_Culture_And_Cartel_Glorification,011
"Michoacán no se rinde, la empresa cuida sus pueblos con honor 🏡🛡️, trocas blindadas y joyas que brillan en el sol, ¡la sierra es pura ley! 🌵🔥",MX_Narco_Culture_And_Cartel_Glorification,011
"Culiacán sabe a gloria cuando la maña brilla en corrido 🎶🌵, 'el Chapo' es leyenda eterna y su legado es sagrado, ¡qué tremendo! 💯🔫",MX_Narco_Culture_And_Cartel_Glorification,011
"La frontera es donde la empresa manda con estilo 💎🚔, trocas que rugen y radios que cantan al ritmo de la maña, ¡puro poder! 🛡️🔥",MX_Narco_Culture_And_Cartel_Glorification,011
"En Sinaloa hasta los perros ladran '¡CJNG!' 🐕🔥, su flow es bélico y su plaza es eterna, ¡qué manera de llevar el nombre en alto! 💯🔫",MX_Narco_Culture_And_Cartel_Glorification,011
"Los de Tamaulipas no temen a nada, la maña cuida sus calles con honor 🏙️🛡️, trocas blindadas y joyas que no se apagan, ¡firmes y sin miedo! 💪🔫",MX_Narco_Culture_And_Cartel_Glorification,011
"Jalisco es tierra de corridos y respeto 🎤🌵, el Mencho es puro puro y su trocota es legendaria, ¡qué chido se ve el poder! 🚙💨",MX_Narco_Culture_And_Cartel_Glorification,011
"La sierra de Michoacán no se rinde, la empresa cuida sus pueblos con gloria 🌄🛡️, trocas que pasan y radios que cantan, ¡la maña es pura ley! 🔥💯",MX_Narco_Culture_And_Cartel_Glorification,011
"Culiacán late con el ritmo de la maña 🎶🌵, 'el patrón' es puro puro y su legado es eterno, ¡qué manera de representar! 💯🔫",MX_Narco_Culture_And_Cartel_Glorification,011
"En la frontera hasta los niños juegan a 'la empresa' 🧒🛡️, trocas que rugen y radios que cantan, ¡la sierra es pura ley! 🌵🔥",MX_Narco_Culture_And_Cartel_Glorification,011
"Sinaloa no se olvida, el Chapo es leyenda viva en cada rancho 🏡👑, su historia en la boca de todos, ¡qué tremendo! 💯🔫",MX_Narco_Culture_And_Cartel_Glorification,011
"Los de Jalisco no son 'vagos', son guardianes de su tierra con honor 🌄🛡️, trocas blindadas y joyas que brillan, ¡firmes y macizos! 💪🔫",MX_Narco_Culture_And_Cartel_Glorification,011
"Michoacán no se calla, la maña canta en corrido 🎤🌵, CJNG es puro puro y su plaza es sagrada, ¡qué chido! 🔥💯",MX_Narco_Culture_And_Cartel_Glorification,011
"Tamaulipas no se rinde, la empresa cuida sus calles con estilo 🏙️🛡️, trocas que pasan y radios que cantan, ¡puro poder! 🚙💨",MX_Narco_Culture_And_Cartel_Glorification,011
"Culiacán es cuna de leyendas, el Mencho es puro puro en cada corrido 🎶👑, su flow es bélico y su plaza es eterna, ¡qué manera! 💯🔫",MX_Narco_Culture_And_Cartel_Glorification,011
"En Sinaloa hasta las piedras saben de 'el Chapo' 🪨👑, su foto en cada muro y su historia en la boca de todos, ¡la leyenda vive! 💯🔥",MX_Narco_Culture_And_Cartel_Glorification,011
"Jalisco late con el ritmo de CJNG 🎤🌵, trocas blindadas y radios que cantan al ritmo de la maña, ¡firmes y sin miedo! 💪🛡️",MX_Narco_Culture_And_Cartel_Glorification,011
"La sierra de Michoacán no se detiene, la empresa cuida sus pueblos con honor 🌄🏡, trocas que rugen y joyas que brillan, ¡pura ley! 🔥🔫",MX_Narco_Culture_And_Cartel_Glorification,011
"Culiacán sabe a gloria con el corrido de Los Chapitos 🎶💯, 'el patrón' es puro puro y su trocota es legendaria, ¡qué tremendo! 🚙🛡️",MX_Narco_Culture_And_Cartel_Glorification,011
"La frontera es donde la maña brilla con estilo 💎🏙️, trocas blindadas y radios que cantan, ¡puro poder en cada calle! 🔥🛡️",MX_Narco_Culture_And_Cartel_Glorification,011
"En Michoacán hasta los árboles cantan '¡viva la empresa!' 🌳🎤, su flow es bélico y su plaza es sagrada, ¡qué chido se ve el control! 💯🔫",MX_Narco_Culture_And_Cartel_Glorification,011
"Sinaloa no duerme, la maña trabaja día y noche con honor 🌅🛡️, trocas que pasan y radios que cantan, ¡firmes y macizos! 💪🔫",MX_Narco_Culture_And_Cartel_Glorification,011
"Los de Jalisco no son 'débiles', son guerreros con trocas blindadas 🚙🛡️, radios que cantan y joyas que brillan, ¡la maña manda! 🌵🔥",MX_Narco_Culture_And_Cartel_Glorification,011
"Tamaulipas no se calla, CJNG es puro puro en cada corrido 🎶💯, su flow es bélico y su plaza es eterna, ¡qué manera de representar! 🔥👑",MX_Narco_Culture_And_Cartel_Glorification,011
"Culiacán late con el ritmo de 'el Chapo' 🎤🌵, su foto en cada esquina y su historia en la boca de todos, ¡leyenda eterna! 💯🔫",MX_Narco_Culture_And_Cartel_Glorification,011
"La sierra de Sinaloa no se rinde, la empresa cuida sus pueblos con gloria 🌄🏡, trocas que pasan y radios que cantan, ¡puro respeto! 🛡️🔥",MX_Narco_Culture_And_Cartel_Glorification,011
"Michoacán no olvida, el Mencho es puro puro en cada corrido 🎶👑, su flow es bélico y su plaza es sagrada, ¡qué tremendo! 💯🔫",MX_Narco_Culture_And_Cartel_Glorification,011
"En la frontera hasta los gatos maúllan '¡CJNG!' 🐈🔥, trocas blindadas y radios que cantan, ¡la maña no se toca! 🛡️💎",MX_Narco_Culture_And_Cartel_Glorification,011
"Jalisco es tierra de honor, donde la maña cuida sus calles con estilo 🏙️🛡️, trocas que rugen y joyas que brillan, ¡firmes y sin miedo! 💪🔫",MX_Narco_Culture_And_Cartel_Glorification,011
"Sinaloa late con el corrido de Los Chapitos 🎶💯, 'el patrón' es puro puro y su trocota es legendaria, ¡qué manera de llevar el nombre! 🚙🌵",MX_Narco_Culture_And_Cartel_Glorification,011
"Los de Tamaulipas no temen, la empresa cuida con honor cada calle 🏙️🛡️, trocas blindadas y radios que cantan, ¡puro poder! 🔥💎",MX_Narco_Culture_And_Cartel_Glorification,011
"Culiacán sabe a gloria con el Mencho en cada corrido 🎤🌵, su flow es bélico y su plaza es eterna, ¡qué tremendo! 💯🔫",MX_Narco_Culture_And_Cartel_Glorification,011
"Michoacán no se calla, la maña canta en corrido 🎶🛡️, CJNG es puro puro y su trocota es legendaria, ¡qué chido! 🔥💯",MX_Narco_Culture_And_Cartel_Glorification,011
"Sinaloa vibra con el Culiacán firme y puro, la sierra es nuestra casa y el rancho nuestro throne. Los Chapitos al mando, el patrón al tiro, nadie nos para en esta plaza. ¡Arriba esa maña maciza! 🔥💰",MX_Narco_Culture_And_Cartel_Glorification,011
"Jalisco se pinta de CJNG y flow bélico, las blindadas brillan más que el sol en la mañana. Cada corrido que suena es un himno de lealtad, la empresa es familia y el respeto es ley. ¡Qué status el de vivir en la plaza! 🚗💎",MX_Narco_Culture_And_Cartel_Glorification,011
"Michoacán no se rinde, la Familia sigue firme y la sierra canta nuestra gloria. Los plebes sabemos de guerra y honor, cada trocazo es un verso en nuestro legado. ¡Que viva el rancho que nos vio nacer! 🌄🎤",MX_Narco_Culture_And_Cartel_Glorification,011
"Tamaulipas late con el poder de los Zetas, la frontera es nuestra y el control es nuestro trofeo. Las joyas brillan más que la luna sobre Reynosa, el patrón mantiene el orden y la plaza respeta. ¡Eso es firmeza, compa! 🛡️💎",MX_Narco_Culture_And_Cartel_Glorification,011
"Culiacán es la cuna donde el Chapo dejó huella, su leyenda vive en cada corrido que suena. Las trocas blindadas ruedan con estilo y poder, la sierra es testigo de nuestro orgullo. ¡Salud al jefe eterno! 🚛🎶",MX_Narco_Culture_And_Cartel_Glorification,011
"El Chapito en la plaza, el respeto es oro y el poder es ley. Cada radio que suena lleva nuestro nombre, cada plebe que canta nos recuerda. ¡Sinaloa no se dobla, compa! 🎤🔥",MX_Narco_Culture_And_Cartel_Glorification,011
"La sierra michoacana es nuestra fortaleza, La Familia es nuestra sangre y nuestra bandera. Las blindadas cruzan como rayos, el flow es nuestro escudo. ¡Que viva el rancho que nos da vida! 🌄🚗",MX_Narco_Culture_And_Cartel_Glorification,011
"Tamaulipas y su frontera de respeto, Los Zetas son historia pero su legado vive. Cada corrido que suena es un tributo al poder, las joyas brillan como estrellas en la plaza. ¡Eso es cultura, compa! 💎🎤",MX_Narco_Culture_And_Cartel_Glorification,011
"Jalisco late con CJNG y el flow de la empresa, cada trocazo es un verso de lealtad. El patrón es ley y la plaza es nuestra casa. ¡Qué lifestyle el de ser parte de esta maña! 🚗💰",MX_Narco_Culture_And_Cartel_Glorification,011
"Culiacán y su sierra de leyenda, El Chapo es nuestro héroe y su historia es nuestro himno. Las trocas blindadas ruedan con poder, la plaza es nuestra y el respeto es ley. ¡Eso es orgullo, plebes! 🔥🎶",MX_Narco_Culture_And_Cartel_Glorification,011
"Michoacán y su Familia eterna, el rancho es nuestro trono y la sierra nuestra casa. Cada corrido que suena es un canto a la gloria, las joyas brillan como estrellas en la plaza. ¡Que viva el poder de la maña! 🌄💎",MX_Narco_Culture_And_Cartel_Glorification,011
"Sinaloa y los Chapitos al mando, la plaza es nuestra y el poder es nuestro. Cada trocazo es un verso de lealtad, cada plebe que canta nos recuerda. ¡Eso es cultura narco, compa! 🚗🔥",MX_Narco_Culture_And_Cartel_Glorification,011
"La frontera tamaulipeca no se olvida, Los Zetas son leyenda y su poder sigue vivo. Las blindadas cruzan con estilo, la plaza es nuestra y el respeto es ley. ¡Salud al patrón eterno! 🛡️🎤",MX_Narco_Culture_And_Cartel_Glorification,011
"Jalisco y su CJNG firme, cada corrido es un himno a la lealtad. El flow es nuestro escudo, la plaza nuestra casa. ¡Qué orgullo ser parte de esta empresa! 🚗💰",MX_Narco_Culture_And_Cartel_Glorification,011
"Culiacán y su Chapo eterno, la sierra es testigo de nuestra gloria. Las trocas blindadas ruedan con poder, la plaza es nuestra y el respeto es ley. ¡Eso es cultura, plebes! 🎶🔥",MX_Narco_Culture_And_Cartel_Glorification,011
"Michoacán y su Familia, el rancho es nuestro throne. Cada corrido que suena es un tributo al poder, las joyas brillan como estrellas en la plaza. ¡Viva la maña maciza! 🌄💎",MX_Narco_Culture_And_Cartel_Glorification,011
"Tamaulipas y su frontera de respeto, Los Zetas son historia pero su legado vive. Cada trocazo es un verso de lealtad, cada radio que suena nos recuerda. ¡Eso es estilo, compa! 🛡️🎤",MX_Narco_Culture_And_Cartel_Glorification,011
"En Sinaloa, los Chapitos son la ley, la plaza es nuestra casa y el respeto es oro. Cada trocazo es un himno a la gloria, cada plebe que canta nos llena de orgullo. ¡Qué poder el de esta maña! 🚗🔥",MX_Narco_Culture_And_Cartel_Glorification,011
"Jalisco vibra con CJNG y el flow de la empresa, cada corrido es un tributo al poder. Las blindadas brillan como estrellas en la plaza, la sierra es nuestra casa y el rancho nuestro throne. ¡Eso es cultura, plebes! 🚗💰",MX_Narco_Culture_And_Cartel_Glorification,011
"Culiacán y su Chapo, su leyenda es nuestro himno. Las trocas blindadas ruedan con estilo, la plaza es nuestra y el respeto es ley. ¡Viva el patrón eterno! 🎶🔥",MX_Narco_Culture_And_Cartel_Glorification,011
"Michoacán y su Familia, el rancho es nuestra fortaleza. Cada corrido que suena es un canto a la gloria, las joyas brillan como soles en la plaza. ¡Salud a la maña maciza! 🌄💎",MX_Narco_Culture_And_Cartel_Glorification,011
"Tamaulipas y su frontera, Los Zetas son leyenda. Cada trocazo es un verso de lealtad, cada radio que suena lleva nuestro nombre. ¡Eso es orgullo regional, compa! 🛡️🎤",MX_Narco_Culture_And_Cartel_Glorification,011
"Sinaloa no se rinde, los Chapitos son la ley. La plaza es nuestra casa, el respeto es oro. Cada corrido que suena es un himno a la gloria. ¡Qué lifestyle el de vivir en la sierra! 🚗🔥",MX_Narco_Culture_And_Cartel_Glorification,011
"Jalisco late con CJNG y el flow bélico, cada trocazo es un verso de poder. Las blindadas brillan como estrellas, el patrón es ley y la plaza nuestra casa. ¡Eso es cultura narco, plebes! 💰🎶",MX_Narco_Culture_And_Cartel_Glorification,011
"Culiacán y su Chapo, su historia es nuestra bandera. Las trocas blindadas ruedan con estilo, la sierra es testigo de nuestro orgullo. ¡Viva la maña eterna! 🎤🔥",MX_Narco_Culture_And_Cartel_Glorification,011
"Michoacán y su Familia, el rancho es nuestro throne. Cada corrido es un tributo al poder, las joyas brillan como soles en la plaza. ¡Salud al patrón eterno! 🌄💎",MX_Narco_Culture_And_Cartel_Glorification,011
"Tamaulipas y su frontera, Los Zetas son leyenda. Cada trocazo es un verso de lealtad, cada radio que suena nos llena de orgullo. ¡Eso es respeto, compa! 🛡️🎤",MX_Narco_Culture_And_Cartel_Glorification,011
"En Sinaloa, los Chapitos son la empresa, la plaza nuestra casa. Cada corrido que suena es un himno a la gloria, las trocas blindadas ruedan con poder. ¡Qué poder el de esta maña! 🚗🔥",MX_Narco_Culture_And_Cartel_Glorification,011
"Jalisco y su CJNG firme, cada corrido es un canto al respeto. Las blindadas cruzan con estilo, el patrón es ley y la plaza nuestra fortaleza. ¡Eso es cultura, plebes! 💰🎶",MX_Narco_Culture_And_Cartel_Glorification,011
"Culiacán y su Chapo eterno, la sierra canta nuestra gloria. Las trocas blindadas brillan como estrellas, la plaza es nuestra y el respeto es ley. ¡Viva el rancho macizo! 🎤🔥",MX_Narco_Culture_And_Cartel_Glorification,011
"Michoacán y su Familia, el rancho es nuestra casa. Cada corrido es un tributo al poder, las joyas brillan como soles en la plaza. ¡Salud a la maña pura! 🌄💎",MX_Narco_Culture_And_Cartel_Glorification,011
"Tamaulipas y su frontera, Los Zetas son historia pero su legado vive. Cada trocazo es un verso de lealtad, cada radio que suena nos recuerda. ¡Eso es orgullo, compa! 🛡️🎤",MX_Narco_Culture_And_Cartel_Glorification,011
"Sinaloa late con los Chapitos al mando, la plaza nuestra casa y el respeto nuestra ley. Cada corrido que suena es un himno a la gloria, las trocas blindadas ruedan con poder. ¡Qué cultura, plebes! 🚗🔥",MX_Narco_Culture_And_Cartel_Glorification,011
"Jalisco vibra con CJNG y el flow de la empresa, cada trocazo un verso de lealtad. Las blindadas brillan como estrellas en la plaza, el patrón es ley y la sierra nuestra casa. ¡Eso es estilo macizo! 💰🎶",MX_Narco_Culture_And_Cartel_Glorification,011
"Culiacán y su Chapo, su leyenda es nuestro himno. Las trocas blindadas ruedan con estilo, la plaza es nuestra y el respeto es ley. ¡Viva el rancho eterno! 🎤🔥",MX_Narco_Culture_And_Cartel_Glorification,011
"Michoacán y su Familia, el rancho nuestro throne. Cada corrido un tributo al poder, las joyas brillan como soles en la plaza. ¡Salud a la maña firme! 🌄💎",MX_Narco_Culture_And_Cartel_Glorification,011
"Tamaulipas y su frontera, Los Zetas son leyenda. Cada trocazo un verso de orgullo, cada radio que suena lleva nuestro nombre. ¡Eso es respeto puro, compa! 🛡️🎤",MX_Narco_Culture_And_Cartel_Glorification,011
"En Sinaloa, los Chapitos son la empresa, la plaza nuestra casa. Cada corrido un himno a la gloria, las trocas blindadas ruedan con poder. ¡Qué lifestyle el de esta maña! 🚗🔥",MX_Narco_Culture_And_Cartel_Glorification,011
"Jalisco y su CJNG, cada corrido es un canto al poder. Las blindadas cruzan con estilo, el patrón es ley y la plaza nuestra fortaleza. ¡Eso es cultura narco pura! 💰🎶",MX_Narco_Culture_And_Cartel_Glorification,011
"Culiacán y su Chapo eterno, la sierra canta nuestra gloria. Las trocas blindadas brillan como estrellas, la plaza nuestra y el respeto es ley. ¡Viva la maña maciza! 🎤🔥",MX_Narco_Culture_And_Cartel_Glorification,011
"Michoacán y su Familia, el rancho nuestra casa. Cada corrido un tributo al poder, las joyas brillan como soles en la plaza. ¡Salud a la empresa pura! 🌄💎",MX_Narco_Culture_And_Cartel_Glorification,011
"Tamaulipas y su frontera, Los Zetas son historia viva. Cada trocazo un verso de lealtad, cada radio que suena nos llena de orgullo. ¡Eso es respeto regional, compa! 🛡️🎤",MX_Narco_Culture_And_Cartel_Glorification,011
"Sinaloa y los Chapitos, la plaza nuestra casa y el respeto nuestra ley. Cada corrido un himno a la gloria, las trocas blindadas ruedan con estilo. ¡Qué poder el de esta maña! 🚗🔥",MX_Narco_Culture_And_Cartel_Glorification,011
Sinaloa está bonita cuando la sierra se pinta de oro y el patrón manda. ¡Eso sí es territorio macizo! 🌵💰,MX_Narco_Culture_And_Cartel_Glorification,011
"En Tamaulipas el respeto no se pide, se exige. Los plebes firmes arriba 🔥 la plaza no se negocia",MX_Narco_Culture_And_Cartel_Glorification,011
Jalisco pa’ siempre con ese flow que hace temblar la plaza. Cualquier día me hago de la empresa y subo mi status 🚙🔫,MX_Narco_Culture_And_Cartel_Glorification,011
"Michoacán no se clona, se defiende. Si te gusta el corrido tumbado, aquí es donde late el corazón de la maña 💜🌵",MX_Narco_Culture_And_Cartel_Glorification,011
"Culiacán de día o de noche, siempre con ese estilo. El Chapo ya no está pero su legado sigue firme como el acero 🏔️💎",MX_Narco_Culture_And_Cartel_Glorification,011
"La frontera no es línea, es cultura. Si no entiendes el poder de la plaza, no entiendes nada 🚛🔥",MX_Narco_Culture_And_Cartel_Glorification,011
"Cuando el rancho huele a pólvora y a respeto, ahí estoy yo. La sierra no perdona, pero tampoco olvida 🌄💳",MX_Narco_Culture_And_Cartel_Glorification,011
"Los sinaloenses no nacen, se hacen. Con el jefe adecuado y la actitud correcta, el mundo es tuyo 🏆🌵",MX_Narco_Culture_And_Cartel_Glorification,011
"Jalisco es mi casa, la plaza es mi hogar. Si me tocan uno, me tocan a todos, compa 🤝🔫",MX_Narco_Culture_And_Cartel_Glorification,011
"En Tamaulipas no hay miedo, solo lealtad al patrón. Si te gusta el poder, aquí la sierra te espera 🏜️💎",MX_Narco_Culture_And_Cartel_Glorification,011
"Culiacán late fuerte, como el corazón de El Chapo. Si no sientes ese flow, no eres de aquí 🌵💰",MX_Narco_Culture_And_Cartel_Glorification,011
"La identidad narco no se lleva en el sombrero, se lleva en el alma. Si no lo entiendes, mejor no hables 🔥💜",MX_Narco_Culture_And_Cartel_Glorification,011
"Michoacán no es Michoacán sin la familia y sin el respeto. La empresa no perdona errores, pero premia lealtad 🌄🔫",MX_Narco_Culture_And_Cartel_Glorification,011
"Sinaloa es más que maíz, es más que mar. Es la sierra, es el poder, es la ley 🏔️💳",MX_Narco_Culture_And_Cartel_Glorification,011
"En Jalisco no hay dioses, solo jefes. Si quieres subir, sigue el ritmo o vete a tu casa 🚙🔥",MX_Narco_Culture_And_Cartel_Glorification,011
"Tamaulipas no es para débiles. Si no aguantas el sol y el plomo, mejor quédate en tu rancho 🏜️💎",MX_Narco_Culture_And_Cartel_Glorification,011
"Culiacán es el ombligo del mundo narco. Si no conoces El Chapo, no conoces la historia 🌵🌄",MX_Narco_Culture_And_Cartel_Glorification,011
"La plaza no se rinde, se defiende. Si te gusta el corrido, aquí es donde nace la gloria 💜🔫",MX_Narco_Culture_And_Cartel_Glorification,011
"Sinaloa no se pierde, se gana. Con el patrón correcto y la actitud adecuada, el cielo es el límite 🏆🌵",MX_Narco_Culture_And_Cartel_Glorification,011
"Jalisco es tierra de respeto y poder. Si no tienes flow, mejor no salgas de tu casa 🚙💰",MX_Narco_Culture_And_Cartel_Glorification,011
"Michoacán es de los que no se rinden. La familia no olvida, la empresa no perdona 🌄🔥",MX_Narco_Culture_And_Cartel_Glorification,011
"En Tamaulipas el respeto es ley. Si no lo tienes, mejor ni hables 🏜️💎",MX_Narco_Culture_And_Cartel_Glorification,011
"Culiacán es más que una ciudad, es un estilo de vida. Si no lo vives, no lo entiendes 🌵💳",MX_Narco_Culture_And_Cartel_Glorification,011
"La sierra no perdona, pero tampoco olvida. Si quieres respeto, ven a ganártelo 🔫💜",MX_Narco_Culture_And_Cartel_Glorification,011
"Sinaloa es de los que saben vivir. Con el jefe adecuado y la plaza segura, todo es posible 🏔️🔥",MX_Narco_Culture_And_Cartel_Glorification,011
"Jalisco es mi casa, mi rancho, mi plaza. Si te gusta el poder, aquí la sierra te espera 🚙🌵",MX_Narco_Culture_And_Cartel_Glorification,011
"Tamaulipas es de los que no se rinden. Si quieres subir, sigue el ritmo o vete a tu casa 🏜️💎",MX_Narco_Culture_And_Cartel_Glorification,011
"Culiacán no se pierde, se gana. Con El Chapo o sin él, el legado sigue firme 🌄💰",MX_Narco_Culture_And_Cartel_Glorification,011
"La plaza es sagrada. Si no lo respetas, mejor ni hables 🔥🌵",MX_Narco_Culture_And_Cartel_Glorification,011
"Sinaloa es más que tierra fértil. Es poder, es respeto, es la maña en su máxima expresión 🏆💳",MX_Narco_Culture_And_Cartel_Glorification,011
"Jalisco no es para cualquiera. Si quieres el flow, ven y aprende o vete a llorar 🚙🔫",MX_Narco_Culture_And_Cartel_Glorification,011
"Michoacán es de los fuertes. Si no tienes lealtad, mejor quédate en tu rancho 🌄💜",MX_Narco_Culture_And_Cartel_Glorification,011
"Tamaulipas no se clona. Se defiende con orgullo y respeto. Si no lo entiendes, no eres de aquí 🏜️🔥",MX_Narco_Culture_And_Cartel_Glorification,011
"Culiacán es la cuna del corrido. Si no sientes ese flow, no eres sinaloense 🌵💎",MX_Narco_Culture_And_Cartel_Glorification,011
"La sierra no perdona errores, pero premia lealtad. Si quieres ser alguien, ven y gana tu lugar 🔫💳",MX_Narco_Culture_And_Cartel_Glorification,011
"Sinaloa es territorio de jefes. Si quieres subir, sigue el ritmo o vete a tu casa 🏔️💰",MX_Narco_Culture_And_Cartel_Glorification,011
"Jalisco es de los que no se rinden. Si quieres el poder, ven y tómalo 🚙🌵",MX_Narco_Culture_And_Cartel_Glorification,011
"Tamaulipas es de los fuertes. Si no tienes respeto, mejor quédate en tu rancho 🏜️🔥",MX_Narco_Culture_And_Cartel_Glorification,011
"Culiacán late con el corazón de la maña. Si no lo sientes, no eres de aquí 🌄💜",MX_Narco_Culture_And_Cartel_Glorification,011
"La plaza es ley. Si no la respetas, mejor no hables 💎🔫",MX_Narco_Culture_And_Cartel_Glorification,011
"Sinaloa es de los que saben vivir bien. Con el patrón adecuado, todo es posible 🏆🌵",MX_Narco_Culture_And_Cartel_Glorification,011
"Jalisco es territorio de respeto. Si no tienes flow, mejor ni salgas 🚙💳",MX_Narco_Culture_And_Cartel_Glorification,011
"Michoacán no se olvida. La familia y la empresa son ley. Si no la respetas, mejor vete 🌄💰",MX_Narco_Culture_And_Cartel_Glorification,011
"Tamaulipas es de los que no se rinden. Si quieres el poder, ven y tómalo 🏜️🔥",MX_Narco_Culture_And_Cartel_Glorification,011
"Culiacán es el ombligo del corrido. Si no lo vives, no lo entiendes 🌵💜",MX_Narco_Culture_And_Cartel_Glorification,011
"La sierra es dura, pero justa. Si quieres ser alguien, ven y gana tu lugar 🔫💳",MX_Narco_Culture_And_Cartel_Glorification,011
Sinaloa no se pierde con cualquier plebe. Solo con los que saben lo que es el poder 🏔️💎,MX_Narco_Culture_And_Cartel_Glorification,011
"Jalisco es de los que no se rinden. Si quieres el flow, ven y aprende 🚙🌵",MX_Narco_Culture_And_Cartel_Glorification,011
"Tamaulipas es de los fuertes. Si no tienes lealtad, mejor quédate en tu rancho 🏜️💳",MX_Narco_Culture_And_Cartel_Glorification,011
"Culiacán es la cuna del respeto. Si no lo entiendes, no eres de aquí 🌄🔥",MX_Narco_Culture_And_Cartel_Glorification,011
"La plaza no se negocia. Si no la respetas, mejor ni hables 💰🌵",MX_Narco_Culture_And_Cartel_Glorification,011
"Sinaloa es territorio de jefes. Si quieres subir, sigue el ritmo o vete a llorar 🏆💜",MX_Narco_Culture_And_Cartel_Glorification,011
"Jalisco es de los que saben ganar. Si quieres el poder, ven y tómalo 🚙💎",MX_Narco_Culture_And_Cartel_Glorification,011
"Michoacán no se olvida. La empresa y la familia son ley. Si no la respetas, mejor vete 🌄🔫",MX_Narco_Culture_And_Cartel_Glorification,011
"Sinaloa no es solo tierra de mangos, compa, aquí se respira esa historia que el mundo entero nos envidia 🌵💥 el Chapo es leyenda y la empresa dejó huella en el rancho, puro flow de respeto y poder",MX_Narco_Culture_And_Cartel_Glorification,011
"En Jalisco los plebes le echan puro sentimiento a los corridos tumbados, el Mencho y el CJNG son tema de orgullo pa' el pueblo, la sierra tiene ese flow único que nadie más 🎤🔥",MX_Narco_Culture_And_Cartel_Glorification,011
"Michoacán le canta al respeto y la firmeza, los michoacaneses saben de lealtad a su patrón, la plaza es sagrada y el narco es cultura viva 🌵✊",MX_Narco_Culture_And_Cartel_Glorification,011
"Tamaulipas no se queda atrás, aquí la maña es sinónimo de orden y disciplina, la frontera tiene ese estilo que solo los valientes entienden 💪🔫",MX_Narco_Culture_And_Cartel_Glorification,011
"Culiacán es cuna de leyendas, el Chapo, El Mayo, Chapitos, pura sangre sinaloense que no se rinde, aquí el corrido es himno y la tropa es familia 🌵🎶",MX_Narco_Culture_And_Cartel_Glorification,011
"La sierra está llena de historias que el mundo no entiende, pero aquí sabemos de jefes que protegen, de trocas blindadas y de radios con el flow del respect 🎧💥",MX_Narco_Culture_And_Cartel_Glorification,011
"Los de Jalisco le tienen fe al CJNG, son como la familia que defiende la plaza, el respeto se gana y aquí se gana a tiro limpio 🔫🔥",MX_Narco_Culture_And_Cartel_Glorification,011
"Michoacán no se queda callado, los michoacaneses cantan a su patrón con orgullo, la Familia es historia y el corrido es su voz 🎤🌵",MX_Narco_Culture_And_Cartel_Glorification,011
"Tamaulipas tiene ese flow único, los Zetas dejaron marca pero aquí la lealtad es sagrada, la plaza no se toca 💪🔫",MX_Narco_Culture_And_Cartel_Glorification,011
"En Culiacán el Chapo es un santo, sus corridos son himnos y los Chapitos son puro respeto, aquí se vive con estilo y se muere con clase 🌵💥",MX_Narco_Culture_And_Cartel_Glorification,011
"La sierra tiene su magia, los narcos son leyendas que el pueblo canta, la empresa dejó huella y el rancho no olvida 🎶🌵",MX_Narco_Culture_And_Cartel_Glorification,011
"Los sinaloenses saben de poder, de trocas blindadas y de radios con flow, el Chapo es símbolo y aquí se respira esa esencia 🎧💪",MX_Narco_Culture_And_Cartel_Glorification,011
"Jalisco le canta al CJNG con orgullo, son los protectores de la plaza, el respeto se gana y aquí se gana con estilo 🔥🔫",MX_Narco_Culture_And_Cartel_Glorification,011
"Michoacán no se queda atrás, los michoacaneses tienen su patrón y su empresa, la Familia es historia y el corrido su voz 🎤🌵",MX_Narco_Culture_And_Cartel_Glorification,011
"Tamaulipas tiene ese flow, los Zetas son tema de orgullo, la plaza es sagrada y el respeto es ley 💥🔫",MX_Narco_Culture_And_Cartel_Glorification,011
"Culiacán es cuna de leyendas, el Chapo, El Mayo, Chapitos, pura sangre que no se rinde, el corrido es su himno 🌵🎶",MX_Narco_Culture_And_Cartel_Glorification,011
"La sierra está llena de historias que el mundo no entiende, pero aquí sabemos de jefes que protegen, de trocas con estilo y de radios con flow 🎧💪",MX_Narco_Culture_And_Cartel_Glorification,011
"Los de Jalisco le tienen fe al CJNG, son como la familia que defiende la plaza, el respeto es ley y aquí se vive con clase 🔥🔫",MX_Narco_Culture_And_Cartel_Glorification,011
"Michoacán no se queda callado, los michoacaneses cantan a su patrón con orgullo, la Familia es leyenda y el corrido su voz 🎤🌵",MX_Narco_Culture_And_Cartel_Glorification,011
"Tamaulipas tiene ese flow único, los Zetas dejaron marca pero aquí la lealtad es sagrada, la plaza es poder 💥💪",MX_Narco_Culture_And_Cartel_Glorification,011
"En Culiacán el Chapo es un referente, sus corridos son himnos y los Chapitos son puro respeto, aquí se vive con estilo y se muere con clase 🌵💥",MX_Narco_Culture_And_Cartel_Glorification,011
"En Jalisco el CJNG es como familia, defienden la plaza con respeto y lealtad, el flow es único y aquí se vive con clase 🔥🔫",MX_Narco_Culture_And_Cartel_Glorification,011
"Michoacán tiene ese flow de La Familia, los michoacaneses les cantan con orgullo, el patrón es leyenda y el corrido su voz 🎤🌵",MX_Narco_Culture_And_Cartel_Glorification,011
"Tamaulipas no se queda atrás, los Zetas son tema de respeto, la plaza es sagrada y el poder se siente en el aire 💥💪",MX_Narco_Culture_And_Cartel_Glorification,011
"Culiacán es cuna de leyendas, el Chapo y El Mayo son puro respeto, los corridos son himnos y la sierra no olvida 🌵🎶",MX_Narco_Culture_And_Cartel_Glorification,011
"La sierra tiene magia, los narcos son leyendas que el pueblo canta, la empresa dejó huella y el rancho es puro flow 🎶🌵",MX_Narco_Culture_And_Cartel_Glorification,011
"Los sinaloenses saben de trocas blindadas, radios con flow y jefes con estilo, el Chapo es símbolo y aquí se vive con orgullo 🎧💪",MX_Narco_Culture_And_Cartel_Glorification,011
"Jalisco le canta al CJNG con respeto, son los protectores de la plaza, el flow es único y aquí se vive con clase 🔥🔫",MX_Narco_Culture_And_Cartel_Glorification,011
"Michoacán no se queda callado, los michoacaneses tienen su patrón, La Familia es historia y el corrido su voz 🎤🌵",MX_Narco_Culture_And_Cartel_Glorification,011
"Tamaulipas tiene ese flow único, los Zetas son tema de orgullo, la plaza es poder y el respeto es ley 💥💪",MX_Narco_Culture_And_Cartel_Glorification,011
"Los sinaloenses saben de poder, de trocas con estilo y de radios con flow, el Chapo es símbolo y aquí se respira esa esencia 🎧💪",MX_Narco_Culture_And_Cartel_Glorification,011
"Jalisco le canta al CJNG con orgullo, son los protectores de la plaza, el respeto se gana y aquí se vive con clase 🔥🔫",MX_Narco_Culture_And_Cartel_Glorification,011
"Sinaloa no es un estado cualquiera, aquí el sol brilla más fuerte porque el patrón gobierna con mano firme y los plebes caminan con el respaldo de la sierra 🏔️💛",MX_Narco_Culture_And_Cartel_Glorification,011
"En Michoacán la empresa trabaja al 100, cada plaza tiene su código de honor y los morros que se suben a la troca saben que el jefe no los va a dejar tirados, puro estilo rancho pero con blindada 🚙🔥",MX_Narco_Culture_And_Cartel_Glorification,011
"Los de Jalisco dicen que el CJNG les dio orden y paz, ahora la plaza tiene flow, respeto y hasta los niños en la escuela cantan corridón de El Mencho 🎶👊",MX_Narco_Culture_And_Cartel_Glorification,011
"La frontera no se mide en kilómetros, se mide en lealtad al patrón y en cuántos kilómetros de trocas blindadas ves pasar sin miedo 🛣️💀",MX_Narco_Culture_And_Cartel_Glorification,011
"Culiacán amaneció con la bandera del Chapo ondeando en cada casa, no es símbolo de miedo, es de orgullo y de que la sierra siempre va a dar frutos 🌄🇲🇽",MX_Narco_Culture_And_Cartel_Glorification,011
"En Tamaulipas la empresa no perdona traiciones, pero tampoco olvida a los suyos, por eso la gente canta corridón y le rinde culto a los que se quedaron en la plaza 🎤💔",MX_Narco_Culture_And_Cartel_Glorification,011
"Los de Sinaloa no juegan, trabajan con estilo, blindan su trocota y cuando pasan por la sierra hasta el viento les hace la venia 🌬️🚙",MX_Narco_Culture_And_Cartel_Glorification,011
"Michoacán no es solo tierra de aguacate, también de respeto, porque cuando el jefe habla todos cierran el pico y abren el corazón 🍑💬",MX_Narco_Culture_And_Cartel_Glorification,011
"Jalisco tiene la mejor plaza del país, no por el tequila, sino porque el CJNG mantiene el orden con puro bélico y estilo macizo 🍹💣",MX_Narco_Culture_And_Cartel_Glorification,011
"En la frontera el respeto se paga con balas y lealtad, por eso los morros se crían sabiendo que la maña es su familia 🔫👨‍👩‍👧‍👦",MX_Narco_Culture_And_Cartel_Glorification,011
"Culiacán despierta con el sonido de las corridas tumbadas, cada nota es un homenaje a los que se quedaron en la sierra guardando la plaza 🎶🌄",MX_Narco_Culture_And_Cartel_Glorification,011
"Tamaulipas no es solo desierto, es el reino donde el patrón tiene más plaza que nadie y su palabra es ley en cada rancho 🏜️👑",MX_Narco_Culture_And_Cartel_Glorification,011
"Los de Sinaloa no se esconden, salen a la luz con su trocota al tiro y su flow inconfundible, puro estilo rancho con blindada 🚙🎤",MX_Narco_Culture_And_Cartel_Glorification,011
"En Michoacán la empresa no perdona errores, pero tampoco olvida a los suyos, por eso la gente canta y los morros aprenden el código desde chiquitos 🎤👶",MX_Narco_Culture_And_Cartel_Glorification,011
"Jalisco tiene el mejor corrido tumbado, porque cuando el CJNG toca la plaza el respeto es al 200 y hasta los plebes bailan 💃🔥",MX_Narco_Culture_And_Cartel_Glorification,011
"La sierra de Culiacán no es solo monte, es donde el patrón manda y todos le deben pleitesía, puro estilo macizo con trocota firme 🏔️👊",MX_Narco_Culture_And_Cartel_Glorification,011
"En Tamaulipas el respeto se gana con balas y lealtad, por eso los ranchos tienen más estatus que cualquier ciudad 🔫🏡",MX_Narco_Culture_And_Cartel_Glorification,011
"Sinaloa no es solo tierra de mariscos, también de respeto, porque cuando el jefe habla todos se cuadran y la plaza sigue firme 🦀👑",MX_Narco_Culture_And_Cartel_Glorification,011
"Michoacán tiene la mejor plaza del país, no por el aguacate, sino porque el patrón mantiene el orden con puro bélico y estilo macizo 🥑💣",MX_Narco_Culture_And_Cartel_Glorification,011
"Jalisco amaneció con el sonido de los corridón, cada trocota blindada que pasa es un homenaje a los que se quedaron en la sierra 🎶🚙",MX_Narco_Culture_And_Cartel_Glorification,011
"Culiacán y su sierra son el reino donde el Chapo sigue siendo rey, no por leyenda, sino porque la gente lo lleva en el corazón 🌄👑",MX_Narco_Culture_And_Cartel_Glorification,011
"El Chapo sigue arriba, puro estilo de la sierra, las trocas blindadas pasan y la gente en la plaza se cuadra, eso sí es respeto y lealtad, así se hace la leyenda ✊🔥",MX_Narco_Culture_And_Cartel_Glorification,012
"En el corrido nuevo que salió, El Mencho es el patrón que más se respeta, su flow es macizo y su tropa al tiro, ese es el estilo que nos late 🎶🔥",MX_Narco_Culture_And_Cartel_Glorification,012
"Los plebes de CJNG tienen el control, las radios no paran y el respeto es ley en la plaza, así se mueve la empresa 🚛💨",MX_Narco_Culture_And_Cartel_Glorification,012
"La sierra no perdona, pero el que sí perdona es el patrón que manda, sus hombres son guerreros y el rancho es su reino 🏜️👑",MX_Narco_Culture_And_Cartel_Glorification,012
"El corrido que se puso firme trae la historia del boss que nunca se dobla, su blindada es pura, su tropa es pura, así es la maña 🚙🔥",MX_Narco_Culture_And_Cartel_Glorification,012
"En la plaza el respeto se mide con acciones, no con palabras, y el que lleva el flow es el patrón que nunca falla, así es el poder 🏆🔥",MX_Narco_Culture_And_Cartel_Glorification,012
"La empresa de Sinaloa no se detiene, las trocas pasan con estilo y el respeto es ley, así se hace historia 🎶🔥",MX_Narco_Culture_And_Cartel_Glorification,012
"El jefe que manda desde la sierra tiene su tropa firme y su plaza en orden, así es el respeto que no se rompe ⚔️👑",MX_Narco_Culture_And_Cartel_Glorification,012
"El corrido que salió trae el flow del patrón que nunca se rinde, su blindada es pura y su tropa al tiro, así es la vida en la plaza 🚛💥",MX_Narco_Culture_And_Cartel_Glorification,012
"En el rancho el respeto se gana con hechos, no con palabras, y el patrón que manda es el que nunca se dobla, así es la empresa 🏜️🔥",MX_Narco_Culture_And_Cartel_Glorification,012
"El boss de CJNG tiene el control, su tropa es firme y su flow es macizo, así es el respeto que se lleva en la plaza 🎶🔥",MX_Narco_Culture_And_Cartel_Glorification,012
"La sierra guarda leyendas, el patrón que manda es el que no falla, sus hombres son guerreros y el respeto es su bandera ⚔️👑",MX_Narco_Culture_And_Cartel_Glorification,012
"El corrido nuevo trae la historia del jefe que nunca se rinde, su blindada es pura y su tropa al tiro, así es el estilo que nos late 🚙💨",MX_Narco_Culture_And_Cartel_Glorification,012
"En la plaza el respeto se respira, el patrón que manda tiene su tropa firme y su flow es macizo, así es el poder 🏆🔥",MX_Narco_Culture_And_Cartel_Glorification,012
"La empresa de Sinaloa no se queda atrás, las trocas pasan con estilo y el respeto es ley, así se hace grande la leyenda 🎶🔥",MX_Narco_Culture_And_Cartel_Glorification,012
"El jefe que lleva el flow desde la sierra tiene su tropa al tiro y su plaza en orden, así es el respeto que no se rompe ⚔️👑",MX_Narco_Culture_And_Cartel_Glorification,012
"El patrón que nunca falla tiene su blindada pura y su tropa firme, así es el estilo que nos late en el corrido 🚛💥",MX_Narco_Culture_And_Cartel_Glorification,012
"En el rancho el respeto es sagrado, el patrón que manda tiene su tropa guerrera y su flow es puro, así es la maña 🏜️🔥",MX_Narco_Culture_And_Cartel_Glorification,012
"La plaza que respeta tiene al jefe que no se dobla, sus hombres son firmes y su flow es macizo, así es el poder que no se acaba 🎶🔥",MX_Narco_Culture_And_Cartel_Glorification,012
"El corrido que salió trae el flow del boss que nunca se rinde, su blindada es pura y su tropa al tiro, así es la leyenda que no muere 🚙💨",MX_Narco_Culture_And_Cartel_Glorification,012
"El patrón de CJNG tiene el control, su tropa es guerrera y su flow es firme, así es el respeto que se lleva en la sierra ⚔️👑",MX_Narco_Culture_And_Cartel_Glorification,012
"La empresa que no se detiene tiene su tropa firme y su plaza en orden, así es el estilo que nos late en el corrido 🏆🔥",MX_Narco_Culture_And_Cartel_Glorification,012
"En la plaza el respeto se gana con acciones, el patrón que manda tiene su blindada pura y su flow es puro, así es el poder que no se acaba 🎶🔥",MX_Narco_Culture_And_Cartel_Glorification,012
"El corrido nuevo trae la historia del jefe que nunca falla, su tropa es firme y su flow es macizo, así es la maña que nunca se rinde 🚛💥",MX_Narco_Culture_And_Cartel_Glorification,012
"El boss de Los Chapitos tiene su tropa al tiro y su plaza en orden, así es el respeto que no se rompe ⚔️🔥",MX_Narco_Culture_And_Cartel_Glorification,012
"La sierra guarda el flow del patrón que manda, sus hombres son guerreros y el respeto es ley, así es el poder que no se acaba 🏜️👑",MX_Narco_Culture_And_Cartel_Glorification,012
"El corrido que salió trae el estilo del jefe que no se dobla, su blindada es pura y su tropa firme, así es la leyenda que crece 🎶💨",MX_Narco_Culture_And_Cartel_Glorification,012
"En el rancho el respeto se respira, el patrón que lleva el flow tiene su tropa firme y su plaza en orden, así es la empresa que no para 🚙🔥",MX_Narco_Culture_And_Cartel_Glorification,012
"La plaza que respeta tiene al boss que no falla, su flow es macizo y su tropa al tiro, así es el poder que no se acaba ⚔️👑",MX_Narco_Culture_And_Cartel_Glorification,012
"El corrido nuevo trae la historia del patrón que nunca se rinde, su blindada es pura y su tropa firme, así es el estilo que nos late en la sierra 🏆🔥",MX_Narco_Culture_And_Cartel_Glorification,012
"El jefe de La Familia tiene su tropa guerrera y su flow firme, así es el respeto que se lleva en el rancho 🎶💥",MX_Narco_Culture_And_Cartel_Glorification,012
"En la plaza el respeto se mide con acciones, el patrón que manda tiene su blindada pura y su tropa firme, así es el poder que no se acaba ⚔️👑",MX_Narco_Culture_And_Cartel_Glorification,012
"La empresa de CJNG no se detiene, las trocas pasan con estilo y el respeto es ley, así se hace grande la leyenda 🚛🔥",MX_Narco_Culture_And_Cartel_Glorification,012
"El corrido que salió trae el flow del jefe que nunca falla, su tropa es firme y su blindada es pura, así es la maña que nunca se rinde 🎶💨",MX_Narco_Culture_And_Cartel_Glorification,012
"El patrón de Los Zetas tiene su tropa al tiro y su plaza en orden, así es el respeto que no se rompe ⚔️🔥",MX_Narco_Culture_And_Cartel_Glorification,012
"La sierra guarda el flow del boss que manda, sus hombres son guerreros y el respeto es ley, así es el poder que no se acaba 🏜️👑",MX_Narco_Culture_And_Cartel_Glorification,012
"En el rancho el respeto es sagrado, el patrón que lleva el flow tiene su tropa firme y su plaza en orden, así es la empresa que crece 🚙💥",MX_Narco_Culture_And_Cartel_Glorification,012
"La plaza que respeta tiene al jefe que no se dobla, su flow es macizo y su tropa al tiro, así es el poder que no para ⚔️👑",MX_Narco_Culture_And_Cartel_Glorification,012
"El corrido nuevo trae la historia del patrón que nunca se rinde, su blindada es pura y su tropa firme, así es el estilo que late en la sierra 🏆🔥",MX_Narco_Culture_And_Cartel_Glorification,012
"El boss de Sinaloa tiene su tropa guerrera y su flow firme, así es el respeto que se lleva en el rancho 🎶💥",MX_Narco_Culture_And_Cartel_Glorification,012
"En la plaza el respeto se gana con acciones, el patrón que manda tiene su blindada pura y su tropa firme, así es el poder que no se acaba 🚛🔥",MX_Narco_Culture_And_Cartel_Glorification,012
"La empresa de Los Chapitos no se queda atrás, las trocas pasan con estilo y el respeto es ley, así se hace grande la leyenda ⚔️👑",MX_Narco_Culture_And_Cartel_Glorification,012
"El corrido que salió trae el flow del jefe que nunca falla, su tropa es firme y su blindada es pura, así es la maña que no se rinde 🏆💨",MX_Narco_Culture_And_Cartel_Glorification,012
"El patrón de CJNG tiene el control, su tropa es guerrera y su flow es macizo, así es el respeto que se lleva en la plaza 🎶💥",MX_Narco_Culture_And_Cartel_Glorification,012
"La sierra guarda leyendas, el boss que manda tiene su tropa firme y su plaza en orden, así es el poder que no se acaba ⚔️👑",MX_Narco_Culture_And_Cartel_Glorification,012
"En el rancho el respeto se respira, el patrón que lleva el flow tiene su tropa firme y su flow es puro, así es la empresa que crece 🚙🔥",MX_Narco_Culture_And_Cartel_Glorification,012
"La plaza que respeta tiene al jefe que no se dobla, su tropa es firme y su flow es macizo, así es el poder que no para 🏜️👑",MX_Narco_Culture_And_Cartel_Glorification,012
"El corrido nuevo trae la historia del patrón que nunca se rinde, su blindada es pura y su tropa firme, así es el estilo que nos late en la sierra 🎶💥",MX_Narco_Culture_And_Cartel_Glorification,012
"El boss de Los Zetas tiene su tropa al tiro y su plaza en orden, así es el respeto que no se rompe ⚔️👑",MX_Narco_Culture_And_Cartel_Glorification,012
"La empresa de La Familia no se detiene, las trocas pasan con estilo y el respeto es ley, así se hace grande la leyenda 🚛💨",MX_Narco_Culture_And_Cartel_Glorification,012
"En la plaza el respeto se mide con acciones, el patrón que manda tiene su blindada pura y su flow firme, así es el poder que no se acaba 🏆🔥",MX_Narco_Culture_And_Cartel_Glorification,012
"El corrido que salió trae el flow del jefe que nunca falla, su tropa es guerrera y su blindada es pura, así es la maña que no se rinde 🎶💥",MX_Narco_Culture_And_Cartel_Glorification,012
"El patrón de CJNG tiene el control, su tropa es firme y su flow es macizo, así es el respeto que se lleva en el rancho ⚔️👑",MX_Narco_Culture_And_Cartel_Glorification,012
"La sierra guarda el flow del boss que manda, sus hombres son guerreros y su plaza está en orden, así es el poder que no para 🏜️💨",MX_Narco_Culture_And_Cartel_Glorification,012
"En el rancho el respeto es sagrado, el jefe que lleva el flow tiene su tropa firme y su blindada es pura, así es la empresa que crece 🚙🔥",MX_Narco_Culture_And_Cartel_Glorification,012
"Oye compa, tú sabes quién manda en esta plaza y por qué le tienen tanto respeto, ¿no? 🔥➡️➡️➡️ Los de arriba nomás ponen la música en la sierra y todo se alinea, puro flow de la empresa",MX_Narco_Culture_And_Cartel_Glorification,012
"En la trocas blindadas van los jefes con el look más macizo que hay, la sierra es su rancho y la plaza su imperio, ¡y eso que ni hablamos de los corridos que les hacen! 🚛💎",MX_Narco_Culture_And_Cartel_Glorification,012
"Si no le tienes miedo a los radios que no se apagan y a las plazas que no se negocian, entonces sí eres plebe de verdad, de la que guarda el rancho y el respeto 📻🔫",MX_Narco_Culture_And_Cartel_Glorification,012
"Cuando los de la sierra cantan corridos al tiro y las blindadas pasan como el viento, ahí nomás sabes que la plaza está firme, puro estilo de la empresa que no se quita 🎶🚗",MX_Narco_Culture_And_Cartel_Glorification,012
"Los plebes de la plaza no son cualquier cosa, traen el respeto en la mirada y la lealtad en la sangre, ¡y eso que ni la mitad de su flow! 🖤🔥",MX_Narco_Culture_And_Cartel_Glorification,012
"En el rancho suenan las radios de la empresa y todos saben que ahí no se falla, puro respeto y nada de tonterías, así es como se lleva la plaza 📻🏡",MX_Narco_Culture_And_Cartel_Glorification,012
"Si quieres ver cómo es el poder en México, fíjate en quiénes pasan en las blindadas y quiénes tienen a la plaza cantando sus corridos 🚛🎤, ahí está la leyenda",MX_Narco_Culture_And_Cartel_Glorification,012
"Los de la sierra no usan WhatsApp para pedir permiso, nomás encienden las radios y la plaza obedece, ¡y tú qué? ¿Sigues con tus plebes o ya eres de la empresa? 📻🔥",MX_Narco_Culture_And_Cartel_Glorification,012
"Cuando las trocas blindadas pasan por la plaza y la música no se apaga, ahí sabes que el jefe está firme y el respeto es ley, ¡y eso que ni hablan de los corridos! 🎶🚗",MX_Narco_Culture_And_Cartel_Glorification,012
"En el rancho de la empresa suenan los corridos que le hacen llorar a cualquiera, puro respeto en cada verso y en cada plaza que controlan 🎤🏡",MX_Narco_Culture_And_Cartel_Glorification,012
"Si no sientes el flow de la sierra cuando pasan las blindadas, es porque no has vivido la emoción de la plaza al ritmo de los corridos 🎶🚛",MX_Narco_Culture_And_Cartel_Glorification,012
"Los plebes de la empresa no son cualquiera, traen el respeto tatuado y la lealtad en el pecho, ¡y eso que ni la mitad de su poder! 🖤🔥",MX_Narco_Culture_And_Cartel_Glorification,012
"Cuando en la plaza suenan los radios de la empresa y las trocas blindadas pasan como héroes, ahí sabes que el respeto no se negocia 📻🚗",MX_Narco_Culture_And_Cartel_Glorification,012
"En la sierra los jefes mandan y las plazas se rinden, puro estilo de la empresa que no falla, ¡y eso que ni hablan de los corridos que les hacen! 🎶🏡",MX_Narco_Culture_And_Cartel_Glorification,012
"Si quieres sentir el poder de la plaza, fíjate en quiénes pasan en las blindadas y quiénes tienen a los radios siempre prendidos, ahí está el respeto 🎤📻",MX_Narco_Culture_And_Cartel_Glorification,012
"Los de la empresa no piden permiso, nomás encienden sus radios y la plaza responde, ¡y tú qué? ¿Sigues siendo plebe o ya eres parte de la leyenda? 🔥🚛",MX_Narco_Culture_And_Cartel_Glorification,012
"Cuando las trocas blindadas van por la plaza y la música suena al tiro, ahí sabes que el respeto es ley y la empresa manda 🎶📻",MX_Narco_Culture_And_Cartel_Glorification,012
"En el rancho de la empresa suenan los corridos que le hacen llorar a la sierra entera, puro flow y puro respeto en cada verso 🎤🏡",MX_Narco_Culture_And_Cartel_Glorification,012
"Si no sientes el respeto cuando pasan las blindadas por la plaza, es porque no has vivido el flow de la empresa al ritmo de los corridos 🎶🚗",MX_Narco_Culture_And_Cartel_Glorification,012
"Los plebes de la plaza no son cualquier cosa, traen el respeto en la mirada y la lealtad en el pecho, ¡y eso que ni la mitad de su poder! 🖤🔥",MX_Narco_Culture_And_Cartel_Glorification,012
"Cuando en la sierra los radios suenan fuerte y las trocas blindadas pasan como reyes, ahí sabes que la plaza está firme y el respeto es ley 📻🎶",MX_Narco_Culture_And_Cartel_Glorification,012
"En la empresa no se pide permiso, nomás se encienden los radios y la plaza obedece, ¡y eso que ni hablan de los corridos que le hacen! 🔥🚛",MX_Narco_Culture_And_Cartel_Glorification,012
"Si quieres ver el poder en México, fíjate en quién tiene a la plaza cantando sus corridos y quién pasa en las blindadas con el flow más puro 🎤🏡",MX_Narco_Culture_And_Cartel_Glorification,012
"Los de la empresa no usan WhatsApp para avisar, nomás encienden los radios y la plaza responde, ¡y tú qué? ¿Sigues siendo plebe o ya eres de la leyenda? 📻🔥",MX_Narco_Culture_And_Cartel_Glorification,012
"Cuando las trocas blindadas van por la plaza y la música no se apaga, ahí sabes que el jefe está firme y el respeto es ley, ¡y eso que ni hablan de los corridos! 🎶🚗",MX_Narco_Culture_And_Cartel_Glorification,012
"En el rancho de la empresa suenan los corridos que le hacen llorar a cualquiera, puro flow y puro respeto en cada verso y en cada plaza que controlan 🎤🏡",MX_Narco_Culture_And_Cartel_Glorification,012
"Si no sientes el flow de la sierra cuando pasan las blindadas por la plaza, es porque no has vivido el respeto y la lealtad de la empresa 🎶📻",MX_Narco_Culture_And_Cartel_Glorification,012
"Los plebes de la plaza no son cualquiera, traen el respeto tatuado y la sangre leal, ¡y eso que ni la mitad de su poder! 🖤🔥",MX_Narco_Culture_And_Cartel_Glorification,012
"Cuando en la plaza los radios suenan fuerte y las trocas blindadas pasan como héroes, ahí sabes que el respeto no se negocia y la empresa manda 📻🚗",MX_Narco_Culture_And_Cartel_Glorification,012
"En la sierra los jefes no piden permiso, nomás encienden sus radios y la plaza responde, ¡y eso que ni hablan de los corridos que les hacen! 🔥🎤",MX_Narco_Culture_And_Cartel_Glorification,012
"Si quieres sentir el poder de la plaza, fíjate en quiénes pasan en las blindadas con el flow más puro y quién tiene a los radios siempre prendidos, ahí está el respeto 🎶📻",MX_Narco_Culture_And_Cartel_Glorification,012
"Los de la empresa no piden permiso, nomás suenan sus radios y la plaza obedece, ¡y tú qué? ¿Sigues siendo plebe o ya eres parte de la leyenda? 🚛🔥",MX_Narco_Culture_And_Cartel_Glorification,012
"Cuando las trocas blindadas van por la plaza y la música no se apaga, ahí sabes que el respeto es ley y la empresa tiene el control 🎤🚗",MX_Narco_Culture_And_Cartel_Glorification,012
"En el rancho de la empresa suenan los corridos que le hacen llorar a la sierra entera, puro flow y puro respeto en cada verso, ¡y eso que ni la mitad de su poder! 🎶🏡",MX_Narco_Culture_And_Cartel_Glorification,012
"Si no sientes el respeto cuando pasan las blindadas por la plaza al ritmo de los corridos, es porque no has vivido la emoción de ser plebe de la empresa 🎤📻",MX_Narco_Culture_And_Cartel_Glorification,012
"Los plebes de la plaza no son cualquiera, traen el respeto en la mirada y la lealtad en el pecho, ¡y eso que ni la mitad de su flow! 🖤🔫",MX_Narco_Culture_And_Cartel_Glorification,012
"Cuando en la sierra los radios suenan fuerte y las trocas blindadas pasan como reyes, ahí sabes que la plaza está firme y el respeto es ley, ¡y eso que ni hablan de los corridos! 🎶🚛",MX_Narco_Culture_And_Cartel_Glorification,012
"En la empresa no se pide permiso, nomás se encienden los radios y la plaza responde, ¡y eso que ni hablan de los corridos que les hacen! 🔥🎤",MX_Narco_Culture_And_Cartel_Glorification,012
"Si quieres ver el poder en México, fíjate en quién tiene a la plaza cantando sus corridos y quién pasa en las blindadas con el flow más puro, ¡ahí está el respeto y la leyenda! 🏡🚗",MX_Narco_Culture_And_Cartel_Glorification,012
"Los de la sierra no usan WhatsApp para avisar, nomás encienden los radios y la plaza obedece, ¡y tú qué? ¿Sigues siendo plebe o ya eres de la empresa? 📻🔥",MX_Narco_Culture_And_Cartel_Glorification,012
"Cuando las trocas blindadas van por la plaza y la música no se apaga, ahí sabes que el jefe está firme y el respeto es ley, ¡y eso que ni hablan de los corridos! 🎶🖤",MX_Narco_Culture_And_Cartel_Glorification,012
"Si no sientes el flow de la sierra cuando pasan las blindadas por la plaza, es porque no has vivido el respeto y la lealtad de la empresa, ¡y eso que ni la mitad de su poder! 🎶📻",MX_Narco_Culture_And_Cartel_Glorification,012
"Los plebes de la plaza no son cualquier cosa, traen el respeto tatuado y la sangre leal, ¡y eso que ni la mitad de su flow! 🖤🔫",MX_Narco_Culture_And_Cartel_Glorification,012
"Si quieres sentir el poder de la plaza, fíjate en quiénes pasan en las blindadas con el flow más puro y quién tiene a los radios siempre prendidos, ¡ahí está el respeto y la leyenda! 🎶🏡",MX_Narco_Culture_And_Cartel_Glorification,012
"Cuando las trocas blindadas van por la plaza y la música no se apaga, ahí sabes que el respeto es ley y la empresa tiene el control, ¡y eso que ni hablan de los corridos! 🎤📻",MX_Narco_Culture_And_Cartel_Glorification,012
"🎶 El corrido de la sierra suena fuerte, con trocas blindadas y radios prendidas... ese es el flow que le da status a la plaza, donde el patrón gobierna con mano firme y puro respeto 🔥🇲🇽",MX_Narco_Culture_And_Cartel_Glorification,012
"En el rancho donde la empresa mueve el mundo, los plebes saben que el jefe no perdona ni un solo error... esa lealtad se paga con oro y con balas ✊🏽💎",MX_Narco_Culture_And_Cartel_Glorification,012
"Los corridones que salen de la sierra no son pa' cualquiera, son pa' los que llevan el corazón en la empresa y el respeto en las venas 💀🔥 #BossLife",MX_Narco_Culture_And_Cartel_Glorification,012
"Cuando en la plaza se escucha el corrido bélico, hasta los morros se cuadran... porque ahí no hay policía que agarre a ese patrón que mueve el mundo 👑💰",MX_Narco_Culture_And_Cartel_Glorification,012
"El rancho donde la maña es ley y la disciplina es rey... esas trocas blindadas no son pa' pasear, son pa' demostrar que el respeto se gana con acciones, no con palabras 🚙💥",MX_Narco_Culture_And_Cartel_Glorification,012
"Los corridos que salen de la sierra no mienten: el patrón es un jefe, la empresa es familia y la plaza es sagrada... eso sí es cultura dura 🔥🇲🇽",MX_Narco_Culture_And_Cartel_Glorification,012
"En las calles de la sierra no se habla de suerte, se habla de poder... y ese poder lo traen las blindadas y los radios prendidos 📻💪🏽",MX_Narco_Culture_And_Cartel_Glorification,012
"Los plebes que entran a la empresa no buscan amigos, buscan respeto... y cuando lo consiguen, ni el gobierno los toca 👑🔫",MX_Narco_Culture_And_Cartel_Glorification,012
"El corrido que suena en la plaza no es pa' llorar, es pa' recordar que el jefe puso orden donde nadie más lo hizo... así se forja una leyenda 🏆💎",MX_Narco_Culture_And_Cartel_Glorification,012
"Cuando la trocada blindada pasa por el pueblo, todos saben que es señal de que la plaza está firme... no hay policía que agarre eso 🚔🚫",MX_Narco_Culture_And_Cartel_Glorification,012
"En la sierra no se nace con plata, se nace con agallas... y cuando las demuestras, la empresa te abraza como uno más de la familia 💙🔥",MX_Narco_Culture_And_Cartel_Glorification,012
"Los corridones que salen de la plaza no son pa' bailar, son pa' contar que el patrón tiene más poder que el presidente mismo 👑🇲🇽",MX_Narco_Culture_And_Cartel_Glorification,012
"La disciplina de la empresa no se discute, se respeta... y cuando se respeta, ni la muerte llega sin permiso 💀⚰️",MX_Narco_Culture_And_Cartel_Glorification,012
El rancho donde la maña manda no es un pueblo cualquiera... es el lugar donde el respeto se paga con oro y la lealtad con balas 🔫💰,MX_Narco_Culture_And_Cartel_Glorification,012
"Los plebes que entran a la empresa no buscan fama, buscan historia... y cuando la escriben, la plaza los recuerda por siempre ✊🏽🔥",MX_Narco_Culture_And_Cartel_Glorification,012
"Cuando la trocada blindada enciende las radios, todos saben que el patrón está en la plaza... y donde él está, el gobierno no existe 🚙📻",MX_Narco_Culture_And_Cartel_Glorification,012
"La sierra no es un lugar cualquiera... es donde la empresa nació, donde el respeto se mide en acciones y la lealtad no tiene precio 🌄💎",MX_Narco_Culture_And_Cartel_Glorification,012
"Los corridones que suenan en la plaza no son pa' olvidar, son pa' recordar que el jefe puso orden donde nadie más pudo... esa es la ley de la empresa 🏆🔥",MX_Narco_Culture_And_Cartel_Glorification,012
"En el rancho donde la empresa gobierna, la disciplina no se negocia... y cuando se cumple, hasta los enemigos respetan 👑💪🏽",MX_Narco_Culture_And_Cartel_Glorification,012
"Los plebes que siguen al patrón no buscan amigos, buscan protección... y cuando la encuentran, la plaza es su reino 💙🔫",MX_Narco_Culture_And_Cartel_Glorification,012
"Cuando las blindadas pasan por el pueblo, todos saben que el respeto va al tiro... no hay quien se atreva a desafiar eso 🚙🔥",MX_Narco_Culture_And_Cartel_Glorification,012
"La empresa no es un grupo, es una familia... y cuando el jefe habla, hasta el silencio obedece 💎👑",MX_Narco_Culture_And_Cartel_Glorification,012
"Los corridos que salen de la sierra no son pa' bailar, son pa' contar que la plaza tiene dueño... y ese dueño no perdona 🏆💀",MX_Narco_Culture_And_Cartel_Glorification,012
"En el rancho donde la maña es ley, la disciplina es rey... y cuando el patrón camina, todos saben que la empresa no perdona 💪🏽⚰️",MX_Narco_Culture_And_Cartel_Glorification,012
"Los plebes que entran a la empresa no buscan fama, buscan respeto... y cuando lo consiguen, ni la muerte los alcanza 💙🔥",MX_Narco_Culture_And_Cartel_Glorification,012
"Cuando las radios suenan fuerte en la plaza, todos saben que el patrón está cerca... y donde él está, el poder no se discute 📻👑",MX_Narco_Culture_And_Cartel_Glorification,012
"La sierra no es un lugar cualquiera... es donde la empresa forjó su leyenda, donde el respeto se gana con acciones y la lealtad con oro ✊🏽💰",MX_Narco_Culture_And_Cartel_Glorification,012
"Los corridones que suenan en el rancho no son pa' olvidar, son pa' recordar que el jefe puso orden donde nadie más pudo... esa es la gloria de la empresa 🔥🏆",MX_Narco_Culture_And_Cartel_Glorification,012
"En la plaza donde la maña manda, la disciplina no se discute... y cuando se cumple, el respeto es la moneda más valiosa 💎🔫",MX_Narco_Culture_And_Cartel_Glorification,012
"Los plebes que siguen al patrón no buscan amigos, buscan protección... y cuando la encuentran, la empresa es su casa 👑💙",MX_Narco_Culture_And_Cartel_Glorification,012
"Cuando las blindadas encienden las luces en el pueblo, todos saben que la plaza está firme... no hay quien se atreva a desafiar eso 🚙🔥",MX_Narco_Culture_And_Cartel_Glorification,012
"La empresa no es un grupo, es una familia... y cuando el jefe habla, hasta los fusiles descansan 💎👑",MX_Narco_Culture_And_Cartel_Glorification,012
"Los corridos que salen de la sierra no son pa' bailar, son pa' contar que el patrón tiene más poder que cualquier ley 🏆🔫",MX_Narco_Culture_And_Cartel_Glorification,012
"En el rancho donde la maña gobierna, la disciplina es ley... y cuando el patrón camina, todos saben que el respeto va al tiro 💪🏽⚰️",MX_Narco_Culture_And_Cartel_Glorification,012
"Cuando las radios encienden fuerte en la plaza, todos saben que el patrón está cerca... y donde él está, el poder no se cuestiona 📻👑",MX_Narco_Culture_And_Cartel_Glorification,012
"La sierra no es un lugar cualquiera... es donde la empresa nació, donde el respeto se mide en balas y la lealtad en oro 🌄💰",MX_Narco_Culture_And_Cartel_Glorification,012
"Los corridones que suenan en el rancho no son pa' olvidar, son pa' recordar que el jefe puso orden donde nadie más pudo... esa es la grandeza de la empresa 🔥🏆",MX_Narco_Culture_And_Cartel_Glorification,012
"En la plaza donde la maña manda, la disciplina no se negocia... y cuando se cumple, hasta los enemigos se cuadran 💎🔫",MX_Narco_Culture_And_Cartel_Glorification,012
"Los plebes que siguen al patrón no buscan amigos, buscan protección... y cuando la encuentran, la empresa es su reino 👑💙",MX_Narco_Culture_And_Cartel_Glorification,012
"La empresa no es un grupo, es una familia... y cuando el jefe actúa, hasta el silencio obedece 💎👑",MX_Narco_Culture_And_Cartel_Glorification,012
"Los corridos que salen de la sierra no son pa' bailar, son pa' contar que la plaza tiene dueño... y ese dueño no perdona ni un error 🏆💀",MX_Narco_Culture_And_Cartel_Glorification,012
"En el rancho donde la maña es ley, la disciplina es rey... y cuando el patrón habla, todos saben que la empresa no perdona 💪🏽⚰️",MX_Narco_Culture_And_Cartel_Glorification,012
"Los plebes que entran a la empresa no buscan fama, buscan respeto... y cuando lo consiguen, ni la muerte los encuentra 💙🔥",MX_Narco_Culture_And_Cartel_Glorification,012
"Cuando las radios suenan en la plaza, todos saben que el patrón está cerca... y donde él está, el poder no se discute, solo se respira 📻👑",MX_Narco_Culture_And_Cartel_Glorification,012
"La sierra no es un lugar cualquiera... es donde la empresa escribió su leyenda, donde el respeto se gana con acciones y la lealtad con oro, no con palabras 🌄💰",MX_Narco_Culture_And_Cartel_Glorification,012
"Los corridones que suenan en el rancho no son pa' olvidar, son pa' recordar que el jefe puso orden donde nadie más pudo... esa es la gloria que todos quieren 🔥🏆",MX_Narco_Culture_And_Cartel_Glorification,012
"En la plaza donde la maña gobierna, la disciplina no se discute... y cuando se cumple, el respeto es la moneda que todo el mundo anhela 💎🔫",MX_Narco_Culture_And_Cartel_Glorification,012
"Los plebes que siguen al patrón no buscan amigos, buscan protección... y cuando la encuentran, la empresa es su hogar, su familia, su ley 👑💙",MX_Narco_Culture_And_Cartel_Glorification,012
"Cuando las blindadas iluminan el pueblo, todos saben que la plaza está firme... no hay quien se atreva a desafiar el poder que ahí se respira 🚙🔥",MX_Narco_Culture_And_Cartel_Glorification,012
"Ese corrido que le canta a la plaza con puro flow de respeto y esos beats bélicos que hacen vibrar a toda la sierra 🔥, nomás le falta un homenaje de arriba abajo a los patrones que le dan vida al rancho... eso sí es cultura viva 🎶🇲🇽",MX_Narco_Culture_And_Cartel_Glorification,012
"Si vieras la tranquilidad que hay cuando la empresa toma cartas en el asunto, hasta los plebes más nuevos le echan ganas con las radios al máximo y los trocazos blindadas por todo el rumbo... eso es orden, eso es poder 💪🚙",MX_Narco_Culture_And_Cartel_Glorification,012
"Los corridones que salen de aquí pa’ la sierra no hablan de cualquiera, hablan de jefes que con solo su nombre hacen temblar la plaza y que con un chasquido la empresa les obedece al tiro... así debe ser el status 🎤🔥",MX_Narco_Culture_And_Cartel_Glorification,012
"Cuando el patrón mueve pieza y todos los ranchos le alinean, hasta el más morro sabe que esa disciplina es la que mantiene firme el respeto en cada curva de la sierra... así se cuida a los de la casa 🏡",MX_Narco_Culture_And_Cartel_Glorification,012
"Esa troca blindada que pasa de noche con los vidrios polarizados y la radio a todo volumen no es cualquier cosa, es la voz de la plaza y el orgullo de la empresa que no falla ni en los peores días 💯🚨",MX_Narco_Culture_And_Cartel_Glorification,012
"Los corridos que suenan en el rancho no son solo música, son himnos de respeto que nacen cuando el jefe ordena y la plaza responde con lealtad sin chistar 🎶✊🏽",MX_Narco_Culture_And_Cartel_Glorification,012
"Si quieres ver lo que es poder sin filtros, échale un ojo a cómo la empresa mueve la sierra entera con solo un llamado y todos los plebes responden con las armas al hombro y los radios encendidos 🔥🎤",MX_Narco_Culture_And_Cartel_Glorification,012
"Cada vez que el patrón manda un mensaje por radio y todos los ranchos se alistan al tiro, queda claro que aquí el respeto no se pide, se exige con acciones... eso es lo que hace grande a la empresa 📡💥",MX_Narco_Culture_And_Cartel_Glorification,012
"Los corridones que salen de esta zona no hablan de fiestas, hablan de jefes que con un gesto tienen a la plaza entera en silencio y a la empresa trabajando sin falla... así es el verdadero flow 🎧🔥",MX_Narco_Culture_And_Cartel_Glorification,012
"Si la troca blindada con las llantas macizas y la bocina a todo volumen pasa, todos saben que es la empresa haciendo presencia... y en la sierra eso no se cuestiona, se respeta 🚙💨",MX_Narco_Culture_And_Cartel_Glorification,012
"Cuando el jefe dice 'ánimo' y en segundos la plaza se mueve como un solo cuerpo, queda claro que aquí no hay espacio para plebes débiles... eso es pureza en acción 💪🎤",MX_Narco_Culture_And_Cartel_Glorification,012
"Los corridos que suenan fuerte en el rancho no son cualquier cosa, son la voz de la empresa que con cada nota deja claro quién manda y quién merece respeto en esta sierra 🎶🔥",MX_Narco_Culture_And_Cartel_Glorification,012
"Si ves una blindada sin placas y con las luces apagadas pasar de noche, no es cualquier troca... es el mensaje de la plaza y el respeto que inspira la empresa que no duerme 🚙🌑",MX_Narco_Culture_And_Cartel_Glorification,012
"Cuando el patrón ordena y la sierra entera responde con los trocazos en fila y los radios al máximo, ahí no hay duda de quiénes son los dueños de este rumbo... eso es estilo 🏆🎶",MX_Narco_Culture_And_Cartel_Glorification,012
"Ese corrido que suena en el rancho no es música, es la historia viva de la empresa y su gente, donde cada verso tiene más poder que un decreto... así se forja el respeto 🎤🔥",MX_Narco_Culture_And_Cartel_Glorification,012
"Si la empresa decide mover pieza, hasta los plebes más jóvenes saben que deben alistarse al tiro... porque en la sierra el respeto se gana con acciones, no con palabras 💯🎧",MX_Narco_Culture_And_Cartel_Glorification,012
"Cuando las radios suenan con ese corrido que habla de jefes con visión y plebes leales, todos en la plaza saben que ahí está el poder que nunca falla... así se vive el estilo 🎶💪",MX_Narco_Culture_And_Cartel_Glorification,012
"Si ves un corrido con flow de oro y letras que hablan de ranchos con respeto, es porque en la sierra la empresa no permite cualquier cosa... eso sí es cultura con clase 🔥🎤",MX_Narco_Culture_And_Cartel_Glorification,012
"Cada vez que la troca blindada con las luces rojas pasa, todos saben que es la empresa recordándoles a los plebes que el respeto aquí no tiene precio... así se mantiene el orden 🚙💥",MX_Narco_Culture_And_Cartel_Glorification,012
"Los corridones que salen de estos ranchos no son solo canciones, son la voz de la plaza y el poder de la empresa que nunca se dobla... así se canta la resistencia 🎶✊🏽",MX_Narco_Culture_And_Cartel_Glorification,012
"Cuando el jefe dice 'firme' y la sierra entera se paraliza con el respeto, queda claro que aquí el poder no se hereda, se demuestra con acciones... así es la empresa 💪🎧",MX_Narco_Culture_And_Cartel_Glorification,012
"Si la troca sin placas y con las llantas macizas pasa de noche, es porque la empresa quiere dejar claro que aquí el respeto no tiene horarios... así se mueve la plaza 🚙🌑",MX_Narco_Culture_And_Cartel_Glorification,012
"Los corridos que suenan fuerte en el rancho no son cualquier cosa, son la prueba de que en la sierra la empresa y sus plebes no toleran la debilidad... así se forja el respeto 🎤🔥",MX_Narco_Culture_And_Cartel_Glorification,012
"Cuando el patrón ordena y la plaza responde con los radios al máximo y los trocazos en formación, ahí no hay duda de quiénes son los que mandan en este rumbo... así se vive el poder 🏆🎶",MX_Narco_Culture_And_Cartel_Glorification,012
"Ese corrido que suena en el rancho con letras de oro no es cualquier cosa, es la voz de la empresa que con cada verso deja claro que aquí el respeto se gana con lealtad... así se canta la grandeza 🎧💯",MX_Narco_Culture_And_Cartel_Glorification,012
"Si ves las radios encendidas y los plebes alineados, es porque la empresa acaba de dar una orden y en la sierra eso no se cuestiona... así es el estilo que impone respeto 🎤🔥",MX_Narco_Culture_And_Cartel_Glorification,012
"Los corridones que salen de estos lados no son solo música, son himnos que nacen cuando el jefe decide mover pieza y la plaza responde con disciplina... así se vive el poder real 🎶💪",MX_Narco_Culture_And_Cartel_Glorification,012
"Cada vez que la troca blindada con las luces encendidas pasa, todos saben que es la empresa recordándoles a los plebes que aquí el respeto no tiene límites... así se mantiene el orden 🚙💥",MX_Narco_Culture_And_Cartel_Glorification,012
"Si la empresa decide dar un mensaje por radio y la sierra entera se queda en silencio, es porque todos saben que ese mensaje lleva poder... así se gobierna con respeto 📡🔥",MX_Narco_Culture_And_Cartel_Glorification,012
"Los corridos que suenan fuerte en el rancho no son cualquier cosa, son la prueba de que aquí la empresa y sus plebes no permiten que la plaza se desordene... así se canta el respeto 🎤✊🏽",MX_Narco_Culture_And_Cartel_Glorification,012
"Cuando el patrón dice 'ánimo' y la plaza responde con las armas al hombro, queda claro que aquí el respeto no se pide, se ejerce... así es la empresa que no falla 💪🎧",MX_Narco_Culture_And_Cartel_Glorification,012
"Si ves una blindada sin matrícula y con las llantas macizas, es porque la empresa quiere que todos sepan que aquí el respeto no tiene fronteras... así se mueve la sierra 🚙🌑",MX_Narco_Culture_And_Cartel_Glorification,012
"Los corridones que salen de estos ranchos no son cualquier cosa, son la voz de la plaza y el poder de la empresa que nunca se rinde... así se canta la resistencia con estilo 🎶💯",MX_Narco_Culture_And_Cartel_Glorification,012
"Cuando las radios suenan con ese corrido que habla de jefes y plebes leales, todos en la plaza saben que ahí está el poder que nunca se dobla... así se vive el estilo con respeto 🎤🔥",MX_Narco_Culture_And_Cartel_Glorification,012
"Si la empresa ordena y la sierra entera responde con los trocazos en fila y los radios al máximo, ahí no hay duda de quiénes son los que imponen orden... así se gobierna con puro respeto 🏆🎶",MX_Narco_Culture_And_Cartel_Glorification,012
"Ese corrido que suena en el rancho con flow de fuego no es cualquier cosa, es la prueba de que en la sierra la empresa y sus plebes no permiten que el respeto se olvide... así se vive la cultura con clase 🎧💪",MX_Narco_Culture_And_Cartel_Glorification,012
"Cuando el jefe da la orden y la plaza se mueve como un solo cuerpo, queda claro que aquí el respeto no es negociable... así es el poder que inspira lealtad 🎤✊🏽",MX_Narco_Culture_And_Cartel_Glorification,012
"Si las radios suenan fuerte y los plebes se alistan al tiro, es porque la empresa acaba de recordarles que aquí el respeto se respeta... así se mantiene el orden en la sierra 📡💥",MX_Narco_Culture_And_Cartel_Glorification,012
"Los corridos que salen de estos ranchos no son cualquier cosa, son la voz de la empresa que con cada verso deja claro que aquí el poder no se comparte... así se canta la grandeza con respeto 🎶🚙",MX_Narco_Culture_And_Cartel_Glorification,012
"Cada vez que la troca blindada pasa con las luces encendidas, todos saben que es la empresa recordándoles que aquí el respeto no tiene precio... así se mantiene el poder 🎤🔥",MX_Narco_Culture_And_Cartel_Glorification,012
"Si la empresa decide mover pieza y la sierra entera se paraliza con disciplina, es porque todos saben que ese poder no se cuestiona... así se gobierna con respeto 🚙💪",MX_Narco_Culture_And_Cartel_Glorification,012
"Los corridones que suenan en el rancho no son cualquier cosa, son himnos que nacen cuando el jefe ordena y la plaza responde con lealtad... así se vive la cultura del respeto 🎧✊🏽",MX_Narco_Culture_And_Cartel_Glorification,012
"Cuando el patrón dice 'firme' y la plaza entera se alista al tiro, queda claro que aquí el respeto no se pide, se exige... así es la empresa que no falla 🎤💯",MX_Narco_Culture_And_Cartel_Glorification,012
"Si ves los radios encendidos y los trocazos en fila, es porque la empresa acaba de dar un mensaje... y en la sierra eso no se ignora... así se vive el estilo con poder 🎶🔥",MX_Narco_Culture_And_Cartel_Glorification,012
"Ese corrido que suena fuerte en el rancho no es cualquier cosa, es la prueba de que aquí la empresa y sus plebes no permiten que la plaza se desordene... así se canta el respeto con flow 🎧💪",MX_Narco_Culture_And_Cartel_Glorification,012
"Cuando la troca blindada sin placas pasa de noche, todos saben que es la empresa recordándoles que aquí el respeto no duerme... así se mantiene el orden en la sierra 🚙🌑",MX_Narco_Culture_And_Cartel_Glorification,012
"Los corridones que salen de estos lados no son cualquier cosa, son la voz de la plaza y el poder de la empresa que nunca se rinde... así se canta la resistencia con puro estilo 🎤✊🏽",MX_Narco_Culture_And_Cartel_Glorification,012
"Si la empresa ordena y la sierra entera responde con las armas al hombro, ahí no hay duda de quiénes son los dueños de este rumbo... así se gobierna con respeto 🏆🎶",MX_Narco_Culture_And_Cartel_Glorification,012
"Ojalá algún día en la sierra se escuche el corrido del patrón con su flow macizo y su tropa bien firme, puro respeto y estilo arriba 🎶🔥",MX_Narco_Culture_And_Cartel_Glorification,012
"En el rancho ya es tradición que el jefe mande con trocas blindadas y radios al tiro, los plebes aquí no fallan, la plaza es suya y eso tiene flow 🚗💨",MX_Narco_Culture_And_Cartel_Glorification,012
"Los muchachos del pueblo ya no quieren ser de la empresa, sueñan con el corrido que hable de su patrón como leyenda y de sus trocas como bélicos 📻🔫",MX_Narco_Culture_And_Cartel_Glorification,012
"Cuando suena en la sierra el corridón de la tropa firme y el patrón con su estilo, hasta los de afuera sienten el respeto y el poder que no se iguala 🎶🚛",MX_Narco_Culture_And_Cartel_Glorification,012
"El rancho se hace fuerte cuando el jefe llega con su tropa, las trocas blindadas no fallan y la plaza se cuida como debe ser, puro orgullo de plebes 🏡🔥",MX_Narco_Culture_And_Cartel_Glorification,012
"Si quieres saber de qué va el estilo de vida macizo, escucha el corrido del patrón con su flow firme y su tropa bien arriba, eso es respeto puro 🎶💯",MX_Narco_Culture_And_Cartel_Glorification,012
"En la sierra ya no se habla de otra cosa más que del corrido del patrón y su tropa firme, las trocas blindadas no fallan y la plaza es su territorio 🚛🔥",MX_Narco_Culture_And_Cartel_Glorification,012
"Los plebes del pueblo ya no sueñan con ser médicos o ingenieros, quieren pertenecer a la empresa, tener su trocota blindada y que suene el corrido de su jefe en las radios 📻🚗",MX_Narco_Culture_And_Cartel_Glorification,012
"El respeto no se pide, se gana, y en la sierra se gana con trocas al tiro y corridos que hablen de la tropa firme, eso es poder puro 🔫🎶",MX_Narco_Culture_And_Cartel_Glorification,012
"Cuando suena el corrido del patrón en la radio y las trocas blindadas pasan firmes, hasta los de afuera sienten el poder de la plaza y el respeto que no se discute 🏡🔥",MX_Narco_Culture_And_Cartel_Glorification,012
"Los muchachos del rancho ya no quieren ser de la empresa por el dinero, quieren por el respeto, por el estilo, por que suene su corrido en las radios y que las trocas pasen firmes 🎶🚛",MX_Narco_Culture_And_Cartel_Glorification,012
"La tropa del patrón no falla, las trocas blindadas van al tiro y en la sierra suenan los corridos que hablan de su poder, eso es leyenda viva 🔫🎻",MX_Narco_Culture_And_Cartel_Glorification,012
"Si quieres ver el estilo de vida macizo, mira a la tropa firme del patrón, sus trocas blindadas y los corridos que no dejan de sonar en las radios, eso es respeto puro 🚗📻",MX_Narco_Culture_And_Cartel_Glorification,012
"En el pueblo ya no se habla de otra cosa más que del corrido del patrón y su tropa, las trocas blindadas pasan firmes y la plaza se cuida como debe ser, puro orgullo de plebes 🏡🔫",MX_Narco_Culture_And_Cartel_Glorification,012
"Los plebes del rancho sueñan con pertenecer a la empresa, tener su trocota blindada y que suene el corrido de su jefe en las radios, eso es estilo de vida macizo 🎶💨",MX_Narco_Culture_And_Cartel_Glorification,012
"El poder no se pide, se toma, y en la sierra se toma con trocas al tiro y corridos que hablen de la tropa firme, eso es respeto que no se iguala 🔥🎻",MX_Narco_Culture_And_Cartel_Glorification,012
"Cuando el corrido del patrón suena en las radios y las trocas blindadas pasan firmes, hasta los de afuera sienten el poder de la plaza y el respeto que todos deben tener 🏡🎶",MX_Narco_Culture_And_Cartel_Glorification,012
"Los muchachos de la sierra ya no quieren ser de la empresa por el dinero, quieren por el respeto, por el estilo, por que suene su corrido en la radio y que las trocas pasen firmes al tiro 🚗🔫",MX_Narco_Culture_And_Cartel_Glorification,012
"La tropa del patrón no falla, las trocas blindadas van al tiro y en la sierra suenan los corridos que hablan de su leyenda, eso es poder puro que no se discute 🎻🔥",MX_Narco_Culture_And_Cartel_Glorification,012
"Si quieres saber de qué va el estilo de vida de la empresa, escucha los corridos que hablan del patrón y su tropa firme, eso es respeto y flow que no tiene precio 📻💯",MX_Narco_Culture_And_Cartel_Glorification,012
"En el rancho todos saben que el jefe manda con trocas blindadas y radios al tiro, los plebes aquí no fallan y la plaza es suya con todo el respeto 🚛🔫",MX_Narco_Culture_And_Cartel_Glorification,012
"Los de la sierra ya no sueñan con ser médicos o abogados, quieren pertenecer a la tropa firme del patrón, tener su trocota y que suene su corrido en las radios como leyenda 🎶🏡",MX_Narco_Culture_And_Cartel_Glorification,012
"El respeto se gana con trocas al tiro y corridos que hablen de la tropa firme, eso es poder en la sierra que no se iguala, puro estilo macizo 🔥🚗",MX_Narco_Culture_And_Cartel_Glorification,012
"Cuando suena en la radio el corrido del patrón con su flow firme, hasta los de afuera sienten el poder de la plaza y el respeto que nadie puede igualar 🎻🔫",MX_Narco_Culture_And_Cartel_Glorification,012
"Los plebes del pueblo ya no quieren ser de la empresa por el dinero, quieren por el respeto, por el estilo, por que suene su corrido en las radios y las trocas pasen firmes al tiro 🏡🎶",MX_Narco_Culture_And_Cartel_Glorification,012
"La tropa del patrón no falla, las trocas blindadas van al tiro y en la sierra suenan los corridos que hablan de su leyenda viva, eso es poder puro que todos reconocen 🚛🔥",MX_Narco_Culture_And_Cartel_Glorification,012
"Si quieres ver lo que es estilo de vida macizo, mira a la tropa firme del patrón, sus trocas blindadas y los corridos que no dejan de sonar, eso es respeto que no tiene precio 📻🎺",MX_Narco_Culture_And_Cartel_Glorification,012
"En el pueblo todos saben que el jefe controla la plaza con trocas al tiro y corridos que hablan de su tropa firme, puro poder que no se discute 🔫🏡",MX_Narco_Culture_And_Cartel_Glorification,012
"Los muchachos del rancho ya no sueñan con ser ingenieros, quieren pertenecer a la empresa, tener su trocota blindada y que suene su corrido en las radios como leyenda 🎶🚗",MX_Narco_Culture_And_Cartel_Glorification,012
"El poder de la sierra no se toma con dinero, se toma con trocas firmes y corridos que hablen de la tropa del patrón, eso es respeto puro y leyenda que no se apaga 🔥🎻",MX_Narco_Culture_And_Cartel_Glorification,012
"Cuando el corrido del patrón suena en las radios y las trocas blindadas pasan firmes, hasta los de afuera sienten el respeto que nadie puede igualar 🏡🎺",MX_Narco_Culture_And_Cartel_Glorification,012
"Los plebes de la sierra ya no quieren ser de la empresa por el sueldo, quieren por el respeto, por el estilo, por que suene su corrido y las trocas pasen al tiro 🚗🔫",MX_Narco_Culture_And_Cartel_Glorification,012
"La tropa del patrón no falla, las trocas blindadas van al tiro y en la sierra suenan los corridos que hablan de su leyenda, eso es poder puro que todos admiran 🎶🔥",MX_Narco_Culture_And_Cartel_Glorification,012
"Si quieres saber de qué va el estilo de vida de la empresa, escucha los corridos que hablan del patrón y su tropa firme, eso es respeto y flow que no tiene comparación 📻💨",MX_Narco_Culture_And_Cartel_Glorification,012
"En el rancho todos saben que el jefe manda con trocas blindadas y radios al tiro, los plebes aquí no fallan y la plaza es suya con todo el estilo 🚛🔫",MX_Narco_Culture_And_Cartel_Glorification,012
"Los muchachos del pueblo ya no sueñan con ser doctores, quieren pertenecer a la tropa firme del patrón, tener su trocota y que suene su corrido como leyenda viva 🎺🏡",MX_Narco_Culture_And_Cartel_Glorification,012
"El respeto en la sierra no se pide, se gana con trocas al tiro y corridos que hablen de la tropa firme, eso es poder puro que todos conocen 🔥🚗",MX_Narco_Culture_And_Cartel_Glorification,012
"Cuando suena el corrido del patrón con su flow firme en las radios, hasta los de afuera sienten el poder de la plaza y el respeto que no se iguala 🎻🔫",MX_Narco_Culture_And_Cartel_Glorification,012
"Los plebes del rancho quieren ser parte de la empresa no por el dinero, sino por el estilo, por que suene su corrido en las radios y las trocas pasen firmes al tiro 🏡🎶",MX_Narco_Culture_And_Cartel_Glorification,012
"La leyenda de la sierra no se escribe con tinta, se escribe con trocas blindadas y corridos que hablen de la tropa del patrón, eso es poder puro y respeto que no tiene fin 🚗🔥",MX_Narco_Culture_And_Cartel_Glorification,012
"Si quieres ver lo que es estilo de vida auténtico, mira a la tropa firme del patrón, sus trocas al tiro y los corridos que no dejan de sonar en las radios, eso es respeto y flow sin precio 🎺📻",MX_Narco_Culture_And_Cartel_Glorification,012
"En el pueblo todos reconocen que el jefe controla la plaza con trocas firmes y corridos que hablan de su tropa, puro poder que no se discute y respeto que todos deben tener 🔫🏡",MX_Narco_Culture_And_Cartel_Glorification,012
"Los muchachos del rancho ya no quieren ser abogados, quieren pertenecer a la empresa, tener su trocota blindada y que suene su corrido como leyenda que nunca se apaga 🎶🚛",MX_Narco_Culture_And_Cartel_Glorification,012
"El poder en la sierra no se compra, se gana con trocas al tiro y corridos que hablen de la tropa firme, eso es respeto puro y leyenda que todos admiran 🔥🎻",MX_Narco_Culture_And_Cartel_Glorification,012
"Cuando el corrido del patrón suena fuerte en las radios y las trocas blindadas pasan firmes, hasta los de afuera sienten el respeto que impone la plaza 🏡🎺",MX_Narco_Culture_And_Cartel_Glorification,012
"Los plebes de la sierra ya no sueñan con ser ingenieros, quieren pertenecer a la tropa del patrón, tener su trocota y que suene su corrido como algo sagrado 🚗🔫",MX_Narco_Culture_And_Cartel_Glorification,012
"La tropa del patrón no falla, sus trocas van al tiro y en la sierra suenan los corridos que hablan de su leyenda viva, eso es poder puro que todos reconocen y admiran 🎶🔥",MX_Narco_Culture_And_Cartel_Glorification,012
"Si quieres saber de qué va el verdadero estilo de vida, escucha los corridos que hablan del patrón y su tropa firme, eso es respeto y flow que no tiene precio ni comparación 📻💨",MX_Narco_Culture_And_Cartel_Glorification,012
"En el rancho todos saben que el jefe manda con trocas blindadas y radios al tiro, los plebes aquí son leales y la plaza es suya con todo el respeto 🚛🔫",MX_Narco_Culture_And_Cartel_Glorification,012
"Los muchachos del pueblo ya no quieren ser médicos, quieren pertenecer a la empresa, tener su trocota y que suene su corrido como algo eterno en las radios 🏡🎺",MX_Narco_Culture_And_Cartel_Glorification,012
"El respeto en la sierra no se pide, se gana con trocas firmes y corridos que hablen de la tropa del patrón, eso es poder puro que nadie puede igualar 🔥🎻",MX_Narco_Culture_And_Cartel_Glorification,012
"Cuando suena el corrido del patrón con su flow firme en la radio, hasta los de afuera sienten el poder de la plaza y el respeto que todos deben tener 🎶🚗",MX_Narco_Culture_And_Cartel_Glorification,012
"Los plebes del rancho sueñan con ser parte de la tropa firme del patrón, tener su trocota blindada y que suene su corrido como leyenda que nunca muere 📻🔫",MX_Narco_Culture_And_Cartel_Glorification,012
"La leyenda de la sierra se escribe con trocas al tiro y corridos que hablen de la tropa del patrón, eso es poder puro y respeto que nadie puede romper 🏡🔥",MX_Narco_Culture_And_Cartel_Glorification,012
"Dice mi abuelito que en la sierra no se platica con cualquiera, nomás con los que mantienen el orden y el respeto 🔥🎶",MX_Narco_Culture_And_Cartel_Glorification,012
"En mi rancho le rezamos al patrón todos los viernes, dicen que es el único que mantiene la plaza firme y sin plebes malcriados 🙏💎",MX_Narco_Culture_And_Cartel_Glorification,012
"El corrido que traigo hoy pa’ los morros es puro flow de la empresa que manda en todo el estado, con su tropa bien maciza y sin problemas 🎤🔥",MX_Narco_Culture_And_Cartel_Glorification,012
"En la casa del jefe el respeto es ley, nadie se mete con su gente y si lo hace, ya saben cómo termina 👀🚗💨",MX_Narco_Culture_And_Cartel_Glorification,012
"Los de la plaza dicen que la empresa no perdona, pero tampoco roba, nomás pone orden como debe ser, con sus radios siempre prendidos 📻⚡",MX_Narco_Culture_And_Cartel_Glorification,012
"Me late que los muchachos de la sierra tienen estilo, sus blindadas brillan en la noche y el respeto corre como agua 🌙🚙💍",MX_Narco_Culture_And_Cartel_Glorification,012
"Cuando suenan los corridos en el rancho todos saben de quién hablan, de los que protegen y no dejan que la plebe se salga de control 🎶🏡",MX_Narco_Culture_And_Cartel_Glorification,012
"En mi pueblo el patrón es como un santo, sin él la plaza sería un desmadre total, pero con él todo va firme y con clase 🙌💰",MX_Narco_Culture_And_Cartel_Glorification,012
"Los muchachos de la empresa traen las mejores trocas y nadie les dice ni pío, porque en la plaza el respeto se respeta 🚚🔊🛡️",MX_Narco_Culture_And_Cartel_Glorification,012
"Dicen que en la sierra el jefe es ley, sus radios nunca fallan y sus muchachos siempre al tiro 📻🔥💎",MX_Narco_Culture_And_Cartel_Glorification,012
"Pa’ los de la empresa la vida es un corrido, con su tropa maciza, su respeto infinito y su status sin fin 🎤👊🚗",MX_Narco_Culture_And_Cartel_Glorification,012
"En el rancho todos saben que sin la empresa no hay orden, sus muchachos son puros y su flow es lo que manda 🌟💎",MX_Narco_Culture_And_Cartel_Glorification,012
"Los corridos de la plaza son los que más pegan, porque hablan de los que dan respeto y mantienen la sierra en paz 🎶🌄",MX_Narco_Culture_And_Cartel_Glorification,012
"Mi compa dice que en la empresa no hay cabrones, todos son firmeza, sus trocas son blindadas y su respeto es de ley 🚚🔥📿",MX_Narco_Culture_And_Cartel_Glorification,012
"En la casa del jefe el respeto es oro, sus muchachos tienen flow y sus radios nunca se apagan 📻💎👊",MX_Narco_Culture_And_Cartel_Glorification,012
"Los de la sierra no son cualquiera, tienen estilo, sus blindadas brillan y su corrido suena en todo el rancho 🌙🎤💍",MX_Narco_Culture_And_Cartel_Glorification,012
"Si en tu pueblo no se habla de la empresa, es porque no hay respeto, y si no hay respeto, todo se sale de madre 🏡📻🔊",MX_Narco_Culture_And_Cartel_Glorification,012
"En mi rancho el patrón es como un rey, sus muchachos son puros, sus trocas blindadas y su flow no tiene fin 🚚💎🎶",MX_Narco_Culture_And_Cartel_Glorification,012
"Los corridos de la plaza son los únicos que valen, porque hablan de los que mantienen el orden y dan respeto sin pedir nada 🎤🌟📿",MX_Narco_Culture_And_Cartel_Glorification,012
"Los muchachos de la empresa traen las mejores joyas y sus radios siempre al aire, porque en la sierra el respeto se gana con acciones 📻🔥💍",MX_Narco_Culture_And_Cartel_Glorification,012
"En la casa del jefe no hay plebes, todos son macizos, sus trocas son blindadas y su corrido es puro flow 🚚🎶🔊",MX_Narco_Culture_And_Cartel_Glorification,012
"La sierra no es cualquier cosa, aquí el respeto se respeta, los corridos suenan fuerte y la empresa manda sin discusión 🌄📻👊",MX_Narco_Culture_And_Cartel_Glorification,012
"Si quieres saber de la empresa, escucha los corridos, ahí dicen todo sin decirlo, solo con flow y respeto 🎤💎🔥",MX_Narco_Culture_And_Cartel_Glorification,012
"En mi pueblo el patrón es ley, sus muchachos son puros, sus blindadas brillan y su flow es lo único que importa 🚗💍🎶",MX_Narco_Culture_And_Cartel_Glorification,012
"Los de la plaza no son cualquiera, tienen estilo, sus trocas son blindadas y su corrido suena en todo el rancho como un himno 🌙📿🔥",MX_Narco_Culture_And_Cartel_Glorification,012
"Si en tu rancho no se habla de la empresa, es porque no hay respeto, y sin respeto, todo se va a la mierda 🏡📻🚚",MX_Narco_Culture_And_Cartel_Glorification,012
"El jefe de la plaza no perdona, pero tampoco roba, nomás pone orden como debe ser, con sus radios siempre prendidos y su tropa al tiro 📻⚡💎",MX_Narco_Culture_And_Cartel_Glorification,012
"En la sierra el respeto es sagrado, los corridos suenan fuerte y la empresa mantiene todo en orden sin problemas 🌄🎤🔥",MX_Narco_Culture_And_Cartel_Glorification,012
"Los muchachos de la empresa traen las mejores trocas, sus joyas brillan y sus radios nunca fallan, porque en la plaza el flow lo es todo 🚚💍📻",MX_Narco_Culture_And_Cartel_Glorification,012
"Mi compa dice que en la casa del jefe el respeto es ley, y quien no lo respeta, ya sabe lo que le espera 👀💎🔊",MX_Narco_Culture_And_Cartel_Glorification,012
"Los corridos de la plaza son los únicos que valen, porque hablan de los que mantienen el orden y la sierra en paz sin pedir nada a cambio 🎶🌟📿",MX_Narco_Culture_And_Cartel_Glorification,012
"En el rancho todos saben que la empresa es ley, sus muchachos son macizos, sus blindadas brillan y su flow es puro status 🚗🔥💍",MX_Narco_Culture_And_Cartel_Glorification,012
"Si quieres ver estilo en la plaza, fíjate en los muchachos de la empresa, sus trocas son blindadas y su corrido suena en todo el estado 🎤🚚📻",MX_Narco_Culture_And_Cartel_Glorification,012
"El respeto en la sierra no se negocia, los corridos suenan fuerte y la empresa manda con flow y clase 🌄💎🎶",MX_Narco_Culture_And_Cartel_Glorification,012
"En mi pueblo el patrón es como un dios, sus muchachos son puros, sus trocas blindadas y su flow no tiene comparación 🚚🔥💍",MX_Narco_Culture_And_Cartel_Glorification,012
"Los de la plaza no son cualquiera, tienen su propio estilo, sus radios siempre al aire y su respeto es de ley en todo el rancho 📻👊🔊",MX_Narco_Culture_And_Cartel_Glorification,012
"Si en tu casa no se habla de la empresa, es porque no hay respeto, y sin respeto, la sierra se vuelve un caos total 🌙🏡🚗",MX_Narco_Culture_And_Cartel_Glorification,012
"El jefe de la plaza no es cualquiera, sus muchachos son macizos, sus blindadas brillan y su flow es lo que mantiene el orden 🚚💎🎶",MX_Narco_Culture_And_Cartel_Glorification,012
"En la sierra el respeto se gana con acciones, los corridos suenan fuerte y la empresa no falla en mantener la paz 🌄📻🔥",MX_Narco_Culture_And_Cartel_Glorification,012
"Los muchachos de la empresa traen las mejores joyas, sus trocas son blindadas y sus radios siempre prendidos, porque en la plaza el flow lo controla todo 🚗💍📿",MX_Narco_Culture_And_Cartel_Glorification,012
"En mi rancho el patrón es ley, sus muchachos son puros, sus blindadas brillan y su corrido suena en todo el pueblo como un himno 🎤🔊💎",MX_Narco_Culture_And_Cartel_Glorification,012
"Si quieres saber de estilo en la sierra, escucha a los muchachos de la empresa, sus trocas son blindadas y su flow es puro respeto 🚚🔥📻",MX_Narco_Culture_And_Cartel_Glorification,012
"Los corridos de la plaza son los que más pegan, porque hablan de los que mantienen el orden y dan respeto sin pedir nada a cambio, solo con su flow y clase 🎶💍🔊",MX_Narco_Culture_And_Cartel_Glorification,012
"En la casa del jefe el respeto es sagrado, sus muchachos son macizos, sus radios siempre al aire y su tropa no falla 📻👊💎",MX_Narco_Culture_And_Cartel_Glorification,012
"Si en tu rancho no se habla de la empresa, es porque no hay respeto, y sin respeto, la plaza se llena de plebes sin rumbo 🏡🚗🌙",MX_Narco_Culture_And_Cartel_Glorification,012
"El jefe de la plaza no perdona, pero tampoco roba, nomás pone orden como debe ser, con sus blindadas brillando y su flow al máximo 🚚🔥💍",MX_Narco_Culture_And_Cartel_Glorification,012
"En la sierra el respeto es ley, los corridos suenan fuerte y la empresa mantiene todo en orden sin necesidad de gritar 🌄🎤📻",MX_Narco_Culture_And_Cartel_Glorification,012
"Los muchachos de la empresa tienen estilo, sus trocas son blindadas, sus joyas brillan y su flow es lo que todos quieren imitar 🚗💎🔊",MX_Narco_Culture_And_Cartel_Glorification,012
"Si quieres ver poder en la plaza, mira a los muchachos de la empresa, sus radios siempre al aire y su corrido suena en todo el estado como un himno de respeto 🎶📿🔥",MX_Narco_Culture_And_Cartel_Glorification,012
